case_name,worker_count,well_count,timestamp,pid,worker_slot,axis_id,step_name,phase,status,percent,completed,total
ExampleYeastPatches,4,16,1791416559.573998,3205011,,,pipeline,compile,started,0.0,0,17
ExampleYeastPatches,4,16,1791416559.595504,3205011,,,,init,started,0.0,0,1
ExampleYeastPatches,4,16,1791416559.823852,3205011,,W001,compilation,compile,running,6.25,1,16
ExampleYeastPatches,4,16,1791416559.8520105,3205011,,W002,compilation,compile,running,12.5,2,16
ExampleYeastPatches,4,16,1791416559.8797588,3205011,,W003,compilation,compile,running,18.75,3,16
ExampleYeastPatches,4,16,1791416559.9074614,3205011,,W004,compilation,compile,running,25.0,4,16
ExampleYeastPatches,4,16,1791416559.9356196,3205011,,W005,compilation,compile,running,31.25,5,16
ExampleYeastPatches,4,16,1791416559.9645925,3205011,,W006,compilation,compile,running,37.5,6,16
ExampleYeastPatches,4,16,1791416559.9922867,3205011,,W007,compilation,compile,running,43.75,7,16
ExampleYeastPatches,4,16,1791416560.0200546,3205011,,W008,compilation,compile,running,50.0,8,16
ExampleYeastPatches,4,16,1791416560.0483203,3205011,,W009,compilation,compile,running,56.25,9,16
ExampleYeastPatches,4,16,1791416560.0764415,3205011,,W010,compilation,compile,running,62.5,10,16
ExampleYeastPatches,4,16,1791416560.1045382,3205011,,W011,compilation,compile,running,68.75,11,16
ExampleYeastPatches,4,16,1791416560.132681,3205011,,W012,compilation,compile,running,75.0,12,16
ExampleYeastPatches,4,16,1791416560.1603823,3205011,,W013,compilation,compile,running,81.25,13,16
ExampleYeastPatches,4,16,1791416560.1898062,3205011,,W014,compilation,compile,running,87.5,14,16
ExampleYeastPatches,4,16,1791416560.2183275,3205011,,W015,compilation,compile,running,93.75,15,16
ExampleYeastPatches,4,16,1791416560.2457037,3205011,,W016,compilation,compile,running,100.0,16,16
ExampleYeastPatches,4,16,1791416560.2678728,3205011,,,,init,started,0.0,0,1
ExampleYeastPatches,4,16,1791416560.26796,3205011,,,pipeline,compile,success,100.0,1,17
ExampleYeastPatches,4,16,1791416560.2680142,3205011,,W001,compilation,compile,success,100.0,1,1
ExampleYeastPatches,4,16,1791416560.2680435,3205011,,W002,compilation,compile,success,100.0,1,1
ExampleYeastPatches,4,16,1791416560.268069,3205011,,W003,compilation,compile,success,100.0,1,1
ExampleYeastPatches,4,16,1791416560.2680943,3205011,,W004,compilation,compile,success,100.0,1,1
ExampleYeastPatches,4,16,1791416560.2681186,3205011,,W005,compilation,compile,success,100.0,1,1
ExampleYeastPatches,4,16,1791416560.2681432,3205011,,W006,compilation,compile,success,100.0,1,1
ExampleYeastPatches,4,16,1791416560.2681677,3205011,,W007,compilation,compile,success,100.0,1,1
ExampleYeastPatches,4,16,1791416560.268193,3205011,,W008,compilation,compile,success,100.0,1,1
ExampleYeastPatches,4,16,1791416560.268217,3205011,,W009,compilation,compile,success,100.0,1,1
ExampleYeastPatches,4,16,1791416560.2682457,3205011,,W010,compilation,compile,success,100.0,1,1
ExampleYeastPatches,4,16,1791416560.2682781,3205011,,W011,compilation,compile,success,100.0,1,1
ExampleYeastPatches,4,16,1791416560.2683036,3205011,,W012,compilation,compile,success,100.0,1,1
ExampleYeastPatches,4,16,1791416560.268328,3205011,,W013,compilation,compile,success,100.0,1,1
ExampleYeastPatches,4,16,1791416560.268352,3205011,,W014,compilation,compile,success,100.0,1,1
ExampleYeastPatches,4,16,1791416560.2683756,3205011,,W015,compilation,compile,success,100.0,1,1
ExampleYeastPatches,4,16,1791416560.2683997,3205011,,W016,compilation,compile,success,100.0,1,1
ExampleYeastPatches,4,16,1791416560.3002377,3205011,,,,init,started,0.0,0,1
ExampleYeastPatches,4,16,1791416560.3260777,3210192,worker_0,W001,pipeline,axis_started,started,0.0,0,17
ExampleYeastPatches,4,16,1791416560.3313289,3210192,worker_0,W001,Crop,step_started,started,0.0,0,17
ExampleYeastPatches,4,16,1791416560.3399813,3210194,worker_1,W002,pipeline,axis_started,started,0.0,0,17
ExampleYeastPatches,4,16,1791416560.3457048,3210194,worker_1,W002,Crop,step_started,started,0.0,0,17
ExampleYeastPatches,4,16,1791416560.3565648,3210196,worker_2,W003,pipeline,axis_started,started,0.0,0,17
ExampleYeastPatches,4,16,1791416560.3689795,3210196,worker_2,W003,Crop,step_started,started,0.0,0,17
ExampleYeastPatches,4,16,1791416560.3883858,3210198,worker_3,W004,pipeline,axis_started,started,0.0,0,17
ExampleYeastPatches,4,16,1791416560.397945,3210198,worker_3,W004,Crop,step_started,started,0.0,0,17
ExampleYeastPatches,4,16,1791416560.4283783,3210192,worker_0,W001,Crop,pattern_group,running,100.0,1,1
ExampleYeastPatches,4,16,1791416560.4295697,3210192,worker_0,W001,Crop,step_completed,success,5.88235294117647,1,17
ExampleYeastPatches,4,16,1791416560.430044,3210192,worker_0,W001,ColorToGray,step_started,started,5.88235294117647,1,17
ExampleYeastPatches,4,16,1791416560.4515934,3210192,worker_0,W001,ColorToGray,pattern_group,running,100.0,1,1
ExampleYeastPatches,4,16,1791416560.4518065,3210192,worker_0,W001,ColorToGray,step_completed,success,11.76470588235294,2,17
ExampleYeastPatches,4,16,1791416560.4521468,3210192,worker_0,W001,CorrectIlluminationCalculate,step_started,started,11.76470588235294,2,17
ExampleYeastPatches,4,16,1791416560.4532,3210194,worker_1,W002,Crop,pattern_group,running,100.0,1,1
ExampleYeastPatches,4,16,1791416560.4546478,3210194,worker_1,W002,Crop,step_completed,success,5.88235294117647,1,17
ExampleYeastPatches,4,16,1791416560.4551346,3210194,worker_1,W002,ColorToGray,step_started,started,5.88235294117647,1,17
ExampleYeastPatches,4,16,1791416560.4790282,3210194,worker_1,W002,ColorToGray,pattern_group,running,100.0,1,1
ExampleYeastPatches,4,16,1791416560.4793158,3210194,worker_1,W002,ColorToGray,step_completed,success,11.76470588235294,2,17
ExampleYeastPatches,4,16,1791416560.4796464,3210194,worker_1,W002,CorrectIlluminationCalculate,step_started,started,11.76470588235294,2,17
ExampleYeastPatches,4,16,1791416560.522321,3210196,worker_2,W003,Crop,pattern_group,running,100.0,1,1
ExampleYeastPatches,4,16,1791416560.523375,3210196,worker_2,W003,Crop,step_completed,success,5.88235294117647,1,17
ExampleYeastPatches,4,16,1791416560.5240145,3210196,worker_2,W003,ColorToGray,step_started,started,5.88235294117647,1,17
ExampleYeastPatches,4,16,1791416560.548114,3210196,worker_2,W003,ColorToGray,pattern_group,running,100.0,1,1
ExampleYeastPatches,4,16,1791416560.548417,3210196,worker_2,W003,ColorToGray,step_completed,success,11.76470588235294,2,17
ExampleYeastPatches,4,16,1791416560.548782,3210196,worker_2,W003,CorrectIlluminationCalculate,step_started,started,11.76470588235294,2,17
ExampleYeastPatches,4,16,1791416560.604806,3210198,worker_3,W004,Crop,pattern_group,running,100.0,1,1
ExampleYeastPatches,4,16,1791416560.6059756,3210198,worker_3,W004,Crop,step_completed,success,5.88235294117647,1,17
ExampleYeastPatches,4,16,1791416560.6064498,3210198,worker_3,W004,ColorToGray,step_started,started,5.88235294117647,1,17
ExampleYeastPatches,4,16,1791416560.6207628,3210192,worker_0,W001,CorrectIlluminationCalculate,pattern_group,running,100.0,1,1
ExampleYeastPatches,4,16,1791416560.6210716,3210192,worker_0,W001,CorrectIlluminationCalculate,step_completed,success,17.647058823529413,3,17
ExampleYeastPatches,4,16,1791416560.6215932,3210192,worker_0,W001,CorrectIlluminationApply,step_started,started,17.647058823529413,3,17
ExampleYeastPatches,4,16,1791416560.633233,3210198,worker_3,W004,ColorToGray,pattern_group,running,100.0,1,1
ExampleYeastPatches,4,16,1791416560.6335373,3210198,worker_3,W004,ColorToGray,step_completed,success,11.76470588235294,2,17
ExampleYeastPatches,4,16,1791416560.6339161,3210198,worker_3,W004,CorrectIlluminationCalculate,step_started,started,11.76470588235294,2,17
ExampleYeastPatches,4,16,1791416560.65435,3210192,worker_0,W001,CorrectIlluminationApply,pattern_group,running,100.0,1,1
ExampleYeastPatches,4,16,1791416560.6545198,3210192,worker_0,W001,CorrectIlluminationApply,step_completed,success,23.52941176470588,4,17
ExampleYeastPatches,4,16,1791416560.656061,3210192,worker_0,W001,Closing,step_started,started,23.52941176470588,4,17
ExampleYeastPatches,4,16,1791416560.672602,3210194,worker_1,W002,CorrectIlluminationCalculate,pattern_group,running,100.0,1,1
ExampleYeastPatches,4,16,1791416560.6727664,3210194,worker_1,W002,CorrectIlluminationCalculate,step_completed,success,17.647058823529413,3,17
ExampleYeastPatches,4,16,1791416560.6730602,3210194,worker_1,W002,CorrectIlluminationApply,step_started,started,17.647058823529413,3,17
ExampleYeastPatches,4,16,1791416560.701623,3210194,worker_1,W002,CorrectIlluminationApply,pattern_group,running,100.0,1,1
ExampleYeastPatches,4,16,1791416560.7019644,3210194,worker_1,W002,CorrectIlluminationApply,step_completed,success,23.52941176470588,4,17
ExampleYeastPatches,4,16,1791416560.7046368,3210194,worker_1,W002,Closing,step_started,started,23.52941176470588,4,17
ExampleYeastPatches,4,16,1791416560.7614515,3210196,worker_2,W003,CorrectIlluminationCalculate,pattern_group,running,100.0,1,1
ExampleYeastPatches,4,16,1791416560.7618,3210196,worker_2,W003,CorrectIlluminationCalculate,step_completed,success,17.647058823529413,3,17
ExampleYeastPatches,4,16,1791416560.7621744,3210196,worker_2,W003,CorrectIlluminationApply,step_started,started,17.647058823529413,3,17
ExampleYeastPatches,4,16,1791416560.7683852,3210192,worker_0,W001,Closing,pattern_group,running,100.0,1,1
ExampleYeastPatches,4,16,1791416560.7686024,3210192,worker_0,W001,Closing,step_completed,success,29.411764705882355,5,17
ExampleYeastPatches,4,16,1791416560.7689087,3210192,worker_0,W001,IdentifyPrimaryObjects,step_started,started,29.411764705882355,5,17
ExampleYeastPatches,4,16,1791416560.789862,3210196,worker_2,W003,CorrectIlluminationApply,pattern_group,running,100.0,1,1
ExampleYeastPatches,4,16,1791416560.7901056,3210196,worker_2,W003,CorrectIlluminationApply,step_completed,success,23.52941176470588,4,17
ExampleYeastPatches,4,16,1791416560.791734,3210196,worker_2,W003,Closing,step_started,started,23.52941176470588,4,17
ExampleYeastPatches,4,16,1791416560.8197737,3210194,worker_1,W002,Closing,pattern_group,running,100.0,1,1
ExampleYeastPatches,4,16,1791416560.819979,3210194,worker_1,W002,Closing,step_completed,success,29.411764705882355,5,17
ExampleYeastPatches,4,16,1791416560.8202314,3210194,worker_1,W002,IdentifyPrimaryObjects,step_started,started,29.411764705882355,5,17
ExampleYeastPatches,4,16,1791416560.8674164,3210198,worker_3,W004,CorrectIlluminationCalculate,pattern_group,running,100.0,1,1
ExampleYeastPatches,4,16,1791416560.867604,3210198,worker_3,W004,CorrectIlluminationCalculate,step_completed,success,17.647058823529413,3,17
ExampleYeastPatches,4,16,1791416560.8678648,3210198,worker_3,W004,CorrectIlluminationApply,step_started,started,17.647058823529413,3,17
ExampleYeastPatches,4,16,1791416560.8919091,3210198,worker_3,W004,CorrectIlluminationApply,pattern_group,running,100.0,1,1
ExampleYeastPatches,4,16,1791416560.8921356,3210198,worker_3,W004,CorrectIlluminationApply,step_completed,success,23.52941176470588,4,17
ExampleYeastPatches,4,16,1791416560.8934748,3210198,worker_3,W004,Closing,step_started,started,23.52941176470588,4,17
ExampleYeastPatches,4,16,1791416560.9073887,3210196,worker_2,W003,Closing,pattern_group,running,100.0,1,1
ExampleYeastPatches,4,16,1791416560.90761,3210196,worker_2,W003,Closing,step_completed,success,29.411764705882355,5,17
ExampleYeastPatches,4,16,1791416560.9079154,3210196,worker_2,W003,IdentifyPrimaryObjects,step_started,started,29.411764705882355,5,17
ExampleYeastPatches,4,16,1791416560.9995098,3210198,worker_3,W004,Closing,pattern_group,running,100.0,1,1
ExampleYeastPatches,4,16,1791416560.9996626,3210198,worker_3,W004,Closing,step_completed,success,29.411764705882355,5,17
ExampleYeastPatches,4,16,1791416560.9999032,3210198,worker_3,W004,IdentifyPrimaryObjects,step_started,started,29.411764705882355,5,17
ExampleYeastPatches,4,16,1791416561.197085,3210192,worker_0,W001,IdentifyPrimaryObjects,pattern_group,running,100.0,1,1
ExampleYeastPatches,4,16,1791416561.1979058,3210192,worker_0,W001,IdentifyPrimaryObjects,step_completed,success,35.294117647058826,6,17
ExampleYeastPatches,4,16,1791416561.1985242,3210192,worker_0,W001,MeasureObjectSizeShape,step_started,started,35.294117647058826,6,17
ExampleYeastPatches,4,16,1791416561.250868,3210194,worker_1,W002,IdentifyPrimaryObjects,pattern_group,running,100.0,1,1
ExampleYeastPatches,4,16,1791416561.251605,3210194,worker_1,W002,IdentifyPrimaryObjects,step_completed,success,35.294117647058826,6,17
ExampleYeastPatches,4,16,1791416561.2521644,3210194,worker_1,W002,MeasureObjectSizeShape,step_started,started,35.294117647058826,6,17
ExampleYeastPatches,4,16,1791416561.3532233,3210192,worker_0,W001,MeasureObjectSizeShape,pattern_group,running,100.0,1,1
ExampleYeastPatches,4,16,1791416561.3544486,3210192,worker_0,W001,MeasureObjectSizeShape,step_completed,success,41.17647058823529,7,17
ExampleYeastPatches,4,16,1791416561.3547091,3210192,worker_0,W001,DisplayDataOnImage,step_started,started,41.17647058823529,7,17
ExampleYeastPatches,4,16,1791416561.403897,3210194,worker_1,W002,MeasureObjectSizeShape,pattern_group,running,100.0,1,1
ExampleYeastPatches,4,16,1791416561.4051623,3210194,worker_1,W002,MeasureObjectSizeShape,step_completed,success,41.17647058823529,7,17
ExampleYeastPatches,4,16,1791416561.4054434,3210194,worker_1,W002,DisplayDataOnImage,step_started,started,41.17647058823529,7,17
ExampleYeastPatches,4,16,1791416561.460959,3210198,worker_3,W004,IdentifyPrimaryObjects,pattern_group,running,100.0,1,1
ExampleYeastPatches,4,16,1791416561.461882,3210198,worker_3,W004,IdentifyPrimaryObjects,step_completed,success,35.294117647058826,6,17
ExampleYeastPatches,4,16,1791416561.4624338,3210198,worker_3,W004,MeasureObjectSizeShape,step_started,started,35.294117647058826,6,17
ExampleYeastPatches,4,16,1791416561.461827,3210196,worker_2,W003,IdentifyPrimaryObjects,pattern_group,running,100.0,1,1
ExampleYeastPatches,4,16,1791416561.4624991,3210196,worker_2,W003,IdentifyPrimaryObjects,step_completed,success,35.294117647058826,6,17
ExampleYeastPatches,4,16,1791416561.4630203,3210196,worker_2,W003,MeasureObjectSizeShape,step_started,started,35.294117647058826,6,17
ExampleYeastPatches,4,16,1791416561.4937725,3210194,worker_1,W002,DisplayDataOnImage,pattern_group,running,100.0,1,1
ExampleYeastPatches,4,16,1791416561.4943073,3210194,worker_1,W002,DisplayDataOnImage,step_completed,success,47.05882352941176,8,17
ExampleYeastPatches,4,16,1791416561.4947276,3210194,worker_1,W002,DisplayDataOnImage,step_started,started,47.05882352941176,8,17
ExampleYeastPatches,4,16,1791416561.5058541,3210192,worker_0,W001,DisplayDataOnImage,pattern_group,running,100.0,1,1
ExampleYeastPatches,4,16,1791416561.5061643,3210192,worker_0,W001,DisplayDataOnImage,step_completed,success,47.05882352941176,8,17
ExampleYeastPatches,4,16,1791416561.5067327,3210192,worker_0,W001,DisplayDataOnImage,step_started,started,47.05882352941176,8,17
ExampleYeastPatches,4,16,1791416561.5286765,3210194,worker_1,W002,DisplayDataOnImage,pattern_group,running,100.0,1,1
ExampleYeastPatches,4,16,1791416561.5288281,3210194,worker_1,W002,DisplayDataOnImage,step_completed,success,52.94117647058824,9,17
ExampleYeastPatches,4,16,1791416561.5291731,3210194,worker_1,W002,FilterObjects,step_started,started,52.94117647058824,9,17
ExampleYeastPatches,4,16,1791416561.5440922,3210192,worker_0,W001,DisplayDataOnImage,pattern_group,running,100.0,1,1
ExampleYeastPatches,4,16,1791416561.5442507,3210192,worker_0,W001,DisplayDataOnImage,step_completed,success,52.94117647058824,9,17
ExampleYeastPatches,4,16,1791416561.544614,3210192,worker_0,W001,FilterObjects,step_started,started,52.94117647058824,9,17
ExampleYeastPatches,4,16,1791416561.5627084,3210194,worker_1,W002,FilterObjects,pattern_group,running,100.0,1,1
ExampleYeastPatches,4,16,1791416561.5632346,3210194,worker_1,W002,FilterObjects,step_completed,success,58.82352941176471,10,17
ExampleYeastPatches,4,16,1791416561.563663,3210194,worker_1,W002,DefineGrid,step_started,started,58.82352941176471,10,17
ExampleYeastPatches,4,16,1791416561.5735,3210194,worker_1,W002,DefineGrid,pattern_group,running,100.0,1,1
ExampleYeastPatches,4,16,1791416561.5736637,3210194,worker_1,W002,DefineGrid,step_completed,success,64.70588235294117,11,17
ExampleYeastPatches,4,16,1791416561.574059,3210194,worker_1,W002,IdentifyObjectsInGrid,step_started,started,64.70588235294117,11,17
ExampleYeastPatches,4,16,1791416561.5781188,3210192,worker_0,W001,FilterObjects,pattern_group,running,100.0,1,1
ExampleYeastPatches,4,16,1791416561.5786002,3210192,worker_0,W001,FilterObjects,step_completed,success,58.82352941176471,10,17
ExampleYeastPatches,4,16,1791416561.5789845,3210192,worker_0,W001,DefineGrid,step_started,started,58.82352941176471,10,17
ExampleYeastPatches,4,16,1791416561.5895665,3210192,worker_0,W001,DefineGrid,pattern_group,running,100.0,1,1
ExampleYeastPatches,4,16,1791416561.589726,3210192,worker_0,W001,DefineGrid,step_completed,success,64.70588235294117,11,17
ExampleYeastPatches,4,16,1791416561.5901356,3210192,worker_0,W001,IdentifyObjectsInGrid,step_started,started,64.70588235294117,11,17
ExampleYeastPatches,4,16,1791416561.6180124,3210194,worker_1,W002,IdentifyObjectsInGrid,pattern_group,running,100.0,1,1
ExampleYeastPatches,4,16,1791416561.6186829,3210194,worker_1,W002,IdentifyObjectsInGrid,step_completed,success,70.58823529411765,12,17
ExampleYeastPatches,4,16,1791416561.6191359,3210194,worker_1,W002,MeasureObjectIntensity,step_started,started,70.58823529411765,12,17
ExampleYeastPatches,4,16,1791416561.6205745,3210196,worker_2,W003,MeasureObjectSizeShape,pattern_group,running,100.0,1,1
ExampleYeastPatches,4,16,1791416561.6219342,3210196,worker_2,W003,MeasureObjectSizeShape,step_completed,success,41.17647058823529,7,17
ExampleYeastPatches,4,16,1791416561.6222262,3210196,worker_2,W003,DisplayDataOnImage,step_started,started,41.17647058823529,7,17
ExampleYeastPatches,4,16,1791416561.6237242,3210198,worker_3,W004,MeasureObjectSizeShape,pattern_group,running,100.0,1,1
ExampleYeastPatches,4,16,1791416561.625123,3210198,worker_3,W004,MeasureObjectSizeShape,step_completed,success,41.17647058823529,7,17
ExampleYeastPatches,4,16,1791416561.6255362,3210198,worker_3,W004,DisplayDataOnImage,step_started,started,41.17647058823529,7,17
ExampleYeastPatches,4,16,1791416561.645397,3210192,worker_0,W001,IdentifyObjectsInGrid,pattern_group,running,100.0,1,1
ExampleYeastPatches,4,16,1791416561.646309,3210192,worker_0,W001,IdentifyObjectsInGrid,step_completed,success,70.58823529411765,12,17
ExampleYeastPatches,4,16,1791416561.6468217,3210192,worker_0,W001,MeasureObjectIntensity,step_started,started,70.58823529411765,12,17
ExampleYeastPatches,4,16,1791416561.7020473,3210196,worker_2,W003,DisplayDataOnImage,pattern_group,running,100.0,1,1
ExampleYeastPatches,4,16,1791416561.702258,3210196,worker_2,W003,DisplayDataOnImage,step_completed,success,47.05882352941176,8,17
ExampleYeastPatches,4,16,1791416561.7026312,3210196,worker_2,W003,DisplayDataOnImage,step_started,started,47.05882352941176,8,17
ExampleYeastPatches,4,16,1791416561.7193735,3210194,worker_1,W002,MeasureObjectIntensity,pattern_group,running,100.0,1,1
ExampleYeastPatches,4,16,1791416561.7204435,3210194,worker_1,W002,MeasureObjectIntensity,step_completed,success,76.47058823529412,13,17
ExampleYeastPatches,4,16,1791416561.7209642,3210194,worker_1,W002,OverlayOutlines,step_started,started,76.47058823529412,13,17
ExampleYeastPatches,4,16,1791416561.7463708,3210198,worker_3,W004,DisplayDataOnImage,pattern_group,running,100.0,1,1
ExampleYeastPatches,4,16,1791416561.7466264,3210198,worker_3,W004,DisplayDataOnImage,step_completed,success,47.05882352941176,8,17
ExampleYeastPatches,4,16,1791416561.7470047,3210198,worker_3,W004,DisplayDataOnImage,step_started,started,47.05882352941176,8,17
ExampleYeastPatches,4,16,1791416561.7495334,3210196,worker_2,W003,DisplayDataOnImage,pattern_group,running,100.0,1,1
ExampleYeastPatches,4,16,1791416561.7499719,3210196,worker_2,W003,DisplayDataOnImage,step_completed,success,52.94117647058824,9,17
ExampleYeastPatches,4,16,1791416561.7503443,3210196,worker_2,W003,FilterObjects,step_started,started,52.94117647058824,9,17
ExampleYeastPatches,4,16,1791416561.7541802,3210192,worker_0,W001,MeasureObjectIntensity,pattern_group,running,100.0,1,1
ExampleYeastPatches,4,16,1791416561.7553022,3210192,worker_0,W001,MeasureObjectIntensity,step_completed,success,76.47058823529412,13,17
ExampleYeastPatches,4,16,1791416561.7560117,3210192,worker_0,W001,OverlayOutlines,step_started,started,76.47058823529412,13,17
ExampleYeastPatches,4,16,1791416561.768458,3210194,worker_1,W002,OverlayOutlines,pattern_group,running,100.0,1,1
ExampleYeastPatches,4,16,1791416561.7687418,3210194,worker_1,W002,OverlayOutlines,step_completed,success,82.35294117647058,14,17
ExampleYeastPatches,4,16,1791416561.769241,3210194,worker_1,W002,OverlayOutlines,step_started,started,82.35294117647058,14,17
ExampleYeastPatches,4,16,1791416561.792653,3210198,worker_3,W004,DisplayDataOnImage,pattern_group,running,100.0,1,1
ExampleYeastPatches,4,16,1791416561.7928164,3210198,worker_3,W004,DisplayDataOnImage,step_completed,success,52.94117647058824,9,17
ExampleYeastPatches,4,16,1791416561.7931776,3210198,worker_3,W004,FilterObjects,step_started,started,52.94117647058824,9,17
ExampleYeastPatches,4,16,1791416561.7962554,3210196,worker_2,W003,FilterObjects,pattern_group,running,100.0,1,1
ExampleYeastPatches,4,16,1791416561.7969618,3210196,worker_2,W003,FilterObjects,step_completed,success,58.82352941176471,10,17
ExampleYeastPatches,4,16,1791416561.7973778,3210196,worker_2,W003,DefineGrid,step_started,started,58.82352941176471,10,17
ExampleYeastPatches,4,16,1791416561.8060324,3210192,worker_0,W001,OverlayOutlines,pattern_group,running,100.0,1,1
ExampleYeastPatches,4,16,1791416561.8063388,3210192,worker_0,W001,OverlayOutlines,step_completed,success,82.35294117647058,14,17
ExampleYeastPatches,4,16,1791416561.8068357,3210192,worker_0,W001,OverlayOutlines,step_started,started,82.35294117647058,14,17
ExampleYeastPatches,4,16,1791416561.8105805,3210196,worker_2,W003,DefineGrid,pattern_group,running,100.0,1,1
ExampleYeastPatches,4,16,1791416561.8108487,3210196,worker_2,W003,DefineGrid,step_completed,success,64.70588235294117,11,17
ExampleYeastPatches,4,16,1791416561.8113499,3210196,worker_2,W003,IdentifyObjectsInGrid,step_started,started,64.70588235294117,11,17
ExampleYeastPatches,4,16,1791416561.8140442,3210194,worker_1,W002,OverlayOutlines,pattern_group,running,100.0,1,1
ExampleYeastPatches,4,16,1791416561.8142896,3210194,worker_1,W002,OverlayOutlines,step_completed,success,88.23529411764706,15,17
ExampleYeastPatches,4,16,1791416561.814845,3210194,worker_1,W002,SaveImages,step_started,started,88.23529411764706,15,17
ExampleYeastPatches,4,16,1791416561.8323467,3210198,worker_3,W004,FilterObjects,pattern_group,running,100.0,1,1
ExampleYeastPatches,4,16,1791416561.8328643,3210198,worker_3,W004,FilterObjects,step_completed,success,58.82352941176471,10,17
ExampleYeastPatches,4,16,1791416561.8332782,3210198,worker_3,W004,DefineGrid,step_started,started,58.82352941176471,10,17
ExampleYeastPatches,4,16,1791416561.844621,3210198,worker_3,W004,DefineGrid,pattern_group,running,100.0,1,1
ExampleYeastPatches,4,16,1791416561.844815,3210198,worker_3,W004,DefineGrid,step_completed,success,64.70588235294117,11,17
ExampleYeastPatches,4,16,1791416561.845236,3210198,worker_3,W004,IdentifyObjectsInGrid,step_started,started,64.70588235294117,11,17
ExampleYeastPatches,4,16,1791416561.847739,3210192,worker_0,W001,OverlayOutlines,pattern_group,running,100.0,1,1
ExampleYeastPatches,4,16,1791416561.8480074,3210192,worker_0,W001,OverlayOutlines,step_completed,success,88.23529411764706,15,17
ExampleYeastPatches,4,16,1791416561.8485956,3210192,worker_0,W001,SaveImages,step_started,started,88.23529411764706,15,17
ExampleYeastPatches,4,16,1791416561.8679569,3210196,worker_2,W003,IdentifyObjectsInGrid,pattern_group,running,100.0,1,1
ExampleYeastPatches,4,16,1791416561.8685873,3210196,worker_2,W003,IdentifyObjectsInGrid,step_completed,success,70.58823529411765,12,17
ExampleYeastPatches,4,16,1791416561.8690622,3210196,worker_2,W003,MeasureObjectIntensity,step_started,started,70.58823529411765,12,17
ExampleYeastPatches,4,16,1791416561.884311,3210194,worker_1,W002,SaveImages,pattern_group,running,100.0,1,1
ExampleYeastPatches,4,16,1791416561.902236,3210198,worker_3,W004,IdentifyObjectsInGrid,pattern_group,running,100.0,1,1
ExampleYeastPatches,4,16,1791416561.9028633,3210198,worker_3,W004,IdentifyObjectsInGrid,step_completed,success,70.58823529411765,12,17
ExampleYeastPatches,4,16,1791416561.9033144,3210198,worker_3,W004,MeasureObjectIntensity,step_started,started,70.58823529411765,12,17
ExampleYeastPatches,4,16,1791416561.912429,3210192,worker_0,W001,SaveImages,pattern_group,running,100.0,1,1
ExampleYeastPatches,4,16,1791416561.969874,3210196,worker_2,W003,MeasureObjectIntensity,pattern_group,running,100.0,1,1
ExampleYeastPatches,4,16,1791416561.9707787,3210196,worker_2,W003,MeasureObjectIntensity,step_completed,success,76.47058823529412,13,17
ExampleYeastPatches,4,16,1791416561.9712236,3210196,worker_2,W003,OverlayOutlines,step_started,started,76.47058823529412,13,17
ExampleYeastPatches,4,16,1791416561.994414,3210198,worker_3,W004,MeasureObjectIntensity,pattern_group,running,100.0,1,1
ExampleYeastPatches,4,16,1791416561.9953296,3210198,worker_3,W004,MeasureObjectIntensity,step_completed,success,76.47058823529412,13,17
ExampleYeastPatches,4,16,1791416561.9957776,3210198,worker_3,W004,OverlayOutlines,step_started,started,76.47058823529412,13,17
ExampleYeastPatches,4,16,1791416562.0071576,3210196,worker_2,W003,OverlayOutlines,pattern_group,running,100.0,1,1
ExampleYeastPatches,4,16,1791416562.0074604,3210196,worker_2,W003,OverlayOutlines,step_completed,success,82.35294117647058,14,17
ExampleYeastPatches,4,16,1791416562.0079496,3210196,worker_2,W003,OverlayOutlines,step_started,started,82.35294117647058,14,17
ExampleYeastPatches,4,16,1791416562.0234659,3210194,worker_1,W002,SaveImages,step_completed,success,94.11764705882352,16,17
ExampleYeastPatches,4,16,1791416562.0247574,3210194,worker_1,W002,pipeline,axis_completed,success,94.11764705882352,16,17
ExampleYeastPatches,4,16,1791416562.0249119,3210194,worker_1,W006,pipeline,axis_started,started,0.0,0,17
ExampleYeastPatches,4,16,1791416562.0278583,3210194,worker_1,W006,Crop,step_started,started,0.0,0,17
ExampleYeastPatches,4,16,1791416562.0305166,3210198,worker_3,W004,OverlayOutlines,pattern_group,running,100.0,1,1
ExampleYeastPatches,4,16,1791416562.0307028,3210198,worker_3,W004,OverlayOutlines,step_completed,success,82.35294117647058,14,17
ExampleYeastPatches,4,16,1791416562.031135,3210198,worker_3,W004,OverlayOutlines,step_started,started,82.35294117647058,14,17
ExampleYeastPatches,4,16,1791416562.0409138,3210196,worker_2,W003,OverlayOutlines,pattern_group,running,100.0,1,1
ExampleYeastPatches,4,16,1791416562.0412297,3210196,worker_2,W003,OverlayOutlines,step_completed,success,88.23529411764706,15,17
ExampleYeastPatches,4,16,1791416562.0419064,3210196,worker_2,W003,SaveImages,step_started,started,88.23529411764706,15,17
ExampleYeastPatches,4,16,1791416562.0505013,3210192,worker_0,W001,SaveImages,step_completed,success,94.11764705882352,16,17
ExampleYeastPatches,4,16,1791416562.0522587,3210192,worker_0,W001,pipeline,axis_completed,success,94.11764705882352,16,17
ExampleYeastPatches,4,16,1791416562.052589,3210192,worker_0,W005,pipeline,axis_started,started,0.0,0,17
ExampleYeastPatches,4,16,1791416562.057751,3210192,worker_0,W005,Crop,step_started,started,0.0,0,17
ExampleYeastPatches,4,16,1791416562.0664608,3210198,worker_3,W004,OverlayOutlines,pattern_group,running,100.0,1,1
ExampleYeastPatches,4,16,1791416562.066697,3210198,worker_3,W004,OverlayOutlines,step_completed,success,88.23529411764706,15,17
ExampleYeastPatches,4,16,1791416562.0672534,3210198,worker_3,W004,SaveImages,step_started,started,88.23529411764706,15,17
ExampleYeastPatches,4,16,1791416562.1030931,3210194,worker_1,W006,Crop,pattern_group,running,100.0,1,1
ExampleYeastPatches,4,16,1791416562.1033604,3210194,worker_1,W006,Crop,step_completed,success,5.88235294117647,1,17
ExampleYeastPatches,4,16,1791416562.103666,3210194,worker_1,W006,ColorToGray,step_started,started,5.88235294117647,1,17
ExampleYeastPatches,4,16,1791416562.104036,3210196,worker_2,W003,SaveImages,pattern_group,running,100.0,1,1
ExampleYeastPatches,4,16,1791416562.1221795,3210194,worker_1,W006,ColorToGray,pattern_group,running,100.0,1,1
ExampleYeastPatches,4,16,1791416562.122359,3210194,worker_1,W006,ColorToGray,step_completed,success,11.76470588235294,2,17
ExampleYeastPatches,4,16,1791416562.1226552,3210194,worker_1,W006,CorrectIlluminationCalculate,step_started,started,11.76470588235294,2,17
ExampleYeastPatches,4,16,1791416562.1301043,3210192,worker_0,W005,Crop,pattern_group,running,100.0,1,1
ExampleYeastPatches,4,16,1791416562.1303897,3210192,worker_0,W005,Crop,step_completed,success,5.88235294117647,1,17
ExampleYeastPatches,4,16,1791416562.130692,3210192,worker_0,W005,ColorToGray,step_started,started,5.88235294117647,1,17
ExampleYeastPatches,4,16,1791416562.1294687,3210198,worker_3,W004,SaveImages,pattern_group,running,100.0,1,1
ExampleYeastPatches,4,16,1791416562.147536,3210192,worker_0,W005,ColorToGray,pattern_group,running,100.0,1,1
ExampleYeastPatches,4,16,1791416562.1477635,3210192,worker_0,W005,ColorToGray,step_completed,success,11.76470588235294,2,17
ExampleYeastPatches,4,16,1791416562.148097,3210192,worker_0,W005,CorrectIlluminationCalculate,step_started,started,11.76470588235294,2,17
ExampleYeastPatches,4,16,1791416562.2389216,3210196,worker_2,W003,SaveImages,step_completed,success,94.11764705882352,16,17
ExampleYeastPatches,4,16,1791416562.2405128,3210196,worker_2,W003,pipeline,axis_completed,success,94.11764705882352,16,17
ExampleYeastPatches,4,16,1791416562.2406585,3210196,worker_2,W007,pipeline,axis_started,started,0.0,0,17
ExampleYeastPatches,4,16,1791416562.2439604,3210196,worker_2,W007,Crop,step_started,started,0.0,0,17
ExampleYeastPatches,4,16,1791416562.2458062,3210194,worker_1,W006,CorrectIlluminationCalculate,pattern_group,running,100.0,1,1
ExampleYeastPatches,4,16,1791416562.2459624,3210194,worker_1,W006,CorrectIlluminationCalculate,step_completed,success,17.647058823529413,3,17
ExampleYeastPatches,4,16,1791416562.2461982,3210194,worker_1,W006,CorrectIlluminationApply,step_started,started,17.647058823529413,3,17
ExampleYeastPatches,4,16,1791416562.2633328,3210194,worker_1,W006,CorrectIlluminationApply,pattern_group,running,100.0,1,1
ExampleYeastPatches,4,16,1791416562.2635899,3210194,worker_1,W006,CorrectIlluminationApply,step_completed,success,23.52941176470588,4,17
ExampleYeastPatches,4,16,1791416562.2639802,3210194,worker_1,W006,Closing,step_started,started,23.52941176470588,4,17
ExampleYeastPatches,4,16,1791416562.2656453,3210198,worker_3,W004,SaveImages,step_completed,success,94.11764705882352,16,17
ExampleYeastPatches,4,16,1791416562.2682788,3210198,worker_3,W004,pipeline,axis_completed,success,94.11764705882352,16,17
ExampleYeastPatches,4,16,1791416562.2685246,3210198,worker_3,W008,pipeline,axis_started,started,0.0,0,17
ExampleYeastPatches,4,16,1791416562.2729373,3210198,worker_3,W008,Crop,step_started,started,0.0,0,17
ExampleYeastPatches,4,16,1791416562.322249,3210196,worker_2,W007,Crop,pattern_group,running,100.0,1,1
ExampleYeastPatches,4,16,1791416562.3225672,3210196,worker_2,W007,Crop,step_completed,success,5.88235294117647,1,17
ExampleYeastPatches,4,16,1791416562.322943,3210196,worker_2,W007,ColorToGray,step_started,started,5.88235294117647,1,17
ExampleYeastPatches,4,16,1791416562.3335721,3210192,worker_0,W005,CorrectIlluminationCalculate,pattern_group,running,100.0,1,1
ExampleYeastPatches,4,16,1791416562.3338158,3210192,worker_0,W005,CorrectIlluminationCalculate,step_completed,success,17.647058823529413,3,17
ExampleYeastPatches,4,16,1791416562.3341055,3210192,worker_0,W005,CorrectIlluminationApply,step_started,started,17.647058823529413,3,17
ExampleYeastPatches,4,16,1791416562.3494282,3210198,worker_3,W008,Crop,pattern_group,running,100.0,1,1
ExampleYeastPatches,4,16,1791416562.349835,3210198,worker_3,W008,Crop,step_completed,success,5.88235294117647,1,17
ExampleYeastPatches,4,16,1791416562.3466778,3210196,worker_2,W007,ColorToGray,pattern_group,running,100.0,1,1
ExampleYeastPatches,4,16,1791416562.3469217,3210196,worker_2,W007,ColorToGray,step_completed,success,11.76470588235294,2,17
ExampleYeastPatches,4,16,1791416562.3473005,3210196,worker_2,W007,CorrectIlluminationCalculate,step_started,started,11.76470588235294,2,17
ExampleYeastPatches,4,16,1791416562.3502169,3210198,worker_3,W008,ColorToGray,step_started,started,5.88235294117647,1,17
ExampleYeastPatches,4,16,1791416562.3606236,3210192,worker_0,W005,CorrectIlluminationApply,pattern_group,running,100.0,1,1
ExampleYeastPatches,4,16,1791416562.360857,3210192,worker_0,W005,CorrectIlluminationApply,step_completed,success,23.52941176470588,4,17
ExampleYeastPatches,4,16,1791416562.3611872,3210192,worker_0,W005,Closing,step_started,started,23.52941176470588,4,17
ExampleYeastPatches,4,16,1791416562.3749123,3210198,worker_3,W008,ColorToGray,pattern_group,running,100.0,1,1
ExampleYeastPatches,4,16,1791416562.3750865,3210198,worker_3,W008,ColorToGray,step_completed,success,11.76470588235294,2,17
ExampleYeastPatches,4,16,1791416562.3753881,3210198,worker_3,W008,CorrectIlluminationCalculate,step_started,started,11.76470588235294,2,17
ExampleYeastPatches,4,16,1791416562.3744338,3210194,worker_1,W006,Closing,pattern_group,running,100.0,1,1
ExampleYeastPatches,4,16,1791416562.3746078,3210194,worker_1,W006,Closing,step_completed,success,29.411764705882355,5,17
ExampleYeastPatches,4,16,1791416562.3748622,3210194,worker_1,W006,IdentifyPrimaryObjects,step_started,started,29.411764705882355,5,17
ExampleYeastPatches,4,16,1791416562.469281,3210192,worker_0,W005,Closing,pattern_group,running,100.0,1,1
ExampleYeastPatches,4,16,1791416562.4694796,3210192,worker_0,W005,Closing,step_completed,success,29.411764705882355,5,17
ExampleYeastPatches,4,16,1791416562.4697437,3210192,worker_0,W005,IdentifyPrimaryObjects,step_started,started,29.411764705882355,5,17
ExampleYeastPatches,4,16,1791416562.5101438,3210198,worker_3,W008,CorrectIlluminationCalculate,pattern_group,running,100.0,1,1
ExampleYeastPatches,4,16,1791416562.5103056,3210198,worker_3,W008,CorrectIlluminationCalculate,step_completed,success,17.647058823529413,3,17
ExampleYeastPatches,4,16,1791416562.5105338,3210198,worker_3,W008,CorrectIlluminationApply,step_started,started,17.647058823529413,3,17
ExampleYeastPatches,4,16,1791416562.522348,3210196,worker_2,W007,CorrectIlluminationCalculate,pattern_group,running,100.0,1,1
ExampleYeastPatches,4,16,1791416562.522576,3210196,worker_2,W007,CorrectIlluminationCalculate,step_completed,success,17.647058823529413,3,17
ExampleYeastPatches,4,16,1791416562.522869,3210196,worker_2,W007,CorrectIlluminationApply,step_started,started,17.647058823529413,3,17
ExampleYeastPatches,4,16,1791416562.5318625,3210198,worker_3,W008,CorrectIlluminationApply,pattern_group,running,100.0,1,1
ExampleYeastPatches,4,16,1791416562.53208,3210198,worker_3,W008,CorrectIlluminationApply,step_completed,success,23.52941176470588,4,17
ExampleYeastPatches,4,16,1791416562.5324478,3210198,worker_3,W008,Closing,step_started,started,23.52941176470588,4,17
ExampleYeastPatches,4,16,1791416562.5405653,3210196,worker_2,W007,CorrectIlluminationApply,pattern_group,running,100.0,1,1
ExampleYeastPatches,4,16,1791416562.5407712,3210196,worker_2,W007,CorrectIlluminationApply,step_completed,success,23.52941176470588,4,17
ExampleYeastPatches,4,16,1791416562.5411532,3210196,worker_2,W007,Closing,step_started,started,23.52941176470588,4,17
ExampleYeastPatches,4,16,1791416562.629583,3210198,worker_3,W008,Closing,pattern_group,running,100.0,1,1
ExampleYeastPatches,4,16,1791416562.6297479,3210198,worker_3,W008,Closing,step_completed,success,29.411764705882355,5,17
ExampleYeastPatches,4,16,1791416562.6299922,3210198,worker_3,W008,IdentifyPrimaryObjects,step_started,started,29.411764705882355,5,17
ExampleYeastPatches,4,16,1791416562.634804,3210196,worker_2,W007,Closing,pattern_group,running,100.0,1,1
ExampleYeastPatches,4,16,1791416562.6349545,3210196,worker_2,W007,Closing,step_completed,success,29.411764705882355,5,17
ExampleYeastPatches,4,16,1791416562.6351876,3210196,worker_2,W007,IdentifyPrimaryObjects,step_started,started,29.411764705882355,5,17
ExampleYeastPatches,4,16,1791416562.6976182,3210194,worker_1,W006,IdentifyPrimaryObjects,pattern_group,running,100.0,1,1
ExampleYeastPatches,4,16,1791416562.6982152,3210194,worker_1,W006,IdentifyPrimaryObjects,step_completed,success,35.294117647058826,6,17
ExampleYeastPatches,4,16,1791416562.6987147,3210194,worker_1,W006,MeasureObjectSizeShape,step_started,started,35.294117647058826,6,17
ExampleYeastPatches,4,16,1791416562.7742114,3210192,worker_0,W005,IdentifyPrimaryObjects,pattern_group,running,100.0,1,1
ExampleYeastPatches,4,16,1791416562.775026,3210192,worker_0,W005,IdentifyPrimaryObjects,step_completed,success,35.294117647058826,6,17
ExampleYeastPatches,4,16,1791416562.7755263,3210192,worker_0,W005,MeasureObjectSizeShape,step_started,started,35.294117647058826,6,17
ExampleYeastPatches,4,16,1791416562.842089,3210194,worker_1,W006,MeasureObjectSizeShape,pattern_group,running,100.0,1,1
ExampleYeastPatches,4,16,1791416562.8433917,3210194,worker_1,W006,MeasureObjectSizeShape,step_completed,success,41.17647058823529,7,17
ExampleYeastPatches,4,16,1791416562.843674,3210194,worker_1,W006,DisplayDataOnImage,step_started,started,41.17647058823529,7,17
ExampleYeastPatches,4,16,1791416562.887233,3210194,worker_1,W006,DisplayDataOnImage,pattern_group,running,100.0,1,1
ExampleYeastPatches,4,16,1791416562.887431,3210194,worker_1,W006,DisplayDataOnImage,step_completed,success,47.05882352941176,8,17
ExampleYeastPatches,4,16,1791416562.887796,3210194,worker_1,W006,DisplayDataOnImage,step_started,started,47.05882352941176,8,17
ExampleYeastPatches,4,16,1791416562.8950808,3210198,worker_3,W008,IdentifyPrimaryObjects,pattern_group,running,100.0,1,1
ExampleYeastPatches,4,16,1791416562.895849,3210198,worker_3,W008,IdentifyPrimaryObjects,step_completed,success,35.294117647058826,6,17
ExampleYeastPatches,4,16,1791416562.8967636,3210198,worker_3,W008,MeasureObjectSizeShape,step_started,started,35.294117647058826,6,17
ExampleYeastPatches,4,16,1791416562.9109104,3210196,worker_2,W007,IdentifyPrimaryObjects,pattern_group,running,100.0,1,1
ExampleYeastPatches,4,16,1791416562.9115238,3210196,worker_2,W007,IdentifyPrimaryObjects,step_completed,success,35.294117647058826,6,17
ExampleYeastPatches,4,16,1791416562.912037,3210196,worker_2,W007,MeasureObjectSizeShape,step_started,started,35.294117647058826,6,17
ExampleYeastPatches,4,16,1791416562.9224975,3210192,worker_0,W005,MeasureObjectSizeShape,pattern_group,running,100.0,1,1
ExampleYeastPatches,4,16,1791416562.9241114,3210192,worker_0,W005,MeasureObjectSizeShape,step_completed,success,41.17647058823529,7,17
ExampleYeastPatches,4,16,1791416562.9245713,3210192,worker_0,W005,DisplayDataOnImage,step_started,started,41.17647058823529,7,17
ExampleYeastPatches,4,16,1791416562.9299903,3210194,worker_1,W006,DisplayDataOnImage,pattern_group,running,100.0,1,1
ExampleYeastPatches,4,16,1791416562.9301596,3210194,worker_1,W006,DisplayDataOnImage,step_completed,success,52.94117647058824,9,17
ExampleYeastPatches,4,16,1791416562.9306273,3210194,worker_1,W006,FilterObjects,step_started,started,52.94117647058824,9,17
ExampleYeastPatches,4,16,1791416562.9636972,3210192,worker_0,W005,DisplayDataOnImage,pattern_group,running,100.0,1,1
ExampleYeastPatches,4,16,1791416562.963862,3210192,worker_0,W005,DisplayDataOnImage,step_completed,success,47.05882352941176,8,17
ExampleYeastPatches,4,16,1791416562.9642103,3210192,worker_0,W005,DisplayDataOnImage,step_started,started,47.05882352941176,8,17
ExampleYeastPatches,4,16,1791416562.9665725,3210194,worker_1,W006,FilterObjects,pattern_group,running,100.0,1,1
ExampleYeastPatches,4,16,1791416562.967065,3210194,worker_1,W006,FilterObjects,step_completed,success,58.82352941176471,10,17
ExampleYeastPatches,4,16,1791416562.967452,3210194,worker_1,W006,DefineGrid,step_started,started,58.82352941176471,10,17
ExampleYeastPatches,4,16,1791416562.9772868,3210194,worker_1,W006,DefineGrid,pattern_group,running,100.0,1,1
ExampleYeastPatches,4,16,1791416562.9774432,3210194,worker_1,W006,DefineGrid,step_completed,success,64.70588235294117,11,17
ExampleYeastPatches,4,16,1791416562.9778328,3210194,worker_1,W006,IdentifyObjectsInGrid,step_started,started,64.70588235294117,11,17
ExampleYeastPatches,4,16,1791416563.0005386,3210192,worker_0,W005,DisplayDataOnImage,pattern_group,running,100.0,1,1
ExampleYeastPatches,4,16,1791416563.0006948,3210192,worker_0,W005,DisplayDataOnImage,step_completed,success,52.94117647058824,9,17
ExampleYeastPatches,4,16,1791416563.0010483,3210192,worker_0,W005,FilterObjects,step_started,started,52.94117647058824,9,17
ExampleYeastPatches,4,16,1791416563.0230076,3210194,worker_1,W006,IdentifyObjectsInGrid,pattern_group,running,100.0,1,1
ExampleYeastPatches,4,16,1791416563.0236275,3210194,worker_1,W006,IdentifyObjectsInGrid,step_completed,success,70.58823529411765,12,17
ExampleYeastPatches,4,16,1791416563.0267618,3210194,worker_1,W006,MeasureObjectIntensity,step_started,started,70.58823529411765,12,17
ExampleYeastPatches,4,16,1791416563.0321326,3210192,worker_0,W005,FilterObjects,pattern_group,running,100.0,1,1
ExampleYeastPatches,4,16,1791416563.0326252,3210192,worker_0,W005,FilterObjects,step_completed,success,58.82352941176471,10,17
ExampleYeastPatches,4,16,1791416563.0330136,3210192,worker_0,W005,DefineGrid,step_started,started,58.82352941176471,10,17
ExampleYeastPatches,4,16,1791416563.0415208,3210192,worker_0,W005,DefineGrid,pattern_group,running,100.0,1,1
ExampleYeastPatches,4,16,1791416563.0416865,3210192,worker_0,W005,DefineGrid,step_completed,success,64.70588235294117,11,17
ExampleYeastPatches,4,16,1791416563.0420837,3210192,worker_0,W005,IdentifyObjectsInGrid,step_started,started,64.70588235294117,11,17
ExampleYeastPatches,4,16,1791416563.0477583,3210198,worker_3,W008,MeasureObjectSizeShape,pattern_group,running,100.0,1,1
ExampleYeastPatches,4,16,1791416563.0491724,3210198,worker_3,W008,MeasureObjectSizeShape,step_completed,success,41.17647058823529,7,17
ExampleYeastPatches,4,16,1791416563.0495145,3210198,worker_3,W008,DisplayDataOnImage,step_started,started,41.17647058823529,7,17
ExampleYeastPatches,4,16,1791416563.0722861,3210196,worker_2,W007,MeasureObjectSizeShape,pattern_group,running,100.0,1,1
ExampleYeastPatches,4,16,1791416563.073643,3210196,worker_2,W007,MeasureObjectSizeShape,step_completed,success,41.17647058823529,7,17
ExampleYeastPatches,4,16,1791416563.0739508,3210196,worker_2,W007,DisplayDataOnImage,step_started,started,41.17647058823529,7,17
ExampleYeastPatches,4,16,1791416563.0986664,3210198,worker_3,W008,DisplayDataOnImage,pattern_group,running,100.0,1,1
ExampleYeastPatches,4,16,1791416563.0988698,3210198,worker_3,W008,DisplayDataOnImage,step_completed,success,47.05882352941176,8,17
ExampleYeastPatches,4,16,1791416563.0992477,3210198,worker_3,W008,DisplayDataOnImage,step_started,started,47.05882352941176,8,17
ExampleYeastPatches,4,16,1791416563.0970156,3210192,worker_0,W005,IdentifyObjectsInGrid,pattern_group,running,100.0,1,1
ExampleYeastPatches,4,16,1791416563.097843,3210192,worker_0,W005,IdentifyObjectsInGrid,step_completed,success,70.58823529411765,12,17
ExampleYeastPatches,4,16,1791416563.101581,3210192,worker_0,W005,MeasureObjectIntensity,step_started,started,70.58823529411765,12,17
ExampleYeastPatches,4,16,1791416563.1246612,3210196,worker_2,W007,DisplayDataOnImage,pattern_group,running,100.0,1,1
ExampleYeastPatches,4,16,1791416563.1248536,3210196,worker_2,W007,DisplayDataOnImage,step_completed,success,47.05882352941176,8,17
ExampleYeastPatches,4,16,1791416563.1252353,3210196,worker_2,W007,DisplayDataOnImage,step_started,started,47.05882352941176,8,17
ExampleYeastPatches,4,16,1791416563.143233,3210194,worker_1,W006,MeasureObjectIntensity,pattern_group,running,100.0,1,1
ExampleYeastPatches,4,16,1791416563.1441457,3210194,worker_1,W006,MeasureObjectIntensity,step_completed,success,76.47058823529412,13,17
ExampleYeastPatches,4,16,1791416563.1446183,3210194,worker_1,W006,OverlayOutlines,step_started,started,76.47058823529412,13,17
ExampleYeastPatches,4,16,1791416563.1462584,3210198,worker_3,W008,DisplayDataOnImage,pattern_group,running,100.0,1,1
ExampleYeastPatches,4,16,1791416563.1475883,3210198,worker_3,W008,DisplayDataOnImage,step_completed,success,52.94117647058824,9,17
ExampleYeastPatches,4,16,1791416563.1480093,3210198,worker_3,W008,FilterObjects,step_started,started,52.94117647058824,9,17
ExampleYeastPatches,4,16,1791416563.17601,3210196,worker_2,W007,DisplayDataOnImage,pattern_group,running,100.0,1,1
ExampleYeastPatches,4,16,1791416563.1762433,3210196,worker_2,W007,DisplayDataOnImage,step_completed,success,52.94117647058824,9,17
ExampleYeastPatches,4,16,1791416563.1767159,3210196,worker_2,W007,FilterObjects,step_started,started,52.94117647058824,9,17
ExampleYeastPatches,4,16,1791416563.1919208,3210198,worker_3,W008,FilterObjects,pattern_group,running,100.0,1,1
ExampleYeastPatches,4,16,1791416563.1926188,3210198,worker_3,W008,FilterObjects,step_completed,success,58.82352941176471,10,17
ExampleYeastPatches,4,16,1791416563.1930811,3210198,worker_3,W008,DefineGrid,step_started,started,58.82352941176471,10,17
ExampleYeastPatches,4,16,1791416563.1930718,3210194,worker_1,W006,OverlayOutlines,pattern_group,running,100.0,1,1
ExampleYeastPatches,4,16,1791416563.1933157,3210194,worker_1,W006,OverlayOutlines,step_completed,success,82.35294117647058,14,17
ExampleYeastPatches,4,16,1791416563.1938112,3210194,worker_1,W006,OverlayOutlines,step_started,started,82.35294117647058,14,17
ExampleYeastPatches,4,16,1791416563.208083,3210198,worker_3,W008,DefineGrid,pattern_group,running,100.0,1,1
ExampleYeastPatches,4,16,1791416563.2084234,3210198,worker_3,W008,DefineGrid,step_completed,success,64.70588235294117,11,17
ExampleYeastPatches,4,16,1791416563.2089286,3210198,worker_3,W008,IdentifyObjectsInGrid,step_started,started,64.70588235294117,11,17
ExampleYeastPatches,4,16,1791416563.2213879,3210196,worker_2,W007,FilterObjects,pattern_group,running,100.0,1,1
ExampleYeastPatches,4,16,1791416563.2220445,3210196,worker_2,W007,FilterObjects,step_completed,success,58.82352941176471,10,17
ExampleYeastPatches,4,16,1791416563.2225182,3210196,worker_2,W007,DefineGrid,step_started,started,58.82352941176471,10,17
ExampleYeastPatches,4,16,1791416563.2345629,3210196,worker_2,W007,DefineGrid,pattern_group,running,100.0,1,1
ExampleYeastPatches,4,16,1791416563.234801,3210196,worker_2,W007,DefineGrid,step_completed,success,64.70588235294117,11,17
ExampleYeastPatches,4,16,1791416563.2352405,3210196,worker_2,W007,IdentifyObjectsInGrid,step_started,started,64.70588235294117,11,17
ExampleYeastPatches,4,16,1791416563.2359598,3210192,worker_0,W005,MeasureObjectIntensity,pattern_group,running,100.0,1,1
ExampleYeastPatches,4,16,1791416563.236954,3210192,worker_0,W005,MeasureObjectIntensity,step_completed,success,76.47058823529412,13,17
ExampleYeastPatches,4,16,1791416563.2377858,3210192,worker_0,W005,OverlayOutlines,step_started,started,76.47058823529412,13,17
ExampleYeastPatches,4,16,1791416563.2378724,3210194,worker_1,W006,OverlayOutlines,pattern_group,running,100.0,1,1
ExampleYeastPatches,4,16,1791416563.2380383,3210194,worker_1,W006,OverlayOutlines,step_completed,success,88.23529411764706,15,17
ExampleYeastPatches,4,16,1791416563.2385223,3210194,worker_1,W006,SaveImages,step_started,started,88.23529411764706,15,17
ExampleYeastPatches,4,16,1791416563.2678664,3210198,worker_3,W008,IdentifyObjectsInGrid,pattern_group,running,100.0,1,1
ExampleYeastPatches,4,16,1791416563.2688165,3210198,worker_3,W008,IdentifyObjectsInGrid,step_completed,success,70.58823529411765,12,17
ExampleYeastPatches,4,16,1791416563.2741952,3210198,worker_3,W008,MeasureObjectIntensity,step_started,started,70.58823529411765,12,17
ExampleYeastPatches,4,16,1791416563.280434,3210192,worker_0,W005,OverlayOutlines,pattern_group,running,100.0,1,1
ExampleYeastPatches,4,16,1791416563.2807045,3210192,worker_0,W005,OverlayOutlines,step_completed,success,82.35294117647058,14,17
ExampleYeastPatches,4,16,1791416563.281564,3210192,worker_0,W005,OverlayOutlines,step_started,started,82.35294117647058,14,17
ExampleYeastPatches,4,16,1791416563.301104,3210196,worker_2,W007,IdentifyObjectsInGrid,pattern_group,running,100.0,1,1
ExampleYeastPatches,4,16,1791416563.3020248,3210196,worker_2,W007,IdentifyObjectsInGrid,step_completed,success,70.58823529411765,12,17
ExampleYeastPatches,4,16,1791416563.306027,3210196,worker_2,W007,MeasureObjectIntensity,step_started,started,70.58823529411765,12,17
ExampleYeastPatches,4,16,1791416563.3045847,3210194,worker_1,W006,SaveImages,pattern_group,running,100.0,1,1
ExampleYeastPatches,4,16,1791416563.3214424,3210192,worker_0,W005,OverlayOutlines,pattern_group,running,100.0,1,1
ExampleYeastPatches,4,16,1791416563.32162,3210192,worker_0,W005,OverlayOutlines,step_completed,success,88.23529411764706,15,17
ExampleYeastPatches,4,16,1791416563.3220773,3210192,worker_0,W005,SaveImages,step_started,started,88.23529411764706,15,17
ExampleYeastPatches,4,16,1791416563.3736334,3210192,worker_0,W005,SaveImages,pattern_group,running,100.0,1,1
ExampleYeastPatches,4,16,1791416563.39831,3210198,worker_3,W008,MeasureObjectIntensity,pattern_group,running,100.0,1,1
ExampleYeastPatches,4,16,1791416563.3992195,3210198,worker_3,W008,MeasureObjectIntensity,step_completed,success,76.47058823529412,13,17
ExampleYeastPatches,4,16,1791416563.3997788,3210198,worker_3,W008,OverlayOutlines,step_started,started,76.47058823529412,13,17
ExampleYeastPatches,4,16,1791416563.4142418,3210196,worker_2,W007,MeasureObjectIntensity,pattern_group,running,100.0,1,1
ExampleYeastPatches,4,16,1791416563.4152322,3210196,worker_2,W007,MeasureObjectIntensity,step_completed,success,76.47058823529412,13,17
ExampleYeastPatches,4,16,1791416563.4156992,3210196,worker_2,W007,OverlayOutlines,step_started,started,76.47058823529412,13,17
ExampleYeastPatches,4,16,1791416563.424123,3210194,worker_1,W006,SaveImages,step_completed,success,94.11764705882352,16,17
ExampleYeastPatches,4,16,1791416563.4260743,3210194,worker_1,W006,pipeline,axis_completed,success,94.11764705882352,16,17
ExampleYeastPatches,4,16,1791416563.4262664,3210194,worker_1,W010,pipeline,axis_started,started,0.0,0,17
ExampleYeastPatches,4,16,1791416563.4307718,3210194,worker_1,W010,Crop,step_started,started,0.0,0,17
ExampleYeastPatches,4,16,1791416563.4345539,3210198,worker_3,W008,OverlayOutlines,pattern_group,running,100.0,1,1
ExampleYeastPatches,4,16,1791416563.4349332,3210198,worker_3,W008,OverlayOutlines,step_completed,success,82.35294117647058,14,17
ExampleYeastPatches,4,16,1791416563.4354,3210198,worker_3,W008,OverlayOutlines,step_started,started,82.35294117647058,14,17
ExampleYeastPatches,4,16,1791416563.453752,3210196,worker_2,W007,OverlayOutlines,pattern_group,running,100.0,1,1
ExampleYeastPatches,4,16,1791416563.4539378,3210196,worker_2,W007,OverlayOutlines,step_completed,success,82.35294117647058,14,17
ExampleYeastPatches,4,16,1791416563.4545412,3210196,worker_2,W007,OverlayOutlines,step_started,started,82.35294117647058,14,17
ExampleYeastPatches,4,16,1791416563.4747806,3210198,worker_3,W008,OverlayOutlines,pattern_group,running,100.0,1,1
ExampleYeastPatches,4,16,1791416563.474968,3210198,worker_3,W008,OverlayOutlines,step_completed,success,88.23529411764706,15,17
ExampleYeastPatches,4,16,1791416563.4754376,3210198,worker_3,W008,SaveImages,step_started,started,88.23529411764706,15,17
ExampleYeastPatches,4,16,1791416563.4934397,3210196,worker_2,W007,OverlayOutlines,pattern_group,running,100.0,1,1
ExampleYeastPatches,4,16,1791416563.493591,3210196,worker_2,W007,OverlayOutlines,step_completed,success,88.23529411764706,15,17
ExampleYeastPatches,4,16,1791416563.4940343,3210196,worker_2,W007,SaveImages,step_started,started,88.23529411764706,15,17
ExampleYeastPatches,4,16,1791416563.4914567,3210192,worker_0,W005,SaveImages,step_completed,success,94.11764705882352,16,17
ExampleYeastPatches,4,16,1791416563.4923153,3210192,worker_0,W005,pipeline,axis_completed,success,94.11764705882352,16,17
ExampleYeastPatches,4,16,1791416563.4924564,3210192,worker_0,W009,pipeline,axis_started,started,0.0,0,17
ExampleYeastPatches,4,16,1791416563.4955485,3210192,worker_0,W009,Crop,step_started,started,0.0,0,17
ExampleYeastPatches,4,16,1791416563.5016081,3210194,worker_1,W010,Crop,pattern_group,running,100.0,1,1
ExampleYeastPatches,4,16,1791416563.5020752,3210194,worker_1,W010,Crop,step_completed,success,5.88235294117647,1,17
ExampleYeastPatches,4,16,1791416563.5026448,3210194,worker_1,W010,ColorToGray,step_started,started,5.88235294117647,1,17
ExampleYeastPatches,4,16,1791416563.5277693,3210194,worker_1,W010,ColorToGray,pattern_group,running,100.0,1,1
ExampleYeastPatches,4,16,1791416563.528131,3210194,worker_1,W010,ColorToGray,step_completed,success,11.76470588235294,2,17
ExampleYeastPatches,4,16,1791416563.5285187,3210194,worker_1,W010,CorrectIlluminationCalculate,step_started,started,11.76470588235294,2,17
ExampleYeastPatches,4,16,1791416563.536051,3210198,worker_3,W008,SaveImages,pattern_group,running,100.0,1,1
ExampleYeastPatches,4,16,1791416563.5563269,3210196,worker_2,W007,SaveImages,pattern_group,running,100.0,1,1
ExampleYeastPatches,4,16,1791416563.5666795,3210192,worker_0,W009,Crop,pattern_group,running,100.0,1,1
ExampleYeastPatches,4,16,1791416563.566921,3210192,worker_0,W009,Crop,step_completed,success,5.88235294117647,1,17
ExampleYeastPatches,4,16,1791416563.567374,3210192,worker_0,W009,ColorToGray,step_started,started,5.88235294117647,1,17
ExampleYeastPatches,4,16,1791416563.5853212,3210192,worker_0,W009,ColorToGray,pattern_group,running,100.0,1,1
ExampleYeastPatches,4,16,1791416563.5854666,3210192,worker_0,W009,ColorToGray,step_completed,success,11.76470588235294,2,17
ExampleYeastPatches,4,16,1791416563.585763,3210192,worker_0,W009,CorrectIlluminationCalculate,step_started,started,11.76470588235294,2,17
ExampleYeastPatches,4,16,1791416563.6460567,3210194,worker_1,W010,CorrectIlluminationCalculate,pattern_group,running,100.0,1,1
ExampleYeastPatches,4,16,1791416563.6462264,3210194,worker_1,W010,CorrectIlluminationCalculate,step_completed,success,17.647058823529413,3,17
ExampleYeastPatches,4,16,1791416563.64648,3210194,worker_1,W010,CorrectIlluminationApply,step_started,started,17.647058823529413,3,17
ExampleYeastPatches,4,16,1791416563.6468246,3210198,worker_3,W008,SaveImages,step_completed,success,94.11764705882352,16,17
ExampleYeastPatches,4,16,1791416563.648532,3210198,worker_3,W008,pipeline,axis_completed,success,94.11764705882352,16,17
ExampleYeastPatches,4,16,1791416563.6488054,3210198,worker_3,W012,pipeline,axis_started,started,0.0,0,17
ExampleYeastPatches,4,16,1791416563.6522155,3210198,worker_3,W012,Crop,step_started,started,0.0,0,17
ExampleYeastPatches,4,16,1791416563.663126,3210194,worker_1,W010,CorrectIlluminationApply,pattern_group,running,100.0,1,1
ExampleYeastPatches,4,16,1791416563.6632764,3210194,worker_1,W010,CorrectIlluminationApply,step_completed,success,23.52941176470588,4,17
ExampleYeastPatches,4,16,1791416563.6635764,3210194,worker_1,W010,Closing,step_started,started,23.52941176470588,4,17
ExampleYeastPatches,4,16,1791416563.6702046,3210196,worker_2,W007,SaveImages,step_completed,success,94.11764705882352,16,17
ExampleYeastPatches,4,16,1791416563.6712282,3210196,worker_2,W007,pipeline,axis_completed,success,94.11764705882352,16,17
ExampleYeastPatches,4,16,1791416563.671532,3210196,worker_2,W011,pipeline,axis_started,started,0.0,0,17
ExampleYeastPatches,4,16,1791416563.674952,3210196,worker_2,W011,Crop,step_started,started,0.0,0,17
ExampleYeastPatches,4,16,1791416563.6966012,3210192,worker_0,W009,CorrectIlluminationCalculate,pattern_group,running,100.0,1,1
ExampleYeastPatches,4,16,1791416563.6967788,3210192,worker_0,W009,CorrectIlluminationCalculate,step_completed,success,17.647058823529413,3,17
ExampleYeastPatches,4,16,1791416563.6970518,3210192,worker_0,W009,CorrectIlluminationApply,step_started,started,17.647058823529413,3,17
ExampleYeastPatches,4,16,1791416563.7228553,3210192,worker_0,W009,CorrectIlluminationApply,pattern_group,running,100.0,1,1
ExampleYeastPatches,4,16,1791416563.7230153,3210192,worker_0,W009,CorrectIlluminationApply,step_completed,success,23.52941176470588,4,17
ExampleYeastPatches,4,16,1791416563.7235513,3210192,worker_0,W009,Closing,step_started,started,23.52941176470588,4,17
ExampleYeastPatches,4,16,1791416563.7339792,3210198,worker_3,W012,Crop,pattern_group,running,100.0,1,1
ExampleYeastPatches,4,16,1791416563.7343578,3210198,worker_3,W012,Crop,step_completed,success,5.88235294117647,1,17
ExampleYeastPatches,4,16,1791416563.7347605,3210198,worker_3,W012,ColorToGray,step_started,started,5.88235294117647,1,17
ExampleYeastPatches,4,16,1791416563.7572088,3210198,worker_3,W012,ColorToGray,pattern_group,running,100.0,1,1
ExampleYeastPatches,4,16,1791416563.7574608,3210198,worker_3,W012,ColorToGray,step_completed,success,11.76470588235294,2,17
ExampleYeastPatches,4,16,1791416563.7577996,3210198,worker_3,W012,CorrectIlluminationCalculate,step_started,started,11.76470588235294,2,17
ExampleYeastPatches,4,16,1791416563.762641,3210196,worker_2,W011,Crop,pattern_group,running,100.0,1,1
ExampleYeastPatches,4,16,1791416563.7630422,3210196,worker_2,W011,Crop,step_completed,success,5.88235294117647,1,17
ExampleYeastPatches,4,16,1791416563.7634163,3210196,worker_2,W011,ColorToGray,step_started,started,5.88235294117647,1,17
ExampleYeastPatches,4,16,1791416563.7767527,3210194,worker_1,W010,Closing,pattern_group,running,100.0,1,1
ExampleYeastPatches,4,16,1791416563.7770104,3210194,worker_1,W010,Closing,step_completed,success,29.411764705882355,5,17
ExampleYeastPatches,4,16,1791416563.7773209,3210194,worker_1,W010,IdentifyPrimaryObjects,step_started,started,29.411764705882355,5,17
ExampleYeastPatches,4,16,1791416563.7875373,3210196,worker_2,W011,ColorToGray,pattern_group,running,100.0,1,1
ExampleYeastPatches,4,16,1791416563.787832,3210196,worker_2,W011,ColorToGray,step_completed,success,11.76470588235294,2,17
ExampleYeastPatches,4,16,1791416563.7882025,3210196,worker_2,W011,CorrectIlluminationCalculate,step_started,started,11.76470588235294,2,17
ExampleYeastPatches,4,16,1791416563.844518,3210192,worker_0,W009,Closing,pattern_group,running,100.0,1,1
ExampleYeastPatches,4,16,1791416563.8449206,3210192,worker_0,W009,Closing,step_completed,success,29.411764705882355,5,17
ExampleYeastPatches,4,16,1791416563.8452146,3210192,worker_0,W009,IdentifyPrimaryObjects,step_started,started,29.411764705882355,5,17
ExampleYeastPatches,4,16,1791416563.8966188,3210198,worker_3,W012,CorrectIlluminationCalculate,pattern_group,running,100.0,1,1
ExampleYeastPatches,4,16,1791416563.8967874,3210198,worker_3,W012,CorrectIlluminationCalculate,step_completed,success,17.647058823529413,3,17
ExampleYeastPatches,4,16,1791416563.8970406,3210198,worker_3,W012,CorrectIlluminationApply,step_started,started,17.647058823529413,3,17
ExampleYeastPatches,4,16,1791416563.9165373,3210198,worker_3,W012,CorrectIlluminationApply,pattern_group,running,100.0,1,1
ExampleYeastPatches,4,16,1791416563.916718,3210198,worker_3,W012,CorrectIlluminationApply,step_completed,success,23.52941176470588,4,17
ExampleYeastPatches,4,16,1791416563.9170258,3210198,worker_3,W012,Closing,step_started,started,23.52941176470588,4,17
ExampleYeastPatches,4,16,1791416563.996673,3210196,worker_2,W011,CorrectIlluminationCalculate,pattern_group,running,100.0,1,1
ExampleYeastPatches,4,16,1791416563.9968286,3210196,worker_2,W011,CorrectIlluminationCalculate,step_completed,success,17.647058823529413,3,17
ExampleYeastPatches,4,16,1791416563.997086,3210196,worker_2,W011,CorrectIlluminationApply,step_started,started,17.647058823529413,3,17
ExampleYeastPatches,4,16,1791416564.0166943,3210196,worker_2,W011,CorrectIlluminationApply,pattern_group,running,100.0,1,1
ExampleYeastPatches,4,16,1791416564.0168474,3210196,worker_2,W011,CorrectIlluminationApply,step_completed,success,23.52941176470588,4,17
ExampleYeastPatches,4,16,1791416564.0171435,3210196,worker_2,W011,Closing,step_started,started,23.52941176470588,4,17
ExampleYeastPatches,4,16,1791416564.0176632,3210198,worker_3,W012,Closing,pattern_group,running,100.0,1,1
ExampleYeastPatches,4,16,1791416564.0178032,3210198,worker_3,W012,Closing,step_completed,success,29.411764705882355,5,17
ExampleYeastPatches,4,16,1791416564.0180337,3210198,worker_3,W012,IdentifyPrimaryObjects,step_started,started,29.411764705882355,5,17
ExampleYeastPatches,4,16,1791416564.1055539,3210194,worker_1,W010,IdentifyPrimaryObjects,pattern_group,running,100.0,1,1
ExampleYeastPatches,4,16,1791416564.1061993,3210194,worker_1,W010,IdentifyPrimaryObjects,step_completed,success,35.294117647058826,6,17
ExampleYeastPatches,4,16,1791416564.1105452,3210194,worker_1,W010,MeasureObjectSizeShape,step_started,started,35.294117647058826,6,17
ExampleYeastPatches,4,16,1791416564.1146915,3210196,worker_2,W011,Closing,pattern_group,running,100.0,1,1
ExampleYeastPatches,4,16,1791416564.1148777,3210196,worker_2,W011,Closing,step_completed,success,29.411764705882355,5,17
ExampleYeastPatches,4,16,1791416564.1151793,3210196,worker_2,W011,IdentifyPrimaryObjects,step_started,started,29.411764705882355,5,17
ExampleYeastPatches,4,16,1791416564.15692,3210192,worker_0,W009,IdentifyPrimaryObjects,pattern_group,running,100.0,1,1
ExampleYeastPatches,4,16,1791416564.1575153,3210192,worker_0,W009,IdentifyPrimaryObjects,step_completed,success,35.294117647058826,6,17
ExampleYeastPatches,4,16,1791416564.1615179,3210192,worker_0,W009,MeasureObjectSizeShape,step_started,started,35.294117647058826,6,17
ExampleYeastPatches,4,16,1791416564.2658052,3210194,worker_1,W010,MeasureObjectSizeShape,pattern_group,running,100.0,1,1
ExampleYeastPatches,4,16,1791416564.2670312,3210194,worker_1,W010,MeasureObjectSizeShape,step_completed,success,41.17647058823529,7,17
ExampleYeastPatches,4,16,1791416564.2672977,3210194,worker_1,W010,DisplayDataOnImage,step_started,started,41.17647058823529,7,17
ExampleYeastPatches,4,16,1791416564.2942407,3210198,worker_3,W012,IdentifyPrimaryObjects,pattern_group,running,100.0,1,1
ExampleYeastPatches,4,16,1791416564.2948065,3210198,worker_3,W012,IdentifyPrimaryObjects,step_completed,success,35.294117647058826,6,17
ExampleYeastPatches,4,16,1791416564.29804,3210198,worker_3,W012,MeasureObjectSizeShape,step_started,started,35.294117647058826,6,17
ExampleYeastPatches,4,16,1791416564.3160534,3210194,worker_1,W010,DisplayDataOnImage,pattern_group,running,100.0,1,1
ExampleYeastPatches,4,16,1791416564.316288,3210194,worker_1,W010,DisplayDataOnImage,step_completed,success,47.05882352941176,8,17
ExampleYeastPatches,4,16,1791416564.3167453,3210194,worker_1,W010,DisplayDataOnImage,step_started,started,47.05882352941176,8,17
ExampleYeastPatches,4,16,1791416564.3209608,3210192,worker_0,W009,MeasureObjectSizeShape,pattern_group,running,100.0,1,1
ExampleYeastPatches,4,16,1791416564.3221867,3210192,worker_0,W009,MeasureObjectSizeShape,step_completed,success,41.17647058823529,7,17
ExampleYeastPatches,4,16,1791416564.3224974,3210192,worker_0,W009,DisplayDataOnImage,step_started,started,41.17647058823529,7,17
ExampleYeastPatches,4,16,1791416564.3605914,3210194,worker_1,W010,DisplayDataOnImage,pattern_group,running,100.0,1,1
ExampleYeastPatches,4,16,1791416564.360805,3210194,worker_1,W010,DisplayDataOnImage,step_completed,success,52.94117647058824,9,17
ExampleYeastPatches,4,16,1791416564.361195,3210194,worker_1,W010,FilterObjects,step_started,started,52.94117647058824,9,17
ExampleYeastPatches,4,16,1791416564.3698678,3210192,worker_0,W009,DisplayDataOnImage,pattern_group,running,100.0,1,1
ExampleYeastPatches,4,16,1791416564.3701196,3210192,worker_0,W009,DisplayDataOnImage,step_completed,success,47.05882352941176,8,17
ExampleYeastPatches,4,16,1791416564.3705194,3210192,worker_0,W009,DisplayDataOnImage,step_started,started,47.05882352941176,8,17
ExampleYeastPatches,4,16,1791416564.3956375,3210194,worker_1,W010,FilterObjects,pattern_group,running,100.0,1,1
ExampleYeastPatches,4,16,1791416564.3960905,3210194,worker_1,W010,FilterObjects,step_completed,success,58.82352941176471,10,17
ExampleYeastPatches,4,16,1791416564.3964682,3210194,worker_1,W010,DefineGrid,step_started,started,58.82352941176471,10,17
ExampleYeastPatches,4,16,1791416564.3926976,3210196,worker_2,W011,IdentifyPrimaryObjects,pattern_group,running,100.0,1,1
ExampleYeastPatches,4,16,1791416564.3932943,3210196,worker_2,W011,IdentifyPrimaryObjects,step_completed,success,35.294117647058826,6,17
ExampleYeastPatches,4,16,1791416564.3966022,3210196,worker_2,W011,MeasureObjectSizeShape,step_started,started,35.294117647058826,6,17
ExampleYeastPatches,4,16,1791416564.406533,3210194,worker_1,W010,DefineGrid,pattern_group,running,100.0,1,1
ExampleYeastPatches,4,16,1791416564.4067025,3210194,worker_1,W010,DefineGrid,step_completed,success,64.70588235294117,11,17
ExampleYeastPatches,4,16,1791416564.4070969,3210194,worker_1,W010,IdentifyObjectsInGrid,step_started,started,64.70588235294117,11,17
ExampleYeastPatches,4,16,1791416564.4141319,3210192,worker_0,W009,DisplayDataOnImage,pattern_group,running,100.0,1,1
ExampleYeastPatches,4,16,1791416564.4143841,3210192,worker_0,W009,DisplayDataOnImage,step_completed,success,52.94117647058824,9,17
ExampleYeastPatches,4,16,1791416564.4149709,3210192,worker_0,W009,FilterObjects,step_started,started,52.94117647058824,9,17
ExampleYeastPatches,4,16,1791416564.4458816,3210192,worker_0,W009,FilterObjects,pattern_group,running,100.0,1,1
ExampleYeastPatches,4,16,1791416564.4463687,3210192,worker_0,W009,FilterObjects,step_completed,success,58.82352941176471,10,17
ExampleYeastPatches,4,16,1791416564.4467623,3210192,worker_0,W009,DefineGrid,step_started,started,58.82352941176471,10,17
ExampleYeastPatches,4,16,1791416564.4495823,3210198,worker_3,W012,MeasureObjectSizeShape,pattern_group,running,100.0,1,1
ExampleYeastPatches,4,16,1791416564.4509482,3210198,worker_3,W012,MeasureObjectSizeShape,step_completed,success,41.17647058823529,7,17
ExampleYeastPatches,4,16,1791416564.4515586,3210198,worker_3,W012,DisplayDataOnImage,step_started,started,41.17647058823529,7,17
ExampleYeastPatches,4,16,1791416564.455939,3210192,worker_0,W009,DefineGrid,pattern_group,running,100.0,1,1
ExampleYeastPatches,4,16,1791416564.4561014,3210192,worker_0,W009,DefineGrid,step_completed,success,64.70588235294117,11,17
ExampleYeastPatches,4,16,1791416564.4565053,3210192,worker_0,W009,IdentifyObjectsInGrid,step_started,started,64.70588235294117,11,17
ExampleYeastPatches,4,16,1791416564.4580038,3210194,worker_1,W010,IdentifyObjectsInGrid,pattern_group,running,100.0,1,1
ExampleYeastPatches,4,16,1791416564.4587076,3210194,worker_1,W010,IdentifyObjectsInGrid,step_completed,success,70.58823529411765,12,17
ExampleYeastPatches,4,16,1791416564.459142,3210194,worker_1,W010,MeasureObjectIntensity,step_started,started,70.58823529411765,12,17
ExampleYeastPatches,4,16,1791416564.5092094,3210192,worker_0,W009,IdentifyObjectsInGrid,pattern_group,running,100.0,1,1
ExampleYeastPatches,4,16,1791416564.510214,3210192,worker_0,W009,IdentifyObjectsInGrid,step_completed,success,70.58823529411765,12,17
ExampleYeastPatches,4,16,1791416564.5111294,3210192,worker_0,W009,MeasureObjectIntensity,step_started,started,70.58823529411765,12,17
ExampleYeastPatches,4,16,1791416564.532224,3210198,worker_3,W012,DisplayDataOnImage,pattern_group,running,100.0,1,1
ExampleYeastPatches,4,16,1791416564.5324514,3210198,worker_3,W012,DisplayDataOnImage,step_completed,success,47.05882352941176,8,17
ExampleYeastPatches,4,16,1791416564.5328538,3210198,worker_3,W012,DisplayDataOnImage,step_started,started,47.05882352941176,8,17
ExampleYeastPatches,4,16,1791416564.5519795,3210196,worker_2,W011,MeasureObjectSizeShape,pattern_group,running,100.0,1,1
ExampleYeastPatches,4,16,1791416564.5534217,3210196,worker_2,W011,MeasureObjectSizeShape,step_completed,success,41.17647058823529,7,17
ExampleYeastPatches,4,16,1791416564.5537465,3210196,worker_2,W011,DisplayDataOnImage,step_started,started,41.17647058823529,7,17
ExampleYeastPatches,4,16,1791416564.5618708,3210194,worker_1,W010,MeasureObjectIntensity,pattern_group,running,100.0,1,1
ExampleYeastPatches,4,16,1791416564.5628881,3210194,worker_1,W010,MeasureObjectIntensity,step_completed,success,76.47058823529412,13,17
ExampleYeastPatches,4,16,1791416564.5670006,3210194,worker_1,W010,OverlayOutlines,step_started,started,76.47058823529412,13,17
ExampleYeastPatches,4,16,1791416564.5740268,3210198,worker_3,W012,DisplayDataOnImage,pattern_group,running,100.0,1,1
ExampleYeastPatches,4,16,1791416564.5741973,3210198,worker_3,W012,DisplayDataOnImage,step_completed,success,52.94117647058824,9,17
ExampleYeastPatches,4,16,1791416564.5758085,3210198,worker_3,W012,FilterObjects,step_started,started,52.94117647058824,9,17
ExampleYeastPatches,4,16,1791416564.6095586,3210194,worker_1,W010,OverlayOutlines,pattern_group,running,100.0,1,1
ExampleYeastPatches,4,16,1791416564.6097844,3210194,worker_1,W010,OverlayOutlines,step_completed,success,82.35294117647058,14,17
ExampleYeastPatches,4,16,1791416564.6102579,3210194,worker_1,W010,OverlayOutlines,step_started,started,82.35294117647058,14,17
ExampleYeastPatches,4,16,1791416564.6119711,3210198,worker_3,W012,FilterObjects,pattern_group,running,100.0,1,1
ExampleYeastPatches,4,16,1791416564.6125405,3210198,worker_3,W012,FilterObjects,step_completed,success,58.82352941176471,10,17
ExampleYeastPatches,4,16,1791416564.6129298,3210198,worker_3,W012,DefineGrid,step_started,started,58.82352941176471,10,17
ExampleYeastPatches,4,16,1791416564.614179,3210192,worker_0,W009,MeasureObjectIntensity,pattern_group,running,100.0,1,1
ExampleYeastPatches,4,16,1791416564.6152227,3210192,worker_0,W009,MeasureObjectIntensity,step_completed,success,76.47058823529412,13,17
ExampleYeastPatches,4,16,1791416564.6158407,3210192,worker_0,W009,OverlayOutlines,step_started,started,76.47058823529412,13,17
ExampleYeastPatches,4,16,1791416564.6254334,3210198,worker_3,W012,DefineGrid,pattern_group,running,100.0,1,1
ExampleYeastPatches,4,16,1791416564.6258159,3210198,worker_3,W012,DefineGrid,step_completed,success,64.70588235294117,11,17
ExampleYeastPatches,4,16,1791416564.6264193,3210198,worker_3,W012,IdentifyObjectsInGrid,step_started,started,64.70588235294117,11,17
ExampleYeastPatches,4,16,1791416564.650093,3210194,worker_1,W010,OverlayOutlines,pattern_group,running,100.0,1,1
ExampleYeastPatches,4,16,1791416564.6502578,3210194,worker_1,W010,OverlayOutlines,step_completed,success,88.23529411764706,15,17
ExampleYeastPatches,4,16,1791416564.6507206,3210194,worker_1,W010,SaveImages,step_started,started,88.23529411764706,15,17
ExampleYeastPatches,4,16,1791416564.6542268,3210196,worker_2,W011,DisplayDataOnImage,pattern_group,running,100.0,1,1
ExampleYeastPatches,4,16,1791416564.6545174,3210196,worker_2,W011,DisplayDataOnImage,step_completed,success,47.05882352941176,8,17
ExampleYeastPatches,4,16,1791416564.6549468,3210196,worker_2,W011,DisplayDataOnImage,step_started,started,47.05882352941176,8,17
ExampleYeastPatches,4,16,1791416564.657842,3210192,worker_0,W009,OverlayOutlines,pattern_group,running,100.0,1,1
ExampleYeastPatches,4,16,1791416564.6582317,3210192,worker_0,W009,OverlayOutlines,step_completed,success,82.35294117647058,14,17
ExampleYeastPatches,4,16,1791416564.6588256,3210192,worker_0,W009,OverlayOutlines,step_started,started,82.35294117647058,14,17
ExampleYeastPatches,4,16,1791416564.6881945,3210198,worker_3,W012,IdentifyObjectsInGrid,pattern_group,running,100.0,1,1
ExampleYeastPatches,4,16,1791416564.6888356,3210198,worker_3,W012,IdentifyObjectsInGrid,step_completed,success,70.58823529411765,12,17
ExampleYeastPatches,4,16,1791416564.689329,3210198,worker_3,W012,MeasureObjectIntensity,step_started,started,70.58823529411765,12,17
ExampleYeastPatches,4,16,1791416564.7048347,3210192,worker_0,W009,OverlayOutlines,pattern_group,running,100.0,1,1
ExampleYeastPatches,4,16,1791416564.7049918,3210192,worker_0,W009,OverlayOutlines,step_completed,success,88.23529411764706,15,17
ExampleYeastPatches,4,16,1791416564.7054524,3210192,worker_0,W009,SaveImages,step_started,started,88.23529411764706,15,17
ExampleYeastPatches,4,16,1791416564.705044,3210196,worker_2,W011,DisplayDataOnImage,pattern_group,running,100.0,1,1
ExampleYeastPatches,4,16,1791416564.7051883,3210196,worker_2,W011,DisplayDataOnImage,step_completed,success,52.94117647058824,9,17
ExampleYeastPatches,4,16,1791416564.7056077,3210196,worker_2,W011,FilterObjects,step_started,started,52.94117647058824,9,17
ExampleYeastPatches,4,16,1791416564.7175004,3210194,worker_1,W010,SaveImages,pattern_group,running,100.0,1,1
ExampleYeastPatches,4,16,1791416564.7400546,3210196,worker_2,W011,FilterObjects,pattern_group,running,100.0,1,1
ExampleYeastPatches,4,16,1791416564.7407303,3210196,worker_2,W011,FilterObjects,step_completed,success,58.82352941176471,10,17
ExampleYeastPatches,4,16,1791416564.7411947,3210196,worker_2,W011,DefineGrid,step_started,started,58.82352941176471,10,17
ExampleYeastPatches,4,16,1791416564.7500427,3210196,worker_2,W011,DefineGrid,pattern_group,running,100.0,1,1
ExampleYeastPatches,4,16,1791416564.7502477,3210196,worker_2,W011,DefineGrid,step_completed,success,64.70588235294117,11,17
ExampleYeastPatches,4,16,1791416564.7506554,3210196,worker_2,W011,IdentifyObjectsInGrid,step_started,started,64.70588235294117,11,17
ExampleYeastPatches,4,16,1791416564.7627354,3210192,worker_0,W009,SaveImages,pattern_group,running,100.0,1,1
ExampleYeastPatches,4,16,1791416564.789495,3210198,worker_3,W012,MeasureObjectIntensity,pattern_group,running,100.0,1,1
ExampleYeastPatches,4,16,1791416564.7905262,3210198,worker_3,W012,MeasureObjectIntensity,step_completed,success,76.47058823529412,13,17
ExampleYeastPatches,4,16,1791416564.7910066,3210198,worker_3,W012,OverlayOutlines,step_started,started,76.47058823529412,13,17
ExampleYeastPatches,4,16,1791416564.7987137,3210196,worker_2,W011,IdentifyObjectsInGrid,pattern_group,running,100.0,1,1
ExampleYeastPatches,4,16,1791416564.7993782,3210196,worker_2,W011,IdentifyObjectsInGrid,step_completed,success,70.58823529411765,12,17
ExampleYeastPatches,4,16,1791416564.7998123,3210196,worker_2,W011,MeasureObjectIntensity,step_started,started,70.58823529411765,12,17
ExampleYeastPatches,4,16,1791416564.824653,3210198,worker_3,W012,OverlayOutlines,pattern_group,running,100.0,1,1
ExampleYeastPatches,4,16,1791416564.8248394,3210198,worker_3,W012,OverlayOutlines,step_completed,success,82.35294117647058,14,17
ExampleYeastPatches,4,16,1791416564.8252673,3210198,worker_3,W012,OverlayOutlines,step_started,started,82.35294117647058,14,17
ExampleYeastPatches,4,16,1791416564.8329527,3210194,worker_1,W010,SaveImages,step_completed,success,94.11764705882352,16,17
ExampleYeastPatches,4,16,1791416564.8338277,3210194,worker_1,W010,pipeline,axis_completed,success,94.11764705882352,16,17
ExampleYeastPatches,4,16,1791416564.8339977,3210194,worker_1,W014,pipeline,axis_started,started,0.0,0,17
ExampleYeastPatches,4,16,1791416564.837388,3210194,worker_1,W014,Crop,step_started,started,0.0,0,17
ExampleYeastPatches,4,16,1791416564.8589435,3210198,worker_3,W012,OverlayOutlines,pattern_group,running,100.0,1,1
ExampleYeastPatches,4,16,1791416564.8592396,3210198,worker_3,W012,OverlayOutlines,step_completed,success,88.23529411764706,15,17
ExampleYeastPatches,4,16,1791416564.8598502,3210198,worker_3,W012,SaveImages,step_started,started,88.23529411764706,15,17
ExampleYeastPatches,4,16,1791416564.8790019,3210192,worker_0,W009,SaveImages,step_completed,success,94.11764705882352,16,17
ExampleYeastPatches,4,16,1791416564.880243,3210192,worker_0,W009,pipeline,axis_completed,success,94.11764705882352,16,17
ExampleYeastPatches,4,16,1791416564.8803847,3210192,worker_0,W013,pipeline,axis_started,started,0.0,0,17
ExampleYeastPatches,4,16,1791416564.8832505,3210192,worker_0,W013,Crop,step_started,started,0.0,0,17
ExampleYeastPatches,4,16,1791416564.8970644,3210196,worker_2,W011,MeasureObjectIntensity,pattern_group,running,100.0,1,1
ExampleYeastPatches,4,16,1791416564.8983655,3210194,worker_1,W014,Crop,pattern_group,running,100.0,1,1
ExampleYeastPatches,4,16,1791416564.8986611,3210194,worker_1,W014,Crop,step_completed,success,5.88235294117647,1,17
ExampleYeastPatches,4,16,1791416564.898056,3210196,worker_2,W011,MeasureObjectIntensity,step_completed,success,76.47058823529412,13,17
ExampleYeastPatches,4,16,1791416564.89899,3210194,worker_1,W014,ColorToGray,step_started,started,5.88235294117647,1,17
ExampleYeastPatches,4,16,1791416564.8986082,3210196,worker_2,W011,OverlayOutlines,step_started,started,76.47058823529412,13,17
ExampleYeastPatches,4,16,1791416564.9239857,3210198,worker_3,W012,SaveImages,pattern_group,running,100.0,1,1
ExampleYeastPatches,4,16,1791416564.9296029,3210194,worker_1,W014,ColorToGray,pattern_group,running,100.0,1,1
ExampleYeastPatches,4,16,1791416564.9297676,3210194,worker_1,W014,ColorToGray,step_completed,success,11.76470588235294,2,17
ExampleYeastPatches,4,16,1791416564.9300666,3210194,worker_1,W014,CorrectIlluminationCalculate,step_started,started,11.76470588235294,2,17
ExampleYeastPatches,4,16,1791416564.9482539,3210196,worker_2,W011,OverlayOutlines,pattern_group,running,100.0,1,1
ExampleYeastPatches,4,16,1791416564.948509,3210196,worker_2,W011,OverlayOutlines,step_completed,success,82.35294117647058,14,17
ExampleYeastPatches,4,16,1791416564.9491005,3210196,worker_2,W011,OverlayOutlines,step_started,started,82.35294117647058,14,17
ExampleYeastPatches,4,16,1791416564.9573488,3210192,worker_0,W013,Crop,pattern_group,running,100.0,1,1
ExampleYeastPatches,4,16,1791416564.957672,3210192,worker_0,W013,Crop,step_completed,success,5.88235294117647,1,17
ExampleYeastPatches,4,16,1791416564.9580626,3210192,worker_0,W013,ColorToGray,step_started,started,5.88235294117647,1,17
ExampleYeastPatches,4,16,1791416564.9811974,3210192,worker_0,W013,ColorToGray,pattern_group,running,100.0,1,1
ExampleYeastPatches,4,16,1791416564.9814138,3210192,worker_0,W013,ColorToGray,step_completed,success,11.76470588235294,2,17
ExampleYeastPatches,4,16,1791416564.9817672,3210192,worker_0,W013,CorrectIlluminationCalculate,step_started,started,11.76470588235294,2,17
ExampleYeastPatches,4,16,1791416564.98971,3210196,worker_2,W011,OverlayOutlines,pattern_group,running,100.0,1,1
ExampleYeastPatches,4,16,1791416564.9898791,3210196,worker_2,W011,OverlayOutlines,step_completed,success,88.23529411764706,15,17
ExampleYeastPatches,4,16,1791416564.9903738,3210196,worker_2,W011,SaveImages,step_started,started,88.23529411764706,15,17
ExampleYeastPatches,4,16,1791416565.0450125,3210196,worker_2,W011,SaveImages,pattern_group,running,100.0,1,1
ExampleYeastPatches,4,16,1791416565.042343,3210198,worker_3,W012,SaveImages,step_completed,success,94.11764705882352,16,17
ExampleYeastPatches,4,16,1791416565.0435042,3210198,worker_3,W012,pipeline,axis_completed,success,94.11764705882352,16,17
ExampleYeastPatches,4,16,1791416565.043809,3210198,worker_3,W016,pipeline,axis_started,started,0.0,0,17
ExampleYeastPatches,4,16,1791416565.0467734,3210198,worker_3,W016,Crop,step_started,started,0.0,0,17
ExampleYeastPatches,4,16,1791416565.0733628,3210194,worker_1,W014,CorrectIlluminationCalculate,pattern_group,running,100.0,1,1
ExampleYeastPatches,4,16,1791416565.0735407,3210194,worker_1,W014,CorrectIlluminationCalculate,step_completed,success,17.647058823529413,3,17
ExampleYeastPatches,4,16,1791416565.0738215,3210194,worker_1,W014,CorrectIlluminationApply,step_started,started,17.647058823529413,3,17
ExampleYeastPatches,4,16,1791416565.0901117,3210194,worker_1,W014,CorrectIlluminationApply,pattern_group,running,100.0,1,1
ExampleYeastPatches,4,16,1791416565.0902815,3210194,worker_1,W014,CorrectIlluminationApply,step_completed,success,23.52941176470588,4,17
ExampleYeastPatches,4,16,1791416565.0905933,3210194,worker_1,W014,Closing,step_started,started,23.52941176470588,4,17
ExampleYeastPatches,4,16,1791416565.1119,3210198,worker_3,W016,Crop,pattern_group,running,100.0,1,1
ExampleYeastPatches,4,16,1791416565.1122193,3210198,worker_3,W016,Crop,step_completed,success,5.88235294117647,1,17
ExampleYeastPatches,4,16,1791416565.1125875,3210198,worker_3,W016,ColorToGray,step_started,started,5.88235294117647,1,17
ExampleYeastPatches,4,16,1791416565.1344376,3210198,worker_3,W016,ColorToGray,pattern_group,running,100.0,1,1
ExampleYeastPatches,4,16,1791416565.1346729,3210198,worker_3,W016,ColorToGray,step_completed,success,11.76470588235294,2,17
ExampleYeastPatches,4,16,1791416565.1350348,3210198,worker_3,W016,CorrectIlluminationCalculate,step_started,started,11.76470588235294,2,17
ExampleYeastPatches,4,16,1791416565.1351328,3210192,worker_0,W013,CorrectIlluminationCalculate,pattern_group,running,100.0,1,1
ExampleYeastPatches,4,16,1791416565.135339,3210192,worker_0,W013,CorrectIlluminationCalculate,step_completed,success,17.647058823529413,3,17
ExampleYeastPatches,4,16,1791416565.135591,3210192,worker_0,W013,CorrectIlluminationApply,step_started,started,17.647058823529413,3,17
ExampleYeastPatches,4,16,1791416565.1525404,3210192,worker_0,W013,CorrectIlluminationApply,pattern_group,running,100.0,1,1
ExampleYeastPatches,4,16,1791416565.1527476,3210192,worker_0,W013,CorrectIlluminationApply,step_completed,success,23.52941176470588,4,17
ExampleYeastPatches,4,16,1791416565.153092,3210192,worker_0,W013,Closing,step_started,started,23.52941176470588,4,17
ExampleYeastPatches,4,16,1791416565.1590257,3210196,worker_2,W011,SaveImages,step_completed,success,94.11764705882352,16,17
ExampleYeastPatches,4,16,1791416565.1603491,3210196,worker_2,W011,pipeline,axis_completed,success,94.11764705882352,16,17
ExampleYeastPatches,4,16,1791416565.1606257,3210196,worker_2,W015,pipeline,axis_started,started,0.0,0,17
ExampleYeastPatches,4,16,1791416565.166398,3210196,worker_2,W015,Crop,step_started,started,0.0,0,17
ExampleYeastPatches,4,16,1791416565.2089896,3210194,worker_1,W014,Closing,pattern_group,running,100.0,1,1
ExampleYeastPatches,4,16,1791416565.209186,3210194,worker_1,W014,Closing,step_completed,success,29.411764705882355,5,17
ExampleYeastPatches,4,16,1791416565.2094853,3210194,worker_1,W014,IdentifyPrimaryObjects,step_started,started,29.411764705882355,5,17
ExampleYeastPatches,4,16,1791416565.2477202,3210196,worker_2,W015,Crop,pattern_group,running,100.0,1,1
ExampleYeastPatches,4,16,1791416565.2480426,3210196,worker_2,W015,Crop,step_completed,success,5.88235294117647,1,17
ExampleYeastPatches,4,16,1791416565.2485352,3210196,worker_2,W015,ColorToGray,step_started,started,5.88235294117647,1,17
ExampleYeastPatches,4,16,1791416565.2601302,3210192,worker_0,W013,Closing,pattern_group,running,100.0,1,1
ExampleYeastPatches,4,16,1791416565.2603598,3210192,worker_0,W013,Closing,step_completed,success,29.411764705882355,5,17
ExampleYeastPatches,4,16,1791416565.260629,3210192,worker_0,W013,IdentifyPrimaryObjects,step_started,started,29.411764705882355,5,17
ExampleYeastPatches,4,16,1791416565.2712905,3210196,worker_2,W015,ColorToGray,pattern_group,running,100.0,1,1
ExampleYeastPatches,4,16,1791416565.2714667,3210196,worker_2,W015,ColorToGray,step_completed,success,11.76470588235294,2,17
ExampleYeastPatches,4,16,1791416565.2717745,3210196,worker_2,W015,CorrectIlluminationCalculate,step_started,started,11.76470588235294,2,17
ExampleYeastPatches,4,16,1791416565.3046865,3210198,worker_3,W016,CorrectIlluminationCalculate,pattern_group,running,100.0,1,1
ExampleYeastPatches,4,16,1791416565.305179,3210198,worker_3,W016,CorrectIlluminationCalculate,step_completed,success,17.647058823529413,3,17
ExampleYeastPatches,4,16,1791416565.3056078,3210198,worker_3,W016,CorrectIlluminationApply,step_started,started,17.647058823529413,3,17
ExampleYeastPatches,4,16,1791416565.3255372,3210198,worker_3,W016,CorrectIlluminationApply,pattern_group,running,100.0,1,1
ExampleYeastPatches,4,16,1791416565.3257086,3210198,worker_3,W016,CorrectIlluminationApply,step_completed,success,23.52941176470588,4,17
ExampleYeastPatches,4,16,1791416565.3260555,3210198,worker_3,W016,Closing,step_started,started,23.52941176470588,4,17
ExampleYeastPatches,4,16,1791416565.4265006,3210198,worker_3,W016,Closing,pattern_group,running,100.0,1,1
ExampleYeastPatches,4,16,1791416565.4266503,3210198,worker_3,W016,Closing,step_completed,success,29.411764705882355,5,17
ExampleYeastPatches,4,16,1791416565.4268816,3210198,worker_3,W016,IdentifyPrimaryObjects,step_started,started,29.411764705882355,5,17
ExampleYeastPatches,4,16,1791416565.4536202,3210196,worker_2,W015,CorrectIlluminationCalculate,pattern_group,running,100.0,1,1
ExampleYeastPatches,4,16,1791416565.4537737,3210196,worker_2,W015,CorrectIlluminationCalculate,step_completed,success,17.647058823529413,3,17
ExampleYeastPatches,4,16,1791416565.454004,3210196,worker_2,W015,CorrectIlluminationApply,step_started,started,17.647058823529413,3,17
ExampleYeastPatches,4,16,1791416565.4681742,3210196,worker_2,W015,CorrectIlluminationApply,pattern_group,running,100.0,1,1
ExampleYeastPatches,4,16,1791416565.4684176,3210196,worker_2,W015,CorrectIlluminationApply,step_completed,success,23.52941176470588,4,17
ExampleYeastPatches,4,16,1791416565.468738,3210196,worker_2,W015,Closing,step_started,started,23.52941176470588,4,17
ExampleYeastPatches,4,16,1791416565.5427158,3210194,worker_1,W014,IdentifyPrimaryObjects,pattern_group,running,100.0,1,1
ExampleYeastPatches,4,16,1791416565.5433385,3210194,worker_1,W014,IdentifyPrimaryObjects,step_completed,success,35.294117647058826,6,17
ExampleYeastPatches,4,16,1791416565.548257,3210194,worker_1,W014,MeasureObjectSizeShape,step_started,started,35.294117647058826,6,17
ExampleYeastPatches,4,16,1791416565.5669117,3210196,worker_2,W015,Closing,pattern_group,running,100.0,1,1
ExampleYeastPatches,4,16,1791416565.5672174,3210196,worker_2,W015,Closing,step_completed,success,29.411764705882355,5,17
ExampleYeastPatches,4,16,1791416565.567523,3210196,worker_2,W015,IdentifyPrimaryObjects,step_started,started,29.411764705882355,5,17
ExampleYeastPatches,4,16,1791416565.5775511,3210192,worker_0,W013,IdentifyPrimaryObjects,pattern_group,running,100.0,1,1
ExampleYeastPatches,4,16,1791416565.5781586,3210192,worker_0,W013,IdentifyPrimaryObjects,step_completed,success,35.294117647058826,6,17
ExampleYeastPatches,4,16,1791416565.5815432,3210192,worker_0,W013,MeasureObjectSizeShape,step_started,started,35.294117647058826,6,17
ExampleYeastPatches,4,16,1791416565.7058423,3210194,worker_1,W014,MeasureObjectSizeShape,pattern_group,running,100.0,1,1
ExampleYeastPatches,4,16,1791416565.7070563,3210194,worker_1,W014,MeasureObjectSizeShape,step_completed,success,41.17647058823529,7,17
ExampleYeastPatches,4,16,1791416565.707322,3210194,worker_1,W014,DisplayDataOnImage,step_started,started,41.17647058823529,7,17
ExampleYeastPatches,4,16,1791416565.7263305,3210198,worker_3,W016,IdentifyPrimaryObjects,pattern_group,running,100.0,1,1
ExampleYeastPatches,4,16,1791416565.726891,3210198,worker_3,W016,IdentifyPrimaryObjects,step_completed,success,35.294117647058826,6,17
ExampleYeastPatches,4,16,1791416565.7301536,3210198,worker_3,W016,MeasureObjectSizeShape,step_started,started,35.294117647058826,6,17
ExampleYeastPatches,4,16,1791416565.738577,3210192,worker_0,W013,MeasureObjectSizeShape,pattern_group,running,100.0,1,1
ExampleYeastPatches,4,16,1791416565.740076,3210192,worker_0,W013,MeasureObjectSizeShape,step_completed,success,41.17647058823529,7,17
ExampleYeastPatches,4,16,1791416565.7404647,3210192,worker_0,W013,DisplayDataOnImage,step_started,started,41.17647058823529,7,17
ExampleYeastPatches,4,16,1791416565.7627459,3210194,worker_1,W014,DisplayDataOnImage,pattern_group,running,100.0,1,1
ExampleYeastPatches,4,16,1791416565.762944,3210194,worker_1,W014,DisplayDataOnImage,step_completed,success,47.05882352941176,8,17
ExampleYeastPatches,4,16,1791416565.763326,3210194,worker_1,W014,DisplayDataOnImage,step_started,started,47.05882352941176,8,17
ExampleYeastPatches,4,16,1791416565.786435,3210192,worker_0,W013,DisplayDataOnImage,pattern_group,running,100.0,1,1
ExampleYeastPatches,4,16,1791416565.7865999,3210192,worker_0,W013,DisplayDataOnImage,step_completed,success,47.05882352941176,8,17
ExampleYeastPatches,4,16,1791416565.7869499,3210192,worker_0,W013,DisplayDataOnImage,step_started,started,47.05882352941176,8,17
ExampleYeastPatches,4,16,1791416565.804055,3210194,worker_1,W014,DisplayDataOnImage,pattern_group,running,100.0,1,1
ExampleYeastPatches,4,16,1791416565.8043404,3210194,worker_1,W014,DisplayDataOnImage,step_completed,success,52.94117647058824,9,17
ExampleYeastPatches,4,16,1791416565.8047285,3210194,worker_1,W014,FilterObjects,step_started,started,52.94117647058824,9,17
ExampleYeastPatches,4,16,1791416565.827399,3210192,worker_0,W013,DisplayDataOnImage,pattern_group,running,100.0,1,1
ExampleYeastPatches,4,16,1791416565.827591,3210192,worker_0,W013,DisplayDataOnImage,step_completed,success,52.94117647058824,9,17
ExampleYeastPatches,4,16,1791416565.8279603,3210192,worker_0,W013,FilterObjects,step_started,started,52.94117647058824,9,17
ExampleYeastPatches,4,16,1791416565.8400736,3210194,worker_1,W014,FilterObjects,pattern_group,running,100.0,1,1
ExampleYeastPatches,4,16,1791416565.8405912,3210194,worker_1,W014,FilterObjects,step_completed,success,58.82352941176471,10,17
ExampleYeastPatches,4,16,1791416565.8410273,3210194,worker_1,W014,DefineGrid,step_started,started,58.82352941176471,10,17
ExampleYeastPatches,4,16,1791416565.850607,3210194,worker_1,W014,DefineGrid,pattern_group,running,100.0,1,1
ExampleYeastPatches,4,16,1791416565.850768,3210194,worker_1,W014,DefineGrid,step_completed,success,64.70588235294117,11,17
ExampleYeastPatches,4,16,1791416565.8511524,3210194,worker_1,W014,IdentifyObjectsInGrid,step_started,started,64.70588235294117,11,17
ExampleYeastPatches,4,16,1791416565.8580344,3210192,worker_0,W013,FilterObjects,pattern_group,running,100.0,1,1
ExampleYeastPatches,4,16,1791416565.8585243,3210192,worker_0,W013,FilterObjects,step_completed,success,58.82352941176471,10,17
ExampleYeastPatches,4,16,1791416565.8589246,3210192,worker_0,W013,DefineGrid,step_started,started,58.82352941176471,10,17
ExampleYeastPatches,4,16,1791416565.8601542,3210196,worker_2,W015,IdentifyPrimaryObjects,pattern_group,running,100.0,1,1
ExampleYeastPatches,4,16,1791416565.8608375,3210196,worker_2,W015,IdentifyPrimaryObjects,step_completed,success,35.294117647058826,6,17
ExampleYeastPatches,4,16,1791416565.8648667,3210196,worker_2,W015,MeasureObjectSizeShape,step_started,started,35.294117647058826,6,17
ExampleYeastPatches,4,16,1791416565.8675098,3210192,worker_0,W013,DefineGrid,pattern_group,running,100.0,1,1
ExampleYeastPatches,4,16,1791416565.8677046,3210192,worker_0,W013,DefineGrid,step_completed,success,64.70588235294117,11,17
ExampleYeastPatches,4,16,1791416565.8681016,3210192,worker_0,W013,IdentifyObjectsInGrid,step_started,started,64.70588235294117,11,17
ExampleYeastPatches,4,16,1791416565.9020183,3210194,worker_1,W014,IdentifyObjectsInGrid,pattern_group,running,100.0,1,1
ExampleYeastPatches,4,16,1791416565.9026318,3210194,worker_1,W014,IdentifyObjectsInGrid,step_completed,success,70.58823529411765,12,17
ExampleYeastPatches,4,16,1791416565.9030607,3210194,worker_1,W014,MeasureObjectIntensity,step_started,started,70.58823529411765,12,17
ExampleYeastPatches,4,16,1791416565.901834,3210198,worker_3,W016,MeasureObjectSizeShape,pattern_group,running,100.0,1,1
ExampleYeastPatches,4,16,1791416565.9030993,3210198,worker_3,W016,MeasureObjectSizeShape,step_completed,success,41.17647058823529,7,17
ExampleYeastPatches,4,16,1791416565.9033616,3210198,worker_3,W016,DisplayDataOnImage,step_started,started,41.17647058823529,7,17
ExampleYeastPatches,4,16,1791416565.9186537,3210192,worker_0,W013,IdentifyObjectsInGrid,pattern_group,running,100.0,1,1
ExampleYeastPatches,4,16,1791416565.9195106,3210192,worker_0,W013,IdentifyObjectsInGrid,step_completed,success,70.58823529411765,12,17
ExampleYeastPatches,4,16,1791416565.9200346,3210192,worker_0,W013,MeasureObjectIntensity,step_started,started,70.58823529411765,12,17
ExampleYeastPatches,4,16,1791416565.9613419,3210198,worker_3,W016,DisplayDataOnImage,pattern_group,running,100.0,1,1
ExampleYeastPatches,4,16,1791416565.961518,3210198,worker_3,W016,DisplayDataOnImage,step_completed,success,47.05882352941176,8,17
ExampleYeastPatches,4,16,1791416565.9618642,3210198,worker_3,W016,DisplayDataOnImage,step_started,started,47.05882352941176,8,17
ExampleYeastPatches,4,16,1791416566.004086,3210198,worker_3,W016,DisplayDataOnImage,pattern_group,running,100.0,1,1
ExampleYeastPatches,4,16,1791416566.0042665,3210198,worker_3,W016,DisplayDataOnImage,step_completed,success,52.94117647058824,9,17
ExampleYeastPatches,4,16,1791416566.00464,3210198,worker_3,W016,FilterObjects,step_started,started,52.94117647058824,9,17
ExampleYeastPatches,4,16,1791416566.0070715,3210194,worker_1,W014,MeasureObjectIntensity,pattern_group,running,100.0,1,1
ExampleYeastPatches,4,16,1791416566.0080228,3210194,worker_1,W014,MeasureObjectIntensity,step_completed,success,76.47058823529412,13,17
ExampleYeastPatches,4,16,1791416566.008529,3210194,worker_1,W014,OverlayOutlines,step_started,started,76.47058823529412,13,17
ExampleYeastPatches,4,16,1791416566.0163014,3210192,worker_0,W013,MeasureObjectIntensity,pattern_group,running,100.0,1,1
ExampleYeastPatches,4,16,1791416566.0173326,3210192,worker_0,W013,MeasureObjectIntensity,step_completed,success,76.47058823529412,13,17
ExampleYeastPatches,4,16,1791416566.0178807,3210192,worker_0,W013,OverlayOutlines,step_started,started,76.47058823529412,13,17
ExampleYeastPatches,4,16,1791416566.034885,3210196,worker_2,W015,MeasureObjectSizeShape,pattern_group,running,100.0,1,1
ExampleYeastPatches,4,16,1791416566.0364122,3210196,worker_2,W015,MeasureObjectSizeShape,step_completed,success,41.17647058823529,7,17
ExampleYeastPatches,4,16,1791416566.0368288,3210196,worker_2,W015,DisplayDataOnImage,step_started,started,41.17647058823529,7,17
ExampleYeastPatches,4,16,1791416566.042583,3210198,worker_3,W016,FilterObjects,pattern_group,running,100.0,1,1
ExampleYeastPatches,4,16,1791416566.0430775,3210198,worker_3,W016,FilterObjects,step_completed,success,58.82352941176471,10,17
ExampleYeastPatches,4,16,1791416566.043505,3210198,worker_3,W016,DefineGrid,step_started,started,58.82352941176471,10,17
ExampleYeastPatches,4,16,1791416566.052634,3210194,worker_1,W014,OverlayOutlines,pattern_group,running,100.0,1,1
ExampleYeastPatches,4,16,1791416566.0528407,3210194,worker_1,W014,OverlayOutlines,step_completed,success,82.35294117647058,14,17
ExampleYeastPatches,4,16,1791416566.053286,3210194,worker_1,W014,OverlayOutlines,step_started,started,82.35294117647058,14,17
ExampleYeastPatches,4,16,1791416566.0533993,3210198,worker_3,W016,DefineGrid,pattern_group,running,100.0,1,1
ExampleYeastPatches,4,16,1791416566.0535393,3210198,worker_3,W016,DefineGrid,step_completed,success,64.70588235294117,11,17
ExampleYeastPatches,4,16,1791416566.0539243,3210198,worker_3,W016,IdentifyObjectsInGrid,step_started,started,64.70588235294117,11,17
ExampleYeastPatches,4,16,1791416566.0715551,3210192,worker_0,W013,OverlayOutlines,pattern_group,running,100.0,1,1
ExampleYeastPatches,4,16,1791416566.071784,3210192,worker_0,W013,OverlayOutlines,step_completed,success,82.35294117647058,14,17
ExampleYeastPatches,4,16,1791416566.0722392,3210192,worker_0,W013,OverlayOutlines,step_started,started,82.35294117647058,14,17
ExampleYeastPatches,4,16,1791416566.0897043,3210194,worker_1,W014,OverlayOutlines,pattern_group,running,100.0,1,1
ExampleYeastPatches,4,16,1791416566.0898604,3210194,worker_1,W014,OverlayOutlines,step_completed,success,88.23529411764706,15,17
ExampleYeastPatches,4,16,1791416566.090315,3210194,worker_1,W014,SaveImages,step_started,started,88.23529411764706,15,17
ExampleYeastPatches,4,16,1791416566.1121144,3210198,worker_3,W016,IdentifyObjectsInGrid,pattern_group,running,100.0,1,1
ExampleYeastPatches,4,16,1791416566.1130664,3210198,worker_3,W016,IdentifyObjectsInGrid,step_completed,success,70.58823529411765,12,17
ExampleYeastPatches,4,16,1791416566.1135564,3210198,worker_3,W016,MeasureObjectIntensity,step_started,started,70.58823529411765,12,17
ExampleYeastPatches,4,16,1791416566.1200995,3210196,worker_2,W015,DisplayDataOnImage,pattern_group,running,100.0,1,1
ExampleYeastPatches,4,16,1791416566.120447,3210196,worker_2,W015,DisplayDataOnImage,step_completed,success,47.05882352941176,8,17
ExampleYeastPatches,4,16,1791416566.1208777,3210196,worker_2,W015,DisplayDataOnImage,step_started,started,47.05882352941176,8,17
ExampleYeastPatches,4,16,1791416566.125,3210192,worker_0,W013,OverlayOutlines,pattern_group,running,100.0,1,1
ExampleYeastPatches,4,16,1791416566.1253092,3210192,worker_0,W013,OverlayOutlines,step_completed,success,88.23529411764706,15,17
ExampleYeastPatches,4,16,1791416566.1259046,3210192,worker_0,W013,SaveImages,step_started,started,88.23529411764706,15,17
ExampleYeastPatches,4,16,1791416566.1491027,3210194,worker_1,W014,SaveImages,pattern_group,running,100.0,1,1
ExampleYeastPatches,4,16,1791416566.1694622,3210196,worker_2,W015,DisplayDataOnImage,pattern_group,running,100.0,1,1
ExampleYeastPatches,4,16,1791416566.169687,3210196,worker_2,W015,DisplayDataOnImage,step_completed,success,52.94117647058824,9,17
ExampleYeastPatches,4,16,1791416566.1711504,3210196,worker_2,W015,FilterObjects,step_started,started,52.94117647058824,9,17
ExampleYeastPatches,4,16,1791416566.1859891,3210192,worker_0,W013,SaveImages,pattern_group,running,100.0,1,1
ExampleYeastPatches,4,16,1791416566.2029335,3210196,worker_2,W015,FilterObjects,pattern_group,running,100.0,1,1
ExampleYeastPatches,4,16,1791416566.2034478,3210196,worker_2,W015,FilterObjects,step_completed,success,58.82352941176471,10,17
ExampleYeastPatches,4,16,1791416566.2038352,3210196,worker_2,W015,DefineGrid,step_started,started,58.82352941176471,10,17
ExampleYeastPatches,4,16,1791416566.212289,3210196,worker_2,W015,DefineGrid,pattern_group,running,100.0,1,1
ExampleYeastPatches,4,16,1791416566.212447,3210196,worker_2,W015,DefineGrid,step_completed,success,64.70588235294117,11,17
ExampleYeastPatches,4,16,1791416566.212833,3210196,worker_2,W015,IdentifyObjectsInGrid,step_started,started,64.70588235294117,11,17
ExampleYeastPatches,4,16,1791416566.2210624,3210198,worker_3,W016,MeasureObjectIntensity,pattern_group,running,100.0,1,1
ExampleYeastPatches,4,16,1791416566.2220263,3210198,worker_3,W016,MeasureObjectIntensity,step_completed,success,76.47058823529412,13,17
ExampleYeastPatches,4,16,1791416566.222486,3210198,worker_3,W016,OverlayOutlines,step_started,started,76.47058823529412,13,17
ExampleYeastPatches,4,16,1791416566.2570539,3210198,worker_3,W016,OverlayOutlines,pattern_group,running,100.0,1,1
ExampleYeastPatches,4,16,1791416566.257224,3210198,worker_3,W016,OverlayOutlines,step_completed,success,82.35294117647058,14,17
ExampleYeastPatches,4,16,1791416566.2576683,3210198,worker_3,W016,OverlayOutlines,step_started,started,82.35294117647058,14,17
ExampleYeastPatches,4,16,1791416566.2618806,3210196,worker_2,W015,IdentifyObjectsInGrid,pattern_group,running,100.0,1,1
ExampleYeastPatches,4,16,1791416566.2624931,3210196,worker_2,W015,IdentifyObjectsInGrid,step_completed,success,70.58823529411765,12,17
ExampleYeastPatches,4,16,1791416566.2629433,3210196,worker_2,W015,MeasureObjectIntensity,step_started,started,70.58823529411765,12,17
ExampleYeastPatches,4,16,1791416566.266857,3210194,worker_1,W014,SaveImages,step_completed,success,94.11764705882352,16,17
ExampleYeastPatches,4,16,1791416566.2678754,3210194,worker_1,W014,pipeline,axis_completed,success,94.11764705882352,16,17
ExampleYeastPatches,4,16,1791416566.2923214,3210198,worker_3,W016,OverlayOutlines,pattern_group,running,100.0,1,1
ExampleYeastPatches,4,16,1791416566.292488,3210198,worker_3,W016,OverlayOutlines,step_completed,success,88.23529411764706,15,17
ExampleYeastPatches,4,16,1791416566.292952,3210198,worker_3,W016,SaveImages,step_started,started,88.23529411764706,15,17
ExampleYeastPatches,4,16,1791416566.2941084,3210192,worker_0,W013,SaveImages,step_completed,success,94.11764705882352,16,17
ExampleYeastPatches,4,16,1791416566.294892,3210192,worker_0,W013,pipeline,axis_completed,success,94.11764705882352,16,17
ExampleYeastPatches,4,16,1791416566.3425982,3210198,worker_3,W016,SaveImages,pattern_group,running,100.0,1,1
ExampleYeastPatches,4,16,1791416566.353292,3210196,worker_2,W015,MeasureObjectIntensity,pattern_group,running,100.0,1,1
ExampleYeastPatches,4,16,1791416566.3541377,3210196,worker_2,W015,MeasureObjectIntensity,step_completed,success,76.47058823529412,13,17
ExampleYeastPatches,4,16,1791416566.3545918,3210196,worker_2,W015,OverlayOutlines,step_started,started,76.47058823529412,13,17
ExampleYeastPatches,4,16,1791416566.3828588,3210196,worker_2,W015,OverlayOutlines,pattern_group,running,100.0,1,1
ExampleYeastPatches,4,16,1791416566.383041,3210196,worker_2,W015,OverlayOutlines,step_completed,success,82.35294117647058,14,17
ExampleYeastPatches,4,16,1791416566.3834755,3210196,worker_2,W015,OverlayOutlines,step_started,started,82.35294117647058,14,17
ExampleYeastPatches,4,16,1791416566.4120872,3210196,worker_2,W015,OverlayOutlines,pattern_group,running,100.0,1,1
ExampleYeastPatches,4,16,1791416566.4122212,3210196,worker_2,W015,OverlayOutlines,step_completed,success,88.23529411764706,15,17
ExampleYeastPatches,4,16,1791416566.4126663,3210196,worker_2,W015,SaveImages,step_started,started,88.23529411764706,15,17
ExampleYeastPatches,4,16,1791416566.45095,3210198,worker_3,W016,SaveImages,step_completed,success,94.11764705882352,16,17
ExampleYeastPatches,4,16,1791416566.4517345,3210198,worker_3,W016,pipeline,axis_completed,success,94.11764705882352,16,17
ExampleYeastPatches,4,16,1791416566.4578667,3210196,worker_2,W015,SaveImages,pattern_group,running,100.0,1,1
ExampleYeastPatches,4,16,1791416566.5651636,3210196,worker_2,W015,SaveImages,step_completed,success,94.11764705882352,16,17
ExampleYeastPatches,4,16,1791416566.5659447,3210196,worker_2,W015,pipeline,axis_completed,success,94.11764705882352,16,17
ExampleYeastPatches,4,16,1791416566.5938494,3205011,,,ExportToSpreadsheet,step_started,started,94.11764705882352,16,17
ExampleYeastPatches,4,16,1791416566.7822168,3205011,,,ExportToSpreadsheet,step_completed,success,100.0,17,17
ExampleYeastPatches,4,16,1791416566.8348842,3205011,,,pipeline,success,success,100.0,17,17
