case_name,worker_count,well_count,timestamp,pid,worker_slot,axis_id,step_name,phase,status,percent,completed,total
cp_tutorial_advanced_segmentation_final,3,12,1791500271.8512173,3831580,,,pipeline,compile,started,0.0,0,16
cp_tutorial_advanced_segmentation_final,3,12,1791500271.945136,3831580,,,,init,started,0.0,0,1
cp_tutorial_advanced_segmentation_final,3,12,1791500272.3071814,3831580,,W001,compilation,compile,running,8.333333333333332,1,12
cp_tutorial_advanced_segmentation_final,3,12,1791500272.3696363,3831580,,W002,compilation,compile,running,16.666666666666664,2,12
cp_tutorial_advanced_segmentation_final,3,12,1791500272.4332433,3831580,,W003,compilation,compile,running,25.0,3,12
cp_tutorial_advanced_segmentation_final,3,12,1791500272.495573,3831580,,W004,compilation,compile,running,33.33333333333333,4,12
cp_tutorial_advanced_segmentation_final,3,12,1791500272.5586338,3831580,,W005,compilation,compile,running,41.66666666666667,5,12
cp_tutorial_advanced_segmentation_final,3,12,1791500272.6223314,3831580,,W006,compilation,compile,running,50.0,6,12
cp_tutorial_advanced_segmentation_final,3,12,1791500272.6840456,3831580,,W007,compilation,compile,running,58.333333333333336,7,12
cp_tutorial_advanced_segmentation_final,3,12,1791500272.7474365,3831580,,W008,compilation,compile,running,66.66666666666666,8,12
cp_tutorial_advanced_segmentation_final,3,12,1791500272.8095717,3831580,,W009,compilation,compile,running,75.0,9,12
cp_tutorial_advanced_segmentation_final,3,12,1791500272.8723788,3831580,,W010,compilation,compile,running,83.33333333333334,10,12
cp_tutorial_advanced_segmentation_final,3,12,1791500272.9347281,3831580,,W011,compilation,compile,running,91.66666666666666,11,12
cp_tutorial_advanced_segmentation_final,3,12,1791500272.9994757,3831580,,W012,compilation,compile,running,100.0,12,12
cp_tutorial_advanced_segmentation_final,3,12,1791500273.007117,3831580,,,,init,started,0.0,0,1
cp_tutorial_advanced_segmentation_final,3,12,1791500273.007194,3831580,,,pipeline,compile,success,100.0,1,16
cp_tutorial_advanced_segmentation_final,3,12,1791500273.0072422,3831580,,W001,compilation,compile,success,100.0,1,1
cp_tutorial_advanced_segmentation_final,3,12,1791500273.0072775,3831580,,W002,compilation,compile,success,100.0,1,1
cp_tutorial_advanced_segmentation_final,3,12,1791500273.007305,3831580,,W003,compilation,compile,success,100.0,1,1
cp_tutorial_advanced_segmentation_final,3,12,1791500273.0073295,3831580,,W004,compilation,compile,success,100.0,1,1
cp_tutorial_advanced_segmentation_final,3,12,1791500273.0073538,3831580,,W005,compilation,compile,success,100.0,1,1
cp_tutorial_advanced_segmentation_final,3,12,1791500273.0073774,3831580,,W006,compilation,compile,success,100.0,1,1
cp_tutorial_advanced_segmentation_final,3,12,1791500273.0074012,3831580,,W007,compilation,compile,success,100.0,1,1
cp_tutorial_advanced_segmentation_final,3,12,1791500273.0074253,3831580,,W008,compilation,compile,success,100.0,1,1
cp_tutorial_advanced_segmentation_final,3,12,1791500273.0074487,3831580,,W009,compilation,compile,success,100.0,1,1
cp_tutorial_advanced_segmentation_final,3,12,1791500273.0074716,3831580,,W010,compilation,compile,success,100.0,1,1
cp_tutorial_advanced_segmentation_final,3,12,1791500273.0074947,3831580,,W011,compilation,compile,success,100.0,1,1
cp_tutorial_advanced_segmentation_final,3,12,1791500273.007518,3831580,,W012,compilation,compile,success,100.0,1,1
cp_tutorial_advanced_segmentation_final,3,12,1791500273.0284693,3831580,,,,init,started,0.0,0,1
cp_tutorial_advanced_segmentation_final,3,12,1791500273.3003764,3832461,worker_0,W001,pipeline,axis_started,started,0.0,0,16
cp_tutorial_advanced_segmentation_final,3,12,1791500273.3055332,3832461,worker_0,W001,CorrectIlluminationApply,step_started,started,0.0,0,16
cp_tutorial_advanced_segmentation_final,3,12,1791500273.3240037,3832462,worker_1,W002,pipeline,axis_started,started,0.0,0,16
cp_tutorial_advanced_segmentation_final,3,12,1791500273.3292103,3832462,worker_1,W002,CorrectIlluminationApply,step_started,started,0.0,0,16
cp_tutorial_advanced_segmentation_final,3,12,1791500273.3435571,3832463,worker_2,W003,pipeline,axis_started,started,0.0,0,16
cp_tutorial_advanced_segmentation_final,3,12,1791500273.348091,3832463,worker_2,W003,CorrectIlluminationApply,step_started,started,0.0,0,16
cp_tutorial_advanced_segmentation_final,3,12,1791500273.4151278,3832461,worker_0,W001,CorrectIlluminationApply,pattern_group,running,20.0,1,5
cp_tutorial_advanced_segmentation_final,3,12,1791500273.4373221,3832462,worker_1,W002,CorrectIlluminationApply,pattern_group,running,20.0,1,5
cp_tutorial_advanced_segmentation_final,3,12,1791500273.4437675,3832461,worker_0,W001,CorrectIlluminationApply,pattern_group,running,40.0,2,5
cp_tutorial_advanced_segmentation_final,3,12,1791500273.4627008,3832463,worker_2,W003,CorrectIlluminationApply,pattern_group,running,20.0,1,5
cp_tutorial_advanced_segmentation_final,3,12,1791500273.4663808,3832462,worker_1,W002,CorrectIlluminationApply,pattern_group,running,40.0,2,5
cp_tutorial_advanced_segmentation_final,3,12,1791500273.473112,3832461,worker_0,W001,CorrectIlluminationApply,pattern_group,running,60.0,3,5
cp_tutorial_advanced_segmentation_final,3,12,1791500273.4933896,3832463,worker_2,W003,CorrectIlluminationApply,pattern_group,running,40.0,2,5
cp_tutorial_advanced_segmentation_final,3,12,1791500273.4951737,3832462,worker_1,W002,CorrectIlluminationApply,pattern_group,running,60.0,3,5
cp_tutorial_advanced_segmentation_final,3,12,1791500273.5021496,3832461,worker_0,W001,CorrectIlluminationApply,pattern_group,running,80.0,4,5
cp_tutorial_advanced_segmentation_final,3,12,1791500273.5236065,3832463,worker_2,W003,CorrectIlluminationApply,pattern_group,running,60.0,3,5
cp_tutorial_advanced_segmentation_final,3,12,1791500273.524159,3832462,worker_1,W002,CorrectIlluminationApply,pattern_group,running,80.0,4,5
cp_tutorial_advanced_segmentation_final,3,12,1791500273.5314023,3832461,worker_0,W001,CorrectIlluminationApply,pattern_group,running,100.0,5,5
cp_tutorial_advanced_segmentation_final,3,12,1791500273.5317645,3832461,worker_0,W001,CorrectIlluminationApply,step_completed,success,6.25,1,16
cp_tutorial_advanced_segmentation_final,3,12,1791500273.5323377,3832461,worker_0,W001,IdentifyPrimaryObjects,step_started,started,6.25,1,16
cp_tutorial_advanced_segmentation_final,3,12,1791500273.554239,3832462,worker_1,W002,CorrectIlluminationApply,pattern_group,running,100.0,5,5
cp_tutorial_advanced_segmentation_final,3,12,1791500273.554625,3832462,worker_1,W002,CorrectIlluminationApply,step_completed,success,6.25,1,16
cp_tutorial_advanced_segmentation_final,3,12,1791500273.5546734,3832463,worker_2,W003,CorrectIlluminationApply,pattern_group,running,80.0,4,5
cp_tutorial_advanced_segmentation_final,3,12,1791500273.5552108,3832462,worker_1,W002,IdentifyPrimaryObjects,step_started,started,6.25,1,16
cp_tutorial_advanced_segmentation_final,3,12,1791500273.5868855,3832463,worker_2,W003,CorrectIlluminationApply,pattern_group,running,100.0,5,5
cp_tutorial_advanced_segmentation_final,3,12,1791500273.5872538,3832463,worker_2,W003,CorrectIlluminationApply,step_completed,success,6.25,1,16
cp_tutorial_advanced_segmentation_final,3,12,1791500273.5878413,3832463,worker_2,W003,IdentifyPrimaryObjects,step_started,started,6.25,1,16
cp_tutorial_advanced_segmentation_final,3,12,1791500273.6443405,3832461,worker_0,W001,IdentifyPrimaryObjects,pattern_group,running,100.0,1,1
cp_tutorial_advanced_segmentation_final,3,12,1791500273.6451464,3832461,worker_0,W001,IdentifyPrimaryObjects,step_completed,success,12.5,2,16
cp_tutorial_advanced_segmentation_final,3,12,1791500273.6461253,3832461,worker_0,W001,IdentifySecondaryObjects,step_started,started,12.5,2,16
cp_tutorial_advanced_segmentation_final,3,12,1791500273.6663759,3832462,worker_1,W002,IdentifyPrimaryObjects,pattern_group,running,100.0,1,1
cp_tutorial_advanced_segmentation_final,3,12,1791500273.667102,3832462,worker_1,W002,IdentifyPrimaryObjects,step_completed,success,12.5,2,16
cp_tutorial_advanced_segmentation_final,3,12,1791500273.6680033,3832462,worker_1,W002,IdentifySecondaryObjects,step_started,started,12.5,2,16
cp_tutorial_advanced_segmentation_final,3,12,1791500273.6952057,3832463,worker_2,W003,IdentifyPrimaryObjects,pattern_group,running,100.0,1,1
cp_tutorial_advanced_segmentation_final,3,12,1791500273.6959207,3832463,worker_2,W003,IdentifyPrimaryObjects,step_completed,success,12.5,2,16
cp_tutorial_advanced_segmentation_final,3,12,1791500273.6968236,3832463,worker_2,W003,IdentifySecondaryObjects,step_started,started,12.5,2,16
cp_tutorial_advanced_segmentation_final,3,12,1791500273.9011824,3832461,worker_0,W001,IdentifySecondaryObjects,pattern_group,running,100.0,1,1
cp_tutorial_advanced_segmentation_final,3,12,1791500273.9019954,3832461,worker_0,W001,IdentifySecondaryObjects,step_completed,success,18.75,3,16
cp_tutorial_advanced_segmentation_final,3,12,1791500273.9027882,3832461,worker_0,W001,IdentifyTertiaryObjects,step_started,started,18.75,3,16
cp_tutorial_advanced_segmentation_final,3,12,1791500273.91362,3832462,worker_1,W002,IdentifySecondaryObjects,pattern_group,running,100.0,1,1
cp_tutorial_advanced_segmentation_final,3,12,1791500273.9144917,3832462,worker_1,W002,IdentifySecondaryObjects,step_completed,success,18.75,3,16
cp_tutorial_advanced_segmentation_final,3,12,1791500273.915315,3832462,worker_1,W002,IdentifyTertiaryObjects,step_started,started,18.75,3,16
cp_tutorial_advanced_segmentation_final,3,12,1791500273.9396372,3832463,worker_2,W003,IdentifySecondaryObjects,pattern_group,running,100.0,1,1
cp_tutorial_advanced_segmentation_final,3,12,1791500273.940527,3832463,worker_2,W003,IdentifySecondaryObjects,step_completed,success,18.75,3,16
cp_tutorial_advanced_segmentation_final,3,12,1791500273.9420424,3832463,worker_2,W003,IdentifyTertiaryObjects,step_started,started,18.75,3,16
cp_tutorial_advanced_segmentation_final,3,12,1791500273.957696,3832461,worker_0,W001,IdentifyTertiaryObjects,pattern_group,running,100.0,1,1
cp_tutorial_advanced_segmentation_final,3,12,1791500273.9584763,3832461,worker_0,W001,IdentifyTertiaryObjects,step_completed,success,25.0,4,16
cp_tutorial_advanced_segmentation_final,3,12,1791500273.959369,3832461,worker_0,W001,EnhanceOrSuppressFeatures,step_started,started,25.0,4,16
cp_tutorial_advanced_segmentation_final,3,12,1791500273.9704876,3832461,worker_0,W001,EnhanceOrSuppressFeatures,pattern_group,running,100.0,1,1
cp_tutorial_advanced_segmentation_final,3,12,1791500273.9708936,3832461,worker_0,W001,EnhanceOrSuppressFeatures,step_completed,success,31.25,5,16
cp_tutorial_advanced_segmentation_final,3,12,1791500273.9715319,3832461,worker_0,W001,MaskImage,step_started,started,31.25,5,16
cp_tutorial_advanced_segmentation_final,3,12,1791500273.9725146,3832462,worker_1,W002,IdentifyTertiaryObjects,pattern_group,running,100.0,1,1
cp_tutorial_advanced_segmentation_final,3,12,1791500273.973371,3832462,worker_1,W002,IdentifyTertiaryObjects,step_completed,success,25.0,4,16
cp_tutorial_advanced_segmentation_final,3,12,1791500273.974409,3832462,worker_1,W002,EnhanceOrSuppressFeatures,step_started,started,25.0,4,16
cp_tutorial_advanced_segmentation_final,3,12,1791500273.9800453,3832461,worker_0,W001,MaskImage,pattern_group,running,100.0,1,1
cp_tutorial_advanced_segmentation_final,3,12,1791500273.980381,3832461,worker_0,W001,MaskImage,step_completed,success,37.5,6,16
cp_tutorial_advanced_segmentation_final,3,12,1791500273.9811742,3832461,worker_0,W001,IdentifyPrimaryObjects,step_started,started,37.5,6,16
cp_tutorial_advanced_segmentation_final,3,12,1791500273.9848025,3832462,worker_1,W002,EnhanceOrSuppressFeatures,pattern_group,running,100.0,1,1
cp_tutorial_advanced_segmentation_final,3,12,1791500273.985299,3832462,worker_1,W002,EnhanceOrSuppressFeatures,step_completed,success,31.25,5,16
cp_tutorial_advanced_segmentation_final,3,12,1791500273.9859793,3832462,worker_1,W002,MaskImage,step_started,started,31.25,5,16
cp_tutorial_advanced_segmentation_final,3,12,1791500273.9937603,3832463,worker_2,W003,IdentifyTertiaryObjects,pattern_group,running,100.0,1,1
cp_tutorial_advanced_segmentation_final,3,12,1791500273.9938123,3832462,worker_1,W002,MaskImage,pattern_group,running,100.0,1,1
cp_tutorial_advanced_segmentation_final,3,12,1791500273.9941142,3832462,worker_1,W002,MaskImage,step_completed,success,37.5,6,16
cp_tutorial_advanced_segmentation_final,3,12,1791500273.994369,3832463,worker_2,W003,IdentifyTertiaryObjects,step_completed,success,25.0,4,16
cp_tutorial_advanced_segmentation_final,3,12,1791500273.9949198,3832462,worker_1,W002,IdentifyPrimaryObjects,step_started,started,37.5,6,16
cp_tutorial_advanced_segmentation_final,3,12,1791500273.995184,3832463,worker_2,W003,EnhanceOrSuppressFeatures,step_started,started,25.0,4,16
cp_tutorial_advanced_segmentation_final,3,12,1791500274.0063136,3832463,worker_2,W003,EnhanceOrSuppressFeatures,pattern_group,running,100.0,1,1
cp_tutorial_advanced_segmentation_final,3,12,1791500274.0067427,3832463,worker_2,W003,EnhanceOrSuppressFeatures,step_completed,success,31.25,5,16
cp_tutorial_advanced_segmentation_final,3,12,1791500274.0076447,3832463,worker_2,W003,MaskImage,step_started,started,31.25,5,16
cp_tutorial_advanced_segmentation_final,3,12,1791500274.0163212,3832463,worker_2,W003,MaskImage,pattern_group,running,100.0,1,1
cp_tutorial_advanced_segmentation_final,3,12,1791500274.0167086,3832463,worker_2,W003,MaskImage,step_completed,success,37.5,6,16
cp_tutorial_advanced_segmentation_final,3,12,1791500274.017595,3832463,worker_2,W003,IdentifyPrimaryObjects,step_started,started,37.5,6,16
cp_tutorial_advanced_segmentation_final,3,12,1791500274.072033,3832461,worker_0,W001,IdentifyPrimaryObjects,pattern_group,running,100.0,1,1
cp_tutorial_advanced_segmentation_final,3,12,1791500274.0728834,3832461,worker_0,W001,IdentifyPrimaryObjects,step_completed,success,43.75,7,16
cp_tutorial_advanced_segmentation_final,3,12,1791500274.0739918,3832461,worker_0,W001,MaskImage,step_started,started,43.75,7,16
cp_tutorial_advanced_segmentation_final,3,12,1791500274.0839875,3832461,worker_0,W001,MaskImage,pattern_group,running,100.0,1,1
cp_tutorial_advanced_segmentation_final,3,12,1791500274.0843775,3832461,worker_0,W001,MaskImage,step_completed,success,50.0,8,16
cp_tutorial_advanced_segmentation_final,3,12,1791500274.085065,3832461,worker_0,W001,IdentifyPrimaryObjects,step_started,started,50.0,8,16
cp_tutorial_advanced_segmentation_final,3,12,1791500274.0865555,3832462,worker_1,W002,IdentifyPrimaryObjects,pattern_group,running,100.0,1,1
cp_tutorial_advanced_segmentation_final,3,12,1791500274.0873485,3832462,worker_1,W002,IdentifyPrimaryObjects,step_completed,success,43.75,7,16
cp_tutorial_advanced_segmentation_final,3,12,1791500274.0885274,3832462,worker_1,W002,MaskImage,step_started,started,43.75,7,16
cp_tutorial_advanced_segmentation_final,3,12,1791500274.098366,3832462,worker_1,W002,MaskImage,pattern_group,running,100.0,1,1
cp_tutorial_advanced_segmentation_final,3,12,1791500274.0987225,3832462,worker_1,W002,MaskImage,step_completed,success,50.0,8,16
cp_tutorial_advanced_segmentation_final,3,12,1791500274.0994573,3832462,worker_1,W002,IdentifyPrimaryObjects,step_started,started,50.0,8,16
cp_tutorial_advanced_segmentation_final,3,12,1791500274.1061177,3832463,worker_2,W003,IdentifyPrimaryObjects,pattern_group,running,100.0,1,1
cp_tutorial_advanced_segmentation_final,3,12,1791500274.1069682,3832463,worker_2,W003,IdentifyPrimaryObjects,step_completed,success,43.75,7,16
cp_tutorial_advanced_segmentation_final,3,12,1791500274.1081617,3832463,worker_2,W003,MaskImage,step_started,started,43.75,7,16
cp_tutorial_advanced_segmentation_final,3,12,1791500274.1193943,3832463,worker_2,W003,MaskImage,pattern_group,running,100.0,1,1
cp_tutorial_advanced_segmentation_final,3,12,1791500274.1198337,3832463,worker_2,W003,MaskImage,step_completed,success,50.0,8,16
cp_tutorial_advanced_segmentation_final,3,12,1791500274.120582,3832463,worker_2,W003,IdentifyPrimaryObjects,step_started,started,50.0,8,16
cp_tutorial_advanced_segmentation_final,3,12,1791500274.1866074,3832461,worker_0,W001,IdentifyPrimaryObjects,pattern_group,running,100.0,1,1
cp_tutorial_advanced_segmentation_final,3,12,1791500274.1874177,3832461,worker_0,W001,IdentifyPrimaryObjects,step_completed,success,56.25,9,16
cp_tutorial_advanced_segmentation_final,3,12,1791500274.1885903,3832461,worker_0,W001,MeasureColocalization,step_started,started,56.25,9,16
cp_tutorial_advanced_segmentation_final,3,12,1791500274.2026637,3832462,worker_1,W002,IdentifyPrimaryObjects,pattern_group,running,100.0,1,1
cp_tutorial_advanced_segmentation_final,3,12,1791500274.2035155,3832462,worker_1,W002,IdentifyPrimaryObjects,step_completed,success,56.25,9,16
cp_tutorial_advanced_segmentation_final,3,12,1791500274.2048316,3832462,worker_1,W002,MeasureColocalization,step_started,started,56.25,9,16
cp_tutorial_advanced_segmentation_final,3,12,1791500274.22054,3832463,worker_2,W003,IdentifyPrimaryObjects,pattern_group,running,100.0,1,1
cp_tutorial_advanced_segmentation_final,3,12,1791500274.2214599,3832463,worker_2,W003,IdentifyPrimaryObjects,step_completed,success,56.25,9,16
cp_tutorial_advanced_segmentation_final,3,12,1791500274.222661,3832463,worker_2,W003,MeasureColocalization,step_started,started,56.25,9,16
cp_tutorial_advanced_segmentation_final,3,12,1791500274.8980393,3832461,worker_0,W001,MeasureColocalization,pattern_group,running,50.0,1,2
cp_tutorial_advanced_segmentation_final,3,12,1791500274.921922,3832462,worker_1,W002,MeasureColocalization,pattern_group,running,50.0,1,2
cp_tutorial_advanced_segmentation_final,3,12,1791500274.9305005,3832463,worker_2,W003,MeasureColocalization,pattern_group,running,50.0,1,2
cp_tutorial_advanced_segmentation_final,3,12,1791500275.5769477,3832461,worker_0,W001,MeasureColocalization,pattern_group,running,100.0,2,2
cp_tutorial_advanced_segmentation_final,3,12,1791500275.5818954,3832461,worker_0,W001,MeasureColocalization,step_completed,success,62.5,10,16
cp_tutorial_advanced_segmentation_final,3,12,1791500275.5827343,3832461,worker_0,W001,MeasureObjectIntensity,step_started,started,62.5,10,16
cp_tutorial_advanced_segmentation_final,3,12,1791500275.5945385,3832462,worker_1,W002,MeasureColocalization,pattern_group,running,100.0,2,2
cp_tutorial_advanced_segmentation_final,3,12,1791500275.5997531,3832462,worker_1,W002,MeasureColocalization,step_completed,success,62.5,10,16
cp_tutorial_advanced_segmentation_final,3,12,1791500275.6006048,3832462,worker_1,W002,MeasureObjectIntensity,step_started,started,62.5,10,16
cp_tutorial_advanced_segmentation_final,3,12,1791500275.613485,3832463,worker_2,W003,MeasureColocalization,pattern_group,running,100.0,2,2
cp_tutorial_advanced_segmentation_final,3,12,1791500275.6186585,3832463,worker_2,W003,MeasureColocalization,step_completed,success,62.5,10,16
cp_tutorial_advanced_segmentation_final,3,12,1791500275.619522,3832463,worker_2,W003,MeasureObjectIntensity,step_started,started,62.5,10,16
cp_tutorial_advanced_segmentation_final,3,12,1791500276.032785,3832461,worker_0,W001,MeasureObjectIntensity,pattern_group,running,50.0,1,2
cp_tutorial_advanced_segmentation_final,3,12,1791500276.0503168,3832462,worker_1,W002,MeasureObjectIntensity,pattern_group,running,50.0,1,2
cp_tutorial_advanced_segmentation_final,3,12,1791500276.0714135,3832463,worker_2,W003,MeasureObjectIntensity,pattern_group,running,50.0,1,2
cp_tutorial_advanced_segmentation_final,3,12,1791500276.1474252,3832461,worker_0,W001,MeasureObjectIntensity,pattern_group,running,100.0,2,2
cp_tutorial_advanced_segmentation_final,3,12,1791500276.1507664,3832461,worker_0,W001,MeasureObjectIntensity,step_completed,success,68.75,11,16
cp_tutorial_advanced_segmentation_final,3,12,1791500276.151933,3832461,worker_0,W001,MeasureObjectIntensityDistribution,step_started,started,68.75,11,16
cp_tutorial_advanced_segmentation_final,3,12,1791500276.1654751,3832462,worker_1,W002,MeasureObjectIntensity,pattern_group,running,100.0,2,2
cp_tutorial_advanced_segmentation_final,3,12,1791500276.1690557,3832462,worker_1,W002,MeasureObjectIntensity,step_completed,success,68.75,11,16
cp_tutorial_advanced_segmentation_final,3,12,1791500276.170267,3832462,worker_1,W002,MeasureObjectIntensityDistribution,step_started,started,68.75,11,16
cp_tutorial_advanced_segmentation_final,3,12,1791500276.1928153,3832463,worker_2,W003,MeasureObjectIntensity,pattern_group,running,100.0,2,2
cp_tutorial_advanced_segmentation_final,3,12,1791500276.196177,3832463,worker_2,W003,MeasureObjectIntensity,step_completed,success,68.75,11,16
cp_tutorial_advanced_segmentation_final,3,12,1791500276.1973236,3832463,worker_2,W003,MeasureObjectIntensityDistribution,step_started,started,68.75,11,16
cp_tutorial_advanced_segmentation_final,3,12,1791500276.2693295,3832461,worker_0,W001,MeasureObjectIntensityDistribution,pattern_group,running,50.0,1,2
cp_tutorial_advanced_segmentation_final,3,12,1791500276.2855296,3832462,worker_1,W002,MeasureObjectIntensityDistribution,pattern_group,running,50.0,1,2
cp_tutorial_advanced_segmentation_final,3,12,1791500276.311087,3832463,worker_2,W003,MeasureObjectIntensityDistribution,pattern_group,running,50.0,1,2
cp_tutorial_advanced_segmentation_final,3,12,1791500276.320795,3832461,worker_0,W001,MeasureObjectIntensityDistribution,pattern_group,running,100.0,2,2
cp_tutorial_advanced_segmentation_final,3,12,1791500276.3236332,3832461,worker_0,W001,MeasureObjectIntensityDistribution,step_completed,success,75.0,12,16
cp_tutorial_advanced_segmentation_final,3,12,1791500276.325362,3832461,worker_0,W001,MeasureObjectSizeShape,step_started,started,75.0,12,16
cp_tutorial_advanced_segmentation_final,3,12,1791500276.3349545,3832462,worker_1,W002,MeasureObjectIntensityDistribution,pattern_group,running,100.0,2,2
cp_tutorial_advanced_segmentation_final,3,12,1791500276.3378356,3832462,worker_1,W002,MeasureObjectIntensityDistribution,step_completed,success,75.0,12,16
cp_tutorial_advanced_segmentation_final,3,12,1791500276.3394687,3832462,worker_1,W002,MeasureObjectSizeShape,step_started,started,75.0,12,16
cp_tutorial_advanced_segmentation_final,3,12,1791500276.3615654,3832463,worker_2,W003,MeasureObjectIntensityDistribution,pattern_group,running,100.0,2,2
cp_tutorial_advanced_segmentation_final,3,12,1791500276.3643146,3832463,worker_2,W003,MeasureObjectIntensityDistribution,step_completed,success,75.0,12,16
cp_tutorial_advanced_segmentation_final,3,12,1791500276.3658073,3832463,worker_2,W003,MeasureObjectSizeShape,step_started,started,75.0,12,16
cp_tutorial_advanced_segmentation_final,3,12,1791500276.7199697,3832462,worker_1,W002,MeasureObjectSizeShape,pattern_group,running,25.0,1,4
cp_tutorial_advanced_segmentation_final,3,12,1791500276.7254858,3832461,worker_0,W001,MeasureObjectSizeShape,pattern_group,running,25.0,1,4
cp_tutorial_advanced_segmentation_final,3,12,1791500276.7527165,3832463,worker_2,W003,MeasureObjectSizeShape,pattern_group,running,25.0,1,4
cp_tutorial_advanced_segmentation_final,3,12,1791500276.8178513,3832462,worker_1,W002,MeasureObjectSizeShape,pattern_group,running,50.0,2,4
cp_tutorial_advanced_segmentation_final,3,12,1791500276.8312957,3832461,worker_0,W001,MeasureObjectSizeShape,pattern_group,running,50.0,2,4
cp_tutorial_advanced_segmentation_final,3,12,1791500276.8538744,3832463,worker_2,W003,MeasureObjectSizeShape,pattern_group,running,50.0,2,4
cp_tutorial_advanced_segmentation_final,3,12,1791500276.9027956,3832462,worker_1,W002,MeasureObjectSizeShape,pattern_group,running,75.0,3,4
cp_tutorial_advanced_segmentation_final,3,12,1791500276.9179282,3832461,worker_0,W001,MeasureObjectSizeShape,pattern_group,running,75.0,3,4
cp_tutorial_advanced_segmentation_final,3,12,1791500276.9398623,3832463,worker_2,W003,MeasureObjectSizeShape,pattern_group,running,75.0,3,4
cp_tutorial_advanced_segmentation_final,3,12,1791500276.9464107,3832462,worker_1,W002,MeasureObjectSizeShape,pattern_group,running,100.0,4,4
cp_tutorial_advanced_segmentation_final,3,12,1791500276.9519114,3832462,worker_1,W002,MeasureObjectSizeShape,step_completed,success,81.25,13,16
cp_tutorial_advanced_segmentation_final,3,12,1791500276.9533563,3832462,worker_1,W002,MeasureObjectNeighbors,step_started,started,81.25,13,16
cp_tutorial_advanced_segmentation_final,3,12,1791500276.965436,3832461,worker_0,W001,MeasureObjectSizeShape,pattern_group,running,100.0,4,4
cp_tutorial_advanced_segmentation_final,3,12,1791500276.9713311,3832461,worker_0,W001,MeasureObjectSizeShape,step_completed,success,81.25,13,16
cp_tutorial_advanced_segmentation_final,3,12,1791500276.973548,3832461,worker_0,W001,MeasureObjectNeighbors,step_started,started,81.25,13,16
cp_tutorial_advanced_segmentation_final,3,12,1791500276.9851985,3832463,worker_2,W003,MeasureObjectSizeShape,pattern_group,running,100.0,4,4
cp_tutorial_advanced_segmentation_final,3,12,1791500276.9903288,3832463,worker_2,W003,MeasureObjectSizeShape,step_completed,success,81.25,13,16
cp_tutorial_advanced_segmentation_final,3,12,1791500276.991737,3832463,worker_2,W003,MeasureObjectNeighbors,step_started,started,81.25,13,16
cp_tutorial_advanced_segmentation_final,3,12,1791500277.0099454,3832462,worker_1,W002,MeasureObjectNeighbors,pattern_group,running,33.33333333333333,1,3
cp_tutorial_advanced_segmentation_final,3,12,1791500277.0361335,3832461,worker_0,W001,MeasureObjectNeighbors,pattern_group,running,33.33333333333333,1,3
cp_tutorial_advanced_segmentation_final,3,12,1791500277.0552757,3832463,worker_2,W003,MeasureObjectNeighbors,pattern_group,running,33.33333333333333,1,3
cp_tutorial_advanced_segmentation_final,3,12,1791500277.0568259,3832462,worker_1,W002,MeasureObjectNeighbors,pattern_group,running,66.66666666666666,2,3
cp_tutorial_advanced_segmentation_final,3,12,1791500277.0860784,3832461,worker_0,W001,MeasureObjectNeighbors,pattern_group,running,66.66666666666666,2,3
cp_tutorial_advanced_segmentation_final,3,12,1791500277.1028905,3832463,worker_2,W003,MeasureObjectNeighbors,pattern_group,running,66.66666666666666,2,3
cp_tutorial_advanced_segmentation_final,3,12,1791500277.126888,3832462,worker_1,W002,MeasureObjectNeighbors,pattern_group,running,100.0,3,3
cp_tutorial_advanced_segmentation_final,3,12,1791500277.128174,3832462,worker_1,W002,MeasureObjectNeighbors,step_completed,success,87.5,14,16
cp_tutorial_advanced_segmentation_final,3,12,1791500277.1289985,3832462,worker_1,W002,RelateObjects,step_started,started,87.5,14,16
cp_tutorial_advanced_segmentation_final,3,12,1791500277.1551256,3832461,worker_0,W001,MeasureObjectNeighbors,pattern_group,running,100.0,3,3
cp_tutorial_advanced_segmentation_final,3,12,1791500277.1564934,3832461,worker_0,W001,MeasureObjectNeighbors,step_completed,success,87.5,14,16
cp_tutorial_advanced_segmentation_final,3,12,1791500277.1573274,3832461,worker_0,W001,RelateObjects,step_started,started,87.5,14,16
cp_tutorial_advanced_segmentation_final,3,12,1791500277.1736493,3832463,worker_2,W003,MeasureObjectNeighbors,pattern_group,running,100.0,3,3
cp_tutorial_advanced_segmentation_final,3,12,1791500277.1750479,3832463,worker_2,W003,MeasureObjectNeighbors,step_completed,success,87.5,14,16
cp_tutorial_advanced_segmentation_final,3,12,1791500277.1760883,3832463,worker_2,W003,RelateObjects,step_started,started,87.5,14,16
cp_tutorial_advanced_segmentation_final,3,12,1791500277.3249083,3832462,worker_1,W002,RelateObjects,pattern_group,running,50.0,1,2
cp_tutorial_advanced_segmentation_final,3,12,1791500277.3463538,3832461,worker_0,W001,RelateObjects,pattern_group,running,50.0,1,2
cp_tutorial_advanced_segmentation_final,3,12,1791500277.3655019,3832463,worker_2,W003,RelateObjects,pattern_group,running,50.0,1,2
cp_tutorial_advanced_segmentation_final,3,12,1791500277.7223861,3832462,worker_1,W002,RelateObjects,pattern_group,running,100.0,2,2
cp_tutorial_advanced_segmentation_final,3,12,1791500277.7275994,3832462,worker_1,W002,RelateObjects,step_completed,success,93.75,15,16
cp_tutorial_advanced_segmentation_final,3,12,1791500277.729938,3832462,worker_1,W002,pipeline,axis_completed,success,93.75,15,16
cp_tutorial_advanced_segmentation_final,3,12,1791500277.7300322,3832462,worker_1,W005,pipeline,axis_started,started,0.0,0,16
cp_tutorial_advanced_segmentation_final,3,12,1791500277.7338061,3832462,worker_1,W005,CorrectIlluminationApply,step_started,started,0.0,0,16
cp_tutorial_advanced_segmentation_final,3,12,1791500277.75588,3832461,worker_0,W001,RelateObjects,pattern_group,running,100.0,2,2
cp_tutorial_advanced_segmentation_final,3,12,1791500277.7565293,3832463,worker_2,W003,RelateObjects,pattern_group,running,100.0,2,2
cp_tutorial_advanced_segmentation_final,3,12,1791500277.7609034,3832461,worker_0,W001,RelateObjects,step_completed,success,93.75,15,16
cp_tutorial_advanced_segmentation_final,3,12,1791500277.7632658,3832461,worker_0,W001,pipeline,axis_completed,success,93.75,15,16
cp_tutorial_advanced_segmentation_final,3,12,1791500277.76158,3832463,worker_2,W003,RelateObjects,step_completed,success,93.75,15,16
cp_tutorial_advanced_segmentation_final,3,12,1791500277.7633429,3832461,worker_0,W004,pipeline,axis_started,started,0.0,0,16
cp_tutorial_advanced_segmentation_final,3,12,1791500277.7639945,3832463,worker_2,W003,pipeline,axis_completed,success,93.75,15,16
cp_tutorial_advanced_segmentation_final,3,12,1791500277.764063,3832463,worker_2,W006,pipeline,axis_started,started,0.0,0,16
cp_tutorial_advanced_segmentation_final,3,12,1791500277.7670813,3832461,worker_0,W004,CorrectIlluminationApply,step_started,started,0.0,0,16
cp_tutorial_advanced_segmentation_final,3,12,1791500277.7678301,3832463,worker_2,W006,CorrectIlluminationApply,step_started,started,0.0,0,16
cp_tutorial_advanced_segmentation_final,3,12,1791500277.7931173,3832462,worker_1,W005,CorrectIlluminationApply,pattern_group,running,20.0,1,5
cp_tutorial_advanced_segmentation_final,3,12,1791500277.8229125,3832462,worker_1,W005,CorrectIlluminationApply,pattern_group,running,40.0,2,5
cp_tutorial_advanced_segmentation_final,3,12,1791500277.8292441,3832463,worker_2,W006,CorrectIlluminationApply,pattern_group,running,20.0,1,5
cp_tutorial_advanced_segmentation_final,3,12,1791500277.8314598,3832461,worker_0,W004,CorrectIlluminationApply,pattern_group,running,20.0,1,5
cp_tutorial_advanced_segmentation_final,3,12,1791500277.8537083,3832462,worker_1,W005,CorrectIlluminationApply,pattern_group,running,60.0,3,5
cp_tutorial_advanced_segmentation_final,3,12,1791500277.8586233,3832463,worker_2,W006,CorrectIlluminationApply,pattern_group,running,40.0,2,5
cp_tutorial_advanced_segmentation_final,3,12,1791500277.8605404,3832461,worker_0,W004,CorrectIlluminationApply,pattern_group,running,40.0,2,5
cp_tutorial_advanced_segmentation_final,3,12,1791500277.8841531,3832462,worker_1,W005,CorrectIlluminationApply,pattern_group,running,80.0,4,5
cp_tutorial_advanced_segmentation_final,3,12,1791500277.8887367,3832463,worker_2,W006,CorrectIlluminationApply,pattern_group,running,60.0,3,5
cp_tutorial_advanced_segmentation_final,3,12,1791500277.8898892,3832461,worker_0,W004,CorrectIlluminationApply,pattern_group,running,60.0,3,5
cp_tutorial_advanced_segmentation_final,3,12,1791500277.9138224,3832462,worker_1,W005,CorrectIlluminationApply,pattern_group,running,100.0,5,5
cp_tutorial_advanced_segmentation_final,3,12,1791500277.9142582,3832462,worker_1,W005,CorrectIlluminationApply,step_completed,success,6.25,1,16
cp_tutorial_advanced_segmentation_final,3,12,1791500277.91519,3832462,worker_1,W005,IdentifyPrimaryObjects,step_started,started,6.25,1,16
cp_tutorial_advanced_segmentation_final,3,12,1791500277.9180906,3832463,worker_2,W006,CorrectIlluminationApply,pattern_group,running,80.0,4,5
cp_tutorial_advanced_segmentation_final,3,12,1791500277.9185574,3832461,worker_0,W004,CorrectIlluminationApply,pattern_group,running,80.0,4,5
cp_tutorial_advanced_segmentation_final,3,12,1791500277.9505544,3832463,worker_2,W006,CorrectIlluminationApply,pattern_group,running,100.0,5,5
cp_tutorial_advanced_segmentation_final,3,12,1791500277.9507775,3832461,worker_0,W004,CorrectIlluminationApply,pattern_group,running,100.0,5,5
cp_tutorial_advanced_segmentation_final,3,12,1791500277.950953,3832463,worker_2,W006,CorrectIlluminationApply,step_completed,success,6.25,1,16
cp_tutorial_advanced_segmentation_final,3,12,1791500277.9511364,3832461,worker_0,W004,CorrectIlluminationApply,step_completed,success,6.25,1,16
cp_tutorial_advanced_segmentation_final,3,12,1791500277.951535,3832463,worker_2,W006,IdentifyPrimaryObjects,step_started,started,6.25,1,16
cp_tutorial_advanced_segmentation_final,3,12,1791500277.951838,3832461,worker_0,W004,IdentifyPrimaryObjects,step_started,started,6.25,1,16
cp_tutorial_advanced_segmentation_final,3,12,1791500278.0342648,3832462,worker_1,W005,IdentifyPrimaryObjects,pattern_group,running,100.0,1,1
cp_tutorial_advanced_segmentation_final,3,12,1791500278.0349767,3832462,worker_1,W005,IdentifyPrimaryObjects,step_completed,success,12.5,2,16
cp_tutorial_advanced_segmentation_final,3,12,1791500278.0358627,3832462,worker_1,W005,IdentifySecondaryObjects,step_started,started,12.5,2,16
cp_tutorial_advanced_segmentation_final,3,12,1791500278.0637712,3832463,worker_2,W006,IdentifyPrimaryObjects,pattern_group,running,100.0,1,1
cp_tutorial_advanced_segmentation_final,3,12,1791500278.0638542,3832461,worker_0,W004,IdentifyPrimaryObjects,pattern_group,running,100.0,1,1
cp_tutorial_advanced_segmentation_final,3,12,1791500278.0645807,3832461,worker_0,W004,IdentifyPrimaryObjects,step_completed,success,12.5,2,16
cp_tutorial_advanced_segmentation_final,3,12,1791500278.064582,3832463,worker_2,W006,IdentifyPrimaryObjects,step_completed,success,12.5,2,16
cp_tutorial_advanced_segmentation_final,3,12,1791500278.065502,3832461,worker_0,W004,IdentifySecondaryObjects,step_started,started,12.5,2,16
cp_tutorial_advanced_segmentation_final,3,12,1791500278.0655012,3832463,worker_2,W006,IdentifySecondaryObjects,step_started,started,12.5,2,16
cp_tutorial_advanced_segmentation_final,3,12,1791500278.297476,3832462,worker_1,W005,IdentifySecondaryObjects,pattern_group,running,100.0,1,1
cp_tutorial_advanced_segmentation_final,3,12,1791500278.2982666,3832462,worker_1,W005,IdentifySecondaryObjects,step_completed,success,18.75,3,16
cp_tutorial_advanced_segmentation_final,3,12,1791500278.299106,3832462,worker_1,W005,IdentifyTertiaryObjects,step_started,started,18.75,3,16
cp_tutorial_advanced_segmentation_final,3,12,1791500278.308377,3832463,worker_2,W006,IdentifySecondaryObjects,pattern_group,running,100.0,1,1
cp_tutorial_advanced_segmentation_final,3,12,1791500278.30934,3832463,worker_2,W006,IdentifySecondaryObjects,step_completed,success,18.75,3,16
cp_tutorial_advanced_segmentation_final,3,12,1791500278.3101778,3832463,worker_2,W006,IdentifyTertiaryObjects,step_started,started,18.75,3,16
cp_tutorial_advanced_segmentation_final,3,12,1791500278.3217738,3832461,worker_0,W004,IdentifySecondaryObjects,pattern_group,running,100.0,1,1
cp_tutorial_advanced_segmentation_final,3,12,1791500278.3225787,3832461,worker_0,W004,IdentifySecondaryObjects,step_completed,success,18.75,3,16
cp_tutorial_advanced_segmentation_final,3,12,1791500278.323398,3832461,worker_0,W004,IdentifyTertiaryObjects,step_started,started,18.75,3,16
cp_tutorial_advanced_segmentation_final,3,12,1791500278.355415,3832462,worker_1,W005,IdentifyTertiaryObjects,pattern_group,running,100.0,1,1
cp_tutorial_advanced_segmentation_final,3,12,1791500278.3559794,3832462,worker_1,W005,IdentifyTertiaryObjects,step_completed,success,25.0,4,16
cp_tutorial_advanced_segmentation_final,3,12,1791500278.356793,3832462,worker_1,W005,EnhanceOrSuppressFeatures,step_started,started,25.0,4,16
cp_tutorial_advanced_segmentation_final,3,12,1791500278.3634005,3832463,worker_2,W006,IdentifyTertiaryObjects,pattern_group,running,100.0,1,1
cp_tutorial_advanced_segmentation_final,3,12,1791500278.3641212,3832463,worker_2,W006,IdentifyTertiaryObjects,step_completed,success,25.0,4,16
cp_tutorial_advanced_segmentation_final,3,12,1791500278.3651295,3832463,worker_2,W006,EnhanceOrSuppressFeatures,step_started,started,25.0,4,16
cp_tutorial_advanced_segmentation_final,3,12,1791500278.367627,3832462,worker_1,W005,EnhanceOrSuppressFeatures,pattern_group,running,100.0,1,1
cp_tutorial_advanced_segmentation_final,3,12,1791500278.3679113,3832462,worker_1,W005,EnhanceOrSuppressFeatures,step_completed,success,31.25,5,16
cp_tutorial_advanced_segmentation_final,3,12,1791500278.3685243,3832462,worker_1,W005,MaskImage,step_started,started,31.25,5,16
cp_tutorial_advanced_segmentation_final,3,12,1791500278.3751373,3832461,worker_0,W004,IdentifyTertiaryObjects,pattern_group,running,100.0,1,1
cp_tutorial_advanced_segmentation_final,3,12,1791500278.37566,3832463,worker_2,W006,EnhanceOrSuppressFeatures,pattern_group,running,100.0,1,1
cp_tutorial_advanced_segmentation_final,3,12,1791500278.375794,3832461,worker_0,W004,IdentifyTertiaryObjects,step_completed,success,25.0,4,16
cp_tutorial_advanced_segmentation_final,3,12,1791500278.3760192,3832463,worker_2,W006,EnhanceOrSuppressFeatures,step_completed,success,31.25,5,16
cp_tutorial_advanced_segmentation_final,3,12,1791500278.3766136,3832461,worker_0,W004,EnhanceOrSuppressFeatures,step_started,started,25.0,4,16
cp_tutorial_advanced_segmentation_final,3,12,1791500278.3766942,3832462,worker_1,W005,MaskImage,pattern_group,running,100.0,1,1
cp_tutorial_advanced_segmentation_final,3,12,1791500278.3766265,3832463,worker_2,W006,MaskImage,step_started,started,31.25,5,16
cp_tutorial_advanced_segmentation_final,3,12,1791500278.3769453,3832462,worker_1,W005,MaskImage,step_completed,success,37.5,6,16
cp_tutorial_advanced_segmentation_final,3,12,1791500278.37779,3832462,worker_1,W005,IdentifyPrimaryObjects,step_started,started,37.5,6,16
cp_tutorial_advanced_segmentation_final,3,12,1791500278.3846922,3832463,worker_2,W006,MaskImage,pattern_group,running,100.0,1,1
cp_tutorial_advanced_segmentation_final,3,12,1791500278.384982,3832463,worker_2,W006,MaskImage,step_completed,success,37.5,6,16
cp_tutorial_advanced_segmentation_final,3,12,1791500278.3858144,3832463,worker_2,W006,IdentifyPrimaryObjects,step_started,started,37.5,6,16
cp_tutorial_advanced_segmentation_final,3,12,1791500278.3870013,3832461,worker_0,W004,EnhanceOrSuppressFeatures,pattern_group,running,100.0,1,1
cp_tutorial_advanced_segmentation_final,3,12,1791500278.3872893,3832461,worker_0,W004,EnhanceOrSuppressFeatures,step_completed,success,31.25,5,16
cp_tutorial_advanced_segmentation_final,3,12,1791500278.3879497,3832461,worker_0,W004,MaskImage,step_started,started,31.25,5,16
cp_tutorial_advanced_segmentation_final,3,12,1791500278.3964188,3832461,worker_0,W004,MaskImage,pattern_group,running,100.0,1,1
cp_tutorial_advanced_segmentation_final,3,12,1791500278.396813,3832461,worker_0,W004,MaskImage,step_completed,success,37.5,6,16
cp_tutorial_advanced_segmentation_final,3,12,1791500278.3978434,3832461,worker_0,W004,IdentifyPrimaryObjects,step_started,started,37.5,6,16
cp_tutorial_advanced_segmentation_final,3,12,1791500278.47345,3832462,worker_1,W005,IdentifyPrimaryObjects,pattern_group,running,100.0,1,1
cp_tutorial_advanced_segmentation_final,3,12,1791500278.4741774,3832462,worker_1,W005,IdentifyPrimaryObjects,step_completed,success,43.75,7,16
cp_tutorial_advanced_segmentation_final,3,12,1791500278.4752543,3832462,worker_1,W005,MaskImage,step_started,started,43.75,7,16
cp_tutorial_advanced_segmentation_final,3,12,1791500278.477557,3832463,worker_2,W006,IdentifyPrimaryObjects,pattern_group,running,100.0,1,1
cp_tutorial_advanced_segmentation_final,3,12,1791500278.478339,3832463,worker_2,W006,IdentifyPrimaryObjects,step_completed,success,43.75,7,16
cp_tutorial_advanced_segmentation_final,3,12,1791500278.4794517,3832463,worker_2,W006,MaskImage,step_started,started,43.75,7,16
cp_tutorial_advanced_segmentation_final,3,12,1791500278.4851596,3832462,worker_1,W005,MaskImage,pattern_group,running,100.0,1,1
cp_tutorial_advanced_segmentation_final,3,12,1791500278.4854925,3832462,worker_1,W005,MaskImage,step_completed,success,50.0,8,16
cp_tutorial_advanced_segmentation_final,3,12,1791500278.4861226,3832462,worker_1,W005,IdentifyPrimaryObjects,step_started,started,50.0,8,16
cp_tutorial_advanced_segmentation_final,3,12,1791500278.487204,3832461,worker_0,W004,IdentifyPrimaryObjects,pattern_group,running,100.0,1,1
cp_tutorial_advanced_segmentation_final,3,12,1791500278.4879107,3832461,worker_0,W004,IdentifyPrimaryObjects,step_completed,success,43.75,7,16
cp_tutorial_advanced_segmentation_final,3,12,1791500278.4889019,3832463,worker_2,W006,MaskImage,pattern_group,running,100.0,1,1
cp_tutorial_advanced_segmentation_final,3,12,1791500278.4890199,3832461,worker_0,W004,MaskImage,step_started,started,43.75,7,16
cp_tutorial_advanced_segmentation_final,3,12,1791500278.4891937,3832463,worker_2,W006,MaskImage,step_completed,success,50.0,8,16
cp_tutorial_advanced_segmentation_final,3,12,1791500278.4898148,3832463,worker_2,W006,IdentifyPrimaryObjects,step_started,started,50.0,8,16
cp_tutorial_advanced_segmentation_final,3,12,1791500278.498994,3832461,worker_0,W004,MaskImage,pattern_group,running,100.0,1,1
cp_tutorial_advanced_segmentation_final,3,12,1791500278.4994433,3832461,worker_0,W004,MaskImage,step_completed,success,50.0,8,16
cp_tutorial_advanced_segmentation_final,3,12,1791500278.5002081,3832461,worker_0,W004,IdentifyPrimaryObjects,step_started,started,50.0,8,16
cp_tutorial_advanced_segmentation_final,3,12,1791500278.5907083,3832463,worker_2,W006,IdentifyPrimaryObjects,pattern_group,running,100.0,1,1
cp_tutorial_advanced_segmentation_final,3,12,1791500278.5914488,3832463,worker_2,W006,IdentifyPrimaryObjects,step_completed,success,56.25,9,16
cp_tutorial_advanced_segmentation_final,3,12,1791500278.5925107,3832463,worker_2,W006,MeasureColocalization,step_started,started,56.25,9,16
cp_tutorial_advanced_segmentation_final,3,12,1791500278.5934439,3832462,worker_1,W005,IdentifyPrimaryObjects,pattern_group,running,100.0,1,1
cp_tutorial_advanced_segmentation_final,3,12,1791500278.5941377,3832462,worker_1,W005,IdentifyPrimaryObjects,step_completed,success,56.25,9,16
cp_tutorial_advanced_segmentation_final,3,12,1791500278.5952017,3832462,worker_1,W005,MeasureColocalization,step_started,started,56.25,9,16
cp_tutorial_advanced_segmentation_final,3,12,1791500278.6009183,3832461,worker_0,W004,IdentifyPrimaryObjects,pattern_group,running,100.0,1,1
cp_tutorial_advanced_segmentation_final,3,12,1791500278.6017416,3832461,worker_0,W004,IdentifyPrimaryObjects,step_completed,success,56.25,9,16
cp_tutorial_advanced_segmentation_final,3,12,1791500278.6029537,3832461,worker_0,W004,MeasureColocalization,step_started,started,56.25,9,16
cp_tutorial_advanced_segmentation_final,3,12,1791500279.3915431,3832461,worker_0,W004,MeasureColocalization,pattern_group,running,50.0,1,2
cp_tutorial_advanced_segmentation_final,3,12,1791500279.39185,3832462,worker_1,W005,MeasureColocalization,pattern_group,running,50.0,1,2
cp_tutorial_advanced_segmentation_final,3,12,1791500279.3964026,3832463,worker_2,W006,MeasureColocalization,pattern_group,running,50.0,1,2
cp_tutorial_advanced_segmentation_final,3,12,1791500280.0709593,3832461,worker_0,W004,MeasureColocalization,pattern_group,running,100.0,2,2
cp_tutorial_advanced_segmentation_final,3,12,1791500280.0714445,3832462,worker_1,W005,MeasureColocalization,pattern_group,running,100.0,2,2
cp_tutorial_advanced_segmentation_final,3,12,1791500280.0759175,3832461,worker_0,W004,MeasureColocalization,step_completed,success,62.5,10,16
cp_tutorial_advanced_segmentation_final,3,12,1791500280.0763352,3832462,worker_1,W005,MeasureColocalization,step_completed,success,62.5,10,16
cp_tutorial_advanced_segmentation_final,3,12,1791500280.0767875,3832461,worker_0,W004,MeasureObjectIntensity,step_started,started,62.5,10,16
cp_tutorial_advanced_segmentation_final,3,12,1791500280.0772028,3832462,worker_1,W005,MeasureObjectIntensity,step_started,started,62.5,10,16
cp_tutorial_advanced_segmentation_final,3,12,1791500280.0913668,3832463,worker_2,W006,MeasureColocalization,pattern_group,running,100.0,2,2
cp_tutorial_advanced_segmentation_final,3,12,1791500280.097254,3832463,worker_2,W006,MeasureColocalization,step_completed,success,62.5,10,16
cp_tutorial_advanced_segmentation_final,3,12,1791500280.0984387,3832463,worker_2,W006,MeasureObjectIntensity,step_started,started,62.5,10,16
cp_tutorial_advanced_segmentation_final,3,12,1791500280.5207596,3832461,worker_0,W004,MeasureObjectIntensity,pattern_group,running,50.0,1,2
cp_tutorial_advanced_segmentation_final,3,12,1791500280.5224392,3832462,worker_1,W005,MeasureObjectIntensity,pattern_group,running,50.0,1,2
cp_tutorial_advanced_segmentation_final,3,12,1791500280.5573692,3832463,worker_2,W006,MeasureObjectIntensity,pattern_group,running,50.0,1,2
cp_tutorial_advanced_segmentation_final,3,12,1791500280.6329255,3832461,worker_0,W004,MeasureObjectIntensity,pattern_group,running,100.0,2,2
cp_tutorial_advanced_segmentation_final,3,12,1791500280.6347873,3832462,worker_1,W005,MeasureObjectIntensity,pattern_group,running,100.0,2,2
cp_tutorial_advanced_segmentation_final,3,12,1791500280.6362274,3832461,worker_0,W004,MeasureObjectIntensity,step_completed,success,68.75,11,16
cp_tutorial_advanced_segmentation_final,3,12,1791500280.6373599,3832461,worker_0,W004,MeasureObjectIntensityDistribution,step_started,started,68.75,11,16
cp_tutorial_advanced_segmentation_final,3,12,1791500280.6380777,3832462,worker_1,W005,MeasureObjectIntensity,step_completed,success,68.75,11,16
cp_tutorial_advanced_segmentation_final,3,12,1791500280.6392598,3832462,worker_1,W005,MeasureObjectIntensityDistribution,step_started,started,68.75,11,16
cp_tutorial_advanced_segmentation_final,3,12,1791500280.6715145,3832463,worker_2,W006,MeasureObjectIntensity,pattern_group,running,100.0,2,2
cp_tutorial_advanced_segmentation_final,3,12,1791500280.6748433,3832463,worker_2,W006,MeasureObjectIntensity,step_completed,success,68.75,11,16
cp_tutorial_advanced_segmentation_final,3,12,1791500280.6759808,3832463,worker_2,W006,MeasureObjectIntensityDistribution,step_started,started,68.75,11,16
cp_tutorial_advanced_segmentation_final,3,12,1791500280.749298,3832461,worker_0,W004,MeasureObjectIntensityDistribution,pattern_group,running,50.0,1,2
cp_tutorial_advanced_segmentation_final,3,12,1791500280.7516007,3832462,worker_1,W005,MeasureObjectIntensityDistribution,pattern_group,running,50.0,1,2
cp_tutorial_advanced_segmentation_final,3,12,1791500280.7882273,3832463,worker_2,W006,MeasureObjectIntensityDistribution,pattern_group,running,50.0,1,2
cp_tutorial_advanced_segmentation_final,3,12,1791500280.7983756,3832461,worker_0,W004,MeasureObjectIntensityDistribution,pattern_group,running,100.0,2,2
cp_tutorial_advanced_segmentation_final,3,12,1791500280.80117,3832462,worker_1,W005,MeasureObjectIntensityDistribution,pattern_group,running,100.0,2,2
cp_tutorial_advanced_segmentation_final,3,12,1791500280.8011575,3832461,worker_0,W004,MeasureObjectIntensityDistribution,step_completed,success,75.0,12,16
cp_tutorial_advanced_segmentation_final,3,12,1791500280.8023643,3832461,worker_0,W004,MeasureObjectSizeShape,step_started,started,75.0,12,16
cp_tutorial_advanced_segmentation_final,3,12,1791500280.8039424,3832462,worker_1,W005,MeasureObjectIntensityDistribution,step_completed,success,75.0,12,16
cp_tutorial_advanced_segmentation_final,3,12,1791500280.8051746,3832462,worker_1,W005,MeasureObjectSizeShape,step_started,started,75.0,12,16
cp_tutorial_advanced_segmentation_final,3,12,1791500280.8377416,3832463,worker_2,W006,MeasureObjectIntensityDistribution,pattern_group,running,100.0,2,2
cp_tutorial_advanced_segmentation_final,3,12,1791500280.8404913,3832463,worker_2,W006,MeasureObjectIntensityDistribution,step_completed,success,75.0,12,16
cp_tutorial_advanced_segmentation_final,3,12,1791500280.8416488,3832463,worker_2,W006,MeasureObjectSizeShape,step_started,started,75.0,12,16
cp_tutorial_advanced_segmentation_final,3,12,1791500281.183677,3832461,worker_0,W004,MeasureObjectSizeShape,pattern_group,running,25.0,1,4
cp_tutorial_advanced_segmentation_final,3,12,1791500281.186438,3832462,worker_1,W005,MeasureObjectSizeShape,pattern_group,running,25.0,1,4
cp_tutorial_advanced_segmentation_final,3,12,1791500281.223829,3832463,worker_2,W006,MeasureObjectSizeShape,pattern_group,running,25.0,1,4
cp_tutorial_advanced_segmentation_final,3,12,1791500281.2867825,3832461,worker_0,W004,MeasureObjectSizeShape,pattern_group,running,50.0,2,4
cp_tutorial_advanced_segmentation_final,3,12,1791500281.287042,3832462,worker_1,W005,MeasureObjectSizeShape,pattern_group,running,50.0,2,4
cp_tutorial_advanced_segmentation_final,3,12,1791500281.3247604,3832463,worker_2,W006,MeasureObjectSizeShape,pattern_group,running,50.0,2,4
cp_tutorial_advanced_segmentation_final,3,12,1791500281.3717413,3832462,worker_1,W005,MeasureObjectSizeShape,pattern_group,running,75.0,3,4
cp_tutorial_advanced_segmentation_final,3,12,1791500281.3736694,3832461,worker_0,W004,MeasureObjectSizeShape,pattern_group,running,75.0,3,4
cp_tutorial_advanced_segmentation_final,3,12,1791500281.409754,3832463,worker_2,W006,MeasureObjectSizeShape,pattern_group,running,75.0,3,4
cp_tutorial_advanced_segmentation_final,3,12,1791500281.4140253,3832462,worker_1,W005,MeasureObjectSizeShape,pattern_group,running,100.0,4,4
cp_tutorial_advanced_segmentation_final,3,12,1791500281.4152682,3832461,worker_0,W004,MeasureObjectSizeShape,pattern_group,running,100.0,4,4
cp_tutorial_advanced_segmentation_final,3,12,1791500281.419226,3832462,worker_1,W005,MeasureObjectSizeShape,step_completed,success,81.25,13,16
cp_tutorial_advanced_segmentation_final,3,12,1791500281.4206398,3832462,worker_1,W005,MeasureObjectNeighbors,step_started,started,81.25,13,16
cp_tutorial_advanced_segmentation_final,3,12,1791500281.420429,3832461,worker_0,W004,MeasureObjectSizeShape,step_completed,success,81.25,13,16
cp_tutorial_advanced_segmentation_final,3,12,1791500281.421834,3832461,worker_0,W004,MeasureObjectNeighbors,step_started,started,81.25,13,16
cp_tutorial_advanced_segmentation_final,3,12,1791500281.4529676,3832463,worker_2,W006,MeasureObjectSizeShape,pattern_group,running,100.0,4,4
cp_tutorial_advanced_segmentation_final,3,12,1791500281.4582095,3832463,worker_2,W006,MeasureObjectSizeShape,step_completed,success,81.25,13,16
cp_tutorial_advanced_segmentation_final,3,12,1791500281.4596493,3832463,worker_2,W006,MeasureObjectNeighbors,step_started,started,81.25,13,16
cp_tutorial_advanced_segmentation_final,3,12,1791500281.478214,3832462,worker_1,W005,MeasureObjectNeighbors,pattern_group,running,33.33333333333333,1,3
cp_tutorial_advanced_segmentation_final,3,12,1791500281.4788759,3832461,worker_0,W004,MeasureObjectNeighbors,pattern_group,running,33.33333333333333,1,3
cp_tutorial_advanced_segmentation_final,3,12,1791500281.5162473,3832463,worker_2,W006,MeasureObjectNeighbors,pattern_group,running,33.33333333333333,1,3
cp_tutorial_advanced_segmentation_final,3,12,1791500281.5261414,3832462,worker_1,W005,MeasureObjectNeighbors,pattern_group,running,66.66666666666666,2,3
cp_tutorial_advanced_segmentation_final,3,12,1791500281.5264971,3832461,worker_0,W004,MeasureObjectNeighbors,pattern_group,running,66.66666666666666,2,3
cp_tutorial_advanced_segmentation_final,3,12,1791500281.5629117,3832463,worker_2,W006,MeasureObjectNeighbors,pattern_group,running,66.66666666666666,2,3
cp_tutorial_advanced_segmentation_final,3,12,1791500281.5973923,3832461,worker_0,W004,MeasureObjectNeighbors,pattern_group,running,100.0,3,3
cp_tutorial_advanced_segmentation_final,3,12,1791500281.5973923,3832462,worker_1,W005,MeasureObjectNeighbors,pattern_group,running,100.0,3,3
cp_tutorial_advanced_segmentation_final,3,12,1791500281.5986989,3832462,worker_1,W005,MeasureObjectNeighbors,step_completed,success,87.5,14,16
cp_tutorial_advanced_segmentation_final,3,12,1791500281.5987093,3832461,worker_0,W004,MeasureObjectNeighbors,step_completed,success,87.5,14,16
cp_tutorial_advanced_segmentation_final,3,12,1791500281.5994873,3832462,worker_1,W005,RelateObjects,step_started,started,87.5,14,16
cp_tutorial_advanced_segmentation_final,3,12,1791500281.5994844,3832461,worker_0,W004,RelateObjects,step_started,started,87.5,14,16
cp_tutorial_advanced_segmentation_final,3,12,1791500281.6319618,3832463,worker_2,W006,MeasureObjectNeighbors,pattern_group,running,100.0,3,3
cp_tutorial_advanced_segmentation_final,3,12,1791500281.6332328,3832463,worker_2,W006,MeasureObjectNeighbors,step_completed,success,87.5,14,16
cp_tutorial_advanced_segmentation_final,3,12,1791500281.6339967,3832463,worker_2,W006,RelateObjects,step_started,started,87.5,14,16
cp_tutorial_advanced_segmentation_final,3,12,1791500281.7884104,3832462,worker_1,W005,RelateObjects,pattern_group,running,50.0,1,2
cp_tutorial_advanced_segmentation_final,3,12,1791500281.7890296,3832461,worker_0,W004,RelateObjects,pattern_group,running,50.0,1,2
cp_tutorial_advanced_segmentation_final,3,12,1791500281.8236005,3832463,worker_2,W006,RelateObjects,pattern_group,running,50.0,1,2
cp_tutorial_advanced_segmentation_final,3,12,1791500282.1853967,3832462,worker_1,W005,RelateObjects,pattern_group,running,100.0,2,2
cp_tutorial_advanced_segmentation_final,3,12,1791500282.1906157,3832462,worker_1,W005,RelateObjects,step_completed,success,93.75,15,16
cp_tutorial_advanced_segmentation_final,3,12,1791500282.1927571,3832461,worker_0,W004,RelateObjects,pattern_group,running,100.0,2,2
cp_tutorial_advanced_segmentation_final,3,12,1791500282.1929052,3832462,worker_1,W005,pipeline,axis_completed,success,93.75,15,16
cp_tutorial_advanced_segmentation_final,3,12,1791500282.1929758,3832462,worker_1,W008,pipeline,axis_started,started,0.0,0,16
cp_tutorial_advanced_segmentation_final,3,12,1791500282.196782,3832462,worker_1,W008,CorrectIlluminationApply,step_started,started,0.0,0,16
cp_tutorial_advanced_segmentation_final,3,12,1791500282.1978528,3832461,worker_0,W004,RelateObjects,step_completed,success,93.75,15,16
cp_tutorial_advanced_segmentation_final,3,12,1791500282.2000127,3832461,worker_0,W004,pipeline,axis_completed,success,93.75,15,16
cp_tutorial_advanced_segmentation_final,3,12,1791500282.2000973,3832461,worker_0,W007,pipeline,axis_started,started,0.0,0,16
cp_tutorial_advanced_segmentation_final,3,12,1791500282.2038789,3832461,worker_0,W007,CorrectIlluminationApply,step_started,started,0.0,0,16
cp_tutorial_advanced_segmentation_final,3,12,1791500282.2204366,3832463,worker_2,W006,RelateObjects,pattern_group,running,100.0,2,2
cp_tutorial_advanced_segmentation_final,3,12,1791500282.2254026,3832463,worker_2,W006,RelateObjects,step_completed,success,93.75,15,16
cp_tutorial_advanced_segmentation_final,3,12,1791500282.2274961,3832463,worker_2,W006,pipeline,axis_completed,success,93.75,15,16
cp_tutorial_advanced_segmentation_final,3,12,1791500282.2275627,3832463,worker_2,W009,pipeline,axis_started,started,0.0,0,16
cp_tutorial_advanced_segmentation_final,3,12,1791500282.2313714,3832463,worker_2,W009,CorrectIlluminationApply,step_started,started,0.0,0,16
cp_tutorial_advanced_segmentation_final,3,12,1791500282.2545414,3832462,worker_1,W008,CorrectIlluminationApply,pattern_group,running,20.0,1,5
cp_tutorial_advanced_segmentation_final,3,12,1791500282.2622046,3832461,worker_0,W007,CorrectIlluminationApply,pattern_group,running,20.0,1,5
cp_tutorial_advanced_segmentation_final,3,12,1791500282.2837458,3832462,worker_1,W008,CorrectIlluminationApply,pattern_group,running,40.0,2,5
cp_tutorial_advanced_segmentation_final,3,12,1791500282.2917416,3832463,worker_2,W009,CorrectIlluminationApply,pattern_group,running,20.0,1,5
cp_tutorial_advanced_segmentation_final,3,12,1791500282.2919533,3832461,worker_0,W007,CorrectIlluminationApply,pattern_group,running,40.0,2,5
cp_tutorial_advanced_segmentation_final,3,12,1791500282.3126452,3832462,worker_1,W008,CorrectIlluminationApply,pattern_group,running,60.0,3,5
cp_tutorial_advanced_segmentation_final,3,12,1791500282.3210244,3832461,worker_0,W007,CorrectIlluminationApply,pattern_group,running,60.0,3,5
cp_tutorial_advanced_segmentation_final,3,12,1791500282.3212593,3832463,worker_2,W009,CorrectIlluminationApply,pattern_group,running,40.0,2,5
cp_tutorial_advanced_segmentation_final,3,12,1791500282.3419003,3832462,worker_1,W008,CorrectIlluminationApply,pattern_group,running,80.0,4,5
cp_tutorial_advanced_segmentation_final,3,12,1791500282.350343,3832461,worker_0,W007,CorrectIlluminationApply,pattern_group,running,80.0,4,5
cp_tutorial_advanced_segmentation_final,3,12,1791500282.3506813,3832463,worker_2,W009,CorrectIlluminationApply,pattern_group,running,60.0,3,5
cp_tutorial_advanced_segmentation_final,3,12,1791500282.3711443,3832462,worker_1,W008,CorrectIlluminationApply,pattern_group,running,100.0,5,5
cp_tutorial_advanced_segmentation_final,3,12,1791500282.3715198,3832462,worker_1,W008,CorrectIlluminationApply,step_completed,success,6.25,1,16
cp_tutorial_advanced_segmentation_final,3,12,1791500282.3721642,3832462,worker_1,W008,IdentifyPrimaryObjects,step_started,started,6.25,1,16
cp_tutorial_advanced_segmentation_final,3,12,1791500282.3806117,3832461,worker_0,W007,CorrectIlluminationApply,pattern_group,running,100.0,5,5
cp_tutorial_advanced_segmentation_final,3,12,1791500282.3809717,3832461,worker_0,W007,CorrectIlluminationApply,step_completed,success,6.25,1,16
cp_tutorial_advanced_segmentation_final,3,12,1791500282.3814247,3832463,worker_2,W009,CorrectIlluminationApply,pattern_group,running,80.0,4,5
cp_tutorial_advanced_segmentation_final,3,12,1791500282.381573,3832461,worker_0,W007,IdentifyPrimaryObjects,step_started,started,6.25,1,16
cp_tutorial_advanced_segmentation_final,3,12,1791500282.4124987,3832463,worker_2,W009,CorrectIlluminationApply,pattern_group,running,100.0,5,5
cp_tutorial_advanced_segmentation_final,3,12,1791500282.412865,3832463,worker_2,W009,CorrectIlluminationApply,step_completed,success,6.25,1,16
cp_tutorial_advanced_segmentation_final,3,12,1791500282.4134598,3832463,worker_2,W009,IdentifyPrimaryObjects,step_started,started,6.25,1,16
cp_tutorial_advanced_segmentation_final,3,12,1791500282.4845388,3832462,worker_1,W008,IdentifyPrimaryObjects,pattern_group,running,100.0,1,1
cp_tutorial_advanced_segmentation_final,3,12,1791500282.4852958,3832462,worker_1,W008,IdentifyPrimaryObjects,step_completed,success,12.5,2,16
cp_tutorial_advanced_segmentation_final,3,12,1791500282.4861984,3832462,worker_1,W008,IdentifySecondaryObjects,step_started,started,12.5,2,16
cp_tutorial_advanced_segmentation_final,3,12,1791500282.4917738,3832461,worker_0,W007,IdentifyPrimaryObjects,pattern_group,running,100.0,1,1
cp_tutorial_advanced_segmentation_final,3,12,1791500282.4925394,3832461,worker_0,W007,IdentifyPrimaryObjects,step_completed,success,12.5,2,16
cp_tutorial_advanced_segmentation_final,3,12,1791500282.493471,3832461,worker_0,W007,IdentifySecondaryObjects,step_started,started,12.5,2,16
cp_tutorial_advanced_segmentation_final,3,12,1791500282.5224304,3832463,worker_2,W009,IdentifyPrimaryObjects,pattern_group,running,100.0,1,1
cp_tutorial_advanced_segmentation_final,3,12,1791500282.523141,3832463,worker_2,W009,IdentifyPrimaryObjects,step_completed,success,12.5,2,16
cp_tutorial_advanced_segmentation_final,3,12,1791500282.524028,3832463,worker_2,W009,IdentifySecondaryObjects,step_started,started,12.5,2,16
cp_tutorial_advanced_segmentation_final,3,12,1791500282.7311325,3832462,worker_1,W008,IdentifySecondaryObjects,pattern_group,running,100.0,1,1
cp_tutorial_advanced_segmentation_final,3,12,1791500282.7321625,3832462,worker_1,W008,IdentifySecondaryObjects,step_completed,success,18.75,3,16
cp_tutorial_advanced_segmentation_final,3,12,1791500282.7331827,3832462,worker_1,W008,IdentifyTertiaryObjects,step_started,started,18.75,3,16
cp_tutorial_advanced_segmentation_final,3,12,1791500282.7491791,3832461,worker_0,W007,IdentifySecondaryObjects,pattern_group,running,100.0,1,1
cp_tutorial_advanced_segmentation_final,3,12,1791500282.749951,3832461,worker_0,W007,IdentifySecondaryObjects,step_completed,success,18.75,3,16
cp_tutorial_advanced_segmentation_final,3,12,1791500282.750719,3832461,worker_0,W007,IdentifyTertiaryObjects,step_started,started,18.75,3,16
cp_tutorial_advanced_segmentation_final,3,12,1791500282.7646737,3832463,worker_2,W009,IdentifySecondaryObjects,pattern_group,running,100.0,1,1
cp_tutorial_advanced_segmentation_final,3,12,1791500282.7656438,3832463,worker_2,W009,IdentifySecondaryObjects,step_completed,success,18.75,3,16
cp_tutorial_advanced_segmentation_final,3,12,1791500282.766605,3832463,worker_2,W009,IdentifyTertiaryObjects,step_started,started,18.75,3,16
cp_tutorial_advanced_segmentation_final,3,12,1791500282.785331,3832462,worker_1,W008,IdentifyTertiaryObjects,pattern_group,running,100.0,1,1
cp_tutorial_advanced_segmentation_final,3,12,1791500282.7859046,3832462,worker_1,W008,IdentifyTertiaryObjects,step_completed,success,25.0,4,16
cp_tutorial_advanced_segmentation_final,3,12,1791500282.7867963,3832462,worker_1,W008,EnhanceOrSuppressFeatures,step_started,started,25.0,4,16
cp_tutorial_advanced_segmentation_final,3,12,1791500282.7982433,3832462,worker_1,W008,EnhanceOrSuppressFeatures,pattern_group,running,100.0,1,1
cp_tutorial_advanced_segmentation_final,3,12,1791500282.7985928,3832462,worker_1,W008,EnhanceOrSuppressFeatures,step_completed,success,31.25,5,16
cp_tutorial_advanced_segmentation_final,3,12,1791500282.7992353,3832462,worker_1,W008,MaskImage,step_started,started,31.25,5,16
cp_tutorial_advanced_segmentation_final,3,12,1791500282.8044538,3832461,worker_0,W007,IdentifyTertiaryObjects,pattern_group,running,100.0,1,1
cp_tutorial_advanced_segmentation_final,3,12,1791500282.8049974,3832461,worker_0,W007,IdentifyTertiaryObjects,step_completed,success,25.0,4,16
cp_tutorial_advanced_segmentation_final,3,12,1791500282.8058074,3832461,worker_0,W007,EnhanceOrSuppressFeatures,step_started,started,25.0,4,16
cp_tutorial_advanced_segmentation_final,3,12,1791500282.806938,3832462,worker_1,W008,MaskImage,pattern_group,running,100.0,1,1
cp_tutorial_advanced_segmentation_final,3,12,1791500282.807248,3832462,worker_1,W008,MaskImage,step_completed,success,37.5,6,16
cp_tutorial_advanced_segmentation_final,3,12,1791500282.8080761,3832462,worker_1,W008,IdentifyPrimaryObjects,step_started,started,37.5,6,16
cp_tutorial_advanced_segmentation_final,3,12,1791500282.8157673,3832461,worker_0,W007,EnhanceOrSuppressFeatures,pattern_group,running,100.0,1,1
cp_tutorial_advanced_segmentation_final,3,12,1791500282.8160758,3832461,worker_0,W007,EnhanceOrSuppressFeatures,step_completed,success,31.25,5,16
cp_tutorial_advanced_segmentation_final,3,12,1791500282.8166845,3832461,worker_0,W007,MaskImage,step_started,started,31.25,5,16
cp_tutorial_advanced_segmentation_final,3,12,1791500282.8173087,3832463,worker_2,W009,IdentifyTertiaryObjects,pattern_group,running,100.0,1,1
cp_tutorial_advanced_segmentation_final,3,12,1791500282.8179555,3832463,worker_2,W009,IdentifyTertiaryObjects,step_completed,success,25.0,4,16
cp_tutorial_advanced_segmentation_final,3,12,1791500282.8188107,3832463,worker_2,W009,EnhanceOrSuppressFeatures,step_started,started,25.0,4,16
cp_tutorial_advanced_segmentation_final,3,12,1791500282.824855,3832461,worker_0,W007,MaskImage,pattern_group,running,100.0,1,1
cp_tutorial_advanced_segmentation_final,3,12,1791500282.8251774,3832461,worker_0,W007,MaskImage,step_completed,success,37.5,6,16
cp_tutorial_advanced_segmentation_final,3,12,1791500282.82608,3832461,worker_0,W007,IdentifyPrimaryObjects,step_started,started,37.5,6,16
cp_tutorial_advanced_segmentation_final,3,12,1791500282.8293993,3832463,worker_2,W009,EnhanceOrSuppressFeatures,pattern_group,running,100.0,1,1
cp_tutorial_advanced_segmentation_final,3,12,1791500282.8297043,3832463,worker_2,W009,EnhanceOrSuppressFeatures,step_completed,success,31.25,5,16
cp_tutorial_advanced_segmentation_final,3,12,1791500282.8303192,3832463,worker_2,W009,MaskImage,step_started,started,31.25,5,16
cp_tutorial_advanced_segmentation_final,3,12,1791500282.8398135,3832463,worker_2,W009,MaskImage,pattern_group,running,100.0,1,1
cp_tutorial_advanced_segmentation_final,3,12,1791500282.8402934,3832463,worker_2,W009,MaskImage,step_completed,success,37.5,6,16
cp_tutorial_advanced_segmentation_final,3,12,1791500282.8412251,3832463,worker_2,W009,IdentifyPrimaryObjects,step_started,started,37.5,6,16
cp_tutorial_advanced_segmentation_final,3,12,1791500282.899121,3832462,worker_1,W008,IdentifyPrimaryObjects,pattern_group,running,100.0,1,1
cp_tutorial_advanced_segmentation_final,3,12,1791500282.8999674,3832462,worker_1,W008,IdentifyPrimaryObjects,step_completed,success,43.75,7,16
cp_tutorial_advanced_segmentation_final,3,12,1791500282.9011698,3832462,worker_1,W008,MaskImage,step_started,started,43.75,7,16
cp_tutorial_advanced_segmentation_final,3,12,1791500282.9117608,3832462,worker_1,W008,MaskImage,pattern_group,running,100.0,1,1
cp_tutorial_advanced_segmentation_final,3,12,1791500282.912083,3832462,worker_1,W008,MaskImage,step_completed,success,50.0,8,16
cp_tutorial_advanced_segmentation_final,3,12,1791500282.9127953,3832462,worker_1,W008,IdentifyPrimaryObjects,step_started,started,50.0,8,16
cp_tutorial_advanced_segmentation_final,3,12,1791500282.916334,3832461,worker_0,W007,IdentifyPrimaryObjects,pattern_group,running,100.0,1,1
cp_tutorial_advanced_segmentation_final,3,12,1791500282.917048,3832461,worker_0,W007,IdentifyPrimaryObjects,step_completed,success,43.75,7,16
cp_tutorial_advanced_segmentation_final,3,12,1791500282.918151,3832461,worker_0,W007,MaskImage,step_started,started,43.75,7,16
cp_tutorial_advanced_segmentation_final,3,12,1791500282.9279437,3832461,worker_0,W007,MaskImage,pattern_group,running,100.0,1,1
cp_tutorial_advanced_segmentation_final,3,12,1791500282.9282596,3832461,worker_0,W007,MaskImage,step_completed,success,50.0,8,16
cp_tutorial_advanced_segmentation_final,3,12,1791500282.928892,3832461,worker_0,W007,IdentifyPrimaryObjects,step_started,started,50.0,8,16
cp_tutorial_advanced_segmentation_final,3,12,1791500282.9307778,3832463,worker_2,W009,IdentifyPrimaryObjects,pattern_group,running,100.0,1,1
cp_tutorial_advanced_segmentation_final,3,12,1791500282.9316216,3832463,worker_2,W009,IdentifyPrimaryObjects,step_completed,success,43.75,7,16
cp_tutorial_advanced_segmentation_final,3,12,1791500282.9328012,3832463,worker_2,W009,MaskImage,step_started,started,43.75,7,16
cp_tutorial_advanced_segmentation_final,3,12,1791500282.946768,3832463,worker_2,W009,MaskImage,pattern_group,running,100.0,1,1
cp_tutorial_advanced_segmentation_final,3,12,1791500282.9471858,3832463,worker_2,W009,MaskImage,step_completed,success,50.0,8,16
cp_tutorial_advanced_segmentation_final,3,12,1791500282.9481888,3832463,worker_2,W009,IdentifyPrimaryObjects,step_started,started,50.0,8,16
cp_tutorial_advanced_segmentation_final,3,12,1791500283.013358,3832462,worker_1,W008,IdentifyPrimaryObjects,pattern_group,running,100.0,1,1
cp_tutorial_advanced_segmentation_final,3,12,1791500283.014117,3832462,worker_1,W008,IdentifyPrimaryObjects,step_completed,success,56.25,9,16
cp_tutorial_advanced_segmentation_final,3,12,1791500283.0153096,3832462,worker_1,W008,MeasureColocalization,step_started,started,56.25,9,16
cp_tutorial_advanced_segmentation_final,3,12,1791500283.0330393,3832461,worker_0,W007,IdentifyPrimaryObjects,pattern_group,running,100.0,1,1
cp_tutorial_advanced_segmentation_final,3,12,1791500283.0343869,3832461,worker_0,W007,IdentifyPrimaryObjects,step_completed,success,56.25,9,16
cp_tutorial_advanced_segmentation_final,3,12,1791500283.035758,3832461,worker_0,W007,MeasureColocalization,step_started,started,56.25,9,16
cp_tutorial_advanced_segmentation_final,3,12,1791500283.0471227,3832463,worker_2,W009,IdentifyPrimaryObjects,pattern_group,running,100.0,1,1
cp_tutorial_advanced_segmentation_final,3,12,1791500283.0481544,3832463,worker_2,W009,IdentifyPrimaryObjects,step_completed,success,56.25,9,16
cp_tutorial_advanced_segmentation_final,3,12,1791500283.0497727,3832463,worker_2,W009,MeasureColocalization,step_started,started,56.25,9,16
cp_tutorial_advanced_segmentation_final,3,12,1791500283.7190888,3832462,worker_1,W008,MeasureColocalization,pattern_group,running,50.0,1,2
cp_tutorial_advanced_segmentation_final,3,12,1791500283.7386143,3832461,worker_0,W007,MeasureColocalization,pattern_group,running,50.0,1,2
cp_tutorial_advanced_segmentation_final,3,12,1791500283.7520585,3832463,worker_2,W009,MeasureColocalization,pattern_group,running,50.0,1,2
cp_tutorial_advanced_segmentation_final,3,12,1791500284.39226,3832462,worker_1,W008,MeasureColocalization,pattern_group,running,100.0,2,2
cp_tutorial_advanced_segmentation_final,3,12,1791500284.3972049,3832462,worker_1,W008,MeasureColocalization,step_completed,success,62.5,10,16
cp_tutorial_advanced_segmentation_final,3,12,1791500284.3980389,3832462,worker_1,W008,MeasureObjectIntensity,step_started,started,62.5,10,16
cp_tutorial_advanced_segmentation_final,3,12,1791500284.4128942,3832461,worker_0,W007,MeasureColocalization,pattern_group,running,100.0,2,2
cp_tutorial_advanced_segmentation_final,3,12,1791500284.417792,3832461,worker_0,W007,MeasureColocalization,step_completed,success,62.5,10,16
cp_tutorial_advanced_segmentation_final,3,12,1791500284.4185963,3832461,worker_0,W007,MeasureObjectIntensity,step_started,started,62.5,10,16
cp_tutorial_advanced_segmentation_final,3,12,1791500284.4281015,3832463,worker_2,W009,MeasureColocalization,pattern_group,running,100.0,2,2
cp_tutorial_advanced_segmentation_final,3,12,1791500284.4333034,3832463,worker_2,W009,MeasureColocalization,step_completed,success,62.5,10,16
cp_tutorial_advanced_segmentation_final,3,12,1791500284.4345179,3832463,worker_2,W009,MeasureObjectIntensity,step_started,started,62.5,10,16
cp_tutorial_advanced_segmentation_final,3,12,1791500284.8390248,3832462,worker_1,W008,MeasureObjectIntensity,pattern_group,running,50.0,1,2
cp_tutorial_advanced_segmentation_final,3,12,1791500284.8588426,3832461,worker_0,W007,MeasureObjectIntensity,pattern_group,running,50.0,1,2
cp_tutorial_advanced_segmentation_final,3,12,1791500284.883551,3832463,worker_2,W009,MeasureObjectIntensity,pattern_group,running,50.0,1,2
cp_tutorial_advanced_segmentation_final,3,12,1791500284.9526792,3832462,worker_1,W008,MeasureObjectIntensity,pattern_group,running,100.0,2,2
cp_tutorial_advanced_segmentation_final,3,12,1791500284.9560206,3832462,worker_1,W008,MeasureObjectIntensity,step_completed,success,68.75,11,16
cp_tutorial_advanced_segmentation_final,3,12,1791500284.9571779,3832462,worker_1,W008,MeasureObjectIntensityDistribution,step_started,started,68.75,11,16
cp_tutorial_advanced_segmentation_final,3,12,1791500284.9729452,3832461,worker_0,W007,MeasureObjectIntensity,pattern_group,running,100.0,2,2
cp_tutorial_advanced_segmentation_final,3,12,1791500284.9764032,3832461,worker_0,W007,MeasureObjectIntensity,step_completed,success,68.75,11,16
cp_tutorial_advanced_segmentation_final,3,12,1791500284.9775734,3832461,worker_0,W007,MeasureObjectIntensityDistribution,step_started,started,68.75,11,16
cp_tutorial_advanced_segmentation_final,3,12,1791500284.9989483,3832463,worker_2,W009,MeasureObjectIntensity,pattern_group,running,100.0,2,2
cp_tutorial_advanced_segmentation_final,3,12,1791500285.0023453,3832463,worker_2,W009,MeasureObjectIntensity,step_completed,success,68.75,11,16
cp_tutorial_advanced_segmentation_final,3,12,1791500285.0034602,3832463,worker_2,W009,MeasureObjectIntensityDistribution,step_started,started,68.75,11,16
cp_tutorial_advanced_segmentation_final,3,12,1791500285.070368,3832462,worker_1,W008,MeasureObjectIntensityDistribution,pattern_group,running,50.0,1,2
cp_tutorial_advanced_segmentation_final,3,12,1791500285.0886397,3832461,worker_0,W007,MeasureObjectIntensityDistribution,pattern_group,running,50.0,1,2
cp_tutorial_advanced_segmentation_final,3,12,1791500285.1169195,3832463,worker_2,W009,MeasureObjectIntensityDistribution,pattern_group,running,50.0,1,2
cp_tutorial_advanced_segmentation_final,3,12,1791500285.1200404,3832462,worker_1,W008,MeasureObjectIntensityDistribution,pattern_group,running,100.0,2,2
cp_tutorial_advanced_segmentation_final,3,12,1791500285.122918,3832462,worker_1,W008,MeasureObjectIntensityDistribution,step_completed,success,75.0,12,16
cp_tutorial_advanced_segmentation_final,3,12,1791500285.1241493,3832462,worker_1,W008,MeasureObjectSizeShape,step_started,started,75.0,12,16
cp_tutorial_advanced_segmentation_final,3,12,1791500285.1385694,3832461,worker_0,W007,MeasureObjectIntensityDistribution,pattern_group,running,100.0,2,2
cp_tutorial_advanced_segmentation_final,3,12,1791500285.1413577,3832461,worker_0,W007,MeasureObjectIntensityDistribution,step_completed,success,75.0,12,16
cp_tutorial_advanced_segmentation_final,3,12,1791500285.14254,3832461,worker_0,W007,MeasureObjectSizeShape,step_started,started,75.0,12,16
cp_tutorial_advanced_segmentation_final,3,12,1791500285.1673474,3832463,worker_2,W009,MeasureObjectIntensityDistribution,pattern_group,running,100.0,2,2
cp_tutorial_advanced_segmentation_final,3,12,1791500285.1713257,3832463,worker_2,W009,MeasureObjectIntensityDistribution,step_completed,success,75.0,12,16
cp_tutorial_advanced_segmentation_final,3,12,1791500285.1725914,3832463,worker_2,W009,MeasureObjectSizeShape,step_started,started,75.0,12,16
cp_tutorial_advanced_segmentation_final,3,12,1791500285.5020351,3832462,worker_1,W008,MeasureObjectSizeShape,pattern_group,running,25.0,1,4
cp_tutorial_advanced_segmentation_final,3,12,1791500285.5217063,3832461,worker_0,W007,MeasureObjectSizeShape,pattern_group,running,25.0,1,4
cp_tutorial_advanced_segmentation_final,3,12,1791500285.5569725,3832463,worker_2,W009,MeasureObjectSizeShape,pattern_group,running,25.0,1,4
cp_tutorial_advanced_segmentation_final,3,12,1791500285.6001132,3832462,worker_1,W008,MeasureObjectSizeShape,pattern_group,running,50.0,2,4
cp_tutorial_advanced_segmentation_final,3,12,1791500285.6195319,3832461,worker_0,W007,MeasureObjectSizeShape,pattern_group,running,50.0,2,4
cp_tutorial_advanced_segmentation_final,3,12,1791500285.6592572,3832463,worker_2,W009,MeasureObjectSizeShape,pattern_group,running,50.0,2,4
cp_tutorial_advanced_segmentation_final,3,12,1791500285.6842883,3832462,worker_1,W008,MeasureObjectSizeShape,pattern_group,running,75.0,3,4
cp_tutorial_advanced_segmentation_final,3,12,1791500285.7039993,3832461,worker_0,W007,MeasureObjectSizeShape,pattern_group,running,75.0,3,4
cp_tutorial_advanced_segmentation_final,3,12,1791500285.725564,3832462,worker_1,W008,MeasureObjectSizeShape,pattern_group,running,100.0,4,4
cp_tutorial_advanced_segmentation_final,3,12,1791500285.7308726,3832462,worker_1,W008,MeasureObjectSizeShape,step_completed,success,81.25,13,16
cp_tutorial_advanced_segmentation_final,3,12,1791500285.7322848,3832462,worker_1,W008,MeasureObjectNeighbors,step_started,started,81.25,13,16
cp_tutorial_advanced_segmentation_final,3,12,1791500285.744402,3832463,worker_2,W009,MeasureObjectSizeShape,pattern_group,running,75.0,3,4
cp_tutorial_advanced_segmentation_final,3,12,1791500285.7456112,3832461,worker_0,W007,MeasureObjectSizeShape,pattern_group,running,100.0,4,4
cp_tutorial_advanced_segmentation_final,3,12,1791500285.7509794,3832461,worker_0,W007,MeasureObjectSizeShape,step_completed,success,81.25,13,16
cp_tutorial_advanced_segmentation_final,3,12,1791500285.7534053,3832461,worker_0,W007,MeasureObjectNeighbors,step_started,started,81.25,13,16
cp_tutorial_advanced_segmentation_final,3,12,1791500285.78783,3832462,worker_1,W008,MeasureObjectNeighbors,pattern_group,running,33.33333333333333,1,3
cp_tutorial_advanced_segmentation_final,3,12,1791500285.789004,3832463,worker_2,W009,MeasureObjectSizeShape,pattern_group,running,100.0,4,4
cp_tutorial_advanced_segmentation_final,3,12,1791500285.7942822,3832463,worker_2,W009,MeasureObjectSizeShape,step_completed,success,81.25,13,16
cp_tutorial_advanced_segmentation_final,3,12,1791500285.7957637,3832463,worker_2,W009,MeasureObjectNeighbors,step_started,started,81.25,13,16
cp_tutorial_advanced_segmentation_final,3,12,1791500285.8110046,3832461,worker_0,W007,MeasureObjectNeighbors,pattern_group,running,33.33333333333333,1,3
cp_tutorial_advanced_segmentation_final,3,12,1791500285.8343391,3832462,worker_1,W008,MeasureObjectNeighbors,pattern_group,running,66.66666666666666,2,3
cp_tutorial_advanced_segmentation_final,3,12,1791500285.8532655,3832463,worker_2,W009,MeasureObjectNeighbors,pattern_group,running,33.33333333333333,1,3
cp_tutorial_advanced_segmentation_final,3,12,1791500285.857585,3832461,worker_0,W007,MeasureObjectNeighbors,pattern_group,running,66.66666666666666,2,3
cp_tutorial_advanced_segmentation_final,3,12,1791500285.8989537,3832463,worker_2,W009,MeasureObjectNeighbors,pattern_group,running,66.66666666666666,2,3
cp_tutorial_advanced_segmentation_final,3,12,1791500285.9027877,3832462,worker_1,W008,MeasureObjectNeighbors,pattern_group,running,100.0,3,3
cp_tutorial_advanced_segmentation_final,3,12,1791500285.9041245,3832462,worker_1,W008,MeasureObjectNeighbors,step_completed,success,87.5,14,16
cp_tutorial_advanced_segmentation_final,3,12,1791500285.9050074,3832462,worker_1,W008,RelateObjects,step_started,started,87.5,14,16
cp_tutorial_advanced_segmentation_final,3,12,1791500285.9269166,3832461,worker_0,W007,MeasureObjectNeighbors,pattern_group,running,100.0,3,3
cp_tutorial_advanced_segmentation_final,3,12,1791500285.9281745,3832461,worker_0,W007,MeasureObjectNeighbors,step_completed,success,87.5,14,16
cp_tutorial_advanced_segmentation_final,3,12,1791500285.9291785,3832461,worker_0,W007,RelateObjects,step_started,started,87.5,14,16
cp_tutorial_advanced_segmentation_final,3,12,1791500285.9715085,3832463,worker_2,W009,MeasureObjectNeighbors,pattern_group,running,100.0,3,3
cp_tutorial_advanced_segmentation_final,3,12,1791500285.9728217,3832463,worker_2,W009,MeasureObjectNeighbors,step_completed,success,87.5,14,16
cp_tutorial_advanced_segmentation_final,3,12,1791500285.974165,3832463,worker_2,W009,RelateObjects,step_started,started,87.5,14,16
cp_tutorial_advanced_segmentation_final,3,12,1791500286.0951355,3832462,worker_1,W008,RelateObjects,pattern_group,running,50.0,1,2
cp_tutorial_advanced_segmentation_final,3,12,1791500286.121499,3832461,worker_0,W007,RelateObjects,pattern_group,running,50.0,1,2
cp_tutorial_advanced_segmentation_final,3,12,1791500286.1650755,3832463,worker_2,W009,RelateObjects,pattern_group,running,50.0,1,2
cp_tutorial_advanced_segmentation_final,3,12,1791500286.5709426,3832462,worker_1,W008,RelateObjects,pattern_group,running,100.0,2,2
cp_tutorial_advanced_segmentation_final,3,12,1791500286.5761096,3832462,worker_1,W008,RelateObjects,step_completed,success,93.75,15,16
cp_tutorial_advanced_segmentation_final,3,12,1791500286.5784376,3832462,worker_1,W008,pipeline,axis_completed,success,93.75,15,16
cp_tutorial_advanced_segmentation_final,3,12,1791500286.578526,3832462,worker_1,W011,pipeline,axis_started,started,0.0,0,16
cp_tutorial_advanced_segmentation_final,3,12,1791500286.5823972,3832462,worker_1,W011,CorrectIlluminationApply,step_started,started,0.0,0,16
cp_tutorial_advanced_segmentation_final,3,12,1791500286.5974646,3832461,worker_0,W007,RelateObjects,pattern_group,running,100.0,2,2
cp_tutorial_advanced_segmentation_final,3,12,1791500286.6027136,3832461,worker_0,W007,RelateObjects,step_completed,success,93.75,15,16
cp_tutorial_advanced_segmentation_final,3,12,1791500286.604813,3832461,worker_0,W007,pipeline,axis_completed,success,93.75,15,16
cp_tutorial_advanced_segmentation_final,3,12,1791500286.6048791,3832461,worker_0,W010,pipeline,axis_started,started,0.0,0,16
cp_tutorial_advanced_segmentation_final,3,12,1791500286.608678,3832461,worker_0,W010,CorrectIlluminationApply,step_started,started,0.0,0,16
cp_tutorial_advanced_segmentation_final,3,12,1791500286.6409125,3832462,worker_1,W011,CorrectIlluminationApply,pattern_group,running,20.0,1,5
cp_tutorial_advanced_segmentation_final,3,12,1791500286.6468031,3832463,worker_2,W009,RelateObjects,pattern_group,running,100.0,2,2
cp_tutorial_advanced_segmentation_final,3,12,1791500286.6527061,3832463,worker_2,W009,RelateObjects,step_completed,success,93.75,15,16
cp_tutorial_advanced_segmentation_final,3,12,1791500286.6550689,3832463,worker_2,W009,pipeline,axis_completed,success,93.75,15,16
cp_tutorial_advanced_segmentation_final,3,12,1791500286.6551483,3832463,worker_2,W012,pipeline,axis_started,started,0.0,0,16
cp_tutorial_advanced_segmentation_final,3,12,1791500286.6591156,3832463,worker_2,W012,CorrectIlluminationApply,step_started,started,0.0,0,16
cp_tutorial_advanced_segmentation_final,3,12,1791500286.6684902,3832461,worker_0,W010,CorrectIlluminationApply,pattern_group,running,20.0,1,5
cp_tutorial_advanced_segmentation_final,3,12,1791500286.6696792,3832462,worker_1,W011,CorrectIlluminationApply,pattern_group,running,40.0,2,5
cp_tutorial_advanced_segmentation_final,3,12,1791500286.6966302,3832461,worker_0,W010,CorrectIlluminationApply,pattern_group,running,40.0,2,5
cp_tutorial_advanced_segmentation_final,3,12,1791500286.6975493,3832462,worker_1,W011,CorrectIlluminationApply,pattern_group,running,60.0,3,5
cp_tutorial_advanced_segmentation_final,3,12,1791500286.7220209,3832463,worker_2,W012,CorrectIlluminationApply,pattern_group,running,20.0,1,5
cp_tutorial_advanced_segmentation_final,3,12,1791500286.7261984,3832461,worker_0,W010,CorrectIlluminationApply,pattern_group,running,60.0,3,5
cp_tutorial_advanced_segmentation_final,3,12,1791500286.7267342,3832462,worker_1,W011,CorrectIlluminationApply,pattern_group,running,80.0,4,5
cp_tutorial_advanced_segmentation_final,3,12,1791500286.7509944,3832463,worker_2,W012,CorrectIlluminationApply,pattern_group,running,40.0,2,5
cp_tutorial_advanced_segmentation_final,3,12,1791500286.7554348,3832461,worker_0,W010,CorrectIlluminationApply,pattern_group,running,80.0,4,5
cp_tutorial_advanced_segmentation_final,3,12,1791500286.7559905,3832462,worker_1,W011,CorrectIlluminationApply,pattern_group,running,100.0,5,5
cp_tutorial_advanced_segmentation_final,3,12,1791500286.7563336,3832462,worker_1,W011,CorrectIlluminationApply,step_completed,success,6.25,1,16
cp_tutorial_advanced_segmentation_final,3,12,1791500286.756894,3832462,worker_1,W011,IdentifyPrimaryObjects,step_started,started,6.25,1,16
cp_tutorial_advanced_segmentation_final,3,12,1791500286.7824123,3832463,worker_2,W012,CorrectIlluminationApply,pattern_group,running,60.0,3,5
cp_tutorial_advanced_segmentation_final,3,12,1791500286.785602,3832461,worker_0,W010,CorrectIlluminationApply,pattern_group,running,100.0,5,5
cp_tutorial_advanced_segmentation_final,3,12,1791500286.7859428,3832461,worker_0,W010,CorrectIlluminationApply,step_completed,success,6.25,1,16
cp_tutorial_advanced_segmentation_final,3,12,1791500286.7865062,3832461,worker_0,W010,IdentifyPrimaryObjects,step_started,started,6.25,1,16
cp_tutorial_advanced_segmentation_final,3,12,1791500286.8134131,3832463,worker_2,W012,CorrectIlluminationApply,pattern_group,running,80.0,4,5
cp_tutorial_advanced_segmentation_final,3,12,1791500286.8446193,3832463,worker_2,W012,CorrectIlluminationApply,pattern_group,running,100.0,5,5
cp_tutorial_advanced_segmentation_final,3,12,1791500286.845037,3832463,worker_2,W012,CorrectIlluminationApply,step_completed,success,6.25,1,16
cp_tutorial_advanced_segmentation_final,3,12,1791500286.8456206,3832463,worker_2,W012,IdentifyPrimaryObjects,step_started,started,6.25,1,16
cp_tutorial_advanced_segmentation_final,3,12,1791500286.8647473,3832462,worker_1,W011,IdentifyPrimaryObjects,pattern_group,running,100.0,1,1
cp_tutorial_advanced_segmentation_final,3,12,1791500286.865524,3832462,worker_1,W011,IdentifyPrimaryObjects,step_completed,success,12.5,2,16
cp_tutorial_advanced_segmentation_final,3,12,1791500286.8667502,3832462,worker_1,W011,IdentifySecondaryObjects,step_started,started,12.5,2,16
cp_tutorial_advanced_segmentation_final,3,12,1791500286.8951492,3832461,worker_0,W010,IdentifyPrimaryObjects,pattern_group,running,100.0,1,1
cp_tutorial_advanced_segmentation_final,3,12,1791500286.8959289,3832461,worker_0,W010,IdentifyPrimaryObjects,step_completed,success,12.5,2,16
cp_tutorial_advanced_segmentation_final,3,12,1791500286.8968663,3832461,worker_0,W010,IdentifySecondaryObjects,step_started,started,12.5,2,16
cp_tutorial_advanced_segmentation_final,3,12,1791500286.952587,3832463,worker_2,W012,IdentifyPrimaryObjects,pattern_group,running,100.0,1,1
cp_tutorial_advanced_segmentation_final,3,12,1791500286.9533923,3832463,worker_2,W012,IdentifyPrimaryObjects,step_completed,success,12.5,2,16
cp_tutorial_advanced_segmentation_final,3,12,1791500286.9543526,3832463,worker_2,W012,IdentifySecondaryObjects,step_started,started,12.5,2,16
cp_tutorial_advanced_segmentation_final,3,12,1791500287.1197863,3832462,worker_1,W011,IdentifySecondaryObjects,pattern_group,running,100.0,1,1
cp_tutorial_advanced_segmentation_final,3,12,1791500287.1206913,3832462,worker_1,W011,IdentifySecondaryObjects,step_completed,success,18.75,3,16
cp_tutorial_advanced_segmentation_final,3,12,1791500287.1216197,3832462,worker_1,W011,IdentifyTertiaryObjects,step_started,started,18.75,3,16
cp_tutorial_advanced_segmentation_final,3,12,1791500287.142442,3832461,worker_0,W010,IdentifySecondaryObjects,pattern_group,running,100.0,1,1
cp_tutorial_advanced_segmentation_final,3,12,1791500287.1432178,3832461,worker_0,W010,IdentifySecondaryObjects,step_completed,success,18.75,3,16
cp_tutorial_advanced_segmentation_final,3,12,1791500287.144053,3832461,worker_0,W010,IdentifyTertiaryObjects,step_started,started,18.75,3,16
cp_tutorial_advanced_segmentation_final,3,12,1791500287.1733422,3832462,worker_1,W011,IdentifyTertiaryObjects,pattern_group,running,100.0,1,1
cp_tutorial_advanced_segmentation_final,3,12,1791500287.174089,3832462,worker_1,W011,IdentifyTertiaryObjects,step_completed,success,25.0,4,16
cp_tutorial_advanced_segmentation_final,3,12,1791500287.1749144,3832462,worker_1,W011,EnhanceOrSuppressFeatures,step_started,started,25.0,4,16
cp_tutorial_advanced_segmentation_final,3,12,1791500287.1872647,3832462,worker_1,W011,EnhanceOrSuppressFeatures,pattern_group,running,100.0,1,1
cp_tutorial_advanced_segmentation_final,3,12,1791500287.1875818,3832462,worker_1,W011,EnhanceOrSuppressFeatures,step_completed,success,31.25,5,16
cp_tutorial_advanced_segmentation_final,3,12,1791500287.1881826,3832462,worker_1,W011,MaskImage,step_started,started,31.25,5,16
cp_tutorial_advanced_segmentation_final,3,12,1791500287.193939,3832461,worker_0,W010,IdentifyTertiaryObjects,pattern_group,running,100.0,1,1
cp_tutorial_advanced_segmentation_final,3,12,1791500287.194541,3832461,worker_0,W010,IdentifyTertiaryObjects,step_completed,success,25.0,4,16
cp_tutorial_advanced_segmentation_final,3,12,1791500287.1953838,3832461,worker_0,W010,EnhanceOrSuppressFeatures,step_started,started,25.0,4,16
cp_tutorial_advanced_segmentation_final,3,12,1791500287.1969411,3832462,worker_1,W011,MaskImage,pattern_group,running,100.0,1,1
cp_tutorial_advanced_segmentation_final,3,12,1791500287.1972234,3832462,worker_1,W011,MaskImage,step_completed,success,37.5,6,16
cp_tutorial_advanced_segmentation_final,3,12,1791500287.198129,3832462,worker_1,W011,IdentifyPrimaryObjects,step_started,started,37.5,6,16
cp_tutorial_advanced_segmentation_final,3,12,1791500287.205568,3832461,worker_0,W010,EnhanceOrSuppressFeatures,pattern_group,running,100.0,1,1
cp_tutorial_advanced_segmentation_final,3,12,1791500287.2059095,3832461,worker_0,W010,EnhanceOrSuppressFeatures,step_completed,success,31.25,5,16
cp_tutorial_advanced_segmentation_final,3,12,1791500287.2065227,3832461,worker_0,W010,MaskImage,step_started,started,31.25,5,16
cp_tutorial_advanced_segmentation_final,3,12,1791500287.206821,3832463,worker_2,W012,IdentifySecondaryObjects,pattern_group,running,100.0,1,1
cp_tutorial_advanced_segmentation_final,3,12,1791500287.2076578,3832463,worker_2,W012,IdentifySecondaryObjects,step_completed,success,18.75,3,16
cp_tutorial_advanced_segmentation_final,3,12,1791500287.2085302,3832463,worker_2,W012,IdentifyTertiaryObjects,step_started,started,18.75,3,16
cp_tutorial_advanced_segmentation_final,3,12,1791500287.2150555,3832461,worker_0,W010,MaskImage,pattern_group,running,100.0,1,1
cp_tutorial_advanced_segmentation_final,3,12,1791500287.215361,3832461,worker_0,W010,MaskImage,step_completed,success,37.5,6,16
cp_tutorial_advanced_segmentation_final,3,12,1791500287.216249,3832461,worker_0,W010,IdentifyPrimaryObjects,step_started,started,37.5,6,16
cp_tutorial_advanced_segmentation_final,3,12,1791500287.2630713,3832463,worker_2,W012,IdentifyTertiaryObjects,pattern_group,running,100.0,1,1
cp_tutorial_advanced_segmentation_final,3,12,1791500287.2638814,3832463,worker_2,W012,IdentifyTertiaryObjects,step_completed,success,25.0,4,16
cp_tutorial_advanced_segmentation_final,3,12,1791500287.2648134,3832463,worker_2,W012,EnhanceOrSuppressFeatures,step_started,started,25.0,4,16
cp_tutorial_advanced_segmentation_final,3,12,1791500287.2763128,3832463,worker_2,W012,EnhanceOrSuppressFeatures,pattern_group,running,100.0,1,1
cp_tutorial_advanced_segmentation_final,3,12,1791500287.2766533,3832463,worker_2,W012,EnhanceOrSuppressFeatures,step_completed,success,31.25,5,16
cp_tutorial_advanced_segmentation_final,3,12,1791500287.2773874,3832463,worker_2,W012,MaskImage,step_started,started,31.25,5,16
cp_tutorial_advanced_segmentation_final,3,12,1791500287.2858074,3832463,worker_2,W012,MaskImage,pattern_group,running,100.0,1,1
cp_tutorial_advanced_segmentation_final,3,12,1791500287.2862885,3832463,worker_2,W012,MaskImage,step_completed,success,37.5,6,16
cp_tutorial_advanced_segmentation_final,3,12,1791500287.2871752,3832463,worker_2,W012,IdentifyPrimaryObjects,step_started,started,37.5,6,16
cp_tutorial_advanced_segmentation_final,3,12,1791500287.2944016,3832462,worker_1,W011,IdentifyPrimaryObjects,pattern_group,running,100.0,1,1
cp_tutorial_advanced_segmentation_final,3,12,1791500287.2951436,3832462,worker_1,W011,IdentifyPrimaryObjects,step_completed,success,43.75,7,16
cp_tutorial_advanced_segmentation_final,3,12,1791500287.2962222,3832462,worker_1,W011,MaskImage,step_started,started,43.75,7,16
cp_tutorial_advanced_segmentation_final,3,12,1791500287.3052132,3832461,worker_0,W010,IdentifyPrimaryObjects,pattern_group,running,100.0,1,1
cp_tutorial_advanced_segmentation_final,3,12,1791500287.306001,3832461,worker_0,W010,IdentifyPrimaryObjects,step_completed,success,43.75,7,16
cp_tutorial_advanced_segmentation_final,3,12,1791500287.3070767,3832461,worker_0,W010,MaskImage,step_started,started,43.75,7,16
cp_tutorial_advanced_segmentation_final,3,12,1791500287.306301,3832462,worker_1,W011,MaskImage,pattern_group,running,100.0,1,1
cp_tutorial_advanced_segmentation_final,3,12,1791500287.306616,3832462,worker_1,W011,MaskImage,step_completed,success,50.0,8,16
cp_tutorial_advanced_segmentation_final,3,12,1791500287.3072307,3832462,worker_1,W011,IdentifyPrimaryObjects,step_started,started,50.0,8,16
cp_tutorial_advanced_segmentation_final,3,12,1791500287.3173976,3832461,worker_0,W010,MaskImage,pattern_group,running,100.0,1,1
cp_tutorial_advanced_segmentation_final,3,12,1791500287.3178105,3832461,worker_0,W010,MaskImage,step_completed,success,50.0,8,16
cp_tutorial_advanced_segmentation_final,3,12,1791500287.3186111,3832461,worker_0,W010,IdentifyPrimaryObjects,step_started,started,50.0,8,16
cp_tutorial_advanced_segmentation_final,3,12,1791500287.37555,3832463,worker_2,W012,IdentifyPrimaryObjects,pattern_group,running,100.0,1,1
cp_tutorial_advanced_segmentation_final,3,12,1791500287.3764863,3832463,worker_2,W012,IdentifyPrimaryObjects,step_completed,success,43.75,7,16
cp_tutorial_advanced_segmentation_final,3,12,1791500287.3778582,3832463,worker_2,W012,MaskImage,step_started,started,43.75,7,16
cp_tutorial_advanced_segmentation_final,3,12,1791500287.3896809,3832463,worker_2,W012,MaskImage,pattern_group,running,100.0,1,1
cp_tutorial_advanced_segmentation_final,3,12,1791500287.3900383,3832463,worker_2,W012,MaskImage,step_completed,success,50.0,8,16
cp_tutorial_advanced_segmentation_final,3,12,1791500287.390698,3832463,worker_2,W012,IdentifyPrimaryObjects,step_started,started,50.0,8,16
cp_tutorial_advanced_segmentation_final,3,12,1791500287.4113245,3832462,worker_1,W011,IdentifyPrimaryObjects,pattern_group,running,100.0,1,1
cp_tutorial_advanced_segmentation_final,3,12,1791500287.4120648,3832462,worker_1,W011,IdentifyPrimaryObjects,step_completed,success,56.25,9,16
cp_tutorial_advanced_segmentation_final,3,12,1791500287.41318,3832462,worker_1,W011,MeasureColocalization,step_started,started,56.25,9,16
cp_tutorial_advanced_segmentation_final,3,12,1791500287.417561,3832461,worker_0,W010,IdentifyPrimaryObjects,pattern_group,running,100.0,1,1
cp_tutorial_advanced_segmentation_final,3,12,1791500287.4184427,3832461,worker_0,W010,IdentifyPrimaryObjects,step_completed,success,56.25,9,16
cp_tutorial_advanced_segmentation_final,3,12,1791500287.4196172,3832461,worker_0,W010,MeasureColocalization,step_started,started,56.25,9,16
cp_tutorial_advanced_segmentation_final,3,12,1791500287.4844725,3832463,worker_2,W012,IdentifyPrimaryObjects,pattern_group,running,100.0,1,1
cp_tutorial_advanced_segmentation_final,3,12,1791500287.4852242,3832463,worker_2,W012,IdentifyPrimaryObjects,step_completed,success,56.25,9,16
cp_tutorial_advanced_segmentation_final,3,12,1791500287.486327,3832463,worker_2,W012,MeasureColocalization,step_started,started,56.25,9,16
cp_tutorial_advanced_segmentation_final,3,12,1791500288.1294527,3832461,worker_0,W010,MeasureColocalization,pattern_group,running,50.0,1,2
cp_tutorial_advanced_segmentation_final,3,12,1791500288.1560152,3832462,worker_1,W011,MeasureColocalization,pattern_group,running,50.0,1,2
cp_tutorial_advanced_segmentation_final,3,12,1791500288.1868308,3832463,worker_2,W012,MeasureColocalization,pattern_group,running,50.0,1,2
cp_tutorial_advanced_segmentation_final,3,12,1791500288.8146334,3832461,worker_0,W010,MeasureColocalization,pattern_group,running,100.0,2,2
cp_tutorial_advanced_segmentation_final,3,12,1791500288.8195746,3832461,worker_0,W010,MeasureColocalization,step_completed,success,62.5,10,16
cp_tutorial_advanced_segmentation_final,3,12,1791500288.8204005,3832461,worker_0,W010,MeasureObjectIntensity,step_started,started,62.5,10,16
cp_tutorial_advanced_segmentation_final,3,12,1791500288.8393562,3832462,worker_1,W011,MeasureColocalization,pattern_group,running,100.0,2,2
cp_tutorial_advanced_segmentation_final,3,12,1791500288.844303,3832462,worker_1,W011,MeasureColocalization,step_completed,success,62.5,10,16
cp_tutorial_advanced_segmentation_final,3,12,1791500288.8451324,3832462,worker_1,W011,MeasureObjectIntensity,step_started,started,62.5,10,16
cp_tutorial_advanced_segmentation_final,3,12,1791500288.8493786,3832463,worker_2,W012,MeasureColocalization,pattern_group,running,100.0,2,2
cp_tutorial_advanced_segmentation_final,3,12,1791500288.8547297,3832463,worker_2,W012,MeasureColocalization,step_completed,success,62.5,10,16
cp_tutorial_advanced_segmentation_final,3,12,1791500288.8560154,3832463,worker_2,W012,MeasureObjectIntensity,step_started,started,62.5,10,16
cp_tutorial_advanced_segmentation_final,3,12,1791500289.2723684,3832461,worker_0,W010,MeasureObjectIntensity,pattern_group,running,50.0,1,2
cp_tutorial_advanced_segmentation_final,3,12,1791500289.2917378,3832462,worker_1,W011,MeasureObjectIntensity,pattern_group,running,50.0,1,2
cp_tutorial_advanced_segmentation_final,3,12,1791500289.2956305,3832463,worker_2,W012,MeasureObjectIntensity,pattern_group,running,50.0,1,2
cp_tutorial_advanced_segmentation_final,3,12,1791500289.3835506,3832461,worker_0,W010,MeasureObjectIntensity,pattern_group,running,100.0,2,2
cp_tutorial_advanced_segmentation_final,3,12,1791500289.3869996,3832461,worker_0,W010,MeasureObjectIntensity,step_completed,success,68.75,11,16
cp_tutorial_advanced_segmentation_final,3,12,1791500289.388171,3832461,worker_0,W010,MeasureObjectIntensityDistribution,step_started,started,68.75,11,16
cp_tutorial_advanced_segmentation_final,3,12,1791500289.4037826,3832462,worker_1,W011,MeasureObjectIntensity,pattern_group,running,100.0,2,2
cp_tutorial_advanced_segmentation_final,3,12,1791500289.4071634,3832462,worker_1,W011,MeasureObjectIntensity,step_completed,success,68.75,11,16
cp_tutorial_advanced_segmentation_final,3,12,1791500289.4085643,3832462,worker_1,W011,MeasureObjectIntensityDistribution,step_started,started,68.75,11,16
cp_tutorial_advanced_segmentation_final,3,12,1791500289.4076123,3832463,worker_2,W012,MeasureObjectIntensity,pattern_group,running,100.0,2,2
cp_tutorial_advanced_segmentation_final,3,12,1791500289.4110084,3832463,worker_2,W012,MeasureObjectIntensity,step_completed,success,68.75,11,16
cp_tutorial_advanced_segmentation_final,3,12,1791500289.4121177,3832463,worker_2,W012,MeasureObjectIntensityDistribution,step_started,started,68.75,11,16
cp_tutorial_advanced_segmentation_final,3,12,1791500289.5004416,3832461,worker_0,W010,MeasureObjectIntensityDistribution,pattern_group,running,50.0,1,2
cp_tutorial_advanced_segmentation_final,3,12,1791500289.5211685,3832462,worker_1,W011,MeasureObjectIntensityDistribution,pattern_group,running,50.0,1,2
cp_tutorial_advanced_segmentation_final,3,12,1791500289.5248077,3832463,worker_2,W012,MeasureObjectIntensityDistribution,pattern_group,running,50.0,1,2
cp_tutorial_advanced_segmentation_final,3,12,1791500289.5496879,3832461,worker_0,W010,MeasureObjectIntensityDistribution,pattern_group,running,100.0,2,2
cp_tutorial_advanced_segmentation_final,3,12,1791500289.5525002,3832461,worker_0,W010,MeasureObjectIntensityDistribution,step_completed,success,75.0,12,16
cp_tutorial_advanced_segmentation_final,3,12,1791500289.5537016,3832461,worker_0,W010,MeasureObjectSizeShape,step_started,started,75.0,12,16
cp_tutorial_advanced_segmentation_final,3,12,1791500289.5707407,3832462,worker_1,W011,MeasureObjectIntensityDistribution,pattern_group,running,100.0,2,2
cp_tutorial_advanced_segmentation_final,3,12,1791500289.573508,3832462,worker_1,W011,MeasureObjectIntensityDistribution,step_completed,success,75.0,12,16
cp_tutorial_advanced_segmentation_final,3,12,1791500289.574461,3832463,worker_2,W012,MeasureObjectIntensityDistribution,pattern_group,running,100.0,2,2
cp_tutorial_advanced_segmentation_final,3,12,1791500289.5746605,3832462,worker_1,W011,MeasureObjectSizeShape,step_started,started,75.0,12,16
cp_tutorial_advanced_segmentation_final,3,12,1791500289.5772455,3832463,worker_2,W012,MeasureObjectIntensityDistribution,step_completed,success,75.0,12,16
cp_tutorial_advanced_segmentation_final,3,12,1791500289.5785,3832463,worker_2,W012,MeasureObjectSizeShape,step_started,started,75.0,12,16
cp_tutorial_advanced_segmentation_final,3,12,1791500289.9296577,3832461,worker_0,W010,MeasureObjectSizeShape,pattern_group,running,25.0,1,4
cp_tutorial_advanced_segmentation_final,3,12,1791500289.9518206,3832462,worker_1,W011,MeasureObjectSizeShape,pattern_group,running,25.0,1,4
cp_tutorial_advanced_segmentation_final,3,12,1791500289.9539037,3832463,worker_2,W012,MeasureObjectSizeShape,pattern_group,running,25.0,1,4
cp_tutorial_advanced_segmentation_final,3,12,1791500290.027199,3832461,worker_0,W010,MeasureObjectSizeShape,pattern_group,running,50.0,2,4
cp_tutorial_advanced_segmentation_final,3,12,1791500290.0505745,3832462,worker_1,W011,MeasureObjectSizeShape,pattern_group,running,50.0,2,4
cp_tutorial_advanced_segmentation_final,3,12,1791500290.0535321,3832463,worker_2,W012,MeasureObjectSizeShape,pattern_group,running,50.0,2,4
cp_tutorial_advanced_segmentation_final,3,12,1791500290.1108723,3832461,worker_0,W010,MeasureObjectSizeShape,pattern_group,running,75.0,3,4
cp_tutorial_advanced_segmentation_final,3,12,1791500290.1346734,3832462,worker_1,W011,MeasureObjectSizeShape,pattern_group,running,75.0,3,4
cp_tutorial_advanced_segmentation_final,3,12,1791500290.1365895,3832463,worker_2,W012,MeasureObjectSizeShape,pattern_group,running,75.0,3,4
cp_tutorial_advanced_segmentation_final,3,12,1791500290.152603,3832461,worker_0,W010,MeasureObjectSizeShape,pattern_group,running,100.0,4,4
cp_tutorial_advanced_segmentation_final,3,12,1791500290.1576552,3832461,worker_0,W010,MeasureObjectSizeShape,step_completed,success,81.25,13,16
cp_tutorial_advanced_segmentation_final,3,12,1791500290.1591287,3832461,worker_0,W010,MeasureObjectNeighbors,step_started,started,81.25,13,16
cp_tutorial_advanced_segmentation_final,3,12,1791500290.1787302,3832462,worker_1,W011,MeasureObjectSizeShape,pattern_group,running,100.0,4,4
cp_tutorial_advanced_segmentation_final,3,12,1791500290.1816764,3832463,worker_2,W012,MeasureObjectSizeShape,pattern_group,running,100.0,4,4
cp_tutorial_advanced_segmentation_final,3,12,1791500290.1842873,3832462,worker_1,W011,MeasureObjectSizeShape,step_completed,success,81.25,13,16
cp_tutorial_advanced_segmentation_final,3,12,1791500290.186729,3832462,worker_1,W011,MeasureObjectNeighbors,step_started,started,81.25,13,16
cp_tutorial_advanced_segmentation_final,3,12,1791500290.1871445,3832463,worker_2,W012,MeasureObjectSizeShape,step_completed,success,81.25,13,16
cp_tutorial_advanced_segmentation_final,3,12,1791500290.1887553,3832463,worker_2,W012,MeasureObjectNeighbors,step_started,started,81.25,13,16
cp_tutorial_advanced_segmentation_final,3,12,1791500290.2190514,3832461,worker_0,W010,MeasureObjectNeighbors,pattern_group,running,33.33333333333333,1,3
cp_tutorial_advanced_segmentation_final,3,12,1791500290.245805,3832462,worker_1,W011,MeasureObjectNeighbors,pattern_group,running,33.33333333333333,1,3
cp_tutorial_advanced_segmentation_final,3,12,1791500290.2464237,3832463,worker_2,W012,MeasureObjectNeighbors,pattern_group,running,33.33333333333333,1,3
cp_tutorial_advanced_segmentation_final,3,12,1791500290.2670085,3832461,worker_0,W010,MeasureObjectNeighbors,pattern_group,running,66.66666666666666,2,3
cp_tutorial_advanced_segmentation_final,3,12,1791500290.2920125,3832462,worker_1,W011,MeasureObjectNeighbors,pattern_group,running,66.66666666666666,2,3
cp_tutorial_advanced_segmentation_final,3,12,1791500290.2924023,3832463,worker_2,W012,MeasureObjectNeighbors,pattern_group,running,66.66666666666666,2,3
cp_tutorial_advanced_segmentation_final,3,12,1791500290.3386874,3832461,worker_0,W010,MeasureObjectNeighbors,pattern_group,running,100.0,3,3
cp_tutorial_advanced_segmentation_final,3,12,1791500290.3399954,3832461,worker_0,W010,MeasureObjectNeighbors,step_completed,success,87.5,14,16
cp_tutorial_advanced_segmentation_final,3,12,1791500290.3408227,3832461,worker_0,W010,RelateObjects,step_started,started,87.5,14,16
cp_tutorial_advanced_segmentation_final,3,12,1791500290.361182,3832462,worker_1,W011,MeasureObjectNeighbors,pattern_group,running,100.0,3,3
cp_tutorial_advanced_segmentation_final,3,12,1791500290.3612525,3832463,worker_2,W012,MeasureObjectNeighbors,pattern_group,running,100.0,3,3
cp_tutorial_advanced_segmentation_final,3,12,1791500290.362468,3832462,worker_1,W011,MeasureObjectNeighbors,step_completed,success,87.5,14,16
cp_tutorial_advanced_segmentation_final,3,12,1791500290.3632371,3832462,worker_1,W011,RelateObjects,step_started,started,87.5,14,16
cp_tutorial_advanced_segmentation_final,3,12,1791500290.3625293,3832463,worker_2,W012,MeasureObjectNeighbors,step_completed,success,87.5,14,16
cp_tutorial_advanced_segmentation_final,3,12,1791500290.3633072,3832463,worker_2,W012,RelateObjects,step_started,started,87.5,14,16
cp_tutorial_advanced_segmentation_final,3,12,1791500290.533175,3832461,worker_0,W010,RelateObjects,pattern_group,running,50.0,1,2
cp_tutorial_advanced_segmentation_final,3,12,1791500290.5497937,3832463,worker_2,W012,RelateObjects,pattern_group,running,50.0,1,2
cp_tutorial_advanced_segmentation_final,3,12,1791500290.552897,3832462,worker_1,W011,RelateObjects,pattern_group,running,50.0,1,2
cp_tutorial_advanced_segmentation_final,3,12,1791500290.9385357,3832461,worker_0,W010,RelateObjects,pattern_group,running,100.0,2,2
cp_tutorial_advanced_segmentation_final,3,12,1791500290.9405935,3832463,worker_2,W012,RelateObjects,pattern_group,running,100.0,2,2
cp_tutorial_advanced_segmentation_final,3,12,1791500290.9440968,3832461,worker_0,W010,RelateObjects,step_completed,success,93.75,15,16
cp_tutorial_advanced_segmentation_final,3,12,1791500290.9463043,3832462,worker_1,W011,RelateObjects,pattern_group,running,100.0,2,2
cp_tutorial_advanced_segmentation_final,3,12,1791500290.9464095,3832461,worker_0,W010,pipeline,axis_completed,success,93.75,15,16
cp_tutorial_advanced_segmentation_final,3,12,1791500290.9469013,3832463,worker_2,W012,RelateObjects,step_completed,success,93.75,15,16
cp_tutorial_advanced_segmentation_final,3,12,1791500290.949739,3832463,worker_2,W012,pipeline,axis_completed,success,93.75,15,16
cp_tutorial_advanced_segmentation_final,3,12,1791500290.951946,3832462,worker_1,W011,RelateObjects,step_completed,success,93.75,15,16
cp_tutorial_advanced_segmentation_final,3,12,1791500290.9542818,3832462,worker_1,W011,pipeline,axis_completed,success,93.75,15,16
cp_tutorial_advanced_segmentation_final,3,12,1791500291.417943,3831580,,,ExportToDatabase,step_started,started,93.75,15,16
cp_tutorial_advanced_segmentation_final,3,12,1791500293.4181366,3831580,,,ExportToDatabase,running,running,93.75,15,16
cp_tutorial_advanced_segmentation_final,3,12,1791500295.4233553,3831580,,,ExportToDatabase,running,running,93.75,15,16
cp_tutorial_advanced_segmentation_final,3,12,1791500296.946238,3831580,,,ExportToDatabase,step_completed,success,100.0,16,16
cp_tutorial_advanced_segmentation_final,3,12,1791500296.9488745,3831580,,,pipeline,success,success,100.0,16,16
