case_name,worker_count,well_count,timestamp,pid,worker_slot,axis_id,step_name,phase,status,percent,completed,total
ExampleImagingFlowCytometryObjectsInGrid,4,12,1791447002.03842,805331,,,pipeline,compile,started,0.0,0,27
ExampleImagingFlowCytometryObjectsInGrid,4,12,1791447002.0694292,805331,,,,init,started,0.0,0,1
ExampleImagingFlowCytometryObjectsInGrid,4,12,1791447002.4708366,805331,,W001,compilation,compile,running,8.333333333333332,1,12
ExampleImagingFlowCytometryObjectsInGrid,4,12,1791447002.525065,805331,,W002,compilation,compile,running,16.666666666666664,2,12
ExampleImagingFlowCytometryObjectsInGrid,4,12,1791447002.5769517,805331,,W003,compilation,compile,running,25.0,3,12
ExampleImagingFlowCytometryObjectsInGrid,4,12,1791447002.6289432,805331,,W004,compilation,compile,running,33.33333333333333,4,12
ExampleImagingFlowCytometryObjectsInGrid,4,12,1791447002.679683,805331,,W005,compilation,compile,running,41.66666666666667,5,12
ExampleImagingFlowCytometryObjectsInGrid,4,12,1791447002.730122,805331,,W006,compilation,compile,running,50.0,6,12
ExampleImagingFlowCytometryObjectsInGrid,4,12,1791447002.7812796,805331,,W007,compilation,compile,running,58.333333333333336,7,12
ExampleImagingFlowCytometryObjectsInGrid,4,12,1791447002.831805,805331,,W008,compilation,compile,running,66.66666666666666,8,12
ExampleImagingFlowCytometryObjectsInGrid,4,12,1791447002.883054,805331,,W009,compilation,compile,running,75.0,9,12
ExampleImagingFlowCytometryObjectsInGrid,4,12,1791447002.9339526,805331,,W010,compilation,compile,running,83.33333333333334,10,12
ExampleImagingFlowCytometryObjectsInGrid,4,12,1791447002.9880984,805331,,W011,compilation,compile,running,91.66666666666666,11,12
ExampleImagingFlowCytometryObjectsInGrid,4,12,1791447003.0385725,805331,,W012,compilation,compile,running,100.0,12,12
ExampleImagingFlowCytometryObjectsInGrid,4,12,1791447003.0757685,805331,,,,init,started,0.0,0,1
ExampleImagingFlowCytometryObjectsInGrid,4,12,1791447003.075849,805331,,,pipeline,compile,success,100.0,1,27
ExampleImagingFlowCytometryObjectsInGrid,4,12,1791447003.0759003,805331,,W001,compilation,compile,success,100.0,1,1
ExampleImagingFlowCytometryObjectsInGrid,4,12,1791447003.0759308,805331,,W002,compilation,compile,success,100.0,1,1
ExampleImagingFlowCytometryObjectsInGrid,4,12,1791447003.0759573,805331,,W003,compilation,compile,success,100.0,1,1
ExampleImagingFlowCytometryObjectsInGrid,4,12,1791447003.075982,805331,,W004,compilation,compile,success,100.0,1,1
ExampleImagingFlowCytometryObjectsInGrid,4,12,1791447003.076007,805331,,W005,compilation,compile,success,100.0,1,1
ExampleImagingFlowCytometryObjectsInGrid,4,12,1791447003.076031,805331,,W006,compilation,compile,success,100.0,1,1
ExampleImagingFlowCytometryObjectsInGrid,4,12,1791447003.0760553,805331,,W007,compilation,compile,success,100.0,1,1
ExampleImagingFlowCytometryObjectsInGrid,4,12,1791447003.0760796,805331,,W008,compilation,compile,success,100.0,1,1
ExampleImagingFlowCytometryObjectsInGrid,4,12,1791447003.0761034,805331,,W009,compilation,compile,success,100.0,1,1
ExampleImagingFlowCytometryObjectsInGrid,4,12,1791447003.0761273,805331,,W010,compilation,compile,success,100.0,1,1
ExampleImagingFlowCytometryObjectsInGrid,4,12,1791447003.076151,805331,,W011,compilation,compile,success,100.0,1,1
ExampleImagingFlowCytometryObjectsInGrid,4,12,1791447003.076174,805331,,W012,compilation,compile,success,100.0,1,1
ExampleImagingFlowCytometryObjectsInGrid,4,12,1791447003.114222,805331,,,,init,started,0.0,0,1
ExampleImagingFlowCytometryObjectsInGrid,4,12,1791447003.1824608,805774,worker_1,W002,pipeline,axis_started,started,0.0,0,27
ExampleImagingFlowCytometryObjectsInGrid,4,12,1791447003.1853888,805774,worker_1,W002,DefineGrid,step_started,started,0.0,0,27
ExampleImagingFlowCytometryObjectsInGrid,4,12,1791447003.2507343,805774,worker_1,W002,DefineGrid,pattern_group,running,100.0,1,1
ExampleImagingFlowCytometryObjectsInGrid,4,12,1791447003.2511973,805774,worker_1,W002,DefineGrid,step_completed,success,3.7037037037037033,1,27
ExampleImagingFlowCytometryObjectsInGrid,4,12,1791447003.2518234,805774,worker_1,W002,IdentifyObjectsInGrid,step_started,started,3.7037037037037033,1,27
ExampleImagingFlowCytometryObjectsInGrid,4,12,1791447003.348904,805774,worker_1,W002,IdentifyObjectsInGrid,pattern_group,running,100.0,1,1
ExampleImagingFlowCytometryObjectsInGrid,4,12,1791447003.3495538,805774,worker_1,W002,IdentifyObjectsInGrid,step_completed,success,7.4074074074074066,2,27
ExampleImagingFlowCytometryObjectsInGrid,4,12,1791447003.3502245,805774,worker_1,W002,MeasureObjectIntensity,step_started,started,7.4074074074074066,2,27
ExampleImagingFlowCytometryObjectsInGrid,4,12,1791447003.3563335,805773,worker_0,W001,pipeline,axis_started,started,0.0,0,27
ExampleImagingFlowCytometryObjectsInGrid,4,12,1791447003.3595183,805773,worker_0,W001,DefineGrid,step_started,started,0.0,0,27
ExampleImagingFlowCytometryObjectsInGrid,4,12,1791447003.3968084,805773,worker_0,W001,DefineGrid,pattern_group,running,100.0,1,1
ExampleImagingFlowCytometryObjectsInGrid,4,12,1791447003.3972182,805773,worker_0,W001,DefineGrid,step_completed,success,3.7037037037037033,1,27
ExampleImagingFlowCytometryObjectsInGrid,4,12,1791447003.3978348,805773,worker_0,W001,IdentifyObjectsInGrid,step_started,started,3.7037037037037033,1,27
ExampleImagingFlowCytometryObjectsInGrid,4,12,1791447003.411458,805775,worker_2,W003,pipeline,axis_started,started,0.0,0,27
ExampleImagingFlowCytometryObjectsInGrid,4,12,1791447003.4145186,805775,worker_2,W003,DefineGrid,step_started,started,0.0,0,27
ExampleImagingFlowCytometryObjectsInGrid,4,12,1791447003.416829,805776,worker_3,W004,pipeline,axis_started,started,0.0,0,27
ExampleImagingFlowCytometryObjectsInGrid,4,12,1791447003.4197671,805776,worker_3,W004,DefineGrid,step_started,started,0.0,0,27
ExampleImagingFlowCytometryObjectsInGrid,4,12,1791447003.4553046,805776,worker_3,W004,DefineGrid,pattern_group,running,100.0,1,1
ExampleImagingFlowCytometryObjectsInGrid,4,12,1791447003.4560196,805776,worker_3,W004,DefineGrid,step_completed,success,3.7037037037037033,1,27
ExampleImagingFlowCytometryObjectsInGrid,4,12,1791447003.4568832,805776,worker_3,W004,IdentifyObjectsInGrid,step_started,started,3.7037037037037033,1,27
ExampleImagingFlowCytometryObjectsInGrid,4,12,1791447003.4696167,805775,worker_2,W003,DefineGrid,pattern_group,running,100.0,1,1
ExampleImagingFlowCytometryObjectsInGrid,4,12,1791447003.4700894,805775,worker_2,W003,DefineGrid,step_completed,success,3.7037037037037033,1,27
ExampleImagingFlowCytometryObjectsInGrid,4,12,1791447003.470824,805775,worker_2,W003,IdentifyObjectsInGrid,step_started,started,3.7037037037037033,1,27
ExampleImagingFlowCytometryObjectsInGrid,4,12,1791447003.5004332,805773,worker_0,W001,IdentifyObjectsInGrid,pattern_group,running,100.0,1,1
ExampleImagingFlowCytometryObjectsInGrid,4,12,1791447003.5012226,805773,worker_0,W001,IdentifyObjectsInGrid,step_completed,success,7.4074074074074066,2,27
ExampleImagingFlowCytometryObjectsInGrid,4,12,1791447003.5019133,805773,worker_0,W001,MeasureObjectIntensity,step_started,started,7.4074074074074066,2,27
ExampleImagingFlowCytometryObjectsInGrid,4,12,1791447003.578848,805775,worker_2,W003,IdentifyObjectsInGrid,pattern_group,running,100.0,1,1
ExampleImagingFlowCytometryObjectsInGrid,4,12,1791447003.5795116,805775,worker_2,W003,IdentifyObjectsInGrid,step_completed,success,7.4074074074074066,2,27
ExampleImagingFlowCytometryObjectsInGrid,4,12,1791447003.5801902,805775,worker_2,W003,MeasureObjectIntensity,step_started,started,7.4074074074074066,2,27
ExampleImagingFlowCytometryObjectsInGrid,4,12,1791447003.5806415,805776,worker_3,W004,IdentifyObjectsInGrid,pattern_group,running,100.0,1,1
ExampleImagingFlowCytometryObjectsInGrid,4,12,1791447003.581254,805776,worker_3,W004,IdentifyObjectsInGrid,step_completed,success,7.4074074074074066,2,27
ExampleImagingFlowCytometryObjectsInGrid,4,12,1791447003.5825388,805776,worker_3,W004,MeasureObjectIntensity,step_started,started,7.4074074074074066,2,27
ExampleImagingFlowCytometryObjectsInGrid,4,12,1791447003.9242327,805774,worker_1,W002,MeasureObjectIntensity,pattern_group,running,100.0,1,1
ExampleImagingFlowCytometryObjectsInGrid,4,12,1791447003.9253454,805774,worker_1,W002,MeasureObjectIntensity,step_completed,success,11.11111111111111,3,27
ExampleImagingFlowCytometryObjectsInGrid,4,12,1791447003.9280703,805774,worker_1,W002,FilterObjects,step_started,started,11.11111111111111,3,27
ExampleImagingFlowCytometryObjectsInGrid,4,12,1791447004.055228,805774,worker_1,W002,FilterObjects,pattern_group,running,100.0,1,1
ExampleImagingFlowCytometryObjectsInGrid,4,12,1791447004.0560093,805774,worker_1,W002,FilterObjects,step_completed,success,14.814814814814813,4,27
ExampleImagingFlowCytometryObjectsInGrid,4,12,1791447004.0568657,805774,worker_1,W002,MaskImage,step_started,started,14.814814814814813,4,27
ExampleImagingFlowCytometryObjectsInGrid,4,12,1791447004.067331,805773,worker_0,W001,MeasureObjectIntensity,pattern_group,running,100.0,1,1
ExampleImagingFlowCytometryObjectsInGrid,4,12,1791447004.0684319,805773,worker_0,W001,MeasureObjectIntensity,step_completed,success,11.11111111111111,3,27
ExampleImagingFlowCytometryObjectsInGrid,4,12,1791447004.0713966,805773,worker_0,W001,FilterObjects,step_started,started,11.11111111111111,3,27
ExampleImagingFlowCytometryObjectsInGrid,4,12,1791447004.0856502,805774,worker_1,W002,MaskImage,pattern_group,running,100.0,1,1
ExampleImagingFlowCytometryObjectsInGrid,4,12,1791447004.086123,805774,worker_1,W002,MaskImage,step_completed,success,18.51851851851852,5,27
ExampleImagingFlowCytometryObjectsInGrid,4,12,1791447004.0867825,805774,worker_1,W002,Smooth,step_started,started,18.51851851851852,5,27
ExampleImagingFlowCytometryObjectsInGrid,4,12,1791447004.1776066,805776,worker_3,W004,MeasureObjectIntensity,pattern_group,running,100.0,1,1
ExampleImagingFlowCytometryObjectsInGrid,4,12,1791447004.1789412,805776,worker_3,W004,MeasureObjectIntensity,step_completed,success,11.11111111111111,3,27
ExampleImagingFlowCytometryObjectsInGrid,4,12,1791447004.18114,805776,worker_3,W004,FilterObjects,step_started,started,11.11111111111111,3,27
ExampleImagingFlowCytometryObjectsInGrid,4,12,1791447004.1991353,805775,worker_2,W003,MeasureObjectIntensity,pattern_group,running,100.0,1,1
ExampleImagingFlowCytometryObjectsInGrid,4,12,1791447004.2003791,805775,worker_2,W003,MeasureObjectIntensity,step_completed,success,11.11111111111111,3,27
ExampleImagingFlowCytometryObjectsInGrid,4,12,1791447004.204796,805773,worker_0,W001,FilterObjects,pattern_group,running,100.0,1,1
ExampleImagingFlowCytometryObjectsInGrid,4,12,1791447004.205475,805775,worker_2,W003,FilterObjects,step_started,started,11.11111111111111,3,27
ExampleImagingFlowCytometryObjectsInGrid,4,12,1791447004.206117,805773,worker_0,W001,FilterObjects,step_completed,success,14.814814814814813,4,27
ExampleImagingFlowCytometryObjectsInGrid,4,12,1791447004.2077847,805773,worker_0,W001,MaskImage,step_started,started,14.814814814814813,4,27
ExampleImagingFlowCytometryObjectsInGrid,4,12,1791447004.2408001,805773,worker_0,W001,MaskImage,pattern_group,running,100.0,1,1
ExampleImagingFlowCytometryObjectsInGrid,4,12,1791447004.2419648,805773,worker_0,W001,MaskImage,step_completed,success,18.51851851851852,5,27
ExampleImagingFlowCytometryObjectsInGrid,4,12,1791447004.2427356,805773,worker_0,W001,Smooth,step_started,started,18.51851851851852,5,27
ExampleImagingFlowCytometryObjectsInGrid,4,12,1791447004.3246768,805776,worker_3,W004,FilterObjects,pattern_group,running,100.0,1,1
ExampleImagingFlowCytometryObjectsInGrid,4,12,1791447004.3256516,805776,worker_3,W004,FilterObjects,step_completed,success,14.814814814814813,4,27
ExampleImagingFlowCytometryObjectsInGrid,4,12,1791447004.3266344,805776,worker_3,W004,MaskImage,step_started,started,14.814814814814813,4,27
ExampleImagingFlowCytometryObjectsInGrid,4,12,1791447004.351516,805775,worker_2,W003,FilterObjects,pattern_group,running,100.0,1,1
ExampleImagingFlowCytometryObjectsInGrid,4,12,1791447004.3517635,805776,worker_3,W004,MaskImage,pattern_group,running,100.0,1,1
ExampleImagingFlowCytometryObjectsInGrid,4,12,1791447004.3521771,805776,worker_3,W004,MaskImage,step_completed,success,18.51851851851852,5,27
ExampleImagingFlowCytometryObjectsInGrid,4,12,1791447004.3527899,805775,worker_2,W003,FilterObjects,step_completed,success,14.814814814814813,4,27
ExampleImagingFlowCytometryObjectsInGrid,4,12,1791447004.3529203,805776,worker_3,W004,Smooth,step_started,started,18.51851851851852,5,27
ExampleImagingFlowCytometryObjectsInGrid,4,12,1791447004.3543677,805775,worker_2,W003,MaskImage,step_started,started,14.814814814814813,4,27
ExampleImagingFlowCytometryObjectsInGrid,4,12,1791447004.3553526,805774,worker_1,W002,Smooth,pattern_group,running,100.0,1,1
ExampleImagingFlowCytometryObjectsInGrid,4,12,1791447004.3557644,805774,worker_1,W002,Smooth,step_completed,success,22.22222222222222,6,27
ExampleImagingFlowCytometryObjectsInGrid,4,12,1791447004.3566,805774,worker_1,W002,EnhanceEdges,step_started,started,22.22222222222222,6,27
ExampleImagingFlowCytometryObjectsInGrid,4,12,1791447004.3890507,805775,worker_2,W003,MaskImage,pattern_group,running,100.0,1,1
ExampleImagingFlowCytometryObjectsInGrid,4,12,1791447004.3896759,805775,worker_2,W003,MaskImage,step_completed,success,18.51851851851852,5,27
ExampleImagingFlowCytometryObjectsInGrid,4,12,1791447004.390326,805775,worker_2,W003,Smooth,step_started,started,18.51851851851852,5,27
ExampleImagingFlowCytometryObjectsInGrid,4,12,1791447004.409882,805774,worker_1,W002,EnhanceEdges,pattern_group,running,100.0,1,1
ExampleImagingFlowCytometryObjectsInGrid,4,12,1791447004.4106188,805774,worker_1,W002,EnhanceEdges,step_completed,success,25.925925925925924,7,27
ExampleImagingFlowCytometryObjectsInGrid,4,12,1791447004.4115572,805774,worker_1,W002,Closing,step_started,started,25.925925925925924,7,27
ExampleImagingFlowCytometryObjectsInGrid,4,12,1791447004.4729674,805773,worker_0,W001,Smooth,pattern_group,running,100.0,1,1
ExampleImagingFlowCytometryObjectsInGrid,4,12,1791447004.473447,805773,worker_0,W001,Smooth,step_completed,success,22.22222222222222,6,27
ExampleImagingFlowCytometryObjectsInGrid,4,12,1791447004.4742537,805773,worker_0,W001,EnhanceEdges,step_started,started,22.22222222222222,6,27
ExampleImagingFlowCytometryObjectsInGrid,4,12,1791447004.5142393,805773,worker_0,W001,EnhanceEdges,pattern_group,running,100.0,1,1
ExampleImagingFlowCytometryObjectsInGrid,4,12,1791447004.5147595,805773,worker_0,W001,EnhanceEdges,step_completed,success,25.925925925925924,7,27
ExampleImagingFlowCytometryObjectsInGrid,4,12,1791447004.5155902,805773,worker_0,W001,Closing,step_started,started,25.925925925925924,7,27
ExampleImagingFlowCytometryObjectsInGrid,4,12,1791447004.6339953,805776,worker_3,W004,Smooth,pattern_group,running,100.0,1,1
ExampleImagingFlowCytometryObjectsInGrid,4,12,1791447004.634944,805776,worker_3,W004,Smooth,step_completed,success,22.22222222222222,6,27
ExampleImagingFlowCytometryObjectsInGrid,4,12,1791447004.6360748,805776,worker_3,W004,EnhanceEdges,step_started,started,22.22222222222222,6,27
ExampleImagingFlowCytometryObjectsInGrid,4,12,1791447004.66268,805775,worker_2,W003,Smooth,pattern_group,running,100.0,1,1
ExampleImagingFlowCytometryObjectsInGrid,4,12,1791447004.663214,805775,worker_2,W003,Smooth,step_completed,success,22.22222222222222,6,27
ExampleImagingFlowCytometryObjectsInGrid,4,12,1791447004.6640027,805775,worker_2,W003,EnhanceEdges,step_started,started,22.22222222222222,6,27
ExampleImagingFlowCytometryObjectsInGrid,4,12,1791447004.6835148,805776,worker_3,W004,EnhanceEdges,pattern_group,running,100.0,1,1
ExampleImagingFlowCytometryObjectsInGrid,4,12,1791447004.684098,805776,worker_3,W004,EnhanceEdges,step_completed,success,25.925925925925924,7,27
ExampleImagingFlowCytometryObjectsInGrid,4,12,1791447004.6849418,805776,worker_3,W004,Closing,step_started,started,25.925925925925924,7,27
ExampleImagingFlowCytometryObjectsInGrid,4,12,1791447004.7114866,805775,worker_2,W003,EnhanceEdges,pattern_group,running,100.0,1,1
ExampleImagingFlowCytometryObjectsInGrid,4,12,1791447004.7120528,805775,worker_2,W003,EnhanceEdges,step_completed,success,25.925925925925924,7,27
ExampleImagingFlowCytometryObjectsInGrid,4,12,1791447004.7129467,805775,worker_2,W003,Closing,step_started,started,25.925925925925924,7,27
ExampleImagingFlowCytometryObjectsInGrid,4,12,1791447005.0352514,805774,worker_1,W002,Closing,pattern_group,running,100.0,1,1
ExampleImagingFlowCytometryObjectsInGrid,4,12,1791447005.0359757,805774,worker_1,W002,Closing,step_completed,success,29.629629629629626,8,27
ExampleImagingFlowCytometryObjectsInGrid,4,12,1791447005.03702,805774,worker_1,W002,IdentifyPrimaryObjects,step_started,started,29.629629629629626,8,27
ExampleImagingFlowCytometryObjectsInGrid,4,12,1791447005.0971653,805773,worker_0,W001,Closing,pattern_group,running,100.0,1,1
ExampleImagingFlowCytometryObjectsInGrid,4,12,1791447005.0978093,805773,worker_0,W001,Closing,step_completed,success,29.629629629629626,8,27
ExampleImagingFlowCytometryObjectsInGrid,4,12,1791447005.0986133,805773,worker_0,W001,IdentifyPrimaryObjects,step_started,started,29.629629629629626,8,27
ExampleImagingFlowCytometryObjectsInGrid,4,12,1791447005.316072,805776,worker_3,W004,Closing,pattern_group,running,100.0,1,1
ExampleImagingFlowCytometryObjectsInGrid,4,12,1791447005.3167372,805776,worker_3,W004,Closing,step_completed,success,29.629629629629626,8,27
ExampleImagingFlowCytometryObjectsInGrid,4,12,1791447005.3176425,805776,worker_3,W004,IdentifyPrimaryObjects,step_started,started,29.629629629629626,8,27
ExampleImagingFlowCytometryObjectsInGrid,4,12,1791447005.3564339,805775,worker_2,W003,Closing,pattern_group,running,100.0,1,1
ExampleImagingFlowCytometryObjectsInGrid,4,12,1791447005.3570337,805775,worker_2,W003,Closing,step_completed,success,29.629629629629626,8,27
ExampleImagingFlowCytometryObjectsInGrid,4,12,1791447005.3578699,805775,worker_2,W003,IdentifyPrimaryObjects,step_started,started,29.629629629629626,8,27
ExampleImagingFlowCytometryObjectsInGrid,4,12,1791447006.0901842,805773,worker_0,W001,IdentifyPrimaryObjects,pattern_group,running,100.0,1,1
ExampleImagingFlowCytometryObjectsInGrid,4,12,1791447006.0910769,805773,worker_0,W001,IdentifyPrimaryObjects,step_completed,success,33.33333333333333,9,27
ExampleImagingFlowCytometryObjectsInGrid,4,12,1791447006.0922396,805773,worker_0,W001,MeasureObjectSizeShape,step_started,started,33.33333333333333,9,27
ExampleImagingFlowCytometryObjectsInGrid,4,12,1791447006.1292536,805774,worker_1,W002,IdentifyPrimaryObjects,pattern_group,running,100.0,1,1
ExampleImagingFlowCytometryObjectsInGrid,4,12,1791447006.1305206,805774,worker_1,W002,IdentifyPrimaryObjects,step_completed,success,33.33333333333333,9,27
ExampleImagingFlowCytometryObjectsInGrid,4,12,1791447006.1318986,805774,worker_1,W002,MeasureObjectSizeShape,step_started,started,33.33333333333333,9,27
ExampleImagingFlowCytometryObjectsInGrid,4,12,1791447006.2882183,805773,worker_0,W001,MeasureObjectSizeShape,pattern_group,running,100.0,1,1
ExampleImagingFlowCytometryObjectsInGrid,4,12,1791447006.289186,805773,worker_0,W001,MeasureObjectSizeShape,step_completed,success,37.03703703703704,10,27
ExampleImagingFlowCytometryObjectsInGrid,4,12,1791447006.2899332,805773,worker_0,W001,FilterObjects,step_started,started,37.03703703703704,10,27
ExampleImagingFlowCytometryObjectsInGrid,4,12,1791447006.303818,805776,worker_3,W004,IdentifyPrimaryObjects,pattern_group,running,100.0,1,1
ExampleImagingFlowCytometryObjectsInGrid,4,12,1791447006.3046389,805776,worker_3,W004,IdentifyPrimaryObjects,step_completed,success,33.33333333333333,9,27
ExampleImagingFlowCytometryObjectsInGrid,4,12,1791447006.3073547,805776,worker_3,W004,MeasureObjectSizeShape,step_started,started,33.33333333333333,9,27
ExampleImagingFlowCytometryObjectsInGrid,4,12,1791447006.3076005,805775,worker_2,W003,IdentifyPrimaryObjects,pattern_group,running,100.0,1,1
ExampleImagingFlowCytometryObjectsInGrid,4,12,1791447006.308411,805775,worker_2,W003,IdentifyPrimaryObjects,step_completed,success,33.33333333333333,9,27
ExampleImagingFlowCytometryObjectsInGrid,4,12,1791447006.310755,805775,worker_2,W003,MeasureObjectSizeShape,step_started,started,33.33333333333333,9,27
ExampleImagingFlowCytometryObjectsInGrid,4,12,1791447006.3302798,805774,worker_1,W002,MeasureObjectSizeShape,pattern_group,running,100.0,1,1
ExampleImagingFlowCytometryObjectsInGrid,4,12,1791447006.3320758,805774,worker_1,W002,MeasureObjectSizeShape,step_completed,success,37.03703703703704,10,27
ExampleImagingFlowCytometryObjectsInGrid,4,12,1791447006.3335485,805774,worker_1,W002,FilterObjects,step_started,started,37.03703703703704,10,27
ExampleImagingFlowCytometryObjectsInGrid,4,12,1791447006.4005244,805773,worker_0,W001,FilterObjects,pattern_group,running,100.0,1,1
ExampleImagingFlowCytometryObjectsInGrid,4,12,1791447006.4013267,805773,worker_0,W001,FilterObjects,step_completed,success,40.74074074074074,11,27
ExampleImagingFlowCytometryObjectsInGrid,4,12,1791447006.4122136,805773,worker_0,W001,MeasureObjectSizeShape,step_started,started,40.74074074074074,11,27
ExampleImagingFlowCytometryObjectsInGrid,4,12,1791447006.4421854,805774,worker_1,W002,FilterObjects,pattern_group,running,100.0,1,1
ExampleImagingFlowCytometryObjectsInGrid,4,12,1791447006.4429848,805774,worker_1,W002,FilterObjects,step_completed,success,40.74074074074074,11,27
ExampleImagingFlowCytometryObjectsInGrid,4,12,1791447006.457911,805774,worker_1,W002,MeasureObjectSizeShape,step_started,started,40.74074074074074,11,27
ExampleImagingFlowCytometryObjectsInGrid,4,12,1791447006.5030007,805775,worker_2,W003,MeasureObjectSizeShape,pattern_group,running,100.0,1,1
ExampleImagingFlowCytometryObjectsInGrid,4,12,1791447006.5040953,805775,worker_2,W003,MeasureObjectSizeShape,step_completed,success,37.03703703703704,10,27
ExampleImagingFlowCytometryObjectsInGrid,4,12,1791447006.5049217,805775,worker_2,W003,FilterObjects,step_started,started,37.03703703703704,10,27
ExampleImagingFlowCytometryObjectsInGrid,4,12,1791447006.5053434,805776,worker_3,W004,MeasureObjectSizeShape,pattern_group,running,100.0,1,1
ExampleImagingFlowCytometryObjectsInGrid,4,12,1791447006.5063121,805776,worker_3,W004,MeasureObjectSizeShape,step_completed,success,37.03703703703704,10,27
ExampleImagingFlowCytometryObjectsInGrid,4,12,1791447006.507416,805776,worker_3,W004,FilterObjects,step_started,started,37.03703703703704,10,27
ExampleImagingFlowCytometryObjectsInGrid,4,12,1791447006.5917149,805773,worker_0,W001,MeasureObjectSizeShape,pattern_group,running,100.0,1,1
ExampleImagingFlowCytometryObjectsInGrid,4,12,1791447006.5927145,805773,worker_0,W001,MeasureObjectSizeShape,step_completed,success,44.44444444444444,12,27
ExampleImagingFlowCytometryObjectsInGrid,4,12,1791447006.5935931,805773,worker_0,W001,ExpandOrShrinkObjects,step_started,started,44.44444444444444,12,27
ExampleImagingFlowCytometryObjectsInGrid,4,12,1791447006.6122928,805775,worker_2,W003,FilterObjects,pattern_group,running,100.0,1,1
ExampleImagingFlowCytometryObjectsInGrid,4,12,1791447006.6133158,805775,worker_2,W003,FilterObjects,step_completed,success,40.74074074074074,11,27
ExampleImagingFlowCytometryObjectsInGrid,4,12,1791447006.6195538,805775,worker_2,W003,MeasureObjectSizeShape,step_started,started,40.74074074074074,11,27
ExampleImagingFlowCytometryObjectsInGrid,4,12,1791447006.6242516,805776,worker_3,W004,FilterObjects,pattern_group,running,100.0,1,1
ExampleImagingFlowCytometryObjectsInGrid,4,12,1791447006.6254096,805776,worker_3,W004,FilterObjects,step_completed,success,40.74074074074074,11,27
ExampleImagingFlowCytometryObjectsInGrid,4,12,1791447006.6265714,805776,worker_3,W004,MeasureObjectSizeShape,step_started,started,40.74074074074074,11,27
ExampleImagingFlowCytometryObjectsInGrid,4,12,1791447006.652833,805774,worker_1,W002,MeasureObjectSizeShape,pattern_group,running,100.0,1,1
ExampleImagingFlowCytometryObjectsInGrid,4,12,1791447006.6547105,805774,worker_1,W002,MeasureObjectSizeShape,step_completed,success,44.44444444444444,12,27
ExampleImagingFlowCytometryObjectsInGrid,4,12,1791447006.6561441,805774,worker_1,W002,ExpandOrShrinkObjects,step_started,started,44.44444444444444,12,27
ExampleImagingFlowCytometryObjectsInGrid,4,12,1791447006.7412617,805773,worker_0,W001,ExpandOrShrinkObjects,pattern_group,running,100.0,1,1
ExampleImagingFlowCytometryObjectsInGrid,4,12,1791447006.741963,805773,worker_0,W001,ExpandOrShrinkObjects,step_completed,success,48.148148148148145,13,27
ExampleImagingFlowCytometryObjectsInGrid,4,12,1791447006.7430732,805773,worker_0,W001,RelateObjects,step_started,started,48.148148148148145,13,27
ExampleImagingFlowCytometryObjectsInGrid,4,12,1791447006.8024306,805773,worker_0,W001,RelateObjects,pattern_group,running,100.0,1,1
ExampleImagingFlowCytometryObjectsInGrid,4,12,1791447006.803176,805773,worker_0,W001,RelateObjects,step_completed,success,51.85185185185185,14,27
ExampleImagingFlowCytometryObjectsInGrid,4,12,1791447006.8040078,805773,worker_0,W001,FilterObjects,step_started,started,51.85185185185185,14,27
ExampleImagingFlowCytometryObjectsInGrid,4,12,1791447006.811398,805774,worker_1,W002,ExpandOrShrinkObjects,pattern_group,running,100.0,1,1
ExampleImagingFlowCytometryObjectsInGrid,4,12,1791447006.8124561,805774,worker_1,W002,ExpandOrShrinkObjects,step_completed,success,48.148148148148145,13,27
ExampleImagingFlowCytometryObjectsInGrid,4,12,1791447006.8137326,805774,worker_1,W002,RelateObjects,step_started,started,48.148148148148145,13,27
ExampleImagingFlowCytometryObjectsInGrid,4,12,1791447006.821661,805775,worker_2,W003,MeasureObjectSizeShape,pattern_group,running,100.0,1,1
ExampleImagingFlowCytometryObjectsInGrid,4,12,1791447006.8232925,805775,worker_2,W003,MeasureObjectSizeShape,step_completed,success,44.44444444444444,12,27
ExampleImagingFlowCytometryObjectsInGrid,4,12,1791447006.8260438,805775,worker_2,W003,ExpandOrShrinkObjects,step_started,started,44.44444444444444,12,27
ExampleImagingFlowCytometryObjectsInGrid,4,12,1791447006.86383,805776,worker_3,W004,MeasureObjectSizeShape,pattern_group,running,100.0,1,1
ExampleImagingFlowCytometryObjectsInGrid,4,12,1791447006.8649523,805776,worker_3,W004,MeasureObjectSizeShape,step_completed,success,44.44444444444444,12,27
ExampleImagingFlowCytometryObjectsInGrid,4,12,1791447006.8659446,805776,worker_3,W004,ExpandOrShrinkObjects,step_started,started,44.44444444444444,12,27
ExampleImagingFlowCytometryObjectsInGrid,4,12,1791447006.885449,805774,worker_1,W002,RelateObjects,pattern_group,running,100.0,1,1
ExampleImagingFlowCytometryObjectsInGrid,4,12,1791447006.8869817,805774,worker_1,W002,RelateObjects,step_completed,success,51.85185185185185,14,27
ExampleImagingFlowCytometryObjectsInGrid,4,12,1791447006.8881845,805774,worker_1,W002,FilterObjects,step_started,started,51.85185185185185,14,27
ExampleImagingFlowCytometryObjectsInGrid,4,12,1791447007.0475361,805775,worker_2,W003,ExpandOrShrinkObjects,pattern_group,running,100.0,1,1
ExampleImagingFlowCytometryObjectsInGrid,4,12,1791447007.048898,805775,worker_2,W003,ExpandOrShrinkObjects,step_completed,success,48.148148148148145,13,27
ExampleImagingFlowCytometryObjectsInGrid,4,12,1791447007.0500982,805775,worker_2,W003,RelateObjects,step_started,started,48.148148148148145,13,27
ExampleImagingFlowCytometryObjectsInGrid,4,12,1791447007.112548,805776,worker_3,W004,ExpandOrShrinkObjects,pattern_group,running,100.0,1,1
ExampleImagingFlowCytometryObjectsInGrid,4,12,1791447007.113843,805776,worker_3,W004,ExpandOrShrinkObjects,step_completed,success,48.148148148148145,13,27
ExampleImagingFlowCytometryObjectsInGrid,4,12,1791447007.1149998,805776,worker_3,W004,RelateObjects,step_started,started,48.148148148148145,13,27
ExampleImagingFlowCytometryObjectsInGrid,4,12,1791447007.1452518,805775,worker_2,W003,RelateObjects,pattern_group,running,100.0,1,1
ExampleImagingFlowCytometryObjectsInGrid,4,12,1791447007.1462657,805775,worker_2,W003,RelateObjects,step_completed,success,51.85185185185185,14,27
ExampleImagingFlowCytometryObjectsInGrid,4,12,1791447007.1473312,805775,worker_2,W003,FilterObjects,step_started,started,51.85185185185185,14,27
ExampleImagingFlowCytometryObjectsInGrid,4,12,1791447007.2025895,805776,worker_3,W004,RelateObjects,pattern_group,running,100.0,1,1
ExampleImagingFlowCytometryObjectsInGrid,4,12,1791447007.2037525,805776,worker_3,W004,RelateObjects,step_completed,success,51.85185185185185,14,27
ExampleImagingFlowCytometryObjectsInGrid,4,12,1791447007.2047179,805776,worker_3,W004,FilterObjects,step_started,started,51.85185185185185,14,27
ExampleImagingFlowCytometryObjectsInGrid,4,12,1791447007.7723446,805773,worker_0,W001,FilterObjects,pattern_group,running,100.0,1,1
ExampleImagingFlowCytometryObjectsInGrid,4,12,1791447007.7734878,805773,worker_0,W001,FilterObjects,step_completed,success,55.55555555555556,15,27
ExampleImagingFlowCytometryObjectsInGrid,4,12,1791447007.780373,805773,worker_0,W001,IdentifyObjectsInGrid,step_started,started,55.55555555555556,15,27
ExampleImagingFlowCytometryObjectsInGrid,4,12,1791447007.8988354,805774,worker_1,W002,FilterObjects,pattern_group,running,100.0,1,1
ExampleImagingFlowCytometryObjectsInGrid,4,12,1791447007.8998327,805774,worker_1,W002,FilterObjects,step_completed,success,55.55555555555556,15,27
ExampleImagingFlowCytometryObjectsInGrid,4,12,1791447007.9011018,805774,worker_1,W002,IdentifyObjectsInGrid,step_started,started,55.55555555555556,15,27
ExampleImagingFlowCytometryObjectsInGrid,4,12,1791447007.9396677,805773,worker_0,W001,IdentifyObjectsInGrid,pattern_group,running,100.0,1,1
ExampleImagingFlowCytometryObjectsInGrid,4,12,1791447007.9406219,805773,worker_0,W001,IdentifyObjectsInGrid,step_completed,success,59.25925925925925,16,27
ExampleImagingFlowCytometryObjectsInGrid,4,12,1791447007.9421554,805773,worker_0,W001,ExpandOrShrinkObjects,step_started,started,59.25925925925925,16,27
ExampleImagingFlowCytometryObjectsInGrid,4,12,1791447008.0195172,805774,worker_1,W002,IdentifyObjectsInGrid,pattern_group,running,100.0,1,1
ExampleImagingFlowCytometryObjectsInGrid,4,12,1791447008.0203419,805774,worker_1,W002,IdentifyObjectsInGrid,step_completed,success,59.25925925925925,16,27
ExampleImagingFlowCytometryObjectsInGrid,4,12,1791447008.0302513,805774,worker_1,W002,ExpandOrShrinkObjects,step_started,started,59.25925925925925,16,27
ExampleImagingFlowCytometryObjectsInGrid,4,12,1791447008.0739737,805775,worker_2,W003,FilterObjects,pattern_group,running,100.0,1,1
ExampleImagingFlowCytometryObjectsInGrid,4,12,1791447008.0748253,805775,worker_2,W003,FilterObjects,step_completed,success,55.55555555555556,15,27
ExampleImagingFlowCytometryObjectsInGrid,4,12,1791447008.075927,805775,worker_2,W003,IdentifyObjectsInGrid,step_started,started,55.55555555555556,15,27
ExampleImagingFlowCytometryObjectsInGrid,4,12,1791447008.156175,805776,worker_3,W004,FilterObjects,pattern_group,running,100.0,1,1
ExampleImagingFlowCytometryObjectsInGrid,4,12,1791447008.1570408,805776,worker_3,W004,FilterObjects,step_completed,success,55.55555555555556,15,27
ExampleImagingFlowCytometryObjectsInGrid,4,12,1791447008.1581857,805776,worker_3,W004,IdentifyObjectsInGrid,step_started,started,55.55555555555556,15,27
ExampleImagingFlowCytometryObjectsInGrid,4,12,1791447008.1693661,805775,worker_2,W003,IdentifyObjectsInGrid,pattern_group,running,100.0,1,1
ExampleImagingFlowCytometryObjectsInGrid,4,12,1791447008.170121,805775,worker_2,W003,IdentifyObjectsInGrid,step_completed,success,59.25925925925925,16,27
ExampleImagingFlowCytometryObjectsInGrid,4,12,1791447008.177568,805775,worker_2,W003,ExpandOrShrinkObjects,step_started,started,59.25925925925925,16,27
ExampleImagingFlowCytometryObjectsInGrid,4,12,1791447008.277671,805776,worker_3,W004,IdentifyObjectsInGrid,pattern_group,running,100.0,1,1
ExampleImagingFlowCytometryObjectsInGrid,4,12,1791447008.2784145,805776,worker_3,W004,IdentifyObjectsInGrid,step_completed,success,59.25925925925925,16,27
ExampleImagingFlowCytometryObjectsInGrid,4,12,1791447008.2794297,805776,worker_3,W004,ExpandOrShrinkObjects,step_started,started,59.25925925925925,16,27
ExampleImagingFlowCytometryObjectsInGrid,4,12,1791447008.28244,805773,worker_0,W001,ExpandOrShrinkObjects,pattern_group,running,100.0,1,1
ExampleImagingFlowCytometryObjectsInGrid,4,12,1791447008.283142,805773,worker_0,W001,ExpandOrShrinkObjects,step_completed,success,62.96296296296296,17,27
ExampleImagingFlowCytometryObjectsInGrid,4,12,1791447008.2840009,805773,worker_0,W001,OverlayOutlines,step_started,started,62.96296296296296,17,27
ExampleImagingFlowCytometryObjectsInGrid,4,12,1791447008.4371445,805774,worker_1,W002,ExpandOrShrinkObjects,pattern_group,running,100.0,1,1
ExampleImagingFlowCytometryObjectsInGrid,4,12,1791447008.4380329,805774,worker_1,W002,ExpandOrShrinkObjects,step_completed,success,62.96296296296296,17,27
ExampleImagingFlowCytometryObjectsInGrid,4,12,1791447008.4388626,805774,worker_1,W002,OverlayOutlines,step_started,started,62.96296296296296,17,27
ExampleImagingFlowCytometryObjectsInGrid,4,12,1791447008.4700773,805773,worker_0,W001,OverlayOutlines,pattern_group,running,100.0,1,1
ExampleImagingFlowCytometryObjectsInGrid,4,12,1791447008.470686,805773,worker_0,W001,OverlayOutlines,step_completed,success,66.66666666666666,18,27
ExampleImagingFlowCytometryObjectsInGrid,4,12,1791447008.477038,805773,worker_0,W001,MeasureObjectSizeShape,step_started,started,66.66666666666666,18,27
ExampleImagingFlowCytometryObjectsInGrid,4,12,1791447008.5936623,805776,worker_3,W004,ExpandOrShrinkObjects,pattern_group,running,100.0,1,1
ExampleImagingFlowCytometryObjectsInGrid,4,12,1791447008.593771,805775,worker_2,W003,ExpandOrShrinkObjects,pattern_group,running,100.0,1,1
ExampleImagingFlowCytometryObjectsInGrid,4,12,1791447008.5943143,805776,worker_3,W004,ExpandOrShrinkObjects,step_completed,success,62.96296296296296,17,27
ExampleImagingFlowCytometryObjectsInGrid,4,12,1791447008.5946758,805775,worker_2,W003,ExpandOrShrinkObjects,step_completed,success,62.96296296296296,17,27
ExampleImagingFlowCytometryObjectsInGrid,4,12,1791447008.595071,805776,worker_3,W004,OverlayOutlines,step_started,started,62.96296296296296,17,27
ExampleImagingFlowCytometryObjectsInGrid,4,12,1791447008.5953467,805775,worker_2,W003,OverlayOutlines,step_started,started,62.96296296296296,17,27
ExampleImagingFlowCytometryObjectsInGrid,4,12,1791447008.611719,805774,worker_1,W002,OverlayOutlines,pattern_group,running,100.0,1,1
ExampleImagingFlowCytometryObjectsInGrid,4,12,1791447008.6123571,805774,worker_1,W002,OverlayOutlines,step_completed,success,66.66666666666666,18,27
ExampleImagingFlowCytometryObjectsInGrid,4,12,1791447008.6206083,805774,worker_1,W002,MeasureObjectSizeShape,step_started,started,66.66666666666666,18,27
ExampleImagingFlowCytometryObjectsInGrid,4,12,1791447008.7537832,805776,worker_3,W004,OverlayOutlines,pattern_group,running,100.0,1,1
ExampleImagingFlowCytometryObjectsInGrid,4,12,1791447008.7542272,805776,worker_3,W004,OverlayOutlines,step_completed,success,66.66666666666666,18,27
ExampleImagingFlowCytometryObjectsInGrid,4,12,1791447008.7605143,805776,worker_3,W004,MeasureObjectSizeShape,step_started,started,66.66666666666666,18,27
ExampleImagingFlowCytometryObjectsInGrid,4,12,1791447008.771954,805775,worker_2,W003,OverlayOutlines,pattern_group,running,100.0,1,1
ExampleImagingFlowCytometryObjectsInGrid,4,12,1791447008.7728434,805775,worker_2,W003,OverlayOutlines,step_completed,success,66.66666666666666,18,27
ExampleImagingFlowCytometryObjectsInGrid,4,12,1791447008.7793078,805775,worker_2,W003,MeasureObjectSizeShape,step_started,started,66.66666666666666,18,27
ExampleImagingFlowCytometryObjectsInGrid,4,12,1791447008.8318064,805773,worker_0,W001,MeasureObjectSizeShape,pattern_group,running,100.0,1,1
ExampleImagingFlowCytometryObjectsInGrid,4,12,1791447008.8332868,805773,worker_0,W001,MeasureObjectSizeShape,step_completed,success,70.37037037037037,19,27
ExampleImagingFlowCytometryObjectsInGrid,4,12,1791447008.8343866,805773,worker_0,W001,MeasureGranularity,step_started,started,70.37037037037037,19,27
ExampleImagingFlowCytometryObjectsInGrid,4,12,1791447008.9655917,805774,worker_1,W002,MeasureObjectSizeShape,pattern_group,running,100.0,1,1
ExampleImagingFlowCytometryObjectsInGrid,4,12,1791447008.9670324,805774,worker_1,W002,MeasureObjectSizeShape,step_completed,success,70.37037037037037,19,27
ExampleImagingFlowCytometryObjectsInGrid,4,12,1791447008.9680266,805774,worker_1,W002,MeasureGranularity,step_started,started,70.37037037037037,19,27
ExampleImagingFlowCytometryObjectsInGrid,4,12,1791447009.1188447,805776,worker_3,W004,MeasureObjectSizeShape,pattern_group,running,100.0,1,1
ExampleImagingFlowCytometryObjectsInGrid,4,12,1791447009.1204042,805776,worker_3,W004,MeasureObjectSizeShape,step_completed,success,70.37037037037037,19,27
ExampleImagingFlowCytometryObjectsInGrid,4,12,1791447009.1216667,805776,worker_3,W004,MeasureGranularity,step_started,started,70.37037037037037,19,27
ExampleImagingFlowCytometryObjectsInGrid,4,12,1791447009.1363175,805775,worker_2,W003,MeasureObjectSizeShape,pattern_group,running,100.0,1,1
ExampleImagingFlowCytometryObjectsInGrid,4,12,1791447009.1384387,805775,worker_2,W003,MeasureObjectSizeShape,step_completed,success,70.37037037037037,19,27
ExampleImagingFlowCytometryObjectsInGrid,4,12,1791447009.1397982,805775,worker_2,W003,MeasureGranularity,step_started,started,70.37037037037037,19,27
ExampleImagingFlowCytometryObjectsInGrid,4,12,1791447009.2807913,805773,worker_0,W001,MeasureGranularity,pattern_group,running,100.0,1,1
ExampleImagingFlowCytometryObjectsInGrid,4,12,1791447009.2819724,805773,worker_0,W001,MeasureGranularity,step_completed,success,74.07407407407408,20,27
ExampleImagingFlowCytometryObjectsInGrid,4,12,1791447009.282903,805773,worker_0,W001,MeasureTexture,step_started,started,74.07407407407408,20,27
ExampleImagingFlowCytometryObjectsInGrid,4,12,1791447009.429165,805774,worker_1,W002,MeasureGranularity,pattern_group,running,100.0,1,1
ExampleImagingFlowCytometryObjectsInGrid,4,12,1791447009.4308076,805774,worker_1,W002,MeasureGranularity,step_completed,success,74.07407407407408,20,27
ExampleImagingFlowCytometryObjectsInGrid,4,12,1791447009.4322398,805774,worker_1,W002,MeasureTexture,step_started,started,74.07407407407408,20,27
ExampleImagingFlowCytometryObjectsInGrid,4,12,1791447009.6028152,805776,worker_3,W004,MeasureGranularity,pattern_group,running,100.0,1,1
ExampleImagingFlowCytometryObjectsInGrid,4,12,1791447009.6042874,805776,worker_3,W004,MeasureGranularity,step_completed,success,74.07407407407408,20,27
ExampleImagingFlowCytometryObjectsInGrid,4,12,1791447009.6060832,805776,worker_3,W004,MeasureTexture,step_started,started,74.07407407407408,20,27
ExampleImagingFlowCytometryObjectsInGrid,4,12,1791447009.6575446,805775,worker_2,W003,MeasureGranularity,pattern_group,running,100.0,1,1
ExampleImagingFlowCytometryObjectsInGrid,4,12,1791447009.6585915,805775,worker_2,W003,MeasureGranularity,step_completed,success,74.07407407407408,20,27
ExampleImagingFlowCytometryObjectsInGrid,4,12,1791447009.6594417,805775,worker_2,W003,MeasureTexture,step_started,started,74.07407407407408,20,27
ExampleImagingFlowCytometryObjectsInGrid,4,12,1791447009.93431,805773,worker_0,W001,MeasureTexture,pattern_group,running,100.0,1,1
ExampleImagingFlowCytometryObjectsInGrid,4,12,1791447009.9364448,805773,worker_0,W001,MeasureTexture,step_completed,success,77.77777777777779,21,27
ExampleImagingFlowCytometryObjectsInGrid,4,12,1791447009.9375744,805773,worker_0,W001,MeasureTexture,step_started,started,77.77777777777779,21,27
ExampleImagingFlowCytometryObjectsInGrid,4,12,1791447010.0184186,805774,worker_1,W002,MeasureTexture,pattern_group,running,100.0,1,1
ExampleImagingFlowCytometryObjectsInGrid,4,12,1791447010.0204358,805774,worker_1,W002,MeasureTexture,step_completed,success,77.77777777777779,21,27
ExampleImagingFlowCytometryObjectsInGrid,4,12,1791447010.0214515,805774,worker_1,W002,MeasureTexture,step_started,started,77.77777777777779,21,27
ExampleImagingFlowCytometryObjectsInGrid,4,12,1791447010.212309,805773,worker_0,W001,MeasureTexture,pattern_group,running,100.0,1,1
ExampleImagingFlowCytometryObjectsInGrid,4,12,1791447010.213382,805773,worker_0,W001,MeasureTexture,step_completed,success,81.48148148148148,22,27
ExampleImagingFlowCytometryObjectsInGrid,4,12,1791447010.2143877,805773,worker_0,W001,MeasureObjectIntensity,step_started,started,81.48148148148148,22,27
ExampleImagingFlowCytometryObjectsInGrid,4,12,1791447010.2166095,805776,worker_3,W004,MeasureTexture,pattern_group,running,100.0,1,1
ExampleImagingFlowCytometryObjectsInGrid,4,12,1791447010.2198443,805776,worker_3,W004,MeasureTexture,step_completed,success,77.77777777777779,21,27
ExampleImagingFlowCytometryObjectsInGrid,4,12,1791447010.220846,805776,worker_3,W004,MeasureTexture,step_started,started,77.77777777777779,21,27
ExampleImagingFlowCytometryObjectsInGrid,4,12,1791447010.2818525,805774,worker_1,W002,MeasureTexture,pattern_group,running,100.0,1,1
ExampleImagingFlowCytometryObjectsInGrid,4,12,1791447010.2828765,805774,worker_1,W002,MeasureTexture,step_completed,success,81.48148148148148,22,27
ExampleImagingFlowCytometryObjectsInGrid,4,12,1791447010.283864,805774,worker_1,W002,MeasureObjectIntensity,step_started,started,81.48148148148148,22,27
ExampleImagingFlowCytometryObjectsInGrid,4,12,1791447010.2898152,805775,worker_2,W003,MeasureTexture,pattern_group,running,100.0,1,1
ExampleImagingFlowCytometryObjectsInGrid,4,12,1791447010.2918653,805775,worker_2,W003,MeasureTexture,step_completed,success,77.77777777777779,21,27
ExampleImagingFlowCytometryObjectsInGrid,4,12,1791447010.29455,805775,worker_2,W003,MeasureTexture,step_started,started,77.77777777777779,21,27
ExampleImagingFlowCytometryObjectsInGrid,4,12,1791447010.485965,805773,worker_0,W001,MeasureObjectIntensity,pattern_group,running,100.0,1,1
ExampleImagingFlowCytometryObjectsInGrid,4,12,1791447010.487565,805773,worker_0,W001,MeasureObjectIntensity,step_completed,success,85.18518518518519,23,27
ExampleImagingFlowCytometryObjectsInGrid,4,12,1791447010.4886494,805773,worker_0,W001,MeasureObjectIntensity,step_started,started,85.18518518518519,23,27
ExampleImagingFlowCytometryObjectsInGrid,4,12,1791447010.523744,805776,worker_3,W004,MeasureTexture,pattern_group,running,100.0,1,1
ExampleImagingFlowCytometryObjectsInGrid,4,12,1791447010.524776,805776,worker_3,W004,MeasureTexture,step_completed,success,81.48148148148148,22,27
ExampleImagingFlowCytometryObjectsInGrid,4,12,1791447010.525679,805776,worker_3,W004,MeasureObjectIntensity,step_started,started,81.48148148148148,22,27
ExampleImagingFlowCytometryObjectsInGrid,4,12,1791447010.554611,805774,worker_1,W002,MeasureObjectIntensity,pattern_group,running,100.0,1,1
ExampleImagingFlowCytometryObjectsInGrid,4,12,1791447010.5561574,805774,worker_1,W002,MeasureObjectIntensity,step_completed,success,85.18518518518519,23,27
ExampleImagingFlowCytometryObjectsInGrid,4,12,1791447010.5570436,805774,worker_1,W002,MeasureObjectIntensity,step_started,started,85.18518518518519,23,27
ExampleImagingFlowCytometryObjectsInGrid,4,12,1791447010.58543,805775,worker_2,W003,MeasureTexture,pattern_group,running,100.0,1,1
ExampleImagingFlowCytometryObjectsInGrid,4,12,1791447010.5866928,805775,worker_2,W003,MeasureTexture,step_completed,success,81.48148148148148,22,27
ExampleImagingFlowCytometryObjectsInGrid,4,12,1791447010.5886683,805775,worker_2,W003,MeasureObjectIntensity,step_started,started,81.48148148148148,22,27
ExampleImagingFlowCytometryObjectsInGrid,4,12,1791447010.6984427,805773,worker_0,W001,MeasureObjectIntensity,pattern_group,running,100.0,1,1
ExampleImagingFlowCytometryObjectsInGrid,4,12,1791447010.6996558,805773,worker_0,W001,MeasureObjectIntensity,step_completed,success,88.88888888888889,24,27
ExampleImagingFlowCytometryObjectsInGrid,4,12,1791447010.7023575,805773,worker_0,W001,MeasureObjectIntensityDistribution,step_started,started,88.88888888888889,24,27
ExampleImagingFlowCytometryObjectsInGrid,4,12,1791447010.7603197,805774,worker_1,W002,MeasureObjectIntensity,pattern_group,running,100.0,1,1
ExampleImagingFlowCytometryObjectsInGrid,4,12,1791447010.761529,805774,worker_1,W002,MeasureObjectIntensity,step_completed,success,88.88888888888889,24,27
ExampleImagingFlowCytometryObjectsInGrid,4,12,1791447010.7642894,805774,worker_1,W002,MeasureObjectIntensityDistribution,step_started,started,88.88888888888889,24,27
ExampleImagingFlowCytometryObjectsInGrid,4,12,1791447010.8017085,805776,worker_3,W004,MeasureObjectIntensity,pattern_group,running,100.0,1,1
ExampleImagingFlowCytometryObjectsInGrid,4,12,1791447010.8032994,805776,worker_3,W004,MeasureObjectIntensity,step_completed,success,85.18518518518519,23,27
ExampleImagingFlowCytometryObjectsInGrid,4,12,1791447010.8044636,805776,worker_3,W004,MeasureObjectIntensity,step_started,started,85.18518518518519,23,27
ExampleImagingFlowCytometryObjectsInGrid,4,12,1791447010.8549511,805775,worker_2,W003,MeasureObjectIntensity,pattern_group,running,100.0,1,1
ExampleImagingFlowCytometryObjectsInGrid,4,12,1791447010.8566942,805775,worker_2,W003,MeasureObjectIntensity,step_completed,success,85.18518518518519,23,27
ExampleImagingFlowCytometryObjectsInGrid,4,12,1791447010.859191,805775,worker_2,W003,MeasureObjectIntensity,step_started,started,85.18518518518519,23,27
ExampleImagingFlowCytometryObjectsInGrid,4,12,1791447011.0082395,805776,worker_3,W004,MeasureObjectIntensity,pattern_group,running,100.0,1,1
ExampleImagingFlowCytometryObjectsInGrid,4,12,1791447011.0093198,805776,worker_3,W004,MeasureObjectIntensity,step_completed,success,88.88888888888889,24,27
ExampleImagingFlowCytometryObjectsInGrid,4,12,1791447011.0113072,805776,worker_3,W004,MeasureObjectIntensityDistribution,step_started,started,88.88888888888889,24,27
ExampleImagingFlowCytometryObjectsInGrid,4,12,1791447011.0449572,805773,worker_0,W001,MeasureObjectIntensityDistribution,pattern_group,running,100.0,1,1
ExampleImagingFlowCytometryObjectsInGrid,4,12,1791447011.0470903,805773,worker_0,W001,MeasureObjectIntensityDistribution,step_completed,success,92.5925925925926,25,27
ExampleImagingFlowCytometryObjectsInGrid,4,12,1791447011.0532184,805773,worker_0,W001,MeasureObjectIntensityDistribution,step_started,started,92.5925925925926,25,27
ExampleImagingFlowCytometryObjectsInGrid,4,12,1791447011.054403,805775,worker_2,W003,MeasureObjectIntensity,pattern_group,running,100.0,1,1
ExampleImagingFlowCytometryObjectsInGrid,4,12,1791447011.0556612,805775,worker_2,W003,MeasureObjectIntensity,step_completed,success,88.88888888888889,24,27
ExampleImagingFlowCytometryObjectsInGrid,4,12,1791447011.0587342,805775,worker_2,W003,MeasureObjectIntensityDistribution,step_started,started,88.88888888888889,24,27
ExampleImagingFlowCytometryObjectsInGrid,4,12,1791447011.1091452,805774,worker_1,W002,MeasureObjectIntensityDistribution,pattern_group,running,100.0,1,1
ExampleImagingFlowCytometryObjectsInGrid,4,12,1791447011.1112893,805774,worker_1,W002,MeasureObjectIntensityDistribution,step_completed,success,92.5925925925926,25,27
ExampleImagingFlowCytometryObjectsInGrid,4,12,1791447011.112881,805774,worker_1,W002,MeasureObjectIntensityDistribution,step_started,started,92.5925925925926,25,27
ExampleImagingFlowCytometryObjectsInGrid,4,12,1791447011.3615308,805776,worker_3,W004,MeasureObjectIntensityDistribution,pattern_group,running,100.0,1,1
ExampleImagingFlowCytometryObjectsInGrid,4,12,1791447011.363734,805776,worker_3,W004,MeasureObjectIntensityDistribution,step_completed,success,92.5925925925926,25,27
ExampleImagingFlowCytometryObjectsInGrid,4,12,1791447011.3653839,805776,worker_3,W004,MeasureObjectIntensityDistribution,step_started,started,92.5925925925926,25,27
ExampleImagingFlowCytometryObjectsInGrid,4,12,1791447011.3840065,805773,worker_0,W001,MeasureObjectIntensityDistribution,pattern_group,running,100.0,1,1
ExampleImagingFlowCytometryObjectsInGrid,4,12,1791447011.3879173,805775,worker_2,W003,MeasureObjectIntensityDistribution,pattern_group,running,100.0,1,1
ExampleImagingFlowCytometryObjectsInGrid,4,12,1791447011.3860726,805773,worker_0,W001,MeasureObjectIntensityDistribution,step_completed,success,96.29629629629629,26,27
ExampleImagingFlowCytometryObjectsInGrid,4,12,1791447011.3924007,805773,worker_0,W001,pipeline,axis_completed,success,96.29629629629629,26,27
ExampleImagingFlowCytometryObjectsInGrid,4,12,1791447011.3901381,805775,worker_2,W003,MeasureObjectIntensityDistribution,step_completed,success,92.5925925925926,25,27
ExampleImagingFlowCytometryObjectsInGrid,4,12,1791447011.3924956,805773,worker_0,W005,pipeline,axis_started,started,0.0,0,27
ExampleImagingFlowCytometryObjectsInGrid,4,12,1791447011.3913708,805775,worker_2,W003,MeasureObjectIntensityDistribution,step_started,started,92.5925925925926,25,27
ExampleImagingFlowCytometryObjectsInGrid,4,12,1791447011.3997684,805773,worker_0,W005,DefineGrid,step_started,started,0.0,0,27
ExampleImagingFlowCytometryObjectsInGrid,4,12,1791447011.4237318,805774,worker_1,W002,MeasureObjectIntensityDistribution,pattern_group,running,100.0,1,1
ExampleImagingFlowCytometryObjectsInGrid,4,12,1791447011.4261708,805774,worker_1,W002,MeasureObjectIntensityDistribution,step_completed,success,96.29629629629629,26,27
ExampleImagingFlowCytometryObjectsInGrid,4,12,1791447011.4315655,805773,worker_0,W005,DefineGrid,pattern_group,running,100.0,1,1
ExampleImagingFlowCytometryObjectsInGrid,4,12,1791447011.4319363,805773,worker_0,W005,DefineGrid,step_completed,success,3.7037037037037033,1,27
ExampleImagingFlowCytometryObjectsInGrid,4,12,1791447011.4325545,805773,worker_0,W005,IdentifyObjectsInGrid,step_started,started,3.7037037037037033,1,27
ExampleImagingFlowCytometryObjectsInGrid,4,12,1791447011.4412348,805774,worker_1,W002,pipeline,axis_completed,success,96.29629629629629,26,27
ExampleImagingFlowCytometryObjectsInGrid,4,12,1791447011.441417,805774,worker_1,W006,pipeline,axis_started,started,0.0,0,27
ExampleImagingFlowCytometryObjectsInGrid,4,12,1791447011.4445682,805774,worker_1,W006,DefineGrid,step_started,started,0.0,0,27
ExampleImagingFlowCytometryObjectsInGrid,4,12,1791447011.4736102,805774,worker_1,W006,DefineGrid,pattern_group,running,100.0,1,1
ExampleImagingFlowCytometryObjectsInGrid,4,12,1791447011.473971,805774,worker_1,W006,DefineGrid,step_completed,success,3.7037037037037033,1,27
ExampleImagingFlowCytometryObjectsInGrid,4,12,1791447011.4746015,805774,worker_1,W006,IdentifyObjectsInGrid,step_started,started,3.7037037037037033,1,27
ExampleImagingFlowCytometryObjectsInGrid,4,12,1791447011.5147493,805773,worker_0,W005,IdentifyObjectsInGrid,pattern_group,running,100.0,1,1
ExampleImagingFlowCytometryObjectsInGrid,4,12,1791447011.5155199,805773,worker_0,W005,IdentifyObjectsInGrid,step_completed,success,7.4074074074074066,2,27
ExampleImagingFlowCytometryObjectsInGrid,4,12,1791447011.5162377,805773,worker_0,W005,MeasureObjectIntensity,step_started,started,7.4074074074074066,2,27
ExampleImagingFlowCytometryObjectsInGrid,4,12,1791447011.5526779,805774,worker_1,W006,IdentifyObjectsInGrid,pattern_group,running,100.0,1,1
ExampleImagingFlowCytometryObjectsInGrid,4,12,1791447011.5533035,805774,worker_1,W006,IdentifyObjectsInGrid,step_completed,success,7.4074074074074066,2,27
ExampleImagingFlowCytometryObjectsInGrid,4,12,1791447011.553969,805774,worker_1,W006,MeasureObjectIntensity,step_started,started,7.4074074074074066,2,27
ExampleImagingFlowCytometryObjectsInGrid,4,12,1791447011.67613,805776,worker_3,W004,MeasureObjectIntensityDistribution,pattern_group,running,100.0,1,1
ExampleImagingFlowCytometryObjectsInGrid,4,12,1791447011.67806,805776,worker_3,W004,MeasureObjectIntensityDistribution,step_completed,success,96.29629629629629,26,27
ExampleImagingFlowCytometryObjectsInGrid,4,12,1791447011.6831698,805776,worker_3,W004,pipeline,axis_completed,success,96.29629629629629,26,27
ExampleImagingFlowCytometryObjectsInGrid,4,12,1791447011.6832507,805776,worker_3,W008,pipeline,axis_started,started,0.0,0,27
ExampleImagingFlowCytometryObjectsInGrid,4,12,1791447011.6868062,805776,worker_3,W008,DefineGrid,step_started,started,0.0,0,27
ExampleImagingFlowCytometryObjectsInGrid,4,12,1791447011.7119162,805776,worker_3,W008,DefineGrid,pattern_group,running,100.0,1,1
ExampleImagingFlowCytometryObjectsInGrid,4,12,1791447011.7124288,805776,worker_3,W008,DefineGrid,step_completed,success,3.7037037037037033,1,27
ExampleImagingFlowCytometryObjectsInGrid,4,12,1791447011.7131119,805776,worker_3,W008,IdentifyObjectsInGrid,step_started,started,3.7037037037037033,1,27
ExampleImagingFlowCytometryObjectsInGrid,4,12,1791447011.732039,805775,worker_2,W003,MeasureObjectIntensityDistribution,pattern_group,running,100.0,1,1
ExampleImagingFlowCytometryObjectsInGrid,4,12,1791447011.734899,805775,worker_2,W003,MeasureObjectIntensityDistribution,step_completed,success,96.29629629629629,26,27
ExampleImagingFlowCytometryObjectsInGrid,4,12,1791447011.7425766,805775,worker_2,W003,pipeline,axis_completed,success,96.29629629629629,26,27
ExampleImagingFlowCytometryObjectsInGrid,4,12,1791447011.7427404,805775,worker_2,W007,pipeline,axis_started,started,0.0,0,27
ExampleImagingFlowCytometryObjectsInGrid,4,12,1791447011.7463284,805775,worker_2,W007,DefineGrid,step_started,started,0.0,0,27
ExampleImagingFlowCytometryObjectsInGrid,4,12,1791447011.7787616,805775,worker_2,W007,DefineGrid,pattern_group,running,100.0,1,1
ExampleImagingFlowCytometryObjectsInGrid,4,12,1791447011.7791975,805775,worker_2,W007,DefineGrid,step_completed,success,3.7037037037037033,1,27
ExampleImagingFlowCytometryObjectsInGrid,4,12,1791447011.7798467,805775,worker_2,W007,IdentifyObjectsInGrid,step_started,started,3.7037037037037033,1,27
ExampleImagingFlowCytometryObjectsInGrid,4,12,1791447011.79016,805776,worker_3,W008,IdentifyObjectsInGrid,pattern_group,running,100.0,1,1
ExampleImagingFlowCytometryObjectsInGrid,4,12,1791447011.7909799,805776,worker_3,W008,IdentifyObjectsInGrid,step_completed,success,7.4074074074074066,2,27
ExampleImagingFlowCytometryObjectsInGrid,4,12,1791447011.7919412,805776,worker_3,W008,MeasureObjectIntensity,step_started,started,7.4074074074074066,2,27
ExampleImagingFlowCytometryObjectsInGrid,4,12,1791447011.8647628,805775,worker_2,W007,IdentifyObjectsInGrid,pattern_group,running,100.0,1,1
ExampleImagingFlowCytometryObjectsInGrid,4,12,1791447011.865477,805775,worker_2,W007,IdentifyObjectsInGrid,step_completed,success,7.4074074074074066,2,27
ExampleImagingFlowCytometryObjectsInGrid,4,12,1791447011.8662078,805775,worker_2,W007,MeasureObjectIntensity,step_started,started,7.4074074074074066,2,27
ExampleImagingFlowCytometryObjectsInGrid,4,12,1791447012.081327,805773,worker_0,W005,MeasureObjectIntensity,pattern_group,running,100.0,1,1
ExampleImagingFlowCytometryObjectsInGrid,4,12,1791447012.0826464,805773,worker_0,W005,MeasureObjectIntensity,step_completed,success,11.11111111111111,3,27
ExampleImagingFlowCytometryObjectsInGrid,4,12,1791447012.0850835,805773,worker_0,W005,FilterObjects,step_started,started,11.11111111111111,3,27
ExampleImagingFlowCytometryObjectsInGrid,4,12,1791447012.1501932,805774,worker_1,W006,MeasureObjectIntensity,pattern_group,running,100.0,1,1
ExampleImagingFlowCytometryObjectsInGrid,4,12,1791447012.151768,805774,worker_1,W006,MeasureObjectIntensity,step_completed,success,11.11111111111111,3,27
ExampleImagingFlowCytometryObjectsInGrid,4,12,1791447012.1536562,805774,worker_1,W006,FilterObjects,step_started,started,11.11111111111111,3,27
ExampleImagingFlowCytometryObjectsInGrid,4,12,1791447012.2101662,805773,worker_0,W005,FilterObjects,pattern_group,running,100.0,1,1
ExampleImagingFlowCytometryObjectsInGrid,4,12,1791447012.2111807,805773,worker_0,W005,FilterObjects,step_completed,success,14.814814814814813,4,27
ExampleImagingFlowCytometryObjectsInGrid,4,12,1791447012.2121396,805773,worker_0,W005,MaskImage,step_started,started,14.814814814814813,4,27
ExampleImagingFlowCytometryObjectsInGrid,4,12,1791447012.242818,805773,worker_0,W005,MaskImage,pattern_group,running,100.0,1,1
ExampleImagingFlowCytometryObjectsInGrid,4,12,1791447012.2432427,805773,worker_0,W005,MaskImage,step_completed,success,18.51851851851852,5,27
ExampleImagingFlowCytometryObjectsInGrid,4,12,1791447012.2438905,805773,worker_0,W005,Smooth,step_started,started,18.51851851851852,5,27
ExampleImagingFlowCytometryObjectsInGrid,4,12,1791447012.285843,805774,worker_1,W006,FilterObjects,pattern_group,running,100.0,1,1
ExampleImagingFlowCytometryObjectsInGrid,4,12,1791447012.287235,805774,worker_1,W006,FilterObjects,step_completed,success,14.814814814814813,4,27
ExampleImagingFlowCytometryObjectsInGrid,4,12,1791447012.290122,805774,worker_1,W006,MaskImage,step_started,started,14.814814814814813,4,27
ExampleImagingFlowCytometryObjectsInGrid,4,12,1791447012.3210378,805774,worker_1,W006,MaskImage,pattern_group,running,100.0,1,1
ExampleImagingFlowCytometryObjectsInGrid,4,12,1791447012.3216426,805774,worker_1,W006,MaskImage,step_completed,success,18.51851851851852,5,27
ExampleImagingFlowCytometryObjectsInGrid,4,12,1791447012.3224533,805774,worker_1,W006,Smooth,step_started,started,18.51851851851852,5,27
ExampleImagingFlowCytometryObjectsInGrid,4,12,1791447012.3531003,805776,worker_3,W008,MeasureObjectIntensity,pattern_group,running,100.0,1,1
ExampleImagingFlowCytometryObjectsInGrid,4,12,1791447012.3542483,805776,worker_3,W008,MeasureObjectIntensity,step_completed,success,11.11111111111111,3,27
ExampleImagingFlowCytometryObjectsInGrid,4,12,1791447012.3562365,805776,worker_3,W008,FilterObjects,step_started,started,11.11111111111111,3,27
ExampleImagingFlowCytometryObjectsInGrid,4,12,1791447012.438648,805775,worker_2,W007,MeasureObjectIntensity,pattern_group,running,100.0,1,1
ExampleImagingFlowCytometryObjectsInGrid,4,12,1791447012.4403017,805775,worker_2,W007,MeasureObjectIntensity,step_completed,success,11.11111111111111,3,27
ExampleImagingFlowCytometryObjectsInGrid,4,12,1791447012.4422545,805775,worker_2,W007,FilterObjects,step_started,started,11.11111111111111,3,27
ExampleImagingFlowCytometryObjectsInGrid,4,12,1791447012.4853642,805776,worker_3,W008,FilterObjects,pattern_group,running,100.0,1,1
ExampleImagingFlowCytometryObjectsInGrid,4,12,1791447012.4865623,805776,worker_3,W008,FilterObjects,step_completed,success,14.814814814814813,4,27
ExampleImagingFlowCytometryObjectsInGrid,4,12,1791447012.4875906,805776,worker_3,W008,MaskImage,step_started,started,14.814814814814813,4,27
ExampleImagingFlowCytometryObjectsInGrid,4,12,1791447012.5005035,805773,worker_0,W005,Smooth,pattern_group,running,100.0,1,1
ExampleImagingFlowCytometryObjectsInGrid,4,12,1791447012.5014894,805773,worker_0,W005,Smooth,step_completed,success,22.22222222222222,6,27
ExampleImagingFlowCytometryObjectsInGrid,4,12,1791447012.502455,805773,worker_0,W005,EnhanceEdges,step_started,started,22.22222222222222,6,27
ExampleImagingFlowCytometryObjectsInGrid,4,12,1791447012.5180364,805776,worker_3,W008,MaskImage,pattern_group,running,100.0,1,1
ExampleImagingFlowCytometryObjectsInGrid,4,12,1791447012.5186417,805776,worker_3,W008,MaskImage,step_completed,success,18.51851851851852,5,27
ExampleImagingFlowCytometryObjectsInGrid,4,12,1791447012.519334,805776,worker_3,W008,Smooth,step_started,started,18.51851851851852,5,27
ExampleImagingFlowCytometryObjectsInGrid,4,12,1791447012.553403,805773,worker_0,W005,EnhanceEdges,pattern_group,running,100.0,1,1
ExampleImagingFlowCytometryObjectsInGrid,4,12,1791447012.5541759,805773,worker_0,W005,EnhanceEdges,step_completed,success,25.925925925925924,7,27
ExampleImagingFlowCytometryObjectsInGrid,4,12,1791447012.5549958,805773,worker_0,W005,Closing,step_started,started,25.925925925925924,7,27
ExampleImagingFlowCytometryObjectsInGrid,4,12,1791447012.583784,805774,worker_1,W006,Smooth,pattern_group,running,100.0,1,1
ExampleImagingFlowCytometryObjectsInGrid,4,12,1791447012.5842917,805774,worker_1,W006,Smooth,step_completed,success,22.22222222222222,6,27
ExampleImagingFlowCytometryObjectsInGrid,4,12,1791447012.5851343,805774,worker_1,W006,EnhanceEdges,step_started,started,22.22222222222222,6,27
ExampleImagingFlowCytometryObjectsInGrid,4,12,1791447012.5923786,805775,worker_2,W007,FilterObjects,pattern_group,running,100.0,1,1
ExampleImagingFlowCytometryObjectsInGrid,4,12,1791447012.5937142,805775,worker_2,W007,FilterObjects,step_completed,success,14.814814814814813,4,27
ExampleImagingFlowCytometryObjectsInGrid,4,12,1791447012.5956511,805775,worker_2,W007,MaskImage,step_started,started,14.814814814814813,4,27
ExampleImagingFlowCytometryObjectsInGrid,4,12,1791447012.6286106,805775,worker_2,W007,MaskImage,pattern_group,running,100.0,1,1
ExampleImagingFlowCytometryObjectsInGrid,4,12,1791447012.6290598,805775,worker_2,W007,MaskImage,step_completed,success,18.51851851851852,5,27
ExampleImagingFlowCytometryObjectsInGrid,4,12,1791447012.6297557,805775,worker_2,W007,Smooth,step_started,started,18.51851851851852,5,27
ExampleImagingFlowCytometryObjectsInGrid,4,12,1791447012.6297624,805774,worker_1,W006,EnhanceEdges,pattern_group,running,100.0,1,1
ExampleImagingFlowCytometryObjectsInGrid,4,12,1791447012.630149,805774,worker_1,W006,EnhanceEdges,step_completed,success,25.925925925925924,7,27
ExampleImagingFlowCytometryObjectsInGrid,4,12,1791447012.6314716,805774,worker_1,W006,Closing,step_started,started,25.925925925925924,7,27
ExampleImagingFlowCytometryObjectsInGrid,4,12,1791447012.7380571,805776,worker_3,W008,Smooth,pattern_group,running,100.0,1,1
ExampleImagingFlowCytometryObjectsInGrid,4,12,1791447012.7386909,805776,worker_3,W008,Smooth,step_completed,success,22.22222222222222,6,27
ExampleImagingFlowCytometryObjectsInGrid,4,12,1791447012.7395794,805776,worker_3,W008,EnhanceEdges,step_started,started,22.22222222222222,6,27
ExampleImagingFlowCytometryObjectsInGrid,4,12,1791447012.7915592,805776,worker_3,W008,EnhanceEdges,pattern_group,running,100.0,1,1
ExampleImagingFlowCytometryObjectsInGrid,4,12,1791447012.7920945,805776,worker_3,W008,EnhanceEdges,step_completed,success,25.925925925925924,7,27
ExampleImagingFlowCytometryObjectsInGrid,4,12,1791447012.7929456,805776,worker_3,W008,Closing,step_started,started,25.925925925925924,7,27
ExampleImagingFlowCytometryObjectsInGrid,4,12,1791447012.898364,805775,worker_2,W007,Smooth,pattern_group,running,100.0,1,1
ExampleImagingFlowCytometryObjectsInGrid,4,12,1791447012.899106,805775,worker_2,W007,Smooth,step_completed,success,22.22222222222222,6,27
ExampleImagingFlowCytometryObjectsInGrid,4,12,1791447012.899971,805775,worker_2,W007,EnhanceEdges,step_started,started,22.22222222222222,6,27
ExampleImagingFlowCytometryObjectsInGrid,4,12,1791447012.948822,805775,worker_2,W007,EnhanceEdges,pattern_group,running,100.0,1,1
ExampleImagingFlowCytometryObjectsInGrid,4,12,1791447012.9494147,805775,worker_2,W007,EnhanceEdges,step_completed,success,25.925925925925924,7,27
ExampleImagingFlowCytometryObjectsInGrid,4,12,1791447012.9502916,805775,worker_2,W007,Closing,step_started,started,25.925925925925924,7,27
ExampleImagingFlowCytometryObjectsInGrid,4,12,1791447013.1318893,805773,worker_0,W005,Closing,pattern_group,running,100.0,1,1
ExampleImagingFlowCytometryObjectsInGrid,4,12,1791447013.1323347,805773,worker_0,W005,Closing,step_completed,success,29.629629629629626,8,27
ExampleImagingFlowCytometryObjectsInGrid,4,12,1791447013.1331522,805773,worker_0,W005,IdentifyPrimaryObjects,step_started,started,29.629629629629626,8,27
ExampleImagingFlowCytometryObjectsInGrid,4,12,1791447013.284467,805774,worker_1,W006,Closing,pattern_group,running,100.0,1,1
ExampleImagingFlowCytometryObjectsInGrid,4,12,1791447013.2852297,805774,worker_1,W006,Closing,step_completed,success,29.629629629629626,8,27
ExampleImagingFlowCytometryObjectsInGrid,4,12,1791447013.2862203,805774,worker_1,W006,IdentifyPrimaryObjects,step_started,started,29.629629629629626,8,27
ExampleImagingFlowCytometryObjectsInGrid,4,12,1791447013.4199343,805776,worker_3,W008,Closing,pattern_group,running,100.0,1,1
ExampleImagingFlowCytometryObjectsInGrid,4,12,1791447013.4207036,805776,worker_3,W008,Closing,step_completed,success,29.629629629629626,8,27
ExampleImagingFlowCytometryObjectsInGrid,4,12,1791447013.4216182,805776,worker_3,W008,IdentifyPrimaryObjects,step_started,started,29.629629629629626,8,27
ExampleImagingFlowCytometryObjectsInGrid,4,12,1791447013.546324,805775,worker_2,W007,Closing,pattern_group,running,100.0,1,1
ExampleImagingFlowCytometryObjectsInGrid,4,12,1791447013.5467303,805775,worker_2,W007,Closing,step_completed,success,29.629629629629626,8,27
ExampleImagingFlowCytometryObjectsInGrid,4,12,1791447013.5474768,805775,worker_2,W007,IdentifyPrimaryObjects,step_started,started,29.629629629629626,8,27
ExampleImagingFlowCytometryObjectsInGrid,4,12,1791447014.154605,805773,worker_0,W005,IdentifyPrimaryObjects,pattern_group,running,100.0,1,1
ExampleImagingFlowCytometryObjectsInGrid,4,12,1791447014.15552,805773,worker_0,W005,IdentifyPrimaryObjects,step_completed,success,33.33333333333333,9,27
ExampleImagingFlowCytometryObjectsInGrid,4,12,1791447014.1567044,805773,worker_0,W005,MeasureObjectSizeShape,step_started,started,33.33333333333333,9,27
ExampleImagingFlowCytometryObjectsInGrid,4,12,1791447014.2968373,805774,worker_1,W006,IdentifyPrimaryObjects,pattern_group,running,100.0,1,1
ExampleImagingFlowCytometryObjectsInGrid,4,12,1791447014.2980866,805774,worker_1,W006,IdentifyPrimaryObjects,step_completed,success,33.33333333333333,9,27
ExampleImagingFlowCytometryObjectsInGrid,4,12,1791447014.3007066,805774,worker_1,W006,MeasureObjectSizeShape,step_started,started,33.33333333333333,9,27
ExampleImagingFlowCytometryObjectsInGrid,4,12,1791447014.3547544,805773,worker_0,W005,MeasureObjectSizeShape,pattern_group,running,100.0,1,1
ExampleImagingFlowCytometryObjectsInGrid,4,12,1791447014.3557289,805773,worker_0,W005,MeasureObjectSizeShape,step_completed,success,37.03703703703704,10,27
ExampleImagingFlowCytometryObjectsInGrid,4,12,1791447014.3566484,805773,worker_0,W005,FilterObjects,step_started,started,37.03703703703704,10,27
ExampleImagingFlowCytometryObjectsInGrid,4,12,1791447014.454851,805773,worker_0,W005,FilterObjects,pattern_group,running,100.0,1,1
ExampleImagingFlowCytometryObjectsInGrid,4,12,1791447014.4555783,805773,worker_0,W005,FilterObjects,step_completed,success,40.74074074074074,11,27
ExampleImagingFlowCytometryObjectsInGrid,4,12,1791447014.4642315,805773,worker_0,W005,MeasureObjectSizeShape,step_started,started,40.74074074074074,11,27
ExampleImagingFlowCytometryObjectsInGrid,4,12,1791447014.4828875,805774,worker_1,W006,MeasureObjectSizeShape,pattern_group,running,100.0,1,1
ExampleImagingFlowCytometryObjectsInGrid,4,12,1791447014.4837499,805774,worker_1,W006,MeasureObjectSizeShape,step_completed,success,37.03703703703704,10,27
ExampleImagingFlowCytometryObjectsInGrid,4,12,1791447014.4844,805774,worker_1,W006,FilterObjects,step_started,started,37.03703703703704,10,27
ExampleImagingFlowCytometryObjectsInGrid,4,12,1791447014.4993885,805776,worker_3,W008,IdentifyPrimaryObjects,pattern_group,running,100.0,1,1
ExampleImagingFlowCytometryObjectsInGrid,4,12,1791447014.5001707,805776,worker_3,W008,IdentifyPrimaryObjects,step_completed,success,33.33333333333333,9,27
ExampleImagingFlowCytometryObjectsInGrid,4,12,1791447014.501166,805776,worker_3,W008,MeasureObjectSizeShape,step_started,started,33.33333333333333,9,27
ExampleImagingFlowCytometryObjectsInGrid,4,12,1791447014.5444162,805775,worker_2,W007,IdentifyPrimaryObjects,pattern_group,running,100.0,1,1
ExampleImagingFlowCytometryObjectsInGrid,4,12,1791447014.545276,805775,worker_2,W007,IdentifyPrimaryObjects,step_completed,success,33.33333333333333,9,27
ExampleImagingFlowCytometryObjectsInGrid,4,12,1791447014.5463657,805775,worker_2,W007,MeasureObjectSizeShape,step_started,started,33.33333333333333,9,27
ExampleImagingFlowCytometryObjectsInGrid,4,12,1791447014.5831463,805774,worker_1,W006,FilterObjects,pattern_group,running,100.0,1,1
ExampleImagingFlowCytometryObjectsInGrid,4,12,1791447014.5838733,805774,worker_1,W006,FilterObjects,step_completed,success,40.74074074074074,11,27
ExampleImagingFlowCytometryObjectsInGrid,4,12,1791447014.5961463,805774,worker_1,W006,MeasureObjectSizeShape,step_started,started,40.74074074074074,11,27
ExampleImagingFlowCytometryObjectsInGrid,4,12,1791447014.6339788,805773,worker_0,W005,MeasureObjectSizeShape,pattern_group,running,100.0,1,1
ExampleImagingFlowCytometryObjectsInGrid,4,12,1791447014.6347847,805773,worker_0,W005,MeasureObjectSizeShape,step_completed,success,44.44444444444444,12,27
ExampleImagingFlowCytometryObjectsInGrid,4,12,1791447014.6354456,805773,worker_0,W005,ExpandOrShrinkObjects,step_started,started,44.44444444444444,12,27
ExampleImagingFlowCytometryObjectsInGrid,4,12,1791447014.7670307,805774,worker_1,W006,MeasureObjectSizeShape,pattern_group,running,100.0,1,1
ExampleImagingFlowCytometryObjectsInGrid,4,12,1791447014.7675009,805773,worker_0,W005,ExpandOrShrinkObjects,pattern_group,running,100.0,1,1
ExampleImagingFlowCytometryObjectsInGrid,4,12,1791447014.7680206,805774,worker_1,W006,MeasureObjectSizeShape,step_completed,success,44.44444444444444,12,27
ExampleImagingFlowCytometryObjectsInGrid,4,12,1791447014.7681053,805773,worker_0,W005,ExpandOrShrinkObjects,step_completed,success,48.148148148148145,13,27
ExampleImagingFlowCytometryObjectsInGrid,4,12,1791447014.7689116,805773,worker_0,W005,RelateObjects,step_started,started,48.148148148148145,13,27
ExampleImagingFlowCytometryObjectsInGrid,4,12,1791447014.7689972,805774,worker_1,W006,ExpandOrShrinkObjects,step_started,started,44.44444444444444,12,27
ExampleImagingFlowCytometryObjectsInGrid,4,12,1791447014.7994232,805776,worker_3,W008,MeasureObjectSizeShape,pattern_group,running,100.0,1,1
ExampleImagingFlowCytometryObjectsInGrid,4,12,1791447014.8006113,805776,worker_3,W008,MeasureObjectSizeShape,step_completed,success,37.03703703703704,10,27
ExampleImagingFlowCytometryObjectsInGrid,4,12,1791447014.8017864,805776,worker_3,W008,FilterObjects,step_started,started,37.03703703703704,10,27
ExampleImagingFlowCytometryObjectsInGrid,4,12,1791447014.809179,805775,worker_2,W007,MeasureObjectSizeShape,pattern_group,running,100.0,1,1
ExampleImagingFlowCytometryObjectsInGrid,4,12,1791447014.8109624,805775,worker_2,W007,MeasureObjectSizeShape,step_completed,success,37.03703703703704,10,27
ExampleImagingFlowCytometryObjectsInGrid,4,12,1791447014.812152,805775,worker_2,W007,FilterObjects,step_started,started,37.03703703703704,10,27
ExampleImagingFlowCytometryObjectsInGrid,4,12,1791447014.8481596,805773,worker_0,W005,RelateObjects,pattern_group,running,100.0,1,1
ExampleImagingFlowCytometryObjectsInGrid,4,12,1791447014.8496842,805773,worker_0,W005,RelateObjects,step_completed,success,51.85185185185185,14,27
ExampleImagingFlowCytometryObjectsInGrid,4,12,1791447014.850822,805773,worker_0,W005,FilterObjects,step_started,started,51.85185185185185,14,27
ExampleImagingFlowCytometryObjectsInGrid,4,12,1791447014.94549,805776,worker_3,W008,FilterObjects,pattern_group,running,100.0,1,1
ExampleImagingFlowCytometryObjectsInGrid,4,12,1791447014.9466166,805774,worker_1,W006,ExpandOrShrinkObjects,pattern_group,running,100.0,1,1
ExampleImagingFlowCytometryObjectsInGrid,4,12,1791447014.947372,805776,worker_3,W008,FilterObjects,step_completed,success,40.74074074074074,11,27
ExampleImagingFlowCytometryObjectsInGrid,4,12,1791447014.947489,805774,worker_1,W006,ExpandOrShrinkObjects,step_completed,success,48.148148148148145,13,27
ExampleImagingFlowCytometryObjectsInGrid,4,12,1791447014.9486585,805775,worker_2,W007,FilterObjects,pattern_group,running,100.0,1,1
ExampleImagingFlowCytometryObjectsInGrid,4,12,1791447014.9484828,805774,worker_1,W006,RelateObjects,step_started,started,48.148148148148145,13,27
ExampleImagingFlowCytometryObjectsInGrid,4,12,1791447014.9498248,805775,worker_2,W007,FilterObjects,step_completed,success,40.74074074074074,11,27
ExampleImagingFlowCytometryObjectsInGrid,4,12,1791447014.9620419,805776,worker_3,W008,MeasureObjectSizeShape,step_started,started,40.74074074074074,11,27
ExampleImagingFlowCytometryObjectsInGrid,4,12,1791447014.9634066,805775,worker_2,W007,MeasureObjectSizeShape,step_started,started,40.74074074074074,11,27
ExampleImagingFlowCytometryObjectsInGrid,4,12,1791447015.0347378,805774,worker_1,W006,RelateObjects,pattern_group,running,100.0,1,1
ExampleImagingFlowCytometryObjectsInGrid,4,12,1791447015.0356526,805774,worker_1,W006,RelateObjects,step_completed,success,51.85185185185185,14,27
ExampleImagingFlowCytometryObjectsInGrid,4,12,1791447015.037155,805774,worker_1,W006,FilterObjects,step_started,started,51.85185185185185,14,27
ExampleImagingFlowCytometryObjectsInGrid,4,12,1791447015.1844676,805775,worker_2,W007,MeasureObjectSizeShape,pattern_group,running,100.0,1,1
ExampleImagingFlowCytometryObjectsInGrid,4,12,1791447015.1855845,805775,worker_2,W007,MeasureObjectSizeShape,step_completed,success,44.44444444444444,12,27
ExampleImagingFlowCytometryObjectsInGrid,4,12,1791447015.1868038,805775,worker_2,W007,ExpandOrShrinkObjects,step_started,started,44.44444444444444,12,27
ExampleImagingFlowCytometryObjectsInGrid,4,12,1791447015.1906989,805776,worker_3,W008,MeasureObjectSizeShape,pattern_group,running,100.0,1,1
ExampleImagingFlowCytometryObjectsInGrid,4,12,1791447015.1920724,805776,worker_3,W008,MeasureObjectSizeShape,step_completed,success,44.44444444444444,12,27
ExampleImagingFlowCytometryObjectsInGrid,4,12,1791447015.193649,805776,worker_3,W008,ExpandOrShrinkObjects,step_started,started,44.44444444444444,12,27
ExampleImagingFlowCytometryObjectsInGrid,4,12,1791447015.3746743,805775,worker_2,W007,ExpandOrShrinkObjects,pattern_group,running,100.0,1,1
ExampleImagingFlowCytometryObjectsInGrid,4,12,1791447015.3756275,805775,worker_2,W007,ExpandOrShrinkObjects,step_completed,success,48.148148148148145,13,27
ExampleImagingFlowCytometryObjectsInGrid,4,12,1791447015.3767722,805775,worker_2,W007,RelateObjects,step_started,started,48.148148148148145,13,27
ExampleImagingFlowCytometryObjectsInGrid,4,12,1791447015.3882012,805776,worker_3,W008,ExpandOrShrinkObjects,pattern_group,running,100.0,1,1
ExampleImagingFlowCytometryObjectsInGrid,4,12,1791447015.3900218,805776,worker_3,W008,ExpandOrShrinkObjects,step_completed,success,48.148148148148145,13,27
ExampleImagingFlowCytometryObjectsInGrid,4,12,1791447015.392136,805776,worker_3,W008,RelateObjects,step_started,started,48.148148148148145,13,27
ExampleImagingFlowCytometryObjectsInGrid,4,12,1791447015.4551888,805775,worker_2,W007,RelateObjects,pattern_group,running,100.0,1,1
ExampleImagingFlowCytometryObjectsInGrid,4,12,1791447015.456193,805775,worker_2,W007,RelateObjects,step_completed,success,51.85185185185185,14,27
ExampleImagingFlowCytometryObjectsInGrid,4,12,1791447015.4571397,805775,worker_2,W007,FilterObjects,step_started,started,51.85185185185185,14,27
ExampleImagingFlowCytometryObjectsInGrid,4,12,1791447015.479633,805776,worker_3,W008,RelateObjects,pattern_group,running,100.0,1,1
ExampleImagingFlowCytometryObjectsInGrid,4,12,1791447015.4815772,805776,worker_3,W008,RelateObjects,step_completed,success,51.85185185185185,14,27
ExampleImagingFlowCytometryObjectsInGrid,4,12,1791447015.4836001,805776,worker_3,W008,FilterObjects,step_started,started,51.85185185185185,14,27
ExampleImagingFlowCytometryObjectsInGrid,4,12,1791447015.7879605,805773,worker_0,W005,FilterObjects,pattern_group,running,100.0,1,1
ExampleImagingFlowCytometryObjectsInGrid,4,12,1791447015.788931,805773,worker_0,W005,FilterObjects,step_completed,success,55.55555555555556,15,27
ExampleImagingFlowCytometryObjectsInGrid,4,12,1791447015.790167,805773,worker_0,W005,IdentifyObjectsInGrid,step_started,started,55.55555555555556,15,27
ExampleImagingFlowCytometryObjectsInGrid,4,12,1791447015.889267,805773,worker_0,W005,IdentifyObjectsInGrid,pattern_group,running,100.0,1,1
ExampleImagingFlowCytometryObjectsInGrid,4,12,1791447015.890107,805773,worker_0,W005,IdentifyObjectsInGrid,step_completed,success,59.25925925925925,16,27
ExampleImagingFlowCytometryObjectsInGrid,4,12,1791447015.8973825,805773,worker_0,W005,ExpandOrShrinkObjects,step_started,started,59.25925925925925,16,27
ExampleImagingFlowCytometryObjectsInGrid,4,12,1791447015.9173365,805774,worker_1,W006,FilterObjects,pattern_group,running,100.0,1,1
ExampleImagingFlowCytometryObjectsInGrid,4,12,1791447015.9184132,805774,worker_1,W006,FilterObjects,step_completed,success,55.55555555555556,15,27
ExampleImagingFlowCytometryObjectsInGrid,4,12,1791447015.9199,805774,worker_1,W006,IdentifyObjectsInGrid,step_started,started,55.55555555555556,15,27
ExampleImagingFlowCytometryObjectsInGrid,4,12,1791447016.036074,805774,worker_1,W006,IdentifyObjectsInGrid,pattern_group,running,100.0,1,1
ExampleImagingFlowCytometryObjectsInGrid,4,12,1791447016.0371056,805774,worker_1,W006,IdentifyObjectsInGrid,step_completed,success,59.25925925925925,16,27
ExampleImagingFlowCytometryObjectsInGrid,4,12,1791447016.0505018,805774,worker_1,W006,ExpandOrShrinkObjects,step_started,started,59.25925925925925,16,27
ExampleImagingFlowCytometryObjectsInGrid,4,12,1791447016.3072166,805773,worker_0,W005,ExpandOrShrinkObjects,pattern_group,running,100.0,1,1
ExampleImagingFlowCytometryObjectsInGrid,4,12,1791447016.307931,805773,worker_0,W005,ExpandOrShrinkObjects,step_completed,success,62.96296296296296,17,27
ExampleImagingFlowCytometryObjectsInGrid,4,12,1791447016.3093503,805773,worker_0,W005,OverlayOutlines,step_started,started,62.96296296296296,17,27
ExampleImagingFlowCytometryObjectsInGrid,4,12,1791447016.3988214,805775,worker_2,W007,FilterObjects,pattern_group,running,100.0,1,1
ExampleImagingFlowCytometryObjectsInGrid,4,12,1791447016.4004376,805775,worker_2,W007,FilterObjects,step_completed,success,55.55555555555556,15,27
ExampleImagingFlowCytometryObjectsInGrid,4,12,1791447016.4023304,805775,worker_2,W007,IdentifyObjectsInGrid,step_started,started,55.55555555555556,15,27
ExampleImagingFlowCytometryObjectsInGrid,4,12,1791447016.4236107,805776,worker_3,W008,FilterObjects,pattern_group,running,100.0,1,1
ExampleImagingFlowCytometryObjectsInGrid,4,12,1791447016.424726,805776,worker_3,W008,FilterObjects,step_completed,success,55.55555555555556,15,27
ExampleImagingFlowCytometryObjectsInGrid,4,12,1791447016.4339108,805776,worker_3,W008,IdentifyObjectsInGrid,step_started,started,55.55555555555556,15,27
ExampleImagingFlowCytometryObjectsInGrid,4,12,1791447016.4949067,805773,worker_0,W005,OverlayOutlines,pattern_group,running,100.0,1,1
ExampleImagingFlowCytometryObjectsInGrid,4,12,1791447016.4954772,805773,worker_0,W005,OverlayOutlines,step_completed,success,66.66666666666666,18,27
ExampleImagingFlowCytometryObjectsInGrid,4,12,1791447016.5037804,805773,worker_0,W005,MeasureObjectSizeShape,step_started,started,66.66666666666666,18,27
ExampleImagingFlowCytometryObjectsInGrid,4,12,1791447016.53695,805775,worker_2,W007,IdentifyObjectsInGrid,pattern_group,running,100.0,1,1
ExampleImagingFlowCytometryObjectsInGrid,4,12,1791447016.537837,805775,worker_2,W007,IdentifyObjectsInGrid,step_completed,success,59.25925925925925,16,27
ExampleImagingFlowCytometryObjectsInGrid,4,12,1791447016.5389192,805775,worker_2,W007,ExpandOrShrinkObjects,step_started,started,59.25925925925925,16,27
ExampleImagingFlowCytometryObjectsInGrid,4,12,1791447016.5405853,805774,worker_1,W006,ExpandOrShrinkObjects,pattern_group,running,100.0,1,1
ExampleImagingFlowCytometryObjectsInGrid,4,12,1791447016.5412467,805774,worker_1,W006,ExpandOrShrinkObjects,step_completed,success,62.96296296296296,17,27
ExampleImagingFlowCytometryObjectsInGrid,4,12,1791447016.542129,805774,worker_1,W006,OverlayOutlines,step_started,started,62.96296296296296,17,27
ExampleImagingFlowCytometryObjectsInGrid,4,12,1791447016.581458,805776,worker_3,W008,IdentifyObjectsInGrid,pattern_group,running,100.0,1,1
ExampleImagingFlowCytometryObjectsInGrid,4,12,1791447016.5822074,805776,worker_3,W008,IdentifyObjectsInGrid,step_completed,success,59.25925925925925,16,27
ExampleImagingFlowCytometryObjectsInGrid,4,12,1791447016.5833309,805776,worker_3,W008,ExpandOrShrinkObjects,step_started,started,59.25925925925925,16,27
ExampleImagingFlowCytometryObjectsInGrid,4,12,1791447016.7065213,805774,worker_1,W006,OverlayOutlines,pattern_group,running,100.0,1,1
ExampleImagingFlowCytometryObjectsInGrid,4,12,1791447016.7072294,805774,worker_1,W006,OverlayOutlines,step_completed,success,66.66666666666666,18,27
ExampleImagingFlowCytometryObjectsInGrid,4,12,1791447016.7152297,805774,worker_1,W006,MeasureObjectSizeShape,step_started,started,66.66666666666666,18,27
ExampleImagingFlowCytometryObjectsInGrid,4,12,1791447016.836127,805775,worker_2,W007,ExpandOrShrinkObjects,pattern_group,running,100.0,1,1
ExampleImagingFlowCytometryObjectsInGrid,4,12,1791447016.8370037,805775,worker_2,W007,ExpandOrShrinkObjects,step_completed,success,62.96296296296296,17,27
ExampleImagingFlowCytometryObjectsInGrid,4,12,1791447016.8385844,805775,worker_2,W007,OverlayOutlines,step_started,started,62.96296296296296,17,27
ExampleImagingFlowCytometryObjectsInGrid,4,12,1791447016.8567793,805773,worker_0,W005,MeasureObjectSizeShape,pattern_group,running,100.0,1,1
ExampleImagingFlowCytometryObjectsInGrid,4,12,1791447016.8589826,805773,worker_0,W005,MeasureObjectSizeShape,step_completed,success,70.37037037037037,19,27
ExampleImagingFlowCytometryObjectsInGrid,4,12,1791447016.8609996,805773,worker_0,W005,MeasureGranularity,step_started,started,70.37037037037037,19,27
ExampleImagingFlowCytometryObjectsInGrid,4,12,1791447016.8838909,805776,worker_3,W008,ExpandOrShrinkObjects,pattern_group,running,100.0,1,1
ExampleImagingFlowCytometryObjectsInGrid,4,12,1791447016.884647,805776,worker_3,W008,ExpandOrShrinkObjects,step_completed,success,62.96296296296296,17,27
ExampleImagingFlowCytometryObjectsInGrid,4,12,1791447016.8855367,805776,worker_3,W008,OverlayOutlines,step_started,started,62.96296296296296,17,27
ExampleImagingFlowCytometryObjectsInGrid,4,12,1791447017.0103307,805775,worker_2,W007,OverlayOutlines,pattern_group,running,100.0,1,1
ExampleImagingFlowCytometryObjectsInGrid,4,12,1791447017.0107346,805775,worker_2,W007,OverlayOutlines,step_completed,success,66.66666666666666,18,27
ExampleImagingFlowCytometryObjectsInGrid,4,12,1791447017.0166438,805775,worker_2,W007,MeasureObjectSizeShape,step_started,started,66.66666666666666,18,27
ExampleImagingFlowCytometryObjectsInGrid,4,12,1791447017.0498304,805776,worker_3,W008,OverlayOutlines,pattern_group,running,100.0,1,1
ExampleImagingFlowCytometryObjectsInGrid,4,12,1791447017.0501685,805776,worker_3,W008,OverlayOutlines,step_completed,success,66.66666666666666,18,27
ExampleImagingFlowCytometryObjectsInGrid,4,12,1791447017.0560997,805776,worker_3,W008,MeasureObjectSizeShape,step_started,started,66.66666666666666,18,27
ExampleImagingFlowCytometryObjectsInGrid,4,12,1791447017.0732167,805774,worker_1,W006,MeasureObjectSizeShape,pattern_group,running,100.0,1,1
ExampleImagingFlowCytometryObjectsInGrid,4,12,1791447017.074863,805774,worker_1,W006,MeasureObjectSizeShape,step_completed,success,70.37037037037037,19,27
ExampleImagingFlowCytometryObjectsInGrid,4,12,1791447017.077759,805774,worker_1,W006,MeasureGranularity,step_started,started,70.37037037037037,19,27
ExampleImagingFlowCytometryObjectsInGrid,4,12,1791447017.3022304,805773,worker_0,W005,MeasureGranularity,pattern_group,running,100.0,1,1
ExampleImagingFlowCytometryObjectsInGrid,4,12,1791447017.303338,805773,worker_0,W005,MeasureGranularity,step_completed,success,74.07407407407408,20,27
ExampleImagingFlowCytometryObjectsInGrid,4,12,1791447017.3042543,805773,worker_0,W005,MeasureTexture,step_started,started,74.07407407407408,20,27
ExampleImagingFlowCytometryObjectsInGrid,4,12,1791447017.3748267,805775,worker_2,W007,MeasureObjectSizeShape,pattern_group,running,100.0,1,1
ExampleImagingFlowCytometryObjectsInGrid,4,12,1791447017.3764718,805775,worker_2,W007,MeasureObjectSizeShape,step_completed,success,70.37037037037037,19,27
ExampleImagingFlowCytometryObjectsInGrid,4,12,1791447017.3777332,805775,worker_2,W007,MeasureGranularity,step_started,started,70.37037037037037,19,27
ExampleImagingFlowCytometryObjectsInGrid,4,12,1791447017.4165728,805776,worker_3,W008,MeasureObjectSizeShape,pattern_group,running,100.0,1,1
ExampleImagingFlowCytometryObjectsInGrid,4,12,1791447017.4183056,805776,worker_3,W008,MeasureObjectSizeShape,step_completed,success,70.37037037037037,19,27
ExampleImagingFlowCytometryObjectsInGrid,4,12,1791447017.4195628,805776,worker_3,W008,MeasureGranularity,step_started,started,70.37037037037037,19,27
ExampleImagingFlowCytometryObjectsInGrid,4,12,1791447017.515686,805774,worker_1,W006,MeasureGranularity,pattern_group,running,100.0,1,1
ExampleImagingFlowCytometryObjectsInGrid,4,12,1791447017.5169623,805774,worker_1,W006,MeasureGranularity,step_completed,success,74.07407407407408,20,27
ExampleImagingFlowCytometryObjectsInGrid,4,12,1791447017.517872,805774,worker_1,W006,MeasureTexture,step_started,started,74.07407407407408,20,27
ExampleImagingFlowCytometryObjectsInGrid,4,12,1791447017.8252108,805775,worker_2,W007,MeasureGranularity,pattern_group,running,100.0,1,1
ExampleImagingFlowCytometryObjectsInGrid,4,12,1791447017.8264592,805775,worker_2,W007,MeasureGranularity,step_completed,success,74.07407407407408,20,27
ExampleImagingFlowCytometryObjectsInGrid,4,12,1791447017.8282197,805775,worker_2,W007,MeasureTexture,step_started,started,74.07407407407408,20,27
ExampleImagingFlowCytometryObjectsInGrid,4,12,1791447017.8649793,805776,worker_3,W008,MeasureGranularity,pattern_group,running,100.0,1,1
ExampleImagingFlowCytometryObjectsInGrid,4,12,1791447017.8659222,805776,worker_3,W008,MeasureGranularity,step_completed,success,74.07407407407408,20,27
ExampleImagingFlowCytometryObjectsInGrid,4,12,1791447017.8668005,805776,worker_3,W008,MeasureTexture,step_started,started,74.07407407407408,20,27
ExampleImagingFlowCytometryObjectsInGrid,4,12,1791447017.9496455,805773,worker_0,W005,MeasureTexture,pattern_group,running,100.0,1,1
ExampleImagingFlowCytometryObjectsInGrid,4,12,1791447017.9515157,805773,worker_0,W005,MeasureTexture,step_completed,success,77.77777777777779,21,27
ExampleImagingFlowCytometryObjectsInGrid,4,12,1791447017.954318,805773,worker_0,W005,MeasureTexture,step_started,started,77.77777777777779,21,27
ExampleImagingFlowCytometryObjectsInGrid,4,12,1791447018.1144123,805774,worker_1,W006,MeasureTexture,pattern_group,running,100.0,1,1
ExampleImagingFlowCytometryObjectsInGrid,4,12,1791447018.1160429,805774,worker_1,W006,MeasureTexture,step_completed,success,77.77777777777779,21,27
ExampleImagingFlowCytometryObjectsInGrid,4,12,1791447018.1170464,805774,worker_1,W006,MeasureTexture,step_started,started,77.77777777777779,21,27
ExampleImagingFlowCytometryObjectsInGrid,4,12,1791447018.224267,805773,worker_0,W005,MeasureTexture,pattern_group,running,100.0,1,1
ExampleImagingFlowCytometryObjectsInGrid,4,12,1791447018.2255366,805773,worker_0,W005,MeasureTexture,step_completed,success,81.48148148148148,22,27
ExampleImagingFlowCytometryObjectsInGrid,4,12,1791447018.2279613,805773,worker_0,W005,MeasureObjectIntensity,step_started,started,81.48148148148148,22,27
ExampleImagingFlowCytometryObjectsInGrid,4,12,1791447018.3660185,805774,worker_1,W006,MeasureTexture,pattern_group,running,100.0,1,1
ExampleImagingFlowCytometryObjectsInGrid,4,12,1791447018.3674123,805774,worker_1,W006,MeasureTexture,step_completed,success,81.48148148148148,22,27
ExampleImagingFlowCytometryObjectsInGrid,4,12,1791447018.3684046,805774,worker_1,W006,MeasureObjectIntensity,step_started,started,81.48148148148148,22,27
ExampleImagingFlowCytometryObjectsInGrid,4,12,1791447018.4371722,805775,worker_2,W007,MeasureTexture,pattern_group,running,100.0,1,1
ExampleImagingFlowCytometryObjectsInGrid,4,12,1791447018.438825,805775,worker_2,W007,MeasureTexture,step_completed,success,77.77777777777779,21,27
ExampleImagingFlowCytometryObjectsInGrid,4,12,1791447018.4398441,805775,worker_2,W007,MeasureTexture,step_started,started,77.77777777777779,21,27
ExampleImagingFlowCytometryObjectsInGrid,4,12,1791447018.477868,805776,worker_3,W008,MeasureTexture,pattern_group,running,100.0,1,1
ExampleImagingFlowCytometryObjectsInGrid,4,12,1791447018.4795158,805776,worker_3,W008,MeasureTexture,step_completed,success,77.77777777777779,21,27
ExampleImagingFlowCytometryObjectsInGrid,4,12,1791447018.480531,805776,worker_3,W008,MeasureTexture,step_started,started,77.77777777777779,21,27
ExampleImagingFlowCytometryObjectsInGrid,4,12,1791447018.4859095,805773,worker_0,W005,MeasureObjectIntensity,pattern_group,running,100.0,1,1
ExampleImagingFlowCytometryObjectsInGrid,4,12,1791447018.4875433,805773,worker_0,W005,MeasureObjectIntensity,step_completed,success,85.18518518518519,23,27
ExampleImagingFlowCytometryObjectsInGrid,4,12,1791447018.490779,805773,worker_0,W005,MeasureObjectIntensity,step_started,started,85.18518518518519,23,27
ExampleImagingFlowCytometryObjectsInGrid,4,12,1791447018.6302657,805774,worker_1,W006,MeasureObjectIntensity,pattern_group,running,100.0,1,1
ExampleImagingFlowCytometryObjectsInGrid,4,12,1791447018.6318026,805774,worker_1,W006,MeasureObjectIntensity,step_completed,success,85.18518518518519,23,27
ExampleImagingFlowCytometryObjectsInGrid,4,12,1791447018.6344926,805774,worker_1,W006,MeasureObjectIntensity,step_started,started,85.18518518518519,23,27
ExampleImagingFlowCytometryObjectsInGrid,4,12,1791447018.6878548,805773,worker_0,W005,MeasureObjectIntensity,pattern_group,running,100.0,1,1
ExampleImagingFlowCytometryObjectsInGrid,4,12,1791447018.6889632,805773,worker_0,W005,MeasureObjectIntensity,step_completed,success,88.88888888888889,24,27
ExampleImagingFlowCytometryObjectsInGrid,4,12,1791447018.6914,805773,worker_0,W005,MeasureObjectIntensityDistribution,step_started,started,88.88888888888889,24,27
ExampleImagingFlowCytometryObjectsInGrid,4,12,1791447018.7231765,805775,worker_2,W007,MeasureTexture,pattern_group,running,100.0,1,1
ExampleImagingFlowCytometryObjectsInGrid,4,12,1791447018.7242043,805775,worker_2,W007,MeasureTexture,step_completed,success,81.48148148148148,22,27
ExampleImagingFlowCytometryObjectsInGrid,4,12,1791447018.7251675,805775,worker_2,W007,MeasureObjectIntensity,step_started,started,81.48148148148148,22,27
ExampleImagingFlowCytometryObjectsInGrid,4,12,1791447018.7652628,805776,worker_3,W008,MeasureTexture,pattern_group,running,100.0,1,1
ExampleImagingFlowCytometryObjectsInGrid,4,12,1791447018.7665932,805776,worker_3,W008,MeasureTexture,step_completed,success,81.48148148148148,22,27
ExampleImagingFlowCytometryObjectsInGrid,4,12,1791447018.7675414,805776,worker_3,W008,MeasureObjectIntensity,step_started,started,81.48148148148148,22,27
ExampleImagingFlowCytometryObjectsInGrid,4,12,1791447018.8384194,805774,worker_1,W006,MeasureObjectIntensity,pattern_group,running,100.0,1,1
ExampleImagingFlowCytometryObjectsInGrid,4,12,1791447018.839802,805774,worker_1,W006,MeasureObjectIntensity,step_completed,success,88.88888888888889,24,27
ExampleImagingFlowCytometryObjectsInGrid,4,12,1791447018.8418293,805774,worker_1,W006,MeasureObjectIntensityDistribution,step_started,started,88.88888888888889,24,27
ExampleImagingFlowCytometryObjectsInGrid,4,12,1791447018.9953668,805775,worker_2,W007,MeasureObjectIntensity,pattern_group,running,100.0,1,1
ExampleImagingFlowCytometryObjectsInGrid,4,12,1791447018.9969726,805775,worker_2,W007,MeasureObjectIntensity,step_completed,success,85.18518518518519,23,27
ExampleImagingFlowCytometryObjectsInGrid,4,12,1791447018.9980106,805775,worker_2,W007,MeasureObjectIntensity,step_started,started,85.18518518518519,23,27
ExampleImagingFlowCytometryObjectsInGrid,4,12,1791447019.0175893,805773,worker_0,W005,MeasureObjectIntensityDistribution,pattern_group,running,100.0,1,1
ExampleImagingFlowCytometryObjectsInGrid,4,12,1791447019.020098,805773,worker_0,W005,MeasureObjectIntensityDistribution,step_completed,success,92.5925925925926,25,27
ExampleImagingFlowCytometryObjectsInGrid,4,12,1791447019.0216947,805773,worker_0,W005,MeasureObjectIntensityDistribution,step_started,started,92.5925925925926,25,27
ExampleImagingFlowCytometryObjectsInGrid,4,12,1791447019.04164,805776,worker_3,W008,MeasureObjectIntensity,pattern_group,running,100.0,1,1
ExampleImagingFlowCytometryObjectsInGrid,4,12,1791447019.043119,805776,worker_3,W008,MeasureObjectIntensity,step_completed,success,85.18518518518519,23,27
ExampleImagingFlowCytometryObjectsInGrid,4,12,1791447019.0441306,805776,worker_3,W008,MeasureObjectIntensity,step_started,started,85.18518518518519,23,27
ExampleImagingFlowCytometryObjectsInGrid,4,12,1791447019.1780813,805774,worker_1,W006,MeasureObjectIntensityDistribution,pattern_group,running,100.0,1,1
ExampleImagingFlowCytometryObjectsInGrid,4,12,1791447019.1804721,805774,worker_1,W006,MeasureObjectIntensityDistribution,step_completed,success,92.5925925925926,25,27
ExampleImagingFlowCytometryObjectsInGrid,4,12,1791447019.1825078,805774,worker_1,W006,MeasureObjectIntensityDistribution,step_started,started,92.5925925925926,25,27
ExampleImagingFlowCytometryObjectsInGrid,4,12,1791447019.1993444,805775,worker_2,W007,MeasureObjectIntensity,pattern_group,running,100.0,1,1
ExampleImagingFlowCytometryObjectsInGrid,4,12,1791447019.2004628,805775,worker_2,W007,MeasureObjectIntensity,step_completed,success,88.88888888888889,24,27
ExampleImagingFlowCytometryObjectsInGrid,4,12,1791447019.2039192,805775,worker_2,W007,MeasureObjectIntensityDistribution,step_started,started,88.88888888888889,24,27
ExampleImagingFlowCytometryObjectsInGrid,4,12,1791447019.2517343,805776,worker_3,W008,MeasureObjectIntensity,pattern_group,running,100.0,1,1
ExampleImagingFlowCytometryObjectsInGrid,4,12,1791447019.252893,805776,worker_3,W008,MeasureObjectIntensity,step_completed,success,88.88888888888889,24,27
ExampleImagingFlowCytometryObjectsInGrid,4,12,1791447019.2563527,805776,worker_3,W008,MeasureObjectIntensityDistribution,step_started,started,88.88888888888889,24,27
ExampleImagingFlowCytometryObjectsInGrid,4,12,1791447019.332474,805773,worker_0,W005,MeasureObjectIntensityDistribution,pattern_group,running,100.0,1,1
ExampleImagingFlowCytometryObjectsInGrid,4,12,1791447019.3346055,805773,worker_0,W005,MeasureObjectIntensityDistribution,step_completed,success,96.29629629629629,26,27
ExampleImagingFlowCytometryObjectsInGrid,4,12,1791447019.3407738,805773,worker_0,W005,pipeline,axis_completed,success,96.29629629629629,26,27
ExampleImagingFlowCytometryObjectsInGrid,4,12,1791447019.3408592,805773,worker_0,W009,pipeline,axis_started,started,0.0,0,27
ExampleImagingFlowCytometryObjectsInGrid,4,12,1791447019.3438356,805773,worker_0,W009,DefineGrid,step_started,started,0.0,0,27
ExampleImagingFlowCytometryObjectsInGrid,4,12,1791447019.3716943,805773,worker_0,W009,DefineGrid,pattern_group,running,100.0,1,1
ExampleImagingFlowCytometryObjectsInGrid,4,12,1791447019.3722491,805773,worker_0,W009,DefineGrid,step_completed,success,3.7037037037037033,1,27
ExampleImagingFlowCytometryObjectsInGrid,4,12,1791447019.372862,805773,worker_0,W009,IdentifyObjectsInGrid,step_started,started,3.7037037037037033,1,27
ExampleImagingFlowCytometryObjectsInGrid,4,12,1791447019.4474032,805773,worker_0,W009,IdentifyObjectsInGrid,pattern_group,running,100.0,1,1
ExampleImagingFlowCytometryObjectsInGrid,4,12,1791447019.448019,805773,worker_0,W009,IdentifyObjectsInGrid,step_completed,success,7.4074074074074066,2,27
ExampleImagingFlowCytometryObjectsInGrid,4,12,1791447019.4487453,805773,worker_0,W009,MeasureObjectIntensity,step_started,started,7.4074074074074066,2,27
ExampleImagingFlowCytometryObjectsInGrid,4,12,1791447019.489539,805774,worker_1,W006,MeasureObjectIntensityDistribution,pattern_group,running,100.0,1,1
ExampleImagingFlowCytometryObjectsInGrid,4,12,1791447019.491772,805774,worker_1,W006,MeasureObjectIntensityDistribution,step_completed,success,96.29629629629629,26,27
ExampleImagingFlowCytometryObjectsInGrid,4,12,1791447019.508279,805774,worker_1,W006,pipeline,axis_completed,success,96.29629629629629,26,27
ExampleImagingFlowCytometryObjectsInGrid,4,12,1791447019.5083902,805774,worker_1,W010,pipeline,axis_started,started,0.0,0,27
ExampleImagingFlowCytometryObjectsInGrid,4,12,1791447019.5115974,805774,worker_1,W010,DefineGrid,step_started,started,0.0,0,27
ExampleImagingFlowCytometryObjectsInGrid,4,12,1791447019.5359924,805774,worker_1,W010,DefineGrid,pattern_group,running,100.0,1,1
ExampleImagingFlowCytometryObjectsInGrid,4,12,1791447019.5366836,805774,worker_1,W010,DefineGrid,step_completed,success,3.7037037037037033,1,27
ExampleImagingFlowCytometryObjectsInGrid,4,12,1791447019.5375566,805774,worker_1,W010,IdentifyObjectsInGrid,step_started,started,3.7037037037037033,1,27
ExampleImagingFlowCytometryObjectsInGrid,4,12,1791447019.557187,805775,worker_2,W007,MeasureObjectIntensityDistribution,pattern_group,running,100.0,1,1
ExampleImagingFlowCytometryObjectsInGrid,4,12,1791447019.5604186,805775,worker_2,W007,MeasureObjectIntensityDistribution,step_completed,success,92.5925925925926,25,27
ExampleImagingFlowCytometryObjectsInGrid,4,12,1791447019.5684555,805775,worker_2,W007,MeasureObjectIntensityDistribution,step_started,started,92.5925925925926,25,27
ExampleImagingFlowCytometryObjectsInGrid,4,12,1791447019.6041949,805776,worker_3,W008,MeasureObjectIntensityDistribution,pattern_group,running,100.0,1,1
ExampleImagingFlowCytometryObjectsInGrid,4,12,1791447019.6066675,805776,worker_3,W008,MeasureObjectIntensityDistribution,step_completed,success,92.5925925925926,25,27
ExampleImagingFlowCytometryObjectsInGrid,4,12,1791447019.6153367,805776,worker_3,W008,MeasureObjectIntensityDistribution,step_started,started,92.5925925925926,25,27
ExampleImagingFlowCytometryObjectsInGrid,4,12,1791447019.6190217,805774,worker_1,W010,IdentifyObjectsInGrid,pattern_group,running,100.0,1,1
ExampleImagingFlowCytometryObjectsInGrid,4,12,1791447019.6197352,805774,worker_1,W010,IdentifyObjectsInGrid,step_completed,success,7.4074074074074066,2,27
ExampleImagingFlowCytometryObjectsInGrid,4,12,1791447019.6204178,805774,worker_1,W010,MeasureObjectIntensity,step_started,started,7.4074074074074066,2,27
ExampleImagingFlowCytometryObjectsInGrid,4,12,1791447019.8706245,805775,worker_2,W007,MeasureObjectIntensityDistribution,pattern_group,running,100.0,1,1
ExampleImagingFlowCytometryObjectsInGrid,4,12,1791447019.872978,805775,worker_2,W007,MeasureObjectIntensityDistribution,step_completed,success,96.29629629629629,26,27
ExampleImagingFlowCytometryObjectsInGrid,4,12,1791447019.88079,805775,worker_2,W007,pipeline,axis_completed,success,96.29629629629629,26,27
ExampleImagingFlowCytometryObjectsInGrid,4,12,1791447019.8809006,805775,worker_2,W011,pipeline,axis_started,started,0.0,0,27
ExampleImagingFlowCytometryObjectsInGrid,4,12,1791447019.8838902,805775,worker_2,W011,DefineGrid,step_started,started,0.0,0,27
ExampleImagingFlowCytometryObjectsInGrid,4,12,1791447019.9114294,805775,worker_2,W011,DefineGrid,pattern_group,running,100.0,1,1
ExampleImagingFlowCytometryObjectsInGrid,4,12,1791447019.9120855,805775,worker_2,W011,DefineGrid,step_completed,success,3.7037037037037033,1,27
ExampleImagingFlowCytometryObjectsInGrid,4,12,1791447019.912857,805775,worker_2,W011,IdentifyObjectsInGrid,step_started,started,3.7037037037037033,1,27
ExampleImagingFlowCytometryObjectsInGrid,4,12,1791447019.9316132,805776,worker_3,W008,MeasureObjectIntensityDistribution,pattern_group,running,100.0,1,1
ExampleImagingFlowCytometryObjectsInGrid,4,12,1791447019.9345515,805776,worker_3,W008,MeasureObjectIntensityDistribution,step_completed,success,96.29629629629629,26,27
ExampleImagingFlowCytometryObjectsInGrid,4,12,1791447019.9424403,805776,worker_3,W008,pipeline,axis_completed,success,96.29629629629629,26,27
ExampleImagingFlowCytometryObjectsInGrid,4,12,1791447019.9426024,805776,worker_3,W012,pipeline,axis_started,started,0.0,0,27
ExampleImagingFlowCytometryObjectsInGrid,4,12,1791447019.9461823,805776,worker_3,W012,DefineGrid,step_started,started,0.0,0,27
ExampleImagingFlowCytometryObjectsInGrid,4,12,1791447019.9833875,805776,worker_3,W012,DefineGrid,pattern_group,running,100.0,1,1
ExampleImagingFlowCytometryObjectsInGrid,4,12,1791447019.9839578,805776,worker_3,W012,DefineGrid,step_completed,success,3.7037037037037033,1,27
ExampleImagingFlowCytometryObjectsInGrid,4,12,1791447019.9846,805776,worker_3,W012,IdentifyObjectsInGrid,step_started,started,3.7037037037037033,1,27
ExampleImagingFlowCytometryObjectsInGrid,4,12,1791447020.001582,805775,worker_2,W011,IdentifyObjectsInGrid,pattern_group,running,100.0,1,1
ExampleImagingFlowCytometryObjectsInGrid,4,12,1791447020.0023453,805775,worker_2,W011,IdentifyObjectsInGrid,step_completed,success,7.4074074074074066,2,27
ExampleImagingFlowCytometryObjectsInGrid,4,12,1791447020.003074,805775,worker_2,W011,MeasureObjectIntensity,step_started,started,7.4074074074074066,2,27
ExampleImagingFlowCytometryObjectsInGrid,4,12,1791447020.015417,805773,worker_0,W009,MeasureObjectIntensity,pattern_group,running,100.0,1,1
ExampleImagingFlowCytometryObjectsInGrid,4,12,1791447020.0170035,805773,worker_0,W009,MeasureObjectIntensity,step_completed,success,11.11111111111111,3,27
ExampleImagingFlowCytometryObjectsInGrid,4,12,1791447020.0214627,805773,worker_0,W009,FilterObjects,step_started,started,11.11111111111111,3,27
ExampleImagingFlowCytometryObjectsInGrid,4,12,1791447020.0719912,805776,worker_3,W012,IdentifyObjectsInGrid,pattern_group,running,100.0,1,1
ExampleImagingFlowCytometryObjectsInGrid,4,12,1791447020.072674,805776,worker_3,W012,IdentifyObjectsInGrid,step_completed,success,7.4074074074074066,2,27
ExampleImagingFlowCytometryObjectsInGrid,4,12,1791447020.0733912,805776,worker_3,W012,MeasureObjectIntensity,step_started,started,7.4074074074074066,2,27
ExampleImagingFlowCytometryObjectsInGrid,4,12,1791447020.1509042,805773,worker_0,W009,FilterObjects,pattern_group,running,100.0,1,1
ExampleImagingFlowCytometryObjectsInGrid,4,12,1791447020.1518097,805773,worker_0,W009,FilterObjects,step_completed,success,14.814814814814813,4,27
ExampleImagingFlowCytometryObjectsInGrid,4,12,1791447020.152682,805773,worker_0,W009,MaskImage,step_started,started,14.814814814814813,4,27
ExampleImagingFlowCytometryObjectsInGrid,4,12,1791447020.1750016,805773,worker_0,W009,MaskImage,pattern_group,running,100.0,1,1
ExampleImagingFlowCytometryObjectsInGrid,4,12,1791447020.1754591,805773,worker_0,W009,MaskImage,step_completed,success,18.51851851851852,5,27
ExampleImagingFlowCytometryObjectsInGrid,4,12,1791447020.1761327,805773,worker_0,W009,Smooth,step_started,started,18.51851851851852,5,27
ExampleImagingFlowCytometryObjectsInGrid,4,12,1791447020.200944,805774,worker_1,W010,MeasureObjectIntensity,pattern_group,running,100.0,1,1
ExampleImagingFlowCytometryObjectsInGrid,4,12,1791447020.2021353,805774,worker_1,W010,MeasureObjectIntensity,step_completed,success,11.11111111111111,3,27
ExampleImagingFlowCytometryObjectsInGrid,4,12,1791447020.204677,805774,worker_1,W010,FilterObjects,step_started,started,11.11111111111111,3,27
ExampleImagingFlowCytometryObjectsInGrid,4,12,1791447020.3325953,805774,worker_1,W010,FilterObjects,pattern_group,running,100.0,1,1
ExampleImagingFlowCytometryObjectsInGrid,4,12,1791447020.3334742,805774,worker_1,W010,FilterObjects,step_completed,success,14.814814814814813,4,27
ExampleImagingFlowCytometryObjectsInGrid,4,12,1791447020.3350139,805774,worker_1,W010,MaskImage,step_started,started,14.814814814814813,4,27
ExampleImagingFlowCytometryObjectsInGrid,4,12,1791447020.3586123,805774,worker_1,W010,MaskImage,pattern_group,running,100.0,1,1
ExampleImagingFlowCytometryObjectsInGrid,4,12,1791447020.3592508,805774,worker_1,W010,MaskImage,step_completed,success,18.51851851851852,5,27
ExampleImagingFlowCytometryObjectsInGrid,4,12,1791447020.360061,805774,worker_1,W010,Smooth,step_started,started,18.51851851851852,5,27
ExampleImagingFlowCytometryObjectsInGrid,4,12,1791447020.4111679,805773,worker_0,W009,Smooth,pattern_group,running,100.0,1,1
ExampleImagingFlowCytometryObjectsInGrid,4,12,1791447020.411559,805773,worker_0,W009,Smooth,step_completed,success,22.22222222222222,6,27
ExampleImagingFlowCytometryObjectsInGrid,4,12,1791447020.4123104,805773,worker_0,W009,EnhanceEdges,step_started,started,22.22222222222222,6,27
ExampleImagingFlowCytometryObjectsInGrid,4,12,1791447020.4516904,805773,worker_0,W009,EnhanceEdges,pattern_group,running,100.0,1,1
ExampleImagingFlowCytometryObjectsInGrid,4,12,1791447020.45228,805773,worker_0,W009,EnhanceEdges,step_completed,success,25.925925925925924,7,27
ExampleImagingFlowCytometryObjectsInGrid,4,12,1791447020.453099,805773,worker_0,W009,Closing,step_started,started,25.925925925925924,7,27
ExampleImagingFlowCytometryObjectsInGrid,4,12,1791447020.600409,805774,worker_1,W010,Smooth,pattern_group,running,100.0,1,1
ExampleImagingFlowCytometryObjectsInGrid,4,12,1791447020.6010668,805774,worker_1,W010,Smooth,step_completed,success,22.22222222222222,6,27
ExampleImagingFlowCytometryObjectsInGrid,4,12,1791447020.6020498,805774,worker_1,W010,EnhanceEdges,step_started,started,22.22222222222222,6,27
ExampleImagingFlowCytometryObjectsInGrid,4,12,1791447020.616335,805775,worker_2,W011,MeasureObjectIntensity,pattern_group,running,100.0,1,1
ExampleImagingFlowCytometryObjectsInGrid,4,12,1791447020.617804,805775,worker_2,W011,MeasureObjectIntensity,step_completed,success,11.11111111111111,3,27
ExampleImagingFlowCytometryObjectsInGrid,4,12,1791447020.6212213,805775,worker_2,W011,FilterObjects,step_started,started,11.11111111111111,3,27
ExampleImagingFlowCytometryObjectsInGrid,4,12,1791447020.6493645,805774,worker_1,W010,EnhanceEdges,pattern_group,running,100.0,1,1
ExampleImagingFlowCytometryObjectsInGrid,4,12,1791447020.649946,805774,worker_1,W010,EnhanceEdges,step_completed,success,25.925925925925924,7,27
ExampleImagingFlowCytometryObjectsInGrid,4,12,1791447020.6513166,805774,worker_1,W010,Closing,step_started,started,25.925925925925924,7,27
ExampleImagingFlowCytometryObjectsInGrid,4,12,1791447020.6841154,805776,worker_3,W012,MeasureObjectIntensity,pattern_group,running,100.0,1,1
ExampleImagingFlowCytometryObjectsInGrid,4,12,1791447020.6855297,805776,worker_3,W012,MeasureObjectIntensity,step_completed,success,11.11111111111111,3,27
ExampleImagingFlowCytometryObjectsInGrid,4,12,1791447020.688076,805776,worker_3,W012,FilterObjects,step_started,started,11.11111111111111,3,27
ExampleImagingFlowCytometryObjectsInGrid,4,12,1791447020.8022282,805775,worker_2,W011,FilterObjects,pattern_group,running,100.0,1,1
ExampleImagingFlowCytometryObjectsInGrid,4,12,1791447020.80353,805775,worker_2,W011,FilterObjects,step_completed,success,14.814814814814813,4,27
ExampleImagingFlowCytometryObjectsInGrid,4,12,1791447020.8051093,805775,worker_2,W011,MaskImage,step_started,started,14.814814814814813,4,27
ExampleImagingFlowCytometryObjectsInGrid,4,12,1791447020.8320978,805775,worker_2,W011,MaskImage,pattern_group,running,100.0,1,1
ExampleImagingFlowCytometryObjectsInGrid,4,12,1791447020.8328502,805775,worker_2,W011,MaskImage,step_completed,success,18.51851851851852,5,27
ExampleImagingFlowCytometryObjectsInGrid,4,12,1791447020.8336794,805775,worker_2,W011,Smooth,step_started,started,18.51851851851852,5,27
ExampleImagingFlowCytometryObjectsInGrid,4,12,1791447020.8512545,805776,worker_3,W012,FilterObjects,pattern_group,running,100.0,1,1
ExampleImagingFlowCytometryObjectsInGrid,4,12,1791447020.8527627,805776,worker_3,W012,FilterObjects,step_completed,success,14.814814814814813,4,27
ExampleImagingFlowCytometryObjectsInGrid,4,12,1791447020.8542087,805776,worker_3,W012,MaskImage,step_started,started,14.814814814814813,4,27
ExampleImagingFlowCytometryObjectsInGrid,4,12,1791447020.9039786,805776,worker_3,W012,MaskImage,pattern_group,running,100.0,1,1
ExampleImagingFlowCytometryObjectsInGrid,4,12,1791447020.9050167,805776,worker_3,W012,MaskImage,step_completed,success,18.51851851851852,5,27
ExampleImagingFlowCytometryObjectsInGrid,4,12,1791447020.905949,805776,worker_3,W012,Smooth,step_started,started,18.51851851851852,5,27
ExampleImagingFlowCytometryObjectsInGrid,4,12,1791447020.984331,805773,worker_0,W009,Closing,pattern_group,running,100.0,1,1
ExampleImagingFlowCytometryObjectsInGrid,4,12,1791447020.9849398,805773,worker_0,W009,Closing,step_completed,success,29.629629629629626,8,27
ExampleImagingFlowCytometryObjectsInGrid,4,12,1791447020.985878,805773,worker_0,W009,IdentifyPrimaryObjects,step_started,started,29.629629629629626,8,27
ExampleImagingFlowCytometryObjectsInGrid,4,12,1791447021.134391,805775,worker_2,W011,Smooth,pattern_group,running,100.0,1,1
ExampleImagingFlowCytometryObjectsInGrid,4,12,1791447021.1352046,805775,worker_2,W011,Smooth,step_completed,success,22.22222222222222,6,27
ExampleImagingFlowCytometryObjectsInGrid,4,12,1791447021.1364996,805775,worker_2,W011,EnhanceEdges,step_started,started,22.22222222222222,6,27
ExampleImagingFlowCytometryObjectsInGrid,4,12,1791447021.1820784,805776,worker_3,W012,Smooth,pattern_group,running,100.0,1,1
ExampleImagingFlowCytometryObjectsInGrid,4,12,1791447021.1822152,805775,worker_2,W011,EnhanceEdges,pattern_group,running,100.0,1,1
ExampleImagingFlowCytometryObjectsInGrid,4,12,1791447021.1825264,805776,worker_3,W012,Smooth,step_completed,success,22.22222222222222,6,27
ExampleImagingFlowCytometryObjectsInGrid,4,12,1791447021.1826177,805775,worker_2,W011,EnhanceEdges,step_completed,success,25.925925925925924,7,27
ExampleImagingFlowCytometryObjectsInGrid,4,12,1791447021.1833296,805775,worker_2,W011,Closing,step_started,started,25.925925925925924,7,27
ExampleImagingFlowCytometryObjectsInGrid,4,12,1791447021.183387,805776,worker_3,W012,EnhanceEdges,step_started,started,22.22222222222222,6,27
ExampleImagingFlowCytometryObjectsInGrid,4,12,1791447021.2024822,805774,worker_1,W010,Closing,pattern_group,running,100.0,1,1
ExampleImagingFlowCytometryObjectsInGrid,4,12,1791447021.203287,805774,worker_1,W010,Closing,step_completed,success,29.629629629629626,8,27
ExampleImagingFlowCytometryObjectsInGrid,4,12,1791447021.2042336,805774,worker_1,W010,IdentifyPrimaryObjects,step_started,started,29.629629629629626,8,27
ExampleImagingFlowCytometryObjectsInGrid,4,12,1791447021.2369199,805776,worker_3,W012,EnhanceEdges,pattern_group,running,100.0,1,1
ExampleImagingFlowCytometryObjectsInGrid,4,12,1791447021.2375963,805776,worker_3,W012,EnhanceEdges,step_completed,success,25.925925925925924,7,27
ExampleImagingFlowCytometryObjectsInGrid,4,12,1791447021.238588,805776,worker_3,W012,Closing,step_started,started,25.925925925925924,7,27
ExampleImagingFlowCytometryObjectsInGrid,4,12,1791447021.757603,805775,worker_2,W011,Closing,pattern_group,running,100.0,1,1
ExampleImagingFlowCytometryObjectsInGrid,4,12,1791447021.7583194,805775,worker_2,W011,Closing,step_completed,success,29.629629629629626,8,27
ExampleImagingFlowCytometryObjectsInGrid,4,12,1791447021.7593882,805775,worker_2,W011,IdentifyPrimaryObjects,step_started,started,29.629629629629626,8,27
ExampleImagingFlowCytometryObjectsInGrid,4,12,1791447021.79413,805776,worker_3,W012,Closing,pattern_group,running,100.0,1,1
ExampleImagingFlowCytometryObjectsInGrid,4,12,1791447021.7948418,805776,worker_3,W012,Closing,step_completed,success,29.629629629629626,8,27
ExampleImagingFlowCytometryObjectsInGrid,4,12,1791447021.7965188,805776,worker_3,W012,IdentifyPrimaryObjects,step_started,started,29.629629629629626,8,27
ExampleImagingFlowCytometryObjectsInGrid,4,12,1791447021.9878633,805773,worker_0,W009,IdentifyPrimaryObjects,pattern_group,running,100.0,1,1
ExampleImagingFlowCytometryObjectsInGrid,4,12,1791447021.9889202,805773,worker_0,W009,IdentifyPrimaryObjects,step_completed,success,33.33333333333333,9,27
ExampleImagingFlowCytometryObjectsInGrid,4,12,1791447021.990136,805773,worker_0,W009,MeasureObjectSizeShape,step_started,started,33.33333333333333,9,27
ExampleImagingFlowCytometryObjectsInGrid,4,12,1791447022.1688964,805774,worker_1,W010,IdentifyPrimaryObjects,pattern_group,running,100.0,1,1
ExampleImagingFlowCytometryObjectsInGrid,4,12,1791447022.1699789,805774,worker_1,W010,IdentifyPrimaryObjects,step_completed,success,33.33333333333333,9,27
ExampleImagingFlowCytometryObjectsInGrid,4,12,1791447022.1721132,805774,worker_1,W010,MeasureObjectSizeShape,step_started,started,33.33333333333333,9,27
ExampleImagingFlowCytometryObjectsInGrid,4,12,1791447022.1736934,805773,worker_0,W009,MeasureObjectSizeShape,pattern_group,running,100.0,1,1
ExampleImagingFlowCytometryObjectsInGrid,4,12,1791447022.1750553,805773,worker_0,W009,MeasureObjectSizeShape,step_completed,success,37.03703703703704,10,27
ExampleImagingFlowCytometryObjectsInGrid,4,12,1791447022.1758847,805773,worker_0,W009,FilterObjects,step_started,started,37.03703703703704,10,27
ExampleImagingFlowCytometryObjectsInGrid,4,12,1791447022.2854035,805773,worker_0,W009,FilterObjects,pattern_group,running,100.0,1,1
ExampleImagingFlowCytometryObjectsInGrid,4,12,1791447022.2864676,805773,worker_0,W009,FilterObjects,step_completed,success,40.74074074074074,11,27
ExampleImagingFlowCytometryObjectsInGrid,4,12,1791447022.2952194,805773,worker_0,W009,MeasureObjectSizeShape,step_started,started,40.74074074074074,11,27
ExampleImagingFlowCytometryObjectsInGrid,4,12,1791447022.3686297,805774,worker_1,W010,MeasureObjectSizeShape,pattern_group,running,100.0,1,1
ExampleImagingFlowCytometryObjectsInGrid,4,12,1791447022.369833,805774,worker_1,W010,MeasureObjectSizeShape,step_completed,success,37.03703703703704,10,27
ExampleImagingFlowCytometryObjectsInGrid,4,12,1791447022.3707108,805774,worker_1,W010,FilterObjects,step_started,started,37.03703703703704,10,27
ExampleImagingFlowCytometryObjectsInGrid,4,12,1791447022.4883645,805774,worker_1,W010,FilterObjects,pattern_group,running,100.0,1,1
ExampleImagingFlowCytometryObjectsInGrid,4,12,1791447022.4893582,805774,worker_1,W010,FilterObjects,step_completed,success,40.74074074074074,11,27
ExampleImagingFlowCytometryObjectsInGrid,4,12,1791447022.4902236,805773,worker_0,W009,MeasureObjectSizeShape,pattern_group,running,100.0,1,1
ExampleImagingFlowCytometryObjectsInGrid,4,12,1791447022.4912379,805773,worker_0,W009,MeasureObjectSizeShape,step_completed,success,44.44444444444444,12,27
ExampleImagingFlowCytometryObjectsInGrid,4,12,1791447022.4920402,805773,worker_0,W009,ExpandOrShrinkObjects,step_started,started,44.44444444444444,12,27
ExampleImagingFlowCytometryObjectsInGrid,4,12,1791447022.502064,805774,worker_1,W010,MeasureObjectSizeShape,step_started,started,40.74074074074074,11,27
ExampleImagingFlowCytometryObjectsInGrid,4,12,1791447022.6408079,805773,worker_0,W009,ExpandOrShrinkObjects,pattern_group,running,100.0,1,1
ExampleImagingFlowCytometryObjectsInGrid,4,12,1791447022.6415641,805773,worker_0,W009,ExpandOrShrinkObjects,step_completed,success,48.148148148148145,13,27
ExampleImagingFlowCytometryObjectsInGrid,4,12,1791447022.6433196,805773,worker_0,W009,RelateObjects,step_started,started,48.148148148148145,13,27
ExampleImagingFlowCytometryObjectsInGrid,4,12,1791447022.6705906,805775,worker_2,W011,IdentifyPrimaryObjects,pattern_group,running,100.0,1,1
ExampleImagingFlowCytometryObjectsInGrid,4,12,1791447022.6715548,805775,worker_2,W011,IdentifyPrimaryObjects,step_completed,success,33.33333333333333,9,27
ExampleImagingFlowCytometryObjectsInGrid,4,12,1791447022.6727283,805775,worker_2,W011,MeasureObjectSizeShape,step_started,started,33.33333333333333,9,27
ExampleImagingFlowCytometryObjectsInGrid,4,12,1791447022.6996508,805774,worker_1,W010,MeasureObjectSizeShape,pattern_group,running,100.0,1,1
ExampleImagingFlowCytometryObjectsInGrid,4,12,1791447022.7006757,805774,worker_1,W010,MeasureObjectSizeShape,step_completed,success,44.44444444444444,12,27
ExampleImagingFlowCytometryObjectsInGrid,4,12,1791447022.7016265,805774,worker_1,W010,ExpandOrShrinkObjects,step_started,started,44.44444444444444,12,27
ExampleImagingFlowCytometryObjectsInGrid,4,12,1791447022.739423,805776,worker_3,W012,IdentifyPrimaryObjects,pattern_group,running,100.0,1,1
ExampleImagingFlowCytometryObjectsInGrid,4,12,1791447022.740308,805776,worker_3,W012,IdentifyPrimaryObjects,step_completed,success,33.33333333333333,9,27
ExampleImagingFlowCytometryObjectsInGrid,4,12,1791447022.7413898,805776,worker_3,W012,MeasureObjectSizeShape,step_started,started,33.33333333333333,9,27
ExampleImagingFlowCytometryObjectsInGrid,4,12,1791447022.838924,805774,worker_1,W010,ExpandOrShrinkObjects,pattern_group,running,100.0,1,1
ExampleImagingFlowCytometryObjectsInGrid,4,12,1791447022.839616,805774,worker_1,W010,ExpandOrShrinkObjects,step_completed,success,48.148148148148145,13,27
ExampleImagingFlowCytometryObjectsInGrid,4,12,1791447022.8405626,805774,worker_1,W010,RelateObjects,step_started,started,48.148148148148145,13,27
ExampleImagingFlowCytometryObjectsInGrid,4,12,1791447022.8624167,805775,worker_2,W011,MeasureObjectSizeShape,pattern_group,running,100.0,1,1
ExampleImagingFlowCytometryObjectsInGrid,4,12,1791447022.8636441,805775,worker_2,W011,MeasureObjectSizeShape,step_completed,success,37.03703703703704,10,27
ExampleImagingFlowCytometryObjectsInGrid,4,12,1791447022.8645623,805775,worker_2,W011,FilterObjects,step_started,started,37.03703703703704,10,27
ExampleImagingFlowCytometryObjectsInGrid,4,12,1791447022.8920934,805774,worker_1,W010,RelateObjects,pattern_group,running,100.0,1,1
ExampleImagingFlowCytometryObjectsInGrid,4,12,1791447022.8930244,805774,worker_1,W010,RelateObjects,step_completed,success,51.85185185185185,14,27
ExampleImagingFlowCytometryObjectsInGrid,4,12,1791447022.8937926,805774,worker_1,W010,FilterObjects,step_started,started,51.85185185185185,14,27
ExampleImagingFlowCytometryObjectsInGrid,4,12,1791447022.9133039,805773,worker_0,W009,RelateObjects,pattern_group,running,100.0,1,1
ExampleImagingFlowCytometryObjectsInGrid,4,12,1791447022.914728,805773,worker_0,W009,RelateObjects,step_completed,success,51.85185185185185,14,27
ExampleImagingFlowCytometryObjectsInGrid,4,12,1791447022.916837,805773,worker_0,W009,FilterObjects,step_started,started,51.85185185185185,14,27
ExampleImagingFlowCytometryObjectsInGrid,4,12,1791447022.9456267,805776,worker_3,W012,MeasureObjectSizeShape,pattern_group,running,100.0,1,1
ExampleImagingFlowCytometryObjectsInGrid,4,12,1791447022.9468017,805776,worker_3,W012,MeasureObjectSizeShape,step_completed,success,37.03703703703704,10,27
ExampleImagingFlowCytometryObjectsInGrid,4,12,1791447022.9479759,805776,worker_3,W012,FilterObjects,step_started,started,37.03703703703704,10,27
ExampleImagingFlowCytometryObjectsInGrid,4,12,1791447022.996501,805775,worker_2,W011,FilterObjects,pattern_group,running,100.0,1,1
ExampleImagingFlowCytometryObjectsInGrid,4,12,1791447022.9983835,805775,worker_2,W011,FilterObjects,step_completed,success,40.74074074074074,11,27
ExampleImagingFlowCytometryObjectsInGrid,4,12,1791447023.0137093,805775,worker_2,W011,MeasureObjectSizeShape,step_started,started,40.74074074074074,11,27
ExampleImagingFlowCytometryObjectsInGrid,4,12,1791447023.1266637,805776,worker_3,W012,FilterObjects,pattern_group,running,100.0,1,1
ExampleImagingFlowCytometryObjectsInGrid,4,12,1791447023.1280358,805776,worker_3,W012,FilterObjects,step_completed,success,40.74074074074074,11,27
ExampleImagingFlowCytometryObjectsInGrid,4,12,1791447023.1294346,805776,worker_3,W012,MeasureObjectSizeShape,step_started,started,40.74074074074074,11,27
ExampleImagingFlowCytometryObjectsInGrid,4,12,1791447023.2484186,805775,worker_2,W011,MeasureObjectSizeShape,pattern_group,running,100.0,1,1
ExampleImagingFlowCytometryObjectsInGrid,4,12,1791447023.249422,805775,worker_2,W011,MeasureObjectSizeShape,step_completed,success,44.44444444444444,12,27
ExampleImagingFlowCytometryObjectsInGrid,4,12,1791447023.2501445,805775,worker_2,W011,ExpandOrShrinkObjects,step_started,started,44.44444444444444,12,27
ExampleImagingFlowCytometryObjectsInGrid,4,12,1791447023.3842912,805776,worker_3,W012,MeasureObjectSizeShape,pattern_group,running,100.0,1,1
ExampleImagingFlowCytometryObjectsInGrid,4,12,1791447023.3879762,805776,worker_3,W012,MeasureObjectSizeShape,step_completed,success,44.44444444444444,12,27
ExampleImagingFlowCytometryObjectsInGrid,4,12,1791447023.3894587,805776,worker_3,W012,ExpandOrShrinkObjects,step_started,started,44.44444444444444,12,27
ExampleImagingFlowCytometryObjectsInGrid,4,12,1791447023.432235,805775,worker_2,W011,ExpandOrShrinkObjects,pattern_group,running,100.0,1,1
ExampleImagingFlowCytometryObjectsInGrid,4,12,1791447023.433395,805775,worker_2,W011,ExpandOrShrinkObjects,step_completed,success,48.148148148148145,13,27
ExampleImagingFlowCytometryObjectsInGrid,4,12,1791447023.4345033,805775,worker_2,W011,RelateObjects,step_started,started,48.148148148148145,13,27
ExampleImagingFlowCytometryObjectsInGrid,4,12,1791447023.6046891,805776,worker_3,W012,ExpandOrShrinkObjects,pattern_group,running,100.0,1,1
ExampleImagingFlowCytometryObjectsInGrid,4,12,1791447023.6054308,805776,worker_3,W012,ExpandOrShrinkObjects,step_completed,success,48.148148148148145,13,27
ExampleImagingFlowCytometryObjectsInGrid,4,12,1791447023.6063907,805776,worker_3,W012,RelateObjects,step_started,started,48.148148148148145,13,27
ExampleImagingFlowCytometryObjectsInGrid,4,12,1791447023.7079675,805774,worker_1,W010,FilterObjects,pattern_group,running,100.0,1,1
ExampleImagingFlowCytometryObjectsInGrid,4,12,1791447023.7087777,805774,worker_1,W010,FilterObjects,step_completed,success,55.55555555555556,15,27
ExampleImagingFlowCytometryObjectsInGrid,4,12,1791447023.7099023,805774,worker_1,W010,IdentifyObjectsInGrid,step_started,started,55.55555555555556,15,27
ExampleImagingFlowCytometryObjectsInGrid,4,12,1791447023.7251813,805773,worker_0,W009,FilterObjects,pattern_group,running,100.0,1,1
ExampleImagingFlowCytometryObjectsInGrid,4,12,1791447023.7260756,805773,worker_0,W009,FilterObjects,step_completed,success,55.55555555555556,15,27
ExampleImagingFlowCytometryObjectsInGrid,4,12,1791447023.7272515,805773,worker_0,W009,IdentifyObjectsInGrid,step_started,started,55.55555555555556,15,27
ExampleImagingFlowCytometryObjectsInGrid,4,12,1791447023.7932348,805774,worker_1,W010,IdentifyObjectsInGrid,pattern_group,running,100.0,1,1
ExampleImagingFlowCytometryObjectsInGrid,4,12,1791447023.7944448,805774,worker_1,W010,IdentifyObjectsInGrid,step_completed,success,59.25925925925925,16,27
ExampleImagingFlowCytometryObjectsInGrid,4,12,1791447023.7962167,805774,worker_1,W010,ExpandOrShrinkObjects,step_started,started,59.25925925925925,16,27
ExampleImagingFlowCytometryObjectsInGrid,4,12,1791447023.804092,805775,worker_2,W011,RelateObjects,pattern_group,running,100.0,1,1
ExampleImagingFlowCytometryObjectsInGrid,4,12,1791447023.80524,805775,worker_2,W011,RelateObjects,step_completed,success,51.85185185185185,14,27
ExampleImagingFlowCytometryObjectsInGrid,4,12,1791447023.8063173,805775,worker_2,W011,FilterObjects,step_started,started,51.85185185185185,14,27
ExampleImagingFlowCytometryObjectsInGrid,4,12,1791447023.8090465,805773,worker_0,W009,IdentifyObjectsInGrid,pattern_group,running,100.0,1,1
ExampleImagingFlowCytometryObjectsInGrid,4,12,1791447023.8099275,805773,worker_0,W009,IdentifyObjectsInGrid,step_completed,success,59.25925925925925,16,27
ExampleImagingFlowCytometryObjectsInGrid,4,12,1791447023.8218288,805773,worker_0,W009,ExpandOrShrinkObjects,step_started,started,59.25925925925925,16,27
ExampleImagingFlowCytometryObjectsInGrid,4,12,1791447023.8978875,805776,worker_3,W012,RelateObjects,pattern_group,running,100.0,1,1
ExampleImagingFlowCytometryObjectsInGrid,4,12,1791447023.8990438,805776,worker_3,W012,RelateObjects,step_completed,success,51.85185185185185,14,27
ExampleImagingFlowCytometryObjectsInGrid,4,12,1791447023.9000537,805776,worker_3,W012,FilterObjects,step_started,started,51.85185185185185,14,27
ExampleImagingFlowCytometryObjectsInGrid,4,12,1791447024.166677,805774,worker_1,W010,ExpandOrShrinkObjects,pattern_group,running,100.0,1,1
ExampleImagingFlowCytometryObjectsInGrid,4,12,1791447024.1678102,805774,worker_1,W010,ExpandOrShrinkObjects,step_completed,success,62.96296296296296,17,27
ExampleImagingFlowCytometryObjectsInGrid,4,12,1791447024.1693058,805774,worker_1,W010,OverlayOutlines,step_started,started,62.96296296296296,17,27
ExampleImagingFlowCytometryObjectsInGrid,4,12,1791447024.26643,805773,worker_0,W009,ExpandOrShrinkObjects,pattern_group,running,100.0,1,1
ExampleImagingFlowCytometryObjectsInGrid,4,12,1791447024.267769,805773,worker_0,W009,ExpandOrShrinkObjects,step_completed,success,62.96296296296296,17,27
ExampleImagingFlowCytometryObjectsInGrid,4,12,1791447024.2689095,805773,worker_0,W009,OverlayOutlines,step_started,started,62.96296296296296,17,27
ExampleImagingFlowCytometryObjectsInGrid,4,12,1791447024.3428755,805774,worker_1,W010,OverlayOutlines,pattern_group,running,100.0,1,1
ExampleImagingFlowCytometryObjectsInGrid,4,12,1791447024.3434708,805774,worker_1,W010,OverlayOutlines,step_completed,success,66.66666666666666,18,27
ExampleImagingFlowCytometryObjectsInGrid,4,12,1791447024.3504605,805774,worker_1,W010,MeasureObjectSizeShape,step_started,started,66.66666666666666,18,27
ExampleImagingFlowCytometryObjectsInGrid,4,12,1791447024.4559774,805773,worker_0,W009,OverlayOutlines,pattern_group,running,100.0,1,1
ExampleImagingFlowCytometryObjectsInGrid,4,12,1791447024.456605,805773,worker_0,W009,OverlayOutlines,step_completed,success,66.66666666666666,18,27
ExampleImagingFlowCytometryObjectsInGrid,4,12,1791447024.463843,805773,worker_0,W009,MeasureObjectSizeShape,step_started,started,66.66666666666666,18,27
ExampleImagingFlowCytometryObjectsInGrid,4,12,1791447024.6293023,805775,worker_2,W011,FilterObjects,pattern_group,running,100.0,1,1
ExampleImagingFlowCytometryObjectsInGrid,4,12,1791447024.6300817,805775,worker_2,W011,FilterObjects,step_completed,success,55.55555555555556,15,27
ExampleImagingFlowCytometryObjectsInGrid,4,12,1791447024.6314616,805775,worker_2,W011,IdentifyObjectsInGrid,step_started,started,55.55555555555556,15,27
ExampleImagingFlowCytometryObjectsInGrid,4,12,1791447024.7061098,805775,worker_2,W011,IdentifyObjectsInGrid,pattern_group,running,100.0,1,1
ExampleImagingFlowCytometryObjectsInGrid,4,12,1791447024.7067802,805775,worker_2,W011,IdentifyObjectsInGrid,step_completed,success,59.25925925925925,16,27
ExampleImagingFlowCytometryObjectsInGrid,4,12,1791447024.7091234,805776,worker_3,W012,FilterObjects,pattern_group,running,100.0,1,1
ExampleImagingFlowCytometryObjectsInGrid,4,12,1791447024.7099516,805776,worker_3,W012,FilterObjects,step_completed,success,55.55555555555556,15,27
ExampleImagingFlowCytometryObjectsInGrid,4,12,1791447024.7110322,805776,worker_3,W012,IdentifyObjectsInGrid,step_started,started,55.55555555555556,15,27
ExampleImagingFlowCytometryObjectsInGrid,4,12,1791447024.7166855,805775,worker_2,W011,ExpandOrShrinkObjects,step_started,started,59.25925925925925,16,27
ExampleImagingFlowCytometryObjectsInGrid,4,12,1791447024.7223654,805774,worker_1,W010,MeasureObjectSizeShape,pattern_group,running,100.0,1,1
ExampleImagingFlowCytometryObjectsInGrid,4,12,1791447024.724101,805774,worker_1,W010,MeasureObjectSizeShape,step_completed,success,70.37037037037037,19,27
ExampleImagingFlowCytometryObjectsInGrid,4,12,1791447024.7254713,805774,worker_1,W010,MeasureGranularity,step_started,started,70.37037037037037,19,27
ExampleImagingFlowCytometryObjectsInGrid,4,12,1791447024.801777,805776,worker_3,W012,IdentifyObjectsInGrid,pattern_group,running,100.0,1,1
ExampleImagingFlowCytometryObjectsInGrid,4,12,1791447024.8026443,805776,worker_3,W012,IdentifyObjectsInGrid,step_completed,success,59.25925925925925,16,27
ExampleImagingFlowCytometryObjectsInGrid,4,12,1791447024.8127897,805776,worker_3,W012,ExpandOrShrinkObjects,step_started,started,59.25925925925925,16,27
ExampleImagingFlowCytometryObjectsInGrid,4,12,1791447024.8252535,805773,worker_0,W009,MeasureObjectSizeShape,pattern_group,running,100.0,1,1
ExampleImagingFlowCytometryObjectsInGrid,4,12,1791447024.8269942,805773,worker_0,W009,MeasureObjectSizeShape,step_completed,success,70.37037037037037,19,27
ExampleImagingFlowCytometryObjectsInGrid,4,12,1791447024.8302877,805773,worker_0,W009,MeasureGranularity,step_started,started,70.37037037037037,19,27
ExampleImagingFlowCytometryObjectsInGrid,4,12,1791447025.1160288,805775,worker_2,W011,ExpandOrShrinkObjects,pattern_group,running,100.0,1,1
ExampleImagingFlowCytometryObjectsInGrid,4,12,1791447025.116976,805775,worker_2,W011,ExpandOrShrinkObjects,step_completed,success,62.96296296296296,17,27
ExampleImagingFlowCytometryObjectsInGrid,4,12,1791447025.1179018,805775,worker_2,W011,OverlayOutlines,step_started,started,62.96296296296296,17,27
ExampleImagingFlowCytometryObjectsInGrid,4,12,1791447025.1994622,805776,worker_3,W012,ExpandOrShrinkObjects,pattern_group,running,100.0,1,1
ExampleImagingFlowCytometryObjectsInGrid,4,12,1791447025.2001994,805776,worker_3,W012,ExpandOrShrinkObjects,step_completed,success,62.96296296296296,17,27
ExampleImagingFlowCytometryObjectsInGrid,4,12,1791447025.20105,805776,worker_3,W012,OverlayOutlines,step_started,started,62.96296296296296,17,27
ExampleImagingFlowCytometryObjectsInGrid,4,12,1791447025.2022588,805774,worker_1,W010,MeasureGranularity,pattern_group,running,100.0,1,1
ExampleImagingFlowCytometryObjectsInGrid,4,12,1791447025.2031775,805774,worker_1,W010,MeasureGranularity,step_completed,success,74.07407407407408,20,27
ExampleImagingFlowCytometryObjectsInGrid,4,12,1791447025.2040188,805774,worker_1,W010,MeasureTexture,step_started,started,74.07407407407408,20,27
ExampleImagingFlowCytometryObjectsInGrid,4,12,1791447025.3156998,805775,worker_2,W011,OverlayOutlines,pattern_group,running,100.0,1,1
ExampleImagingFlowCytometryObjectsInGrid,4,12,1791447025.3161843,805775,worker_2,W011,OverlayOutlines,step_completed,success,66.66666666666666,18,27
ExampleImagingFlowCytometryObjectsInGrid,4,12,1791447025.3221354,805775,worker_2,W011,MeasureObjectSizeShape,step_started,started,66.66666666666666,18,27
ExampleImagingFlowCytometryObjectsInGrid,4,12,1791447025.3386793,805773,worker_0,W009,MeasureGranularity,pattern_group,running,100.0,1,1
ExampleImagingFlowCytometryObjectsInGrid,4,12,1791447025.3397303,805773,worker_0,W009,MeasureGranularity,step_completed,success,74.07407407407408,20,27
ExampleImagingFlowCytometryObjectsInGrid,4,12,1791447025.3405292,805773,worker_0,W009,MeasureTexture,step_started,started,74.07407407407408,20,27
ExampleImagingFlowCytometryObjectsInGrid,4,12,1791447025.3774288,805776,worker_3,W012,OverlayOutlines,pattern_group,running,100.0,1,1
ExampleImagingFlowCytometryObjectsInGrid,4,12,1791447025.3780437,805776,worker_3,W012,OverlayOutlines,step_completed,success,66.66666666666666,18,27
ExampleImagingFlowCytometryObjectsInGrid,4,12,1791447025.3841157,805776,worker_3,W012,MeasureObjectSizeShape,step_started,started,66.66666666666666,18,27
ExampleImagingFlowCytometryObjectsInGrid,4,12,1791447025.6492817,805775,worker_2,W011,MeasureObjectSizeShape,pattern_group,running,100.0,1,1
ExampleImagingFlowCytometryObjectsInGrid,4,12,1791447025.6510162,805775,worker_2,W011,MeasureObjectSizeShape,step_completed,success,70.37037037037037,19,27
ExampleImagingFlowCytometryObjectsInGrid,4,12,1791447025.6523607,805775,worker_2,W011,MeasureGranularity,step_started,started,70.37037037037037,19,27
ExampleImagingFlowCytometryObjectsInGrid,4,12,1791447025.719944,805776,worker_3,W012,MeasureObjectSizeShape,pattern_group,running,100.0,1,1
ExampleImagingFlowCytometryObjectsInGrid,4,12,1791447025.7223642,805776,worker_3,W012,MeasureObjectSizeShape,step_completed,success,70.37037037037037,19,27
ExampleImagingFlowCytometryObjectsInGrid,4,12,1791447025.7236776,805776,worker_3,W012,MeasureGranularity,step_started,started,70.37037037037037,19,27
ExampleImagingFlowCytometryObjectsInGrid,4,12,1791447025.7777154,805774,worker_1,W010,MeasureTexture,pattern_group,running,100.0,1,1
ExampleImagingFlowCytometryObjectsInGrid,4,12,1791447025.779545,805774,worker_1,W010,MeasureTexture,step_completed,success,77.77777777777779,21,27
ExampleImagingFlowCytometryObjectsInGrid,4,12,1791447025.7813442,805774,worker_1,W010,MeasureTexture,step_started,started,77.77777777777779,21,27
ExampleImagingFlowCytometryObjectsInGrid,4,12,1791447025.9549725,805773,worker_0,W009,MeasureTexture,pattern_group,running,100.0,1,1
ExampleImagingFlowCytometryObjectsInGrid,4,12,1791447025.9566996,805773,worker_0,W009,MeasureTexture,step_completed,success,77.77777777777779,21,27
ExampleImagingFlowCytometryObjectsInGrid,4,12,1791447025.9579046,805773,worker_0,W009,MeasureTexture,step_started,started,77.77777777777779,21,27
ExampleImagingFlowCytometryObjectsInGrid,4,12,1791447026.0528445,805774,worker_1,W010,MeasureTexture,pattern_group,running,100.0,1,1
ExampleImagingFlowCytometryObjectsInGrid,4,12,1791447026.0540116,805774,worker_1,W010,MeasureTexture,step_completed,success,81.48148148148148,22,27
ExampleImagingFlowCytometryObjectsInGrid,4,12,1791447026.0551984,805774,worker_1,W010,MeasureObjectIntensity,step_started,started,81.48148148148148,22,27
ExampleImagingFlowCytometryObjectsInGrid,4,12,1791447026.1041203,805775,worker_2,W011,MeasureGranularity,pattern_group,running,100.0,1,1
ExampleImagingFlowCytometryObjectsInGrid,4,12,1791447026.1051722,805775,worker_2,W011,MeasureGranularity,step_completed,success,74.07407407407408,20,27
ExampleImagingFlowCytometryObjectsInGrid,4,12,1791447026.1061263,805775,worker_2,W011,MeasureTexture,step_started,started,74.07407407407408,20,27
ExampleImagingFlowCytometryObjectsInGrid,4,12,1791447026.1701825,805776,worker_3,W012,MeasureGranularity,pattern_group,running,100.0,1,1
ExampleImagingFlowCytometryObjectsInGrid,4,12,1791447026.1719117,805776,worker_3,W012,MeasureGranularity,step_completed,success,74.07407407407408,20,27
ExampleImagingFlowCytometryObjectsInGrid,4,12,1791447026.172999,805776,worker_3,W012,MeasureTexture,step_started,started,74.07407407407408,20,27
ExampleImagingFlowCytometryObjectsInGrid,4,12,1791447026.2453732,805773,worker_0,W009,MeasureTexture,pattern_group,running,100.0,1,1
ExampleImagingFlowCytometryObjectsInGrid,4,12,1791447026.2463982,805773,worker_0,W009,MeasureTexture,step_completed,success,81.48148148148148,22,27
ExampleImagingFlowCytometryObjectsInGrid,4,12,1791447026.247303,805773,worker_0,W009,MeasureObjectIntensity,step_started,started,81.48148148148148,22,27
ExampleImagingFlowCytometryObjectsInGrid,4,12,1791447026.3274987,805774,worker_1,W010,MeasureObjectIntensity,pattern_group,running,100.0,1,1
ExampleImagingFlowCytometryObjectsInGrid,4,12,1791447026.3292673,805774,worker_1,W010,MeasureObjectIntensity,step_completed,success,85.18518518518519,23,27
ExampleImagingFlowCytometryObjectsInGrid,4,12,1791447026.331961,805774,worker_1,W010,MeasureObjectIntensity,step_started,started,85.18518518518519,23,27
ExampleImagingFlowCytometryObjectsInGrid,4,12,1791447026.5048335,805773,worker_0,W009,MeasureObjectIntensity,pattern_group,running,100.0,1,1
ExampleImagingFlowCytometryObjectsInGrid,4,12,1791447026.506844,805773,worker_0,W009,MeasureObjectIntensity,step_completed,success,85.18518518518519,23,27
ExampleImagingFlowCytometryObjectsInGrid,4,12,1791447026.508166,805773,worker_0,W009,MeasureObjectIntensity,step_started,started,85.18518518518519,23,27
ExampleImagingFlowCytometryObjectsInGrid,4,12,1791447026.5295107,805774,worker_1,W010,MeasureObjectIntensity,pattern_group,running,100.0,1,1
ExampleImagingFlowCytometryObjectsInGrid,4,12,1791447026.5309381,805774,worker_1,W010,MeasureObjectIntensity,step_completed,success,88.88888888888889,24,27
ExampleImagingFlowCytometryObjectsInGrid,4,12,1791447026.5340793,805774,worker_1,W010,MeasureObjectIntensityDistribution,step_started,started,88.88888888888889,24,27
ExampleImagingFlowCytometryObjectsInGrid,4,12,1791447026.6882071,805775,worker_2,W011,MeasureTexture,pattern_group,running,100.0,1,1
ExampleImagingFlowCytometryObjectsInGrid,4,12,1791447026.6897974,805775,worker_2,W011,MeasureTexture,step_completed,success,77.77777777777779,21,27
ExampleImagingFlowCytometryObjectsInGrid,4,12,1791447026.690558,805775,worker_2,W011,MeasureTexture,step_started,started,77.77777777777779,21,27
ExampleImagingFlowCytometryObjectsInGrid,4,12,1791447026.7051997,805773,worker_0,W009,MeasureObjectIntensity,pattern_group,running,100.0,1,1
ExampleImagingFlowCytometryObjectsInGrid,4,12,1791447026.7065349,805773,worker_0,W009,MeasureObjectIntensity,step_completed,success,88.88888888888889,24,27
ExampleImagingFlowCytometryObjectsInGrid,4,12,1791447026.709125,805773,worker_0,W009,MeasureObjectIntensityDistribution,step_started,started,88.88888888888889,24,27
ExampleImagingFlowCytometryObjectsInGrid,4,12,1791447026.7557943,805776,worker_3,W012,MeasureTexture,pattern_group,running,100.0,1,1
ExampleImagingFlowCytometryObjectsInGrid,4,12,1791447026.7574189,805776,worker_3,W012,MeasureTexture,step_completed,success,77.77777777777779,21,27
ExampleImagingFlowCytometryObjectsInGrid,4,12,1791447026.7582116,805776,worker_3,W012,MeasureTexture,step_started,started,77.77777777777779,21,27
ExampleImagingFlowCytometryObjectsInGrid,4,12,1791447026.8704658,805774,worker_1,W010,MeasureObjectIntensityDistribution,pattern_group,running,100.0,1,1
ExampleImagingFlowCytometryObjectsInGrid,4,12,1791447026.8727002,805774,worker_1,W010,MeasureObjectIntensityDistribution,step_completed,success,92.5925925925926,25,27
ExampleImagingFlowCytometryObjectsInGrid,4,12,1791447026.874218,805774,worker_1,W010,MeasureObjectIntensityDistribution,step_started,started,92.5925925925926,25,27
ExampleImagingFlowCytometryObjectsInGrid,4,12,1791447026.9645126,805775,worker_2,W011,MeasureTexture,pattern_group,running,100.0,1,1
ExampleImagingFlowCytometryObjectsInGrid,4,12,1791447026.9656205,805775,worker_2,W011,MeasureTexture,step_completed,success,81.48148148148148,22,27
ExampleImagingFlowCytometryObjectsInGrid,4,12,1791447026.9664402,805775,worker_2,W011,MeasureObjectIntensity,step_started,started,81.48148148148148,22,27
ExampleImagingFlowCytometryObjectsInGrid,4,12,1791447027.0240798,805776,worker_3,W012,MeasureTexture,pattern_group,running,100.0,1,1
ExampleImagingFlowCytometryObjectsInGrid,4,12,1791447027.0251076,805776,worker_3,W012,MeasureTexture,step_completed,success,81.48148148148148,22,27
ExampleImagingFlowCytometryObjectsInGrid,4,12,1791447027.026007,805776,worker_3,W012,MeasureObjectIntensity,step_started,started,81.48148148148148,22,27
ExampleImagingFlowCytometryObjectsInGrid,4,12,1791447027.039237,805773,worker_0,W009,MeasureObjectIntensityDistribution,pattern_group,running,100.0,1,1
ExampleImagingFlowCytometryObjectsInGrid,4,12,1791447027.042208,805773,worker_0,W009,MeasureObjectIntensityDistribution,step_completed,success,92.5925925925926,25,27
ExampleImagingFlowCytometryObjectsInGrid,4,12,1791447027.0461993,805773,worker_0,W009,MeasureObjectIntensityDistribution,step_started,started,92.5925925925926,25,27
ExampleImagingFlowCytometryObjectsInGrid,4,12,1791447027.180529,805774,worker_1,W010,MeasureObjectIntensityDistribution,pattern_group,running,100.0,1,1
ExampleImagingFlowCytometryObjectsInGrid,4,12,1791447027.182754,805774,worker_1,W010,MeasureObjectIntensityDistribution,step_completed,success,96.29629629629629,26,27
ExampleImagingFlowCytometryObjectsInGrid,4,12,1791447027.2008595,805774,worker_1,W010,pipeline,axis_completed,success,96.29629629629629,26,27
ExampleImagingFlowCytometryObjectsInGrid,4,12,1791447027.2238154,805775,worker_2,W011,MeasureObjectIntensity,pattern_group,running,100.0,1,1
ExampleImagingFlowCytometryObjectsInGrid,4,12,1791447027.2255404,805775,worker_2,W011,MeasureObjectIntensity,step_completed,success,85.18518518518519,23,27
ExampleImagingFlowCytometryObjectsInGrid,4,12,1791447027.2269697,805775,worker_2,W011,MeasureObjectIntensity,step_started,started,85.18518518518519,23,27
ExampleImagingFlowCytometryObjectsInGrid,4,12,1791447027.2950869,805776,worker_3,W012,MeasureObjectIntensity,pattern_group,running,100.0,1,1
ExampleImagingFlowCytometryObjectsInGrid,4,12,1791447027.2965946,805776,worker_3,W012,MeasureObjectIntensity,step_completed,success,85.18518518518519,23,27
ExampleImagingFlowCytometryObjectsInGrid,4,12,1791447027.297568,805776,worker_3,W012,MeasureObjectIntensity,step_started,started,85.18518518518519,23,27
ExampleImagingFlowCytometryObjectsInGrid,4,12,1791447027.3494093,805773,worker_0,W009,MeasureObjectIntensityDistribution,pattern_group,running,100.0,1,1
ExampleImagingFlowCytometryObjectsInGrid,4,12,1791447027.351804,805773,worker_0,W009,MeasureObjectIntensityDistribution,step_completed,success,96.29629629629629,26,27
ExampleImagingFlowCytometryObjectsInGrid,4,12,1791447027.3585024,805773,worker_0,W009,pipeline,axis_completed,success,96.29629629629629,26,27
ExampleImagingFlowCytometryObjectsInGrid,4,12,1791447027.4235086,805775,worker_2,W011,MeasureObjectIntensity,pattern_group,running,100.0,1,1
ExampleImagingFlowCytometryObjectsInGrid,4,12,1791447027.4246023,805775,worker_2,W011,MeasureObjectIntensity,step_completed,success,88.88888888888889,24,27
ExampleImagingFlowCytometryObjectsInGrid,4,12,1791447027.4269106,805775,worker_2,W011,MeasureObjectIntensityDistribution,step_started,started,88.88888888888889,24,27
ExampleImagingFlowCytometryObjectsInGrid,4,12,1791447027.497019,805776,worker_3,W012,MeasureObjectIntensity,pattern_group,running,100.0,1,1
ExampleImagingFlowCytometryObjectsInGrid,4,12,1791447027.7473655,805775,worker_2,W011,MeasureObjectIntensityDistribution,pattern_group,running,100.0,1,1
ExampleImagingFlowCytometryObjectsInGrid,4,12,1791447027.498096,805776,worker_3,W012,MeasureObjectIntensity,step_completed,success,88.88888888888889,24,27
ExampleImagingFlowCytometryObjectsInGrid,4,12,1791447027.7494416,805775,worker_2,W011,MeasureObjectIntensityDistribution,step_completed,success,92.5925925925926,25,27
ExampleImagingFlowCytometryObjectsInGrid,4,12,1791447027.5001936,805776,worker_3,W012,MeasureObjectIntensityDistribution,step_started,started,88.88888888888889,24,27
ExampleImagingFlowCytometryObjectsInGrid,4,12,1791447027.7506204,805775,worker_2,W011,MeasureObjectIntensityDistribution,step_started,started,92.5925925925926,25,27
ExampleImagingFlowCytometryObjectsInGrid,4,12,1791447027.8178408,805776,worker_3,W012,MeasureObjectIntensityDistribution,pattern_group,running,100.0,1,1
ExampleImagingFlowCytometryObjectsInGrid,4,12,1791447027.8198225,805776,worker_3,W012,MeasureObjectIntensityDistribution,step_completed,success,92.5925925925926,25,27
ExampleImagingFlowCytometryObjectsInGrid,4,12,1791447027.8209586,805776,worker_3,W012,MeasureObjectIntensityDistribution,step_started,started,92.5925925925926,25,27
ExampleImagingFlowCytometryObjectsInGrid,4,12,1791447028.0278096,805775,worker_2,W011,MeasureObjectIntensityDistribution,pattern_group,running,100.0,1,1
ExampleImagingFlowCytometryObjectsInGrid,4,12,1791447028.0297976,805775,worker_2,W011,MeasureObjectIntensityDistribution,step_completed,success,96.29629629629629,26,27
ExampleImagingFlowCytometryObjectsInGrid,4,12,1791447028.0418582,805775,worker_2,W011,pipeline,axis_completed,success,96.29629629629629,26,27
ExampleImagingFlowCytometryObjectsInGrid,4,12,1791447028.1003902,805776,worker_3,W012,MeasureObjectIntensityDistribution,pattern_group,running,100.0,1,1
ExampleImagingFlowCytometryObjectsInGrid,4,12,1791447028.1022193,805776,worker_3,W012,MeasureObjectIntensityDistribution,step_completed,success,96.29629629629629,26,27
ExampleImagingFlowCytometryObjectsInGrid,4,12,1791447028.112,805776,worker_3,W012,pipeline,axis_completed,success,96.29629629629629,26,27
ExampleImagingFlowCytometryObjectsInGrid,4,12,1791447028.3491004,805331,,,ExportToSpreadsheet,step_started,started,96.29629629629629,26,27
ExampleImagingFlowCytometryObjectsInGrid,4,12,1791447030.3505342,805331,,,ExportToSpreadsheet,running,running,96.29629629629629,26,27
ExampleImagingFlowCytometryObjectsInGrid,4,12,1791447032.3418396,805331,,,ExportToSpreadsheet,step_completed,success,100.0,27,27
ExampleImagingFlowCytometryObjectsInGrid,4,12,1791447032.3440485,805331,,,pipeline,success,success,100.0,27,27
