case_name,worker_count,well_count,timestamp,pid,worker_slot,axis_id,step_name,phase,status,percent,completed,total
cp_tutorial_3d_monolayer,1,16,1791301896.8275433,1392522,,,pipeline,compile,started,0.0,0,31
cp_tutorial_3d_monolayer,1,16,1791301897.8548117,1392522,,,,init,started,0.0,0,1
cp_tutorial_3d_monolayer,1,16,1791301898.43035,1392522,,W001,compilation,compile,running,6.25,1,16
cp_tutorial_3d_monolayer,1,16,1791301898.4837437,1392522,,W002,compilation,compile,running,12.5,2,16
cp_tutorial_3d_monolayer,1,16,1791301898.5950422,1392522,,W003,compilation,compile,running,18.75,3,16
cp_tutorial_3d_monolayer,1,16,1791301898.648076,1392522,,W004,compilation,compile,running,25.0,4,16
cp_tutorial_3d_monolayer,1,16,1791301898.7036483,1392522,,W005,compilation,compile,running,31.25,5,16
cp_tutorial_3d_monolayer,1,16,1791301898.7577488,1392522,,W006,compilation,compile,running,37.5,6,16
cp_tutorial_3d_monolayer,1,16,1791301898.811768,1392522,,W007,compilation,compile,running,43.75,7,16
cp_tutorial_3d_monolayer,1,16,1791301898.8652098,1392522,,W008,compilation,compile,running,50.0,8,16
cp_tutorial_3d_monolayer,1,16,1791301898.9189467,1392522,,W009,compilation,compile,running,56.25,9,16
cp_tutorial_3d_monolayer,1,16,1791301898.9748895,1392522,,W010,compilation,compile,running,62.5,10,16
cp_tutorial_3d_monolayer,1,16,1791301899.0284028,1392522,,W011,compilation,compile,running,68.75,11,16
cp_tutorial_3d_monolayer,1,16,1791301899.0814323,1392522,,W012,compilation,compile,running,75.0,12,16
cp_tutorial_3d_monolayer,1,16,1791301899.1346583,1392522,,W013,compilation,compile,running,81.25,13,16
cp_tutorial_3d_monolayer,1,16,1791301899.1916227,1392522,,W014,compilation,compile,running,87.5,14,16
cp_tutorial_3d_monolayer,1,16,1791301899.2446566,1392522,,W015,compilation,compile,running,93.75,15,16
cp_tutorial_3d_monolayer,1,16,1791301899.298309,1392522,,W016,compilation,compile,running,100.0,16,16
cp_tutorial_3d_monolayer,1,16,1791301899.3269374,1392522,,,,init,started,0.0,0,1
cp_tutorial_3d_monolayer,1,16,1791301899.3270192,1392522,,,pipeline,compile,success,100.0,1,31
cp_tutorial_3d_monolayer,1,16,1791301899.3270686,1392522,,W001,compilation,compile,success,100.0,1,1
cp_tutorial_3d_monolayer,1,16,1791301899.327097,1392522,,W002,compilation,compile,success,100.0,1,1
cp_tutorial_3d_monolayer,1,16,1791301899.327122,1392522,,W003,compilation,compile,success,100.0,1,1
cp_tutorial_3d_monolayer,1,16,1791301899.3271465,1392522,,W004,compilation,compile,success,100.0,1,1
cp_tutorial_3d_monolayer,1,16,1791301899.3271701,1392522,,W005,compilation,compile,success,100.0,1,1
cp_tutorial_3d_monolayer,1,16,1791301899.3271937,1392522,,W006,compilation,compile,success,100.0,1,1
cp_tutorial_3d_monolayer,1,16,1791301899.3272169,1392522,,W007,compilation,compile,success,100.0,1,1
cp_tutorial_3d_monolayer,1,16,1791301899.3272405,1392522,,W008,compilation,compile,success,100.0,1,1
cp_tutorial_3d_monolayer,1,16,1791301899.327263,1392522,,W009,compilation,compile,success,100.0,1,1
cp_tutorial_3d_monolayer,1,16,1791301899.3272936,1392522,,W010,compilation,compile,success,100.0,1,1
cp_tutorial_3d_monolayer,1,16,1791301899.3273172,1392522,,W011,compilation,compile,success,100.0,1,1
cp_tutorial_3d_monolayer,1,16,1791301899.3273401,1392522,,W012,compilation,compile,success,100.0,1,1
cp_tutorial_3d_monolayer,1,16,1791301899.3273633,1392522,,W013,compilation,compile,success,100.0,1,1
cp_tutorial_3d_monolayer,1,16,1791301899.3273861,1392522,,W014,compilation,compile,success,100.0,1,1
cp_tutorial_3d_monolayer,1,16,1791301899.3274097,1392522,,W015,compilation,compile,success,100.0,1,1
cp_tutorial_3d_monolayer,1,16,1791301899.3274326,1392522,,W016,compilation,compile,success,100.0,1,1
cp_tutorial_3d_monolayer,1,16,1791301899.3845143,1392522,,,,init,started,0.0,0,1
cp_tutorial_3d_monolayer,1,16,1791301899.4060833,1392522,worker_0,W001,pipeline,axis_started,started,0.0,0,31
cp_tutorial_3d_monolayer,1,16,1791301899.4062176,1392522,worker_0,W001,RescaleIntensity,step_started,started,0.0,0,31
cp_tutorial_3d_monolayer,1,16,1791301899.7604365,1392522,worker_0,W001,RescaleIntensity,pattern_group,running,100.0,1,1
cp_tutorial_3d_monolayer,1,16,1791301899.7605877,1392522,worker_0,W001,RescaleIntensity,step_completed,success,3.225806451612903,1,31
cp_tutorial_3d_monolayer,1,16,1791301899.7606113,1392522,worker_0,W001,Resize,step_started,started,3.225806451612903,1,31
cp_tutorial_3d_monolayer,1,16,1791301899.8188949,1392522,worker_0,W001,Resize,pattern_group,running,100.0,1,1
cp_tutorial_3d_monolayer,1,16,1791301899.8190334,1392522,worker_0,W001,Resize,step_completed,success,6.451612903225806,2,31
cp_tutorial_3d_monolayer,1,16,1791301899.8190541,1392522,worker_0,W001,MedianFilter,step_started,started,6.451612903225806,2,31
cp_tutorial_3d_monolayer,1,16,1791301899.9852655,1392522,worker_0,W001,MedianFilter,pattern_group,running,100.0,1,1
cp_tutorial_3d_monolayer,1,16,1791301899.9854083,1392522,worker_0,W001,MedianFilter,step_completed,success,9.67741935483871,3,31
cp_tutorial_3d_monolayer,1,16,1791301899.9854288,1392522,worker_0,W001,Threshold,step_started,started,9.67741935483871,3,31
cp_tutorial_3d_monolayer,1,16,1791301900.0233195,1392522,worker_0,W001,Threshold,pattern_group,running,100.0,1,1
cp_tutorial_3d_monolayer,1,16,1791301900.0236483,1392522,worker_0,W001,Threshold,step_completed,success,12.903225806451612,4,31
cp_tutorial_3d_monolayer,1,16,1791301900.02367,1392522,worker_0,W001,RemoveHoles,step_started,started,12.903225806451612,4,31
cp_tutorial_3d_monolayer,1,16,1791301900.0403059,1392522,worker_0,W001,RemoveHoles,pattern_group,running,100.0,1,1
cp_tutorial_3d_monolayer,1,16,1791301900.040445,1392522,worker_0,W001,RemoveHoles,step_completed,success,16.129032258064516,5,31
cp_tutorial_3d_monolayer,1,16,1791301900.0404658,1392522,worker_0,W001,Watershed,step_started,started,16.129032258064516,5,31
cp_tutorial_3d_monolayer,1,16,1791301900.1321127,1392522,worker_0,W001,Watershed,pattern_group,running,100.0,1,1
cp_tutorial_3d_monolayer,1,16,1791301900.1324975,1392522,worker_0,W001,Watershed,step_completed,success,19.35483870967742,6,31
cp_tutorial_3d_monolayer,1,16,1791301900.132518,1392522,worker_0,W001,ResizeObjects,step_started,started,19.35483870967742,6,31
cp_tutorial_3d_monolayer,1,16,1791301900.1588306,1392522,worker_0,W001,ResizeObjects,pattern_group,running,100.0,1,1
cp_tutorial_3d_monolayer,1,16,1791301900.1593149,1392522,worker_0,W001,ResizeObjects,step_completed,success,22.58064516129032,7,31
cp_tutorial_3d_monolayer,1,16,1791301900.1593373,1392522,worker_0,W001,ErodeObjects,step_started,started,22.58064516129032,7,31
cp_tutorial_3d_monolayer,1,16,1791301900.2193835,1392522,worker_0,W001,ErodeObjects,pattern_group,running,100.0,1,1
cp_tutorial_3d_monolayer,1,16,1791301900.219836,1392522,worker_0,W001,ErodeObjects,step_completed,success,25.806451612903224,8,31
cp_tutorial_3d_monolayer,1,16,1791301900.2198594,1392522,worker_0,W001,ResizeObjects,step_started,started,25.806451612903224,8,31
cp_tutorial_3d_monolayer,1,16,1791301900.2431877,1392522,worker_0,W001,ResizeObjects,pattern_group,running,100.0,1,1
cp_tutorial_3d_monolayer,1,16,1791301900.2436745,1392522,worker_0,W001,ResizeObjects,step_completed,success,29.03225806451613,9,31
cp_tutorial_3d_monolayer,1,16,1791301900.2436998,1392522,worker_0,W001,ConvertObjectsToImage,step_started,started,29.03225806451613,9,31
cp_tutorial_3d_monolayer,1,16,1791301900.2623158,1392522,worker_0,W001,ConvertObjectsToImage,pattern_group,running,100.0,1,1
cp_tutorial_3d_monolayer,1,16,1791301900.2624667,1392522,worker_0,W001,ConvertObjectsToImage,step_completed,success,32.25806451612903,10,31
cp_tutorial_3d_monolayer,1,16,1791301900.2624896,1392522,worker_0,W001,Threshold,step_started,started,32.25806451612903,10,31
cp_tutorial_3d_monolayer,1,16,1791301900.4530783,1392522,worker_0,W001,Threshold,pattern_group,running,100.0,1,1
cp_tutorial_3d_monolayer,1,16,1791301900.4533346,1392522,worker_0,W001,Threshold,step_completed,success,35.483870967741936,11,31
cp_tutorial_3d_monolayer,1,16,1791301900.4533572,1392522,worker_0,W001,ImageMath,step_started,started,35.483870967741936,11,31
cp_tutorial_3d_monolayer,1,16,1791301900.4847777,1392522,worker_0,W001,ImageMath,pattern_group,running,100.0,1,1
cp_tutorial_3d_monolayer,1,16,1791301900.4849257,1392522,worker_0,W001,ImageMath,step_completed,success,38.70967741935484,12,31
cp_tutorial_3d_monolayer,1,16,1791301900.4849465,1392522,worker_0,W001,RemoveHoles,step_started,started,38.70967741935484,12,31
cp_tutorial_3d_monolayer,1,16,1791301900.5307236,1392522,worker_0,W001,RemoveHoles,pattern_group,running,100.0,1,1
cp_tutorial_3d_monolayer,1,16,1791301900.5308828,1392522,worker_0,W001,RemoveHoles,step_completed,success,41.935483870967744,13,31
cp_tutorial_3d_monolayer,1,16,1791301900.5309067,1392522,worker_0,W001,ImageMath,step_started,started,41.935483870967744,13,31
cp_tutorial_3d_monolayer,1,16,1791301900.8068552,1392522,worker_0,W001,ImageMath,pattern_group,running,100.0,1,1
cp_tutorial_3d_monolayer,1,16,1791301900.807003,1392522,worker_0,W001,ImageMath,step_completed,success,45.16129032258064,14,31
cp_tutorial_3d_monolayer,1,16,1791301900.8070242,1392522,worker_0,W001,Resize,step_started,started,45.16129032258064,14,31
cp_tutorial_3d_monolayer,1,16,1791301900.8684232,1392522,worker_0,W001,Resize,pattern_group,running,100.0,1,1
cp_tutorial_3d_monolayer,1,16,1791301900.8685608,1392522,worker_0,W001,Resize,step_completed,success,48.38709677419355,15,31
cp_tutorial_3d_monolayer,1,16,1791301900.868581,1392522,worker_0,W001,Closing,step_started,started,48.38709677419355,15,31
cp_tutorial_3d_monolayer,1,16,1791301900.9474068,1392522,worker_0,W001,Closing,pattern_group,running,100.0,1,1
cp_tutorial_3d_monolayer,1,16,1791301900.9475474,1392522,worker_0,W001,Closing,step_completed,success,51.61290322580645,16,31
cp_tutorial_3d_monolayer,1,16,1791301900.947568,1392522,worker_0,W001,Resize,step_started,started,51.61290322580645,16,31
cp_tutorial_3d_monolayer,1,16,1791301901.042674,1392522,worker_0,W001,Resize,pattern_group,running,100.0,1,1
cp_tutorial_3d_monolayer,1,16,1791301901.042811,1392522,worker_0,W001,Resize,step_completed,success,54.83870967741935,17,31
cp_tutorial_3d_monolayer,1,16,1791301901.042832,1392522,worker_0,W001,Threshold,step_started,started,54.83870967741935,17,31
cp_tutorial_3d_monolayer,1,16,1791301901.2050517,1392522,worker_0,W001,Threshold,pattern_group,running,100.0,1,1
cp_tutorial_3d_monolayer,1,16,1791301901.2053006,1392522,worker_0,W001,Threshold,step_completed,success,58.06451612903226,18,31
cp_tutorial_3d_monolayer,1,16,1791301901.205321,1392522,worker_0,W001,MaskImage,step_started,started,58.06451612903226,18,31
cp_tutorial_3d_monolayer,1,16,1791301901.2506766,1392522,worker_0,W001,MaskImage,pattern_group,running,100.0,1,1
cp_tutorial_3d_monolayer,1,16,1791301901.2508245,1392522,worker_0,W001,MaskImage,step_completed,success,61.29032258064516,19,31
cp_tutorial_3d_monolayer,1,16,1791301901.2508457,1392522,worker_0,W001,ErodeImage,step_started,started,61.29032258064516,19,31
cp_tutorial_3d_monolayer,1,16,1791301901.2820683,1392522,worker_0,W001,ErodeImage,pattern_group,running,100.0,1,1
cp_tutorial_3d_monolayer,1,16,1791301901.2822084,1392522,worker_0,W001,ErodeImage,step_completed,success,64.51612903225806,20,31
cp_tutorial_3d_monolayer,1,16,1791301901.2822287,1392522,worker_0,W001,Watershed,step_started,started,64.51612903225806,20,31
cp_tutorial_3d_monolayer,1,16,1791301901.3666325,1392522,worker_0,W001,Watershed,pattern_group,running,100.0,1,1
cp_tutorial_3d_monolayer,1,16,1791301901.3670223,1392522,worker_0,W001,Watershed,step_completed,success,67.74193548387096,21,31
cp_tutorial_3d_monolayer,1,16,1791301901.3670444,1392522,worker_0,W001,MeasureObjectIntensity,step_started,started,67.74193548387096,21,31
cp_tutorial_3d_monolayer,1,16,1791301901.6093962,1392522,worker_0,W001,MeasureObjectIntensity,pattern_group,running,50.0,1,2
cp_tutorial_3d_monolayer,1,16,1791301901.8864625,1392522,worker_0,W001,MeasureObjectIntensity,pattern_group,running,100.0,2,2
cp_tutorial_3d_monolayer,1,16,1791301901.8886955,1392522,worker_0,W001,MeasureObjectIntensity,step_completed,success,70.96774193548387,22,31
cp_tutorial_3d_monolayer,1,16,1791301901.8887196,1392522,worker_0,W001,MeasureObjectSizeShape,step_started,started,70.96774193548387,22,31
cp_tutorial_3d_monolayer,1,16,1791301901.9874928,1392522,worker_0,W001,MeasureObjectSizeShape,pattern_group,running,50.0,1,2
cp_tutorial_3d_monolayer,1,16,1791301902.0901732,1392522,worker_0,W001,MeasureObjectSizeShape,pattern_group,running,100.0,2,2
cp_tutorial_3d_monolayer,1,16,1791301902.0907671,1392522,worker_0,W001,MeasureObjectSizeShape,step_completed,success,74.19354838709677,23,31
cp_tutorial_3d_monolayer,1,16,1791301902.0907896,1392522,worker_0,W001,OverlayObjects,step_started,started,74.19354838709677,23,31
cp_tutorial_3d_monolayer,1,16,1791301902.127365,1392522,worker_0,W001,OverlayObjects,pattern_group,running,100.0,1,1
cp_tutorial_3d_monolayer,1,16,1791301902.1274967,1392522,worker_0,W001,OverlayObjects,step_completed,success,77.41935483870968,24,31
cp_tutorial_3d_monolayer,1,16,1791301902.1275253,1392522,worker_0,W001,RescaleIntensity,step_started,started,77.41935483870968,24,31
cp_tutorial_3d_monolayer,1,16,1791301902.2355716,1392522,worker_0,W001,RescaleIntensity,pattern_group,running,100.0,1,1
cp_tutorial_3d_monolayer,1,16,1791301902.2357168,1392522,worker_0,W001,RescaleIntensity,step_completed,success,80.64516129032258,25,31
cp_tutorial_3d_monolayer,1,16,1791301902.2357385,1392522,worker_0,W001,OverlayObjects,step_started,started,80.64516129032258,25,31
cp_tutorial_3d_monolayer,1,16,1791301902.2703803,1392522,worker_0,W001,OverlayObjects,pattern_group,running,100.0,1,1
cp_tutorial_3d_monolayer,1,16,1791301902.2704825,1392522,worker_0,W001,OverlayObjects,step_completed,success,83.87096774193549,26,31
cp_tutorial_3d_monolayer,1,16,1791301902.2705042,1392522,worker_0,W001,ConvertObjectsToImage,step_started,started,83.87096774193549,26,31
cp_tutorial_3d_monolayer,1,16,1791301902.3028123,1392522,worker_0,W001,ConvertObjectsToImage,pattern_group,running,100.0,1,1
cp_tutorial_3d_monolayer,1,16,1791301902.3029525,1392522,worker_0,W001,ConvertObjectsToImage,step_completed,success,87.09677419354838,27,31
cp_tutorial_3d_monolayer,1,16,1791301902.302974,1392522,worker_0,W001,SaveImages,step_started,started,87.09677419354838,27,31
cp_tutorial_3d_monolayer,1,16,1791301902.3522942,1392522,worker_0,W001,SaveImages,pattern_group,running,100.0,1,1
cp_tutorial_3d_monolayer,1,16,1791301902.3589733,1392522,worker_0,W001,SaveImages,step_completed,success,90.32258064516128,28,31
cp_tutorial_3d_monolayer,1,16,1791301902.359013,1392522,worker_0,W001,ConvertObjectsToImage,step_started,started,90.32258064516128,28,31
cp_tutorial_3d_monolayer,1,16,1791301902.392423,1392522,worker_0,W001,ConvertObjectsToImage,pattern_group,running,100.0,1,1
cp_tutorial_3d_monolayer,1,16,1791301902.3926003,1392522,worker_0,W001,ConvertObjectsToImage,step_completed,success,93.54838709677419,29,31
cp_tutorial_3d_monolayer,1,16,1791301902.392622,1392522,worker_0,W001,SaveImages,step_started,started,93.54838709677419,29,31
cp_tutorial_3d_monolayer,1,16,1791301902.4424832,1392522,worker_0,W001,SaveImages,pattern_group,running,100.0,1,1
cp_tutorial_3d_monolayer,1,16,1791301902.448964,1392522,worker_0,W001,SaveImages,step_completed,success,96.7741935483871,30,31
cp_tutorial_3d_monolayer,1,16,1791301902.4521682,1392522,worker_0,W001,pipeline,axis_completed,success,96.7741935483871,30,31
cp_tutorial_3d_monolayer,1,16,1791301902.4522467,1392522,worker_0,W002,pipeline,axis_started,started,0.0,0,31
cp_tutorial_3d_monolayer,1,16,1791301902.452286,1392522,worker_0,W002,RescaleIntensity,step_started,started,0.0,0,31
cp_tutorial_3d_monolayer,1,16,1791301902.8188019,1392522,worker_0,W002,RescaleIntensity,pattern_group,running,100.0,1,1
cp_tutorial_3d_monolayer,1,16,1791301902.818944,1392522,worker_0,W002,RescaleIntensity,step_completed,success,3.225806451612903,1,31
cp_tutorial_3d_monolayer,1,16,1791301902.8189647,1392522,worker_0,W002,Resize,step_started,started,3.225806451612903,1,31
cp_tutorial_3d_monolayer,1,16,1791301902.874347,1392522,worker_0,W002,Resize,pattern_group,running,100.0,1,1
cp_tutorial_3d_monolayer,1,16,1791301902.87448,1392522,worker_0,W002,Resize,step_completed,success,6.451612903225806,2,31
cp_tutorial_3d_monolayer,1,16,1791301902.8745003,1392522,worker_0,W002,MedianFilter,step_started,started,6.451612903225806,2,31
cp_tutorial_3d_monolayer,1,16,1791301903.0406933,1392522,worker_0,W002,MedianFilter,pattern_group,running,100.0,1,1
cp_tutorial_3d_monolayer,1,16,1791301903.0408285,1392522,worker_0,W002,MedianFilter,step_completed,success,9.67741935483871,3,31
cp_tutorial_3d_monolayer,1,16,1791301903.0408475,1392522,worker_0,W002,Threshold,step_started,started,9.67741935483871,3,31
cp_tutorial_3d_monolayer,1,16,1791301903.0782669,1392522,worker_0,W002,Threshold,pattern_group,running,100.0,1,1
cp_tutorial_3d_monolayer,1,16,1791301903.078517,1392522,worker_0,W002,Threshold,step_completed,success,12.903225806451612,4,31
cp_tutorial_3d_monolayer,1,16,1791301903.0785382,1392522,worker_0,W002,RemoveHoles,step_started,started,12.903225806451612,4,31
cp_tutorial_3d_monolayer,1,16,1791301903.0950093,1392522,worker_0,W002,RemoveHoles,pattern_group,running,100.0,1,1
cp_tutorial_3d_monolayer,1,16,1791301903.095151,1392522,worker_0,W002,RemoveHoles,step_completed,success,16.129032258064516,5,31
cp_tutorial_3d_monolayer,1,16,1791301903.095171,1392522,worker_0,W002,Watershed,step_started,started,16.129032258064516,5,31
cp_tutorial_3d_monolayer,1,16,1791301903.188113,1392522,worker_0,W002,Watershed,pattern_group,running,100.0,1,1
cp_tutorial_3d_monolayer,1,16,1791301903.188497,1392522,worker_0,W002,Watershed,step_completed,success,19.35483870967742,6,31
cp_tutorial_3d_monolayer,1,16,1791301903.1885183,1392522,worker_0,W002,ResizeObjects,step_started,started,19.35483870967742,6,31
cp_tutorial_3d_monolayer,1,16,1791301903.2155123,1392522,worker_0,W002,ResizeObjects,pattern_group,running,100.0,1,1
cp_tutorial_3d_monolayer,1,16,1791301903.2159815,1392522,worker_0,W002,ResizeObjects,step_completed,success,22.58064516129032,7,31
cp_tutorial_3d_monolayer,1,16,1791301903.2160046,1392522,worker_0,W002,ErodeObjects,step_started,started,22.58064516129032,7,31
cp_tutorial_3d_monolayer,1,16,1791301903.2730017,1392522,worker_0,W002,ErodeObjects,pattern_group,running,100.0,1,1
cp_tutorial_3d_monolayer,1,16,1791301903.2734752,1392522,worker_0,W002,ErodeObjects,step_completed,success,25.806451612903224,8,31
cp_tutorial_3d_monolayer,1,16,1791301903.2734985,1392522,worker_0,W002,ResizeObjects,step_started,started,25.806451612903224,8,31
cp_tutorial_3d_monolayer,1,16,1791301903.297049,1392522,worker_0,W002,ResizeObjects,pattern_group,running,100.0,1,1
cp_tutorial_3d_monolayer,1,16,1791301903.2975342,1392522,worker_0,W002,ResizeObjects,step_completed,success,29.03225806451613,9,31
cp_tutorial_3d_monolayer,1,16,1791301903.297559,1392522,worker_0,W002,ConvertObjectsToImage,step_started,started,29.03225806451613,9,31
cp_tutorial_3d_monolayer,1,16,1791301903.3167508,1392522,worker_0,W002,ConvertObjectsToImage,pattern_group,running,100.0,1,1
cp_tutorial_3d_monolayer,1,16,1791301903.3168979,1392522,worker_0,W002,ConvertObjectsToImage,step_completed,success,32.25806451612903,10,31
cp_tutorial_3d_monolayer,1,16,1791301903.3169196,1392522,worker_0,W002,Threshold,step_started,started,32.25806451612903,10,31
cp_tutorial_3d_monolayer,1,16,1791301903.5078743,1392522,worker_0,W002,Threshold,pattern_group,running,100.0,1,1
cp_tutorial_3d_monolayer,1,16,1791301903.508119,1392522,worker_0,W002,Threshold,step_completed,success,35.483870967741936,11,31
cp_tutorial_3d_monolayer,1,16,1791301903.508142,1392522,worker_0,W002,ImageMath,step_started,started,35.483870967741936,11,31
cp_tutorial_3d_monolayer,1,16,1791301903.540389,1392522,worker_0,W002,ImageMath,pattern_group,running,100.0,1,1
cp_tutorial_3d_monolayer,1,16,1791301903.54054,1392522,worker_0,W002,ImageMath,step_completed,success,38.70967741935484,12,31
cp_tutorial_3d_monolayer,1,16,1791301903.5405607,1392522,worker_0,W002,RemoveHoles,step_started,started,38.70967741935484,12,31
cp_tutorial_3d_monolayer,1,16,1791301903.5862799,1392522,worker_0,W002,RemoveHoles,pattern_group,running,100.0,1,1
cp_tutorial_3d_monolayer,1,16,1791301903.5864244,1392522,worker_0,W002,RemoveHoles,step_completed,success,41.935483870967744,13,31
cp_tutorial_3d_monolayer,1,16,1791301903.5864482,1392522,worker_0,W002,ImageMath,step_started,started,41.935483870967744,13,31
cp_tutorial_3d_monolayer,1,16,1791301903.8641293,1392522,worker_0,W002,ImageMath,pattern_group,running,100.0,1,1
cp_tutorial_3d_monolayer,1,16,1791301903.864283,1392522,worker_0,W002,ImageMath,step_completed,success,45.16129032258064,14,31
cp_tutorial_3d_monolayer,1,16,1791301903.8643043,1392522,worker_0,W002,Resize,step_started,started,45.16129032258064,14,31
cp_tutorial_3d_monolayer,1,16,1791301903.9236586,1392522,worker_0,W002,Resize,pattern_group,running,100.0,1,1
cp_tutorial_3d_monolayer,1,16,1791301903.9237962,1392522,worker_0,W002,Resize,step_completed,success,48.38709677419355,15,31
cp_tutorial_3d_monolayer,1,16,1791301903.9238167,1392522,worker_0,W002,Closing,step_started,started,48.38709677419355,15,31
cp_tutorial_3d_monolayer,1,16,1791301904.0026863,1392522,worker_0,W002,Closing,pattern_group,running,100.0,1,1
cp_tutorial_3d_monolayer,1,16,1791301904.0028214,1392522,worker_0,W002,Closing,step_completed,success,51.61290322580645,16,31
cp_tutorial_3d_monolayer,1,16,1791301904.0028408,1392522,worker_0,W002,Resize,step_started,started,51.61290322580645,16,31
cp_tutorial_3d_monolayer,1,16,1791301904.0522273,1392522,worker_0,W002,Resize,pattern_group,running,100.0,1,1
cp_tutorial_3d_monolayer,1,16,1791301904.0523698,1392522,worker_0,W002,Resize,step_completed,success,54.83870967741935,17,31
cp_tutorial_3d_monolayer,1,16,1791301904.0523899,1392522,worker_0,W002,Threshold,step_started,started,54.83870967741935,17,31
cp_tutorial_3d_monolayer,1,16,1791301904.214993,1392522,worker_0,W002,Threshold,pattern_group,running,100.0,1,1
cp_tutorial_3d_monolayer,1,16,1791301904.2152362,1392522,worker_0,W002,Threshold,step_completed,success,58.06451612903226,18,31
cp_tutorial_3d_monolayer,1,16,1791301904.2152574,1392522,worker_0,W002,MaskImage,step_started,started,58.06451612903226,18,31
cp_tutorial_3d_monolayer,1,16,1791301904.2611232,1392522,worker_0,W002,MaskImage,pattern_group,running,100.0,1,1
cp_tutorial_3d_monolayer,1,16,1791301904.261278,1392522,worker_0,W002,MaskImage,step_completed,success,61.29032258064516,19,31
cp_tutorial_3d_monolayer,1,16,1791301904.2612996,1392522,worker_0,W002,ErodeImage,step_started,started,61.29032258064516,19,31
cp_tutorial_3d_monolayer,1,16,1791301904.2929199,1392522,worker_0,W002,ErodeImage,pattern_group,running,100.0,1,1
cp_tutorial_3d_monolayer,1,16,1791301904.2930603,1392522,worker_0,W002,ErodeImage,step_completed,success,64.51612903225806,20,31
cp_tutorial_3d_monolayer,1,16,1791301904.2930813,1392522,worker_0,W002,Watershed,step_started,started,64.51612903225806,20,31
cp_tutorial_3d_monolayer,1,16,1791301904.378722,1392522,worker_0,W002,Watershed,pattern_group,running,100.0,1,1
cp_tutorial_3d_monolayer,1,16,1791301904.3791122,1392522,worker_0,W002,Watershed,step_completed,success,67.74193548387096,21,31
cp_tutorial_3d_monolayer,1,16,1791301904.3791342,1392522,worker_0,W002,MeasureObjectIntensity,step_started,started,67.74193548387096,21,31
cp_tutorial_3d_monolayer,1,16,1791301904.6239247,1392522,worker_0,W002,MeasureObjectIntensity,pattern_group,running,50.0,1,2
cp_tutorial_3d_monolayer,1,16,1791301904.901959,1392522,worker_0,W002,MeasureObjectIntensity,pattern_group,running,100.0,2,2
cp_tutorial_3d_monolayer,1,16,1791301904.904178,1392522,worker_0,W002,MeasureObjectIntensity,step_completed,success,70.96774193548387,22,31
cp_tutorial_3d_monolayer,1,16,1791301904.904202,1392522,worker_0,W002,MeasureObjectSizeShape,step_started,started,70.96774193548387,22,31
cp_tutorial_3d_monolayer,1,16,1791301905.0014613,1392522,worker_0,W002,MeasureObjectSizeShape,pattern_group,running,50.0,1,2
cp_tutorial_3d_monolayer,1,16,1791301905.0963206,1392522,worker_0,W002,MeasureObjectSizeShape,pattern_group,running,100.0,2,2
cp_tutorial_3d_monolayer,1,16,1791301905.0968904,1392522,worker_0,W002,MeasureObjectSizeShape,step_completed,success,74.19354838709677,23,31
cp_tutorial_3d_monolayer,1,16,1791301905.0969121,1392522,worker_0,W002,OverlayObjects,step_started,started,74.19354838709677,23,31
cp_tutorial_3d_monolayer,1,16,1791301905.1347392,1392522,worker_0,W002,OverlayObjects,pattern_group,running,100.0,1,1
cp_tutorial_3d_monolayer,1,16,1791301905.134852,1392522,worker_0,W002,OverlayObjects,step_completed,success,77.41935483870968,24,31
cp_tutorial_3d_monolayer,1,16,1791301905.1348732,1392522,worker_0,W002,RescaleIntensity,step_started,started,77.41935483870968,24,31
cp_tutorial_3d_monolayer,1,16,1791301905.240539,1392522,worker_0,W002,RescaleIntensity,pattern_group,running,100.0,1,1
cp_tutorial_3d_monolayer,1,16,1791301905.2406807,1392522,worker_0,W002,RescaleIntensity,step_completed,success,80.64516129032258,25,31
cp_tutorial_3d_monolayer,1,16,1791301905.2407017,1392522,worker_0,W002,OverlayObjects,step_started,started,80.64516129032258,25,31
cp_tutorial_3d_monolayer,1,16,1791301905.2770057,1392522,worker_0,W002,OverlayObjects,pattern_group,running,100.0,1,1
cp_tutorial_3d_monolayer,1,16,1791301905.2771072,1392522,worker_0,W002,OverlayObjects,step_completed,success,83.87096774193549,26,31
cp_tutorial_3d_monolayer,1,16,1791301905.2771287,1392522,worker_0,W002,ConvertObjectsToImage,step_started,started,83.87096774193549,26,31
cp_tutorial_3d_monolayer,1,16,1791301905.3097486,1392522,worker_0,W002,ConvertObjectsToImage,pattern_group,running,100.0,1,1
cp_tutorial_3d_monolayer,1,16,1791301905.309893,1392522,worker_0,W002,ConvertObjectsToImage,step_completed,success,87.09677419354838,27,31
cp_tutorial_3d_monolayer,1,16,1791301905.3099146,1392522,worker_0,W002,SaveImages,step_started,started,87.09677419354838,27,31
cp_tutorial_3d_monolayer,1,16,1791301905.3594332,1392522,worker_0,W002,SaveImages,pattern_group,running,100.0,1,1
cp_tutorial_3d_monolayer,1,16,1791301905.366012,1392522,worker_0,W002,SaveImages,step_completed,success,90.32258064516128,28,31
cp_tutorial_3d_monolayer,1,16,1791301905.3660538,1392522,worker_0,W002,ConvertObjectsToImage,step_started,started,90.32258064516128,28,31
cp_tutorial_3d_monolayer,1,16,1791301905.3988936,1392522,worker_0,W002,ConvertObjectsToImage,pattern_group,running,100.0,1,1
cp_tutorial_3d_monolayer,1,16,1791301905.399068,1392522,worker_0,W002,ConvertObjectsToImage,step_completed,success,93.54838709677419,29,31
cp_tutorial_3d_monolayer,1,16,1791301905.399091,1392522,worker_0,W002,SaveImages,step_started,started,93.54838709677419,29,31
cp_tutorial_3d_monolayer,1,16,1791301905.4478192,1392522,worker_0,W002,SaveImages,pattern_group,running,100.0,1,1
cp_tutorial_3d_monolayer,1,16,1791301905.4542608,1392522,worker_0,W002,SaveImages,step_completed,success,96.7741935483871,30,31
cp_tutorial_3d_monolayer,1,16,1791301905.4576557,1392522,worker_0,W002,pipeline,axis_completed,success,96.7741935483871,30,31
cp_tutorial_3d_monolayer,1,16,1791301905.4577372,1392522,worker_0,W003,pipeline,axis_started,started,0.0,0,31
cp_tutorial_3d_monolayer,1,16,1791301905.457771,1392522,worker_0,W003,RescaleIntensity,step_started,started,0.0,0,31
cp_tutorial_3d_monolayer,1,16,1791301905.8335724,1392522,worker_0,W003,RescaleIntensity,pattern_group,running,100.0,1,1
cp_tutorial_3d_monolayer,1,16,1791301905.8337154,1392522,worker_0,W003,RescaleIntensity,step_completed,success,3.225806451612903,1,31
cp_tutorial_3d_monolayer,1,16,1791301905.8337362,1392522,worker_0,W003,Resize,step_started,started,3.225806451612903,1,31
cp_tutorial_3d_monolayer,1,16,1791301905.8889923,1392522,worker_0,W003,Resize,pattern_group,running,100.0,1,1
cp_tutorial_3d_monolayer,1,16,1791301905.8891318,1392522,worker_0,W003,Resize,step_completed,success,6.451612903225806,2,31
cp_tutorial_3d_monolayer,1,16,1791301905.8891525,1392522,worker_0,W003,MedianFilter,step_started,started,6.451612903225806,2,31
cp_tutorial_3d_monolayer,1,16,1791301906.0564551,1392522,worker_0,W003,MedianFilter,pattern_group,running,100.0,1,1
cp_tutorial_3d_monolayer,1,16,1791301906.0565915,1392522,worker_0,W003,MedianFilter,step_completed,success,9.67741935483871,3,31
cp_tutorial_3d_monolayer,1,16,1791301906.0566118,1392522,worker_0,W003,Threshold,step_started,started,9.67741935483871,3,31
cp_tutorial_3d_monolayer,1,16,1791301906.0946724,1392522,worker_0,W003,Threshold,pattern_group,running,100.0,1,1
cp_tutorial_3d_monolayer,1,16,1791301906.094915,1392522,worker_0,W003,Threshold,step_completed,success,12.903225806451612,4,31
cp_tutorial_3d_monolayer,1,16,1791301906.094936,1392522,worker_0,W003,RemoveHoles,step_started,started,12.903225806451612,4,31
cp_tutorial_3d_monolayer,1,16,1791301906.1115966,1392522,worker_0,W003,RemoveHoles,pattern_group,running,100.0,1,1
cp_tutorial_3d_monolayer,1,16,1791301906.1117349,1392522,worker_0,W003,RemoveHoles,step_completed,success,16.129032258064516,5,31
cp_tutorial_3d_monolayer,1,16,1791301906.1117556,1392522,worker_0,W003,Watershed,step_started,started,16.129032258064516,5,31
cp_tutorial_3d_monolayer,1,16,1791301906.204627,1392522,worker_0,W003,Watershed,pattern_group,running,100.0,1,1
cp_tutorial_3d_monolayer,1,16,1791301906.2050061,1392522,worker_0,W003,Watershed,step_completed,success,19.35483870967742,6,31
cp_tutorial_3d_monolayer,1,16,1791301906.2050273,1392522,worker_0,W003,ResizeObjects,step_started,started,19.35483870967742,6,31
cp_tutorial_3d_monolayer,1,16,1791301906.2314107,1392522,worker_0,W003,ResizeObjects,pattern_group,running,100.0,1,1
cp_tutorial_3d_monolayer,1,16,1791301906.2318878,1392522,worker_0,W003,ResizeObjects,step_completed,success,22.58064516129032,7,31
cp_tutorial_3d_monolayer,1,16,1791301906.23191,1392522,worker_0,W003,ErodeObjects,step_started,started,22.58064516129032,7,31
cp_tutorial_3d_monolayer,1,16,1791301906.2889593,1392522,worker_0,W003,ErodeObjects,pattern_group,running,100.0,1,1
cp_tutorial_3d_monolayer,1,16,1791301906.2894332,1392522,worker_0,W003,ErodeObjects,step_completed,success,25.806451612903224,8,31
cp_tutorial_3d_monolayer,1,16,1791301906.2894576,1392522,worker_0,W003,ResizeObjects,step_started,started,25.806451612903224,8,31
cp_tutorial_3d_monolayer,1,16,1791301906.3137562,1392522,worker_0,W003,ResizeObjects,pattern_group,running,100.0,1,1
cp_tutorial_3d_monolayer,1,16,1791301906.3142192,1392522,worker_0,W003,ResizeObjects,step_completed,success,29.03225806451613,9,31
cp_tutorial_3d_monolayer,1,16,1791301906.314244,1392522,worker_0,W003,ConvertObjectsToImage,step_started,started,29.03225806451613,9,31
cp_tutorial_3d_monolayer,1,16,1791301906.3328712,1392522,worker_0,W003,ConvertObjectsToImage,pattern_group,running,100.0,1,1
cp_tutorial_3d_monolayer,1,16,1791301906.333021,1392522,worker_0,W003,ConvertObjectsToImage,step_completed,success,32.25806451612903,10,31
cp_tutorial_3d_monolayer,1,16,1791301906.3330433,1392522,worker_0,W003,Threshold,step_started,started,32.25806451612903,10,31
cp_tutorial_3d_monolayer,1,16,1791301906.5252047,1392522,worker_0,W003,Threshold,pattern_group,running,100.0,1,1
cp_tutorial_3d_monolayer,1,16,1791301906.5254593,1392522,worker_0,W003,Threshold,step_completed,success,35.483870967741936,11,31
cp_tutorial_3d_monolayer,1,16,1791301906.5254834,1392522,worker_0,W003,ImageMath,step_started,started,35.483870967741936,11,31
cp_tutorial_3d_monolayer,1,16,1791301906.5575593,1392522,worker_0,W003,ImageMath,pattern_group,running,100.0,1,1
cp_tutorial_3d_monolayer,1,16,1791301906.55771,1392522,worker_0,W003,ImageMath,step_completed,success,38.70967741935484,12,31
cp_tutorial_3d_monolayer,1,16,1791301906.5577312,1392522,worker_0,W003,RemoveHoles,step_started,started,38.70967741935484,12,31
cp_tutorial_3d_monolayer,1,16,1791301906.6036873,1392522,worker_0,W003,RemoveHoles,pattern_group,running,100.0,1,1
cp_tutorial_3d_monolayer,1,16,1791301906.6038263,1392522,worker_0,W003,RemoveHoles,step_completed,success,41.935483870967744,13,31
cp_tutorial_3d_monolayer,1,16,1791301906.6038473,1392522,worker_0,W003,ImageMath,step_started,started,41.935483870967744,13,31
cp_tutorial_3d_monolayer,1,16,1791301906.8822784,1392522,worker_0,W003,ImageMath,pattern_group,running,100.0,1,1
cp_tutorial_3d_monolayer,1,16,1791301906.882427,1392522,worker_0,W003,ImageMath,step_completed,success,45.16129032258064,14,31
cp_tutorial_3d_monolayer,1,16,1791301906.8824482,1392522,worker_0,W003,Resize,step_started,started,45.16129032258064,14,31
cp_tutorial_3d_monolayer,1,16,1791301906.9426522,1392522,worker_0,W003,Resize,pattern_group,running,100.0,1,1
cp_tutorial_3d_monolayer,1,16,1791301906.9428318,1392522,worker_0,W003,Resize,step_completed,success,48.38709677419355,15,31
cp_tutorial_3d_monolayer,1,16,1791301906.9428544,1392522,worker_0,W003,Closing,step_started,started,48.38709677419355,15,31
cp_tutorial_3d_monolayer,1,16,1791301907.02103,1392522,worker_0,W003,Closing,pattern_group,running,100.0,1,1
cp_tutorial_3d_monolayer,1,16,1791301907.021169,1392522,worker_0,W003,Closing,step_completed,success,51.61290322580645,16,31
cp_tutorial_3d_monolayer,1,16,1791301907.0211906,1392522,worker_0,W003,Resize,step_started,started,51.61290322580645,16,31
cp_tutorial_3d_monolayer,1,16,1791301907.0706,1392522,worker_0,W003,Resize,pattern_group,running,100.0,1,1
cp_tutorial_3d_monolayer,1,16,1791301907.070739,1392522,worker_0,W003,Resize,step_completed,success,54.83870967741935,17,31
cp_tutorial_3d_monolayer,1,16,1791301907.07076,1392522,worker_0,W003,Threshold,step_started,started,54.83870967741935,17,31
cp_tutorial_3d_monolayer,1,16,1791301907.2336476,1392522,worker_0,W003,Threshold,pattern_group,running,100.0,1,1
cp_tutorial_3d_monolayer,1,16,1791301907.2339478,1392522,worker_0,W003,Threshold,step_completed,success,58.06451612903226,18,31
cp_tutorial_3d_monolayer,1,16,1791301907.2339694,1392522,worker_0,W003,MaskImage,step_started,started,58.06451612903226,18,31
cp_tutorial_3d_monolayer,1,16,1791301907.2791872,1392522,worker_0,W003,MaskImage,pattern_group,running,100.0,1,1
cp_tutorial_3d_monolayer,1,16,1791301907.2793422,1392522,worker_0,W003,MaskImage,step_completed,success,61.29032258064516,19,31
cp_tutorial_3d_monolayer,1,16,1791301907.2793634,1392522,worker_0,W003,ErodeImage,step_started,started,61.29032258064516,19,31
cp_tutorial_3d_monolayer,1,16,1791301907.3108764,1392522,worker_0,W003,ErodeImage,pattern_group,running,100.0,1,1
cp_tutorial_3d_monolayer,1,16,1791301907.3110185,1392522,worker_0,W003,ErodeImage,step_completed,success,64.51612903225806,20,31
cp_tutorial_3d_monolayer,1,16,1791301907.3110385,1392522,worker_0,W003,Watershed,step_started,started,64.51612903225806,20,31
cp_tutorial_3d_monolayer,1,16,1791301907.3959262,1392522,worker_0,W003,Watershed,pattern_group,running,100.0,1,1
cp_tutorial_3d_monolayer,1,16,1791301907.3963246,1392522,worker_0,W003,Watershed,step_completed,success,67.74193548387096,21,31
cp_tutorial_3d_monolayer,1,16,1791301907.3963459,1392522,worker_0,W003,MeasureObjectIntensity,step_started,started,67.74193548387096,21,31
cp_tutorial_3d_monolayer,1,16,1791301907.6405492,1392522,worker_0,W003,MeasureObjectIntensity,pattern_group,running,50.0,1,2
cp_tutorial_3d_monolayer,1,16,1791301907.9170153,1392522,worker_0,W003,MeasureObjectIntensity,pattern_group,running,100.0,2,2
cp_tutorial_3d_monolayer,1,16,1791301907.91922,1392522,worker_0,W003,MeasureObjectIntensity,step_completed,success,70.96774193548387,22,31
cp_tutorial_3d_monolayer,1,16,1791301907.9192438,1392522,worker_0,W003,MeasureObjectSizeShape,step_started,started,70.96774193548387,22,31
cp_tutorial_3d_monolayer,1,16,1791301908.0174356,1392522,worker_0,W003,MeasureObjectSizeShape,pattern_group,running,50.0,1,2
cp_tutorial_3d_monolayer,1,16,1791301908.1123629,1392522,worker_0,W003,MeasureObjectSizeShape,pattern_group,running,100.0,2,2
cp_tutorial_3d_monolayer,1,16,1791301908.1129348,1392522,worker_0,W003,MeasureObjectSizeShape,step_completed,success,74.19354838709677,23,31
cp_tutorial_3d_monolayer,1,16,1791301908.1129582,1392522,worker_0,W003,OverlayObjects,step_started,started,74.19354838709677,23,31
cp_tutorial_3d_monolayer,1,16,1791301908.1551921,1392522,worker_0,W003,OverlayObjects,pattern_group,running,100.0,1,1
cp_tutorial_3d_monolayer,1,16,1791301908.1553125,1392522,worker_0,W003,OverlayObjects,step_completed,success,77.41935483870968,24,31
cp_tutorial_3d_monolayer,1,16,1791301908.1553342,1392522,worker_0,W003,RescaleIntensity,step_started,started,77.41935483870968,24,31
cp_tutorial_3d_monolayer,1,16,1791301908.2604892,1392522,worker_0,W003,RescaleIntensity,pattern_group,running,100.0,1,1
cp_tutorial_3d_monolayer,1,16,1791301908.2606263,1392522,worker_0,W003,RescaleIntensity,step_completed,success,80.64516129032258,25,31
cp_tutorial_3d_monolayer,1,16,1791301908.2606475,1392522,worker_0,W003,OverlayObjects,step_started,started,80.64516129032258,25,31
cp_tutorial_3d_monolayer,1,16,1791301908.300962,1392522,worker_0,W003,OverlayObjects,pattern_group,running,100.0,1,1
cp_tutorial_3d_monolayer,1,16,1791301908.3010645,1392522,worker_0,W003,OverlayObjects,step_completed,success,83.87096774193549,26,31
cp_tutorial_3d_monolayer,1,16,1791301908.3010855,1392522,worker_0,W003,ConvertObjectsToImage,step_started,started,83.87096774193549,26,31
cp_tutorial_3d_monolayer,1,16,1791301908.3334303,1392522,worker_0,W003,ConvertObjectsToImage,pattern_group,running,100.0,1,1
cp_tutorial_3d_monolayer,1,16,1791301908.3335724,1392522,worker_0,W003,ConvertObjectsToImage,step_completed,success,87.09677419354838,27,31
cp_tutorial_3d_monolayer,1,16,1791301908.333594,1392522,worker_0,W003,SaveImages,step_started,started,87.09677419354838,27,31
cp_tutorial_3d_monolayer,1,16,1791301908.3826332,1392522,worker_0,W003,SaveImages,pattern_group,running,100.0,1,1
cp_tutorial_3d_monolayer,1,16,1791301908.3906722,1392522,worker_0,W003,SaveImages,step_completed,success,90.32258064516128,28,31
cp_tutorial_3d_monolayer,1,16,1791301908.390718,1392522,worker_0,W003,ConvertObjectsToImage,step_started,started,90.32258064516128,28,31
cp_tutorial_3d_monolayer,1,16,1791301908.4244242,1392522,worker_0,W003,ConvertObjectsToImage,pattern_group,running,100.0,1,1
cp_tutorial_3d_monolayer,1,16,1791301908.4251044,1392522,worker_0,W003,ConvertObjectsToImage,step_completed,success,93.54838709677419,29,31
cp_tutorial_3d_monolayer,1,16,1791301908.425132,1392522,worker_0,W003,SaveImages,step_started,started,93.54838709677419,29,31
cp_tutorial_3d_monolayer,1,16,1791301908.4736297,1392522,worker_0,W003,SaveImages,pattern_group,running,100.0,1,1
cp_tutorial_3d_monolayer,1,16,1791301908.48102,1392522,worker_0,W003,SaveImages,step_completed,success,96.7741935483871,30,31
cp_tutorial_3d_monolayer,1,16,1791301908.4841044,1392522,worker_0,W003,pipeline,axis_completed,success,96.7741935483871,30,31
cp_tutorial_3d_monolayer,1,16,1791301908.4841924,1392522,worker_0,W004,pipeline,axis_started,started,0.0,0,31
cp_tutorial_3d_monolayer,1,16,1791301908.4842243,1392522,worker_0,W004,RescaleIntensity,step_started,started,0.0,0,31
cp_tutorial_3d_monolayer,1,16,1791301908.8740425,1392522,worker_0,W004,RescaleIntensity,pattern_group,running,100.0,1,1
cp_tutorial_3d_monolayer,1,16,1791301908.8741877,1392522,worker_0,W004,RescaleIntensity,step_completed,success,3.225806451612903,1,31
cp_tutorial_3d_monolayer,1,16,1791301908.8742106,1392522,worker_0,W004,Resize,step_started,started,3.225806451612903,1,31
cp_tutorial_3d_monolayer,1,16,1791301908.9321148,1392522,worker_0,W004,Resize,pattern_group,running,100.0,1,1
cp_tutorial_3d_monolayer,1,16,1791301908.9325607,1392522,worker_0,W004,Resize,step_completed,success,6.451612903225806,2,31
cp_tutorial_3d_monolayer,1,16,1791301908.9325924,1392522,worker_0,W004,MedianFilter,step_started,started,6.451612903225806,2,31
cp_tutorial_3d_monolayer,1,16,1791301909.1005285,1392522,worker_0,W004,MedianFilter,pattern_group,running,100.0,1,1
cp_tutorial_3d_monolayer,1,16,1791301909.1006637,1392522,worker_0,W004,MedianFilter,step_completed,success,9.67741935483871,3,31
cp_tutorial_3d_monolayer,1,16,1791301909.100684,1392522,worker_0,W004,Threshold,step_started,started,9.67741935483871,3,31
cp_tutorial_3d_monolayer,1,16,1791301909.138357,1392522,worker_0,W004,Threshold,pattern_group,running,100.0,1,1
cp_tutorial_3d_monolayer,1,16,1791301909.1385984,1392522,worker_0,W004,Threshold,step_completed,success,12.903225806451612,4,31
cp_tutorial_3d_monolayer,1,16,1791301909.1386194,1392522,worker_0,W004,RemoveHoles,step_started,started,12.903225806451612,4,31
cp_tutorial_3d_monolayer,1,16,1791301909.1553016,1392522,worker_0,W004,RemoveHoles,pattern_group,running,100.0,1,1
cp_tutorial_3d_monolayer,1,16,1791301909.1554432,1392522,worker_0,W004,RemoveHoles,step_completed,success,16.129032258064516,5,31
cp_tutorial_3d_monolayer,1,16,1791301909.155465,1392522,worker_0,W004,Watershed,step_started,started,16.129032258064516,5,31
cp_tutorial_3d_monolayer,1,16,1791301909.2489798,1392522,worker_0,W004,Watershed,pattern_group,running,100.0,1,1
cp_tutorial_3d_monolayer,1,16,1791301909.2493658,1392522,worker_0,W004,Watershed,step_completed,success,19.35483870967742,6,31
cp_tutorial_3d_monolayer,1,16,1791301909.2493865,1392522,worker_0,W004,ResizeObjects,step_started,started,19.35483870967742,6,31
cp_tutorial_3d_monolayer,1,16,1791301909.2763844,1392522,worker_0,W004,ResizeObjects,pattern_group,running,100.0,1,1
cp_tutorial_3d_monolayer,1,16,1791301909.276855,1392522,worker_0,W004,ResizeObjects,step_completed,success,22.58064516129032,7,31
cp_tutorial_3d_monolayer,1,16,1791301909.2768776,1392522,worker_0,W004,ErodeObjects,step_started,started,22.58064516129032,7,31
cp_tutorial_3d_monolayer,1,16,1791301909.3345942,1392522,worker_0,W004,ErodeObjects,pattern_group,running,100.0,1,1
cp_tutorial_3d_monolayer,1,16,1791301909.335065,1392522,worker_0,W004,ErodeObjects,step_completed,success,25.806451612903224,8,31
cp_tutorial_3d_monolayer,1,16,1791301909.3350897,1392522,worker_0,W004,ResizeObjects,step_started,started,25.806451612903224,8,31
cp_tutorial_3d_monolayer,1,16,1791301909.3596327,1392522,worker_0,W004,ResizeObjects,pattern_group,running,100.0,1,1
cp_tutorial_3d_monolayer,1,16,1791301909.3600924,1392522,worker_0,W004,ResizeObjects,step_completed,success,29.03225806451613,9,31
cp_tutorial_3d_monolayer,1,16,1791301909.360118,1392522,worker_0,W004,ConvertObjectsToImage,step_started,started,29.03225806451613,9,31
cp_tutorial_3d_monolayer,1,16,1791301909.3784454,1392522,worker_0,W004,ConvertObjectsToImage,pattern_group,running,100.0,1,1
cp_tutorial_3d_monolayer,1,16,1791301909.3785794,1392522,worker_0,W004,ConvertObjectsToImage,step_completed,success,32.25806451612903,10,31
cp_tutorial_3d_monolayer,1,16,1791301909.378601,1392522,worker_0,W004,Threshold,step_started,started,32.25806451612903,10,31
cp_tutorial_3d_monolayer,1,16,1791301909.571594,1392522,worker_0,W004,Threshold,pattern_group,running,100.0,1,1
cp_tutorial_3d_monolayer,1,16,1791301909.5718489,1392522,worker_0,W004,Threshold,step_completed,success,35.483870967741936,11,31
cp_tutorial_3d_monolayer,1,16,1791301909.571873,1392522,worker_0,W004,ImageMath,step_started,started,35.483870967741936,11,31
cp_tutorial_3d_monolayer,1,16,1791301909.6039758,1392522,worker_0,W004,ImageMath,pattern_group,running,100.0,1,1
cp_tutorial_3d_monolayer,1,16,1791301909.6041276,1392522,worker_0,W004,ImageMath,step_completed,success,38.70967741935484,12,31
cp_tutorial_3d_monolayer,1,16,1791301909.6041486,1392522,worker_0,W004,RemoveHoles,step_started,started,38.70967741935484,12,31
cp_tutorial_3d_monolayer,1,16,1791301909.6500776,1392522,worker_0,W004,RemoveHoles,pattern_group,running,100.0,1,1
cp_tutorial_3d_monolayer,1,16,1791301909.6502254,1392522,worker_0,W004,RemoveHoles,step_completed,success,41.935483870967744,13,31
cp_tutorial_3d_monolayer,1,16,1791301909.6502483,1392522,worker_0,W004,ImageMath,step_started,started,41.935483870967744,13,31
cp_tutorial_3d_monolayer,1,16,1791301909.9306624,1392522,worker_0,W004,ImageMath,pattern_group,running,100.0,1,1
cp_tutorial_3d_monolayer,1,16,1791301909.930815,1392522,worker_0,W004,ImageMath,step_completed,success,45.16129032258064,14,31
cp_tutorial_3d_monolayer,1,16,1791301909.930837,1392522,worker_0,W004,Resize,step_started,started,45.16129032258064,14,31
cp_tutorial_3d_monolayer,1,16,1791301909.9915943,1392522,worker_0,W004,Resize,pattern_group,running,100.0,1,1
cp_tutorial_3d_monolayer,1,16,1791301909.9917345,1392522,worker_0,W004,Resize,step_completed,success,48.38709677419355,15,31
cp_tutorial_3d_monolayer,1,16,1791301909.991755,1392522,worker_0,W004,Closing,step_started,started,48.38709677419355,15,31
cp_tutorial_3d_monolayer,1,16,1791301910.0699775,1392522,worker_0,W004,Closing,pattern_group,running,100.0,1,1
cp_tutorial_3d_monolayer,1,16,1791301910.0701144,1392522,worker_0,W004,Closing,step_completed,success,51.61290322580645,16,31
cp_tutorial_3d_monolayer,1,16,1791301910.0701356,1392522,worker_0,W004,Resize,step_started,started,51.61290322580645,16,31
cp_tutorial_3d_monolayer,1,16,1791301910.1196165,1392522,worker_0,W004,Resize,pattern_group,running,100.0,1,1
cp_tutorial_3d_monolayer,1,16,1791301910.119755,1392522,worker_0,W004,Resize,step_completed,success,54.83870967741935,17,31
cp_tutorial_3d_monolayer,1,16,1791301910.119776,1392522,worker_0,W004,Threshold,step_started,started,54.83870967741935,17,31
cp_tutorial_3d_monolayer,1,16,1791301910.2845876,1392522,worker_0,W004,Threshold,pattern_group,running,100.0,1,1
cp_tutorial_3d_monolayer,1,16,1791301910.284832,1392522,worker_0,W004,Threshold,step_completed,success,58.06451612903226,18,31
cp_tutorial_3d_monolayer,1,16,1791301910.284853,1392522,worker_0,W004,MaskImage,step_started,started,58.06451612903226,18,31
cp_tutorial_3d_monolayer,1,16,1791301910.330999,1392522,worker_0,W004,MaskImage,pattern_group,running,100.0,1,1
cp_tutorial_3d_monolayer,1,16,1791301910.3311412,1392522,worker_0,W004,MaskImage,step_completed,success,61.29032258064516,19,31
cp_tutorial_3d_monolayer,1,16,1791301910.3311627,1392522,worker_0,W004,ErodeImage,step_started,started,61.29032258064516,19,31
cp_tutorial_3d_monolayer,1,16,1791301910.36289,1392522,worker_0,W004,ErodeImage,pattern_group,running,100.0,1,1
cp_tutorial_3d_monolayer,1,16,1791301910.3630319,1392522,worker_0,W004,ErodeImage,step_completed,success,64.51612903225806,20,31
cp_tutorial_3d_monolayer,1,16,1791301910.363053,1392522,worker_0,W004,Watershed,step_started,started,64.51612903225806,20,31
cp_tutorial_3d_monolayer,1,16,1791301910.448003,1392522,worker_0,W004,Watershed,pattern_group,running,100.0,1,1
cp_tutorial_3d_monolayer,1,16,1791301910.448401,1392522,worker_0,W004,Watershed,step_completed,success,67.74193548387096,21,31
cp_tutorial_3d_monolayer,1,16,1791301910.4484227,1392522,worker_0,W004,MeasureObjectIntensity,step_started,started,67.74193548387096,21,31
cp_tutorial_3d_monolayer,1,16,1791301910.6936474,1392522,worker_0,W004,MeasureObjectIntensity,pattern_group,running,50.0,1,2
cp_tutorial_3d_monolayer,1,16,1791301910.9740815,1392522,worker_0,W004,MeasureObjectIntensity,pattern_group,running,100.0,2,2
cp_tutorial_3d_monolayer,1,16,1791301910.976296,1392522,worker_0,W004,MeasureObjectIntensity,step_completed,success,70.96774193548387,22,31
cp_tutorial_3d_monolayer,1,16,1791301910.9763198,1392522,worker_0,W004,MeasureObjectSizeShape,step_started,started,70.96774193548387,22,31
cp_tutorial_3d_monolayer,1,16,1791301911.0731497,1392522,worker_0,W004,MeasureObjectSizeShape,pattern_group,running,50.0,1,2
cp_tutorial_3d_monolayer,1,16,1791301911.168253,1392522,worker_0,W004,MeasureObjectSizeShape,pattern_group,running,100.0,2,2
cp_tutorial_3d_monolayer,1,16,1791301911.168851,1392522,worker_0,W004,MeasureObjectSizeShape,step_completed,success,74.19354838709677,23,31
cp_tutorial_3d_monolayer,1,16,1791301911.1688747,1392522,worker_0,W004,OverlayObjects,step_started,started,74.19354838709677,23,31
cp_tutorial_3d_monolayer,1,16,1791301911.2083888,1392522,worker_0,W004,OverlayObjects,pattern_group,running,100.0,1,1
cp_tutorial_3d_monolayer,1,16,1791301911.2084942,1392522,worker_0,W004,OverlayObjects,step_completed,success,77.41935483870968,24,31
cp_tutorial_3d_monolayer,1,16,1791301911.208516,1392522,worker_0,W004,RescaleIntensity,step_started,started,77.41935483870968,24,31
cp_tutorial_3d_monolayer,1,16,1791301911.312417,1392522,worker_0,W004,RescaleIntensity,pattern_group,running,100.0,1,1
cp_tutorial_3d_monolayer,1,16,1791301911.312559,1392522,worker_0,W004,RescaleIntensity,step_completed,success,80.64516129032258,25,31
cp_tutorial_3d_monolayer,1,16,1791301911.3125792,1392522,worker_0,W004,OverlayObjects,step_started,started,80.64516129032258,25,31
cp_tutorial_3d_monolayer,1,16,1791301911.3485887,1392522,worker_0,W004,OverlayObjects,pattern_group,running,100.0,1,1
cp_tutorial_3d_monolayer,1,16,1791301911.3486912,1392522,worker_0,W004,OverlayObjects,step_completed,success,83.87096774193549,26,31
cp_tutorial_3d_monolayer,1,16,1791301911.3487127,1392522,worker_0,W004,ConvertObjectsToImage,step_started,started,83.87096774193549,26,31
cp_tutorial_3d_monolayer,1,16,1791301911.3811984,1392522,worker_0,W004,ConvertObjectsToImage,pattern_group,running,100.0,1,1
cp_tutorial_3d_monolayer,1,16,1791301911.3813488,1392522,worker_0,W004,ConvertObjectsToImage,step_completed,success,87.09677419354838,27,31
cp_tutorial_3d_monolayer,1,16,1791301911.381371,1392522,worker_0,W004,SaveImages,step_started,started,87.09677419354838,27,31
cp_tutorial_3d_monolayer,1,16,1791301911.4303257,1392522,worker_0,W004,SaveImages,pattern_group,running,100.0,1,1
cp_tutorial_3d_monolayer,1,16,1791301911.4371727,1392522,worker_0,W004,SaveImages,step_completed,success,90.32258064516128,28,31
cp_tutorial_3d_monolayer,1,16,1791301911.437214,1392522,worker_0,W004,ConvertObjectsToImage,step_started,started,90.32258064516128,28,31
cp_tutorial_3d_monolayer,1,16,1791301911.4701624,1392522,worker_0,W004,ConvertObjectsToImage,pattern_group,running,100.0,1,1
cp_tutorial_3d_monolayer,1,16,1791301911.4703457,1392522,worker_0,W004,ConvertObjectsToImage,step_completed,success,93.54838709677419,29,31
cp_tutorial_3d_monolayer,1,16,1791301911.4703693,1392522,worker_0,W004,SaveImages,step_started,started,93.54838709677419,29,31
cp_tutorial_3d_monolayer,1,16,1791301911.51948,1392522,worker_0,W004,SaveImages,pattern_group,running,100.0,1,1
cp_tutorial_3d_monolayer,1,16,1791301911.5259545,1392522,worker_0,W004,SaveImages,step_completed,success,96.7741935483871,30,31
cp_tutorial_3d_monolayer,1,16,1791301911.5292103,1392522,worker_0,W004,pipeline,axis_completed,success,96.7741935483871,30,31
cp_tutorial_3d_monolayer,1,16,1791301911.5293016,1392522,worker_0,W005,pipeline,axis_started,started,0.0,0,31
cp_tutorial_3d_monolayer,1,16,1791301911.5293357,1392522,worker_0,W005,RescaleIntensity,step_started,started,0.0,0,31
cp_tutorial_3d_monolayer,1,16,1791301911.8122468,1392522,worker_0,W005,RescaleIntensity,pattern_group,running,100.0,1,1
cp_tutorial_3d_monolayer,1,16,1791301911.812395,1392522,worker_0,W005,RescaleIntensity,step_completed,success,3.225806451612903,1,31
cp_tutorial_3d_monolayer,1,16,1791301911.8124168,1392522,worker_0,W005,Resize,step_started,started,3.225806451612903,1,31
cp_tutorial_3d_monolayer,1,16,1791301911.8683882,1392522,worker_0,W005,Resize,pattern_group,running,100.0,1,1
cp_tutorial_3d_monolayer,1,16,1791301911.8685267,1392522,worker_0,W005,Resize,step_completed,success,6.451612903225806,2,31
cp_tutorial_3d_monolayer,1,16,1791301911.8685465,1392522,worker_0,W005,MedianFilter,step_started,started,6.451612903225806,2,31
cp_tutorial_3d_monolayer,1,16,1791301912.0347893,1392522,worker_0,W005,MedianFilter,pattern_group,running,100.0,1,1
cp_tutorial_3d_monolayer,1,16,1791301912.0349274,1392522,worker_0,W005,MedianFilter,step_completed,success,9.67741935483871,3,31
cp_tutorial_3d_monolayer,1,16,1791301912.0349472,1392522,worker_0,W005,Threshold,step_started,started,9.67741935483871,3,31
cp_tutorial_3d_monolayer,1,16,1791301912.0721056,1392522,worker_0,W005,Threshold,pattern_group,running,100.0,1,1
cp_tutorial_3d_monolayer,1,16,1791301912.0723543,1392522,worker_0,W005,Threshold,step_completed,success,12.903225806451612,4,31
cp_tutorial_3d_monolayer,1,16,1791301912.0723758,1392522,worker_0,W005,RemoveHoles,step_started,started,12.903225806451612,4,31
cp_tutorial_3d_monolayer,1,16,1791301912.0893002,1392522,worker_0,W005,RemoveHoles,pattern_group,running,100.0,1,1
cp_tutorial_3d_monolayer,1,16,1791301912.0894449,1392522,worker_0,W005,RemoveHoles,step_completed,success,16.129032258064516,5,31
cp_tutorial_3d_monolayer,1,16,1791301912.0894656,1392522,worker_0,W005,Watershed,step_started,started,16.129032258064516,5,31
cp_tutorial_3d_monolayer,1,16,1791301912.1825054,1392522,worker_0,W005,Watershed,pattern_group,running,100.0,1,1
cp_tutorial_3d_monolayer,1,16,1791301912.1830118,1392522,worker_0,W005,Watershed,step_completed,success,19.35483870967742,6,31
cp_tutorial_3d_monolayer,1,16,1791301912.183036,1392522,worker_0,W005,ResizeObjects,step_started,started,19.35483870967742,6,31
cp_tutorial_3d_monolayer,1,16,1791301912.20974,1392522,worker_0,W005,ResizeObjects,pattern_group,running,100.0,1,1
cp_tutorial_3d_monolayer,1,16,1791301912.2102132,1392522,worker_0,W005,ResizeObjects,step_completed,success,22.58064516129032,7,31
cp_tutorial_3d_monolayer,1,16,1791301912.210236,1392522,worker_0,W005,ErodeObjects,step_started,started,22.58064516129032,7,31
cp_tutorial_3d_monolayer,1,16,1791301912.26723,1392522,worker_0,W005,ErodeObjects,pattern_group,running,100.0,1,1
cp_tutorial_3d_monolayer,1,16,1791301912.2676923,1392522,worker_0,W005,ErodeObjects,step_completed,success,25.806451612903224,8,31
cp_tutorial_3d_monolayer,1,16,1791301912.2677166,1392522,worker_0,W005,ResizeObjects,step_started,started,25.806451612903224,8,31
cp_tutorial_3d_monolayer,1,16,1791301912.291382,1392522,worker_0,W005,ResizeObjects,pattern_group,running,100.0,1,1
cp_tutorial_3d_monolayer,1,16,1791301912.2918572,1392522,worker_0,W005,ResizeObjects,step_completed,success,29.03225806451613,9,31
cp_tutorial_3d_monolayer,1,16,1791301912.291883,1392522,worker_0,W005,ConvertObjectsToImage,step_started,started,29.03225806451613,9,31
cp_tutorial_3d_monolayer,1,16,1791301912.3101048,1392522,worker_0,W005,ConvertObjectsToImage,pattern_group,running,100.0,1,1
cp_tutorial_3d_monolayer,1,16,1791301912.3102496,1392522,worker_0,W005,ConvertObjectsToImage,step_completed,success,32.25806451612903,10,31
cp_tutorial_3d_monolayer,1,16,1791301912.3102763,1392522,worker_0,W005,Threshold,step_started,started,32.25806451612903,10,31
cp_tutorial_3d_monolayer,1,16,1791301912.5016706,1392522,worker_0,W005,Threshold,pattern_group,running,100.0,1,1
cp_tutorial_3d_monolayer,1,16,1791301912.5019178,1392522,worker_0,W005,Threshold,step_completed,success,35.483870967741936,11,31
cp_tutorial_3d_monolayer,1,16,1791301912.50194,1392522,worker_0,W005,ImageMath,step_started,started,35.483870967741936,11,31
cp_tutorial_3d_monolayer,1,16,1791301912.5341806,1392522,worker_0,W005,ImageMath,pattern_group,running,100.0,1,1
cp_tutorial_3d_monolayer,1,16,1791301912.5343378,1392522,worker_0,W005,ImageMath,step_completed,success,38.70967741935484,12,31
cp_tutorial_3d_monolayer,1,16,1791301912.534359,1392522,worker_0,W005,RemoveHoles,step_started,started,38.70967741935484,12,31
cp_tutorial_3d_monolayer,1,16,1791301912.5798512,1392522,worker_0,W005,RemoveHoles,pattern_group,running,100.0,1,1
cp_tutorial_3d_monolayer,1,16,1791301912.5799954,1392522,worker_0,W005,RemoveHoles,step_completed,success,41.935483870967744,13,31
cp_tutorial_3d_monolayer,1,16,1791301912.580017,1392522,worker_0,W005,ImageMath,step_started,started,41.935483870967744,13,31
cp_tutorial_3d_monolayer,1,16,1791301912.8569732,1392522,worker_0,W005,ImageMath,pattern_group,running,100.0,1,1
cp_tutorial_3d_monolayer,1,16,1791301912.8571255,1392522,worker_0,W005,ImageMath,step_completed,success,45.16129032258064,14,31
cp_tutorial_3d_monolayer,1,16,1791301912.8571475,1392522,worker_0,W005,Resize,step_started,started,45.16129032258064,14,31
cp_tutorial_3d_monolayer,1,16,1791301912.9164348,1392522,worker_0,W005,Resize,pattern_group,running,100.0,1,1
cp_tutorial_3d_monolayer,1,16,1791301912.9165711,1392522,worker_0,W005,Resize,step_completed,success,48.38709677419355,15,31
cp_tutorial_3d_monolayer,1,16,1791301912.9165916,1392522,worker_0,W005,Closing,step_started,started,48.38709677419355,15,31
cp_tutorial_3d_monolayer,1,16,1791301912.9953897,1392522,worker_0,W005,Closing,pattern_group,running,100.0,1,1
cp_tutorial_3d_monolayer,1,16,1791301912.9955306,1392522,worker_0,W005,Closing,step_completed,success,51.61290322580645,16,31
cp_tutorial_3d_monolayer,1,16,1791301912.9955513,1392522,worker_0,W005,Resize,step_started,started,51.61290322580645,16,31
cp_tutorial_3d_monolayer,1,16,1791301913.0446665,1392522,worker_0,W005,Resize,pattern_group,running,100.0,1,1
cp_tutorial_3d_monolayer,1,16,1791301913.0448065,1392522,worker_0,W005,Resize,step_completed,success,54.83870967741935,17,31
cp_tutorial_3d_monolayer,1,16,1791301913.044827,1392522,worker_0,W005,Threshold,step_started,started,54.83870967741935,17,31
cp_tutorial_3d_monolayer,1,16,1791301913.2097058,1392522,worker_0,W005,Threshold,pattern_group,running,100.0,1,1
cp_tutorial_3d_monolayer,1,16,1791301913.2099514,1392522,worker_0,W005,Threshold,step_completed,success,58.06451612903226,18,31
cp_tutorial_3d_monolayer,1,16,1791301913.2099724,1392522,worker_0,W005,MaskImage,step_started,started,58.06451612903226,18,31
cp_tutorial_3d_monolayer,1,16,1791301913.2557788,1392522,worker_0,W005,MaskImage,pattern_group,running,100.0,1,1
cp_tutorial_3d_monolayer,1,16,1791301913.25593,1392522,worker_0,W005,MaskImage,step_completed,success,61.29032258064516,19,31
cp_tutorial_3d_monolayer,1,16,1791301913.2559512,1392522,worker_0,W005,ErodeImage,step_started,started,61.29032258064516,19,31
cp_tutorial_3d_monolayer,1,16,1791301913.2871718,1392522,worker_0,W005,ErodeImage,pattern_group,running,100.0,1,1
cp_tutorial_3d_monolayer,1,16,1791301913.2873213,1392522,worker_0,W005,ErodeImage,step_completed,success,64.51612903225806,20,31
cp_tutorial_3d_monolayer,1,16,1791301913.2873423,1392522,worker_0,W005,Watershed,step_started,started,64.51612903225806,20,31
cp_tutorial_3d_monolayer,1,16,1791301913.3756082,1392522,worker_0,W005,Watershed,pattern_group,running,100.0,1,1
cp_tutorial_3d_monolayer,1,16,1791301913.376026,1392522,worker_0,W005,Watershed,step_completed,success,67.74193548387096,21,31
cp_tutorial_3d_monolayer,1,16,1791301913.3760474,1392522,worker_0,W005,MeasureObjectIntensity,step_started,started,67.74193548387096,21,31
cp_tutorial_3d_monolayer,1,16,1791301913.6203291,1392522,worker_0,W005,MeasureObjectIntensity,pattern_group,running,50.0,1,2
cp_tutorial_3d_monolayer,1,16,1791301913.8981733,1392522,worker_0,W005,MeasureObjectIntensity,pattern_group,running,100.0,2,2
cp_tutorial_3d_monolayer,1,16,1791301913.9003835,1392522,worker_0,W005,MeasureObjectIntensity,step_completed,success,70.96774193548387,22,31
cp_tutorial_3d_monolayer,1,16,1791301913.9004078,1392522,worker_0,W005,MeasureObjectSizeShape,step_started,started,70.96774193548387,22,31
cp_tutorial_3d_monolayer,1,16,1791301913.9976451,1392522,worker_0,W005,MeasureObjectSizeShape,pattern_group,running,50.0,1,2
cp_tutorial_3d_monolayer,1,16,1791301914.0923479,1392522,worker_0,W005,MeasureObjectSizeShape,pattern_group,running,100.0,2,2
cp_tutorial_3d_monolayer,1,16,1791301914.092928,1392522,worker_0,W005,MeasureObjectSizeShape,step_completed,success,74.19354838709677,23,31
cp_tutorial_3d_monolayer,1,16,1791301914.0929506,1392522,worker_0,W005,OverlayObjects,step_started,started,74.19354838709677,23,31
cp_tutorial_3d_monolayer,1,16,1791301914.131812,1392522,worker_0,W005,OverlayObjects,pattern_group,running,100.0,1,1
cp_tutorial_3d_monolayer,1,16,1791301914.13193,1392522,worker_0,W005,OverlayObjects,step_completed,success,77.41935483870968,24,31
cp_tutorial_3d_monolayer,1,16,1791301914.131952,1392522,worker_0,W005,RescaleIntensity,step_started,started,77.41935483870968,24,31
cp_tutorial_3d_monolayer,1,16,1791301914.2381084,1392522,worker_0,W005,RescaleIntensity,pattern_group,running,100.0,1,1
cp_tutorial_3d_monolayer,1,16,1791301914.2382538,1392522,worker_0,W005,RescaleIntensity,step_completed,success,80.64516129032258,25,31
cp_tutorial_3d_monolayer,1,16,1791301914.2382798,1392522,worker_0,W005,OverlayObjects,step_started,started,80.64516129032258,25,31
cp_tutorial_3d_monolayer,1,16,1791301914.2757835,1392522,worker_0,W005,OverlayObjects,pattern_group,running,100.0,1,1
cp_tutorial_3d_monolayer,1,16,1791301914.275888,1392522,worker_0,W005,OverlayObjects,step_completed,success,83.87096774193549,26,31
cp_tutorial_3d_monolayer,1,16,1791301914.2759097,1392522,worker_0,W005,ConvertObjectsToImage,step_started,started,83.87096774193549,26,31
cp_tutorial_3d_monolayer,1,16,1791301914.4302278,1392522,worker_0,W005,ConvertObjectsToImage,pattern_group,running,100.0,1,1
cp_tutorial_3d_monolayer,1,16,1791301914.4303856,1392522,worker_0,W005,ConvertObjectsToImage,step_completed,success,87.09677419354838,27,31
cp_tutorial_3d_monolayer,1,16,1791301914.4304087,1392522,worker_0,W005,SaveImages,step_started,started,87.09677419354838,27,31
cp_tutorial_3d_monolayer,1,16,1791301914.4799838,1392522,worker_0,W005,SaveImages,pattern_group,running,100.0,1,1
cp_tutorial_3d_monolayer,1,16,1791301914.4866688,1392522,worker_0,W005,SaveImages,step_completed,success,90.32258064516128,28,31
cp_tutorial_3d_monolayer,1,16,1791301914.4867089,1392522,worker_0,W005,ConvertObjectsToImage,step_started,started,90.32258064516128,28,31
cp_tutorial_3d_monolayer,1,16,1791301914.519452,1392522,worker_0,W005,ConvertObjectsToImage,pattern_group,running,100.0,1,1
cp_tutorial_3d_monolayer,1,16,1791301914.5196276,1392522,worker_0,W005,ConvertObjectsToImage,step_completed,success,93.54838709677419,29,31
cp_tutorial_3d_monolayer,1,16,1791301914.5196495,1392522,worker_0,W005,SaveImages,step_started,started,93.54838709677419,29,31
cp_tutorial_3d_monolayer,1,16,1791301914.5688558,1392522,worker_0,W005,SaveImages,pattern_group,running,100.0,1,1
cp_tutorial_3d_monolayer,1,16,1791301914.5768101,1392522,worker_0,W005,SaveImages,step_completed,success,96.7741935483871,30,31
cp_tutorial_3d_monolayer,1,16,1791301914.5808501,1392522,worker_0,W005,pipeline,axis_completed,success,96.7741935483871,30,31
cp_tutorial_3d_monolayer,1,16,1791301914.580936,1392522,worker_0,W006,pipeline,axis_started,started,0.0,0,31
cp_tutorial_3d_monolayer,1,16,1791301914.5809715,1392522,worker_0,W006,RescaleIntensity,step_started,started,0.0,0,31
cp_tutorial_3d_monolayer,1,16,1791301914.863538,1392522,worker_0,W006,RescaleIntensity,pattern_group,running,100.0,1,1
cp_tutorial_3d_monolayer,1,16,1791301914.863683,1392522,worker_0,W006,RescaleIntensity,step_completed,success,3.225806451612903,1,31
cp_tutorial_3d_monolayer,1,16,1791301914.8637035,1392522,worker_0,W006,Resize,step_started,started,3.225806451612903,1,31
cp_tutorial_3d_monolayer,1,16,1791301914.919349,1392522,worker_0,W006,Resize,pattern_group,running,100.0,1,1
cp_tutorial_3d_monolayer,1,16,1791301914.9194844,1392522,worker_0,W006,Resize,step_completed,success,6.451612903225806,2,31
cp_tutorial_3d_monolayer,1,16,1791301914.9195056,1392522,worker_0,W006,MedianFilter,step_started,started,6.451612903225806,2,31
cp_tutorial_3d_monolayer,1,16,1791301915.085754,1392522,worker_0,W006,MedianFilter,pattern_group,running,100.0,1,1
cp_tutorial_3d_monolayer,1,16,1791301915.0858893,1392522,worker_0,W006,MedianFilter,step_completed,success,9.67741935483871,3,31
cp_tutorial_3d_monolayer,1,16,1791301915.0859103,1392522,worker_0,W006,Threshold,step_started,started,9.67741935483871,3,31
cp_tutorial_3d_monolayer,1,16,1791301915.1222768,1392522,worker_0,W006,Threshold,pattern_group,running,100.0,1,1
cp_tutorial_3d_monolayer,1,16,1791301915.1225154,1392522,worker_0,W006,Threshold,step_completed,success,12.903225806451612,4,31
cp_tutorial_3d_monolayer,1,16,1791301915.1225364,1392522,worker_0,W006,RemoveHoles,step_started,started,12.903225806451612,4,31
cp_tutorial_3d_monolayer,1,16,1791301915.1397188,1392522,worker_0,W006,RemoveHoles,pattern_group,running,100.0,1,1
cp_tutorial_3d_monolayer,1,16,1791301915.1398616,1392522,worker_0,W006,RemoveHoles,step_completed,success,16.129032258064516,5,31
cp_tutorial_3d_monolayer,1,16,1791301915.1398826,1392522,worker_0,W006,Watershed,step_started,started,16.129032258064516,5,31
cp_tutorial_3d_monolayer,1,16,1791301915.2318897,1392522,worker_0,W006,Watershed,pattern_group,running,100.0,1,1
cp_tutorial_3d_monolayer,1,16,1791301915.2322788,1392522,worker_0,W006,Watershed,step_completed,success,19.35483870967742,6,31
cp_tutorial_3d_monolayer,1,16,1791301915.2323012,1392522,worker_0,W006,ResizeObjects,step_started,started,19.35483870967742,6,31
cp_tutorial_3d_monolayer,1,16,1791301915.2598913,1392522,worker_0,W006,ResizeObjects,pattern_group,running,100.0,1,1
cp_tutorial_3d_monolayer,1,16,1791301915.2603805,1392522,worker_0,W006,ResizeObjects,step_completed,success,22.58064516129032,7,31
cp_tutorial_3d_monolayer,1,16,1791301915.2604024,1392522,worker_0,W006,ErodeObjects,step_started,started,22.58064516129032,7,31
cp_tutorial_3d_monolayer,1,16,1791301915.3175693,1392522,worker_0,W006,ErodeObjects,pattern_group,running,100.0,1,1
cp_tutorial_3d_monolayer,1,16,1791301915.3180792,1392522,worker_0,W006,ErodeObjects,step_completed,success,25.806451612903224,8,31
cp_tutorial_3d_monolayer,1,16,1791301915.3181047,1392522,worker_0,W006,ResizeObjects,step_started,started,25.806451612903224,8,31
cp_tutorial_3d_monolayer,1,16,1791301915.3419735,1392522,worker_0,W006,ResizeObjects,pattern_group,running,100.0,1,1
cp_tutorial_3d_monolayer,1,16,1791301915.3424478,1392522,worker_0,W006,ResizeObjects,step_completed,success,29.03225806451613,9,31
cp_tutorial_3d_monolayer,1,16,1791301915.342473,1392522,worker_0,W006,ConvertObjectsToImage,step_started,started,29.03225806451613,9,31
cp_tutorial_3d_monolayer,1,16,1791301915.360484,1392522,worker_0,W006,ConvertObjectsToImage,pattern_group,running,100.0,1,1
cp_tutorial_3d_monolayer,1,16,1791301915.3606296,1392522,worker_0,W006,ConvertObjectsToImage,step_completed,success,32.25806451612903,10,31
cp_tutorial_3d_monolayer,1,16,1791301915.3606527,1392522,worker_0,W006,Threshold,step_started,started,32.25806451612903,10,31
cp_tutorial_3d_monolayer,1,16,1791301915.55208,1392522,worker_0,W006,Threshold,pattern_group,running,100.0,1,1
cp_tutorial_3d_monolayer,1,16,1791301915.5523376,1392522,worker_0,W006,Threshold,step_completed,success,35.483870967741936,11,31
cp_tutorial_3d_monolayer,1,16,1791301915.5523612,1392522,worker_0,W006,ImageMath,step_started,started,35.483870967741936,11,31
cp_tutorial_3d_monolayer,1,16,1791301915.5843937,1392522,worker_0,W006,ImageMath,pattern_group,running,100.0,1,1
cp_tutorial_3d_monolayer,1,16,1791301915.5845478,1392522,worker_0,W006,ImageMath,step_completed,success,38.70967741935484,12,31
cp_tutorial_3d_monolayer,1,16,1791301915.5845711,1392522,worker_0,W006,RemoveHoles,step_started,started,38.70967741935484,12,31
cp_tutorial_3d_monolayer,1,16,1791301915.630166,1392522,worker_0,W006,RemoveHoles,pattern_group,running,100.0,1,1
cp_tutorial_3d_monolayer,1,16,1791301915.6303189,1392522,worker_0,W006,RemoveHoles,step_completed,success,41.935483870967744,13,31
cp_tutorial_3d_monolayer,1,16,1791301915.6303463,1392522,worker_0,W006,ImageMath,step_started,started,41.935483870967744,13,31
cp_tutorial_3d_monolayer,1,16,1791301915.908324,1392522,worker_0,W006,ImageMath,pattern_group,running,100.0,1,1
cp_tutorial_3d_monolayer,1,16,1791301915.9084728,1392522,worker_0,W006,ImageMath,step_completed,success,45.16129032258064,14,31
cp_tutorial_3d_monolayer,1,16,1791301915.9084947,1392522,worker_0,W006,Resize,step_started,started,45.16129032258064,14,31
cp_tutorial_3d_monolayer,1,16,1791301915.9683867,1392522,worker_0,W006,Resize,pattern_group,running,100.0,1,1
cp_tutorial_3d_monolayer,1,16,1791301915.9685178,1392522,worker_0,W006,Resize,step_completed,success,48.38709677419355,15,31
cp_tutorial_3d_monolayer,1,16,1791301915.9685383,1392522,worker_0,W006,Closing,step_started,started,48.38709677419355,15,31
cp_tutorial_3d_monolayer,1,16,1791301916.046674,1392522,worker_0,W006,Closing,pattern_group,running,100.0,1,1
cp_tutorial_3d_monolayer,1,16,1791301916.0468109,1392522,worker_0,W006,Closing,step_completed,success,51.61290322580645,16,31
cp_tutorial_3d_monolayer,1,16,1791301916.0468314,1392522,worker_0,W006,Resize,step_started,started,51.61290322580645,16,31
cp_tutorial_3d_monolayer,1,16,1791301916.0958574,1392522,worker_0,W006,Resize,pattern_group,running,100.0,1,1
cp_tutorial_3d_monolayer,1,16,1791301916.0959966,1392522,worker_0,W006,Resize,step_completed,success,54.83870967741935,17,31
cp_tutorial_3d_monolayer,1,16,1791301916.0960171,1392522,worker_0,W006,Threshold,step_started,started,54.83870967741935,17,31
cp_tutorial_3d_monolayer,1,16,1791301916.2612119,1392522,worker_0,W006,Threshold,pattern_group,running,100.0,1,1
cp_tutorial_3d_monolayer,1,16,1791301916.2614617,1392522,worker_0,W006,Threshold,step_completed,success,58.06451612903226,18,31
cp_tutorial_3d_monolayer,1,16,1791301916.2614827,1392522,worker_0,W006,MaskImage,step_started,started,58.06451612903226,18,31
cp_tutorial_3d_monolayer,1,16,1791301916.3074195,1392522,worker_0,W006,MaskImage,pattern_group,running,100.0,1,1
cp_tutorial_3d_monolayer,1,16,1791301916.30757,1392522,worker_0,W006,MaskImage,step_completed,success,61.29032258064516,19,31
cp_tutorial_3d_monolayer,1,16,1791301916.3075914,1392522,worker_0,W006,ErodeImage,step_started,started,61.29032258064516,19,31
cp_tutorial_3d_monolayer,1,16,1791301916.3390546,1392522,worker_0,W006,ErodeImage,pattern_group,running,100.0,1,1
cp_tutorial_3d_monolayer,1,16,1791301916.3392,1392522,worker_0,W006,ErodeImage,step_completed,success,64.51612903225806,20,31
cp_tutorial_3d_monolayer,1,16,1791301916.339221,1392522,worker_0,W006,Watershed,step_started,started,64.51612903225806,20,31
cp_tutorial_3d_monolayer,1,16,1791301916.4256556,1392522,worker_0,W006,Watershed,pattern_group,running,100.0,1,1
cp_tutorial_3d_monolayer,1,16,1791301916.426049,1392522,worker_0,W006,Watershed,step_completed,success,67.74193548387096,21,31
cp_tutorial_3d_monolayer,1,16,1791301916.4260707,1392522,worker_0,W006,MeasureObjectIntensity,step_started,started,67.74193548387096,21,31
cp_tutorial_3d_monolayer,1,16,1791301916.6702497,1392522,worker_0,W006,MeasureObjectIntensity,pattern_group,running,50.0,1,2
cp_tutorial_3d_monolayer,1,16,1791301916.9488716,1392522,worker_0,W006,MeasureObjectIntensity,pattern_group,running,100.0,2,2
cp_tutorial_3d_monolayer,1,16,1791301916.9511287,1392522,worker_0,W006,MeasureObjectIntensity,step_completed,success,70.96774193548387,22,31
cp_tutorial_3d_monolayer,1,16,1791301916.9511547,1392522,worker_0,W006,MeasureObjectSizeShape,step_started,started,70.96774193548387,22,31
cp_tutorial_3d_monolayer,1,16,1791301917.0487025,1392522,worker_0,W006,MeasureObjectSizeShape,pattern_group,running,50.0,1,2
cp_tutorial_3d_monolayer,1,16,1791301917.1436505,1392522,worker_0,W006,MeasureObjectSizeShape,pattern_group,running,100.0,2,2
cp_tutorial_3d_monolayer,1,16,1791301917.1442273,1392522,worker_0,W006,MeasureObjectSizeShape,step_completed,success,74.19354838709677,23,31
cp_tutorial_3d_monolayer,1,16,1791301917.1442502,1392522,worker_0,W006,OverlayObjects,step_started,started,74.19354838709677,23,31
cp_tutorial_3d_monolayer,1,16,1791301917.1844609,1392522,worker_0,W006,OverlayObjects,pattern_group,running,100.0,1,1
cp_tutorial_3d_monolayer,1,16,1791301917.1845765,1392522,worker_0,W006,OverlayObjects,step_completed,success,77.41935483870968,24,31
cp_tutorial_3d_monolayer,1,16,1791301917.1845982,1392522,worker_0,W006,RescaleIntensity,step_started,started,77.41935483870968,24,31
cp_tutorial_3d_monolayer,1,16,1791301917.2879324,1392522,worker_0,W006,RescaleIntensity,pattern_group,running,100.0,1,1
cp_tutorial_3d_monolayer,1,16,1791301917.288096,1392522,worker_0,W006,RescaleIntensity,step_completed,success,80.64516129032258,25,31
cp_tutorial_3d_monolayer,1,16,1791301917.2881181,1392522,worker_0,W006,OverlayObjects,step_started,started,80.64516129032258,25,31
cp_tutorial_3d_monolayer,1,16,1791301917.32539,1392522,worker_0,W006,OverlayObjects,pattern_group,running,100.0,1,1
cp_tutorial_3d_monolayer,1,16,1791301917.3254924,1392522,worker_0,W006,OverlayObjects,step_completed,success,83.87096774193549,26,31
cp_tutorial_3d_monolayer,1,16,1791301917.3255134,1392522,worker_0,W006,ConvertObjectsToImage,step_started,started,83.87096774193549,26,31
cp_tutorial_3d_monolayer,1,16,1791301917.3580394,1392522,worker_0,W006,ConvertObjectsToImage,pattern_group,running,100.0,1,1
cp_tutorial_3d_monolayer,1,16,1791301917.3581839,1392522,worker_0,W006,ConvertObjectsToImage,step_completed,success,87.09677419354838,27,31
cp_tutorial_3d_monolayer,1,16,1791301917.3582063,1392522,worker_0,W006,SaveImages,step_started,started,87.09677419354838,27,31
cp_tutorial_3d_monolayer,1,16,1791301917.4072068,1392522,worker_0,W006,SaveImages,pattern_group,running,100.0,1,1
cp_tutorial_3d_monolayer,1,16,1791301917.4140496,1392522,worker_0,W006,SaveImages,step_completed,success,90.32258064516128,28,31
cp_tutorial_3d_monolayer,1,16,1791301917.414091,1392522,worker_0,W006,ConvertObjectsToImage,step_started,started,90.32258064516128,28,31
cp_tutorial_3d_monolayer,1,16,1791301917.4462538,1392522,worker_0,W006,ConvertObjectsToImage,pattern_group,running,100.0,1,1
cp_tutorial_3d_monolayer,1,16,1791301917.4464378,1392522,worker_0,W006,ConvertObjectsToImage,step_completed,success,93.54838709677419,29,31
cp_tutorial_3d_monolayer,1,16,1791301917.4464605,1392522,worker_0,W006,SaveImages,step_started,started,93.54838709677419,29,31
cp_tutorial_3d_monolayer,1,16,1791301917.4950705,1392522,worker_0,W006,SaveImages,pattern_group,running,100.0,1,1
cp_tutorial_3d_monolayer,1,16,1791301917.5025718,1392522,worker_0,W006,SaveImages,step_completed,success,96.7741935483871,30,31
cp_tutorial_3d_monolayer,1,16,1791301917.5060096,1392522,worker_0,W006,pipeline,axis_completed,success,96.7741935483871,30,31
cp_tutorial_3d_monolayer,1,16,1791301917.5060942,1392522,worker_0,W007,pipeline,axis_started,started,0.0,0,31
cp_tutorial_3d_monolayer,1,16,1791301917.506127,1392522,worker_0,W007,RescaleIntensity,step_started,started,0.0,0,31
cp_tutorial_3d_monolayer,1,16,1791301917.7892354,1392522,worker_0,W007,RescaleIntensity,pattern_group,running,100.0,1,1
cp_tutorial_3d_monolayer,1,16,1791301917.7896342,1392522,worker_0,W007,RescaleIntensity,step_completed,success,3.225806451612903,1,31
cp_tutorial_3d_monolayer,1,16,1791301917.789664,1392522,worker_0,W007,Resize,step_started,started,3.225806451612903,1,31
cp_tutorial_3d_monolayer,1,16,1791301917.8450537,1392522,worker_0,W007,Resize,pattern_group,running,100.0,1,1
cp_tutorial_3d_monolayer,1,16,1791301917.8451948,1392522,worker_0,W007,Resize,step_completed,success,6.451612903225806,2,31
cp_tutorial_3d_monolayer,1,16,1791301917.845216,1392522,worker_0,W007,MedianFilter,step_started,started,6.451612903225806,2,31
cp_tutorial_3d_monolayer,1,16,1791301918.0120304,1392522,worker_0,W007,MedianFilter,pattern_group,running,100.0,1,1
cp_tutorial_3d_monolayer,1,16,1791301918.0121665,1392522,worker_0,W007,MedianFilter,step_completed,success,9.67741935483871,3,31
cp_tutorial_3d_monolayer,1,16,1791301918.0121868,1392522,worker_0,W007,Threshold,step_started,started,9.67741935483871,3,31
cp_tutorial_3d_monolayer,1,16,1791301918.0493517,1392522,worker_0,W007,Threshold,pattern_group,running,100.0,1,1
cp_tutorial_3d_monolayer,1,16,1791301918.0495877,1392522,worker_0,W007,Threshold,step_completed,success,12.903225806451612,4,31
cp_tutorial_3d_monolayer,1,16,1791301918.049609,1392522,worker_0,W007,RemoveHoles,step_started,started,12.903225806451612,4,31
cp_tutorial_3d_monolayer,1,16,1791301918.065252,1392522,worker_0,W007,RemoveHoles,pattern_group,running,100.0,1,1
cp_tutorial_3d_monolayer,1,16,1791301918.065392,1392522,worker_0,W007,RemoveHoles,step_completed,success,16.129032258064516,5,31
cp_tutorial_3d_monolayer,1,16,1791301918.0654137,1392522,worker_0,W007,Watershed,step_started,started,16.129032258064516,5,31
cp_tutorial_3d_monolayer,1,16,1791301918.1581333,1392522,worker_0,W007,Watershed,pattern_group,running,100.0,1,1
cp_tutorial_3d_monolayer,1,16,1791301918.1585455,1392522,worker_0,W007,Watershed,step_completed,success,19.35483870967742,6,31
cp_tutorial_3d_monolayer,1,16,1791301918.1585677,1392522,worker_0,W007,ResizeObjects,step_started,started,19.35483870967742,6,31
cp_tutorial_3d_monolayer,1,16,1791301918.186833,1392522,worker_0,W007,ResizeObjects,pattern_group,running,100.0,1,1
cp_tutorial_3d_monolayer,1,16,1791301918.1873126,1392522,worker_0,W007,ResizeObjects,step_completed,success,22.58064516129032,7,31
cp_tutorial_3d_monolayer,1,16,1791301918.1873353,1392522,worker_0,W007,ErodeObjects,step_started,started,22.58064516129032,7,31
cp_tutorial_3d_monolayer,1,16,1791301918.2444253,1392522,worker_0,W007,ErodeObjects,pattern_group,running,100.0,1,1
cp_tutorial_3d_monolayer,1,16,1791301918.2448988,1392522,worker_0,W007,ErodeObjects,step_completed,success,25.806451612903224,8,31
cp_tutorial_3d_monolayer,1,16,1791301918.2449236,1392522,worker_0,W007,ResizeObjects,step_started,started,25.806451612903224,8,31
cp_tutorial_3d_monolayer,1,16,1791301918.2690194,1392522,worker_0,W007,ResizeObjects,pattern_group,running,100.0,1,1
cp_tutorial_3d_monolayer,1,16,1791301918.2694926,1392522,worker_0,W007,ResizeObjects,step_completed,success,29.03225806451613,9,31
cp_tutorial_3d_monolayer,1,16,1791301918.2695186,1392522,worker_0,W007,ConvertObjectsToImage,step_started,started,29.03225806451613,9,31
cp_tutorial_3d_monolayer,1,16,1791301918.4336789,1392522,worker_0,W007,ConvertObjectsToImage,pattern_group,running,100.0,1,1
cp_tutorial_3d_monolayer,1,16,1791301918.4338212,1392522,worker_0,W007,ConvertObjectsToImage,step_completed,success,32.25806451612903,10,31
cp_tutorial_3d_monolayer,1,16,1791301918.433843,1392522,worker_0,W007,Threshold,step_started,started,32.25806451612903,10,31
cp_tutorial_3d_monolayer,1,16,1791301918.6252763,1392522,worker_0,W007,Threshold,pattern_group,running,100.0,1,1
cp_tutorial_3d_monolayer,1,16,1791301918.6255631,1392522,worker_0,W007,Threshold,step_completed,success,35.483870967741936,11,31
cp_tutorial_3d_monolayer,1,16,1791301918.625585,1392522,worker_0,W007,ImageMath,step_started,started,35.483870967741936,11,31
cp_tutorial_3d_monolayer,1,16,1791301918.6569002,1392522,worker_0,W007,ImageMath,pattern_group,running,100.0,1,1
cp_tutorial_3d_monolayer,1,16,1791301918.657046,1392522,worker_0,W007,ImageMath,step_completed,success,38.70967741935484,12,31
cp_tutorial_3d_monolayer,1,16,1791301918.6570675,1392522,worker_0,W007,RemoveHoles,step_started,started,38.70967741935484,12,31
cp_tutorial_3d_monolayer,1,16,1791301918.7024512,1392522,worker_0,W007,RemoveHoles,pattern_group,running,100.0,1,1
cp_tutorial_3d_monolayer,1,16,1791301918.7025948,1392522,worker_0,W007,RemoveHoles,step_completed,success,41.935483870967744,13,31
cp_tutorial_3d_monolayer,1,16,1791301918.7026167,1392522,worker_0,W007,ImageMath,step_started,started,41.935483870967744,13,31
cp_tutorial_3d_monolayer,1,16,1791301918.9805522,1392522,worker_0,W007,ImageMath,pattern_group,running,100.0,1,1
cp_tutorial_3d_monolayer,1,16,1791301918.9807012,1392522,worker_0,W007,ImageMath,step_completed,success,45.16129032258064,14,31
cp_tutorial_3d_monolayer,1,16,1791301918.980723,1392522,worker_0,W007,Resize,step_started,started,45.16129032258064,14,31
cp_tutorial_3d_monolayer,1,16,1791301919.0398262,1392522,worker_0,W007,Resize,pattern_group,running,100.0,1,1
cp_tutorial_3d_monolayer,1,16,1791301919.039965,1392522,worker_0,W007,Resize,step_completed,success,48.38709677419355,15,31
cp_tutorial_3d_monolayer,1,16,1791301919.0399861,1392522,worker_0,W007,Closing,step_started,started,48.38709677419355,15,31
cp_tutorial_3d_monolayer,1,16,1791301919.1173205,1392522,worker_0,W007,Closing,pattern_group,running,100.0,1,1
cp_tutorial_3d_monolayer,1,16,1791301919.1174605,1392522,worker_0,W007,Closing,step_completed,success,51.61290322580645,16,31
cp_tutorial_3d_monolayer,1,16,1791301919.1174812,1392522,worker_0,W007,Resize,step_started,started,51.61290322580645,16,31
cp_tutorial_3d_monolayer,1,16,1791301919.1667924,1392522,worker_0,W007,Resize,pattern_group,running,100.0,1,1
cp_tutorial_3d_monolayer,1,16,1791301919.1669388,1392522,worker_0,W007,Resize,step_completed,success,54.83870967741935,17,31
cp_tutorial_3d_monolayer,1,16,1791301919.1669595,1392522,worker_0,W007,Threshold,step_started,started,54.83870967741935,17,31
cp_tutorial_3d_monolayer,1,16,1791301919.3304193,1392522,worker_0,W007,Threshold,pattern_group,running,100.0,1,1
cp_tutorial_3d_monolayer,1,16,1791301919.3306615,1392522,worker_0,W007,Threshold,step_completed,success,58.06451612903226,18,31
cp_tutorial_3d_monolayer,1,16,1791301919.3306818,1392522,worker_0,W007,MaskImage,step_started,started,58.06451612903226,18,31
cp_tutorial_3d_monolayer,1,16,1791301919.375596,1392522,worker_0,W007,MaskImage,pattern_group,running,100.0,1,1
cp_tutorial_3d_monolayer,1,16,1791301919.3757505,1392522,worker_0,W007,MaskImage,step_completed,success,61.29032258064516,19,31
cp_tutorial_3d_monolayer,1,16,1791301919.375773,1392522,worker_0,W007,ErodeImage,step_started,started,61.29032258064516,19,31
cp_tutorial_3d_monolayer,1,16,1791301919.406979,1392522,worker_0,W007,ErodeImage,pattern_group,running,100.0,1,1
cp_tutorial_3d_monolayer,1,16,1791301919.407122,1392522,worker_0,W007,ErodeImage,step_completed,success,64.51612903225806,20,31
cp_tutorial_3d_monolayer,1,16,1791301919.4071424,1392522,worker_0,W007,Watershed,step_started,started,64.51612903225806,20,31
cp_tutorial_3d_monolayer,1,16,1791301919.4963398,1392522,worker_0,W007,Watershed,pattern_group,running,100.0,1,1
cp_tutorial_3d_monolayer,1,16,1791301919.4967248,1392522,worker_0,W007,Watershed,step_completed,success,67.74193548387096,21,31
cp_tutorial_3d_monolayer,1,16,1791301919.496746,1392522,worker_0,W007,MeasureObjectIntensity,step_started,started,67.74193548387096,21,31
cp_tutorial_3d_monolayer,1,16,1791301919.7392185,1392522,worker_0,W007,MeasureObjectIntensity,pattern_group,running,50.0,1,2
cp_tutorial_3d_monolayer,1,16,1791301920.0187511,1392522,worker_0,W007,MeasureObjectIntensity,pattern_group,running,100.0,2,2
cp_tutorial_3d_monolayer,1,16,1791301920.0209546,1392522,worker_0,W007,MeasureObjectIntensity,step_completed,success,70.96774193548387,22,31
cp_tutorial_3d_monolayer,1,16,1791301920.0209794,1392522,worker_0,W007,MeasureObjectSizeShape,step_started,started,70.96774193548387,22,31
cp_tutorial_3d_monolayer,1,16,1791301920.117749,1392522,worker_0,W007,MeasureObjectSizeShape,pattern_group,running,50.0,1,2
cp_tutorial_3d_monolayer,1,16,1791301920.2136018,1392522,worker_0,W007,MeasureObjectSizeShape,pattern_group,running,100.0,2,2
cp_tutorial_3d_monolayer,1,16,1791301920.214178,1392522,worker_0,W007,MeasureObjectSizeShape,step_completed,success,74.19354838709677,23,31
cp_tutorial_3d_monolayer,1,16,1791301920.214201,1392522,worker_0,W007,OverlayObjects,step_started,started,74.19354838709677,23,31
cp_tutorial_3d_monolayer,1,16,1791301920.2535994,1392522,worker_0,W007,OverlayObjects,pattern_group,running,100.0,1,1
cp_tutorial_3d_monolayer,1,16,1791301920.2537167,1392522,worker_0,W007,OverlayObjects,step_completed,success,77.41935483870968,24,31
cp_tutorial_3d_monolayer,1,16,1791301920.2537396,1392522,worker_0,W007,RescaleIntensity,step_started,started,77.41935483870968,24,31
cp_tutorial_3d_monolayer,1,16,1791301920.3580973,1392522,worker_0,W007,RescaleIntensity,pattern_group,running,100.0,1,1
cp_tutorial_3d_monolayer,1,16,1791301920.3582413,1392522,worker_0,W007,RescaleIntensity,step_completed,success,80.64516129032258,25,31
cp_tutorial_3d_monolayer,1,16,1791301920.3582633,1392522,worker_0,W007,OverlayObjects,step_started,started,80.64516129032258,25,31
cp_tutorial_3d_monolayer,1,16,1791301920.3959987,1392522,worker_0,W007,OverlayObjects,pattern_group,running,100.0,1,1
cp_tutorial_3d_monolayer,1,16,1791301920.3961012,1392522,worker_0,W007,OverlayObjects,step_completed,success,83.87096774193549,26,31
cp_tutorial_3d_monolayer,1,16,1791301920.3961222,1392522,worker_0,W007,ConvertObjectsToImage,step_started,started,83.87096774193549,26,31
cp_tutorial_3d_monolayer,1,16,1791301920.4286323,1392522,worker_0,W007,ConvertObjectsToImage,pattern_group,running,100.0,1,1
cp_tutorial_3d_monolayer,1,16,1791301920.428778,1392522,worker_0,W007,ConvertObjectsToImage,step_completed,success,87.09677419354838,27,31
cp_tutorial_3d_monolayer,1,16,1791301920.4288006,1392522,worker_0,W007,SaveImages,step_started,started,87.09677419354838,27,31
cp_tutorial_3d_monolayer,1,16,1791301920.4774344,1392522,worker_0,W007,SaveImages,pattern_group,running,100.0,1,1
cp_tutorial_3d_monolayer,1,16,1791301920.4850204,1392522,worker_0,W007,SaveImages,step_completed,success,90.32258064516128,28,31
cp_tutorial_3d_monolayer,1,16,1791301920.4850652,1392522,worker_0,W007,ConvertObjectsToImage,step_started,started,90.32258064516128,28,31
cp_tutorial_3d_monolayer,1,16,1791301920.5171537,1392522,worker_0,W007,ConvertObjectsToImage,pattern_group,running,100.0,1,1
cp_tutorial_3d_monolayer,1,16,1791301920.517335,1392522,worker_0,W007,ConvertObjectsToImage,step_completed,success,93.54838709677419,29,31
cp_tutorial_3d_monolayer,1,16,1791301920.5173578,1392522,worker_0,W007,SaveImages,step_started,started,93.54838709677419,29,31
cp_tutorial_3d_monolayer,1,16,1791301920.5656822,1392522,worker_0,W007,SaveImages,pattern_group,running,100.0,1,1
cp_tutorial_3d_monolayer,1,16,1791301920.5732174,1392522,worker_0,W007,SaveImages,step_completed,success,96.7741935483871,30,31
cp_tutorial_3d_monolayer,1,16,1791301920.5771358,1392522,worker_0,W007,pipeline,axis_completed,success,96.7741935483871,30,31
cp_tutorial_3d_monolayer,1,16,1791301920.5772185,1392522,worker_0,W008,pipeline,axis_started,started,0.0,0,31
cp_tutorial_3d_monolayer,1,16,1791301920.5772517,1392522,worker_0,W008,RescaleIntensity,step_started,started,0.0,0,31
cp_tutorial_3d_monolayer,1,16,1791301920.8585384,1392522,worker_0,W008,RescaleIntensity,pattern_group,running,100.0,1,1
cp_tutorial_3d_monolayer,1,16,1791301920.8586836,1392522,worker_0,W008,RescaleIntensity,step_completed,success,3.225806451612903,1,31
cp_tutorial_3d_monolayer,1,16,1791301920.8587046,1392522,worker_0,W008,Resize,step_started,started,3.225806451612903,1,31
cp_tutorial_3d_monolayer,1,16,1791301920.9139628,1392522,worker_0,W008,Resize,pattern_group,running,100.0,1,1
cp_tutorial_3d_monolayer,1,16,1791301920.9141054,1392522,worker_0,W008,Resize,step_completed,success,6.451612903225806,2,31
cp_tutorial_3d_monolayer,1,16,1791301920.9141269,1392522,worker_0,W008,MedianFilter,step_started,started,6.451612903225806,2,31
cp_tutorial_3d_monolayer,1,16,1791301921.084641,1392522,worker_0,W008,MedianFilter,pattern_group,running,100.0,1,1
cp_tutorial_3d_monolayer,1,16,1791301921.0847769,1392522,worker_0,W008,MedianFilter,step_completed,success,9.67741935483871,3,31
cp_tutorial_3d_monolayer,1,16,1791301921.0847979,1392522,worker_0,W008,Threshold,step_started,started,9.67741935483871,3,31
cp_tutorial_3d_monolayer,1,16,1791301921.1219878,1392522,worker_0,W008,Threshold,pattern_group,running,100.0,1,1
cp_tutorial_3d_monolayer,1,16,1791301921.1222284,1392522,worker_0,W008,Threshold,step_completed,success,12.903225806451612,4,31
cp_tutorial_3d_monolayer,1,16,1791301921.1222498,1392522,worker_0,W008,RemoveHoles,step_started,started,12.903225806451612,4,31
cp_tutorial_3d_monolayer,1,16,1791301921.1384232,1392522,worker_0,W008,RemoveHoles,pattern_group,running,100.0,1,1
cp_tutorial_3d_monolayer,1,16,1791301921.1385703,1392522,worker_0,W008,RemoveHoles,step_completed,success,16.129032258064516,5,31
cp_tutorial_3d_monolayer,1,16,1791301921.1385906,1392522,worker_0,W008,Watershed,step_started,started,16.129032258064516,5,31
cp_tutorial_3d_monolayer,1,16,1791301921.230881,1392522,worker_0,W008,Watershed,pattern_group,running,100.0,1,1
cp_tutorial_3d_monolayer,1,16,1791301921.231261,1392522,worker_0,W008,Watershed,step_completed,success,19.35483870967742,6,31
cp_tutorial_3d_monolayer,1,16,1791301921.2312877,1392522,worker_0,W008,ResizeObjects,step_started,started,19.35483870967742,6,31
cp_tutorial_3d_monolayer,1,16,1791301921.2592287,1392522,worker_0,W008,ResizeObjects,pattern_group,running,100.0,1,1
cp_tutorial_3d_monolayer,1,16,1791301921.259703,1392522,worker_0,W008,ResizeObjects,step_completed,success,22.58064516129032,7,31
cp_tutorial_3d_monolayer,1,16,1791301921.259725,1392522,worker_0,W008,ErodeObjects,step_started,started,22.58064516129032,7,31
cp_tutorial_3d_monolayer,1,16,1791301921.316815,1392522,worker_0,W008,ErodeObjects,pattern_group,running,100.0,1,1
cp_tutorial_3d_monolayer,1,16,1791301921.317295,1392522,worker_0,W008,ErodeObjects,step_completed,success,25.806451612903224,8,31
cp_tutorial_3d_monolayer,1,16,1791301921.3173203,1392522,worker_0,W008,ResizeObjects,step_started,started,25.806451612903224,8,31
cp_tutorial_3d_monolayer,1,16,1791301921.341178,1392522,worker_0,W008,ResizeObjects,pattern_group,running,100.0,1,1
cp_tutorial_3d_monolayer,1,16,1791301921.3416486,1392522,worker_0,W008,ResizeObjects,step_completed,success,29.03225806451613,9,31
cp_tutorial_3d_monolayer,1,16,1791301921.3416717,1392522,worker_0,W008,ConvertObjectsToImage,step_started,started,29.03225806451613,9,31
cp_tutorial_3d_monolayer,1,16,1791301921.3605297,1392522,worker_0,W008,ConvertObjectsToImage,pattern_group,running,100.0,1,1
cp_tutorial_3d_monolayer,1,16,1791301921.360682,1392522,worker_0,W008,ConvertObjectsToImage,step_completed,success,32.25806451612903,10,31
cp_tutorial_3d_monolayer,1,16,1791301921.3607056,1392522,worker_0,W008,Threshold,step_started,started,32.25806451612903,10,31
cp_tutorial_3d_monolayer,1,16,1791301921.5527916,1392522,worker_0,W008,Threshold,pattern_group,running,100.0,1,1
cp_tutorial_3d_monolayer,1,16,1791301921.5530388,1392522,worker_0,W008,Threshold,step_completed,success,35.483870967741936,11,31
cp_tutorial_3d_monolayer,1,16,1791301921.5530598,1392522,worker_0,W008,ImageMath,step_started,started,35.483870967741936,11,31
cp_tutorial_3d_monolayer,1,16,1791301921.58468,1392522,worker_0,W008,ImageMath,pattern_group,running,100.0,1,1
cp_tutorial_3d_monolayer,1,16,1791301921.584831,1392522,worker_0,W008,ImageMath,step_completed,success,38.70967741935484,12,31
cp_tutorial_3d_monolayer,1,16,1791301921.5848525,1392522,worker_0,W008,RemoveHoles,step_started,started,38.70967741935484,12,31
cp_tutorial_3d_monolayer,1,16,1791301921.6302335,1392522,worker_0,W008,RemoveHoles,pattern_group,running,100.0,1,1
cp_tutorial_3d_monolayer,1,16,1791301921.6303828,1392522,worker_0,W008,RemoveHoles,step_completed,success,41.935483870967744,13,31
cp_tutorial_3d_monolayer,1,16,1791301921.630405,1392522,worker_0,W008,ImageMath,step_started,started,41.935483870967744,13,31
cp_tutorial_3d_monolayer,1,16,1791301921.9075935,1392522,worker_0,W008,ImageMath,pattern_group,running,100.0,1,1
cp_tutorial_3d_monolayer,1,16,1791301921.907741,1392522,worker_0,W008,ImageMath,step_completed,success,45.16129032258064,14,31
cp_tutorial_3d_monolayer,1,16,1791301921.9077625,1392522,worker_0,W008,Resize,step_started,started,45.16129032258064,14,31
cp_tutorial_3d_monolayer,1,16,1791301921.967463,1392522,worker_0,W008,Resize,pattern_group,running,100.0,1,1
cp_tutorial_3d_monolayer,1,16,1791301921.967602,1392522,worker_0,W008,Resize,step_completed,success,48.38709677419355,15,31
cp_tutorial_3d_monolayer,1,16,1791301921.967622,1392522,worker_0,W008,Closing,step_started,started,48.38709677419355,15,31
cp_tutorial_3d_monolayer,1,16,1791301922.0452182,1392522,worker_0,W008,Closing,pattern_group,running,100.0,1,1
cp_tutorial_3d_monolayer,1,16,1791301922.0453627,1392522,worker_0,W008,Closing,step_completed,success,51.61290322580645,16,31
cp_tutorial_3d_monolayer,1,16,1791301922.045383,1392522,worker_0,W008,Resize,step_started,started,51.61290322580645,16,31
cp_tutorial_3d_monolayer,1,16,1791301922.0935566,1392522,worker_0,W008,Resize,pattern_group,running,100.0,1,1
cp_tutorial_3d_monolayer,1,16,1791301922.0936863,1392522,worker_0,W008,Resize,step_completed,success,54.83870967741935,17,31
cp_tutorial_3d_monolayer,1,16,1791301922.0937068,1392522,worker_0,W008,Threshold,step_started,started,54.83870967741935,17,31
cp_tutorial_3d_monolayer,1,16,1791301922.2593808,1392522,worker_0,W008,Threshold,pattern_group,running,100.0,1,1
cp_tutorial_3d_monolayer,1,16,1791301922.2596228,1392522,worker_0,W008,Threshold,step_completed,success,58.06451612903226,18,31
cp_tutorial_3d_monolayer,1,16,1791301922.2596436,1392522,worker_0,W008,MaskImage,step_started,started,58.06451612903226,18,31
cp_tutorial_3d_monolayer,1,16,1791301922.305355,1392522,worker_0,W008,MaskImage,pattern_group,running,100.0,1,1
cp_tutorial_3d_monolayer,1,16,1791301922.305502,1392522,worker_0,W008,MaskImage,step_completed,success,61.29032258064516,19,31
cp_tutorial_3d_monolayer,1,16,1791301922.3055234,1392522,worker_0,W008,ErodeImage,step_started,started,61.29032258064516,19,31
cp_tutorial_3d_monolayer,1,16,1791301922.3369884,1392522,worker_0,W008,ErodeImage,pattern_group,running,100.0,1,1
cp_tutorial_3d_monolayer,1,16,1791301922.3371322,1392522,worker_0,W008,ErodeImage,step_completed,success,64.51612903225806,20,31
cp_tutorial_3d_monolayer,1,16,1791301922.3371525,1392522,worker_0,W008,Watershed,step_started,started,64.51612903225806,20,31
cp_tutorial_3d_monolayer,1,16,1791301922.4420319,1392522,worker_0,W008,Watershed,pattern_group,running,100.0,1,1
cp_tutorial_3d_monolayer,1,16,1791301922.4424286,1392522,worker_0,W008,Watershed,step_completed,success,67.74193548387096,21,31
cp_tutorial_3d_monolayer,1,16,1791301922.4424503,1392522,worker_0,W008,MeasureObjectIntensity,step_started,started,67.74193548387096,21,31
cp_tutorial_3d_monolayer,1,16,1791301922.6855235,1392522,worker_0,W008,MeasureObjectIntensity,pattern_group,running,50.0,1,2
cp_tutorial_3d_monolayer,1,16,1791301922.9644666,1392522,worker_0,W008,MeasureObjectIntensity,pattern_group,running,100.0,2,2
cp_tutorial_3d_monolayer,1,16,1791301922.9666462,1392522,worker_0,W008,MeasureObjectIntensity,step_completed,success,70.96774193548387,22,31
cp_tutorial_3d_monolayer,1,16,1791301922.966669,1392522,worker_0,W008,MeasureObjectSizeShape,step_started,started,70.96774193548387,22,31
cp_tutorial_3d_monolayer,1,16,1791301923.064372,1392522,worker_0,W008,MeasureObjectSizeShape,pattern_group,running,50.0,1,2
cp_tutorial_3d_monolayer,1,16,1791301923.1591225,1392522,worker_0,W008,MeasureObjectSizeShape,pattern_group,running,100.0,2,2
cp_tutorial_3d_monolayer,1,16,1791301923.1597025,1392522,worker_0,W008,MeasureObjectSizeShape,step_completed,success,74.19354838709677,23,31
cp_tutorial_3d_monolayer,1,16,1791301923.1597261,1392522,worker_0,W008,OverlayObjects,step_started,started,74.19354838709677,23,31
cp_tutorial_3d_monolayer,1,16,1791301923.2015603,1392522,worker_0,W008,OverlayObjects,pattern_group,running,100.0,1,1
cp_tutorial_3d_monolayer,1,16,1791301923.2016747,1392522,worker_0,W008,OverlayObjects,step_completed,success,77.41935483870968,24,31
cp_tutorial_3d_monolayer,1,16,1791301923.2016969,1392522,worker_0,W008,RescaleIntensity,step_started,started,77.41935483870968,24,31
cp_tutorial_3d_monolayer,1,16,1791301923.3045712,1392522,worker_0,W008,RescaleIntensity,pattern_group,running,100.0,1,1
cp_tutorial_3d_monolayer,1,16,1791301923.3047116,1392522,worker_0,W008,RescaleIntensity,step_completed,success,80.64516129032258,25,31
cp_tutorial_3d_monolayer,1,16,1791301923.3047323,1392522,worker_0,W008,OverlayObjects,step_started,started,80.64516129032258,25,31
cp_tutorial_3d_monolayer,1,16,1791301923.342969,1392522,worker_0,W008,OverlayObjects,pattern_group,running,100.0,1,1
cp_tutorial_3d_monolayer,1,16,1791301923.3430698,1392522,worker_0,W008,OverlayObjects,step_completed,success,83.87096774193549,26,31
cp_tutorial_3d_monolayer,1,16,1791301923.3430908,1392522,worker_0,W008,ConvertObjectsToImage,step_started,started,83.87096774193549,26,31
cp_tutorial_3d_monolayer,1,16,1791301923.3753333,1392522,worker_0,W008,ConvertObjectsToImage,pattern_group,running,100.0,1,1
cp_tutorial_3d_monolayer,1,16,1791301923.375475,1392522,worker_0,W008,ConvertObjectsToImage,step_completed,success,87.09677419354838,27,31
cp_tutorial_3d_monolayer,1,16,1791301923.3754978,1392522,worker_0,W008,SaveImages,step_started,started,87.09677419354838,27,31
cp_tutorial_3d_monolayer,1,16,1791301923.42468,1392522,worker_0,W008,SaveImages,pattern_group,running,100.0,1,1
cp_tutorial_3d_monolayer,1,16,1791301923.4311132,1392522,worker_0,W008,SaveImages,step_completed,success,90.32258064516128,28,31
cp_tutorial_3d_monolayer,1,16,1791301923.431155,1392522,worker_0,W008,ConvertObjectsToImage,step_started,started,90.32258064516128,28,31
cp_tutorial_3d_monolayer,1,16,1791301923.4633265,1392522,worker_0,W008,ConvertObjectsToImage,pattern_group,running,100.0,1,1
cp_tutorial_3d_monolayer,1,16,1791301923.4635012,1392522,worker_0,W008,ConvertObjectsToImage,step_completed,success,93.54838709677419,29,31
cp_tutorial_3d_monolayer,1,16,1791301923.463524,1392522,worker_0,W008,SaveImages,step_started,started,93.54838709677419,29,31
cp_tutorial_3d_monolayer,1,16,1791301923.5116935,1392522,worker_0,W008,SaveImages,pattern_group,running,100.0,1,1
cp_tutorial_3d_monolayer,1,16,1791301923.5195484,1392522,worker_0,W008,SaveImages,step_completed,success,96.7741935483871,30,31
cp_tutorial_3d_monolayer,1,16,1791301923.52377,1392522,worker_0,W008,pipeline,axis_completed,success,96.7741935483871,30,31
cp_tutorial_3d_monolayer,1,16,1791301923.523864,1392522,worker_0,W009,pipeline,axis_started,started,0.0,0,31
cp_tutorial_3d_monolayer,1,16,1791301923.5239012,1392522,worker_0,W009,RescaleIntensity,step_started,started,0.0,0,31
cp_tutorial_3d_monolayer,1,16,1791301923.9657285,1392522,worker_0,W009,RescaleIntensity,pattern_group,running,100.0,1,1
cp_tutorial_3d_monolayer,1,16,1791301923.965871,1392522,worker_0,W009,RescaleIntensity,step_completed,success,3.225806451612903,1,31
cp_tutorial_3d_monolayer,1,16,1791301923.965892,1392522,worker_0,W009,Resize,step_started,started,3.225806451612903,1,31
cp_tutorial_3d_monolayer,1,16,1791301924.0210476,1392522,worker_0,W009,Resize,pattern_group,running,100.0,1,1
cp_tutorial_3d_monolayer,1,16,1791301924.021186,1392522,worker_0,W009,Resize,step_completed,success,6.451612903225806,2,31
cp_tutorial_3d_monolayer,1,16,1791301924.0212057,1392522,worker_0,W009,MedianFilter,step_started,started,6.451612903225806,2,31
cp_tutorial_3d_monolayer,1,16,1791301924.1877701,1392522,worker_0,W009,MedianFilter,pattern_group,running,100.0,1,1
cp_tutorial_3d_monolayer,1,16,1791301924.1879065,1392522,worker_0,W009,MedianFilter,step_completed,success,9.67741935483871,3,31
cp_tutorial_3d_monolayer,1,16,1791301924.1879275,1392522,worker_0,W009,Threshold,step_started,started,9.67741935483871,3,31
cp_tutorial_3d_monolayer,1,16,1791301924.2244608,1392522,worker_0,W009,Threshold,pattern_group,running,100.0,1,1
cp_tutorial_3d_monolayer,1,16,1791301924.224701,1392522,worker_0,W009,Threshold,step_completed,success,12.903225806451612,4,31
cp_tutorial_3d_monolayer,1,16,1791301924.2247221,1392522,worker_0,W009,RemoveHoles,step_started,started,12.903225806451612,4,31
cp_tutorial_3d_monolayer,1,16,1791301924.2421079,1392522,worker_0,W009,RemoveHoles,pattern_group,running,100.0,1,1
cp_tutorial_3d_monolayer,1,16,1791301924.242249,1392522,worker_0,W009,RemoveHoles,step_completed,success,16.129032258064516,5,31
cp_tutorial_3d_monolayer,1,16,1791301924.2422752,1392522,worker_0,W009,Watershed,step_started,started,16.129032258064516,5,31
cp_tutorial_3d_monolayer,1,16,1791301924.3327947,1392522,worker_0,W009,Watershed,pattern_group,running,100.0,1,1
cp_tutorial_3d_monolayer,1,16,1791301924.3331776,1392522,worker_0,W009,Watershed,step_completed,success,19.35483870967742,6,31
cp_tutorial_3d_monolayer,1,16,1791301924.3331993,1392522,worker_0,W009,ResizeObjects,step_started,started,19.35483870967742,6,31
cp_tutorial_3d_monolayer,1,16,1791301924.360494,1392522,worker_0,W009,ResizeObjects,pattern_group,running,100.0,1,1
cp_tutorial_3d_monolayer,1,16,1791301924.3609672,1392522,worker_0,W009,ResizeObjects,step_completed,success,22.58064516129032,7,31
cp_tutorial_3d_monolayer,1,16,1791301924.3609903,1392522,worker_0,W009,ErodeObjects,step_started,started,22.58064516129032,7,31
cp_tutorial_3d_monolayer,1,16,1791301924.4178205,1392522,worker_0,W009,ErodeObjects,pattern_group,running,100.0,1,1
cp_tutorial_3d_monolayer,1,16,1791301924.4183006,1392522,worker_0,W009,ErodeObjects,step_completed,success,25.806451612903224,8,31
cp_tutorial_3d_monolayer,1,16,1791301924.418325,1392522,worker_0,W009,ResizeObjects,step_started,started,25.806451612903224,8,31
cp_tutorial_3d_monolayer,1,16,1791301924.442108,1392522,worker_0,W009,ResizeObjects,pattern_group,running,100.0,1,1
cp_tutorial_3d_monolayer,1,16,1791301924.4425876,1392522,worker_0,W009,ResizeObjects,step_completed,success,29.03225806451613,9,31
cp_tutorial_3d_monolayer,1,16,1791301924.442613,1392522,worker_0,W009,ConvertObjectsToImage,step_started,started,29.03225806451613,9,31
cp_tutorial_3d_monolayer,1,16,1791301924.461011,1392522,worker_0,W009,ConvertObjectsToImage,pattern_group,running,100.0,1,1
cp_tutorial_3d_monolayer,1,16,1791301924.4611633,1392522,worker_0,W009,ConvertObjectsToImage,step_completed,success,32.25806451612903,10,31
cp_tutorial_3d_monolayer,1,16,1791301924.4611864,1392522,worker_0,W009,Threshold,step_started,started,32.25806451612903,10,31
cp_tutorial_3d_monolayer,1,16,1791301924.65377,1392522,worker_0,W009,Threshold,pattern_group,running,100.0,1,1
cp_tutorial_3d_monolayer,1,16,1791301924.6540208,1392522,worker_0,W009,Threshold,step_completed,success,35.483870967741936,11,31
cp_tutorial_3d_monolayer,1,16,1791301924.6540449,1392522,worker_0,W009,ImageMath,step_started,started,35.483870967741936,11,31
cp_tutorial_3d_monolayer,1,16,1791301924.686302,1392522,worker_0,W009,ImageMath,pattern_group,running,100.0,1,1
cp_tutorial_3d_monolayer,1,16,1791301924.686457,1392522,worker_0,W009,ImageMath,step_completed,success,38.70967741935484,12,31
cp_tutorial_3d_monolayer,1,16,1791301924.6864798,1392522,worker_0,W009,RemoveHoles,step_started,started,38.70967741935484,12,31
cp_tutorial_3d_monolayer,1,16,1791301924.7321448,1392522,worker_0,W009,RemoveHoles,pattern_group,running,100.0,1,1
cp_tutorial_3d_monolayer,1,16,1791301924.732316,1392522,worker_0,W009,RemoveHoles,step_completed,success,41.935483870967744,13,31
cp_tutorial_3d_monolayer,1,16,1791301924.7323432,1392522,worker_0,W009,ImageMath,step_started,started,41.935483870967744,13,31
cp_tutorial_3d_monolayer,1,16,1791301925.0126498,1392522,worker_0,W009,ImageMath,pattern_group,running,100.0,1,1
cp_tutorial_3d_monolayer,1,16,1791301925.0127985,1392522,worker_0,W009,ImageMath,step_completed,success,45.16129032258064,14,31
cp_tutorial_3d_monolayer,1,16,1791301925.01282,1392522,worker_0,W009,Resize,step_started,started,45.16129032258064,14,31
cp_tutorial_3d_monolayer,1,16,1791301925.0720112,1392522,worker_0,W009,Resize,pattern_group,running,100.0,1,1
cp_tutorial_3d_monolayer,1,16,1791301925.0721495,1392522,worker_0,W009,Resize,step_completed,success,48.38709677419355,15,31
cp_tutorial_3d_monolayer,1,16,1791301925.0721703,1392522,worker_0,W009,Closing,step_started,started,48.38709677419355,15,31
cp_tutorial_3d_monolayer,1,16,1791301925.1498446,1392522,worker_0,W009,Closing,pattern_group,running,100.0,1,1
cp_tutorial_3d_monolayer,1,16,1791301925.1499834,1392522,worker_0,W009,Closing,step_completed,success,51.61290322580645,16,31
cp_tutorial_3d_monolayer,1,16,1791301925.1500044,1392522,worker_0,W009,Resize,step_started,started,51.61290322580645,16,31
cp_tutorial_3d_monolayer,1,16,1791301925.2000806,1392522,worker_0,W009,Resize,pattern_group,running,100.0,1,1
cp_tutorial_3d_monolayer,1,16,1791301925.2002206,1392522,worker_0,W009,Resize,step_completed,success,54.83870967741935,17,31
cp_tutorial_3d_monolayer,1,16,1791301925.2002413,1392522,worker_0,W009,Threshold,step_started,started,54.83870967741935,17,31
cp_tutorial_3d_monolayer,1,16,1791301925.3632302,1392522,worker_0,W009,Threshold,pattern_group,running,100.0,1,1
cp_tutorial_3d_monolayer,1,16,1791301925.3634784,1392522,worker_0,W009,Threshold,step_completed,success,58.06451612903226,18,31
cp_tutorial_3d_monolayer,1,16,1791301925.3634999,1392522,worker_0,W009,MaskImage,step_started,started,58.06451612903226,18,31
cp_tutorial_3d_monolayer,1,16,1791301925.408853,1392522,worker_0,W009,MaskImage,pattern_group,running,100.0,1,1
cp_tutorial_3d_monolayer,1,16,1791301925.4090056,1392522,worker_0,W009,MaskImage,step_completed,success,61.29032258064516,19,31
cp_tutorial_3d_monolayer,1,16,1791301925.4090269,1392522,worker_0,W009,ErodeImage,step_started,started,61.29032258064516,19,31
cp_tutorial_3d_monolayer,1,16,1791301925.4404294,1392522,worker_0,W009,ErodeImage,pattern_group,running,100.0,1,1
cp_tutorial_3d_monolayer,1,16,1791301925.4405744,1392522,worker_0,W009,ErodeImage,step_completed,success,64.51612903225806,20,31
cp_tutorial_3d_monolayer,1,16,1791301925.4405954,1392522,worker_0,W009,Watershed,step_started,started,64.51612903225806,20,31
cp_tutorial_3d_monolayer,1,16,1791301925.5480883,1392522,worker_0,W009,Watershed,pattern_group,running,100.0,1,1
cp_tutorial_3d_monolayer,1,16,1791301925.5484889,1392522,worker_0,W009,Watershed,step_completed,success,67.74193548387096,21,31
cp_tutorial_3d_monolayer,1,16,1791301925.548511,1392522,worker_0,W009,MeasureObjectIntensity,step_started,started,67.74193548387096,21,31
cp_tutorial_3d_monolayer,1,16,1791301925.7930152,1392522,worker_0,W009,MeasureObjectIntensity,pattern_group,running,50.0,1,2
cp_tutorial_3d_monolayer,1,16,1791301926.0718045,1392522,worker_0,W009,MeasureObjectIntensity,pattern_group,running,100.0,2,2
cp_tutorial_3d_monolayer,1,16,1791301926.073997,1392522,worker_0,W009,MeasureObjectIntensity,step_completed,success,70.96774193548387,22,31
cp_tutorial_3d_monolayer,1,16,1791301926.0740218,1392522,worker_0,W009,MeasureObjectSizeShape,step_started,started,70.96774193548387,22,31
cp_tutorial_3d_monolayer,1,16,1791301926.171813,1392522,worker_0,W009,MeasureObjectSizeShape,pattern_group,running,50.0,1,2
cp_tutorial_3d_monolayer,1,16,1791301926.2675104,1392522,worker_0,W009,MeasureObjectSizeShape,pattern_group,running,100.0,2,2
cp_tutorial_3d_monolayer,1,16,1791301926.2680817,1392522,worker_0,W009,MeasureObjectSizeShape,step_completed,success,74.19354838709677,23,31
cp_tutorial_3d_monolayer,1,16,1791301926.2681046,1392522,worker_0,W009,OverlayObjects,step_started,started,74.19354838709677,23,31
cp_tutorial_3d_monolayer,1,16,1791301926.3101606,1392522,worker_0,W009,OverlayObjects,pattern_group,running,100.0,1,1
cp_tutorial_3d_monolayer,1,16,1791301926.3102822,1392522,worker_0,W009,OverlayObjects,step_completed,success,77.41935483870968,24,31
cp_tutorial_3d_monolayer,1,16,1791301926.3103042,1392522,worker_0,W009,RescaleIntensity,step_started,started,77.41935483870968,24,31
cp_tutorial_3d_monolayer,1,16,1791301926.4144976,1392522,worker_0,W009,RescaleIntensity,pattern_group,running,100.0,1,1
cp_tutorial_3d_monolayer,1,16,1791301926.414642,1392522,worker_0,W009,RescaleIntensity,step_completed,success,80.64516129032258,25,31
cp_tutorial_3d_monolayer,1,16,1791301926.4147115,1392522,worker_0,W009,OverlayObjects,step_started,started,80.64516129032258,25,31
cp_tutorial_3d_monolayer,1,16,1791301926.455652,1392522,worker_0,W009,OverlayObjects,pattern_group,running,100.0,1,1
cp_tutorial_3d_monolayer,1,16,1791301926.455754,1392522,worker_0,W009,OverlayObjects,step_completed,success,83.87096774193549,26,31
cp_tutorial_3d_monolayer,1,16,1791301926.4557765,1392522,worker_0,W009,ConvertObjectsToImage,step_started,started,83.87096774193549,26,31
cp_tutorial_3d_monolayer,1,16,1791301926.487381,1392522,worker_0,W009,ConvertObjectsToImage,pattern_group,running,100.0,1,1
cp_tutorial_3d_monolayer,1,16,1791301926.4875243,1392522,worker_0,W009,ConvertObjectsToImage,step_completed,success,87.09677419354838,27,31
cp_tutorial_3d_monolayer,1,16,1791301926.4875474,1392522,worker_0,W009,SaveImages,step_started,started,87.09677419354838,27,31
cp_tutorial_3d_monolayer,1,16,1791301926.5370603,1392522,worker_0,W009,SaveImages,pattern_group,running,100.0,1,1
cp_tutorial_3d_monolayer,1,16,1791301926.5446312,1392522,worker_0,W009,SaveImages,step_completed,success,90.32258064516128,28,31
cp_tutorial_3d_monolayer,1,16,1791301926.5446787,1392522,worker_0,W009,ConvertObjectsToImage,step_started,started,90.32258064516128,28,31
cp_tutorial_3d_monolayer,1,16,1791301926.5788972,1392522,worker_0,W009,ConvertObjectsToImage,pattern_group,running,100.0,1,1
cp_tutorial_3d_monolayer,1,16,1791301926.5790732,1392522,worker_0,W009,ConvertObjectsToImage,step_completed,success,93.54838709677419,29,31
cp_tutorial_3d_monolayer,1,16,1791301926.579096,1392522,worker_0,W009,SaveImages,step_started,started,93.54838709677419,29,31
cp_tutorial_3d_monolayer,1,16,1791301926.6279783,1392522,worker_0,W009,SaveImages,pattern_group,running,100.0,1,1
cp_tutorial_3d_monolayer,1,16,1791301926.6349897,1392522,worker_0,W009,SaveImages,step_completed,success,96.7741935483871,30,31
cp_tutorial_3d_monolayer,1,16,1791301926.6388817,1392522,worker_0,W009,pipeline,axis_completed,success,96.7741935483871,30,31
cp_tutorial_3d_monolayer,1,16,1791301926.6389568,1392522,worker_0,W010,pipeline,axis_started,started,0.0,0,31
cp_tutorial_3d_monolayer,1,16,1791301926.6389885,1392522,worker_0,W010,RescaleIntensity,step_started,started,0.0,0,31
cp_tutorial_3d_monolayer,1,16,1791301926.920135,1392522,worker_0,W010,RescaleIntensity,pattern_group,running,100.0,1,1
cp_tutorial_3d_monolayer,1,16,1791301926.9202833,1392522,worker_0,W010,RescaleIntensity,step_completed,success,3.225806451612903,1,31
cp_tutorial_3d_monolayer,1,16,1791301926.9203043,1392522,worker_0,W010,Resize,step_started,started,3.225806451612903,1,31
cp_tutorial_3d_monolayer,1,16,1791301926.9764898,1392522,worker_0,W010,Resize,pattern_group,running,100.0,1,1
cp_tutorial_3d_monolayer,1,16,1791301926.9766302,1392522,worker_0,W010,Resize,step_completed,success,6.451612903225806,2,31
cp_tutorial_3d_monolayer,1,16,1791301926.9766514,1392522,worker_0,W010,MedianFilter,step_started,started,6.451612903225806,2,31
cp_tutorial_3d_monolayer,1,16,1791301927.1457722,1392522,worker_0,W010,MedianFilter,pattern_group,running,100.0,1,1
cp_tutorial_3d_monolayer,1,16,1791301927.1459115,1392522,worker_0,W010,MedianFilter,step_completed,success,9.67741935483871,3,31
cp_tutorial_3d_monolayer,1,16,1791301927.145932,1392522,worker_0,W010,Threshold,step_started,started,9.67741935483871,3,31
cp_tutorial_3d_monolayer,1,16,1791301927.183609,1392522,worker_0,W010,Threshold,pattern_group,running,100.0,1,1
cp_tutorial_3d_monolayer,1,16,1791301927.1838477,1392522,worker_0,W010,Threshold,step_completed,success,12.903225806451612,4,31
cp_tutorial_3d_monolayer,1,16,1791301927.1838686,1392522,worker_0,W010,RemoveHoles,step_started,started,12.903225806451612,4,31
cp_tutorial_3d_monolayer,1,16,1791301927.2009032,1392522,worker_0,W010,RemoveHoles,pattern_group,running,100.0,1,1
cp_tutorial_3d_monolayer,1,16,1791301927.2010496,1392522,worker_0,W010,RemoveHoles,step_completed,success,16.129032258064516,5,31
cp_tutorial_3d_monolayer,1,16,1791301927.2010708,1392522,worker_0,W010,Watershed,step_started,started,16.129032258064516,5,31
cp_tutorial_3d_monolayer,1,16,1791301927.2918363,1392522,worker_0,W010,Watershed,pattern_group,running,100.0,1,1
cp_tutorial_3d_monolayer,1,16,1791301927.2922208,1392522,worker_0,W010,Watershed,step_completed,success,19.35483870967742,6,31
cp_tutorial_3d_monolayer,1,16,1791301927.2922425,1392522,worker_0,W010,ResizeObjects,step_started,started,19.35483870967742,6,31
cp_tutorial_3d_monolayer,1,16,1791301927.3198364,1392522,worker_0,W010,ResizeObjects,pattern_group,running,100.0,1,1
cp_tutorial_3d_monolayer,1,16,1791301927.320307,1392522,worker_0,W010,ResizeObjects,step_completed,success,22.58064516129032,7,31
cp_tutorial_3d_monolayer,1,16,1791301927.3203294,1392522,worker_0,W010,ErodeObjects,step_started,started,22.58064516129032,7,31
cp_tutorial_3d_monolayer,1,16,1791301927.3771408,1392522,worker_0,W010,ErodeObjects,pattern_group,running,100.0,1,1
cp_tutorial_3d_monolayer,1,16,1791301927.3776174,1392522,worker_0,W010,ErodeObjects,step_completed,success,25.806451612903224,8,31
cp_tutorial_3d_monolayer,1,16,1791301927.3776417,1392522,worker_0,W010,ResizeObjects,step_started,started,25.806451612903224,8,31
cp_tutorial_3d_monolayer,1,16,1791301927.4015481,1392522,worker_0,W010,ResizeObjects,pattern_group,running,100.0,1,1
cp_tutorial_3d_monolayer,1,16,1791301927.4020207,1392522,worker_0,W010,ResizeObjects,step_completed,success,29.03225806451613,9,31
cp_tutorial_3d_monolayer,1,16,1791301927.4020433,1392522,worker_0,W010,ConvertObjectsToImage,step_started,started,29.03225806451613,9,31
cp_tutorial_3d_monolayer,1,16,1791301927.4208307,1392522,worker_0,W010,ConvertObjectsToImage,pattern_group,running,100.0,1,1
cp_tutorial_3d_monolayer,1,16,1791301927.4209833,1392522,worker_0,W010,ConvertObjectsToImage,step_completed,success,32.25806451612903,10,31
cp_tutorial_3d_monolayer,1,16,1791301927.4210072,1392522,worker_0,W010,Threshold,step_started,started,32.25806451612903,10,31
cp_tutorial_3d_monolayer,1,16,1791301927.6125338,1392522,worker_0,W010,Threshold,pattern_group,running,100.0,1,1
cp_tutorial_3d_monolayer,1,16,1791301927.6127803,1392522,worker_0,W010,Threshold,step_completed,success,35.483870967741936,11,31
cp_tutorial_3d_monolayer,1,16,1791301927.6128016,1392522,worker_0,W010,ImageMath,step_started,started,35.483870967741936,11,31
cp_tutorial_3d_monolayer,1,16,1791301927.6439734,1392522,worker_0,W010,ImageMath,pattern_group,running,100.0,1,1
cp_tutorial_3d_monolayer,1,16,1791301927.6441252,1392522,worker_0,W010,ImageMath,step_completed,success,38.70967741935484,12,31
cp_tutorial_3d_monolayer,1,16,1791301927.644147,1392522,worker_0,W010,RemoveHoles,step_started,started,38.70967741935484,12,31
cp_tutorial_3d_monolayer,1,16,1791301927.6892135,1392522,worker_0,W010,RemoveHoles,pattern_group,running,100.0,1,1
cp_tutorial_3d_monolayer,1,16,1791301927.689361,1392522,worker_0,W010,RemoveHoles,step_completed,success,41.935483870967744,13,31
cp_tutorial_3d_monolayer,1,16,1791301927.6893823,1392522,worker_0,W010,ImageMath,step_started,started,41.935483870967744,13,31
cp_tutorial_3d_monolayer,1,16,1791301927.9675915,1392522,worker_0,W010,ImageMath,pattern_group,running,100.0,1,1
cp_tutorial_3d_monolayer,1,16,1791301927.9677384,1392522,worker_0,W010,ImageMath,step_completed,success,45.16129032258064,14,31
cp_tutorial_3d_monolayer,1,16,1791301927.967759,1392522,worker_0,W010,Resize,step_started,started,45.16129032258064,14,31
cp_tutorial_3d_monolayer,1,16,1791301928.0273893,1392522,worker_0,W010,Resize,pattern_group,running,100.0,1,1
cp_tutorial_3d_monolayer,1,16,1791301928.0275292,1392522,worker_0,W010,Resize,step_completed,success,48.38709677419355,15,31
cp_tutorial_3d_monolayer,1,16,1791301928.0275505,1392522,worker_0,W010,Closing,step_started,started,48.38709677419355,15,31
cp_tutorial_3d_monolayer,1,16,1791301928.104903,1392522,worker_0,W010,Closing,pattern_group,running,100.0,1,1
cp_tutorial_3d_monolayer,1,16,1791301928.1050465,1392522,worker_0,W010,Closing,step_completed,success,51.61290322580645,16,31
cp_tutorial_3d_monolayer,1,16,1791301928.1050673,1392522,worker_0,W010,Resize,step_started,started,51.61290322580645,16,31
cp_tutorial_3d_monolayer,1,16,1791301928.1537807,1392522,worker_0,W010,Resize,pattern_group,running,100.0,1,1
cp_tutorial_3d_monolayer,1,16,1791301928.1539207,1392522,worker_0,W010,Resize,step_completed,success,54.83870967741935,17,31
cp_tutorial_3d_monolayer,1,16,1791301928.1539419,1392522,worker_0,W010,Threshold,step_started,started,54.83870967741935,17,31
cp_tutorial_3d_monolayer,1,16,1791301928.3193288,1392522,worker_0,W010,Threshold,pattern_group,running,100.0,1,1
cp_tutorial_3d_monolayer,1,16,1791301928.319569,1392522,worker_0,W010,Threshold,step_completed,success,58.06451612903226,18,31
cp_tutorial_3d_monolayer,1,16,1791301928.3195896,1392522,worker_0,W010,MaskImage,step_started,started,58.06451612903226,18,31
cp_tutorial_3d_monolayer,1,16,1791301928.3649561,1392522,worker_0,W010,MaskImage,pattern_group,running,100.0,1,1
cp_tutorial_3d_monolayer,1,16,1791301928.3651066,1392522,worker_0,W010,MaskImage,step_completed,success,61.29032258064516,19,31
cp_tutorial_3d_monolayer,1,16,1791301928.3651276,1392522,worker_0,W010,ErodeImage,step_started,started,61.29032258064516,19,31
cp_tutorial_3d_monolayer,1,16,1791301928.3965378,1392522,worker_0,W010,ErodeImage,pattern_group,running,100.0,1,1
cp_tutorial_3d_monolayer,1,16,1791301928.3966806,1392522,worker_0,W010,ErodeImage,step_completed,success,64.51612903225806,20,31
cp_tutorial_3d_monolayer,1,16,1791301928.3967018,1392522,worker_0,W010,Watershed,step_started,started,64.51612903225806,20,31
cp_tutorial_3d_monolayer,1,16,1791301928.4831574,1392522,worker_0,W010,Watershed,pattern_group,running,100.0,1,1
cp_tutorial_3d_monolayer,1,16,1791301928.4835618,1392522,worker_0,W010,Watershed,step_completed,success,67.74193548387096,21,31
cp_tutorial_3d_monolayer,1,16,1791301928.4835835,1392522,worker_0,W010,MeasureObjectIntensity,step_started,started,67.74193548387096,21,31
cp_tutorial_3d_monolayer,1,16,1791301928.727246,1392522,worker_0,W010,MeasureObjectIntensity,pattern_group,running,50.0,1,2
cp_tutorial_3d_monolayer,1,16,1791301929.0057204,1392522,worker_0,W010,MeasureObjectIntensity,pattern_group,running,100.0,2,2
cp_tutorial_3d_monolayer,1,16,1791301929.0079114,1392522,worker_0,W010,MeasureObjectIntensity,step_completed,success,70.96774193548387,22,31
cp_tutorial_3d_monolayer,1,16,1791301929.0079362,1392522,worker_0,W010,MeasureObjectSizeShape,step_started,started,70.96774193548387,22,31
cp_tutorial_3d_monolayer,1,16,1791301929.1044872,1392522,worker_0,W010,MeasureObjectSizeShape,pattern_group,running,50.0,1,2
cp_tutorial_3d_monolayer,1,16,1791301929.199692,1392522,worker_0,W010,MeasureObjectSizeShape,pattern_group,running,100.0,2,2
cp_tutorial_3d_monolayer,1,16,1791301929.200268,1392522,worker_0,W010,MeasureObjectSizeShape,step_completed,success,74.19354838709677,23,31
cp_tutorial_3d_monolayer,1,16,1791301929.2002974,1392522,worker_0,W010,OverlayObjects,step_started,started,74.19354838709677,23,31
cp_tutorial_3d_monolayer,1,16,1791301929.2388074,1392522,worker_0,W010,OverlayObjects,pattern_group,running,100.0,1,1
cp_tutorial_3d_monolayer,1,16,1791301929.2389238,1392522,worker_0,W010,OverlayObjects,step_completed,success,77.41935483870968,24,31
cp_tutorial_3d_monolayer,1,16,1791301929.2389457,1392522,worker_0,W010,RescaleIntensity,step_started,started,77.41935483870968,24,31
cp_tutorial_3d_monolayer,1,16,1791301929.3469636,1392522,worker_0,W010,RescaleIntensity,pattern_group,running,100.0,1,1
cp_tutorial_3d_monolayer,1,16,1791301929.3471072,1392522,worker_0,W010,RescaleIntensity,step_completed,success,80.64516129032258,25,31
cp_tutorial_3d_monolayer,1,16,1791301929.347129,1392522,worker_0,W010,OverlayObjects,step_started,started,80.64516129032258,25,31
cp_tutorial_3d_monolayer,1,16,1791301929.3880687,1392522,worker_0,W010,OverlayObjects,pattern_group,running,100.0,1,1
cp_tutorial_3d_monolayer,1,16,1791301929.3881667,1392522,worker_0,W010,OverlayObjects,step_completed,success,83.87096774193549,26,31
cp_tutorial_3d_monolayer,1,16,1791301929.388187,1392522,worker_0,W010,ConvertObjectsToImage,step_started,started,83.87096774193549,26,31
cp_tutorial_3d_monolayer,1,16,1791301929.419754,1392522,worker_0,W010,ConvertObjectsToImage,pattern_group,running,100.0,1,1
cp_tutorial_3d_monolayer,1,16,1791301929.4198973,1392522,worker_0,W010,ConvertObjectsToImage,step_completed,success,87.09677419354838,27,31
cp_tutorial_3d_monolayer,1,16,1791301929.4199197,1392522,worker_0,W010,SaveImages,step_started,started,87.09677419354838,27,31
cp_tutorial_3d_monolayer,1,16,1791301929.4683135,1392522,worker_0,W010,SaveImages,pattern_group,running,100.0,1,1
cp_tutorial_3d_monolayer,1,16,1791301929.47488,1392522,worker_0,W010,SaveImages,step_completed,success,90.32258064516128,28,31
cp_tutorial_3d_monolayer,1,16,1791301929.4749234,1392522,worker_0,W010,ConvertObjectsToImage,step_started,started,90.32258064516128,28,31
cp_tutorial_3d_monolayer,1,16,1791301929.5080953,1392522,worker_0,W010,ConvertObjectsToImage,pattern_group,running,100.0,1,1
cp_tutorial_3d_monolayer,1,16,1791301929.508277,1392522,worker_0,W010,ConvertObjectsToImage,step_completed,success,93.54838709677419,29,31
cp_tutorial_3d_monolayer,1,16,1791301929.5083,1392522,worker_0,W010,SaveImages,step_started,started,93.54838709677419,29,31
cp_tutorial_3d_monolayer,1,16,1791301929.5577807,1392522,worker_0,W010,SaveImages,pattern_group,running,100.0,1,1
cp_tutorial_3d_monolayer,1,16,1791301929.564817,1392522,worker_0,W010,SaveImages,step_completed,success,96.7741935483871,30,31
cp_tutorial_3d_monolayer,1,16,1791301929.5679972,1392522,worker_0,W010,pipeline,axis_completed,success,96.7741935483871,30,31
cp_tutorial_3d_monolayer,1,16,1791301929.5680733,1392522,worker_0,W011,pipeline,axis_started,started,0.0,0,31
cp_tutorial_3d_monolayer,1,16,1791301929.568104,1392522,worker_0,W011,RescaleIntensity,step_started,started,0.0,0,31
cp_tutorial_3d_monolayer,1,16,1791301929.852134,1392522,worker_0,W011,RescaleIntensity,pattern_group,running,100.0,1,1
cp_tutorial_3d_monolayer,1,16,1791301929.852284,1392522,worker_0,W011,RescaleIntensity,step_completed,success,3.225806451612903,1,31
cp_tutorial_3d_monolayer,1,16,1791301929.8523052,1392522,worker_0,W011,Resize,step_started,started,3.225806451612903,1,31
cp_tutorial_3d_monolayer,1,16,1791301929.907864,1392522,worker_0,W011,Resize,pattern_group,running,100.0,1,1
cp_tutorial_3d_monolayer,1,16,1791301929.9080026,1392522,worker_0,W011,Resize,step_completed,success,6.451612903225806,2,31
cp_tutorial_3d_monolayer,1,16,1791301929.9080229,1392522,worker_0,W011,MedianFilter,step_started,started,6.451612903225806,2,31
cp_tutorial_3d_monolayer,1,16,1791301930.0750046,1392522,worker_0,W011,MedianFilter,pattern_group,running,100.0,1,1
cp_tutorial_3d_monolayer,1,16,1791301930.0751421,1392522,worker_0,W011,MedianFilter,step_completed,success,9.67741935483871,3,31
cp_tutorial_3d_monolayer,1,16,1791301930.075162,1392522,worker_0,W011,Threshold,step_started,started,9.67741935483871,3,31
cp_tutorial_3d_monolayer,1,16,1791301930.111497,1392522,worker_0,W011,Threshold,pattern_group,running,100.0,1,1
cp_tutorial_3d_monolayer,1,16,1791301930.1117394,1392522,worker_0,W011,Threshold,step_completed,success,12.903225806451612,4,31
cp_tutorial_3d_monolayer,1,16,1791301930.1117601,1392522,worker_0,W011,RemoveHoles,step_started,started,12.903225806451612,4,31
cp_tutorial_3d_monolayer,1,16,1791301930.1287959,1392522,worker_0,W011,RemoveHoles,pattern_group,running,100.0,1,1
cp_tutorial_3d_monolayer,1,16,1791301930.1289418,1392522,worker_0,W011,RemoveHoles,step_completed,success,16.129032258064516,5,31
cp_tutorial_3d_monolayer,1,16,1791301930.128963,1392522,worker_0,W011,Watershed,step_started,started,16.129032258064516,5,31
cp_tutorial_3d_monolayer,1,16,1791301930.2210488,1392522,worker_0,W011,Watershed,pattern_group,running,100.0,1,1
cp_tutorial_3d_monolayer,1,16,1791301930.2214353,1392522,worker_0,W011,Watershed,step_completed,success,19.35483870967742,6,31
cp_tutorial_3d_monolayer,1,16,1791301930.2214565,1392522,worker_0,W011,ResizeObjects,step_started,started,19.35483870967742,6,31
cp_tutorial_3d_monolayer,1,16,1791301930.2483234,1392522,worker_0,W011,ResizeObjects,pattern_group,running,100.0,1,1
cp_tutorial_3d_monolayer,1,16,1791301930.2487984,1392522,worker_0,W011,ResizeObjects,step_completed,success,22.58064516129032,7,31
cp_tutorial_3d_monolayer,1,16,1791301930.2488215,1392522,worker_0,W011,ErodeObjects,step_started,started,22.58064516129032,7,31
cp_tutorial_3d_monolayer,1,16,1791301930.306523,1392522,worker_0,W011,ErodeObjects,pattern_group,running,100.0,1,1
cp_tutorial_3d_monolayer,1,16,1791301930.3069751,1392522,worker_0,W011,ErodeObjects,step_completed,success,25.806451612903224,8,31
cp_tutorial_3d_monolayer,1,16,1791301930.3069975,1392522,worker_0,W011,ResizeObjects,step_started,started,25.806451612903224,8,31
cp_tutorial_3d_monolayer,1,16,1791301930.330636,1392522,worker_0,W011,ResizeObjects,pattern_group,running,100.0,1,1
cp_tutorial_3d_monolayer,1,16,1791301930.331102,1392522,worker_0,W011,ResizeObjects,step_completed,success,29.03225806451613,9,31
cp_tutorial_3d_monolayer,1,16,1791301930.3311245,1392522,worker_0,W011,ConvertObjectsToImage,step_started,started,29.03225806451613,9,31
cp_tutorial_3d_monolayer,1,16,1791301930.350281,1392522,worker_0,W011,ConvertObjectsToImage,pattern_group,running,100.0,1,1
cp_tutorial_3d_monolayer,1,16,1791301930.3504424,1392522,worker_0,W011,ConvertObjectsToImage,step_completed,success,32.25806451612903,10,31
cp_tutorial_3d_monolayer,1,16,1791301930.3504658,1392522,worker_0,W011,Threshold,step_started,started,32.25806451612903,10,31
cp_tutorial_3d_monolayer,1,16,1791301930.543245,1392522,worker_0,W011,Threshold,pattern_group,running,100.0,1,1
cp_tutorial_3d_monolayer,1,16,1791301930.543496,1392522,worker_0,W011,Threshold,step_completed,success,35.483870967741936,11,31
cp_tutorial_3d_monolayer,1,16,1791301930.5435174,1392522,worker_0,W011,ImageMath,step_started,started,35.483870967741936,11,31
cp_tutorial_3d_monolayer,1,16,1791301930.5751424,1392522,worker_0,W011,ImageMath,pattern_group,running,100.0,1,1
cp_tutorial_3d_monolayer,1,16,1791301930.5753386,1392522,worker_0,W011,ImageMath,step_completed,success,38.70967741935484,12,31
cp_tutorial_3d_monolayer,1,16,1791301930.5753663,1392522,worker_0,W011,RemoveHoles,step_started,started,38.70967741935484,12,31
cp_tutorial_3d_monolayer,1,16,1791301930.6206331,1392522,worker_0,W011,RemoveHoles,pattern_group,running,100.0,1,1
cp_tutorial_3d_monolayer,1,16,1791301930.6207712,1392522,worker_0,W011,RemoveHoles,step_completed,success,41.935483870967744,13,31
cp_tutorial_3d_monolayer,1,16,1791301930.6207936,1392522,worker_0,W011,ImageMath,step_started,started,41.935483870967744,13,31
cp_tutorial_3d_monolayer,1,16,1791301931.084419,1392522,worker_0,W011,ImageMath,pattern_group,running,100.0,1,1
cp_tutorial_3d_monolayer,1,16,1791301931.0845702,1392522,worker_0,W011,ImageMath,step_completed,success,45.16129032258064,14,31
cp_tutorial_3d_monolayer,1,16,1791301931.0845914,1392522,worker_0,W011,Resize,step_started,started,45.16129032258064,14,31
cp_tutorial_3d_monolayer,1,16,1791301931.1434844,1392522,worker_0,W011,Resize,pattern_group,running,100.0,1,1
cp_tutorial_3d_monolayer,1,16,1791301931.1436253,1392522,worker_0,W011,Resize,step_completed,success,48.38709677419355,15,31
cp_tutorial_3d_monolayer,1,16,1791301931.1436455,1392522,worker_0,W011,Closing,step_started,started,48.38709677419355,15,31
cp_tutorial_3d_monolayer,1,16,1791301931.222181,1392522,worker_0,W011,Closing,pattern_group,running,100.0,1,1
cp_tutorial_3d_monolayer,1,16,1791301931.222326,1392522,worker_0,W011,Closing,step_completed,success,51.61290322580645,16,31
cp_tutorial_3d_monolayer,1,16,1791301931.2223468,1392522,worker_0,W011,Resize,step_started,started,51.61290322580645,16,31
cp_tutorial_3d_monolayer,1,16,1791301931.2711945,1392522,worker_0,W011,Resize,pattern_group,running,100.0,1,1
cp_tutorial_3d_monolayer,1,16,1791301931.2713425,1392522,worker_0,W011,Resize,step_completed,success,54.83870967741935,17,31
cp_tutorial_3d_monolayer,1,16,1791301931.2713633,1392522,worker_0,W011,Threshold,step_started,started,54.83870967741935,17,31
cp_tutorial_3d_monolayer,1,16,1791301931.4334471,1392522,worker_0,W011,Threshold,pattern_group,running,100.0,1,1
cp_tutorial_3d_monolayer,1,16,1791301931.4336863,1392522,worker_0,W011,Threshold,step_completed,success,58.06451612903226,18,31
cp_tutorial_3d_monolayer,1,16,1791301931.4337068,1392522,worker_0,W011,MaskImage,step_started,started,58.06451612903226,18,31
cp_tutorial_3d_monolayer,1,16,1791301931.4789748,1392522,worker_0,W011,MaskImage,pattern_group,running,100.0,1,1
cp_tutorial_3d_monolayer,1,16,1791301931.4791253,1392522,worker_0,W011,MaskImage,step_completed,success,61.29032258064516,19,31
cp_tutorial_3d_monolayer,1,16,1791301931.4791467,1392522,worker_0,W011,ErodeImage,step_started,started,61.29032258064516,19,31
cp_tutorial_3d_monolayer,1,16,1791301931.5101588,1392522,worker_0,W011,ErodeImage,pattern_group,running,100.0,1,1
cp_tutorial_3d_monolayer,1,16,1791301931.5103085,1392522,worker_0,W011,ErodeImage,step_completed,success,64.51612903225806,20,31
cp_tutorial_3d_monolayer,1,16,1791301931.5103304,1392522,worker_0,W011,Watershed,step_started,started,64.51612903225806,20,31
cp_tutorial_3d_monolayer,1,16,1791301931.5996294,1392522,worker_0,W011,Watershed,pattern_group,running,100.0,1,1
cp_tutorial_3d_monolayer,1,16,1791301931.6000125,1392522,worker_0,W011,Watershed,step_completed,success,67.74193548387096,21,31
cp_tutorial_3d_monolayer,1,16,1791301931.6000338,1392522,worker_0,W011,MeasureObjectIntensity,step_started,started,67.74193548387096,21,31
cp_tutorial_3d_monolayer,1,16,1791301931.8426225,1392522,worker_0,W011,MeasureObjectIntensity,pattern_group,running,50.0,1,2
cp_tutorial_3d_monolayer,1,16,1791301932.1213303,1392522,worker_0,W011,MeasureObjectIntensity,pattern_group,running,100.0,2,2
cp_tutorial_3d_monolayer,1,16,1791301932.123518,1392522,worker_0,W011,MeasureObjectIntensity,step_completed,success,70.96774193548387,22,31
cp_tutorial_3d_monolayer,1,16,1791301932.123542,1392522,worker_0,W011,MeasureObjectSizeShape,step_started,started,70.96774193548387,22,31
cp_tutorial_3d_monolayer,1,16,1791301932.2201903,1392522,worker_0,W011,MeasureObjectSizeShape,pattern_group,running,50.0,1,2
cp_tutorial_3d_monolayer,1,16,1791301932.3154132,1392522,worker_0,W011,MeasureObjectSizeShape,pattern_group,running,100.0,2,2
cp_tutorial_3d_monolayer,1,16,1791301932.3159983,1392522,worker_0,W011,MeasureObjectSizeShape,step_completed,success,74.19354838709677,23,31
cp_tutorial_3d_monolayer,1,16,1791301932.3160248,1392522,worker_0,W011,OverlayObjects,step_started,started,74.19354838709677,23,31
cp_tutorial_3d_monolayer,1,16,1791301932.3546538,1392522,worker_0,W011,OverlayObjects,pattern_group,running,100.0,1,1
cp_tutorial_3d_monolayer,1,16,1791301932.3547683,1392522,worker_0,W011,OverlayObjects,step_completed,success,77.41935483870968,24,31
cp_tutorial_3d_monolayer,1,16,1791301932.354789,1392522,worker_0,W011,RescaleIntensity,step_started,started,77.41935483870968,24,31
cp_tutorial_3d_monolayer,1,16,1791301932.4575007,1392522,worker_0,W011,RescaleIntensity,pattern_group,running,100.0,1,1
cp_tutorial_3d_monolayer,1,16,1791301932.4576435,1392522,worker_0,W011,RescaleIntensity,step_completed,success,80.64516129032258,25,31
cp_tutorial_3d_monolayer,1,16,1791301932.4576652,1392522,worker_0,W011,OverlayObjects,step_started,started,80.64516129032258,25,31
cp_tutorial_3d_monolayer,1,16,1791301932.4947205,1392522,worker_0,W011,OverlayObjects,pattern_group,running,100.0,1,1
cp_tutorial_3d_monolayer,1,16,1791301932.4948199,1392522,worker_0,W011,OverlayObjects,step_completed,success,83.87096774193549,26,31
cp_tutorial_3d_monolayer,1,16,1791301932.4948418,1392522,worker_0,W011,ConvertObjectsToImage,step_started,started,83.87096774193549,26,31
cp_tutorial_3d_monolayer,1,16,1791301932.526304,1392522,worker_0,W011,ConvertObjectsToImage,pattern_group,running,100.0,1,1
cp_tutorial_3d_monolayer,1,16,1791301932.5264487,1392522,worker_0,W011,ConvertObjectsToImage,step_completed,success,87.09677419354838,27,31
cp_tutorial_3d_monolayer,1,16,1791301932.5264711,1392522,worker_0,W011,SaveImages,step_started,started,87.09677419354838,27,31
cp_tutorial_3d_monolayer,1,16,1791301932.575316,1392522,worker_0,W011,SaveImages,pattern_group,running,100.0,1,1
cp_tutorial_3d_monolayer,1,16,1791301932.5817382,1392522,worker_0,W011,SaveImages,step_completed,success,90.32258064516128,28,31
cp_tutorial_3d_monolayer,1,16,1791301932.581777,1392522,worker_0,W011,ConvertObjectsToImage,step_started,started,90.32258064516128,28,31
cp_tutorial_3d_monolayer,1,16,1791301932.6149008,1392522,worker_0,W011,ConvertObjectsToImage,pattern_group,running,100.0,1,1
cp_tutorial_3d_monolayer,1,16,1791301932.6150746,1392522,worker_0,W011,ConvertObjectsToImage,step_completed,success,93.54838709677419,29,31
cp_tutorial_3d_monolayer,1,16,1791301932.615097,1392522,worker_0,W011,SaveImages,step_started,started,93.54838709677419,29,31
cp_tutorial_3d_monolayer,1,16,1791301932.6636608,1392522,worker_0,W011,SaveImages,pattern_group,running,100.0,1,1
cp_tutorial_3d_monolayer,1,16,1791301932.6707842,1392522,worker_0,W011,SaveImages,step_completed,success,96.7741935483871,30,31
cp_tutorial_3d_monolayer,1,16,1791301932.675008,1392522,worker_0,W011,pipeline,axis_completed,success,96.7741935483871,30,31
cp_tutorial_3d_monolayer,1,16,1791301932.675109,1392522,worker_0,W012,pipeline,axis_started,started,0.0,0,31
cp_tutorial_3d_monolayer,1,16,1791301932.6751432,1392522,worker_0,W012,RescaleIntensity,step_started,started,0.0,0,31
cp_tutorial_3d_monolayer,1,16,1791301932.9582381,1392522,worker_0,W012,RescaleIntensity,pattern_group,running,100.0,1,1
cp_tutorial_3d_monolayer,1,16,1791301932.9583886,1392522,worker_0,W012,RescaleIntensity,step_completed,success,3.225806451612903,1,31
cp_tutorial_3d_monolayer,1,16,1791301932.95841,1392522,worker_0,W012,Resize,step_started,started,3.225806451612903,1,31
cp_tutorial_3d_monolayer,1,16,1791301933.0134666,1392522,worker_0,W012,Resize,pattern_group,running,100.0,1,1
cp_tutorial_3d_monolayer,1,16,1791301933.0135984,1392522,worker_0,W012,Resize,step_completed,success,6.451612903225806,2,31
cp_tutorial_3d_monolayer,1,16,1791301933.0136192,1392522,worker_0,W012,MedianFilter,step_started,started,6.451612903225806,2,31
cp_tutorial_3d_monolayer,1,16,1791301933.181518,1392522,worker_0,W012,MedianFilter,pattern_group,running,100.0,1,1
cp_tutorial_3d_monolayer,1,16,1791301933.181694,1392522,worker_0,W012,MedianFilter,step_completed,success,9.67741935483871,3,31
cp_tutorial_3d_monolayer,1,16,1791301933.1817205,1392522,worker_0,W012,Threshold,step_started,started,9.67741935483871,3,31
cp_tutorial_3d_monolayer,1,16,1791301933.2201607,1392522,worker_0,W012,Threshold,pattern_group,running,100.0,1,1
cp_tutorial_3d_monolayer,1,16,1791301933.2204092,1392522,worker_0,W012,Threshold,step_completed,success,12.903225806451612,4,31
cp_tutorial_3d_monolayer,1,16,1791301933.2204304,1392522,worker_0,W012,RemoveHoles,step_started,started,12.903225806451612,4,31
cp_tutorial_3d_monolayer,1,16,1791301933.236894,1392522,worker_0,W012,RemoveHoles,pattern_group,running,100.0,1,1
cp_tutorial_3d_monolayer,1,16,1791301933.2370386,1392522,worker_0,W012,RemoveHoles,step_completed,success,16.129032258064516,5,31
cp_tutorial_3d_monolayer,1,16,1791301933.237059,1392522,worker_0,W012,Watershed,step_started,started,16.129032258064516,5,31
cp_tutorial_3d_monolayer,1,16,1791301933.3286119,1392522,worker_0,W012,Watershed,pattern_group,running,100.0,1,1
cp_tutorial_3d_monolayer,1,16,1791301933.3289917,1392522,worker_0,W012,Watershed,step_completed,success,19.35483870967742,6,31
cp_tutorial_3d_monolayer,1,16,1791301933.3290136,1392522,worker_0,W012,ResizeObjects,step_started,started,19.35483870967742,6,31
cp_tutorial_3d_monolayer,1,16,1791301933.356833,1392522,worker_0,W012,ResizeObjects,pattern_group,running,100.0,1,1
cp_tutorial_3d_monolayer,1,16,1791301933.3573155,1392522,worker_0,W012,ResizeObjects,step_completed,success,22.58064516129032,7,31
cp_tutorial_3d_monolayer,1,16,1791301933.3573372,1392522,worker_0,W012,ErodeObjects,step_started,started,22.58064516129032,7,31
cp_tutorial_3d_monolayer,1,16,1791301933.414033,1392522,worker_0,W012,ErodeObjects,pattern_group,running,100.0,1,1
cp_tutorial_3d_monolayer,1,16,1791301933.4145157,1392522,worker_0,W012,ErodeObjects,step_completed,success,25.806451612903224,8,31
cp_tutorial_3d_monolayer,1,16,1791301933.4145405,1392522,worker_0,W012,ResizeObjects,step_started,started,25.806451612903224,8,31
cp_tutorial_3d_monolayer,1,16,1791301933.438016,1392522,worker_0,W012,ResizeObjects,pattern_group,running,100.0,1,1
cp_tutorial_3d_monolayer,1,16,1791301933.438495,1392522,worker_0,W012,ResizeObjects,step_completed,success,29.03225806451613,9,31
cp_tutorial_3d_monolayer,1,16,1791301933.43852,1392522,worker_0,W012,ConvertObjectsToImage,step_started,started,29.03225806451613,9,31
cp_tutorial_3d_monolayer,1,16,1791301933.4567726,1392522,worker_0,W012,ConvertObjectsToImage,pattern_group,running,100.0,1,1
cp_tutorial_3d_monolayer,1,16,1791301933.4569213,1392522,worker_0,W012,ConvertObjectsToImage,step_completed,success,32.25806451612903,10,31
cp_tutorial_3d_monolayer,1,16,1791301933.4569445,1392522,worker_0,W012,Threshold,step_started,started,32.25806451612903,10,31
cp_tutorial_3d_monolayer,1,16,1791301933.648575,1392522,worker_0,W012,Threshold,pattern_group,running,100.0,1,1
cp_tutorial_3d_monolayer,1,16,1791301933.648831,1392522,worker_0,W012,Threshold,step_completed,success,35.483870967741936,11,31
cp_tutorial_3d_monolayer,1,16,1791301933.6488538,1392522,worker_0,W012,ImageMath,step_started,started,35.483870967741936,11,31
cp_tutorial_3d_monolayer,1,16,1791301933.6808352,1392522,worker_0,W012,ImageMath,pattern_group,running,100.0,1,1
cp_tutorial_3d_monolayer,1,16,1791301933.680989,1392522,worker_0,W012,ImageMath,step_completed,success,38.70967741935484,12,31
cp_tutorial_3d_monolayer,1,16,1791301933.6810105,1392522,worker_0,W012,RemoveHoles,step_started,started,38.70967741935484,12,31
cp_tutorial_3d_monolayer,1,16,1791301933.7264864,1392522,worker_0,W012,RemoveHoles,pattern_group,running,100.0,1,1
cp_tutorial_3d_monolayer,1,16,1791301933.7266345,1392522,worker_0,W012,RemoveHoles,step_completed,success,41.935483870967744,13,31
cp_tutorial_3d_monolayer,1,16,1791301933.7266576,1392522,worker_0,W012,ImageMath,step_started,started,41.935483870967744,13,31
cp_tutorial_3d_monolayer,1,16,1791301934.0035598,1392522,worker_0,W012,ImageMath,pattern_group,running,100.0,1,1
cp_tutorial_3d_monolayer,1,16,1791301934.0037131,1392522,worker_0,W012,ImageMath,step_completed,success,45.16129032258064,14,31
cp_tutorial_3d_monolayer,1,16,1791301934.0037348,1392522,worker_0,W012,Resize,step_started,started,45.16129032258064,14,31
cp_tutorial_3d_monolayer,1,16,1791301934.0626028,1392522,worker_0,W012,Resize,pattern_group,running,100.0,1,1
cp_tutorial_3d_monolayer,1,16,1791301934.0627425,1392522,worker_0,W012,Resize,step_completed,success,48.38709677419355,15,31
cp_tutorial_3d_monolayer,1,16,1791301934.0627627,1392522,worker_0,W012,Closing,step_started,started,48.38709677419355,15,31
cp_tutorial_3d_monolayer,1,16,1791301934.1404464,1392522,worker_0,W012,Closing,pattern_group,running,100.0,1,1
cp_tutorial_3d_monolayer,1,16,1791301934.1405756,1392522,worker_0,W012,Closing,step_completed,success,51.61290322580645,16,31
cp_tutorial_3d_monolayer,1,16,1791301934.1405964,1392522,worker_0,W012,Resize,step_started,started,51.61290322580645,16,31
cp_tutorial_3d_monolayer,1,16,1791301934.1901107,1392522,worker_0,W012,Resize,pattern_group,running,100.0,1,1
cp_tutorial_3d_monolayer,1,16,1791301934.1902492,1392522,worker_0,W012,Resize,step_completed,success,54.83870967741935,17,31
cp_tutorial_3d_monolayer,1,16,1791301934.1902745,1392522,worker_0,W012,Threshold,step_started,started,54.83870967741935,17,31
cp_tutorial_3d_monolayer,1,16,1791301934.352603,1392522,worker_0,W012,Threshold,pattern_group,running,100.0,1,1
cp_tutorial_3d_monolayer,1,16,1791301934.3528469,1392522,worker_0,W012,Threshold,step_completed,success,58.06451612903226,18,31
cp_tutorial_3d_monolayer,1,16,1791301934.352868,1392522,worker_0,W012,MaskImage,step_started,started,58.06451612903226,18,31
cp_tutorial_3d_monolayer,1,16,1791301934.398527,1392522,worker_0,W012,MaskImage,pattern_group,running,100.0,1,1
cp_tutorial_3d_monolayer,1,16,1791301934.3986704,1392522,worker_0,W012,MaskImage,step_completed,success,61.29032258064516,19,31
cp_tutorial_3d_monolayer,1,16,1791301934.3986917,1392522,worker_0,W012,ErodeImage,step_started,started,61.29032258064516,19,31
cp_tutorial_3d_monolayer,1,16,1791301934.4296708,1392522,worker_0,W012,ErodeImage,pattern_group,running,100.0,1,1
cp_tutorial_3d_monolayer,1,16,1791301934.429812,1392522,worker_0,W012,ErodeImage,step_completed,success,64.51612903225806,20,31
cp_tutorial_3d_monolayer,1,16,1791301934.429833,1392522,worker_0,W012,Watershed,step_started,started,64.51612903225806,20,31
cp_tutorial_3d_monolayer,1,16,1791301934.5152266,1392522,worker_0,W012,Watershed,pattern_group,running,100.0,1,1
cp_tutorial_3d_monolayer,1,16,1791301934.515632,1392522,worker_0,W012,Watershed,step_completed,success,67.74193548387096,21,31
cp_tutorial_3d_monolayer,1,16,1791301934.5156543,1392522,worker_0,W012,MeasureObjectIntensity,step_started,started,67.74193548387096,21,31
cp_tutorial_3d_monolayer,1,16,1791301934.7589884,1392522,worker_0,W012,MeasureObjectIntensity,pattern_group,running,50.0,1,2
cp_tutorial_3d_monolayer,1,16,1791301935.0360959,1392522,worker_0,W012,MeasureObjectIntensity,pattern_group,running,100.0,2,2
cp_tutorial_3d_monolayer,1,16,1791301935.0382657,1392522,worker_0,W012,MeasureObjectIntensity,step_completed,success,70.96774193548387,22,31
cp_tutorial_3d_monolayer,1,16,1791301935.038294,1392522,worker_0,W012,MeasureObjectSizeShape,step_started,started,70.96774193548387,22,31
cp_tutorial_3d_monolayer,1,16,1791301935.1348908,1392522,worker_0,W012,MeasureObjectSizeShape,pattern_group,running,50.0,1,2
cp_tutorial_3d_monolayer,1,16,1791301935.2294977,1392522,worker_0,W012,MeasureObjectSizeShape,pattern_group,running,100.0,2,2
cp_tutorial_3d_monolayer,1,16,1791301935.2300715,1392522,worker_0,W012,MeasureObjectSizeShape,step_completed,success,74.19354838709677,23,31
cp_tutorial_3d_monolayer,1,16,1791301935.2300942,1392522,worker_0,W012,OverlayObjects,step_started,started,74.19354838709677,23,31
cp_tutorial_3d_monolayer,1,16,1791301935.2563088,1392522,worker_0,W012,OverlayObjects,pattern_group,running,100.0,1,1
cp_tutorial_3d_monolayer,1,16,1791301935.2564247,1392522,worker_0,W012,OverlayObjects,step_completed,success,77.41935483870968,24,31
cp_tutorial_3d_monolayer,1,16,1791301935.2564461,1392522,worker_0,W012,RescaleIntensity,step_started,started,77.41935483870968,24,31
cp_tutorial_3d_monolayer,1,16,1791301935.3588471,1392522,worker_0,W012,RescaleIntensity,pattern_group,running,100.0,1,1
cp_tutorial_3d_monolayer,1,16,1791301935.3589904,1392522,worker_0,W012,RescaleIntensity,step_completed,success,80.64516129032258,25,31
cp_tutorial_3d_monolayer,1,16,1791301935.3590126,1392522,worker_0,W012,OverlayObjects,step_started,started,80.64516129032258,25,31
cp_tutorial_3d_monolayer,1,16,1791301935.38196,1392522,worker_0,W012,OverlayObjects,pattern_group,running,100.0,1,1
cp_tutorial_3d_monolayer,1,16,1791301935.3820617,1392522,worker_0,W012,OverlayObjects,step_completed,success,83.87096774193549,26,31
cp_tutorial_3d_monolayer,1,16,1791301935.3820827,1392522,worker_0,W012,ConvertObjectsToImage,step_started,started,83.87096774193549,26,31
cp_tutorial_3d_monolayer,1,16,1791301935.4139285,1392522,worker_0,W012,ConvertObjectsToImage,pattern_group,running,100.0,1,1
cp_tutorial_3d_monolayer,1,16,1791301935.4140737,1392522,worker_0,W012,ConvertObjectsToImage,step_completed,success,87.09677419354838,27,31
cp_tutorial_3d_monolayer,1,16,1791301935.4140959,1392522,worker_0,W012,SaveImages,step_started,started,87.09677419354838,27,31
cp_tutorial_3d_monolayer,1,16,1791301935.4623199,1392522,worker_0,W012,SaveImages,pattern_group,running,100.0,1,1
cp_tutorial_3d_monolayer,1,16,1791301935.4687946,1392522,worker_0,W012,SaveImages,step_completed,success,90.32258064516128,28,31
cp_tutorial_3d_monolayer,1,16,1791301935.468835,1392522,worker_0,W012,ConvertObjectsToImage,step_started,started,90.32258064516128,28,31
cp_tutorial_3d_monolayer,1,16,1791301935.5018823,1392522,worker_0,W012,ConvertObjectsToImage,pattern_group,running,100.0,1,1
cp_tutorial_3d_monolayer,1,16,1791301935.5020485,1392522,worker_0,W012,ConvertObjectsToImage,step_completed,success,93.54838709677419,29,31
cp_tutorial_3d_monolayer,1,16,1791301935.5020702,1392522,worker_0,W012,SaveImages,step_started,started,93.54838709677419,29,31
cp_tutorial_3d_monolayer,1,16,1791301935.5510316,1392522,worker_0,W012,SaveImages,pattern_group,running,100.0,1,1
cp_tutorial_3d_monolayer,1,16,1791301935.5574841,1392522,worker_0,W012,SaveImages,step_completed,success,96.7741935483871,30,31
cp_tutorial_3d_monolayer,1,16,1791301935.560493,1392522,worker_0,W012,pipeline,axis_completed,success,96.7741935483871,30,31
cp_tutorial_3d_monolayer,1,16,1791301935.560569,1392522,worker_0,W013,pipeline,axis_started,started,0.0,0,31
cp_tutorial_3d_monolayer,1,16,1791301935.5605996,1392522,worker_0,W013,RescaleIntensity,step_started,started,0.0,0,31
cp_tutorial_3d_monolayer,1,16,1791301935.838786,1392522,worker_0,W013,RescaleIntensity,pattern_group,running,100.0,1,1
cp_tutorial_3d_monolayer,1,16,1791301935.83893,1392522,worker_0,W013,RescaleIntensity,step_completed,success,3.225806451612903,1,31
cp_tutorial_3d_monolayer,1,16,1791301935.838951,1392522,worker_0,W013,Resize,step_started,started,3.225806451612903,1,31
cp_tutorial_3d_monolayer,1,16,1791301935.8945,1392522,worker_0,W013,Resize,pattern_group,running,100.0,1,1
cp_tutorial_3d_monolayer,1,16,1791301935.894637,1392522,worker_0,W013,Resize,step_completed,success,6.451612903225806,2,31
cp_tutorial_3d_monolayer,1,16,1791301935.8946583,1392522,worker_0,W013,MedianFilter,step_started,started,6.451612903225806,2,31
cp_tutorial_3d_monolayer,1,16,1791301936.060396,1392522,worker_0,W013,MedianFilter,pattern_group,running,100.0,1,1
cp_tutorial_3d_monolayer,1,16,1791301936.060531,1392522,worker_0,W013,MedianFilter,step_completed,success,9.67741935483871,3,31
cp_tutorial_3d_monolayer,1,16,1791301936.0605512,1392522,worker_0,W013,Threshold,step_started,started,9.67741935483871,3,31
cp_tutorial_3d_monolayer,1,16,1791301936.0968697,1392522,worker_0,W013,Threshold,pattern_group,running,100.0,1,1
cp_tutorial_3d_monolayer,1,16,1791301936.097107,1392522,worker_0,W013,Threshold,step_completed,success,12.903225806451612,4,31
cp_tutorial_3d_monolayer,1,16,1791301936.0971284,1392522,worker_0,W013,RemoveHoles,step_started,started,12.903225806451612,4,31
cp_tutorial_3d_monolayer,1,16,1791301936.1140816,1392522,worker_0,W013,RemoveHoles,pattern_group,running,100.0,1,1
cp_tutorial_3d_monolayer,1,16,1791301936.114224,1392522,worker_0,W013,RemoveHoles,step_completed,success,16.129032258064516,5,31
cp_tutorial_3d_monolayer,1,16,1791301936.114246,1392522,worker_0,W013,Watershed,step_started,started,16.129032258064516,5,31
cp_tutorial_3d_monolayer,1,16,1791301936.2051222,1392522,worker_0,W013,Watershed,pattern_group,running,100.0,1,1
cp_tutorial_3d_monolayer,1,16,1791301936.2055116,1392522,worker_0,W013,Watershed,step_completed,success,19.35483870967742,6,31
cp_tutorial_3d_monolayer,1,16,1791301936.2055335,1392522,worker_0,W013,ResizeObjects,step_started,started,19.35483870967742,6,31
cp_tutorial_3d_monolayer,1,16,1791301936.2323625,1392522,worker_0,W013,ResizeObjects,pattern_group,running,100.0,1,1
cp_tutorial_3d_monolayer,1,16,1791301936.2328312,1392522,worker_0,W013,ResizeObjects,step_completed,success,22.58064516129032,7,31
cp_tutorial_3d_monolayer,1,16,1791301936.2328534,1392522,worker_0,W013,ErodeObjects,step_started,started,22.58064516129032,7,31
cp_tutorial_3d_monolayer,1,16,1791301936.2891166,1392522,worker_0,W013,ErodeObjects,pattern_group,running,100.0,1,1
cp_tutorial_3d_monolayer,1,16,1791301936.2895973,1392522,worker_0,W013,ErodeObjects,step_completed,success,25.806451612903224,8,31
cp_tutorial_3d_monolayer,1,16,1791301936.2896223,1392522,worker_0,W013,ResizeObjects,step_started,started,25.806451612903224,8,31
cp_tutorial_3d_monolayer,1,16,1791301936.313532,1392522,worker_0,W013,ResizeObjects,pattern_group,running,100.0,1,1
cp_tutorial_3d_monolayer,1,16,1791301936.3139975,1392522,worker_0,W013,ResizeObjects,step_completed,success,29.03225806451613,9,31
cp_tutorial_3d_monolayer,1,16,1791301936.314021,1392522,worker_0,W013,ConvertObjectsToImage,step_started,started,29.03225806451613,9,31
cp_tutorial_3d_monolayer,1,16,1791301936.3324037,1392522,worker_0,W013,ConvertObjectsToImage,pattern_group,running,100.0,1,1
cp_tutorial_3d_monolayer,1,16,1791301936.3325486,1392522,worker_0,W013,ConvertObjectsToImage,step_completed,success,32.25806451612903,10,31
cp_tutorial_3d_monolayer,1,16,1791301936.3325708,1392522,worker_0,W013,Threshold,step_started,started,32.25806451612903,10,31
cp_tutorial_3d_monolayer,1,16,1791301936.5251262,1392522,worker_0,W013,Threshold,pattern_group,running,100.0,1,1
cp_tutorial_3d_monolayer,1,16,1791301936.5253818,1392522,worker_0,W013,Threshold,step_completed,success,35.483870967741936,11,31
cp_tutorial_3d_monolayer,1,16,1791301936.5254035,1392522,worker_0,W013,ImageMath,step_started,started,35.483870967741936,11,31
cp_tutorial_3d_monolayer,1,16,1791301936.5571744,1392522,worker_0,W013,ImageMath,pattern_group,running,100.0,1,1
cp_tutorial_3d_monolayer,1,16,1791301936.5573292,1392522,worker_0,W013,ImageMath,step_completed,success,38.70967741935484,12,31
cp_tutorial_3d_monolayer,1,16,1791301936.5573506,1392522,worker_0,W013,RemoveHoles,step_started,started,38.70967741935484,12,31
cp_tutorial_3d_monolayer,1,16,1791301936.602887,1392522,worker_0,W013,RemoveHoles,pattern_group,running,100.0,1,1
cp_tutorial_3d_monolayer,1,16,1791301936.603039,1392522,worker_0,W013,RemoveHoles,step_completed,success,41.935483870967744,13,31
cp_tutorial_3d_monolayer,1,16,1791301936.6030602,1392522,worker_0,W013,ImageMath,step_started,started,41.935483870967744,13,31
cp_tutorial_3d_monolayer,1,16,1791301936.8777478,1392522,worker_0,W013,ImageMath,pattern_group,running,100.0,1,1
cp_tutorial_3d_monolayer,1,16,1791301936.8778946,1392522,worker_0,W013,ImageMath,step_completed,success,45.16129032258064,14,31
cp_tutorial_3d_monolayer,1,16,1791301936.877916,1392522,worker_0,W013,Resize,step_started,started,45.16129032258064,14,31
cp_tutorial_3d_monolayer,1,16,1791301936.936981,1392522,worker_0,W013,Resize,pattern_group,running,100.0,1,1
cp_tutorial_3d_monolayer,1,16,1791301936.937129,1392522,worker_0,W013,Resize,step_completed,success,48.38709677419355,15,31
cp_tutorial_3d_monolayer,1,16,1791301936.9371505,1392522,worker_0,W013,Closing,step_started,started,48.38709677419355,15,31
cp_tutorial_3d_monolayer,1,16,1791301937.0158455,1392522,worker_0,W013,Closing,pattern_group,running,100.0,1,1
cp_tutorial_3d_monolayer,1,16,1791301937.015984,1392522,worker_0,W013,Closing,step_completed,success,51.61290322580645,16,31
cp_tutorial_3d_monolayer,1,16,1791301937.016005,1392522,worker_0,W013,Resize,step_started,started,51.61290322580645,16,31
cp_tutorial_3d_monolayer,1,16,1791301937.0648422,1392522,worker_0,W013,Resize,pattern_group,running,100.0,1,1
cp_tutorial_3d_monolayer,1,16,1791301937.0649784,1392522,worker_0,W013,Resize,step_completed,success,54.83870967741935,17,31
cp_tutorial_3d_monolayer,1,16,1791301937.0649989,1392522,worker_0,W013,Threshold,step_started,started,54.83870967741935,17,31
cp_tutorial_3d_monolayer,1,16,1791301937.2278626,1392522,worker_0,W013,Threshold,pattern_group,running,100.0,1,1
cp_tutorial_3d_monolayer,1,16,1791301937.2281058,1392522,worker_0,W013,Threshold,step_completed,success,58.06451612903226,18,31
cp_tutorial_3d_monolayer,1,16,1791301937.2281253,1392522,worker_0,W013,MaskImage,step_started,started,58.06451612903226,18,31
cp_tutorial_3d_monolayer,1,16,1791301937.2728689,1392522,worker_0,W013,MaskImage,pattern_group,running,100.0,1,1
cp_tutorial_3d_monolayer,1,16,1791301937.2730167,1392522,worker_0,W013,MaskImage,step_completed,success,61.29032258064516,19,31
cp_tutorial_3d_monolayer,1,16,1791301937.2730372,1392522,worker_0,W013,ErodeImage,step_started,started,61.29032258064516,19,31
cp_tutorial_3d_monolayer,1,16,1791301937.3041952,1392522,worker_0,W013,ErodeImage,pattern_group,running,100.0,1,1
cp_tutorial_3d_monolayer,1,16,1791301937.3043458,1392522,worker_0,W013,ErodeImage,step_completed,success,64.51612903225806,20,31
cp_tutorial_3d_monolayer,1,16,1791301937.3043666,1392522,worker_0,W013,Watershed,step_started,started,64.51612903225806,20,31
cp_tutorial_3d_monolayer,1,16,1791301937.3898358,1392522,worker_0,W013,Watershed,pattern_group,running,100.0,1,1
cp_tutorial_3d_monolayer,1,16,1791301937.3902235,1392522,worker_0,W013,Watershed,step_completed,success,67.74193548387096,21,31
cp_tutorial_3d_monolayer,1,16,1791301937.3902447,1392522,worker_0,W013,MeasureObjectIntensity,step_started,started,67.74193548387096,21,31
cp_tutorial_3d_monolayer,1,16,1791301937.6310575,1392522,worker_0,W013,MeasureObjectIntensity,pattern_group,running,50.0,1,2
cp_tutorial_3d_monolayer,1,16,1791301937.9073784,1392522,worker_0,W013,MeasureObjectIntensity,pattern_group,running,100.0,2,2
cp_tutorial_3d_monolayer,1,16,1791301937.9095545,1392522,worker_0,W013,MeasureObjectIntensity,step_completed,success,70.96774193548387,22,31
cp_tutorial_3d_monolayer,1,16,1791301937.9095783,1392522,worker_0,W013,MeasureObjectSizeShape,step_started,started,70.96774193548387,22,31
cp_tutorial_3d_monolayer,1,16,1791301938.0070112,1392522,worker_0,W013,MeasureObjectSizeShape,pattern_group,running,50.0,1,2
cp_tutorial_3d_monolayer,1,16,1791301938.10182,1392522,worker_0,W013,MeasureObjectSizeShape,pattern_group,running,100.0,2,2
cp_tutorial_3d_monolayer,1,16,1791301938.1023908,1392522,worker_0,W013,MeasureObjectSizeShape,step_completed,success,74.19354838709677,23,31
cp_tutorial_3d_monolayer,1,16,1791301938.1024144,1392522,worker_0,W013,OverlayObjects,step_started,started,74.19354838709677,23,31
cp_tutorial_3d_monolayer,1,16,1791301938.1318047,1392522,worker_0,W013,OverlayObjects,pattern_group,running,100.0,1,1
cp_tutorial_3d_monolayer,1,16,1791301938.1319184,1392522,worker_0,W013,OverlayObjects,step_completed,success,77.41935483870968,24,31
cp_tutorial_3d_monolayer,1,16,1791301938.1319404,1392522,worker_0,W013,RescaleIntensity,step_started,started,77.41935483870968,24,31
cp_tutorial_3d_monolayer,1,16,1791301938.2361155,1392522,worker_0,W013,RescaleIntensity,pattern_group,running,100.0,1,1
cp_tutorial_3d_monolayer,1,16,1791301938.2362905,1392522,worker_0,W013,RescaleIntensity,step_completed,success,80.64516129032258,25,31
cp_tutorial_3d_monolayer,1,16,1791301938.2363126,1392522,worker_0,W013,OverlayObjects,step_started,started,80.64516129032258,25,31
cp_tutorial_3d_monolayer,1,16,1791301938.2638707,1392522,worker_0,W013,OverlayObjects,pattern_group,running,100.0,1,1
cp_tutorial_3d_monolayer,1,16,1791301938.2639751,1392522,worker_0,W013,OverlayObjects,step_completed,success,83.87096774193549,26,31
cp_tutorial_3d_monolayer,1,16,1791301938.2639966,1392522,worker_0,W013,ConvertObjectsToImage,step_started,started,83.87096774193549,26,31
cp_tutorial_3d_monolayer,1,16,1791301938.2959363,1392522,worker_0,W013,ConvertObjectsToImage,pattern_group,running,100.0,1,1
cp_tutorial_3d_monolayer,1,16,1791301938.2960796,1392522,worker_0,W013,ConvertObjectsToImage,step_completed,success,87.09677419354838,27,31
cp_tutorial_3d_monolayer,1,16,1791301938.2961009,1392522,worker_0,W013,SaveImages,step_started,started,87.09677419354838,27,31
cp_tutorial_3d_monolayer,1,16,1791301938.343718,1392522,worker_0,W013,SaveImages,pattern_group,running,100.0,1,1
cp_tutorial_3d_monolayer,1,16,1791301938.3508334,1392522,worker_0,W013,SaveImages,step_completed,success,90.32258064516128,28,31
cp_tutorial_3d_monolayer,1,16,1791301938.3509066,1392522,worker_0,W013,ConvertObjectsToImage,step_started,started,90.32258064516128,28,31
cp_tutorial_3d_monolayer,1,16,1791301938.3836591,1392522,worker_0,W013,ConvertObjectsToImage,pattern_group,running,100.0,1,1
cp_tutorial_3d_monolayer,1,16,1791301938.3838277,1392522,worker_0,W013,ConvertObjectsToImage,step_completed,success,93.54838709677419,29,31
cp_tutorial_3d_monolayer,1,16,1791301938.3838508,1392522,worker_0,W013,SaveImages,step_started,started,93.54838709677419,29,31
cp_tutorial_3d_monolayer,1,16,1791301938.433519,1392522,worker_0,W013,SaveImages,pattern_group,running,100.0,1,1
cp_tutorial_3d_monolayer,1,16,1791301938.4399242,1392522,worker_0,W013,SaveImages,step_completed,success,96.7741935483871,30,31
cp_tutorial_3d_monolayer,1,16,1791301938.4428885,1392522,worker_0,W013,pipeline,axis_completed,success,96.7741935483871,30,31
cp_tutorial_3d_monolayer,1,16,1791301938.4429622,1392522,worker_0,W014,pipeline,axis_started,started,0.0,0,31
cp_tutorial_3d_monolayer,1,16,1791301938.4429924,1392522,worker_0,W014,RescaleIntensity,step_started,started,0.0,0,31
cp_tutorial_3d_monolayer,1,16,1791301938.9258502,1392522,worker_0,W014,RescaleIntensity,pattern_group,running,100.0,1,1
cp_tutorial_3d_monolayer,1,16,1791301938.9259865,1392522,worker_0,W014,RescaleIntensity,step_completed,success,3.225806451612903,1,31
cp_tutorial_3d_monolayer,1,16,1791301938.9260094,1392522,worker_0,W014,Resize,step_started,started,3.225806451612903,1,31
cp_tutorial_3d_monolayer,1,16,1791301938.9814548,1392522,worker_0,W014,Resize,pattern_group,running,100.0,1,1
cp_tutorial_3d_monolayer,1,16,1791301938.9815917,1392522,worker_0,W014,Resize,step_completed,success,6.451612903225806,2,31
cp_tutorial_3d_monolayer,1,16,1791301938.981612,1392522,worker_0,W014,MedianFilter,step_started,started,6.451612903225806,2,31
cp_tutorial_3d_monolayer,1,16,1791301939.1465495,1392522,worker_0,W014,MedianFilter,pattern_group,running,100.0,1,1
cp_tutorial_3d_monolayer,1,16,1791301939.1466851,1392522,worker_0,W014,MedianFilter,step_completed,success,9.67741935483871,3,31
cp_tutorial_3d_monolayer,1,16,1791301939.1467059,1392522,worker_0,W014,Threshold,step_started,started,9.67741935483871,3,31
cp_tutorial_3d_monolayer,1,16,1791301939.184091,1392522,worker_0,W014,Threshold,pattern_group,running,100.0,1,1
cp_tutorial_3d_monolayer,1,16,1791301939.1845973,1392522,worker_0,W014,Threshold,step_completed,success,12.903225806451612,4,31
cp_tutorial_3d_monolayer,1,16,1791301939.1846254,1392522,worker_0,W014,RemoveHoles,step_started,started,12.903225806451612,4,31
cp_tutorial_3d_monolayer,1,16,1791301939.2017665,1392522,worker_0,W014,RemoveHoles,pattern_group,running,100.0,1,1
cp_tutorial_3d_monolayer,1,16,1791301939.2019055,1392522,worker_0,W014,RemoveHoles,step_completed,success,16.129032258064516,5,31
cp_tutorial_3d_monolayer,1,16,1791301939.201927,1392522,worker_0,W014,Watershed,step_started,started,16.129032258064516,5,31
cp_tutorial_3d_monolayer,1,16,1791301939.2926033,1392522,worker_0,W014,Watershed,pattern_group,running,100.0,1,1
cp_tutorial_3d_monolayer,1,16,1791301939.2929811,1392522,worker_0,W014,Watershed,step_completed,success,19.35483870967742,6,31
cp_tutorial_3d_monolayer,1,16,1791301939.2930028,1392522,worker_0,W014,ResizeObjects,step_started,started,19.35483870967742,6,31
cp_tutorial_3d_monolayer,1,16,1791301939.3223467,1392522,worker_0,W014,ResizeObjects,pattern_group,running,100.0,1,1
cp_tutorial_3d_monolayer,1,16,1791301939.3228133,1392522,worker_0,W014,ResizeObjects,step_completed,success,22.58064516129032,7,31
cp_tutorial_3d_monolayer,1,16,1791301939.3228354,1392522,worker_0,W014,ErodeObjects,step_started,started,22.58064516129032,7,31
cp_tutorial_3d_monolayer,1,16,1791301939.3757172,1392522,worker_0,W014,ErodeObjects,pattern_group,running,100.0,1,1
cp_tutorial_3d_monolayer,1,16,1791301939.376165,1392522,worker_0,W014,ErodeObjects,step_completed,success,25.806451612903224,8,31
cp_tutorial_3d_monolayer,1,16,1791301939.3761873,1392522,worker_0,W014,ResizeObjects,step_started,started,25.806451612903224,8,31
cp_tutorial_3d_monolayer,1,16,1791301939.4004984,1392522,worker_0,W014,ResizeObjects,pattern_group,running,100.0,1,1
cp_tutorial_3d_monolayer,1,16,1791301939.4009676,1392522,worker_0,W014,ResizeObjects,step_completed,success,29.03225806451613,9,31
cp_tutorial_3d_monolayer,1,16,1791301939.400991,1392522,worker_0,W014,ConvertObjectsToImage,step_started,started,29.03225806451613,9,31
cp_tutorial_3d_monolayer,1,16,1791301939.4200385,1392522,worker_0,W014,ConvertObjectsToImage,pattern_group,running,100.0,1,1
cp_tutorial_3d_monolayer,1,16,1791301939.4201922,1392522,worker_0,W014,ConvertObjectsToImage,step_completed,success,32.25806451612903,10,31
cp_tutorial_3d_monolayer,1,16,1791301939.4202158,1392522,worker_0,W014,Threshold,step_started,started,32.25806451612903,10,31
cp_tutorial_3d_monolayer,1,16,1791301939.6110969,1392522,worker_0,W014,Threshold,pattern_group,running,100.0,1,1
cp_tutorial_3d_monolayer,1,16,1791301939.6113477,1392522,worker_0,W014,Threshold,step_completed,success,35.483870967741936,11,31
cp_tutorial_3d_monolayer,1,16,1791301939.6113687,1392522,worker_0,W014,ImageMath,step_started,started,35.483870967741936,11,31
cp_tutorial_3d_monolayer,1,16,1791301939.642735,1392522,worker_0,W014,ImageMath,pattern_group,running,100.0,1,1
cp_tutorial_3d_monolayer,1,16,1791301939.642885,1392522,worker_0,W014,ImageMath,step_completed,success,38.70967741935484,12,31
cp_tutorial_3d_monolayer,1,16,1791301939.6429067,1392522,worker_0,W014,RemoveHoles,step_started,started,38.70967741935484,12,31
cp_tutorial_3d_monolayer,1,16,1791301939.6882908,1392522,worker_0,W014,RemoveHoles,pattern_group,running,100.0,1,1
cp_tutorial_3d_monolayer,1,16,1791301939.6884305,1392522,worker_0,W014,RemoveHoles,step_completed,success,41.935483870967744,13,31
cp_tutorial_3d_monolayer,1,16,1791301939.6884515,1392522,worker_0,W014,ImageMath,step_started,started,41.935483870967744,13,31
cp_tutorial_3d_monolayer,1,16,1791301939.9669518,1392522,worker_0,W014,ImageMath,pattern_group,running,100.0,1,1
cp_tutorial_3d_monolayer,1,16,1791301939.9671028,1392522,worker_0,W014,ImageMath,step_completed,success,45.16129032258064,14,31
cp_tutorial_3d_monolayer,1,16,1791301939.9671242,1392522,worker_0,W014,Resize,step_started,started,45.16129032258064,14,31
cp_tutorial_3d_monolayer,1,16,1791301940.0260465,1392522,worker_0,W014,Resize,pattern_group,running,100.0,1,1
cp_tutorial_3d_monolayer,1,16,1791301940.0261846,1392522,worker_0,W014,Resize,step_completed,success,48.38709677419355,15,31
cp_tutorial_3d_monolayer,1,16,1791301940.026204,1392522,worker_0,W014,Closing,step_started,started,48.38709677419355,15,31
cp_tutorial_3d_monolayer,1,16,1791301940.1033006,1392522,worker_0,W014,Closing,pattern_group,running,100.0,1,1
cp_tutorial_3d_monolayer,1,16,1791301940.1034381,1392522,worker_0,W014,Closing,step_completed,success,51.61290322580645,16,31
cp_tutorial_3d_monolayer,1,16,1791301940.1034594,1392522,worker_0,W014,Resize,step_started,started,51.61290322580645,16,31
cp_tutorial_3d_monolayer,1,16,1791301940.152309,1392522,worker_0,W014,Resize,pattern_group,running,100.0,1,1
cp_tutorial_3d_monolayer,1,16,1791301940.1524436,1392522,worker_0,W014,Resize,step_completed,success,54.83870967741935,17,31
cp_tutorial_3d_monolayer,1,16,1791301940.1524644,1392522,worker_0,W014,Threshold,step_started,started,54.83870967741935,17,31
cp_tutorial_3d_monolayer,1,16,1791301940.3185997,1392522,worker_0,W014,Threshold,pattern_group,running,100.0,1,1
cp_tutorial_3d_monolayer,1,16,1791301940.3188438,1392522,worker_0,W014,Threshold,step_completed,success,58.06451612903226,18,31
cp_tutorial_3d_monolayer,1,16,1791301940.3188643,1392522,worker_0,W014,MaskImage,step_started,started,58.06451612903226,18,31
cp_tutorial_3d_monolayer,1,16,1791301940.3642578,1392522,worker_0,W014,MaskImage,pattern_group,running,100.0,1,1
cp_tutorial_3d_monolayer,1,16,1791301940.3644164,1392522,worker_0,W014,MaskImage,step_completed,success,61.29032258064516,19,31
cp_tutorial_3d_monolayer,1,16,1791301940.3644373,1392522,worker_0,W014,ErodeImage,step_started,started,61.29032258064516,19,31
cp_tutorial_3d_monolayer,1,16,1791301940.395851,1392522,worker_0,W014,ErodeImage,pattern_group,running,100.0,1,1
cp_tutorial_3d_monolayer,1,16,1791301940.3959837,1392522,worker_0,W014,ErodeImage,step_completed,success,64.51612903225806,20,31
cp_tutorial_3d_monolayer,1,16,1791301940.3960042,1392522,worker_0,W014,Watershed,step_started,started,64.51612903225806,20,31
cp_tutorial_3d_monolayer,1,16,1791301940.481679,1392522,worker_0,W014,Watershed,pattern_group,running,100.0,1,1
cp_tutorial_3d_monolayer,1,16,1791301940.4820647,1392522,worker_0,W014,Watershed,step_completed,success,67.74193548387096,21,31
cp_tutorial_3d_monolayer,1,16,1791301940.4820871,1392522,worker_0,W014,MeasureObjectIntensity,step_started,started,67.74193548387096,21,31
cp_tutorial_3d_monolayer,1,16,1791301940.7249684,1392522,worker_0,W014,MeasureObjectIntensity,pattern_group,running,50.0,1,2
cp_tutorial_3d_monolayer,1,16,1791301941.0029786,1392522,worker_0,W014,MeasureObjectIntensity,pattern_group,running,100.0,2,2
cp_tutorial_3d_monolayer,1,16,1791301941.0051682,1392522,worker_0,W014,MeasureObjectIntensity,step_completed,success,70.96774193548387,22,31
cp_tutorial_3d_monolayer,1,16,1791301941.005192,1392522,worker_0,W014,MeasureObjectSizeShape,step_started,started,70.96774193548387,22,31
cp_tutorial_3d_monolayer,1,16,1791301941.099484,1392522,worker_0,W014,MeasureObjectSizeShape,pattern_group,running,50.0,1,2
cp_tutorial_3d_monolayer,1,16,1791301941.194726,1392522,worker_0,W014,MeasureObjectSizeShape,pattern_group,running,100.0,2,2
cp_tutorial_3d_monolayer,1,16,1791301941.195293,1392522,worker_0,W014,MeasureObjectSizeShape,step_completed,success,74.19354838709677,23,31
cp_tutorial_3d_monolayer,1,16,1791301941.1953163,1392522,worker_0,W014,OverlayObjects,step_started,started,74.19354838709677,23,31
cp_tutorial_3d_monolayer,1,16,1791301941.228938,1392522,worker_0,W014,OverlayObjects,pattern_group,running,100.0,1,1
cp_tutorial_3d_monolayer,1,16,1791301941.2290518,1392522,worker_0,W014,OverlayObjects,step_completed,success,77.41935483870968,24,31
cp_tutorial_3d_monolayer,1,16,1791301941.2290728,1392522,worker_0,W014,RescaleIntensity,step_started,started,77.41935483870968,24,31
cp_tutorial_3d_monolayer,1,16,1791301941.330691,1392522,worker_0,W014,RescaleIntensity,pattern_group,running,100.0,1,1
cp_tutorial_3d_monolayer,1,16,1791301941.3309963,1392522,worker_0,W014,RescaleIntensity,step_completed,success,80.64516129032258,25,31
cp_tutorial_3d_monolayer,1,16,1791301941.3310206,1392522,worker_0,W014,OverlayObjects,step_started,started,80.64516129032258,25,31
cp_tutorial_3d_monolayer,1,16,1791301941.3610885,1392522,worker_0,W014,OverlayObjects,pattern_group,running,100.0,1,1
cp_tutorial_3d_monolayer,1,16,1791301941.3611894,1392522,worker_0,W014,OverlayObjects,step_completed,success,83.87096774193549,26,31
cp_tutorial_3d_monolayer,1,16,1791301941.36121,1392522,worker_0,W014,ConvertObjectsToImage,step_started,started,83.87096774193549,26,31
cp_tutorial_3d_monolayer,1,16,1791301941.3941386,1392522,worker_0,W014,ConvertObjectsToImage,pattern_group,running,100.0,1,1
cp_tutorial_3d_monolayer,1,16,1791301941.3942866,1392522,worker_0,W014,ConvertObjectsToImage,step_completed,success,87.09677419354838,27,31
cp_tutorial_3d_monolayer,1,16,1791301941.3943088,1392522,worker_0,W014,SaveImages,step_started,started,87.09677419354838,27,31
cp_tutorial_3d_monolayer,1,16,1791301941.4421961,1392522,worker_0,W014,SaveImages,pattern_group,running,100.0,1,1
cp_tutorial_3d_monolayer,1,16,1791301941.449806,1392522,worker_0,W014,SaveImages,step_completed,success,90.32258064516128,28,31
cp_tutorial_3d_monolayer,1,16,1791301941.449849,1392522,worker_0,W014,ConvertObjectsToImage,step_started,started,90.32258064516128,28,31
cp_tutorial_3d_monolayer,1,16,1791301941.4824238,1392522,worker_0,W014,ConvertObjectsToImage,pattern_group,running,100.0,1,1
cp_tutorial_3d_monolayer,1,16,1791301941.482602,1392522,worker_0,W014,ConvertObjectsToImage,step_completed,success,93.54838709677419,29,31
cp_tutorial_3d_monolayer,1,16,1791301941.4826238,1392522,worker_0,W014,SaveImages,step_started,started,93.54838709677419,29,31
cp_tutorial_3d_monolayer,1,16,1791301941.5319343,1392522,worker_0,W014,SaveImages,pattern_group,running,100.0,1,1
cp_tutorial_3d_monolayer,1,16,1791301941.53837,1392522,worker_0,W014,SaveImages,step_completed,success,96.7741935483871,30,31
cp_tutorial_3d_monolayer,1,16,1791301941.541341,1392522,worker_0,W014,pipeline,axis_completed,success,96.7741935483871,30,31
cp_tutorial_3d_monolayer,1,16,1791301941.541416,1392522,worker_0,W015,pipeline,axis_started,started,0.0,0,31
cp_tutorial_3d_monolayer,1,16,1791301941.5414474,1392522,worker_0,W015,RescaleIntensity,step_started,started,0.0,0,31
cp_tutorial_3d_monolayer,1,16,1791301941.822124,1392522,worker_0,W015,RescaleIntensity,pattern_group,running,100.0,1,1
cp_tutorial_3d_monolayer,1,16,1791301941.8222663,1392522,worker_0,W015,RescaleIntensity,step_completed,success,3.225806451612903,1,31
cp_tutorial_3d_monolayer,1,16,1791301941.8222919,1392522,worker_0,W015,Resize,step_started,started,3.225806451612903,1,31
cp_tutorial_3d_monolayer,1,16,1791301941.8777509,1392522,worker_0,W015,Resize,pattern_group,running,100.0,1,1
cp_tutorial_3d_monolayer,1,16,1791301941.8778791,1392522,worker_0,W015,Resize,step_completed,success,6.451612903225806,2,31
cp_tutorial_3d_monolayer,1,16,1791301941.8779,1392522,worker_0,W015,MedianFilter,step_started,started,6.451612903225806,2,31
cp_tutorial_3d_monolayer,1,16,1791301942.044058,1392522,worker_0,W015,MedianFilter,pattern_group,running,100.0,1,1
cp_tutorial_3d_monolayer,1,16,1791301942.0441973,1392522,worker_0,W015,MedianFilter,step_completed,success,9.67741935483871,3,31
cp_tutorial_3d_monolayer,1,16,1791301942.0442178,1392522,worker_0,W015,Threshold,step_started,started,9.67741935483871,3,31
cp_tutorial_3d_monolayer,1,16,1791301942.081613,1392522,worker_0,W015,Threshold,pattern_group,running,100.0,1,1
cp_tutorial_3d_monolayer,1,16,1791301942.0818546,1392522,worker_0,W015,Threshold,step_completed,success,12.903225806451612,4,31
cp_tutorial_3d_monolayer,1,16,1791301942.0818765,1392522,worker_0,W015,RemoveHoles,step_started,started,12.903225806451612,4,31
cp_tutorial_3d_monolayer,1,16,1791301942.0981688,1392522,worker_0,W015,RemoveHoles,pattern_group,running,100.0,1,1
cp_tutorial_3d_monolayer,1,16,1791301942.0983205,1392522,worker_0,W015,RemoveHoles,step_completed,success,16.129032258064516,5,31
cp_tutorial_3d_monolayer,1,16,1791301942.0983407,1392522,worker_0,W015,Watershed,step_started,started,16.129032258064516,5,31
cp_tutorial_3d_monolayer,1,16,1791301942.190825,1392522,worker_0,W015,Watershed,pattern_group,running,100.0,1,1
cp_tutorial_3d_monolayer,1,16,1791301942.1912038,1392522,worker_0,W015,Watershed,step_completed,success,19.35483870967742,6,31
cp_tutorial_3d_monolayer,1,16,1791301942.1912255,1392522,worker_0,W015,ResizeObjects,step_started,started,19.35483870967742,6,31
cp_tutorial_3d_monolayer,1,16,1791301942.217361,1392522,worker_0,W015,ResizeObjects,pattern_group,running,100.0,1,1
cp_tutorial_3d_monolayer,1,16,1791301942.2178335,1392522,worker_0,W015,ResizeObjects,step_completed,success,22.58064516129032,7,31
cp_tutorial_3d_monolayer,1,16,1791301942.2178571,1392522,worker_0,W015,ErodeObjects,step_started,started,22.58064516129032,7,31
cp_tutorial_3d_monolayer,1,16,1791301942.270322,1392522,worker_0,W015,ErodeObjects,pattern_group,running,100.0,1,1
cp_tutorial_3d_monolayer,1,16,1791301942.2707746,1392522,worker_0,W015,ErodeObjects,step_completed,success,25.806451612903224,8,31
cp_tutorial_3d_monolayer,1,16,1791301942.270797,1392522,worker_0,W015,ResizeObjects,step_started,started,25.806451612903224,8,31
cp_tutorial_3d_monolayer,1,16,1791301942.2950313,1392522,worker_0,W015,ResizeObjects,pattern_group,running,100.0,1,1
cp_tutorial_3d_monolayer,1,16,1791301942.2954924,1392522,worker_0,W015,ResizeObjects,step_completed,success,29.03225806451613,9,31
cp_tutorial_3d_monolayer,1,16,1791301942.2955148,1392522,worker_0,W015,ConvertObjectsToImage,step_started,started,29.03225806451613,9,31
cp_tutorial_3d_monolayer,1,16,1791301942.3148658,1392522,worker_0,W015,ConvertObjectsToImage,pattern_group,running,100.0,1,1
cp_tutorial_3d_monolayer,1,16,1791301942.3150141,1392522,worker_0,W015,ConvertObjectsToImage,step_completed,success,32.25806451612903,10,31
cp_tutorial_3d_monolayer,1,16,1791301942.3150363,1392522,worker_0,W015,Threshold,step_started,started,32.25806451612903,10,31
cp_tutorial_3d_monolayer,1,16,1791301942.5035827,1392522,worker_0,W015,Threshold,pattern_group,running,100.0,1,1
cp_tutorial_3d_monolayer,1,16,1791301942.5038254,1392522,worker_0,W015,Threshold,step_completed,success,35.483870967741936,11,31
cp_tutorial_3d_monolayer,1,16,1791301942.503847,1392522,worker_0,W015,ImageMath,step_started,started,35.483870967741936,11,31
cp_tutorial_3d_monolayer,1,16,1791301942.5349476,1392522,worker_0,W015,ImageMath,pattern_group,running,100.0,1,1
cp_tutorial_3d_monolayer,1,16,1791301942.535101,1392522,worker_0,W015,ImageMath,step_completed,success,38.70967741935484,12,31
cp_tutorial_3d_monolayer,1,16,1791301942.535122,1392522,worker_0,W015,RemoveHoles,step_started,started,38.70967741935484,12,31
cp_tutorial_3d_monolayer,1,16,1791301942.5806894,1392522,worker_0,W015,RemoveHoles,pattern_group,running,100.0,1,1
cp_tutorial_3d_monolayer,1,16,1791301942.5808296,1392522,worker_0,W015,RemoveHoles,step_completed,success,41.935483870967744,13,31
cp_tutorial_3d_monolayer,1,16,1791301942.5808516,1392522,worker_0,W015,ImageMath,step_started,started,41.935483870967744,13,31
cp_tutorial_3d_monolayer,1,16,1791301942.8536315,1392522,worker_0,W015,ImageMath,pattern_group,running,100.0,1,1
cp_tutorial_3d_monolayer,1,16,1791301942.8537784,1392522,worker_0,W015,ImageMath,step_completed,success,45.16129032258064,14,31
cp_tutorial_3d_monolayer,1,16,1791301942.853799,1392522,worker_0,W015,Resize,step_started,started,45.16129032258064,14,31
cp_tutorial_3d_monolayer,1,16,1791301942.912812,1392522,worker_0,W015,Resize,pattern_group,running,100.0,1,1
cp_tutorial_3d_monolayer,1,16,1791301942.9129536,1392522,worker_0,W015,Resize,step_completed,success,48.38709677419355,15,31
cp_tutorial_3d_monolayer,1,16,1791301942.9129739,1392522,worker_0,W015,Closing,step_started,started,48.38709677419355,15,31
cp_tutorial_3d_monolayer,1,16,1791301942.9917176,1392522,worker_0,W015,Closing,pattern_group,running,100.0,1,1
cp_tutorial_3d_monolayer,1,16,1791301942.9918547,1392522,worker_0,W015,Closing,step_completed,success,51.61290322580645,16,31
cp_tutorial_3d_monolayer,1,16,1791301942.991876,1392522,worker_0,W015,Resize,step_started,started,51.61290322580645,16,31
cp_tutorial_3d_monolayer,1,16,1791301943.0407388,1392522,worker_0,W015,Resize,pattern_group,running,100.0,1,1
cp_tutorial_3d_monolayer,1,16,1791301943.0408783,1392522,worker_0,W015,Resize,step_completed,success,54.83870967741935,17,31
cp_tutorial_3d_monolayer,1,16,1791301943.0408988,1392522,worker_0,W015,Threshold,step_started,started,54.83870967741935,17,31
cp_tutorial_3d_monolayer,1,16,1791301943.204222,1392522,worker_0,W015,Threshold,pattern_group,running,100.0,1,1
cp_tutorial_3d_monolayer,1,16,1791301943.204469,1392522,worker_0,W015,Threshold,step_completed,success,58.06451612903226,18,31
cp_tutorial_3d_monolayer,1,16,1791301943.2044892,1392522,worker_0,W015,MaskImage,step_started,started,58.06451612903226,18,31
cp_tutorial_3d_monolayer,1,16,1791301943.2497978,1392522,worker_0,W015,MaskImage,pattern_group,running,100.0,1,1
cp_tutorial_3d_monolayer,1,16,1791301943.2499492,1392522,worker_0,W015,MaskImage,step_completed,success,61.29032258064516,19,31
cp_tutorial_3d_monolayer,1,16,1791301943.2499704,1392522,worker_0,W015,ErodeImage,step_started,started,61.29032258064516,19,31
cp_tutorial_3d_monolayer,1,16,1791301943.28099,1392522,worker_0,W015,ErodeImage,pattern_group,running,100.0,1,1
cp_tutorial_3d_monolayer,1,16,1791301943.2811327,1392522,worker_0,W015,ErodeImage,step_completed,success,64.51612903225806,20,31
cp_tutorial_3d_monolayer,1,16,1791301943.2811534,1392522,worker_0,W015,Watershed,step_started,started,64.51612903225806,20,31
cp_tutorial_3d_monolayer,1,16,1791301943.3669994,1392522,worker_0,W015,Watershed,pattern_group,running,100.0,1,1
cp_tutorial_3d_monolayer,1,16,1791301943.3673942,1392522,worker_0,W015,Watershed,step_completed,success,67.74193548387096,21,31
cp_tutorial_3d_monolayer,1,16,1791301943.367415,1392522,worker_0,W015,MeasureObjectIntensity,step_started,started,67.74193548387096,21,31
cp_tutorial_3d_monolayer,1,16,1791301943.6102164,1392522,worker_0,W015,MeasureObjectIntensity,pattern_group,running,50.0,1,2
cp_tutorial_3d_monolayer,1,16,1791301943.8871396,1392522,worker_0,W015,MeasureObjectIntensity,pattern_group,running,100.0,2,2
cp_tutorial_3d_monolayer,1,16,1791301943.8893342,1392522,worker_0,W015,MeasureObjectIntensity,step_completed,success,70.96774193548387,22,31
cp_tutorial_3d_monolayer,1,16,1791301943.889358,1392522,worker_0,W015,MeasureObjectSizeShape,step_started,started,70.96774193548387,22,31
cp_tutorial_3d_monolayer,1,16,1791301943.9843547,1392522,worker_0,W015,MeasureObjectSizeShape,pattern_group,running,50.0,1,2
cp_tutorial_3d_monolayer,1,16,1791301944.0790064,1392522,worker_0,W015,MeasureObjectSizeShape,pattern_group,running,100.0,2,2
cp_tutorial_3d_monolayer,1,16,1791301944.079584,1392522,worker_0,W015,MeasureObjectSizeShape,step_completed,success,74.19354838709677,23,31
cp_tutorial_3d_monolayer,1,16,1791301944.0796068,1392522,worker_0,W015,OverlayObjects,step_started,started,74.19354838709677,23,31
cp_tutorial_3d_monolayer,1,16,1791301944.1150908,1392522,worker_0,W015,OverlayObjects,pattern_group,running,100.0,1,1
cp_tutorial_3d_monolayer,1,16,1791301944.1152148,1392522,worker_0,W015,OverlayObjects,step_completed,success,77.41935483870968,24,31
cp_tutorial_3d_monolayer,1,16,1791301944.115243,1392522,worker_0,W015,RescaleIntensity,step_started,started,77.41935483870968,24,31
cp_tutorial_3d_monolayer,1,16,1791301944.217361,1392522,worker_0,W015,RescaleIntensity,pattern_group,running,100.0,1,1
cp_tutorial_3d_monolayer,1,16,1791301944.2174954,1392522,worker_0,W015,RescaleIntensity,step_completed,success,80.64516129032258,25,31
cp_tutorial_3d_monolayer,1,16,1791301944.2175167,1392522,worker_0,W015,OverlayObjects,step_started,started,80.64516129032258,25,31
cp_tutorial_3d_monolayer,1,16,1791301944.2508626,1392522,worker_0,W015,OverlayObjects,pattern_group,running,100.0,1,1
cp_tutorial_3d_monolayer,1,16,1791301944.2509632,1392522,worker_0,W015,OverlayObjects,step_completed,success,83.87096774193549,26,31
cp_tutorial_3d_monolayer,1,16,1791301944.2509844,1392522,worker_0,W015,ConvertObjectsToImage,step_started,started,83.87096774193549,26,31
cp_tutorial_3d_monolayer,1,16,1791301944.2833016,1392522,worker_0,W015,ConvertObjectsToImage,pattern_group,running,100.0,1,1
cp_tutorial_3d_monolayer,1,16,1791301944.2834437,1392522,worker_0,W015,ConvertObjectsToImage,step_completed,success,87.09677419354838,27,31
cp_tutorial_3d_monolayer,1,16,1791301944.283466,1392522,worker_0,W015,SaveImages,step_started,started,87.09677419354838,27,31
cp_tutorial_3d_monolayer,1,16,1791301944.3318038,1392522,worker_0,W015,SaveImages,pattern_group,running,100.0,1,1
cp_tutorial_3d_monolayer,1,16,1791301944.3387313,1392522,worker_0,W015,SaveImages,step_completed,success,90.32258064516128,28,31
cp_tutorial_3d_monolayer,1,16,1791301944.338771,1392522,worker_0,W015,ConvertObjectsToImage,step_started,started,90.32258064516128,28,31
cp_tutorial_3d_monolayer,1,16,1791301944.371245,1392522,worker_0,W015,ConvertObjectsToImage,pattern_group,running,100.0,1,1
cp_tutorial_3d_monolayer,1,16,1791301944.3714194,1392522,worker_0,W015,ConvertObjectsToImage,step_completed,success,93.54838709677419,29,31
cp_tutorial_3d_monolayer,1,16,1791301944.3714423,1392522,worker_0,W015,SaveImages,step_started,started,93.54838709677419,29,31
cp_tutorial_3d_monolayer,1,16,1791301944.4197056,1392522,worker_0,W015,SaveImages,pattern_group,running,100.0,1,1
cp_tutorial_3d_monolayer,1,16,1791301944.426403,1392522,worker_0,W015,SaveImages,step_completed,success,96.7741935483871,30,31
cp_tutorial_3d_monolayer,1,16,1791301944.4292874,1392522,worker_0,W015,pipeline,axis_completed,success,96.7741935483871,30,31
cp_tutorial_3d_monolayer,1,16,1791301944.4293597,1392522,worker_0,W016,pipeline,axis_started,started,0.0,0,31
cp_tutorial_3d_monolayer,1,16,1791301944.4293897,1392522,worker_0,W016,RescaleIntensity,step_started,started,0.0,0,31
cp_tutorial_3d_monolayer,1,16,1791301944.7077107,1392522,worker_0,W016,RescaleIntensity,pattern_group,running,100.0,1,1
cp_tutorial_3d_monolayer,1,16,1791301944.7078435,1392522,worker_0,W016,RescaleIntensity,step_completed,success,3.225806451612903,1,31
cp_tutorial_3d_monolayer,1,16,1791301944.7078648,1392522,worker_0,W016,Resize,step_started,started,3.225806451612903,1,31
cp_tutorial_3d_monolayer,1,16,1791301944.76317,1392522,worker_0,W016,Resize,pattern_group,running,100.0,1,1
cp_tutorial_3d_monolayer,1,16,1791301944.7633173,1392522,worker_0,W016,Resize,step_completed,success,6.451612903225806,2,31
cp_tutorial_3d_monolayer,1,16,1791301944.7633383,1392522,worker_0,W016,MedianFilter,step_started,started,6.451612903225806,2,31
cp_tutorial_3d_monolayer,1,16,1791301944.9288247,1392522,worker_0,W016,MedianFilter,pattern_group,running,100.0,1,1
cp_tutorial_3d_monolayer,1,16,1791301944.9289608,1392522,worker_0,W016,MedianFilter,step_completed,success,9.67741935483871,3,31
cp_tutorial_3d_monolayer,1,16,1791301944.928981,1392522,worker_0,W016,Threshold,step_started,started,9.67741935483871,3,31
cp_tutorial_3d_monolayer,1,16,1791301944.9678233,1392522,worker_0,W016,Threshold,pattern_group,running,100.0,1,1
cp_tutorial_3d_monolayer,1,16,1791301944.9680676,1392522,worker_0,W016,Threshold,step_completed,success,12.903225806451612,4,31
cp_tutorial_3d_monolayer,1,16,1791301944.9680893,1392522,worker_0,W016,RemoveHoles,step_started,started,12.903225806451612,4,31
cp_tutorial_3d_monolayer,1,16,1791301944.984577,1392522,worker_0,W016,RemoveHoles,pattern_group,running,100.0,1,1
cp_tutorial_3d_monolayer,1,16,1791301944.9847298,1392522,worker_0,W016,RemoveHoles,step_completed,success,16.129032258064516,5,31
cp_tutorial_3d_monolayer,1,16,1791301944.9847515,1392522,worker_0,W016,Watershed,step_started,started,16.129032258064516,5,31
cp_tutorial_3d_monolayer,1,16,1791301945.0764637,1392522,worker_0,W016,Watershed,pattern_group,running,100.0,1,1
cp_tutorial_3d_monolayer,1,16,1791301945.0768423,1392522,worker_0,W016,Watershed,step_completed,success,19.35483870967742,6,31
cp_tutorial_3d_monolayer,1,16,1791301945.0768633,1392522,worker_0,W016,ResizeObjects,step_started,started,19.35483870967742,6,31
cp_tutorial_3d_monolayer,1,16,1791301945.1037903,1392522,worker_0,W016,ResizeObjects,pattern_group,running,100.0,1,1
cp_tutorial_3d_monolayer,1,16,1791301945.1042638,1392522,worker_0,W016,ResizeObjects,step_completed,success,22.58064516129032,7,31
cp_tutorial_3d_monolayer,1,16,1791301945.1042924,1392522,worker_0,W016,ErodeObjects,step_started,started,22.58064516129032,7,31
cp_tutorial_3d_monolayer,1,16,1791301945.1569357,1392522,worker_0,W016,ErodeObjects,pattern_group,running,100.0,1,1
cp_tutorial_3d_monolayer,1,16,1791301945.1573975,1392522,worker_0,W016,ErodeObjects,step_completed,success,25.806451612903224,8,31
cp_tutorial_3d_monolayer,1,16,1791301945.1574192,1392522,worker_0,W016,ResizeObjects,step_started,started,25.806451612903224,8,31
cp_tutorial_3d_monolayer,1,16,1791301945.1832118,1392522,worker_0,W016,ResizeObjects,pattern_group,running,100.0,1,1
cp_tutorial_3d_monolayer,1,16,1791301945.1836915,1392522,worker_0,W016,ResizeObjects,step_completed,success,29.03225806451613,9,31
cp_tutorial_3d_monolayer,1,16,1791301945.183715,1392522,worker_0,W016,ConvertObjectsToImage,step_started,started,29.03225806451613,9,31
cp_tutorial_3d_monolayer,1,16,1791301945.203475,1392522,worker_0,W016,ConvertObjectsToImage,pattern_group,running,100.0,1,1
cp_tutorial_3d_monolayer,1,16,1791301945.2036276,1392522,worker_0,W016,ConvertObjectsToImage,step_completed,success,32.25806451612903,10,31
cp_tutorial_3d_monolayer,1,16,1791301945.20365,1392522,worker_0,W016,Threshold,step_started,started,32.25806451612903,10,31
cp_tutorial_3d_monolayer,1,16,1791301945.3925812,1392522,worker_0,W016,Threshold,pattern_group,running,100.0,1,1
cp_tutorial_3d_monolayer,1,16,1791301945.3928285,1392522,worker_0,W016,Threshold,step_completed,success,35.483870967741936,11,31
cp_tutorial_3d_monolayer,1,16,1791301945.3928492,1392522,worker_0,W016,ImageMath,step_started,started,35.483870967741936,11,31
cp_tutorial_3d_monolayer,1,16,1791301945.424371,1392522,worker_0,W016,ImageMath,pattern_group,running,100.0,1,1
cp_tutorial_3d_monolayer,1,16,1791301945.4245198,1392522,worker_0,W016,ImageMath,step_completed,success,38.70967741935484,12,31
cp_tutorial_3d_monolayer,1,16,1791301945.424541,1392522,worker_0,W016,RemoveHoles,step_started,started,38.70967741935484,12,31
cp_tutorial_3d_monolayer,1,16,1791301945.470061,1392522,worker_0,W016,RemoveHoles,pattern_group,running,100.0,1,1
cp_tutorial_3d_monolayer,1,16,1791301945.4702048,1392522,worker_0,W016,RemoveHoles,step_completed,success,41.935483870967744,13,31
cp_tutorial_3d_monolayer,1,16,1791301945.4702258,1392522,worker_0,W016,ImageMath,step_started,started,41.935483870967744,13,31
cp_tutorial_3d_monolayer,1,16,1791301945.745512,1392522,worker_0,W016,ImageMath,pattern_group,running,100.0,1,1
cp_tutorial_3d_monolayer,1,16,1791301945.7456598,1392522,worker_0,W016,ImageMath,step_completed,success,45.16129032258064,14,31
cp_tutorial_3d_monolayer,1,16,1791301945.745681,1392522,worker_0,W016,Resize,step_started,started,45.16129032258064,14,31
cp_tutorial_3d_monolayer,1,16,1791301945.8045964,1392522,worker_0,W016,Resize,pattern_group,running,100.0,1,1
cp_tutorial_3d_monolayer,1,16,1791301945.8047385,1392522,worker_0,W016,Resize,step_completed,success,48.38709677419355,15,31
cp_tutorial_3d_monolayer,1,16,1791301945.804759,1392522,worker_0,W016,Closing,step_started,started,48.38709677419355,15,31
cp_tutorial_3d_monolayer,1,16,1791301945.8829198,1392522,worker_0,W016,Closing,pattern_group,running,100.0,1,1
cp_tutorial_3d_monolayer,1,16,1791301945.8830585,1392522,worker_0,W016,Closing,step_completed,success,51.61290322580645,16,31
cp_tutorial_3d_monolayer,1,16,1791301945.8830783,1392522,worker_0,W016,Resize,step_started,started,51.61290322580645,16,31
cp_tutorial_3d_monolayer,1,16,1791301945.9312823,1392522,worker_0,W016,Resize,pattern_group,running,100.0,1,1
cp_tutorial_3d_monolayer,1,16,1791301945.931436,1392522,worker_0,W016,Resize,step_completed,success,54.83870967741935,17,31
cp_tutorial_3d_monolayer,1,16,1791301945.931458,1392522,worker_0,W016,Threshold,step_started,started,54.83870967741935,17,31
cp_tutorial_3d_monolayer,1,16,1791301946.0968623,1392522,worker_0,W016,Threshold,pattern_group,running,100.0,1,1
cp_tutorial_3d_monolayer,1,16,1791301946.0971096,1392522,worker_0,W016,Threshold,step_completed,success,58.06451612903226,18,31
cp_tutorial_3d_monolayer,1,16,1791301946.0971298,1392522,worker_0,W016,MaskImage,step_started,started,58.06451612903226,18,31
cp_tutorial_3d_monolayer,1,16,1791301946.1424253,1392522,worker_0,W016,MaskImage,pattern_group,running,100.0,1,1
cp_tutorial_3d_monolayer,1,16,1791301946.142577,1392522,worker_0,W016,MaskImage,step_completed,success,61.29032258064516,19,31
cp_tutorial_3d_monolayer,1,16,1791301946.1425972,1392522,worker_0,W016,ErodeImage,step_started,started,61.29032258064516,19,31
cp_tutorial_3d_monolayer,1,16,1791301946.174588,1392522,worker_0,W016,ErodeImage,pattern_group,running,100.0,1,1
cp_tutorial_3d_monolayer,1,16,1791301946.1747332,1392522,worker_0,W016,ErodeImage,step_completed,success,64.51612903225806,20,31
cp_tutorial_3d_monolayer,1,16,1791301946.1747534,1392522,worker_0,W016,Watershed,step_started,started,64.51612903225806,20,31
cp_tutorial_3d_monolayer,1,16,1791301946.2606628,1392522,worker_0,W016,Watershed,pattern_group,running,100.0,1,1
cp_tutorial_3d_monolayer,1,16,1791301946.2610524,1392522,worker_0,W016,Watershed,step_completed,success,67.74193548387096,21,31
cp_tutorial_3d_monolayer,1,16,1791301946.261074,1392522,worker_0,W016,MeasureObjectIntensity,step_started,started,67.74193548387096,21,31
cp_tutorial_3d_monolayer,1,16,1791301946.5024323,1392522,worker_0,W016,MeasureObjectIntensity,pattern_group,running,50.0,1,2
cp_tutorial_3d_monolayer,1,16,1791301946.7788467,1392522,worker_0,W016,MeasureObjectIntensity,pattern_group,running,100.0,2,2
cp_tutorial_3d_monolayer,1,16,1791301946.781019,1392522,worker_0,W016,MeasureObjectIntensity,step_completed,success,70.96774193548387,22,31
cp_tutorial_3d_monolayer,1,16,1791301946.7810423,1392522,worker_0,W016,MeasureObjectSizeShape,step_started,started,70.96774193548387,22,31
cp_tutorial_3d_monolayer,1,16,1791301946.875592,1392522,worker_0,W016,MeasureObjectSizeShape,pattern_group,running,50.0,1,2
cp_tutorial_3d_monolayer,1,16,1791301946.97119,1392522,worker_0,W016,MeasureObjectSizeShape,pattern_group,running,100.0,2,2
cp_tutorial_3d_monolayer,1,16,1791301946.9717622,1392522,worker_0,W016,MeasureObjectSizeShape,step_completed,success,74.19354838709677,23,31
cp_tutorial_3d_monolayer,1,16,1791301946.9717853,1392522,worker_0,W016,OverlayObjects,step_started,started,74.19354838709677,23,31
cp_tutorial_3d_monolayer,1,16,1791301947.00996,1392522,worker_0,W016,OverlayObjects,pattern_group,running,100.0,1,1
cp_tutorial_3d_monolayer,1,16,1791301947.010067,1392522,worker_0,W016,OverlayObjects,step_completed,success,77.41935483870968,24,31
cp_tutorial_3d_monolayer,1,16,1791301947.0100875,1392522,worker_0,W016,RescaleIntensity,step_started,started,77.41935483870968,24,31
cp_tutorial_3d_monolayer,1,16,1791301947.111263,1392522,worker_0,W016,RescaleIntensity,pattern_group,running,100.0,1,1
cp_tutorial_3d_monolayer,1,16,1791301947.1114109,1392522,worker_0,W016,RescaleIntensity,step_completed,success,80.64516129032258,25,31
cp_tutorial_3d_monolayer,1,16,1791301947.1114318,1392522,worker_0,W016,OverlayObjects,step_started,started,80.64516129032258,25,31
cp_tutorial_3d_monolayer,1,16,1791301947.149705,1392522,worker_0,W016,OverlayObjects,pattern_group,running,100.0,1,1
cp_tutorial_3d_monolayer,1,16,1791301947.1498048,1392522,worker_0,W016,OverlayObjects,step_completed,success,83.87096774193549,26,31
cp_tutorial_3d_monolayer,1,16,1791301947.1498263,1392522,worker_0,W016,ConvertObjectsToImage,step_started,started,83.87096774193549,26,31
cp_tutorial_3d_monolayer,1,16,1791301947.1827328,1392522,worker_0,W016,ConvertObjectsToImage,pattern_group,running,100.0,1,1
cp_tutorial_3d_monolayer,1,16,1791301947.1828845,1392522,worker_0,W016,ConvertObjectsToImage,step_completed,success,87.09677419354838,27,31
cp_tutorial_3d_monolayer,1,16,1791301947.1829076,1392522,worker_0,W016,SaveImages,step_started,started,87.09677419354838,27,31
cp_tutorial_3d_monolayer,1,16,1791301947.231332,1392522,worker_0,W016,SaveImages,pattern_group,running,100.0,1,1
cp_tutorial_3d_monolayer,1,16,1791301947.2383635,1392522,worker_0,W016,SaveImages,step_completed,success,90.32258064516128,28,31
cp_tutorial_3d_monolayer,1,16,1791301947.2384043,1392522,worker_0,W016,ConvertObjectsToImage,step_started,started,90.32258064516128,28,31
cp_tutorial_3d_monolayer,1,16,1791301947.271248,1392522,worker_0,W016,ConvertObjectsToImage,pattern_group,running,100.0,1,1
cp_tutorial_3d_monolayer,1,16,1791301947.2714334,1392522,worker_0,W016,ConvertObjectsToImage,step_completed,success,93.54838709677419,29,31
cp_tutorial_3d_monolayer,1,16,1791301947.2714567,1392522,worker_0,W016,SaveImages,step_started,started,93.54838709677419,29,31
cp_tutorial_3d_monolayer,1,16,1791301947.3198712,1392522,worker_0,W016,SaveImages,pattern_group,running,100.0,1,1
cp_tutorial_3d_monolayer,1,16,1791301947.327347,1392522,worker_0,W016,SaveImages,step_completed,success,96.7741935483871,30,31
cp_tutorial_3d_monolayer,1,16,1791301947.3302402,1392522,worker_0,W016,pipeline,axis_completed,success,96.7741935483871,30,31
cp_tutorial_3d_monolayer,1,16,1791301947.3435905,1392522,,,ExportToSpreadsheet,step_started,started,96.7741935483871,30,31
cp_tutorial_3d_monolayer,1,16,1791301947.6411438,1392522,,,ExportToSpreadsheet,step_completed,success,100.0,31,31
cp_tutorial_3d_monolayer,1,16,1791301948.19163,1392522,,,pipeline,success,success,100.0,31,31
