case_name,worker_count,well_count,timestamp,pid,worker_slot,axis_id,step_name,phase,status,percent,completed,total
cp_tutorial_advanced_segmentation_final,4,16,1791502234.3815773,4005901,,,pipeline,compile,started,0.0,0,16
cp_tutorial_advanced_segmentation_final,4,16,1791502234.5014105,4005901,,,,init,started,0.0,0,1
cp_tutorial_advanced_segmentation_final,4,16,1791502234.863396,4005901,,W001,compilation,compile,running,6.25,1,16
cp_tutorial_advanced_segmentation_final,4,16,1791502234.9835477,4005901,,W002,compilation,compile,running,12.5,2,16
cp_tutorial_advanced_segmentation_final,4,16,1791502235.0453398,4005901,,W003,compilation,compile,running,18.75,3,16
cp_tutorial_advanced_segmentation_final,4,16,1791502235.1064975,4005901,,W004,compilation,compile,running,25.0,4,16
cp_tutorial_advanced_segmentation_final,4,16,1791502235.1688,4005901,,W005,compilation,compile,running,31.25,5,16
cp_tutorial_advanced_segmentation_final,4,16,1791502235.2315674,4005901,,W006,compilation,compile,running,37.5,6,16
cp_tutorial_advanced_segmentation_final,4,16,1791502235.2927074,4005901,,W007,compilation,compile,running,43.75,7,16
cp_tutorial_advanced_segmentation_final,4,16,1791502235.3541725,4005901,,W008,compilation,compile,running,50.0,8,16
cp_tutorial_advanced_segmentation_final,4,16,1791502235.415805,4005901,,W009,compilation,compile,running,56.25,9,16
cp_tutorial_advanced_segmentation_final,4,16,1791502235.477087,4005901,,W010,compilation,compile,running,62.5,10,16
cp_tutorial_advanced_segmentation_final,4,16,1791502235.5388632,4005901,,W011,compilation,compile,running,68.75,11,16
cp_tutorial_advanced_segmentation_final,4,16,1791502235.6003468,4005901,,W012,compilation,compile,running,75.0,12,16
cp_tutorial_advanced_segmentation_final,4,16,1791502235.6625688,4005901,,W013,compilation,compile,running,81.25,13,16
cp_tutorial_advanced_segmentation_final,4,16,1791502235.724388,4005901,,W014,compilation,compile,running,87.5,14,16
cp_tutorial_advanced_segmentation_final,4,16,1791502235.7857025,4005901,,W015,compilation,compile,running,93.75,15,16
cp_tutorial_advanced_segmentation_final,4,16,1791502235.847235,4005901,,W016,compilation,compile,running,100.0,16,16
cp_tutorial_advanced_segmentation_final,4,16,1791502235.856734,4005901,,,,init,started,0.0,0,1
cp_tutorial_advanced_segmentation_final,4,16,1791502235.856812,4005901,,,pipeline,compile,success,100.0,1,16
cp_tutorial_advanced_segmentation_final,4,16,1791502235.8568652,4005901,,W001,compilation,compile,success,100.0,1,1
cp_tutorial_advanced_segmentation_final,4,16,1791502235.856895,4005901,,W002,compilation,compile,success,100.0,1,1
cp_tutorial_advanced_segmentation_final,4,16,1791502235.8569202,4005901,,W003,compilation,compile,success,100.0,1,1
cp_tutorial_advanced_segmentation_final,4,16,1791502235.856945,4005901,,W004,compilation,compile,success,100.0,1,1
cp_tutorial_advanced_segmentation_final,4,16,1791502235.85697,4005901,,W005,compilation,compile,success,100.0,1,1
cp_tutorial_advanced_segmentation_final,4,16,1791502235.8569937,4005901,,W006,compilation,compile,success,100.0,1,1
cp_tutorial_advanced_segmentation_final,4,16,1791502235.857017,4005901,,W007,compilation,compile,success,100.0,1,1
cp_tutorial_advanced_segmentation_final,4,16,1791502235.8570404,4005901,,W008,compilation,compile,success,100.0,1,1
cp_tutorial_advanced_segmentation_final,4,16,1791502235.8570635,4005901,,W009,compilation,compile,success,100.0,1,1
cp_tutorial_advanced_segmentation_final,4,16,1791502235.8570867,4005901,,W010,compilation,compile,success,100.0,1,1
cp_tutorial_advanced_segmentation_final,4,16,1791502235.8571103,4005901,,W011,compilation,compile,success,100.0,1,1
cp_tutorial_advanced_segmentation_final,4,16,1791502235.8571336,4005901,,W012,compilation,compile,success,100.0,1,1
cp_tutorial_advanced_segmentation_final,4,16,1791502235.8571572,4005901,,W013,compilation,compile,success,100.0,1,1
cp_tutorial_advanced_segmentation_final,4,16,1791502235.8571804,4005901,,W014,compilation,compile,success,100.0,1,1
cp_tutorial_advanced_segmentation_final,4,16,1791502235.8572037,4005901,,W015,compilation,compile,success,100.0,1,1
cp_tutorial_advanced_segmentation_final,4,16,1791502235.857227,4005901,,W016,compilation,compile,success,100.0,1,1
cp_tutorial_advanced_segmentation_final,4,16,1791502235.8778687,4005901,,,,init,started,0.0,0,1
cp_tutorial_advanced_segmentation_final,4,16,1791502236.1700723,4006781,worker_0,W001,pipeline,axis_started,started,0.0,0,16
cp_tutorial_advanced_segmentation_final,4,16,1791502236.1748118,4006781,worker_0,W001,CorrectIlluminationApply,step_started,started,0.0,0,16
cp_tutorial_advanced_segmentation_final,4,16,1791502236.2079527,4006782,worker_1,W002,pipeline,axis_started,started,0.0,0,16
cp_tutorial_advanced_segmentation_final,4,16,1791502236.2119465,4006782,worker_1,W002,CorrectIlluminationApply,step_started,started,0.0,0,16
cp_tutorial_advanced_segmentation_final,4,16,1791502236.3043404,4006781,worker_0,W001,CorrectIlluminationApply,pattern_group,running,20.0,1,5
cp_tutorial_advanced_segmentation_final,4,16,1791502236.3325508,4006781,worker_0,W001,CorrectIlluminationApply,pattern_group,running,40.0,2,5
cp_tutorial_advanced_segmentation_final,4,16,1791502236.3446035,4006782,worker_1,W002,CorrectIlluminationApply,pattern_group,running,20.0,1,5
cp_tutorial_advanced_segmentation_final,4,16,1791502236.3616467,4006781,worker_0,W001,CorrectIlluminationApply,pattern_group,running,60.0,3,5
cp_tutorial_advanced_segmentation_final,4,16,1791502236.3754048,4006782,worker_1,W002,CorrectIlluminationApply,pattern_group,running,40.0,2,5
cp_tutorial_advanced_segmentation_final,4,16,1791502236.3902996,4006781,worker_0,W001,CorrectIlluminationApply,pattern_group,running,80.0,4,5
cp_tutorial_advanced_segmentation_final,4,16,1791502236.4068522,4006782,worker_1,W002,CorrectIlluminationApply,pattern_group,running,60.0,3,5
cp_tutorial_advanced_segmentation_final,4,16,1791502236.4199502,4006781,worker_0,W001,CorrectIlluminationApply,pattern_group,running,100.0,5,5
cp_tutorial_advanced_segmentation_final,4,16,1791502236.4206583,4006781,worker_0,W001,CorrectIlluminationApply,step_completed,success,6.25,1,16
cp_tutorial_advanced_segmentation_final,4,16,1791502236.4215703,4006781,worker_0,W001,IdentifyPrimaryObjects,step_started,started,6.25,1,16
cp_tutorial_advanced_segmentation_final,4,16,1791502236.4382298,4006782,worker_1,W002,CorrectIlluminationApply,pattern_group,running,80.0,4,5
cp_tutorial_advanced_segmentation_final,4,16,1791502236.437774,4006783,worker_2,W003,pipeline,axis_started,started,0.0,0,16
cp_tutorial_advanced_segmentation_final,4,16,1791502236.4450006,4006783,worker_2,W003,CorrectIlluminationApply,step_started,started,0.0,0,16
cp_tutorial_advanced_segmentation_final,4,16,1791502236.4710064,4006782,worker_1,W002,CorrectIlluminationApply,pattern_group,running,100.0,5,5
cp_tutorial_advanced_segmentation_final,4,16,1791502236.4715145,4006782,worker_1,W002,CorrectIlluminationApply,step_completed,success,6.25,1,16
cp_tutorial_advanced_segmentation_final,4,16,1791502236.4721773,4006782,worker_1,W002,IdentifyPrimaryObjects,step_started,started,6.25,1,16
cp_tutorial_advanced_segmentation_final,4,16,1791502236.48926,4006784,worker_3,W004,pipeline,axis_started,started,0.0,0,16
cp_tutorial_advanced_segmentation_final,4,16,1791502236.5004086,4006784,worker_3,W004,CorrectIlluminationApply,step_started,started,0.0,0,16
cp_tutorial_advanced_segmentation_final,4,16,1791502236.5279284,4006781,worker_0,W001,IdentifyPrimaryObjects,pattern_group,running,100.0,1,1
cp_tutorial_advanced_segmentation_final,4,16,1791502236.5289404,4006781,worker_0,W001,IdentifyPrimaryObjects,step_completed,success,12.5,2,16
cp_tutorial_advanced_segmentation_final,4,16,1791502236.5307138,4006781,worker_0,W001,IdentifySecondaryObjects,step_started,started,12.5,2,16
cp_tutorial_advanced_segmentation_final,4,16,1791502236.5818374,4006782,worker_1,W002,IdentifyPrimaryObjects,pattern_group,running,100.0,1,1
cp_tutorial_advanced_segmentation_final,4,16,1791502236.5826485,4006782,worker_1,W002,IdentifyPrimaryObjects,step_completed,success,12.5,2,16
cp_tutorial_advanced_segmentation_final,4,16,1791502236.583662,4006782,worker_1,W002,IdentifySecondaryObjects,step_started,started,12.5,2,16
cp_tutorial_advanced_segmentation_final,4,16,1791502236.709648,4006783,worker_2,W003,CorrectIlluminationApply,pattern_group,running,20.0,1,5
cp_tutorial_advanced_segmentation_final,4,16,1791502236.7664115,4006784,worker_3,W004,CorrectIlluminationApply,pattern_group,running,20.0,1,5
cp_tutorial_advanced_segmentation_final,4,16,1791502236.7667546,4006781,worker_0,W001,IdentifySecondaryObjects,pattern_group,running,100.0,1,1
cp_tutorial_advanced_segmentation_final,4,16,1791502236.7674823,4006781,worker_0,W001,IdentifySecondaryObjects,step_completed,success,18.75,3,16
cp_tutorial_advanced_segmentation_final,4,16,1791502236.76824,4006781,worker_0,W001,IdentifyTertiaryObjects,step_started,started,18.75,3,16
cp_tutorial_advanced_segmentation_final,4,16,1791502236.7739987,4006783,worker_2,W003,CorrectIlluminationApply,pattern_group,running,40.0,2,5
cp_tutorial_advanced_segmentation_final,4,16,1791502236.8141103,4006781,worker_0,W001,IdentifyTertiaryObjects,pattern_group,running,100.0,1,1
cp_tutorial_advanced_segmentation_final,4,16,1791502236.8146656,4006781,worker_0,W001,IdentifyTertiaryObjects,step_completed,success,25.0,4,16
cp_tutorial_advanced_segmentation_final,4,16,1791502236.8155048,4006781,worker_0,W001,EnhanceOrSuppressFeatures,step_started,started,25.0,4,16
cp_tutorial_advanced_segmentation_final,4,16,1791502236.8256547,4006781,worker_0,W001,EnhanceOrSuppressFeatures,pattern_group,running,100.0,1,1
cp_tutorial_advanced_segmentation_final,4,16,1791502236.8259766,4006781,worker_0,W001,EnhanceOrSuppressFeatures,step_completed,success,31.25,5,16
cp_tutorial_advanced_segmentation_final,4,16,1791502236.826601,4006781,worker_0,W001,MaskImage,step_started,started,31.25,5,16
cp_tutorial_advanced_segmentation_final,4,16,1791502236.831012,4006784,worker_3,W004,CorrectIlluminationApply,pattern_group,running,40.0,2,5
cp_tutorial_advanced_segmentation_final,4,16,1791502236.8339822,4006781,worker_0,W001,MaskImage,pattern_group,running,100.0,1,1
cp_tutorial_advanced_segmentation_final,4,16,1791502236.834254,4006781,worker_0,W001,MaskImage,step_completed,success,37.5,6,16
cp_tutorial_advanced_segmentation_final,4,16,1791502236.8350413,4006781,worker_0,W001,IdentifyPrimaryObjects,step_started,started,37.5,6,16
cp_tutorial_advanced_segmentation_final,4,16,1791502236.8357313,4006783,worker_2,W003,CorrectIlluminationApply,pattern_group,running,60.0,3,5
cp_tutorial_advanced_segmentation_final,4,16,1791502236.896982,4006784,worker_3,W004,CorrectIlluminationApply,pattern_group,running,60.0,3,5
cp_tutorial_advanced_segmentation_final,4,16,1791502236.8978395,4006782,worker_1,W002,IdentifySecondaryObjects,pattern_group,running,100.0,1,1
cp_tutorial_advanced_segmentation_final,4,16,1791502236.898606,4006782,worker_1,W002,IdentifySecondaryObjects,step_completed,success,18.75,3,16
cp_tutorial_advanced_segmentation_final,4,16,1791502236.89939,4006782,worker_1,W002,IdentifyTertiaryObjects,step_started,started,18.75,3,16
cp_tutorial_advanced_segmentation_final,4,16,1791502236.9055767,4006783,worker_2,W003,CorrectIlluminationApply,pattern_group,running,80.0,4,5
cp_tutorial_advanced_segmentation_final,4,16,1791502236.916545,4006781,worker_0,W001,IdentifyPrimaryObjects,pattern_group,running,100.0,1,1
cp_tutorial_advanced_segmentation_final,4,16,1791502236.9173174,4006781,worker_0,W001,IdentifyPrimaryObjects,step_completed,success,43.75,7,16
cp_tutorial_advanced_segmentation_final,4,16,1791502236.9184453,4006781,worker_0,W001,MaskImage,step_started,started,43.75,7,16
cp_tutorial_advanced_segmentation_final,4,16,1791502236.928841,4006781,worker_0,W001,MaskImage,pattern_group,running,100.0,1,1
cp_tutorial_advanced_segmentation_final,4,16,1791502236.92917,4006781,worker_0,W001,MaskImage,step_completed,success,50.0,8,16
cp_tutorial_advanced_segmentation_final,4,16,1791502236.9298522,4006781,worker_0,W001,IdentifyPrimaryObjects,step_started,started,50.0,8,16
cp_tutorial_advanced_segmentation_final,4,16,1791502236.9493177,4006782,worker_1,W002,IdentifyTertiaryObjects,pattern_group,running,100.0,1,1
cp_tutorial_advanced_segmentation_final,4,16,1791502236.949913,4006782,worker_1,W002,IdentifyTertiaryObjects,step_completed,success,25.0,4,16
cp_tutorial_advanced_segmentation_final,4,16,1791502236.9510944,4006782,worker_1,W002,EnhanceOrSuppressFeatures,step_started,started,25.0,4,16
cp_tutorial_advanced_segmentation_final,4,16,1791502236.9621422,4006783,worker_2,W003,CorrectIlluminationApply,pattern_group,running,100.0,5,5
cp_tutorial_advanced_segmentation_final,4,16,1791502236.9626343,4006783,worker_2,W003,CorrectIlluminationApply,step_completed,success,6.25,1,16
cp_tutorial_advanced_segmentation_final,4,16,1791502236.9634523,4006782,worker_1,W002,EnhanceOrSuppressFeatures,pattern_group,running,100.0,1,1
cp_tutorial_advanced_segmentation_final,4,16,1791502236.9635737,4006783,worker_2,W003,IdentifyPrimaryObjects,step_started,started,6.25,1,16
cp_tutorial_advanced_segmentation_final,4,16,1791502236.963752,4006782,worker_1,W002,EnhanceOrSuppressFeatures,step_completed,success,31.25,5,16
cp_tutorial_advanced_segmentation_final,4,16,1791502236.9643881,4006784,worker_3,W004,CorrectIlluminationApply,pattern_group,running,80.0,4,5
cp_tutorial_advanced_segmentation_final,4,16,1791502236.964633,4006782,worker_1,W002,MaskImage,step_started,started,31.25,5,16
cp_tutorial_advanced_segmentation_final,4,16,1791502236.973154,4006782,worker_1,W002,MaskImage,pattern_group,running,100.0,1,1
cp_tutorial_advanced_segmentation_final,4,16,1791502236.9737413,4006782,worker_1,W002,MaskImage,step_completed,success,37.5,6,16
cp_tutorial_advanced_segmentation_final,4,16,1791502236.9747021,4006782,worker_1,W002,IdentifyPrimaryObjects,step_started,started,37.5,6,16
cp_tutorial_advanced_segmentation_final,4,16,1791502237.020426,4006784,worker_3,W004,CorrectIlluminationApply,pattern_group,running,100.0,5,5
cp_tutorial_advanced_segmentation_final,4,16,1791502237.0210369,4006784,worker_3,W004,CorrectIlluminationApply,step_completed,success,6.25,1,16
cp_tutorial_advanced_segmentation_final,4,16,1791502237.0227325,4006784,worker_3,W004,IdentifyPrimaryObjects,step_started,started,6.25,1,16
cp_tutorial_advanced_segmentation_final,4,16,1791502237.0306504,4006781,worker_0,W001,IdentifyPrimaryObjects,pattern_group,running,100.0,1,1
cp_tutorial_advanced_segmentation_final,4,16,1791502237.0315592,4006781,worker_0,W001,IdentifyPrimaryObjects,step_completed,success,56.25,9,16
cp_tutorial_advanced_segmentation_final,4,16,1791502237.0328882,4006781,worker_0,W001,MeasureColocalization,step_started,started,56.25,9,16
cp_tutorial_advanced_segmentation_final,4,16,1791502237.0699668,4006782,worker_1,W002,IdentifyPrimaryObjects,pattern_group,running,100.0,1,1
cp_tutorial_advanced_segmentation_final,4,16,1791502237.0708268,4006782,worker_1,W002,IdentifyPrimaryObjects,step_completed,success,43.75,7,16
cp_tutorial_advanced_segmentation_final,4,16,1791502237.0721924,4006782,worker_1,W002,MaskImage,step_started,started,43.75,7,16
cp_tutorial_advanced_segmentation_final,4,16,1791502237.0821402,4006782,worker_1,W002,MaskImage,pattern_group,running,100.0,1,1
cp_tutorial_advanced_segmentation_final,4,16,1791502237.0825965,4006782,worker_1,W002,MaskImage,step_completed,success,50.0,8,16
cp_tutorial_advanced_segmentation_final,4,16,1791502237.0832784,4006782,worker_1,W002,IdentifyPrimaryObjects,step_started,started,50.0,8,16
cp_tutorial_advanced_segmentation_final,4,16,1791502237.0851014,4006783,worker_2,W003,IdentifyPrimaryObjects,pattern_group,running,100.0,1,1
cp_tutorial_advanced_segmentation_final,4,16,1791502237.086099,4006783,worker_2,W003,IdentifyPrimaryObjects,step_completed,success,12.5,2,16
cp_tutorial_advanced_segmentation_final,4,16,1791502237.0872808,4006783,worker_2,W003,IdentifySecondaryObjects,step_started,started,12.5,2,16
cp_tutorial_advanced_segmentation_final,4,16,1791502237.182895,4006782,worker_1,W002,IdentifyPrimaryObjects,pattern_group,running,100.0,1,1
cp_tutorial_advanced_segmentation_final,4,16,1791502237.183757,4006782,worker_1,W002,IdentifyPrimaryObjects,step_completed,success,56.25,9,16
cp_tutorial_advanced_segmentation_final,4,16,1791502237.184983,4006782,worker_1,W002,MeasureColocalization,step_started,started,56.25,9,16
cp_tutorial_advanced_segmentation_final,4,16,1791502237.2038617,4006784,worker_3,W004,IdentifyPrimaryObjects,pattern_group,running,100.0,1,1
cp_tutorial_advanced_segmentation_final,4,16,1791502237.2054195,4006784,worker_3,W004,IdentifyPrimaryObjects,step_completed,success,12.5,2,16
cp_tutorial_advanced_segmentation_final,4,16,1791502237.2072942,4006784,worker_3,W004,IdentifySecondaryObjects,step_started,started,12.5,2,16
cp_tutorial_advanced_segmentation_final,4,16,1791502237.3625846,4006783,worker_2,W003,IdentifySecondaryObjects,pattern_group,running,100.0,1,1
cp_tutorial_advanced_segmentation_final,4,16,1791502237.3634949,4006783,worker_2,W003,IdentifySecondaryObjects,step_completed,success,18.75,3,16
cp_tutorial_advanced_segmentation_final,4,16,1791502237.3644693,4006783,worker_2,W003,IdentifyTertiaryObjects,step_started,started,18.75,3,16
cp_tutorial_advanced_segmentation_final,4,16,1791502237.415964,4006783,worker_2,W003,IdentifyTertiaryObjects,pattern_group,running,100.0,1,1
cp_tutorial_advanced_segmentation_final,4,16,1791502237.416699,4006783,worker_2,W003,IdentifyTertiaryObjects,step_completed,success,25.0,4,16
cp_tutorial_advanced_segmentation_final,4,16,1791502237.4176478,4006783,worker_2,W003,EnhanceOrSuppressFeatures,step_started,started,25.0,4,16
cp_tutorial_advanced_segmentation_final,4,16,1791502237.4282868,4006783,worker_2,W003,EnhanceOrSuppressFeatures,pattern_group,running,100.0,1,1
cp_tutorial_advanced_segmentation_final,4,16,1791502237.4287071,4006783,worker_2,W003,EnhanceOrSuppressFeatures,step_completed,success,31.25,5,16
cp_tutorial_advanced_segmentation_final,4,16,1791502237.4293928,4006783,worker_2,W003,MaskImage,step_started,started,31.25,5,16
cp_tutorial_advanced_segmentation_final,4,16,1791502237.4372816,4006783,worker_2,W003,MaskImage,pattern_group,running,100.0,1,1
cp_tutorial_advanced_segmentation_final,4,16,1791502237.437588,4006783,worker_2,W003,MaskImage,step_completed,success,37.5,6,16
cp_tutorial_advanced_segmentation_final,4,16,1791502237.4385283,4006783,worker_2,W003,IdentifyPrimaryObjects,step_started,started,37.5,6,16
cp_tutorial_advanced_segmentation_final,4,16,1791502237.5237515,4006783,worker_2,W003,IdentifyPrimaryObjects,pattern_group,running,100.0,1,1
cp_tutorial_advanced_segmentation_final,4,16,1791502237.524746,4006783,worker_2,W003,IdentifyPrimaryObjects,step_completed,success,43.75,7,16
cp_tutorial_advanced_segmentation_final,4,16,1791502237.5268397,4006783,worker_2,W003,MaskImage,step_started,started,43.75,7,16
cp_tutorial_advanced_segmentation_final,4,16,1791502237.5372875,4006783,worker_2,W003,MaskImage,pattern_group,running,100.0,1,1
cp_tutorial_advanced_segmentation_final,4,16,1791502237.5378711,4006783,worker_2,W003,MaskImage,step_completed,success,50.0,8,16
cp_tutorial_advanced_segmentation_final,4,16,1791502237.5387332,4006783,worker_2,W003,IdentifyPrimaryObjects,step_started,started,50.0,8,16
cp_tutorial_advanced_segmentation_final,4,16,1791502237.6340742,4006783,worker_2,W003,IdentifyPrimaryObjects,pattern_group,running,100.0,1,1
cp_tutorial_advanced_segmentation_final,4,16,1791502237.6350927,4006783,worker_2,W003,IdentifyPrimaryObjects,step_completed,success,56.25,9,16
cp_tutorial_advanced_segmentation_final,4,16,1791502237.6364121,4006783,worker_2,W003,MeasureColocalization,step_started,started,56.25,9,16
cp_tutorial_advanced_segmentation_final,4,16,1791502237.6363044,4006784,worker_3,W004,IdentifySecondaryObjects,pattern_group,running,100.0,1,1
cp_tutorial_advanced_segmentation_final,4,16,1791502237.6374648,4006784,worker_3,W004,IdentifySecondaryObjects,step_completed,success,18.75,3,16
cp_tutorial_advanced_segmentation_final,4,16,1791502237.6390784,4006784,worker_3,W004,IdentifyTertiaryObjects,step_started,started,18.75,3,16
cp_tutorial_advanced_segmentation_final,4,16,1791502237.7111723,4006784,worker_3,W004,IdentifyTertiaryObjects,pattern_group,running,100.0,1,1
cp_tutorial_advanced_segmentation_final,4,16,1791502237.7120697,4006784,worker_3,W004,IdentifyTertiaryObjects,step_completed,success,25.0,4,16
cp_tutorial_advanced_segmentation_final,4,16,1791502237.7135487,4006784,worker_3,W004,EnhanceOrSuppressFeatures,step_started,started,25.0,4,16
cp_tutorial_advanced_segmentation_final,4,16,1791502237.7290356,4006784,worker_3,W004,EnhanceOrSuppressFeatures,pattern_group,running,100.0,1,1
cp_tutorial_advanced_segmentation_final,4,16,1791502237.7295465,4006784,worker_3,W004,EnhanceOrSuppressFeatures,step_completed,success,31.25,5,16
cp_tutorial_advanced_segmentation_final,4,16,1791502237.7306345,4006784,worker_3,W004,MaskImage,step_started,started,31.25,5,16
cp_tutorial_advanced_segmentation_final,4,16,1791502237.7426038,4006784,worker_3,W004,MaskImage,pattern_group,running,100.0,1,1
cp_tutorial_advanced_segmentation_final,4,16,1791502237.743309,4006784,worker_3,W004,MaskImage,step_completed,success,37.5,6,16
cp_tutorial_advanced_segmentation_final,4,16,1791502237.744701,4006784,worker_3,W004,IdentifyPrimaryObjects,step_started,started,37.5,6,16
cp_tutorial_advanced_segmentation_final,4,16,1791502237.7843482,4006781,worker_0,W001,MeasureColocalization,pattern_group,running,50.0,1,2
cp_tutorial_advanced_segmentation_final,4,16,1791502237.8693697,4006784,worker_3,W004,IdentifyPrimaryObjects,pattern_group,running,100.0,1,1
cp_tutorial_advanced_segmentation_final,4,16,1791502237.8705752,4006784,worker_3,W004,IdentifyPrimaryObjects,step_completed,success,43.75,7,16
cp_tutorial_advanced_segmentation_final,4,16,1791502237.8725827,4006784,worker_3,W004,MaskImage,step_started,started,43.75,7,16
cp_tutorial_advanced_segmentation_final,4,16,1791502237.888439,4006784,worker_3,W004,MaskImage,pattern_group,running,100.0,1,1
cp_tutorial_advanced_segmentation_final,4,16,1791502237.8889086,4006784,worker_3,W004,MaskImage,step_completed,success,50.0,8,16
cp_tutorial_advanced_segmentation_final,4,16,1791502237.8899949,4006784,worker_3,W004,IdentifyPrimaryObjects,step_started,started,50.0,8,16
cp_tutorial_advanced_segmentation_final,4,16,1791502237.9247606,4006782,worker_1,W002,MeasureColocalization,pattern_group,running,50.0,1,2
cp_tutorial_advanced_segmentation_final,4,16,1791502238.033918,4006784,worker_3,W004,IdentifyPrimaryObjects,pattern_group,running,100.0,1,1
cp_tutorial_advanced_segmentation_final,4,16,1791502238.0351157,4006784,worker_3,W004,IdentifyPrimaryObjects,step_completed,success,56.25,9,16
cp_tutorial_advanced_segmentation_final,4,16,1791502238.037074,4006784,worker_3,W004,MeasureColocalization,step_started,started,56.25,9,16
cp_tutorial_advanced_segmentation_final,4,16,1791502238.3724258,4006783,worker_2,W003,MeasureColocalization,pattern_group,running,50.0,1,2
cp_tutorial_advanced_segmentation_final,4,16,1791502238.4854023,4006781,worker_0,W001,MeasureColocalization,pattern_group,running,100.0,2,2
cp_tutorial_advanced_segmentation_final,4,16,1791502238.491122,4006781,worker_0,W001,MeasureColocalization,step_completed,success,62.5,10,16
cp_tutorial_advanced_segmentation_final,4,16,1791502238.4924364,4006781,worker_0,W001,MeasureObjectIntensity,step_started,started,62.5,10,16
cp_tutorial_advanced_segmentation_final,4,16,1791502238.6159647,4006782,worker_1,W002,MeasureColocalization,pattern_group,running,100.0,2,2
cp_tutorial_advanced_segmentation_final,4,16,1791502238.6212385,4006782,worker_1,W002,MeasureColocalization,step_completed,success,62.5,10,16
cp_tutorial_advanced_segmentation_final,4,16,1791502238.6227467,4006782,worker_1,W002,MeasureObjectIntensity,step_started,started,62.5,10,16
cp_tutorial_advanced_segmentation_final,4,16,1791502238.9533904,4006781,worker_0,W001,MeasureObjectIntensity,pattern_group,running,50.0,1,2
cp_tutorial_advanced_segmentation_final,4,16,1791502239.0624075,4006783,worker_2,W003,MeasureColocalization,pattern_group,running,100.0,2,2
cp_tutorial_advanced_segmentation_final,4,16,1791502239.0673454,4006781,worker_0,W001,MeasureObjectIntensity,pattern_group,running,100.0,2,2
cp_tutorial_advanced_segmentation_final,4,16,1791502239.0679839,4006783,worker_2,W003,MeasureColocalization,step_completed,success,62.5,10,16
cp_tutorial_advanced_segmentation_final,4,16,1791502239.0706859,4006781,worker_0,W001,MeasureObjectIntensity,step_completed,success,68.75,11,16
cp_tutorial_advanced_segmentation_final,4,16,1791502239.0729737,4006783,worker_2,W003,MeasureObjectIntensity,step_started,started,62.5,10,16
cp_tutorial_advanced_segmentation_final,4,16,1791502239.0718617,4006781,worker_0,W001,MeasureObjectIntensityDistribution,step_started,started,68.75,11,16
cp_tutorial_advanced_segmentation_final,4,16,1791502239.0791109,4006782,worker_1,W002,MeasureObjectIntensity,pattern_group,running,50.0,1,2
cp_tutorial_advanced_segmentation_final,4,16,1791502239.085521,4006784,worker_3,W004,MeasureColocalization,pattern_group,running,50.0,1,2
cp_tutorial_advanced_segmentation_final,4,16,1791502239.1921332,4006781,worker_0,W001,MeasureObjectIntensityDistribution,pattern_group,running,50.0,1,2
cp_tutorial_advanced_segmentation_final,4,16,1791502239.2437007,4006781,worker_0,W001,MeasureObjectIntensityDistribution,pattern_group,running,100.0,2,2
cp_tutorial_advanced_segmentation_final,4,16,1791502239.2453988,4006782,worker_1,W002,MeasureObjectIntensity,pattern_group,running,100.0,2,2
cp_tutorial_advanced_segmentation_final,4,16,1791502239.2467394,4006781,worker_0,W001,MeasureObjectIntensityDistribution,step_completed,success,75.0,12,16
cp_tutorial_advanced_segmentation_final,4,16,1791502239.2487247,4006781,worker_0,W001,MeasureObjectSizeShape,step_started,started,75.0,12,16
cp_tutorial_advanced_segmentation_final,4,16,1791502239.2491176,4006782,worker_1,W002,MeasureObjectIntensity,step_completed,success,68.75,11,16
cp_tutorial_advanced_segmentation_final,4,16,1791502239.2503138,4006782,worker_1,W002,MeasureObjectIntensityDistribution,step_started,started,68.75,11,16
cp_tutorial_advanced_segmentation_final,4,16,1791502239.3643289,4006782,worker_1,W002,MeasureObjectIntensityDistribution,pattern_group,running,50.0,1,2
cp_tutorial_advanced_segmentation_final,4,16,1791502239.414193,4006782,worker_1,W002,MeasureObjectIntensityDistribution,pattern_group,running,100.0,2,2
cp_tutorial_advanced_segmentation_final,4,16,1791502239.4172807,4006782,worker_1,W002,MeasureObjectIntensityDistribution,step_completed,success,75.0,12,16
cp_tutorial_advanced_segmentation_final,4,16,1791502239.418689,4006782,worker_1,W002,MeasureObjectSizeShape,step_started,started,75.0,12,16
cp_tutorial_advanced_segmentation_final,4,16,1791502239.5998132,4006783,worker_2,W003,MeasureObjectIntensity,pattern_group,running,50.0,1,2
cp_tutorial_advanced_segmentation_final,4,16,1791502239.7092326,4006783,worker_2,W003,MeasureObjectIntensity,pattern_group,running,100.0,2,2
cp_tutorial_advanced_segmentation_final,4,16,1791502239.7125397,4006783,worker_2,W003,MeasureObjectIntensity,step_completed,success,68.75,11,16
cp_tutorial_advanced_segmentation_final,4,16,1791502239.7136765,4006783,worker_2,W003,MeasureObjectIntensityDistribution,step_started,started,68.75,11,16
cp_tutorial_advanced_segmentation_final,4,16,1791502239.724144,4006781,worker_0,W001,MeasureObjectSizeShape,pattern_group,running,25.0,1,4
cp_tutorial_advanced_segmentation_final,4,16,1791502239.802764,4006782,worker_1,W002,MeasureObjectSizeShape,pattern_group,running,25.0,1,4
cp_tutorial_advanced_segmentation_final,4,16,1791502239.8240716,4006783,worker_2,W003,MeasureObjectIntensityDistribution,pattern_group,running,50.0,1,2
cp_tutorial_advanced_segmentation_final,4,16,1791502239.8716946,4006783,worker_2,W003,MeasureObjectIntensityDistribution,pattern_group,running,100.0,2,2
cp_tutorial_advanced_segmentation_final,4,16,1791502239.874584,4006783,worker_2,W003,MeasureObjectIntensityDistribution,step_completed,success,75.0,12,16
cp_tutorial_advanced_segmentation_final,4,16,1791502239.87645,4006783,worker_2,W003,MeasureObjectSizeShape,step_started,started,75.0,12,16
cp_tutorial_advanced_segmentation_final,4,16,1791502239.8989356,4006781,worker_0,W001,MeasureObjectSizeShape,pattern_group,running,50.0,2,4
cp_tutorial_advanced_segmentation_final,4,16,1791502239.911197,4006782,worker_1,W002,MeasureObjectSizeShape,pattern_group,running,50.0,2,4
cp_tutorial_advanced_segmentation_final,4,16,1791502239.9861338,4006781,worker_0,W001,MeasureObjectSizeShape,pattern_group,running,75.0,3,4
cp_tutorial_advanced_segmentation_final,4,16,1791502240.028138,4006781,worker_0,W001,MeasureObjectSizeShape,pattern_group,running,100.0,4,4
cp_tutorial_advanced_segmentation_final,4,16,1791502240.0336316,4006781,worker_0,W001,MeasureObjectSizeShape,step_completed,success,81.25,13,16
cp_tutorial_advanced_segmentation_final,4,16,1791502240.0364408,4006781,worker_0,W001,MeasureObjectNeighbors,step_started,started,81.25,13,16
cp_tutorial_advanced_segmentation_final,4,16,1791502240.0835814,4006782,worker_1,W002,MeasureObjectSizeShape,pattern_group,running,75.0,3,4
cp_tutorial_advanced_segmentation_final,4,16,1791502240.1000018,4006781,worker_0,W001,MeasureObjectNeighbors,pattern_group,running,33.33333333333333,1,3
cp_tutorial_advanced_segmentation_final,4,16,1791502240.12651,4006782,worker_1,W002,MeasureObjectSizeShape,pattern_group,running,100.0,4,4
cp_tutorial_advanced_segmentation_final,4,16,1791502240.1316955,4006782,worker_1,W002,MeasureObjectSizeShape,step_completed,success,81.25,13,16
cp_tutorial_advanced_segmentation_final,4,16,1791502240.133158,4006782,worker_1,W002,MeasureObjectNeighbors,step_started,started,81.25,13,16
cp_tutorial_advanced_segmentation_final,4,16,1791502240.1876218,4006784,worker_3,W004,MeasureColocalization,pattern_group,running,100.0,2,2
cp_tutorial_advanced_segmentation_final,4,16,1791502240.189858,4006782,worker_1,W002,MeasureObjectNeighbors,pattern_group,running,33.33333333333333,1,3
cp_tutorial_advanced_segmentation_final,4,16,1791502240.1927447,4006784,worker_3,W004,MeasureColocalization,step_completed,success,62.5,10,16
cp_tutorial_advanced_segmentation_final,4,16,1791502240.1936507,4006784,worker_3,W004,MeasureObjectIntensity,step_started,started,62.5,10,16
cp_tutorial_advanced_segmentation_final,4,16,1791502240.1945925,4006781,worker_0,W001,MeasureObjectNeighbors,pattern_group,running,66.66666666666666,2,3
cp_tutorial_advanced_segmentation_final,4,16,1791502240.235255,4006782,worker_1,W002,MeasureObjectNeighbors,pattern_group,running,66.66666666666666,2,3
cp_tutorial_advanced_segmentation_final,4,16,1791502240.3037362,4006782,worker_1,W002,MeasureObjectNeighbors,pattern_group,running,100.0,3,3
cp_tutorial_advanced_segmentation_final,4,16,1791502240.305025,4006782,worker_1,W002,MeasureObjectNeighbors,step_completed,success,87.5,14,16
cp_tutorial_advanced_segmentation_final,4,16,1791502240.305806,4006782,worker_1,W002,RelateObjects,step_started,started,87.5,14,16
cp_tutorial_advanced_segmentation_final,4,16,1791502240.3366015,4006781,worker_0,W001,MeasureObjectNeighbors,pattern_group,running,100.0,3,3
cp_tutorial_advanced_segmentation_final,4,16,1791502240.3409371,4006781,worker_0,W001,MeasureObjectNeighbors,step_completed,success,87.5,14,16
cp_tutorial_advanced_segmentation_final,4,16,1791502240.3417437,4006781,worker_0,W001,RelateObjects,step_started,started,87.5,14,16
cp_tutorial_advanced_segmentation_final,4,16,1791502240.4058163,4006783,worker_2,W003,MeasureObjectSizeShape,pattern_group,running,25.0,1,4
cp_tutorial_advanced_segmentation_final,4,16,1791502240.490977,4006782,worker_1,W002,RelateObjects,pattern_group,running,50.0,1,2
cp_tutorial_advanced_segmentation_final,4,16,1791502240.5627599,4006783,worker_2,W003,MeasureObjectSizeShape,pattern_group,running,50.0,2,4
cp_tutorial_advanced_segmentation_final,4,16,1791502240.6389213,4006781,worker_0,W001,RelateObjects,pattern_group,running,50.0,1,2
cp_tutorial_advanced_segmentation_final,4,16,1791502240.7001188,4006783,worker_2,W003,MeasureObjectSizeShape,pattern_group,running,75.0,3,4
cp_tutorial_advanced_segmentation_final,4,16,1791502240.771309,4006783,worker_2,W003,MeasureObjectSizeShape,pattern_group,running,100.0,4,4
cp_tutorial_advanced_segmentation_final,4,16,1791502240.7801964,4006783,worker_2,W003,MeasureObjectSizeShape,step_completed,success,81.25,13,16
cp_tutorial_advanced_segmentation_final,4,16,1791502240.7835584,4006783,worker_2,W003,MeasureObjectNeighbors,step_started,started,81.25,13,16
cp_tutorial_advanced_segmentation_final,4,16,1791502240.7946336,4006784,worker_3,W004,MeasureObjectIntensity,pattern_group,running,50.0,1,2
cp_tutorial_advanced_segmentation_final,4,16,1791502240.8713312,4006783,worker_2,W003,MeasureObjectNeighbors,pattern_group,running,33.33333333333333,1,3
cp_tutorial_advanced_segmentation_final,4,16,1791502240.8901298,4006782,worker_1,W002,RelateObjects,pattern_group,running,100.0,2,2
cp_tutorial_advanced_segmentation_final,4,16,1791502240.8953242,4006782,worker_1,W002,RelateObjects,step_completed,success,93.75,15,16
cp_tutorial_advanced_segmentation_final,4,16,1791502240.8980439,4006782,worker_1,W002,pipeline,axis_completed,success,93.75,15,16
cp_tutorial_advanced_segmentation_final,4,16,1791502240.8981369,4006782,worker_1,W006,pipeline,axis_started,started,0.0,0,16
cp_tutorial_advanced_segmentation_final,4,16,1791502240.902045,4006782,worker_1,W006,CorrectIlluminationApply,step_started,started,0.0,0,16
cp_tutorial_advanced_segmentation_final,4,16,1791502240.915238,4006784,worker_3,W004,MeasureObjectIntensity,pattern_group,running,100.0,2,2
cp_tutorial_advanced_segmentation_final,4,16,1791502240.9187922,4006784,worker_3,W004,MeasureObjectIntensity,step_completed,success,68.75,11,16
cp_tutorial_advanced_segmentation_final,4,16,1791502240.9204736,4006784,worker_3,W004,MeasureObjectIntensityDistribution,step_started,started,68.75,11,16
cp_tutorial_advanced_segmentation_final,4,16,1791502240.9435139,4006783,worker_2,W003,MeasureObjectNeighbors,pattern_group,running,66.66666666666666,2,3
cp_tutorial_advanced_segmentation_final,4,16,1791502240.9681144,4006782,worker_1,W006,CorrectIlluminationApply,pattern_group,running,20.0,1,5
cp_tutorial_advanced_segmentation_final,4,16,1791502240.9972675,4006782,worker_1,W006,CorrectIlluminationApply,pattern_group,running,40.0,2,5
cp_tutorial_advanced_segmentation_final,4,16,1791502241.0275311,4006782,worker_1,W006,CorrectIlluminationApply,pattern_group,running,60.0,3,5
cp_tutorial_advanced_segmentation_final,4,16,1791502241.044512,4006784,worker_3,W004,MeasureObjectIntensityDistribution,pattern_group,running,50.0,1,2
cp_tutorial_advanced_segmentation_final,4,16,1791502241.056605,4006782,worker_1,W006,CorrectIlluminationApply,pattern_group,running,80.0,4,5
cp_tutorial_advanced_segmentation_final,4,16,1791502241.056896,4006783,worker_2,W003,MeasureObjectNeighbors,pattern_group,running,100.0,3,3
cp_tutorial_advanced_segmentation_final,4,16,1791502241.0593987,4006783,worker_2,W003,MeasureObjectNeighbors,step_completed,success,87.5,14,16
cp_tutorial_advanced_segmentation_final,4,16,1791502241.061262,4006783,worker_2,W003,RelateObjects,step_started,started,87.5,14,16
cp_tutorial_advanced_segmentation_final,4,16,1791502241.0870385,4006782,worker_1,W006,CorrectIlluminationApply,pattern_group,running,100.0,5,5
cp_tutorial_advanced_segmentation_final,4,16,1791502241.0874968,4006782,worker_1,W006,CorrectIlluminationApply,step_completed,success,6.25,1,16
cp_tutorial_advanced_segmentation_final,4,16,1791502241.0881302,4006782,worker_1,W006,IdentifyPrimaryObjects,step_started,started,6.25,1,16
cp_tutorial_advanced_segmentation_final,4,16,1791502241.0918412,4006781,worker_0,W001,RelateObjects,pattern_group,running,100.0,2,2
cp_tutorial_advanced_segmentation_final,4,16,1791502241.097217,4006781,worker_0,W001,RelateObjects,step_completed,success,93.75,15,16
cp_tutorial_advanced_segmentation_final,4,16,1791502241.1013188,4006784,worker_3,W004,MeasureObjectIntensityDistribution,pattern_group,running,100.0,2,2
cp_tutorial_advanced_segmentation_final,4,16,1791502241.1034195,4006781,worker_0,W001,pipeline,axis_completed,success,93.75,15,16
cp_tutorial_advanced_segmentation_final,4,16,1791502241.1041644,4006784,worker_3,W004,MeasureObjectIntensityDistribution,step_completed,success,75.0,12,16
cp_tutorial_advanced_segmentation_final,4,16,1791502241.1035008,4006781,worker_0,W005,pipeline,axis_started,started,0.0,0,16
cp_tutorial_advanced_segmentation_final,4,16,1791502241.105898,4006784,worker_3,W004,MeasureObjectSizeShape,step_started,started,75.0,12,16
cp_tutorial_advanced_segmentation_final,4,16,1791502241.108004,4006781,worker_0,W005,CorrectIlluminationApply,step_started,started,0.0,0,16
cp_tutorial_advanced_segmentation_final,4,16,1791502241.1816514,4006781,worker_0,W005,CorrectIlluminationApply,pattern_group,running,20.0,1,5
cp_tutorial_advanced_segmentation_final,4,16,1791502241.1925328,4006782,worker_1,W006,IdentifyPrimaryObjects,pattern_group,running,100.0,1,1
cp_tutorial_advanced_segmentation_final,4,16,1791502241.1933854,4006782,worker_1,W006,IdentifyPrimaryObjects,step_completed,success,12.5,2,16
cp_tutorial_advanced_segmentation_final,4,16,1791502241.1944745,4006782,worker_1,W006,IdentifySecondaryObjects,step_started,started,12.5,2,16
cp_tutorial_advanced_segmentation_final,4,16,1791502241.2127259,4006781,worker_0,W005,CorrectIlluminationApply,pattern_group,running,40.0,2,5
cp_tutorial_advanced_segmentation_final,4,16,1791502241.242553,4006781,worker_0,W005,CorrectIlluminationApply,pattern_group,running,60.0,3,5
cp_tutorial_advanced_segmentation_final,4,16,1791502241.27146,4006781,worker_0,W005,CorrectIlluminationApply,pattern_group,running,80.0,4,5
cp_tutorial_advanced_segmentation_final,4,16,1791502241.3018568,4006781,worker_0,W005,CorrectIlluminationApply,pattern_group,running,100.0,5,5
cp_tutorial_advanced_segmentation_final,4,16,1791502241.302488,4006781,worker_0,W005,CorrectIlluminationApply,step_completed,success,6.25,1,16
cp_tutorial_advanced_segmentation_final,4,16,1791502241.3033612,4006781,worker_0,W005,IdentifyPrimaryObjects,step_started,started,6.25,1,16
cp_tutorial_advanced_segmentation_final,4,16,1791502241.3877332,4006783,worker_2,W003,RelateObjects,pattern_group,running,50.0,1,2
cp_tutorial_advanced_segmentation_final,4,16,1791502241.4073546,4006781,worker_0,W005,IdentifyPrimaryObjects,pattern_group,running,100.0,1,1
cp_tutorial_advanced_segmentation_final,4,16,1791502241.4082217,4006781,worker_0,W005,IdentifyPrimaryObjects,step_completed,success,12.5,2,16
cp_tutorial_advanced_segmentation_final,4,16,1791502241.4092681,4006781,worker_0,W005,IdentifySecondaryObjects,step_started,started,12.5,2,16
cp_tutorial_advanced_segmentation_final,4,16,1791502241.444568,4006782,worker_1,W006,IdentifySecondaryObjects,pattern_group,running,100.0,1,1
cp_tutorial_advanced_segmentation_final,4,16,1791502241.4454007,4006782,worker_1,W006,IdentifySecondaryObjects,step_completed,success,18.75,3,16
cp_tutorial_advanced_segmentation_final,4,16,1791502241.4462554,4006782,worker_1,W006,IdentifyTertiaryObjects,step_started,started,18.75,3,16
cp_tutorial_advanced_segmentation_final,4,16,1791502241.4933555,4006782,worker_1,W006,IdentifyTertiaryObjects,pattern_group,running,100.0,1,1
cp_tutorial_advanced_segmentation_final,4,16,1791502241.493957,4006782,worker_1,W006,IdentifyTertiaryObjects,step_completed,success,25.0,4,16
cp_tutorial_advanced_segmentation_final,4,16,1791502241.4948518,4006782,worker_1,W006,EnhanceOrSuppressFeatures,step_started,started,25.0,4,16
cp_tutorial_advanced_segmentation_final,4,16,1791502241.504535,4006782,worker_1,W006,EnhanceOrSuppressFeatures,pattern_group,running,100.0,1,1
cp_tutorial_advanced_segmentation_final,4,16,1791502241.5049052,4006782,worker_1,W006,EnhanceOrSuppressFeatures,step_completed,success,31.25,5,16
cp_tutorial_advanced_segmentation_final,4,16,1791502241.5055661,4006782,worker_1,W006,MaskImage,step_started,started,31.25,5,16
cp_tutorial_advanced_segmentation_final,4,16,1791502241.5135038,4006782,worker_1,W006,MaskImage,pattern_group,running,100.0,1,1
cp_tutorial_advanced_segmentation_final,4,16,1791502241.5139034,4006782,worker_1,W006,MaskImage,step_completed,success,37.5,6,16
cp_tutorial_advanced_segmentation_final,4,16,1791502241.5147753,4006782,worker_1,W006,IdentifyPrimaryObjects,step_started,started,37.5,6,16
cp_tutorial_advanced_segmentation_final,4,16,1791502241.51995,4006784,worker_3,W004,MeasureObjectSizeShape,pattern_group,running,25.0,1,4
cp_tutorial_advanced_segmentation_final,4,16,1791502241.5950918,4006782,worker_1,W006,IdentifyPrimaryObjects,pattern_group,running,100.0,1,1
cp_tutorial_advanced_segmentation_final,4,16,1791502241.5959237,4006782,worker_1,W006,IdentifyPrimaryObjects,step_completed,success,43.75,7,16
cp_tutorial_advanced_segmentation_final,4,16,1791502241.5972126,4006782,worker_1,W006,MaskImage,step_started,started,43.75,7,16
cp_tutorial_advanced_segmentation_final,4,16,1791502241.6081748,4006782,worker_1,W006,MaskImage,pattern_group,running,100.0,1,1
cp_tutorial_advanced_segmentation_final,4,16,1791502241.6085596,4006782,worker_1,W006,MaskImage,step_completed,success,50.0,8,16
cp_tutorial_advanced_segmentation_final,4,16,1791502241.6092455,4006782,worker_1,W006,IdentifyPrimaryObjects,step_started,started,50.0,8,16
cp_tutorial_advanced_segmentation_final,4,16,1791502241.6257393,4006784,worker_3,W004,MeasureObjectSizeShape,pattern_group,running,50.0,2,4
cp_tutorial_advanced_segmentation_final,4,16,1791502241.6700416,4006781,worker_0,W005,IdentifySecondaryObjects,pattern_group,running,100.0,1,1
cp_tutorial_advanced_segmentation_final,4,16,1791502241.6712148,4006781,worker_0,W005,IdentifySecondaryObjects,step_completed,success,18.75,3,16
cp_tutorial_advanced_segmentation_final,4,16,1791502241.6729503,4006781,worker_0,W005,IdentifyTertiaryObjects,step_started,started,18.75,3,16
cp_tutorial_advanced_segmentation_final,4,16,1791502241.7051485,4006782,worker_1,W006,IdentifyPrimaryObjects,pattern_group,running,100.0,1,1
cp_tutorial_advanced_segmentation_final,4,16,1791502241.7060409,4006782,worker_1,W006,IdentifyPrimaryObjects,step_completed,success,56.25,9,16
cp_tutorial_advanced_segmentation_final,4,16,1791502241.707466,4006782,worker_1,W006,MeasureColocalization,step_started,started,56.25,9,16
cp_tutorial_advanced_segmentation_final,4,16,1791502241.7180529,4006784,worker_3,W004,MeasureObjectSizeShape,pattern_group,running,75.0,3,4
cp_tutorial_advanced_segmentation_final,4,16,1791502241.7222073,4006781,worker_0,W005,IdentifyTertiaryObjects,pattern_group,running,100.0,1,1
cp_tutorial_advanced_segmentation_final,4,16,1791502241.7228425,4006781,worker_0,W005,IdentifyTertiaryObjects,step_completed,success,25.0,4,16
cp_tutorial_advanced_segmentation_final,4,16,1791502241.724747,4006781,worker_0,W005,EnhanceOrSuppressFeatures,step_started,started,25.0,4,16
cp_tutorial_advanced_segmentation_final,4,16,1791502241.735155,4006781,worker_0,W005,EnhanceOrSuppressFeatures,pattern_group,running,100.0,1,1
cp_tutorial_advanced_segmentation_final,4,16,1791502241.7357726,4006781,worker_0,W005,EnhanceOrSuppressFeatures,step_completed,success,31.25,5,16
cp_tutorial_advanced_segmentation_final,4,16,1791502241.7366114,4006781,worker_0,W005,MaskImage,step_started,started,31.25,5,16
cp_tutorial_advanced_segmentation_final,4,16,1791502241.744816,4006781,worker_0,W005,MaskImage,pattern_group,running,100.0,1,1
cp_tutorial_advanced_segmentation_final,4,16,1791502241.7451613,4006781,worker_0,W005,MaskImage,step_completed,success,37.5,6,16
cp_tutorial_advanced_segmentation_final,4,16,1791502241.7459438,4006781,worker_0,W005,IdentifyPrimaryObjects,step_started,started,37.5,6,16
cp_tutorial_advanced_segmentation_final,4,16,1791502241.7616522,4006784,worker_3,W004,MeasureObjectSizeShape,pattern_group,running,100.0,4,4
cp_tutorial_advanced_segmentation_final,4,16,1791502241.7673893,4006784,worker_3,W004,MeasureObjectSizeShape,step_completed,success,81.25,13,16
cp_tutorial_advanced_segmentation_final,4,16,1791502241.769922,4006784,worker_3,W004,MeasureObjectNeighbors,step_started,started,81.25,13,16
cp_tutorial_advanced_segmentation_final,4,16,1791502241.8277721,4006784,worker_3,W004,MeasureObjectNeighbors,pattern_group,running,33.33333333333333,1,3
cp_tutorial_advanced_segmentation_final,4,16,1791502241.8360372,4006781,worker_0,W005,IdentifyPrimaryObjects,pattern_group,running,100.0,1,1
cp_tutorial_advanced_segmentation_final,4,16,1791502241.8370233,4006781,worker_0,W005,IdentifyPrimaryObjects,step_completed,success,43.75,7,16
cp_tutorial_advanced_segmentation_final,4,16,1791502241.838076,4006781,worker_0,W005,MaskImage,step_started,started,43.75,7,16
cp_tutorial_advanced_segmentation_final,4,16,1791502241.8482249,4006781,worker_0,W005,MaskImage,pattern_group,running,100.0,1,1
cp_tutorial_advanced_segmentation_final,4,16,1791502241.848952,4006781,worker_0,W005,MaskImage,step_completed,success,50.0,8,16
cp_tutorial_advanced_segmentation_final,4,16,1791502241.849828,4006781,worker_0,W005,IdentifyPrimaryObjects,step_started,started,50.0,8,16
cp_tutorial_advanced_segmentation_final,4,16,1791502241.8749688,4006784,worker_3,W004,MeasureObjectNeighbors,pattern_group,running,66.66666666666666,2,3
cp_tutorial_advanced_segmentation_final,4,16,1791502241.9430745,4006781,worker_0,W005,IdentifyPrimaryObjects,pattern_group,running,100.0,1,1
cp_tutorial_advanced_segmentation_final,4,16,1791502241.9443967,4006781,worker_0,W005,IdentifyPrimaryObjects,step_completed,success,56.25,9,16
cp_tutorial_advanced_segmentation_final,4,16,1791502241.9465904,4006781,worker_0,W005,MeasureColocalization,step_started,started,56.25,9,16
cp_tutorial_advanced_segmentation_final,4,16,1791502241.948684,4006784,worker_3,W004,MeasureObjectNeighbors,pattern_group,running,100.0,3,3
cp_tutorial_advanced_segmentation_final,4,16,1791502241.9502418,4006784,worker_3,W004,MeasureObjectNeighbors,step_completed,success,87.5,14,16
cp_tutorial_advanced_segmentation_final,4,16,1791502241.9512541,4006784,worker_3,W004,RelateObjects,step_started,started,87.5,14,16
cp_tutorial_advanced_segmentation_final,4,16,1791502242.1048057,4006783,worker_2,W003,RelateObjects,pattern_group,running,100.0,2,2
cp_tutorial_advanced_segmentation_final,4,16,1791502242.1137142,4006783,worker_2,W003,RelateObjects,step_completed,success,93.75,15,16
cp_tutorial_advanced_segmentation_final,4,16,1791502242.1179664,4006783,worker_2,W003,pipeline,axis_completed,success,93.75,15,16
cp_tutorial_advanced_segmentation_final,4,16,1791502242.1180875,4006783,worker_2,W007,pipeline,axis_started,started,0.0,0,16
cp_tutorial_advanced_segmentation_final,4,16,1791502242.1249428,4006783,worker_2,W007,CorrectIlluminationApply,step_started,started,0.0,0,16
cp_tutorial_advanced_segmentation_final,4,16,1791502242.1544256,4006784,worker_3,W004,RelateObjects,pattern_group,running,50.0,1,2
cp_tutorial_advanced_segmentation_final,4,16,1791502242.223192,4006783,worker_2,W007,CorrectIlluminationApply,pattern_group,running,20.0,1,5
cp_tutorial_advanced_segmentation_final,4,16,1791502242.267641,4006783,worker_2,W007,CorrectIlluminationApply,pattern_group,running,40.0,2,5
cp_tutorial_advanced_segmentation_final,4,16,1791502242.3125107,4006783,worker_2,W007,CorrectIlluminationApply,pattern_group,running,60.0,3,5
cp_tutorial_advanced_segmentation_final,4,16,1791502242.3565204,4006783,worker_2,W007,CorrectIlluminationApply,pattern_group,running,80.0,4,5
cp_tutorial_advanced_segmentation_final,4,16,1791502242.3998346,4006783,worker_2,W007,CorrectIlluminationApply,pattern_group,running,100.0,5,5
cp_tutorial_advanced_segmentation_final,4,16,1791502242.4004028,4006783,worker_2,W007,CorrectIlluminationApply,step_completed,success,6.25,1,16
cp_tutorial_advanced_segmentation_final,4,16,1791502242.401337,4006783,worker_2,W007,IdentifyPrimaryObjects,step_started,started,6.25,1,16
cp_tutorial_advanced_segmentation_final,4,16,1791502242.4551744,4006782,worker_1,W006,MeasureColocalization,pattern_group,running,50.0,1,2
cp_tutorial_advanced_segmentation_final,4,16,1791502242.5593443,4006783,worker_2,W007,IdentifyPrimaryObjects,pattern_group,running,100.0,1,1
cp_tutorial_advanced_segmentation_final,4,16,1791502242.560536,4006783,worker_2,W007,IdentifyPrimaryObjects,step_completed,success,12.5,2,16
cp_tutorial_advanced_segmentation_final,4,16,1791502242.5622184,4006783,worker_2,W007,IdentifySecondaryObjects,step_started,started,12.5,2,16
cp_tutorial_advanced_segmentation_final,4,16,1791502242.5739174,4006784,worker_3,W004,RelateObjects,pattern_group,running,100.0,2,2
cp_tutorial_advanced_segmentation_final,4,16,1791502242.579249,4006784,worker_3,W004,RelateObjects,step_completed,success,93.75,15,16
cp_tutorial_advanced_segmentation_final,4,16,1791502242.5825274,4006784,worker_3,W004,pipeline,axis_completed,success,93.75,15,16
cp_tutorial_advanced_segmentation_final,4,16,1791502242.582621,4006784,worker_3,W008,pipeline,axis_started,started,0.0,0,16
cp_tutorial_advanced_segmentation_final,4,16,1791502242.586474,4006784,worker_3,W008,CorrectIlluminationApply,step_started,started,0.0,0,16
cp_tutorial_advanced_segmentation_final,4,16,1791502242.6548667,4006784,worker_3,W008,CorrectIlluminationApply,pattern_group,running,20.0,1,5
cp_tutorial_advanced_segmentation_final,4,16,1791502242.6687334,4006781,worker_0,W005,MeasureColocalization,pattern_group,running,50.0,1,2
cp_tutorial_advanced_segmentation_final,4,16,1791502242.6858509,4006784,worker_3,W008,CorrectIlluminationApply,pattern_group,running,40.0,2,5
cp_tutorial_advanced_segmentation_final,4,16,1791502242.7179766,4006784,worker_3,W008,CorrectIlluminationApply,pattern_group,running,60.0,3,5
cp_tutorial_advanced_segmentation_final,4,16,1791502242.7491958,4006784,worker_3,W008,CorrectIlluminationApply,pattern_group,running,80.0,4,5
cp_tutorial_advanced_segmentation_final,4,16,1791502242.7804875,4006784,worker_3,W008,CorrectIlluminationApply,pattern_group,running,100.0,5,5
cp_tutorial_advanced_segmentation_final,4,16,1791502242.7808473,4006784,worker_3,W008,CorrectIlluminationApply,step_completed,success,6.25,1,16
cp_tutorial_advanced_segmentation_final,4,16,1791502242.7816353,4006784,worker_3,W008,IdentifyPrimaryObjects,step_started,started,6.25,1,16
cp_tutorial_advanced_segmentation_final,4,16,1791502242.8909876,4006784,worker_3,W008,IdentifyPrimaryObjects,pattern_group,running,100.0,1,1
cp_tutorial_advanced_segmentation_final,4,16,1791502242.8918636,4006784,worker_3,W008,IdentifyPrimaryObjects,step_completed,success,12.5,2,16
cp_tutorial_advanced_segmentation_final,4,16,1791502242.893007,4006784,worker_3,W008,IdentifySecondaryObjects,step_started,started,12.5,2,16
cp_tutorial_advanced_segmentation_final,4,16,1791502242.9690857,4006783,worker_2,W007,IdentifySecondaryObjects,pattern_group,running,100.0,1,1
cp_tutorial_advanced_segmentation_final,4,16,1791502242.970333,4006783,worker_2,W007,IdentifySecondaryObjects,step_completed,success,18.75,3,16
cp_tutorial_advanced_segmentation_final,4,16,1791502242.9717543,4006783,worker_2,W007,IdentifyTertiaryObjects,step_started,started,18.75,3,16
cp_tutorial_advanced_segmentation_final,4,16,1791502243.0387094,4006783,worker_2,W007,IdentifyTertiaryObjects,pattern_group,running,100.0,1,1
cp_tutorial_advanced_segmentation_final,4,16,1791502243.0396562,4006783,worker_2,W007,IdentifyTertiaryObjects,step_completed,success,25.0,4,16
cp_tutorial_advanced_segmentation_final,4,16,1791502243.0411742,4006783,worker_2,W007,EnhanceOrSuppressFeatures,step_started,started,25.0,4,16
cp_tutorial_advanced_segmentation_final,4,16,1791502243.0551605,4006783,worker_2,W007,EnhanceOrSuppressFeatures,pattern_group,running,100.0,1,1
cp_tutorial_advanced_segmentation_final,4,16,1791502243.055692,4006783,worker_2,W007,EnhanceOrSuppressFeatures,step_completed,success,31.25,5,16
cp_tutorial_advanced_segmentation_final,4,16,1791502243.0567572,4006783,worker_2,W007,MaskImage,step_started,started,31.25,5,16
cp_tutorial_advanced_segmentation_final,4,16,1791502243.0677834,4006783,worker_2,W007,MaskImage,pattern_group,running,100.0,1,1
cp_tutorial_advanced_segmentation_final,4,16,1791502243.0683286,4006783,worker_2,W007,MaskImage,step_completed,success,37.5,6,16
cp_tutorial_advanced_segmentation_final,4,16,1791502243.0697777,4006783,worker_2,W007,IdentifyPrimaryObjects,step_started,started,37.5,6,16
cp_tutorial_advanced_segmentation_final,4,16,1791502243.1516745,4006782,worker_1,W006,MeasureColocalization,pattern_group,running,100.0,2,2
cp_tutorial_advanced_segmentation_final,4,16,1791502243.1581323,4006782,worker_1,W006,MeasureColocalization,step_completed,success,62.5,10,16
cp_tutorial_advanced_segmentation_final,4,16,1791502243.159737,4006782,worker_1,W006,MeasureObjectIntensity,step_started,started,62.5,10,16
cp_tutorial_advanced_segmentation_final,4,16,1791502243.1825302,4006784,worker_3,W008,IdentifySecondaryObjects,pattern_group,running,100.0,1,1
cp_tutorial_advanced_segmentation_final,4,16,1791502243.1854393,4006784,worker_3,W008,IdentifySecondaryObjects,step_completed,success,18.75,3,16
cp_tutorial_advanced_segmentation_final,4,16,1791502243.1863024,4006784,worker_3,W008,IdentifyTertiaryObjects,step_started,started,18.75,3,16
cp_tutorial_advanced_segmentation_final,4,16,1791502243.2062948,4006783,worker_2,W007,IdentifyPrimaryObjects,pattern_group,running,100.0,1,1
cp_tutorial_advanced_segmentation_final,4,16,1791502243.2078369,4006783,worker_2,W007,IdentifyPrimaryObjects,step_completed,success,43.75,7,16
cp_tutorial_advanced_segmentation_final,4,16,1791502243.2110033,4006783,worker_2,W007,MaskImage,step_started,started,43.75,7,16
cp_tutorial_advanced_segmentation_final,4,16,1791502243.2264452,4006783,worker_2,W007,MaskImage,pattern_group,running,100.0,1,1
cp_tutorial_advanced_segmentation_final,4,16,1791502243.2269516,4006783,worker_2,W007,MaskImage,step_completed,success,50.0,8,16
cp_tutorial_advanced_segmentation_final,4,16,1791502243.2284439,4006783,worker_2,W007,IdentifyPrimaryObjects,step_started,started,50.0,8,16
cp_tutorial_advanced_segmentation_final,4,16,1791502243.2394311,4006784,worker_3,W008,IdentifyTertiaryObjects,pattern_group,running,100.0,1,1
cp_tutorial_advanced_segmentation_final,4,16,1791502243.2401364,4006784,worker_3,W008,IdentifyTertiaryObjects,step_completed,success,25.0,4,16
cp_tutorial_advanced_segmentation_final,4,16,1791502243.241069,4006784,worker_3,W008,EnhanceOrSuppressFeatures,step_started,started,25.0,4,16
cp_tutorial_advanced_segmentation_final,4,16,1791502243.2542286,4006784,worker_3,W008,EnhanceOrSuppressFeatures,pattern_group,running,100.0,1,1
cp_tutorial_advanced_segmentation_final,4,16,1791502243.2546608,4006784,worker_3,W008,EnhanceOrSuppressFeatures,step_completed,success,31.25,5,16
cp_tutorial_advanced_segmentation_final,4,16,1791502243.2553654,4006784,worker_3,W008,MaskImage,step_started,started,31.25,5,16
cp_tutorial_advanced_segmentation_final,4,16,1791502243.2641914,4006784,worker_3,W008,MaskImage,pattern_group,running,100.0,1,1
cp_tutorial_advanced_segmentation_final,4,16,1791502243.264631,4006784,worker_3,W008,MaskImage,step_completed,success,37.5,6,16
cp_tutorial_advanced_segmentation_final,4,16,1791502243.265515,4006784,worker_3,W008,IdentifyPrimaryObjects,step_started,started,37.5,6,16
cp_tutorial_advanced_segmentation_final,4,16,1791502243.3537593,4006784,worker_3,W008,IdentifyPrimaryObjects,pattern_group,running,100.0,1,1
cp_tutorial_advanced_segmentation_final,4,16,1791502243.3546698,4006784,worker_3,W008,IdentifyPrimaryObjects,step_completed,success,43.75,7,16
cp_tutorial_advanced_segmentation_final,4,16,1791502243.3559244,4006784,worker_3,W008,MaskImage,step_started,started,43.75,7,16
cp_tutorial_advanced_segmentation_final,4,16,1791502243.3609207,4006781,worker_0,W005,MeasureColocalization,pattern_group,running,100.0,2,2
cp_tutorial_advanced_segmentation_final,4,16,1791502243.3660839,4006781,worker_0,W005,MeasureColocalization,step_completed,success,62.5,10,16
cp_tutorial_advanced_segmentation_final,4,16,1791502243.3673747,4006781,worker_0,W005,MeasureObjectIntensity,step_started,started,62.5,10,16
cp_tutorial_advanced_segmentation_final,4,16,1791502243.3664649,4006784,worker_3,W008,MaskImage,pattern_group,running,100.0,1,1
cp_tutorial_advanced_segmentation_final,4,16,1791502243.3668263,4006784,worker_3,W008,MaskImage,step_completed,success,50.0,8,16
cp_tutorial_advanced_segmentation_final,4,16,1791502243.3674738,4006784,worker_3,W008,IdentifyPrimaryObjects,step_started,started,50.0,8,16
cp_tutorial_advanced_segmentation_final,4,16,1791502243.3869052,4006783,worker_2,W007,IdentifyPrimaryObjects,pattern_group,running,100.0,1,1
cp_tutorial_advanced_segmentation_final,4,16,1791502243.3881772,4006783,worker_2,W007,IdentifyPrimaryObjects,step_completed,success,56.25,9,16
cp_tutorial_advanced_segmentation_final,4,16,1791502243.390088,4006783,worker_2,W007,MeasureColocalization,step_started,started,56.25,9,16
cp_tutorial_advanced_segmentation_final,4,16,1791502243.4718843,4006784,worker_3,W008,IdentifyPrimaryObjects,pattern_group,running,100.0,1,1
cp_tutorial_advanced_segmentation_final,4,16,1791502243.4727204,4006784,worker_3,W008,IdentifyPrimaryObjects,step_completed,success,56.25,9,16
cp_tutorial_advanced_segmentation_final,4,16,1791502243.473908,4006784,worker_3,W008,MeasureColocalization,step_started,started,56.25,9,16
cp_tutorial_advanced_segmentation_final,4,16,1791502243.6388752,4006782,worker_1,W006,MeasureObjectIntensity,pattern_group,running,50.0,1,2
cp_tutorial_advanced_segmentation_final,4,16,1791502243.7576835,4006782,worker_1,W006,MeasureObjectIntensity,pattern_group,running,100.0,2,2
cp_tutorial_advanced_segmentation_final,4,16,1791502243.7611144,4006782,worker_1,W006,MeasureObjectIntensity,step_completed,success,68.75,11,16
cp_tutorial_advanced_segmentation_final,4,16,1791502243.7626255,4006782,worker_1,W006,MeasureObjectIntensityDistribution,step_started,started,68.75,11,16
cp_tutorial_advanced_segmentation_final,4,16,1791502243.8674417,4006781,worker_0,W005,MeasureObjectIntensity,pattern_group,running,50.0,1,2
cp_tutorial_advanced_segmentation_final,4,16,1791502243.8756063,4006782,worker_1,W006,MeasureObjectIntensityDistribution,pattern_group,running,50.0,1,2
cp_tutorial_advanced_segmentation_final,4,16,1791502243.925267,4006782,worker_1,W006,MeasureObjectIntensityDistribution,pattern_group,running,100.0,2,2
cp_tutorial_advanced_segmentation_final,4,16,1791502243.9281077,4006782,worker_1,W006,MeasureObjectIntensityDistribution,step_completed,success,75.0,12,16
cp_tutorial_advanced_segmentation_final,4,16,1791502243.929361,4006782,worker_1,W006,MeasureObjectSizeShape,step_started,started,75.0,12,16
cp_tutorial_advanced_segmentation_final,4,16,1791502244.0260289,4006781,worker_0,W005,MeasureObjectIntensity,pattern_group,running,100.0,2,2
cp_tutorial_advanced_segmentation_final,4,16,1791502244.0295072,4006781,worker_0,W005,MeasureObjectIntensity,step_completed,success,68.75,11,16
cp_tutorial_advanced_segmentation_final,4,16,1791502244.0310247,4006781,worker_0,W005,MeasureObjectIntensityDistribution,step_started,started,68.75,11,16
cp_tutorial_advanced_segmentation_final,4,16,1791502244.1422489,4006781,worker_0,W005,MeasureObjectIntensityDistribution,pattern_group,running,50.0,1,2
cp_tutorial_advanced_segmentation_final,4,16,1791502244.1929352,4006781,worker_0,W005,MeasureObjectIntensityDistribution,pattern_group,running,100.0,2,2
cp_tutorial_advanced_segmentation_final,4,16,1791502244.195928,4006781,worker_0,W005,MeasureObjectIntensityDistribution,step_completed,success,75.0,12,16
cp_tutorial_advanced_segmentation_final,4,16,1791502244.197465,4006781,worker_0,W005,MeasureObjectSizeShape,step_started,started,75.0,12,16
cp_tutorial_advanced_segmentation_final,4,16,1791502244.2084746,4006784,worker_3,W008,MeasureColocalization,pattern_group,running,50.0,1,2
cp_tutorial_advanced_segmentation_final,4,16,1791502244.3308992,4006782,worker_1,W006,MeasureObjectSizeShape,pattern_group,running,25.0,1,4
cp_tutorial_advanced_segmentation_final,4,16,1791502244.4375873,4006782,worker_1,W006,MeasureObjectSizeShape,pattern_group,running,50.0,2,4
cp_tutorial_advanced_segmentation_final,4,16,1791502244.4984832,4006783,worker_2,W007,MeasureColocalization,pattern_group,running,50.0,1,2
cp_tutorial_advanced_segmentation_final,4,16,1791502244.5268424,4006782,worker_1,W006,MeasureObjectSizeShape,pattern_group,running,75.0,3,4
cp_tutorial_advanced_segmentation_final,4,16,1791502244.5713956,4006782,worker_1,W006,MeasureObjectSizeShape,pattern_group,running,100.0,4,4
cp_tutorial_advanced_segmentation_final,4,16,1791502244.576774,4006782,worker_1,W006,MeasureObjectSizeShape,step_completed,success,81.25,13,16
cp_tutorial_advanced_segmentation_final,4,16,1791502244.5790594,4006782,worker_1,W006,MeasureObjectNeighbors,step_started,started,81.25,13,16
cp_tutorial_advanced_segmentation_final,4,16,1791502244.584978,4006781,worker_0,W005,MeasureObjectSizeShape,pattern_group,running,25.0,1,4
cp_tutorial_advanced_segmentation_final,4,16,1791502244.6473968,4006782,worker_1,W006,MeasureObjectNeighbors,pattern_group,running,33.33333333333333,1,3
cp_tutorial_advanced_segmentation_final,4,16,1791502244.6959548,4006782,worker_1,W006,MeasureObjectNeighbors,pattern_group,running,66.66666666666666,2,3
cp_tutorial_advanced_segmentation_final,4,16,1791502244.7027917,4006781,worker_0,W005,MeasureObjectSizeShape,pattern_group,running,50.0,2,4
cp_tutorial_advanced_segmentation_final,4,16,1791502244.7691474,4006782,worker_1,W006,MeasureObjectNeighbors,pattern_group,running,100.0,3,3
cp_tutorial_advanced_segmentation_final,4,16,1791502244.7706046,4006782,worker_1,W006,MeasureObjectNeighbors,step_completed,success,87.5,14,16
cp_tutorial_advanced_segmentation_final,4,16,1791502244.7716646,4006782,worker_1,W006,RelateObjects,step_started,started,87.5,14,16
cp_tutorial_advanced_segmentation_final,4,16,1791502244.7922063,4006781,worker_0,W005,MeasureObjectSizeShape,pattern_group,running,75.0,3,4
cp_tutorial_advanced_segmentation_final,4,16,1791502244.8349273,4006781,worker_0,W005,MeasureObjectSizeShape,pattern_group,running,100.0,4,4
cp_tutorial_advanced_segmentation_final,4,16,1791502244.8404965,4006781,worker_0,W005,MeasureObjectSizeShape,step_completed,success,81.25,13,16
cp_tutorial_advanced_segmentation_final,4,16,1791502244.842791,4006781,worker_0,W005,MeasureObjectNeighbors,step_started,started,81.25,13,16
cp_tutorial_advanced_segmentation_final,4,16,1791502244.8958886,4006784,worker_3,W008,MeasureColocalization,pattern_group,running,100.0,2,2
cp_tutorial_advanced_segmentation_final,4,16,1791502244.9015124,4006784,worker_3,W008,MeasureColocalization,step_completed,success,62.5,10,16
cp_tutorial_advanced_segmentation_final,4,16,1791502244.9029267,4006781,worker_0,W005,MeasureObjectNeighbors,pattern_group,running,33.33333333333333,1,3
cp_tutorial_advanced_segmentation_final,4,16,1791502244.906037,4006784,worker_3,W008,MeasureObjectIntensity,step_started,started,62.5,10,16
cp_tutorial_advanced_segmentation_final,4,16,1791502244.9538913,4006781,worker_0,W005,MeasureObjectNeighbors,pattern_group,running,66.66666666666666,2,3
cp_tutorial_advanced_segmentation_final,4,16,1791502245.0254457,4006781,worker_0,W005,MeasureObjectNeighbors,pattern_group,running,100.0,3,3
cp_tutorial_advanced_segmentation_final,4,16,1791502245.027002,4006781,worker_0,W005,MeasureObjectNeighbors,step_completed,success,87.5,14,16
cp_tutorial_advanced_segmentation_final,4,16,1791502245.0281868,4006781,worker_0,W005,RelateObjects,step_started,started,87.5,14,16
cp_tutorial_advanced_segmentation_final,4,16,1791502245.088383,4006782,worker_1,W006,RelateObjects,pattern_group,running,50.0,1,2
cp_tutorial_advanced_segmentation_final,4,16,1791502245.3192456,4006781,worker_0,W005,RelateObjects,pattern_group,running,50.0,1,2
cp_tutorial_advanced_segmentation_final,4,16,1791502245.3531826,4006784,worker_3,W008,MeasureObjectIntensity,pattern_group,running,50.0,1,2
cp_tutorial_advanced_segmentation_final,4,16,1791502245.4425874,4006783,worker_2,W007,MeasureColocalization,pattern_group,running,100.0,2,2
cp_tutorial_advanced_segmentation_final,4,16,1791502245.451612,4006783,worker_2,W007,MeasureColocalization,step_completed,success,62.5,10,16
cp_tutorial_advanced_segmentation_final,4,16,1791502245.4535663,4006783,worker_2,W007,MeasureObjectIntensity,step_started,started,62.5,10,16
cp_tutorial_advanced_segmentation_final,4,16,1791502245.4615579,4006784,worker_3,W008,MeasureObjectIntensity,pattern_group,running,100.0,2,2
cp_tutorial_advanced_segmentation_final,4,16,1791502245.4650366,4006784,worker_3,W008,MeasureObjectIntensity,step_completed,success,68.75,11,16
cp_tutorial_advanced_segmentation_final,4,16,1791502245.4665487,4006784,worker_3,W008,MeasureObjectIntensityDistribution,step_started,started,68.75,11,16
cp_tutorial_advanced_segmentation_final,4,16,1791502245.51844,4006782,worker_1,W006,RelateObjects,pattern_group,running,100.0,2,2
cp_tutorial_advanced_segmentation_final,4,16,1791502245.5239377,4006782,worker_1,W006,RelateObjects,step_completed,success,93.75,15,16
cp_tutorial_advanced_segmentation_final,4,16,1791502245.526607,4006782,worker_1,W006,pipeline,axis_completed,success,93.75,15,16
cp_tutorial_advanced_segmentation_final,4,16,1791502245.526703,4006782,worker_1,W010,pipeline,axis_started,started,0.0,0,16
cp_tutorial_advanced_segmentation_final,4,16,1791502245.5305464,4006782,worker_1,W010,CorrectIlluminationApply,step_started,started,0.0,0,16
cp_tutorial_advanced_segmentation_final,4,16,1791502245.5935836,4006782,worker_1,W010,CorrectIlluminationApply,pattern_group,running,20.0,1,5
cp_tutorial_advanced_segmentation_final,4,16,1791502245.623429,4006782,worker_1,W010,CorrectIlluminationApply,pattern_group,running,40.0,2,5
cp_tutorial_advanced_segmentation_final,4,16,1791502245.6270337,4006784,worker_3,W008,MeasureObjectIntensityDistribution,pattern_group,running,50.0,1,2
cp_tutorial_advanced_segmentation_final,4,16,1791502245.6529596,4006782,worker_1,W010,CorrectIlluminationApply,pattern_group,running,60.0,3,5
cp_tutorial_advanced_segmentation_final,4,16,1791502245.683432,4006782,worker_1,W010,CorrectIlluminationApply,pattern_group,running,80.0,4,5
cp_tutorial_advanced_segmentation_final,4,16,1791502245.6886258,4006784,worker_3,W008,MeasureObjectIntensityDistribution,pattern_group,running,100.0,2,2
cp_tutorial_advanced_segmentation_final,4,16,1791502245.6915035,4006784,worker_3,W008,MeasureObjectIntensityDistribution,step_completed,success,75.0,12,16
cp_tutorial_advanced_segmentation_final,4,16,1791502245.6927304,4006784,worker_3,W008,MeasureObjectSizeShape,step_started,started,75.0,12,16
cp_tutorial_advanced_segmentation_final,4,16,1791502245.7141333,4006782,worker_1,W010,CorrectIlluminationApply,pattern_group,running,100.0,5,5
cp_tutorial_advanced_segmentation_final,4,16,1791502245.714607,4006782,worker_1,W010,CorrectIlluminationApply,step_completed,success,6.25,1,16
cp_tutorial_advanced_segmentation_final,4,16,1791502245.7153134,4006782,worker_1,W010,IdentifyPrimaryObjects,step_started,started,6.25,1,16
cp_tutorial_advanced_segmentation_final,4,16,1791502245.7758296,4006781,worker_0,W005,RelateObjects,pattern_group,running,100.0,2,2
cp_tutorial_advanced_segmentation_final,4,16,1791502245.7890651,4006781,worker_0,W005,RelateObjects,step_completed,success,93.75,15,16
cp_tutorial_advanced_segmentation_final,4,16,1791502245.7946503,4006781,worker_0,W005,pipeline,axis_completed,success,93.75,15,16
cp_tutorial_advanced_segmentation_final,4,16,1791502245.7947454,4006781,worker_0,W009,pipeline,axis_started,started,0.0,0,16
cp_tutorial_advanced_segmentation_final,4,16,1791502245.802243,4006781,worker_0,W009,CorrectIlluminationApply,step_started,started,0.0,0,16
cp_tutorial_advanced_segmentation_final,4,16,1791502245.8191614,4006782,worker_1,W010,IdentifyPrimaryObjects,pattern_group,running,100.0,1,1
cp_tutorial_advanced_segmentation_final,4,16,1791502245.8199067,4006782,worker_1,W010,IdentifyPrimaryObjects,step_completed,success,12.5,2,16
cp_tutorial_advanced_segmentation_final,4,16,1791502245.8209581,4006782,worker_1,W010,IdentifySecondaryObjects,step_started,started,12.5,2,16
cp_tutorial_advanced_segmentation_final,4,16,1791502245.9320967,4006781,worker_0,W009,CorrectIlluminationApply,pattern_group,running,20.0,1,5
cp_tutorial_advanced_segmentation_final,4,16,1791502245.9650369,4006781,worker_0,W009,CorrectIlluminationApply,pattern_group,running,40.0,2,5
cp_tutorial_advanced_segmentation_final,4,16,1791502245.9948814,4006781,worker_0,W009,CorrectIlluminationApply,pattern_group,running,60.0,3,5
cp_tutorial_advanced_segmentation_final,4,16,1791502246.0237746,4006781,worker_0,W009,CorrectIlluminationApply,pattern_group,running,80.0,4,5
cp_tutorial_advanced_segmentation_final,4,16,1791502246.0533786,4006781,worker_0,W009,CorrectIlluminationApply,pattern_group,running,100.0,5,5
cp_tutorial_advanced_segmentation_final,4,16,1791502246.053882,4006781,worker_0,W009,CorrectIlluminationApply,step_completed,success,6.25,1,16
cp_tutorial_advanced_segmentation_final,4,16,1791502246.0546207,4006781,worker_0,W009,IdentifyPrimaryObjects,step_started,started,6.25,1,16
cp_tutorial_advanced_segmentation_final,4,16,1791502246.0727715,4006782,worker_1,W010,IdentifySecondaryObjects,pattern_group,running,100.0,1,1
cp_tutorial_advanced_segmentation_final,4,16,1791502246.0736132,4006782,worker_1,W010,IdentifySecondaryObjects,step_completed,success,18.75,3,16
cp_tutorial_advanced_segmentation_final,4,16,1791502246.074484,4006782,worker_1,W010,IdentifyTertiaryObjects,step_started,started,18.75,3,16
cp_tutorial_advanced_segmentation_final,4,16,1791502246.0780501,4006784,worker_3,W008,MeasureObjectSizeShape,pattern_group,running,25.0,1,4
cp_tutorial_advanced_segmentation_final,4,16,1791502246.1261363,4006782,worker_1,W010,IdentifyTertiaryObjects,pattern_group,running,100.0,1,1
cp_tutorial_advanced_segmentation_final,4,16,1791502246.1267881,4006782,worker_1,W010,IdentifyTertiaryObjects,step_completed,success,25.0,4,16
cp_tutorial_advanced_segmentation_final,4,16,1791502246.1277647,4006782,worker_1,W010,EnhanceOrSuppressFeatures,step_started,started,25.0,4,16
cp_tutorial_advanced_segmentation_final,4,16,1791502246.1377993,4006782,worker_1,W010,EnhanceOrSuppressFeatures,pattern_group,running,100.0,1,1
cp_tutorial_advanced_segmentation_final,4,16,1791502246.1382372,4006782,worker_1,W010,EnhanceOrSuppressFeatures,step_completed,success,31.25,5,16
cp_tutorial_advanced_segmentation_final,4,16,1791502246.1389117,4006782,worker_1,W010,MaskImage,step_started,started,31.25,5,16
cp_tutorial_advanced_segmentation_final,4,16,1791502246.1477637,4006782,worker_1,W010,MaskImage,pattern_group,running,100.0,1,1
cp_tutorial_advanced_segmentation_final,4,16,1791502246.1482356,4006782,worker_1,W010,MaskImage,step_completed,success,37.5,6,16
cp_tutorial_advanced_segmentation_final,4,16,1791502246.1491547,4006782,worker_1,W010,IdentifyPrimaryObjects,step_started,started,37.5,6,16
cp_tutorial_advanced_segmentation_final,4,16,1791502246.1698356,4006781,worker_0,W009,IdentifyPrimaryObjects,pattern_group,running,100.0,1,1
cp_tutorial_advanced_segmentation_final,4,16,1791502246.1709838,4006781,worker_0,W009,IdentifyPrimaryObjects,step_completed,success,12.5,2,16
cp_tutorial_advanced_segmentation_final,4,16,1791502246.1729405,4006781,worker_0,W009,IdentifySecondaryObjects,step_started,started,12.5,2,16
cp_tutorial_advanced_segmentation_final,4,16,1791502246.194157,4006784,worker_3,W008,MeasureObjectSizeShape,pattern_group,running,50.0,2,4
cp_tutorial_advanced_segmentation_final,4,16,1791502246.2295752,4006783,worker_2,W007,MeasureObjectIntensity,pattern_group,running,50.0,1,2
cp_tutorial_advanced_segmentation_final,4,16,1791502246.2344353,4006782,worker_1,W010,IdentifyPrimaryObjects,pattern_group,running,100.0,1,1
cp_tutorial_advanced_segmentation_final,4,16,1791502246.2351549,4006782,worker_1,W010,IdentifyPrimaryObjects,step_completed,success,43.75,7,16
cp_tutorial_advanced_segmentation_final,4,16,1791502246.2366397,4006782,worker_1,W010,MaskImage,step_started,started,43.75,7,16
cp_tutorial_advanced_segmentation_final,4,16,1791502246.2468052,4006782,worker_1,W010,MaskImage,pattern_group,running,100.0,1,1
cp_tutorial_advanced_segmentation_final,4,16,1791502246.2472441,4006782,worker_1,W010,MaskImage,step_completed,success,50.0,8,16
cp_tutorial_advanced_segmentation_final,4,16,1791502246.247969,4006782,worker_1,W010,IdentifyPrimaryObjects,step_started,started,50.0,8,16
cp_tutorial_advanced_segmentation_final,4,16,1791502246.2815986,4006784,worker_3,W008,MeasureObjectSizeShape,pattern_group,running,75.0,3,4
cp_tutorial_advanced_segmentation_final,4,16,1791502246.3262284,4006784,worker_3,W008,MeasureObjectSizeShape,pattern_group,running,100.0,4,4
cp_tutorial_advanced_segmentation_final,4,16,1791502246.331546,4006784,worker_3,W008,MeasureObjectSizeShape,step_completed,success,81.25,13,16
cp_tutorial_advanced_segmentation_final,4,16,1791502246.3338425,4006784,worker_3,W008,MeasureObjectNeighbors,step_started,started,81.25,13,16
cp_tutorial_advanced_segmentation_final,4,16,1791502246.3410337,4006782,worker_1,W010,IdentifyPrimaryObjects,pattern_group,running,100.0,1,1
cp_tutorial_advanced_segmentation_final,4,16,1791502246.3417945,4006782,worker_1,W010,IdentifyPrimaryObjects,step_completed,success,56.25,9,16
cp_tutorial_advanced_segmentation_final,4,16,1791502246.3428986,4006782,worker_1,W010,MeasureColocalization,step_started,started,56.25,9,16
cp_tutorial_advanced_segmentation_final,4,16,1791502246.390374,4006784,worker_3,W008,MeasureObjectNeighbors,pattern_group,running,33.33333333333333,1,3
cp_tutorial_advanced_segmentation_final,4,16,1791502246.435321,4006784,worker_3,W008,MeasureObjectNeighbors,pattern_group,running,66.66666666666666,2,3
cp_tutorial_advanced_segmentation_final,4,16,1791502246.4407623,4006783,worker_2,W007,MeasureObjectIntensity,pattern_group,running,100.0,2,2
cp_tutorial_advanced_segmentation_final,4,16,1791502246.4475024,4006783,worker_2,W007,MeasureObjectIntensity,step_completed,success,68.75,11,16
cp_tutorial_advanced_segmentation_final,4,16,1791502246.4498732,4006781,worker_0,W009,IdentifySecondaryObjects,pattern_group,running,100.0,1,1
cp_tutorial_advanced_segmentation_final,4,16,1791502246.4489918,4006783,worker_2,W007,MeasureObjectIntensityDistribution,step_started,started,68.75,11,16
cp_tutorial_advanced_segmentation_final,4,16,1791502246.4505892,4006781,worker_0,W009,IdentifySecondaryObjects,step_completed,success,18.75,3,16
cp_tutorial_advanced_segmentation_final,4,16,1791502246.4513392,4006781,worker_0,W009,IdentifyTertiaryObjects,step_started,started,18.75,3,16
cp_tutorial_advanced_segmentation_final,4,16,1791502246.4991648,4006781,worker_0,W009,IdentifyTertiaryObjects,pattern_group,running,100.0,1,1
cp_tutorial_advanced_segmentation_final,4,16,1791502246.4997444,4006781,worker_0,W009,IdentifyTertiaryObjects,step_completed,success,25.0,4,16
cp_tutorial_advanced_segmentation_final,4,16,1791502246.500572,4006781,worker_0,W009,EnhanceOrSuppressFeatures,step_started,started,25.0,4,16
cp_tutorial_advanced_segmentation_final,4,16,1791502246.506398,4006784,worker_3,W008,MeasureObjectNeighbors,pattern_group,running,100.0,3,3
cp_tutorial_advanced_segmentation_final,4,16,1791502246.5078537,4006784,worker_3,W008,MeasureObjectNeighbors,step_completed,success,87.5,14,16
cp_tutorial_advanced_segmentation_final,4,16,1791502246.5088592,4006784,worker_3,W008,RelateObjects,step_started,started,87.5,14,16
cp_tutorial_advanced_segmentation_final,4,16,1791502246.5103006,4006781,worker_0,W009,EnhanceOrSuppressFeatures,pattern_group,running,100.0,1,1
cp_tutorial_advanced_segmentation_final,4,16,1791502246.5105922,4006781,worker_0,W009,EnhanceOrSuppressFeatures,step_completed,success,31.25,5,16
cp_tutorial_advanced_segmentation_final,4,16,1791502246.5112214,4006781,worker_0,W009,MaskImage,step_started,started,31.25,5,16
cp_tutorial_advanced_segmentation_final,4,16,1791502246.5191584,4006781,worker_0,W009,MaskImage,pattern_group,running,100.0,1,1
cp_tutorial_advanced_segmentation_final,4,16,1791502246.5195622,4006781,worker_0,W009,MaskImage,step_completed,success,37.5,6,16
cp_tutorial_advanced_segmentation_final,4,16,1791502246.520453,4006781,worker_0,W009,IdentifyPrimaryObjects,step_started,started,37.5,6,16
cp_tutorial_advanced_segmentation_final,4,16,1791502246.5975437,4006781,worker_0,W009,IdentifyPrimaryObjects,pattern_group,running,100.0,1,1
cp_tutorial_advanced_segmentation_final,4,16,1791502246.598256,4006781,worker_0,W009,IdentifyPrimaryObjects,step_completed,success,43.75,7,16
cp_tutorial_advanced_segmentation_final,4,16,1791502246.5993207,4006781,worker_0,W009,MaskImage,step_started,started,43.75,7,16
cp_tutorial_advanced_segmentation_final,4,16,1791502246.6081119,4006781,worker_0,W009,MaskImage,pattern_group,running,100.0,1,1
cp_tutorial_advanced_segmentation_final,4,16,1791502246.608407,4006781,worker_0,W009,MaskImage,step_completed,success,50.0,8,16
cp_tutorial_advanced_segmentation_final,4,16,1791502246.6090336,4006781,worker_0,W009,IdentifyPrimaryObjects,step_started,started,50.0,8,16
cp_tutorial_advanced_segmentation_final,4,16,1791502246.6939175,4006783,worker_2,W007,MeasureObjectIntensityDistribution,pattern_group,running,50.0,1,2
cp_tutorial_advanced_segmentation_final,4,16,1791502246.6973944,4006781,worker_0,W009,IdentifyPrimaryObjects,pattern_group,running,100.0,1,1
cp_tutorial_advanced_segmentation_final,4,16,1791502246.6981144,4006781,worker_0,W009,IdentifyPrimaryObjects,step_completed,success,56.25,9,16
cp_tutorial_advanced_segmentation_final,4,16,1791502246.699217,4006781,worker_0,W009,MeasureColocalization,step_started,started,56.25,9,16
cp_tutorial_advanced_segmentation_final,4,16,1791502246.7685075,4006783,worker_2,W007,MeasureObjectIntensityDistribution,pattern_group,running,100.0,2,2
cp_tutorial_advanced_segmentation_final,4,16,1791502246.7714086,4006783,worker_2,W007,MeasureObjectIntensityDistribution,step_completed,success,75.0,12,16
cp_tutorial_advanced_segmentation_final,4,16,1791502246.7731197,4006783,worker_2,W007,MeasureObjectSizeShape,step_started,started,75.0,12,16
cp_tutorial_advanced_segmentation_final,4,16,1791502246.8024845,4006784,worker_3,W008,RelateObjects,pattern_group,running,50.0,1,2
cp_tutorial_advanced_segmentation_final,4,16,1791502247.1608634,4006783,worker_2,W007,MeasureObjectSizeShape,pattern_group,running,25.0,1,4
cp_tutorial_advanced_segmentation_final,4,16,1791502247.2139657,4006784,worker_3,W008,RelateObjects,pattern_group,running,100.0,2,2
cp_tutorial_advanced_segmentation_final,4,16,1791502247.2191453,4006784,worker_3,W008,RelateObjects,step_completed,success,93.75,15,16
cp_tutorial_advanced_segmentation_final,4,16,1791502247.2217324,4006784,worker_3,W008,pipeline,axis_completed,success,93.75,15,16
cp_tutorial_advanced_segmentation_final,4,16,1791502247.2218902,4006784,worker_3,W012,pipeline,axis_started,started,0.0,0,16
cp_tutorial_advanced_segmentation_final,4,16,1791502247.2264555,4006784,worker_3,W012,CorrectIlluminationApply,step_started,started,0.0,0,16
cp_tutorial_advanced_segmentation_final,4,16,1791502247.2674544,4006783,worker_2,W007,MeasureObjectSizeShape,pattern_group,running,50.0,2,4
cp_tutorial_advanced_segmentation_final,4,16,1791502247.2897942,4006784,worker_3,W012,CorrectIlluminationApply,pattern_group,running,20.0,1,5
cp_tutorial_advanced_segmentation_final,4,16,1791502247.3182354,4006784,worker_3,W012,CorrectIlluminationApply,pattern_group,running,40.0,2,5
cp_tutorial_advanced_segmentation_final,4,16,1791502247.346877,4006784,worker_3,W012,CorrectIlluminationApply,pattern_group,running,60.0,3,5
cp_tutorial_advanced_segmentation_final,4,16,1791502247.3530035,4006783,worker_2,W007,MeasureObjectSizeShape,pattern_group,running,75.0,3,4
cp_tutorial_advanced_segmentation_final,4,16,1791502247.376037,4006784,worker_3,W012,CorrectIlluminationApply,pattern_group,running,80.0,4,5
cp_tutorial_advanced_segmentation_final,4,16,1791502247.3959908,4006783,worker_2,W007,MeasureObjectSizeShape,pattern_group,running,100.0,4,4
cp_tutorial_advanced_segmentation_final,4,16,1791502247.4013238,4006783,worker_2,W007,MeasureObjectSizeShape,step_completed,success,81.25,13,16
cp_tutorial_advanced_segmentation_final,4,16,1791502247.402836,4006783,worker_2,W007,MeasureObjectNeighbors,step_started,started,81.25,13,16
cp_tutorial_advanced_segmentation_final,4,16,1791502247.4213688,4006784,worker_3,W012,CorrectIlluminationApply,pattern_group,running,100.0,5,5
cp_tutorial_advanced_segmentation_final,4,16,1791502247.4217331,4006784,worker_3,W012,CorrectIlluminationApply,step_completed,success,6.25,1,16
cp_tutorial_advanced_segmentation_final,4,16,1791502247.4253485,4006784,worker_3,W012,IdentifyPrimaryObjects,step_started,started,6.25,1,16
cp_tutorial_advanced_segmentation_final,4,16,1791502247.4358137,4006782,worker_1,W010,MeasureColocalization,pattern_group,running,50.0,1,2
cp_tutorial_advanced_segmentation_final,4,16,1791502247.4588523,4006783,worker_2,W007,MeasureObjectNeighbors,pattern_group,running,33.33333333333333,1,3
cp_tutorial_advanced_segmentation_final,4,16,1791502247.505859,4006783,worker_2,W007,MeasureObjectNeighbors,pattern_group,running,66.66666666666666,2,3
cp_tutorial_advanced_segmentation_final,4,16,1791502247.576331,4006783,worker_2,W007,MeasureObjectNeighbors,pattern_group,running,100.0,3,3
cp_tutorial_advanced_segmentation_final,4,16,1791502247.5775719,4006783,worker_2,W007,MeasureObjectNeighbors,step_completed,success,87.5,14,16
cp_tutorial_advanced_segmentation_final,4,16,1791502247.5783498,4006783,worker_2,W007,RelateObjects,step_started,started,87.5,14,16
cp_tutorial_advanced_segmentation_final,4,16,1791502247.6431882,4006781,worker_0,W009,MeasureColocalization,pattern_group,running,50.0,1,2
cp_tutorial_advanced_segmentation_final,4,16,1791502247.6441514,4006784,worker_3,W012,IdentifyPrimaryObjects,pattern_group,running,100.0,1,1
cp_tutorial_advanced_segmentation_final,4,16,1791502247.6448696,4006784,worker_3,W012,IdentifyPrimaryObjects,step_completed,success,12.5,2,16
cp_tutorial_advanced_segmentation_final,4,16,1791502247.648868,4006784,worker_3,W012,IdentifySecondaryObjects,step_started,started,12.5,2,16
cp_tutorial_advanced_segmentation_final,4,16,1791502247.8632083,4006783,worker_2,W007,RelateObjects,pattern_group,running,50.0,1,2
cp_tutorial_advanced_segmentation_final,4,16,1791502247.9244542,4006784,worker_3,W012,IdentifySecondaryObjects,pattern_group,running,100.0,1,1
cp_tutorial_advanced_segmentation_final,4,16,1791502247.9252775,4006784,worker_3,W012,IdentifySecondaryObjects,step_completed,success,18.75,3,16
cp_tutorial_advanced_segmentation_final,4,16,1791502247.9270012,4006784,worker_3,W012,IdentifyTertiaryObjects,step_started,started,18.75,3,16
cp_tutorial_advanced_segmentation_final,4,16,1791502247.9786468,4006784,worker_3,W012,IdentifyTertiaryObjects,pattern_group,running,100.0,1,1
cp_tutorial_advanced_segmentation_final,4,16,1791502247.9792132,4006784,worker_3,W012,IdentifyTertiaryObjects,step_completed,success,25.0,4,16
cp_tutorial_advanced_segmentation_final,4,16,1791502247.9808927,4006784,worker_3,W012,EnhanceOrSuppressFeatures,step_started,started,25.0,4,16
cp_tutorial_advanced_segmentation_final,4,16,1791502247.9909258,4006784,worker_3,W012,EnhanceOrSuppressFeatures,pattern_group,running,100.0,1,1
cp_tutorial_advanced_segmentation_final,4,16,1791502247.9914908,4006784,worker_3,W012,EnhanceOrSuppressFeatures,step_completed,success,31.25,5,16
cp_tutorial_advanced_segmentation_final,4,16,1791502247.992324,4006784,worker_3,W012,MaskImage,step_started,started,31.25,5,16
cp_tutorial_advanced_segmentation_final,4,16,1791502248.000001,4006784,worker_3,W012,MaskImage,pattern_group,running,100.0,1,1
cp_tutorial_advanced_segmentation_final,4,16,1791502248.0005512,4006784,worker_3,W012,MaskImage,step_completed,success,37.5,6,16
cp_tutorial_advanced_segmentation_final,4,16,1791502248.0015738,4006784,worker_3,W012,IdentifyPrimaryObjects,step_started,started,37.5,6,16
cp_tutorial_advanced_segmentation_final,4,16,1791502248.0814137,4006784,worker_3,W012,IdentifyPrimaryObjects,pattern_group,running,100.0,1,1
cp_tutorial_advanced_segmentation_final,4,16,1791502248.0824854,4006784,worker_3,W012,IdentifyPrimaryObjects,step_completed,success,43.75,7,16
cp_tutorial_advanced_segmentation_final,4,16,1791502248.0843241,4006784,worker_3,W012,MaskImage,step_started,started,43.75,7,16
cp_tutorial_advanced_segmentation_final,4,16,1791502248.0943613,4006784,worker_3,W012,MaskImage,pattern_group,running,100.0,1,1
cp_tutorial_advanced_segmentation_final,4,16,1791502248.0949998,4006784,worker_3,W012,MaskImage,step_completed,success,50.0,8,16
cp_tutorial_advanced_segmentation_final,4,16,1791502248.0956795,4006784,worker_3,W012,IdentifyPrimaryObjects,step_started,started,50.0,8,16
cp_tutorial_advanced_segmentation_final,4,16,1791502248.193251,4006784,worker_3,W012,IdentifyPrimaryObjects,pattern_group,running,100.0,1,1
cp_tutorial_advanced_segmentation_final,4,16,1791502248.1943674,4006784,worker_3,W012,IdentifyPrimaryObjects,step_completed,success,56.25,9,16
cp_tutorial_advanced_segmentation_final,4,16,1791502248.1962469,4006784,worker_3,W012,MeasureColocalization,step_started,started,56.25,9,16
cp_tutorial_advanced_segmentation_final,4,16,1791502248.2888243,4006783,worker_2,W007,RelateObjects,pattern_group,running,100.0,2,2
cp_tutorial_advanced_segmentation_final,4,16,1791502248.294136,4006783,worker_2,W007,RelateObjects,step_completed,success,93.75,15,16
cp_tutorial_advanced_segmentation_final,4,16,1791502248.2969108,4006783,worker_2,W007,pipeline,axis_completed,success,93.75,15,16
cp_tutorial_advanced_segmentation_final,4,16,1791502248.2970054,4006783,worker_2,W011,pipeline,axis_started,started,0.0,0,16
cp_tutorial_advanced_segmentation_final,4,16,1791502248.3008387,4006783,worker_2,W011,CorrectIlluminationApply,step_started,started,0.0,0,16
cp_tutorial_advanced_segmentation_final,4,16,1791502248.3196623,4006781,worker_0,W009,MeasureColocalization,pattern_group,running,100.0,2,2
cp_tutorial_advanced_segmentation_final,4,16,1791502248.3247802,4006781,worker_0,W009,MeasureColocalization,step_completed,success,62.5,10,16
cp_tutorial_advanced_segmentation_final,4,16,1791502248.3260944,4006781,worker_0,W009,MeasureObjectIntensity,step_started,started,62.5,10,16
cp_tutorial_advanced_segmentation_final,4,16,1791502248.3951666,4006783,worker_2,W011,CorrectIlluminationApply,pattern_group,running,20.0,1,5
cp_tutorial_advanced_segmentation_final,4,16,1791502248.4551058,4006783,worker_2,W011,CorrectIlluminationApply,pattern_group,running,40.0,2,5
cp_tutorial_advanced_segmentation_final,4,16,1791502248.516212,4006783,worker_2,W011,CorrectIlluminationApply,pattern_group,running,60.0,3,5
cp_tutorial_advanced_segmentation_final,4,16,1791502248.5597694,4006782,worker_1,W010,MeasureColocalization,pattern_group,running,100.0,2,2
cp_tutorial_advanced_segmentation_final,4,16,1791502248.5711634,4006782,worker_1,W010,MeasureColocalization,step_completed,success,62.5,10,16
cp_tutorial_advanced_segmentation_final,4,16,1791502248.57209,4006782,worker_1,W010,MeasureObjectIntensity,step_started,started,62.5,10,16
cp_tutorial_advanced_segmentation_final,4,16,1791502248.5799572,4006783,worker_2,W011,CorrectIlluminationApply,pattern_group,running,80.0,4,5
cp_tutorial_advanced_segmentation_final,4,16,1791502248.6410983,4006783,worker_2,W011,CorrectIlluminationApply,pattern_group,running,100.0,5,5
cp_tutorial_advanced_segmentation_final,4,16,1791502248.6415017,4006783,worker_2,W011,CorrectIlluminationApply,step_completed,success,6.25,1,16
cp_tutorial_advanced_segmentation_final,4,16,1791502248.6421192,4006783,worker_2,W011,IdentifyPrimaryObjects,step_started,started,6.25,1,16
cp_tutorial_advanced_segmentation_final,4,16,1791502248.7662294,4006781,worker_0,W009,MeasureObjectIntensity,pattern_group,running,50.0,1,2
cp_tutorial_advanced_segmentation_final,4,16,1791502248.8446276,4006783,worker_2,W011,IdentifyPrimaryObjects,pattern_group,running,100.0,1,1
cp_tutorial_advanced_segmentation_final,4,16,1791502248.8465726,4006783,worker_2,W011,IdentifyPrimaryObjects,step_completed,success,12.5,2,16
cp_tutorial_advanced_segmentation_final,4,16,1791502248.8494925,4006783,worker_2,W011,IdentifySecondaryObjects,step_started,started,12.5,2,16
cp_tutorial_advanced_segmentation_final,4,16,1791502248.8793447,4006781,worker_0,W009,MeasureObjectIntensity,pattern_group,running,100.0,2,2
cp_tutorial_advanced_segmentation_final,4,16,1791502248.8827567,4006781,worker_0,W009,MeasureObjectIntensity,step_completed,success,68.75,11,16
cp_tutorial_advanced_segmentation_final,4,16,1791502248.8842924,4006781,worker_0,W009,MeasureObjectIntensityDistribution,step_started,started,68.75,11,16
cp_tutorial_advanced_segmentation_final,4,16,1791502248.91944,4006784,worker_3,W012,MeasureColocalization,pattern_group,running,50.0,1,2
cp_tutorial_advanced_segmentation_final,4,16,1791502249.00015,4006781,worker_0,W009,MeasureObjectIntensityDistribution,pattern_group,running,50.0,1,2
cp_tutorial_advanced_segmentation_final,4,16,1791502249.0528684,4006781,worker_0,W009,MeasureObjectIntensityDistribution,pattern_group,running,100.0,2,2
cp_tutorial_advanced_segmentation_final,4,16,1791502249.0559185,4006781,worker_0,W009,MeasureObjectIntensityDistribution,step_completed,success,75.0,12,16
cp_tutorial_advanced_segmentation_final,4,16,1791502249.057464,4006781,worker_0,W009,MeasureObjectSizeShape,step_started,started,75.0,12,16
cp_tutorial_advanced_segmentation_final,4,16,1791502249.1663413,4006783,worker_2,W011,IdentifySecondaryObjects,pattern_group,running,100.0,1,1
cp_tutorial_advanced_segmentation_final,4,16,1791502249.1672354,4006783,worker_2,W011,IdentifySecondaryObjects,step_completed,success,18.75,3,16
cp_tutorial_advanced_segmentation_final,4,16,1791502249.1682274,4006783,worker_2,W011,IdentifyTertiaryObjects,step_started,started,18.75,3,16
cp_tutorial_advanced_segmentation_final,4,16,1791502249.213488,4006782,worker_1,W010,MeasureObjectIntensity,pattern_group,running,50.0,1,2
cp_tutorial_advanced_segmentation_final,4,16,1791502249.21604,4006783,worker_2,W011,IdentifyTertiaryObjects,pattern_group,running,100.0,1,1
cp_tutorial_advanced_segmentation_final,4,16,1791502249.2166238,4006783,worker_2,W011,IdentifyTertiaryObjects,step_completed,success,25.0,4,16
cp_tutorial_advanced_segmentation_final,4,16,1791502249.217459,4006783,worker_2,W011,EnhanceOrSuppressFeatures,step_started,started,25.0,4,16
cp_tutorial_advanced_segmentation_final,4,16,1791502249.2279766,4006783,worker_2,W011,EnhanceOrSuppressFeatures,pattern_group,running,100.0,1,1
cp_tutorial_advanced_segmentation_final,4,16,1791502249.2284052,4006783,worker_2,W011,EnhanceOrSuppressFeatures,step_completed,success,31.25,5,16
cp_tutorial_advanced_segmentation_final,4,16,1791502249.2291214,4006783,worker_2,W011,MaskImage,step_started,started,31.25,5,16
cp_tutorial_advanced_segmentation_final,4,16,1791502249.2367363,4006783,worker_2,W011,MaskImage,pattern_group,running,100.0,1,1
cp_tutorial_advanced_segmentation_final,4,16,1791502249.2371216,4006783,worker_2,W011,MaskImage,step_completed,success,37.5,6,16
cp_tutorial_advanced_segmentation_final,4,16,1791502249.2379205,4006783,worker_2,W011,IdentifyPrimaryObjects,step_started,started,37.5,6,16
cp_tutorial_advanced_segmentation_final,4,16,1791502249.3181257,4006783,worker_2,W011,IdentifyPrimaryObjects,pattern_group,running,100.0,1,1
cp_tutorial_advanced_segmentation_final,4,16,1791502249.318864,4006783,worker_2,W011,IdentifyPrimaryObjects,step_completed,success,43.75,7,16
cp_tutorial_advanced_segmentation_final,4,16,1791502249.3199964,4006783,worker_2,W011,MaskImage,step_started,started,43.75,7,16
cp_tutorial_advanced_segmentation_final,4,16,1791502249.329266,4006783,worker_2,W011,MaskImage,pattern_group,running,100.0,1,1
cp_tutorial_advanced_segmentation_final,4,16,1791502249.3296616,4006783,worker_2,W011,MaskImage,step_completed,success,50.0,8,16
cp_tutorial_advanced_segmentation_final,4,16,1791502249.3303096,4006783,worker_2,W011,IdentifyPrimaryObjects,step_started,started,50.0,8,16
cp_tutorial_advanced_segmentation_final,4,16,1791502249.3324375,4006782,worker_1,W010,MeasureObjectIntensity,pattern_group,running,100.0,2,2
cp_tutorial_advanced_segmentation_final,4,16,1791502249.3358724,4006782,worker_1,W010,MeasureObjectIntensity,step_completed,success,68.75,11,16
cp_tutorial_advanced_segmentation_final,4,16,1791502249.3370557,4006782,worker_1,W010,MeasureObjectIntensityDistribution,step_started,started,68.75,11,16
cp_tutorial_advanced_segmentation_final,4,16,1791502249.4200957,4006783,worker_2,W011,IdentifyPrimaryObjects,pattern_group,running,100.0,1,1
cp_tutorial_advanced_segmentation_final,4,16,1791502249.4208467,4006783,worker_2,W011,IdentifyPrimaryObjects,step_completed,success,56.25,9,16
cp_tutorial_advanced_segmentation_final,4,16,1791502249.4219627,4006783,worker_2,W011,MeasureColocalization,step_started,started,56.25,9,16
cp_tutorial_advanced_segmentation_final,4,16,1791502249.4527087,4006782,worker_1,W010,MeasureObjectIntensityDistribution,pattern_group,running,50.0,1,2
cp_tutorial_advanced_segmentation_final,4,16,1791502249.5017378,4006782,worker_1,W010,MeasureObjectIntensityDistribution,pattern_group,running,100.0,2,2
cp_tutorial_advanced_segmentation_final,4,16,1791502249.5046184,4006782,worker_1,W010,MeasureObjectIntensityDistribution,step_completed,success,75.0,12,16
cp_tutorial_advanced_segmentation_final,4,16,1791502249.505811,4006782,worker_1,W010,MeasureObjectSizeShape,step_started,started,75.0,12,16
cp_tutorial_advanced_segmentation_final,4,16,1791502249.6085262,4006781,worker_0,W009,MeasureObjectSizeShape,pattern_group,running,25.0,1,4
cp_tutorial_advanced_segmentation_final,4,16,1791502249.7212586,4006781,worker_0,W009,MeasureObjectSizeShape,pattern_group,running,50.0,2,4
cp_tutorial_advanced_segmentation_final,4,16,1791502249.8055332,4006781,worker_0,W009,MeasureObjectSizeShape,pattern_group,running,75.0,3,4
cp_tutorial_advanced_segmentation_final,4,16,1791502249.8482227,4006781,worker_0,W009,MeasureObjectSizeShape,pattern_group,running,100.0,4,4
cp_tutorial_advanced_segmentation_final,4,16,1791502249.8536007,4006781,worker_0,W009,MeasureObjectSizeShape,step_completed,success,81.25,13,16
cp_tutorial_advanced_segmentation_final,4,16,1791502249.855858,4006781,worker_0,W009,MeasureObjectNeighbors,step_started,started,81.25,13,16
cp_tutorial_advanced_segmentation_final,4,16,1791502249.9045863,4006782,worker_1,W010,MeasureObjectSizeShape,pattern_group,running,25.0,1,4
cp_tutorial_advanced_segmentation_final,4,16,1791502249.9148889,4006784,worker_3,W012,MeasureColocalization,pattern_group,running,100.0,2,2
cp_tutorial_advanced_segmentation_final,4,16,1791502249.9198782,4006784,worker_3,W012,MeasureColocalization,step_completed,success,62.5,10,16
cp_tutorial_advanced_segmentation_final,4,16,1791502249.920712,4006784,worker_3,W012,MeasureObjectIntensity,step_started,started,62.5,10,16
cp_tutorial_advanced_segmentation_final,4,16,1791502249.9592347,4006781,worker_0,W009,MeasureObjectNeighbors,pattern_group,running,33.33333333333333,1,3
cp_tutorial_advanced_segmentation_final,4,16,1791502250.0102239,4006782,worker_1,W010,MeasureObjectSizeShape,pattern_group,running,50.0,2,4
cp_tutorial_advanced_segmentation_final,4,16,1791502250.0339634,4006781,worker_0,W009,MeasureObjectNeighbors,pattern_group,running,66.66666666666666,2,3
cp_tutorial_advanced_segmentation_final,4,16,1791502250.097423,4006782,worker_1,W010,MeasureObjectSizeShape,pattern_group,running,75.0,3,4
cp_tutorial_advanced_segmentation_final,4,16,1791502250.1412046,4006782,worker_1,W010,MeasureObjectSizeShape,pattern_group,running,100.0,4,4
cp_tutorial_advanced_segmentation_final,4,16,1791502250.1468358,4006782,worker_1,W010,MeasureObjectSizeShape,step_completed,success,81.25,13,16
cp_tutorial_advanced_segmentation_final,4,16,1791502250.1474676,4006781,worker_0,W009,MeasureObjectNeighbors,pattern_group,running,100.0,3,3
cp_tutorial_advanced_segmentation_final,4,16,1791502250.1496005,4006781,worker_0,W009,MeasureObjectNeighbors,step_completed,success,87.5,14,16
cp_tutorial_advanced_segmentation_final,4,16,1791502250.1497033,4006782,worker_1,W010,MeasureObjectNeighbors,step_started,started,81.25,13,16
cp_tutorial_advanced_segmentation_final,4,16,1791502250.1509042,4006781,worker_0,W009,RelateObjects,step_started,started,87.5,14,16
cp_tutorial_advanced_segmentation_final,4,16,1791502250.2194905,4006782,worker_1,W010,MeasureObjectNeighbors,pattern_group,running,33.33333333333333,1,3
cp_tutorial_advanced_segmentation_final,4,16,1791502250.2656734,4006782,worker_1,W010,MeasureObjectNeighbors,pattern_group,running,66.66666666666666,2,3
cp_tutorial_advanced_segmentation_final,4,16,1791502250.2879643,4006783,worker_2,W011,MeasureColocalization,pattern_group,running,50.0,1,2
cp_tutorial_advanced_segmentation_final,4,16,1791502250.33753,4006782,worker_1,W010,MeasureObjectNeighbors,pattern_group,running,100.0,3,3
cp_tutorial_advanced_segmentation_final,4,16,1791502250.3389912,4006782,worker_1,W010,MeasureObjectNeighbors,step_completed,success,87.5,14,16
cp_tutorial_advanced_segmentation_final,4,16,1791502250.3398697,4006782,worker_1,W010,RelateObjects,step_started,started,87.5,14,16
cp_tutorial_advanced_segmentation_final,4,16,1791502250.3788471,4006784,worker_3,W012,MeasureObjectIntensity,pattern_group,running,50.0,1,2
cp_tutorial_advanced_segmentation_final,4,16,1791502250.4906156,4006784,worker_3,W012,MeasureObjectIntensity,pattern_group,running,100.0,2,2
cp_tutorial_advanced_segmentation_final,4,16,1791502250.4942625,4006784,worker_3,W012,MeasureObjectIntensity,step_completed,success,68.75,11,16
cp_tutorial_advanced_segmentation_final,4,16,1791502250.498789,4006781,worker_0,W009,RelateObjects,pattern_group,running,50.0,1,2
cp_tutorial_advanced_segmentation_final,4,16,1791502250.4990592,4006784,worker_3,W012,MeasureObjectIntensityDistribution,step_started,started,68.75,11,16
cp_tutorial_advanced_segmentation_final,4,16,1791502250.535491,4006782,worker_1,W010,RelateObjects,pattern_group,running,50.0,1,2
cp_tutorial_advanced_segmentation_final,4,16,1791502250.6140337,4006784,worker_3,W012,MeasureObjectIntensityDistribution,pattern_group,running,50.0,1,2
cp_tutorial_advanced_segmentation_final,4,16,1791502250.6627474,4006784,worker_3,W012,MeasureObjectIntensityDistribution,pattern_group,running,100.0,2,2
cp_tutorial_advanced_segmentation_final,4,16,1791502250.665878,4006784,worker_3,W012,MeasureObjectIntensityDistribution,step_completed,success,75.0,12,16
cp_tutorial_advanced_segmentation_final,4,16,1791502250.6674042,4006784,worker_3,W012,MeasureObjectSizeShape,step_started,started,75.0,12,16
cp_tutorial_advanced_segmentation_final,4,16,1791502250.942276,4006782,worker_1,W010,RelateObjects,pattern_group,running,100.0,2,2
cp_tutorial_advanced_segmentation_final,4,16,1791502250.948431,4006782,worker_1,W010,RelateObjects,step_completed,success,93.75,15,16
cp_tutorial_advanced_segmentation_final,4,16,1791502250.9511383,4006782,worker_1,W010,pipeline,axis_completed,success,93.75,15,16
cp_tutorial_advanced_segmentation_final,4,16,1791502250.9512246,4006782,worker_1,W014,pipeline,axis_started,started,0.0,0,16
cp_tutorial_advanced_segmentation_final,4,16,1791502250.9550264,4006782,worker_1,W014,CorrectIlluminationApply,step_started,started,0.0,0,16
cp_tutorial_advanced_segmentation_final,4,16,1791502250.972887,4006783,worker_2,W011,MeasureColocalization,pattern_group,running,100.0,2,2
cp_tutorial_advanced_segmentation_final,4,16,1791502250.9779336,4006783,worker_2,W011,MeasureColocalization,step_completed,success,62.5,10,16
cp_tutorial_advanced_segmentation_final,4,16,1791502250.979106,4006783,worker_2,W011,MeasureObjectIntensity,step_started,started,62.5,10,16
cp_tutorial_advanced_segmentation_final,4,16,1791502251.016916,4006782,worker_1,W014,CorrectIlluminationApply,pattern_group,running,20.0,1,5
cp_tutorial_advanced_segmentation_final,4,16,1791502251.046703,4006782,worker_1,W014,CorrectIlluminationApply,pattern_group,running,40.0,2,5
cp_tutorial_advanced_segmentation_final,4,16,1791502251.06419,4006784,worker_3,W012,MeasureObjectSizeShape,pattern_group,running,25.0,1,4
cp_tutorial_advanced_segmentation_final,4,16,1791502251.077393,4006782,worker_1,W014,CorrectIlluminationApply,pattern_group,running,60.0,3,5
cp_tutorial_advanced_segmentation_final,4,16,1791502251.1071491,4006782,worker_1,W014,CorrectIlluminationApply,pattern_group,running,80.0,4,5
cp_tutorial_advanced_segmentation_final,4,16,1791502251.1378026,4006782,worker_1,W014,CorrectIlluminationApply,pattern_group,running,100.0,5,5
cp_tutorial_advanced_segmentation_final,4,16,1791502251.1381629,4006782,worker_1,W014,CorrectIlluminationApply,step_completed,success,6.25,1,16
cp_tutorial_advanced_segmentation_final,4,16,1791502251.1389067,4006782,worker_1,W014,IdentifyPrimaryObjects,step_started,started,6.25,1,16
cp_tutorial_advanced_segmentation_final,4,16,1791502251.1720848,4006784,worker_3,W012,MeasureObjectSizeShape,pattern_group,running,50.0,2,4
cp_tutorial_advanced_segmentation_final,4,16,1791502251.2209914,4006781,worker_0,W009,RelateObjects,pattern_group,running,100.0,2,2
cp_tutorial_advanced_segmentation_final,4,16,1791502251.2307646,4006781,worker_0,W009,RelateObjects,step_completed,success,93.75,15,16
cp_tutorial_advanced_segmentation_final,4,16,1791502251.2349963,4006781,worker_0,W009,pipeline,axis_completed,success,93.75,15,16
cp_tutorial_advanced_segmentation_final,4,16,1791502251.2350972,4006781,worker_0,W013,pipeline,axis_started,started,0.0,0,16
cp_tutorial_advanced_segmentation_final,4,16,1791502251.2419245,4006781,worker_0,W013,CorrectIlluminationApply,step_started,started,0.0,0,16
cp_tutorial_advanced_segmentation_final,4,16,1791502251.25388,4006782,worker_1,W014,IdentifyPrimaryObjects,pattern_group,running,100.0,1,1
cp_tutorial_advanced_segmentation_final,4,16,1791502251.2546322,4006782,worker_1,W014,IdentifyPrimaryObjects,step_completed,success,12.5,2,16
cp_tutorial_advanced_segmentation_final,4,16,1791502251.255962,4006782,worker_1,W014,IdentifySecondaryObjects,step_started,started,12.5,2,16
cp_tutorial_advanced_segmentation_final,4,16,1791502251.2658474,4006784,worker_3,W012,MeasureObjectSizeShape,pattern_group,running,75.0,3,4
cp_tutorial_advanced_segmentation_final,4,16,1791502251.3086784,4006784,worker_3,W012,MeasureObjectSizeShape,pattern_group,running,100.0,4,4
cp_tutorial_advanced_segmentation_final,4,16,1791502251.3141272,4006784,worker_3,W012,MeasureObjectSizeShape,step_completed,success,81.25,13,16
cp_tutorial_advanced_segmentation_final,4,16,1791502251.3173938,4006784,worker_3,W012,MeasureObjectNeighbors,step_started,started,81.25,13,16
cp_tutorial_advanced_segmentation_final,4,16,1791502251.3401196,4006781,worker_0,W013,CorrectIlluminationApply,pattern_group,running,20.0,1,5
cp_tutorial_advanced_segmentation_final,4,16,1791502251.3819842,4006784,worker_3,W012,MeasureObjectNeighbors,pattern_group,running,33.33333333333333,1,3
cp_tutorial_advanced_segmentation_final,4,16,1791502251.3887424,4006781,worker_0,W013,CorrectIlluminationApply,pattern_group,running,40.0,2,5
cp_tutorial_advanced_segmentation_final,4,16,1791502251.4284556,4006784,worker_3,W012,MeasureObjectNeighbors,pattern_group,running,66.66666666666666,2,3
cp_tutorial_advanced_segmentation_final,4,16,1791502251.4341316,4006781,worker_0,W013,CorrectIlluminationApply,pattern_group,running,60.0,3,5
cp_tutorial_advanced_segmentation_final,4,16,1791502251.439444,4006783,worker_2,W011,MeasureObjectIntensity,pattern_group,running,50.0,1,2
cp_tutorial_advanced_segmentation_final,4,16,1791502251.4788558,4006781,worker_0,W013,CorrectIlluminationApply,pattern_group,running,80.0,4,5
cp_tutorial_advanced_segmentation_final,4,16,1791502251.4988763,4006784,worker_3,W012,MeasureObjectNeighbors,pattern_group,running,100.0,3,3
cp_tutorial_advanced_segmentation_final,4,16,1791502251.5004978,4006784,worker_3,W012,MeasureObjectNeighbors,step_completed,success,87.5,14,16
cp_tutorial_advanced_segmentation_final,4,16,1791502251.5015585,4006784,worker_3,W012,RelateObjects,step_started,started,87.5,14,16
cp_tutorial_advanced_segmentation_final,4,16,1791502251.535344,4006781,worker_0,W013,CorrectIlluminationApply,pattern_group,running,100.0,5,5
cp_tutorial_advanced_segmentation_final,4,16,1791502251.5356956,4006781,worker_0,W013,CorrectIlluminationApply,step_completed,success,6.25,1,16
cp_tutorial_advanced_segmentation_final,4,16,1791502251.5362532,4006781,worker_0,W013,IdentifyPrimaryObjects,step_started,started,6.25,1,16
cp_tutorial_advanced_segmentation_final,4,16,1791502251.552302,4006783,worker_2,W011,MeasureObjectIntensity,pattern_group,running,100.0,2,2
cp_tutorial_advanced_segmentation_final,4,16,1791502251.5555966,4006782,worker_1,W014,IdentifySecondaryObjects,pattern_group,running,100.0,1,1
cp_tutorial_advanced_segmentation_final,4,16,1791502251.5563545,4006782,worker_1,W014,IdentifySecondaryObjects,step_completed,success,18.75,3,16
cp_tutorial_advanced_segmentation_final,4,16,1791502251.5556839,4006783,worker_2,W011,MeasureObjectIntensity,step_completed,success,68.75,11,16
cp_tutorial_advanced_segmentation_final,4,16,1791502251.5571072,4006782,worker_1,W014,IdentifyTertiaryObjects,step_started,started,18.75,3,16
cp_tutorial_advanced_segmentation_final,4,16,1791502251.5568464,4006783,worker_2,W011,MeasureObjectIntensityDistribution,step_started,started,68.75,11,16
cp_tutorial_advanced_segmentation_final,4,16,1791502251.656738,4006782,worker_1,W014,IdentifyTertiaryObjects,pattern_group,running,100.0,1,1
cp_tutorial_advanced_segmentation_final,4,16,1791502251.6573124,4006782,worker_1,W014,IdentifyTertiaryObjects,step_completed,success,25.0,4,16
cp_tutorial_advanced_segmentation_final,4,16,1791502251.65813,4006782,worker_1,W014,EnhanceOrSuppressFeatures,step_started,started,25.0,4,16
cp_tutorial_advanced_segmentation_final,4,16,1791502251.669874,4006783,worker_2,W011,MeasureObjectIntensityDistribution,pattern_group,running,50.0,1,2
cp_tutorial_advanced_segmentation_final,4,16,1791502251.6806343,4006782,worker_1,W014,EnhanceOrSuppressFeatures,pattern_group,running,100.0,1,1
cp_tutorial_advanced_segmentation_final,4,16,1791502251.68099,4006782,worker_1,W014,EnhanceOrSuppressFeatures,step_completed,success,31.25,5,16
cp_tutorial_advanced_segmentation_final,4,16,1791502251.681626,4006782,worker_1,W014,MaskImage,step_started,started,31.25,5,16
cp_tutorial_advanced_segmentation_final,4,16,1791502251.6947677,4006784,worker_3,W012,RelateObjects,pattern_group,running,50.0,1,2
cp_tutorial_advanced_segmentation_final,4,16,1791502251.6988795,4006782,worker_1,W014,MaskImage,pattern_group,running,100.0,1,1
cp_tutorial_advanced_segmentation_final,4,16,1791502251.6991875,4006782,worker_1,W014,MaskImage,step_completed,success,37.5,6,16
cp_tutorial_advanced_segmentation_final,4,16,1791502251.6999962,4006782,worker_1,W014,IdentifyPrimaryObjects,step_started,started,37.5,6,16
cp_tutorial_advanced_segmentation_final,4,16,1791502251.7204633,4006783,worker_2,W011,MeasureObjectIntensityDistribution,pattern_group,running,100.0,2,2
cp_tutorial_advanced_segmentation_final,4,16,1791502251.723305,4006783,worker_2,W011,MeasureObjectIntensityDistribution,step_completed,success,75.0,12,16
cp_tutorial_advanced_segmentation_final,4,16,1791502251.7245631,4006783,worker_2,W011,MeasureObjectSizeShape,step_started,started,75.0,12,16
cp_tutorial_advanced_segmentation_final,4,16,1791502251.7562437,4006781,worker_0,W013,IdentifyPrimaryObjects,pattern_group,running,100.0,1,1
cp_tutorial_advanced_segmentation_final,4,16,1791502251.7570868,4006781,worker_0,W013,IdentifyPrimaryObjects,step_completed,success,12.5,2,16
cp_tutorial_advanced_segmentation_final,4,16,1791502251.7611158,4006781,worker_0,W013,IdentifySecondaryObjects,step_started,started,12.5,2,16
cp_tutorial_advanced_segmentation_final,4,16,1791502251.8026578,4006782,worker_1,W014,IdentifyPrimaryObjects,pattern_group,running,100.0,1,1
cp_tutorial_advanced_segmentation_final,4,16,1791502251.8033726,4006782,worker_1,W014,IdentifyPrimaryObjects,step_completed,success,43.75,7,16
cp_tutorial_advanced_segmentation_final,4,16,1791502251.8043828,4006782,worker_1,W014,MaskImage,step_started,started,43.75,7,16
cp_tutorial_advanced_segmentation_final,4,16,1791502251.8130445,4006782,worker_1,W014,MaskImage,pattern_group,running,100.0,1,1
cp_tutorial_advanced_segmentation_final,4,16,1791502251.8133323,4006782,worker_1,W014,MaskImage,step_completed,success,50.0,8,16
cp_tutorial_advanced_segmentation_final,4,16,1791502251.8139496,4006782,worker_1,W014,IdentifyPrimaryObjects,step_started,started,50.0,8,16
cp_tutorial_advanced_segmentation_final,4,16,1791502251.9011295,4006782,worker_1,W014,IdentifyPrimaryObjects,pattern_group,running,100.0,1,1
cp_tutorial_advanced_segmentation_final,4,16,1791502251.9019141,4006782,worker_1,W014,IdentifyPrimaryObjects,step_completed,success,56.25,9,16
cp_tutorial_advanced_segmentation_final,4,16,1791502251.9030664,4006782,worker_1,W014,MeasureColocalization,step_started,started,56.25,9,16
cp_tutorial_advanced_segmentation_final,4,16,1791502252.0695205,4006781,worker_0,W013,IdentifySecondaryObjects,pattern_group,running,100.0,1,1
cp_tutorial_advanced_segmentation_final,4,16,1791502252.07036,4006781,worker_0,W013,IdentifySecondaryObjects,step_completed,success,18.75,3,16
cp_tutorial_advanced_segmentation_final,4,16,1791502252.071216,4006781,worker_0,W013,IdentifyTertiaryObjects,step_started,started,18.75,3,16
cp_tutorial_advanced_segmentation_final,4,16,1791502252.109476,4006783,worker_2,W011,MeasureObjectSizeShape,pattern_group,running,25.0,1,4
cp_tutorial_advanced_segmentation_final,4,16,1791502252.118634,4006781,worker_0,W013,IdentifyTertiaryObjects,pattern_group,running,100.0,1,1
cp_tutorial_advanced_segmentation_final,4,16,1791502252.1191797,4006781,worker_0,W013,IdentifyTertiaryObjects,step_completed,success,25.0,4,16
cp_tutorial_advanced_segmentation_final,4,16,1791502252.120189,4006781,worker_0,W013,EnhanceOrSuppressFeatures,step_started,started,25.0,4,16
cp_tutorial_advanced_segmentation_final,4,16,1791502252.1304781,4006781,worker_0,W013,EnhanceOrSuppressFeatures,pattern_group,running,100.0,1,1
cp_tutorial_advanced_segmentation_final,4,16,1791502252.1308918,4006781,worker_0,W013,EnhanceOrSuppressFeatures,step_completed,success,31.25,5,16
cp_tutorial_advanced_segmentation_final,4,16,1791502252.1315815,4006781,worker_0,W013,MaskImage,step_started,started,31.25,5,16
cp_tutorial_advanced_segmentation_final,4,16,1791502252.1397731,4006781,worker_0,W013,MaskImage,pattern_group,running,100.0,1,1
cp_tutorial_advanced_segmentation_final,4,16,1791502252.1401489,4006781,worker_0,W013,MaskImage,step_completed,success,37.5,6,16
cp_tutorial_advanced_segmentation_final,4,16,1791502252.1409943,4006781,worker_0,W013,IdentifyPrimaryObjects,step_started,started,37.5,6,16
cp_tutorial_advanced_segmentation_final,4,16,1791502252.217771,4006783,worker_2,W011,MeasureObjectSizeShape,pattern_group,running,50.0,2,4
cp_tutorial_advanced_segmentation_final,4,16,1791502252.2250993,4006781,worker_0,W013,IdentifyPrimaryObjects,pattern_group,running,100.0,1,1
cp_tutorial_advanced_segmentation_final,4,16,1791502252.2259424,4006781,worker_0,W013,IdentifyPrimaryObjects,step_completed,success,43.75,7,16
cp_tutorial_advanced_segmentation_final,4,16,1791502252.2271173,4006781,worker_0,W013,MaskImage,step_started,started,43.75,7,16
cp_tutorial_advanced_segmentation_final,4,16,1791502252.2365637,4006781,worker_0,W013,MaskImage,pattern_group,running,100.0,1,1
cp_tutorial_advanced_segmentation_final,4,16,1791502252.2369473,4006781,worker_0,W013,MaskImage,step_completed,success,50.0,8,16
cp_tutorial_advanced_segmentation_final,4,16,1791502252.2376287,4006781,worker_0,W013,IdentifyPrimaryObjects,step_started,started,50.0,8,16
cp_tutorial_advanced_segmentation_final,4,16,1791502252.304607,4006783,worker_2,W011,MeasureObjectSizeShape,pattern_group,running,75.0,3,4
cp_tutorial_advanced_segmentation_final,4,16,1791502252.3289974,4006781,worker_0,W013,IdentifyPrimaryObjects,pattern_group,running,100.0,1,1
cp_tutorial_advanced_segmentation_final,4,16,1791502252.329842,4006781,worker_0,W013,IdentifyPrimaryObjects,step_completed,success,56.25,9,16
cp_tutorial_advanced_segmentation_final,4,16,1791502252.3310955,4006781,worker_0,W013,MeasureColocalization,step_started,started,56.25,9,16
cp_tutorial_advanced_segmentation_final,4,16,1791502252.348074,4006783,worker_2,W011,MeasureObjectSizeShape,pattern_group,running,100.0,4,4
cp_tutorial_advanced_segmentation_final,4,16,1791502252.3538928,4006783,worker_2,W011,MeasureObjectSizeShape,step_completed,success,81.25,13,16
cp_tutorial_advanced_segmentation_final,4,16,1791502252.3563344,4006783,worker_2,W011,MeasureObjectNeighbors,step_started,started,81.25,13,16
cp_tutorial_advanced_segmentation_final,4,16,1791502252.4272459,4006783,worker_2,W011,MeasureObjectNeighbors,pattern_group,running,33.33333333333333,1,3
cp_tutorial_advanced_segmentation_final,4,16,1791502252.4366896,4006784,worker_3,W012,RelateObjects,pattern_group,running,100.0,2,2
cp_tutorial_advanced_segmentation_final,4,16,1791502252.4479496,4006784,worker_3,W012,RelateObjects,step_completed,success,93.75,15,16
cp_tutorial_advanced_segmentation_final,4,16,1791502252.453368,4006784,worker_3,W012,pipeline,axis_completed,success,93.75,15,16
cp_tutorial_advanced_segmentation_final,4,16,1791502252.4534872,4006784,worker_3,W016,pipeline,axis_started,started,0.0,0,16
cp_tutorial_advanced_segmentation_final,4,16,1791502252.4599023,4006784,worker_3,W016,CorrectIlluminationApply,step_started,started,0.0,0,16
cp_tutorial_advanced_segmentation_final,4,16,1791502252.5197277,4006783,worker_2,W011,MeasureObjectNeighbors,pattern_group,running,66.66666666666666,2,3
cp_tutorial_advanced_segmentation_final,4,16,1791502252.5890434,4006784,worker_3,W016,CorrectIlluminationApply,pattern_group,running,20.0,1,5
cp_tutorial_advanced_segmentation_final,4,16,1791502252.6273768,4006782,worker_1,W014,MeasureColocalization,pattern_group,running,50.0,1,2
cp_tutorial_advanced_segmentation_final,4,16,1791502252.6535308,4006784,worker_3,W016,CorrectIlluminationApply,pattern_group,running,40.0,2,5
cp_tutorial_advanced_segmentation_final,4,16,1791502252.661796,4006783,worker_2,W011,MeasureObjectNeighbors,pattern_group,running,100.0,3,3
cp_tutorial_advanced_segmentation_final,4,16,1791502252.6631374,4006783,worker_2,W011,MeasureObjectNeighbors,step_completed,success,87.5,14,16
cp_tutorial_advanced_segmentation_final,4,16,1791502252.6639192,4006783,worker_2,W011,RelateObjects,step_started,started,87.5,14,16
cp_tutorial_advanced_segmentation_final,4,16,1791502252.7147448,4006784,worker_3,W016,CorrectIlluminationApply,pattern_group,running,60.0,3,5
cp_tutorial_advanced_segmentation_final,4,16,1791502252.7752547,4006784,worker_3,W016,CorrectIlluminationApply,pattern_group,running,80.0,4,5
cp_tutorial_advanced_segmentation_final,4,16,1791502252.821157,4006784,worker_3,W016,CorrectIlluminationApply,pattern_group,running,100.0,5,5
cp_tutorial_advanced_segmentation_final,4,16,1791502252.8217037,4006784,worker_3,W016,CorrectIlluminationApply,step_completed,success,6.25,1,16
cp_tutorial_advanced_segmentation_final,4,16,1791502252.822388,4006784,worker_3,W016,IdentifyPrimaryObjects,step_started,started,6.25,1,16
cp_tutorial_advanced_segmentation_final,4,16,1791502252.9269774,4006784,worker_3,W016,IdentifyPrimaryObjects,pattern_group,running,100.0,1,1
cp_tutorial_advanced_segmentation_final,4,16,1791502252.9278128,4006784,worker_3,W016,IdentifyPrimaryObjects,step_completed,success,12.5,2,16
cp_tutorial_advanced_segmentation_final,4,16,1791502252.928835,4006784,worker_3,W016,IdentifySecondaryObjects,step_started,started,12.5,2,16
cp_tutorial_advanced_segmentation_final,4,16,1791502253.0312014,4006783,worker_2,W011,RelateObjects,pattern_group,running,50.0,1,2
cp_tutorial_advanced_segmentation_final,4,16,1791502253.0468216,4006781,worker_0,W013,MeasureColocalization,pattern_group,running,50.0,1,2
cp_tutorial_advanced_segmentation_final,4,16,1791502253.1909866,4006784,worker_3,W016,IdentifySecondaryObjects,pattern_group,running,100.0,1,1
cp_tutorial_advanced_segmentation_final,4,16,1791502253.1919813,4006784,worker_3,W016,IdentifySecondaryObjects,step_completed,success,18.75,3,16
cp_tutorial_advanced_segmentation_final,4,16,1791502253.1934683,4006784,worker_3,W016,IdentifyTertiaryObjects,step_started,started,18.75,3,16
cp_tutorial_advanced_segmentation_final,4,16,1791502253.240883,4006784,worker_3,W016,IdentifyTertiaryObjects,pattern_group,running,100.0,1,1
cp_tutorial_advanced_segmentation_final,4,16,1791502253.241712,4006784,worker_3,W016,IdentifyTertiaryObjects,step_completed,success,25.0,4,16
cp_tutorial_advanced_segmentation_final,4,16,1791502253.2432466,4006784,worker_3,W016,EnhanceOrSuppressFeatures,step_started,started,25.0,4,16
cp_tutorial_advanced_segmentation_final,4,16,1791502253.2536466,4006784,worker_3,W016,EnhanceOrSuppressFeatures,pattern_group,running,100.0,1,1
cp_tutorial_advanced_segmentation_final,4,16,1791502253.2542274,4006784,worker_3,W016,EnhanceOrSuppressFeatures,step_completed,success,31.25,5,16
cp_tutorial_advanced_segmentation_final,4,16,1791502253.255047,4006784,worker_3,W016,MaskImage,step_started,started,31.25,5,16
cp_tutorial_advanced_segmentation_final,4,16,1791502253.2627633,4006784,worker_3,W016,MaskImage,pattern_group,running,100.0,1,1
cp_tutorial_advanced_segmentation_final,4,16,1791502253.2633502,4006784,worker_3,W016,MaskImage,step_completed,success,37.5,6,16
cp_tutorial_advanced_segmentation_final,4,16,1791502253.2643962,4006784,worker_3,W016,IdentifyPrimaryObjects,step_started,started,37.5,6,16
cp_tutorial_advanced_segmentation_final,4,16,1791502253.3059006,4006782,worker_1,W014,MeasureColocalization,pattern_group,running,100.0,2,2
cp_tutorial_advanced_segmentation_final,4,16,1791502253.311407,4006782,worker_1,W014,MeasureColocalization,step_completed,success,62.5,10,16
cp_tutorial_advanced_segmentation_final,4,16,1791502253.3126848,4006782,worker_1,W014,MeasureObjectIntensity,step_started,started,62.5,10,16
cp_tutorial_advanced_segmentation_final,4,16,1791502253.3484492,4006784,worker_3,W016,IdentifyPrimaryObjects,pattern_group,running,100.0,1,1
cp_tutorial_advanced_segmentation_final,4,16,1791502253.3494792,4006784,worker_3,W016,IdentifyPrimaryObjects,step_completed,success,43.75,7,16
cp_tutorial_advanced_segmentation_final,4,16,1791502253.3514562,4006784,worker_3,W016,MaskImage,step_started,started,43.75,7,16
cp_tutorial_advanced_segmentation_final,4,16,1791502253.361689,4006784,worker_3,W016,MaskImage,pattern_group,running,100.0,1,1
cp_tutorial_advanced_segmentation_final,4,16,1791502253.3622763,4006784,worker_3,W016,MaskImage,step_completed,success,50.0,8,16
cp_tutorial_advanced_segmentation_final,4,16,1791502253.3631196,4006784,worker_3,W016,IdentifyPrimaryObjects,step_started,started,50.0,8,16
cp_tutorial_advanced_segmentation_final,4,16,1791502253.4525807,4006784,worker_3,W016,IdentifyPrimaryObjects,pattern_group,running,100.0,1,1
cp_tutorial_advanced_segmentation_final,4,16,1791502253.4535809,4006784,worker_3,W016,IdentifyPrimaryObjects,step_completed,success,56.25,9,16
cp_tutorial_advanced_segmentation_final,4,16,1791502253.4554696,4006784,worker_3,W016,MeasureColocalization,step_started,started,56.25,9,16
cp_tutorial_advanced_segmentation_final,4,16,1791502253.7195945,4006781,worker_0,W013,MeasureColocalization,pattern_group,running,100.0,2,2
cp_tutorial_advanced_segmentation_final,4,16,1791502253.724753,4006781,worker_0,W013,MeasureColocalization,step_completed,success,62.5,10,16
cp_tutorial_advanced_segmentation_final,4,16,1791502253.7260137,4006781,worker_0,W013,MeasureObjectIntensity,step_started,started,62.5,10,16
cp_tutorial_advanced_segmentation_final,4,16,1791502253.7762587,4006783,worker_2,W011,RelateObjects,pattern_group,running,100.0,2,2
cp_tutorial_advanced_segmentation_final,4,16,1791502253.7876546,4006783,worker_2,W011,RelateObjects,step_completed,success,93.75,15,16
cp_tutorial_advanced_segmentation_final,4,16,1791502253.7931225,4006783,worker_2,W011,pipeline,axis_completed,success,93.75,15,16
cp_tutorial_advanced_segmentation_final,4,16,1791502253.7932172,4006783,worker_2,W015,pipeline,axis_started,started,0.0,0,16
cp_tutorial_advanced_segmentation_final,4,16,1791502253.8000805,4006783,worker_2,W015,CorrectIlluminationApply,step_started,started,0.0,0,16
cp_tutorial_advanced_segmentation_final,4,16,1791502253.868585,4006782,worker_1,W014,MeasureObjectIntensity,pattern_group,running,50.0,1,2
cp_tutorial_advanced_segmentation_final,4,16,1791502253.9117131,4006783,worker_2,W015,CorrectIlluminationApply,pattern_group,running,20.0,1,5
cp_tutorial_advanced_segmentation_final,4,16,1791502253.9615345,4006783,worker_2,W015,CorrectIlluminationApply,pattern_group,running,40.0,2,5
cp_tutorial_advanced_segmentation_final,4,16,1791502253.9841554,4006782,worker_1,W014,MeasureObjectIntensity,pattern_group,running,100.0,2,2
cp_tutorial_advanced_segmentation_final,4,16,1791502253.987634,4006782,worker_1,W014,MeasureObjectIntensity,step_completed,success,68.75,11,16
cp_tutorial_advanced_segmentation_final,4,16,1791502253.989203,4006782,worker_1,W014,MeasureObjectIntensityDistribution,step_started,started,68.75,11,16
cp_tutorial_advanced_segmentation_final,4,16,1791502254.0235925,4006783,worker_2,W015,CorrectIlluminationApply,pattern_group,running,60.0,3,5
cp_tutorial_advanced_segmentation_final,4,16,1791502254.0814111,4006783,worker_2,W015,CorrectIlluminationApply,pattern_group,running,80.0,4,5
cp_tutorial_advanced_segmentation_final,4,16,1791502254.1452937,4006783,worker_2,W015,CorrectIlluminationApply,pattern_group,running,100.0,5,5
cp_tutorial_advanced_segmentation_final,4,16,1791502254.1456387,4006783,worker_2,W015,CorrectIlluminationApply,step_completed,success,6.25,1,16
cp_tutorial_advanced_segmentation_final,4,16,1791502254.1462061,4006783,worker_2,W015,IdentifyPrimaryObjects,step_started,started,6.25,1,16
cp_tutorial_advanced_segmentation_final,4,16,1791502254.201022,4006782,worker_1,W014,MeasureObjectIntensityDistribution,pattern_group,running,50.0,1,2
cp_tutorial_advanced_segmentation_final,4,16,1791502254.225868,4006784,worker_3,W016,MeasureColocalization,pattern_group,running,50.0,1,2
cp_tutorial_advanced_segmentation_final,4,16,1791502254.260281,4006781,worker_0,W013,MeasureObjectIntensity,pattern_group,running,50.0,1,2
cp_tutorial_advanced_segmentation_final,4,16,1791502254.265302,4006783,worker_2,W015,IdentifyPrimaryObjects,pattern_group,running,100.0,1,1
cp_tutorial_advanced_segmentation_final,4,16,1791502254.2663746,4006783,worker_2,W015,IdentifyPrimaryObjects,step_completed,success,12.5,2,16
cp_tutorial_advanced_segmentation_final,4,16,1791502254.2682273,4006783,worker_2,W015,IdentifySecondaryObjects,step_started,started,12.5,2,16
cp_tutorial_advanced_segmentation_final,4,16,1791502254.27833,4006782,worker_1,W014,MeasureObjectIntensityDistribution,pattern_group,running,100.0,2,2
cp_tutorial_advanced_segmentation_final,4,16,1791502254.283596,4006782,worker_1,W014,MeasureObjectIntensityDistribution,step_completed,success,75.0,12,16
cp_tutorial_advanced_segmentation_final,4,16,1791502254.2860992,4006782,worker_1,W014,MeasureObjectSizeShape,step_started,started,75.0,12,16
cp_tutorial_advanced_segmentation_final,4,16,1791502254.4461026,4006781,worker_0,W013,MeasureObjectIntensity,pattern_group,running,100.0,2,2
cp_tutorial_advanced_segmentation_final,4,16,1791502254.4518864,4006781,worker_0,W013,MeasureObjectIntensity,step_completed,success,68.75,11,16
cp_tutorial_advanced_segmentation_final,4,16,1791502254.4545994,4006781,worker_0,W013,MeasureObjectIntensityDistribution,step_started,started,68.75,11,16
cp_tutorial_advanced_segmentation_final,4,16,1791502254.57872,4006783,worker_2,W015,IdentifySecondaryObjects,pattern_group,running,100.0,1,1
cp_tutorial_advanced_segmentation_final,4,16,1791502254.5794528,4006783,worker_2,W015,IdentifySecondaryObjects,step_completed,success,18.75,3,16
cp_tutorial_advanced_segmentation_final,4,16,1791502254.580194,4006783,worker_2,W015,IdentifyTertiaryObjects,step_started,started,18.75,3,16
cp_tutorial_advanced_segmentation_final,4,16,1791502254.6732907,4006783,worker_2,W015,IdentifyTertiaryObjects,pattern_group,running,100.0,1,1
cp_tutorial_advanced_segmentation_final,4,16,1791502254.6738224,4006783,worker_2,W015,IdentifyTertiaryObjects,step_completed,success,25.0,4,16
cp_tutorial_advanced_segmentation_final,4,16,1791502254.6777651,4006783,worker_2,W015,EnhanceOrSuppressFeatures,step_started,started,25.0,4,16
cp_tutorial_advanced_segmentation_final,4,16,1791502254.6868513,4006781,worker_0,W013,MeasureObjectIntensityDistribution,pattern_group,running,50.0,1,2
cp_tutorial_advanced_segmentation_final,4,16,1791502254.697149,4006783,worker_2,W015,EnhanceOrSuppressFeatures,pattern_group,running,100.0,1,1
cp_tutorial_advanced_segmentation_final,4,16,1791502254.6974576,4006783,worker_2,W015,EnhanceOrSuppressFeatures,step_completed,success,31.25,5,16
cp_tutorial_advanced_segmentation_final,4,16,1791502254.698048,4006783,worker_2,W015,MaskImage,step_started,started,31.25,5,16
cp_tutorial_advanced_segmentation_final,4,16,1791502254.714921,4006783,worker_2,W015,MaskImage,pattern_group,running,100.0,1,1
cp_tutorial_advanced_segmentation_final,4,16,1791502254.7152026,4006783,worker_2,W015,MaskImage,step_completed,success,37.5,6,16
cp_tutorial_advanced_segmentation_final,4,16,1791502254.7160006,4006783,worker_2,W015,IdentifyPrimaryObjects,step_started,started,37.5,6,16
cp_tutorial_advanced_segmentation_final,4,16,1791502254.7358263,4006782,worker_1,W014,MeasureObjectSizeShape,pattern_group,running,25.0,1,4
cp_tutorial_advanced_segmentation_final,4,16,1791502254.7693489,4006781,worker_0,W013,MeasureObjectIntensityDistribution,pattern_group,running,100.0,2,2
cp_tutorial_advanced_segmentation_final,4,16,1791502254.775369,4006781,worker_0,W013,MeasureObjectIntensityDistribution,step_completed,success,75.0,12,16
cp_tutorial_advanced_segmentation_final,4,16,1791502254.7778618,4006781,worker_0,W013,MeasureObjectSizeShape,step_started,started,75.0,12,16
cp_tutorial_advanced_segmentation_final,4,16,1791502254.800554,4006783,worker_2,W015,IdentifyPrimaryObjects,pattern_group,running,100.0,1,1
cp_tutorial_advanced_segmentation_final,4,16,1791502254.8013682,4006783,worker_2,W015,IdentifyPrimaryObjects,step_completed,success,43.75,7,16
cp_tutorial_advanced_segmentation_final,4,16,1791502254.8026009,4006783,worker_2,W015,MaskImage,step_started,started,43.75,7,16
cp_tutorial_advanced_segmentation_final,4,16,1791502254.8120337,4006783,worker_2,W015,MaskImage,pattern_group,running,100.0,1,1
cp_tutorial_advanced_segmentation_final,4,16,1791502254.8126192,4006783,worker_2,W015,MaskImage,step_completed,success,50.0,8,16
cp_tutorial_advanced_segmentation_final,4,16,1791502254.8134766,4006783,worker_2,W015,IdentifyPrimaryObjects,step_started,started,50.0,8,16
cp_tutorial_advanced_segmentation_final,4,16,1791502254.8504305,4006782,worker_1,W014,MeasureObjectSizeShape,pattern_group,running,50.0,2,4
cp_tutorial_advanced_segmentation_final,4,16,1791502254.8995504,4006784,worker_3,W016,MeasureColocalization,pattern_group,running,100.0,2,2
cp_tutorial_advanced_segmentation_final,4,16,1791502254.903085,4006783,worker_2,W015,IdentifyPrimaryObjects,pattern_group,running,100.0,1,1
cp_tutorial_advanced_segmentation_final,4,16,1791502254.9039822,4006783,worker_2,W015,IdentifyPrimaryObjects,step_completed,success,56.25,9,16
cp_tutorial_advanced_segmentation_final,4,16,1791502254.9046006,4006784,worker_3,W016,MeasureColocalization,step_completed,success,62.5,10,16
cp_tutorial_advanced_segmentation_final,4,16,1791502254.9057229,4006784,worker_3,W016,MeasureObjectIntensity,step_started,started,62.5,10,16
cp_tutorial_advanced_segmentation_final,4,16,1791502254.9091475,4006783,worker_2,W015,MeasureColocalization,step_started,started,56.25,9,16
cp_tutorial_advanced_segmentation_final,4,16,1791502254.941215,4006782,worker_1,W014,MeasureObjectSizeShape,pattern_group,running,75.0,3,4
cp_tutorial_advanced_segmentation_final,4,16,1791502254.987208,4006782,worker_1,W014,MeasureObjectSizeShape,pattern_group,running,100.0,4,4
cp_tutorial_advanced_segmentation_final,4,16,1791502254.9926364,4006782,worker_1,W014,MeasureObjectSizeShape,step_completed,success,81.25,13,16
cp_tutorial_advanced_segmentation_final,4,16,1791502254.9948475,4006782,worker_1,W014,MeasureObjectNeighbors,step_started,started,81.25,13,16
cp_tutorial_advanced_segmentation_final,4,16,1791502255.0727599,4006782,worker_1,W014,MeasureObjectNeighbors,pattern_group,running,33.33333333333333,1,3
cp_tutorial_advanced_segmentation_final,4,16,1791502255.146131,4006782,worker_1,W014,MeasureObjectNeighbors,pattern_group,running,66.66666666666666,2,3
cp_tutorial_advanced_segmentation_final,4,16,1791502255.2612092,4006782,worker_1,W014,MeasureObjectNeighbors,pattern_group,running,100.0,3,3
cp_tutorial_advanced_segmentation_final,4,16,1791502255.2635121,4006782,worker_1,W014,MeasureObjectNeighbors,step_completed,success,87.5,14,16
cp_tutorial_advanced_segmentation_final,4,16,1791502255.2650976,4006782,worker_1,W014,RelateObjects,step_started,started,87.5,14,16
cp_tutorial_advanced_segmentation_final,4,16,1791502255.295141,4006781,worker_0,W013,MeasureObjectSizeShape,pattern_group,running,25.0,1,4
cp_tutorial_advanced_segmentation_final,4,16,1791502255.4024694,4006781,worker_0,W013,MeasureObjectSizeShape,pattern_group,running,50.0,2,4
cp_tutorial_advanced_segmentation_final,4,16,1791502255.4494667,4006784,worker_3,W016,MeasureObjectIntensity,pattern_group,running,50.0,1,2
cp_tutorial_advanced_segmentation_final,4,16,1791502255.4906595,4006781,worker_0,W013,MeasureObjectSizeShape,pattern_group,running,75.0,3,4
cp_tutorial_advanced_segmentation_final,4,16,1791502255.5346994,4006781,worker_0,W013,MeasureObjectSizeShape,pattern_group,running,100.0,4,4
cp_tutorial_advanced_segmentation_final,4,16,1791502255.5401258,4006781,worker_0,W013,MeasureObjectSizeShape,step_completed,success,81.25,13,16
cp_tutorial_advanced_segmentation_final,4,16,1791502255.542711,4006781,worker_0,W013,MeasureObjectNeighbors,step_started,started,81.25,13,16
cp_tutorial_advanced_segmentation_final,4,16,1791502255.5618749,4006784,worker_3,W016,MeasureObjectIntensity,pattern_group,running,100.0,2,2
cp_tutorial_advanced_segmentation_final,4,16,1791502255.565128,4006784,worker_3,W016,MeasureObjectIntensity,step_completed,success,68.75,11,16
cp_tutorial_advanced_segmentation_final,4,16,1791502255.5662093,4006784,worker_3,W016,MeasureObjectIntensityDistribution,step_started,started,68.75,11,16
cp_tutorial_advanced_segmentation_final,4,16,1791502255.6134934,4006782,worker_1,W014,RelateObjects,pattern_group,running,50.0,1,2
cp_tutorial_advanced_segmentation_final,4,16,1791502255.6189222,4006781,worker_0,W013,MeasureObjectNeighbors,pattern_group,running,33.33333333333333,1,3
cp_tutorial_advanced_segmentation_final,4,16,1791502255.6432245,4006783,worker_2,W015,MeasureColocalization,pattern_group,running,50.0,1,2
cp_tutorial_advanced_segmentation_final,4,16,1791502255.6802027,4006784,worker_3,W016,MeasureObjectIntensityDistribution,pattern_group,running,50.0,1,2
cp_tutorial_advanced_segmentation_final,4,16,1791502255.71326,4006781,worker_0,W013,MeasureObjectNeighbors,pattern_group,running,66.66666666666666,2,3
cp_tutorial_advanced_segmentation_final,4,16,1791502255.728804,4006784,worker_3,W016,MeasureObjectIntensityDistribution,pattern_group,running,100.0,2,2
cp_tutorial_advanced_segmentation_final,4,16,1791502255.731688,4006784,worker_3,W016,MeasureObjectIntensityDistribution,step_completed,success,75.0,12,16
cp_tutorial_advanced_segmentation_final,4,16,1791502255.7328744,4006784,worker_3,W016,MeasureObjectSizeShape,step_started,started,75.0,12,16
cp_tutorial_advanced_segmentation_final,4,16,1791502255.8412917,4006781,worker_0,W013,MeasureObjectNeighbors,pattern_group,running,100.0,3,3
cp_tutorial_advanced_segmentation_final,4,16,1791502255.843401,4006781,worker_0,W013,MeasureObjectNeighbors,step_completed,success,87.5,14,16
cp_tutorial_advanced_segmentation_final,4,16,1791502255.844901,4006781,worker_0,W013,RelateObjects,step_started,started,87.5,14,16
cp_tutorial_advanced_segmentation_final,4,16,1791502256.1033201,4006782,worker_1,W014,RelateObjects,pattern_group,running,100.0,2,2
cp_tutorial_advanced_segmentation_final,4,16,1791502256.1087155,4006782,worker_1,W014,RelateObjects,step_completed,success,93.75,15,16
cp_tutorial_advanced_segmentation_final,4,16,1791502256.111302,4006782,worker_1,W014,pipeline,axis_completed,success,93.75,15,16
cp_tutorial_advanced_segmentation_final,4,16,1791502256.1276698,4006784,worker_3,W016,MeasureObjectSizeShape,pattern_group,running,25.0,1,4
cp_tutorial_advanced_segmentation_final,4,16,1791502256.2060103,4006781,worker_0,W013,RelateObjects,pattern_group,running,50.0,1,2
cp_tutorial_advanced_segmentation_final,4,16,1791502256.3079028,4006783,worker_2,W015,MeasureColocalization,pattern_group,running,100.0,2,2
cp_tutorial_advanced_segmentation_final,4,16,1791502256.2706683,4006784,worker_3,W016,MeasureObjectSizeShape,pattern_group,running,50.0,2,4
cp_tutorial_advanced_segmentation_final,4,16,1791502256.3129423,4006783,worker_2,W015,MeasureColocalization,step_completed,success,62.5,10,16
cp_tutorial_advanced_segmentation_final,4,16,1791502256.355896,4006784,worker_3,W016,MeasureObjectSizeShape,pattern_group,running,75.0,3,4
cp_tutorial_advanced_segmentation_final,4,16,1791502256.3138,4006783,worker_2,W015,MeasureObjectIntensity,step_started,started,62.5,10,16
cp_tutorial_advanced_segmentation_final,4,16,1791502256.3984702,4006784,worker_3,W016,MeasureObjectSizeShape,pattern_group,running,100.0,4,4
cp_tutorial_advanced_segmentation_final,4,16,1791502256.4036283,4006784,worker_3,W016,MeasureObjectSizeShape,step_completed,success,81.25,13,16
cp_tutorial_advanced_segmentation_final,4,16,1791502256.405016,4006784,worker_3,W016,MeasureObjectNeighbors,step_started,started,81.25,13,16
cp_tutorial_advanced_segmentation_final,4,16,1791502256.459002,4006784,worker_3,W016,MeasureObjectNeighbors,pattern_group,running,33.33333333333333,1,3
cp_tutorial_advanced_segmentation_final,4,16,1791502256.5039947,4006784,worker_3,W016,MeasureObjectNeighbors,pattern_group,running,66.66666666666666,2,3
cp_tutorial_advanced_segmentation_final,4,16,1791502256.571866,4006784,worker_3,W016,MeasureObjectNeighbors,pattern_group,running,100.0,3,3
cp_tutorial_advanced_segmentation_final,4,16,1791502256.5731463,4006784,worker_3,W016,MeasureObjectNeighbors,step_completed,success,87.5,14,16
cp_tutorial_advanced_segmentation_final,4,16,1791502256.573948,4006784,worker_3,W016,RelateObjects,step_started,started,87.5,14,16
cp_tutorial_advanced_segmentation_final,4,16,1791502256.6325996,4006781,worker_0,W013,RelateObjects,pattern_group,running,100.0,2,2
cp_tutorial_advanced_segmentation_final,4,16,1791502256.637895,4006781,worker_0,W013,RelateObjects,step_completed,success,93.75,15,16
cp_tutorial_advanced_segmentation_final,4,16,1791502256.6401324,4006781,worker_0,W013,pipeline,axis_completed,success,93.75,15,16
cp_tutorial_advanced_segmentation_final,4,16,1791502256.7657104,4006784,worker_3,W016,RelateObjects,pattern_group,running,50.0,1,2
cp_tutorial_advanced_segmentation_final,4,16,1791502256.8443422,4006783,worker_2,W015,MeasureObjectIntensity,pattern_group,running,50.0,1,2
cp_tutorial_advanced_segmentation_final,4,16,1791502256.952164,4006783,worker_2,W015,MeasureObjectIntensity,pattern_group,running,100.0,2,2
cp_tutorial_advanced_segmentation_final,4,16,1791502256.9553907,4006783,worker_2,W015,MeasureObjectIntensity,step_completed,success,68.75,11,16
cp_tutorial_advanced_segmentation_final,4,16,1791502256.9564557,4006783,worker_2,W015,MeasureObjectIntensityDistribution,step_started,started,68.75,11,16
cp_tutorial_advanced_segmentation_final,4,16,1791502257.0622587,4006783,worker_2,W015,MeasureObjectIntensityDistribution,pattern_group,running,50.0,1,2
cp_tutorial_advanced_segmentation_final,4,16,1791502257.1077821,4006783,worker_2,W015,MeasureObjectIntensityDistribution,pattern_group,running,100.0,2,2
cp_tutorial_advanced_segmentation_final,4,16,1791502257.1104953,4006783,worker_2,W015,MeasureObjectIntensityDistribution,step_completed,success,75.0,12,16
cp_tutorial_advanced_segmentation_final,4,16,1791502257.1116085,4006783,worker_2,W015,MeasureObjectSizeShape,step_started,started,75.0,12,16
cp_tutorial_advanced_segmentation_final,4,16,1791502257.162864,4006784,worker_3,W016,RelateObjects,pattern_group,running,100.0,2,2
cp_tutorial_advanced_segmentation_final,4,16,1791502257.1683097,4006784,worker_3,W016,RelateObjects,step_completed,success,93.75,15,16
cp_tutorial_advanced_segmentation_final,4,16,1791502257.1707153,4006784,worker_3,W016,pipeline,axis_completed,success,93.75,15,16
cp_tutorial_advanced_segmentation_final,4,16,1791502257.4926286,4006783,worker_2,W015,MeasureObjectSizeShape,pattern_group,running,25.0,1,4
cp_tutorial_advanced_segmentation_final,4,16,1791502257.5905461,4006783,worker_2,W015,MeasureObjectSizeShape,pattern_group,running,50.0,2,4
cp_tutorial_advanced_segmentation_final,4,16,1791502257.6731982,4006783,worker_2,W015,MeasureObjectSizeShape,pattern_group,running,75.0,3,4
cp_tutorial_advanced_segmentation_final,4,16,1791502257.713929,4006783,worker_2,W015,MeasureObjectSizeShape,pattern_group,running,100.0,4,4
cp_tutorial_advanced_segmentation_final,4,16,1791502257.7189574,4006783,worker_2,W015,MeasureObjectSizeShape,step_completed,success,81.25,13,16
cp_tutorial_advanced_segmentation_final,4,16,1791502257.7202947,4006783,worker_2,W015,MeasureObjectNeighbors,step_started,started,81.25,13,16
cp_tutorial_advanced_segmentation_final,4,16,1791502257.7719934,4006783,worker_2,W015,MeasureObjectNeighbors,pattern_group,running,33.33333333333333,1,3
cp_tutorial_advanced_segmentation_final,4,16,1791502257.8147163,4006783,worker_2,W015,MeasureObjectNeighbors,pattern_group,running,66.66666666666666,2,3
cp_tutorial_advanced_segmentation_final,4,16,1791502257.880173,4006783,worker_2,W015,MeasureObjectNeighbors,pattern_group,running,100.0,3,3
cp_tutorial_advanced_segmentation_final,4,16,1791502257.8814003,4006783,worker_2,W015,MeasureObjectNeighbors,step_completed,success,87.5,14,16
cp_tutorial_advanced_segmentation_final,4,16,1791502257.8821778,4006783,worker_2,W015,RelateObjects,step_started,started,87.5,14,16
cp_tutorial_advanced_segmentation_final,4,16,1791502258.0635324,4006783,worker_2,W015,RelateObjects,pattern_group,running,50.0,1,2
cp_tutorial_advanced_segmentation_final,4,16,1791502258.4458501,4006783,worker_2,W015,RelateObjects,pattern_group,running,100.0,2,2
cp_tutorial_advanced_segmentation_final,4,16,1791502258.4508088,4006783,worker_2,W015,RelateObjects,step_completed,success,93.75,15,16
cp_tutorial_advanced_segmentation_final,4,16,1791502258.452898,4006783,worker_2,W015,pipeline,axis_completed,success,93.75,15,16
cp_tutorial_advanced_segmentation_final,4,16,1791502258.6327722,4005901,,,ExportToDatabase,step_started,started,93.75,15,16
cp_tutorial_advanced_segmentation_final,4,16,1791502260.6333039,4005901,,,ExportToDatabase,running,running,93.75,15,16
cp_tutorial_advanced_segmentation_final,4,16,1791502262.636142,4005901,,,ExportToDatabase,running,running,93.75,15,16
cp_tutorial_advanced_segmentation_final,4,16,1791502264.636258,4005901,,,ExportToDatabase,running,running,93.75,15,16
cp_tutorial_advanced_segmentation_final,4,16,1791502265.6457188,4005901,,,ExportToDatabase,step_completed,success,100.0,16,16
cp_tutorial_advanced_segmentation_final,4,16,1791502265.648081,4005901,,,pipeline,success,success,100.0,16,16
