case_name,worker_count,well_count,timestamp,pid,worker_slot,axis_id,step_name,phase,status,percent,completed,total
ExampleImagingFlowCytometryObjectsInGrid,3,12,1791411642.6075099,2547534,,,pipeline,compile,started,0.0,0,27
ExampleImagingFlowCytometryObjectsInGrid,3,12,1791411642.6397495,2547534,,,,init,started,0.0,0,1
ExampleImagingFlowCytometryObjectsInGrid,3,12,1791411643.046357,2547534,,W001,compilation,compile,running,8.333333333333332,1,12
ExampleImagingFlowCytometryObjectsInGrid,3,12,1791411643.0984135,2547534,,W002,compilation,compile,running,16.666666666666664,2,12
ExampleImagingFlowCytometryObjectsInGrid,3,12,1791411643.1515582,2547534,,W003,compilation,compile,running,25.0,3,12
ExampleImagingFlowCytometryObjectsInGrid,3,12,1791411643.206576,2547534,,W004,compilation,compile,running,33.33333333333333,4,12
ExampleImagingFlowCytometryObjectsInGrid,3,12,1791411643.2581913,2547534,,W005,compilation,compile,running,41.66666666666667,5,12
ExampleImagingFlowCytometryObjectsInGrid,3,12,1791411643.3102224,2547534,,W006,compilation,compile,running,50.0,6,12
ExampleImagingFlowCytometryObjectsInGrid,3,12,1791411643.3611357,2547534,,W007,compilation,compile,running,58.333333333333336,7,12
ExampleImagingFlowCytometryObjectsInGrid,3,12,1791411643.4128785,2547534,,W008,compilation,compile,running,66.66666666666666,8,12
ExampleImagingFlowCytometryObjectsInGrid,3,12,1791411643.4638863,2547534,,W009,compilation,compile,running,75.0,9,12
ExampleImagingFlowCytometryObjectsInGrid,3,12,1791411643.5169497,2547534,,W010,compilation,compile,running,83.33333333333334,10,12
ExampleImagingFlowCytometryObjectsInGrid,3,12,1791411643.5677736,2547534,,W011,compilation,compile,running,91.66666666666666,11,12
ExampleImagingFlowCytometryObjectsInGrid,3,12,1791411643.618705,2547534,,W012,compilation,compile,running,100.0,12,12
ExampleImagingFlowCytometryObjectsInGrid,3,12,1791411643.6559513,2547534,,,,init,started,0.0,0,1
ExampleImagingFlowCytometryObjectsInGrid,3,12,1791411643.6560383,2547534,,,pipeline,compile,success,100.0,1,27
ExampleImagingFlowCytometryObjectsInGrid,3,12,1791411643.6560888,2547534,,W001,compilation,compile,success,100.0,1,1
ExampleImagingFlowCytometryObjectsInGrid,3,12,1791411643.6561189,2547534,,W002,compilation,compile,success,100.0,1,1
ExampleImagingFlowCytometryObjectsInGrid,3,12,1791411643.6561446,2547534,,W003,compilation,compile,success,100.0,1,1
ExampleImagingFlowCytometryObjectsInGrid,3,12,1791411643.65617,2547534,,W004,compilation,compile,success,100.0,1,1
ExampleImagingFlowCytometryObjectsInGrid,3,12,1791411643.6561956,2547534,,W005,compilation,compile,success,100.0,1,1
ExampleImagingFlowCytometryObjectsInGrid,3,12,1791411643.6562207,2547534,,W006,compilation,compile,success,100.0,1,1
ExampleImagingFlowCytometryObjectsInGrid,3,12,1791411643.6562445,2547534,,W007,compilation,compile,success,100.0,1,1
ExampleImagingFlowCytometryObjectsInGrid,3,12,1791411643.6562748,2547534,,W008,compilation,compile,success,100.0,1,1
ExampleImagingFlowCytometryObjectsInGrid,3,12,1791411643.6563013,2547534,,W009,compilation,compile,success,100.0,1,1
ExampleImagingFlowCytometryObjectsInGrid,3,12,1791411643.656328,2547534,,W010,compilation,compile,success,100.0,1,1
ExampleImagingFlowCytometryObjectsInGrid,3,12,1791411643.6563625,2547534,,W011,compilation,compile,success,100.0,1,1
ExampleImagingFlowCytometryObjectsInGrid,3,12,1791411643.6563888,2547534,,W012,compilation,compile,success,100.0,1,1
ExampleImagingFlowCytometryObjectsInGrid,3,12,1791411643.6966984,2547534,,,,init,started,0.0,0,1
ExampleImagingFlowCytometryObjectsInGrid,3,12,1791411643.7536652,2770891,worker_0,W001,pipeline,axis_started,started,0.0,0,27
ExampleImagingFlowCytometryObjectsInGrid,3,12,1791411643.7590077,2770891,worker_0,W001,DefineGrid,step_started,started,0.0,0,27
ExampleImagingFlowCytometryObjectsInGrid,3,12,1791411643.7950733,2770893,worker_1,W002,pipeline,axis_started,started,0.0,0,27
ExampleImagingFlowCytometryObjectsInGrid,3,12,1791411643.8011742,2770893,worker_1,W002,DefineGrid,step_started,started,0.0,0,27
ExampleImagingFlowCytometryObjectsInGrid,3,12,1791411643.8266468,2770891,worker_0,W001,DefineGrid,pattern_group,running,100.0,1,1
ExampleImagingFlowCytometryObjectsInGrid,3,12,1791411643.827517,2770891,worker_0,W001,DefineGrid,step_completed,success,3.7037037037037033,1,27
ExampleImagingFlowCytometryObjectsInGrid,3,12,1791411643.8283305,2770891,worker_0,W001,IdentifyObjectsInGrid,step_started,started,3.7037037037037033,1,27
ExampleImagingFlowCytometryObjectsInGrid,3,12,1791411643.842088,2770895,worker_2,W003,pipeline,axis_started,started,0.0,0,27
ExampleImagingFlowCytometryObjectsInGrid,3,12,1791411643.8487236,2770895,worker_2,W003,DefineGrid,step_started,started,0.0,0,27
ExampleImagingFlowCytometryObjectsInGrid,3,12,1791411643.8737648,2770893,worker_1,W002,DefineGrid,pattern_group,running,100.0,1,1
ExampleImagingFlowCytometryObjectsInGrid,3,12,1791411643.8749187,2770893,worker_1,W002,DefineGrid,step_completed,success,3.7037037037037033,1,27
ExampleImagingFlowCytometryObjectsInGrid,3,12,1791411643.8757105,2770893,worker_1,W002,IdentifyObjectsInGrid,step_started,started,3.7037037037037033,1,27
ExampleImagingFlowCytometryObjectsInGrid,3,12,1791411643.9285216,2770895,worker_2,W003,DefineGrid,pattern_group,running,100.0,1,1
ExampleImagingFlowCytometryObjectsInGrid,3,12,1791411643.9296143,2770895,worker_2,W003,DefineGrid,step_completed,success,3.7037037037037033,1,27
ExampleImagingFlowCytometryObjectsInGrid,3,12,1791411643.9304109,2770895,worker_2,W003,IdentifyObjectsInGrid,step_started,started,3.7037037037037033,1,27
ExampleImagingFlowCytometryObjectsInGrid,3,12,1791411644.144341,2770891,worker_0,W001,IdentifyObjectsInGrid,pattern_group,running,100.0,1,1
ExampleImagingFlowCytometryObjectsInGrid,3,12,1791411644.1448581,2770891,worker_0,W001,IdentifyObjectsInGrid,step_completed,success,7.4074074074074066,2,27
ExampleImagingFlowCytometryObjectsInGrid,3,12,1791411644.1454546,2770891,worker_0,W001,MeasureObjectIntensity,step_started,started,7.4074074074074066,2,27
ExampleImagingFlowCytometryObjectsInGrid,3,12,1791411644.1910565,2770893,worker_1,W002,IdentifyObjectsInGrid,pattern_group,running,100.0,1,1
ExampleImagingFlowCytometryObjectsInGrid,3,12,1791411644.191539,2770893,worker_1,W002,IdentifyObjectsInGrid,step_completed,success,7.4074074074074066,2,27
ExampleImagingFlowCytometryObjectsInGrid,3,12,1791411644.1920712,2770893,worker_1,W002,MeasureObjectIntensity,step_started,started,7.4074074074074066,2,27
ExampleImagingFlowCytometryObjectsInGrid,3,12,1791411644.2493777,2770895,worker_2,W003,IdentifyObjectsInGrid,pattern_group,running,100.0,1,1
ExampleImagingFlowCytometryObjectsInGrid,3,12,1791411644.2498548,2770895,worker_2,W003,IdentifyObjectsInGrid,step_completed,success,7.4074074074074066,2,27
ExampleImagingFlowCytometryObjectsInGrid,3,12,1791411644.2503977,2770895,worker_2,W003,MeasureObjectIntensity,step_started,started,7.4074074074074066,2,27
ExampleImagingFlowCytometryObjectsInGrid,3,12,1791411644.7489004,2770891,worker_0,W001,MeasureObjectIntensity,pattern_group,running,100.0,1,1
ExampleImagingFlowCytometryObjectsInGrid,3,12,1791411644.7498455,2770891,worker_0,W001,MeasureObjectIntensity,step_completed,success,11.11111111111111,3,27
ExampleImagingFlowCytometryObjectsInGrid,3,12,1791411644.7504258,2770891,worker_0,W001,FilterObjects,step_started,started,11.11111111111111,3,27
ExampleImagingFlowCytometryObjectsInGrid,3,12,1791411644.802458,2770893,worker_1,W002,MeasureObjectIntensity,pattern_group,running,100.0,1,1
ExampleImagingFlowCytometryObjectsInGrid,3,12,1791411644.803413,2770893,worker_1,W002,MeasureObjectIntensity,step_completed,success,11.11111111111111,3,27
ExampleImagingFlowCytometryObjectsInGrid,3,12,1791411644.8039849,2770893,worker_1,W002,FilterObjects,step_started,started,11.11111111111111,3,27
ExampleImagingFlowCytometryObjectsInGrid,3,12,1791411644.8596897,2770895,worker_2,W003,MeasureObjectIntensity,pattern_group,running,100.0,1,1
ExampleImagingFlowCytometryObjectsInGrid,3,12,1791411644.8606186,2770895,worker_2,W003,MeasureObjectIntensity,step_completed,success,11.11111111111111,3,27
ExampleImagingFlowCytometryObjectsInGrid,3,12,1791411644.8612099,2770895,worker_2,W003,FilterObjects,step_started,started,11.11111111111111,3,27
ExampleImagingFlowCytometryObjectsInGrid,3,12,1791411644.9382586,2770891,worker_0,W001,FilterObjects,pattern_group,running,100.0,1,1
ExampleImagingFlowCytometryObjectsInGrid,3,12,1791411644.9392095,2770891,worker_0,W001,FilterObjects,step_completed,success,14.814814814814813,4,27
ExampleImagingFlowCytometryObjectsInGrid,3,12,1791411644.940344,2770891,worker_0,W001,MaskImage,step_started,started,14.814814814814813,4,27
ExampleImagingFlowCytometryObjectsInGrid,3,12,1791411644.9725964,2770891,worker_0,W001,MaskImage,pattern_group,running,100.0,1,1
ExampleImagingFlowCytometryObjectsInGrid,3,12,1791411644.9728358,2770891,worker_0,W001,MaskImage,step_completed,success,18.51851851851852,5,27
ExampleImagingFlowCytometryObjectsInGrid,3,12,1791411644.973437,2770891,worker_0,W001,Smooth,step_started,started,18.51851851851852,5,27
ExampleImagingFlowCytometryObjectsInGrid,3,12,1791411645.0138834,2770893,worker_1,W002,FilterObjects,pattern_group,running,100.0,1,1
ExampleImagingFlowCytometryObjectsInGrid,3,12,1791411645.0146317,2770893,worker_1,W002,FilterObjects,step_completed,success,14.814814814814813,4,27
ExampleImagingFlowCytometryObjectsInGrid,3,12,1791411645.0155969,2770893,worker_1,W002,MaskImage,step_started,started,14.814814814814813,4,27
ExampleImagingFlowCytometryObjectsInGrid,3,12,1791411645.0461957,2770893,worker_1,W002,MaskImage,pattern_group,running,100.0,1,1
ExampleImagingFlowCytometryObjectsInGrid,3,12,1791411645.0463915,2770893,worker_1,W002,MaskImage,step_completed,success,18.51851851851852,5,27
ExampleImagingFlowCytometryObjectsInGrid,3,12,1791411645.0469801,2770893,worker_1,W002,Smooth,step_started,started,18.51851851851852,5,27
ExampleImagingFlowCytometryObjectsInGrid,3,12,1791411645.076245,2770895,worker_2,W003,FilterObjects,pattern_group,running,100.0,1,1
ExampleImagingFlowCytometryObjectsInGrid,3,12,1791411645.0769935,2770895,worker_2,W003,FilterObjects,step_completed,success,14.814814814814813,4,27
ExampleImagingFlowCytometryObjectsInGrid,3,12,1791411645.077878,2770895,worker_2,W003,MaskImage,step_started,started,14.814814814814813,4,27
ExampleImagingFlowCytometryObjectsInGrid,3,12,1791411645.1068625,2770895,worker_2,W003,MaskImage,pattern_group,running,100.0,1,1
ExampleImagingFlowCytometryObjectsInGrid,3,12,1791411645.107049,2770895,worker_2,W003,MaskImage,step_completed,success,18.51851851851852,5,27
ExampleImagingFlowCytometryObjectsInGrid,3,12,1791411645.1076522,2770895,worker_2,W003,Smooth,step_started,started,18.51851851851852,5,27
ExampleImagingFlowCytometryObjectsInGrid,3,12,1791411645.3579648,2770891,worker_0,W001,Smooth,pattern_group,running,100.0,1,1
ExampleImagingFlowCytometryObjectsInGrid,3,12,1791411645.3581321,2770891,worker_0,W001,Smooth,step_completed,success,22.22222222222222,6,27
ExampleImagingFlowCytometryObjectsInGrid,3,12,1791411645.3588762,2770891,worker_0,W001,EnhanceEdges,step_started,started,22.22222222222222,6,27
ExampleImagingFlowCytometryObjectsInGrid,3,12,1791411645.3975887,2770891,worker_0,W001,EnhanceEdges,pattern_group,running,100.0,1,1
ExampleImagingFlowCytometryObjectsInGrid,3,12,1791411645.3977857,2770891,worker_0,W001,EnhanceEdges,step_completed,success,25.925925925925924,7,27
ExampleImagingFlowCytometryObjectsInGrid,3,12,1791411645.3985674,2770891,worker_0,W001,Closing,step_started,started,25.925925925925924,7,27
ExampleImagingFlowCytometryObjectsInGrid,3,12,1791411645.4207122,2770893,worker_1,W002,Smooth,pattern_group,running,100.0,1,1
ExampleImagingFlowCytometryObjectsInGrid,3,12,1791411645.4208524,2770893,worker_1,W002,Smooth,step_completed,success,22.22222222222222,6,27
ExampleImagingFlowCytometryObjectsInGrid,3,12,1791411645.421551,2770893,worker_1,W002,EnhanceEdges,step_started,started,22.22222222222222,6,27
ExampleImagingFlowCytometryObjectsInGrid,3,12,1791411645.4622061,2770893,worker_1,W002,EnhanceEdges,pattern_group,running,100.0,1,1
ExampleImagingFlowCytometryObjectsInGrid,3,12,1791411645.4624155,2770893,worker_1,W002,EnhanceEdges,step_completed,success,25.925925925925924,7,27
ExampleImagingFlowCytometryObjectsInGrid,3,12,1791411645.4632633,2770893,worker_1,W002,Closing,step_started,started,25.925925925925924,7,27
ExampleImagingFlowCytometryObjectsInGrid,3,12,1791411645.5021622,2770895,worker_2,W003,Smooth,pattern_group,running,100.0,1,1
ExampleImagingFlowCytometryObjectsInGrid,3,12,1791411645.5023391,2770895,worker_2,W003,Smooth,step_completed,success,22.22222222222222,6,27
ExampleImagingFlowCytometryObjectsInGrid,3,12,1791411645.5030382,2770895,worker_2,W003,EnhanceEdges,step_started,started,22.22222222222222,6,27
ExampleImagingFlowCytometryObjectsInGrid,3,12,1791411645.5436175,2770895,worker_2,W003,EnhanceEdges,pattern_group,running,100.0,1,1
ExampleImagingFlowCytometryObjectsInGrid,3,12,1791411645.5437825,2770895,worker_2,W003,EnhanceEdges,step_completed,success,25.925925925925924,7,27
ExampleImagingFlowCytometryObjectsInGrid,3,12,1791411645.5444822,2770895,worker_2,W003,Closing,step_started,started,25.925925925925924,7,27
ExampleImagingFlowCytometryObjectsInGrid,3,12,1791411646.1476033,2770891,worker_0,W001,Closing,pattern_group,running,100.0,1,1
ExampleImagingFlowCytometryObjectsInGrid,3,12,1791411646.1477525,2770891,worker_0,W001,Closing,step_completed,success,29.629629629629626,8,27
ExampleImagingFlowCytometryObjectsInGrid,3,12,1791411646.148451,2770891,worker_0,W001,IdentifyPrimaryObjects,step_started,started,29.629629629629626,8,27
ExampleImagingFlowCytometryObjectsInGrid,3,12,1791411646.2674487,2770893,worker_1,W002,Closing,pattern_group,running,100.0,1,1
ExampleImagingFlowCytometryObjectsInGrid,3,12,1791411646.267598,2770893,worker_1,W002,Closing,step_completed,success,29.629629629629626,8,27
ExampleImagingFlowCytometryObjectsInGrid,3,12,1791411646.268244,2770893,worker_1,W002,IdentifyPrimaryObjects,step_started,started,29.629629629629626,8,27
ExampleImagingFlowCytometryObjectsInGrid,3,12,1791411646.3698094,2770895,worker_2,W003,Closing,pattern_group,running,100.0,1,1
ExampleImagingFlowCytometryObjectsInGrid,3,12,1791411646.370111,2770895,worker_2,W003,Closing,step_completed,success,29.629629629629626,8,27
ExampleImagingFlowCytometryObjectsInGrid,3,12,1791411646.3710127,2770895,worker_2,W003,IdentifyPrimaryObjects,step_started,started,29.629629629629626,8,27
ExampleImagingFlowCytometryObjectsInGrid,3,12,1791411647.2524278,2770891,worker_0,W001,IdentifyPrimaryObjects,pattern_group,running,100.0,1,1
ExampleImagingFlowCytometryObjectsInGrid,3,12,1791411647.2531412,2770891,worker_0,W001,IdentifyPrimaryObjects,step_completed,success,33.33333333333333,9,27
ExampleImagingFlowCytometryObjectsInGrid,3,12,1791411647.254202,2770891,worker_0,W001,MeasureObjectSizeShape,step_started,started,33.33333333333333,9,27
ExampleImagingFlowCytometryObjectsInGrid,3,12,1791411647.3002214,2770893,worker_1,W002,IdentifyPrimaryObjects,pattern_group,running,100.0,1,1
ExampleImagingFlowCytometryObjectsInGrid,3,12,1791411647.3008409,2770893,worker_1,W002,IdentifyPrimaryObjects,step_completed,success,33.33333333333333,9,27
ExampleImagingFlowCytometryObjectsInGrid,3,12,1791411647.3017893,2770893,worker_1,W002,MeasureObjectSizeShape,step_started,started,33.33333333333333,9,27
ExampleImagingFlowCytometryObjectsInGrid,3,12,1791411647.3627117,2770895,worker_2,W003,IdentifyPrimaryObjects,pattern_group,running,100.0,1,1
ExampleImagingFlowCytometryObjectsInGrid,3,12,1791411647.363276,2770895,worker_2,W003,IdentifyPrimaryObjects,step_completed,success,33.33333333333333,9,27
ExampleImagingFlowCytometryObjectsInGrid,3,12,1791411647.364126,2770895,worker_2,W003,MeasureObjectSizeShape,step_started,started,33.33333333333333,9,27
ExampleImagingFlowCytometryObjectsInGrid,3,12,1791411647.4410152,2770891,worker_0,W001,MeasureObjectSizeShape,pattern_group,running,100.0,1,1
ExampleImagingFlowCytometryObjectsInGrid,3,12,1791411647.441784,2770891,worker_0,W001,MeasureObjectSizeShape,step_completed,success,37.03703703703704,10,27
ExampleImagingFlowCytometryObjectsInGrid,3,12,1791411647.4423866,2770891,worker_0,W001,FilterObjects,step_started,started,37.03703703703704,10,27
ExampleImagingFlowCytometryObjectsInGrid,3,12,1791411647.4803376,2770893,worker_1,W002,MeasureObjectSizeShape,pattern_group,running,100.0,1,1
ExampleImagingFlowCytometryObjectsInGrid,3,12,1791411647.4812295,2770893,worker_1,W002,MeasureObjectSizeShape,step_completed,success,37.03703703703704,10,27
ExampleImagingFlowCytometryObjectsInGrid,3,12,1791411647.48186,2770893,worker_1,W002,FilterObjects,step_started,started,37.03703703703704,10,27
ExampleImagingFlowCytometryObjectsInGrid,3,12,1791411647.5429294,2770895,worker_2,W003,MeasureObjectSizeShape,pattern_group,running,100.0,1,1
ExampleImagingFlowCytometryObjectsInGrid,3,12,1791411647.5436542,2770895,worker_2,W003,MeasureObjectSizeShape,step_completed,success,37.03703703703704,10,27
ExampleImagingFlowCytometryObjectsInGrid,3,12,1791411647.544221,2770895,worker_2,W003,FilterObjects,step_started,started,37.03703703703704,10,27
ExampleImagingFlowCytometryObjectsInGrid,3,12,1791411647.541097,2770891,worker_0,W001,FilterObjects,pattern_group,running,100.0,1,1
ExampleImagingFlowCytometryObjectsInGrid,3,12,1791411647.54174,2770891,worker_0,W001,FilterObjects,step_completed,success,40.74074074074074,11,27
ExampleImagingFlowCytometryObjectsInGrid,3,12,1791411647.5477555,2770891,worker_0,W001,MeasureObjectSizeShape,step_started,started,40.74074074074074,11,27
ExampleImagingFlowCytometryObjectsInGrid,3,12,1791411647.5863879,2770893,worker_1,W002,FilterObjects,pattern_group,running,100.0,1,1
ExampleImagingFlowCytometryObjectsInGrid,3,12,1791411647.5869381,2770893,worker_1,W002,FilterObjects,step_completed,success,40.74074074074074,11,27
ExampleImagingFlowCytometryObjectsInGrid,3,12,1791411647.5924697,2770893,worker_1,W002,MeasureObjectSizeShape,step_started,started,40.74074074074074,11,27
ExampleImagingFlowCytometryObjectsInGrid,3,12,1791411647.6432242,2770895,worker_2,W003,FilterObjects,pattern_group,running,100.0,1,1
ExampleImagingFlowCytometryObjectsInGrid,3,12,1791411647.643732,2770895,worker_2,W003,FilterObjects,step_completed,success,40.74074074074074,11,27
ExampleImagingFlowCytometryObjectsInGrid,3,12,1791411647.6483278,2770895,worker_2,W003,MeasureObjectSizeShape,step_started,started,40.74074074074074,11,27
ExampleImagingFlowCytometryObjectsInGrid,3,12,1791411647.7225907,2770891,worker_0,W001,MeasureObjectSizeShape,pattern_group,running,100.0,1,1
ExampleImagingFlowCytometryObjectsInGrid,3,12,1791411647.7233257,2770891,worker_0,W001,MeasureObjectSizeShape,step_completed,success,44.44444444444444,12,27
ExampleImagingFlowCytometryObjectsInGrid,3,12,1791411647.7239127,2770891,worker_0,W001,ExpandOrShrinkObjects,step_started,started,44.44444444444444,12,27
ExampleImagingFlowCytometryObjectsInGrid,3,12,1791411647.7580547,2770893,worker_1,W002,MeasureObjectSizeShape,pattern_group,running,100.0,1,1
ExampleImagingFlowCytometryObjectsInGrid,3,12,1791411647.7587492,2770893,worker_1,W002,MeasureObjectSizeShape,step_completed,success,44.44444444444444,12,27
ExampleImagingFlowCytometryObjectsInGrid,3,12,1791411647.7593374,2770893,worker_1,W002,ExpandOrShrinkObjects,step_started,started,44.44444444444444,12,27
ExampleImagingFlowCytometryObjectsInGrid,3,12,1791411647.8382394,2770895,worker_2,W003,MeasureObjectSizeShape,pattern_group,running,100.0,1,1
ExampleImagingFlowCytometryObjectsInGrid,3,12,1791411647.8392322,2770895,worker_2,W003,MeasureObjectSizeShape,step_completed,success,44.44444444444444,12,27
ExampleImagingFlowCytometryObjectsInGrid,3,12,1791411647.840003,2770895,worker_2,W003,ExpandOrShrinkObjects,step_started,started,44.44444444444444,12,27
ExampleImagingFlowCytometryObjectsInGrid,3,12,1791411647.903692,2770891,worker_0,W001,ExpandOrShrinkObjects,pattern_group,running,100.0,1,1
ExampleImagingFlowCytometryObjectsInGrid,3,12,1791411647.904411,2770891,worker_0,W001,ExpandOrShrinkObjects,step_completed,success,48.148148148148145,13,27
ExampleImagingFlowCytometryObjectsInGrid,3,12,1791411647.9053764,2770891,worker_0,W001,RelateObjects,step_started,started,48.148148148148145,13,27
ExampleImagingFlowCytometryObjectsInGrid,3,12,1791411647.9397933,2770893,worker_1,W002,ExpandOrShrinkObjects,pattern_group,running,100.0,1,1
ExampleImagingFlowCytometryObjectsInGrid,3,12,1791411647.9403868,2770893,worker_1,W002,ExpandOrShrinkObjects,step_completed,success,48.148148148148145,13,27
ExampleImagingFlowCytometryObjectsInGrid,3,12,1791411647.9414911,2770893,worker_1,W002,RelateObjects,step_started,started,48.148148148148145,13,27
ExampleImagingFlowCytometryObjectsInGrid,3,12,1791411647.976092,2770891,worker_0,W001,RelateObjects,pattern_group,running,100.0,1,1
ExampleImagingFlowCytometryObjectsInGrid,3,12,1791411647.976752,2770891,worker_0,W001,RelateObjects,step_completed,success,51.85185185185185,14,27
ExampleImagingFlowCytometryObjectsInGrid,3,12,1791411647.977547,2770891,worker_0,W001,FilterObjects,step_started,started,51.85185185185185,14,27
ExampleImagingFlowCytometryObjectsInGrid,3,12,1791411648.0038402,2770893,worker_1,W002,RelateObjects,pattern_group,running,100.0,1,1
ExampleImagingFlowCytometryObjectsInGrid,3,12,1791411648.004292,2770893,worker_1,W002,RelateObjects,step_completed,success,51.85185185185185,14,27
ExampleImagingFlowCytometryObjectsInGrid,3,12,1791411648.004958,2770893,worker_1,W002,FilterObjects,step_started,started,51.85185185185185,14,27
ExampleImagingFlowCytometryObjectsInGrid,3,12,1791411648.0132148,2770895,worker_2,W003,ExpandOrShrinkObjects,pattern_group,running,100.0,1,1
ExampleImagingFlowCytometryObjectsInGrid,3,12,1791411648.0142303,2770895,worker_2,W003,ExpandOrShrinkObjects,step_completed,success,48.148148148148145,13,27
ExampleImagingFlowCytometryObjectsInGrid,3,12,1791411648.0152507,2770895,worker_2,W003,RelateObjects,step_started,started,48.148148148148145,13,27
ExampleImagingFlowCytometryObjectsInGrid,3,12,1791411648.0851645,2770895,worker_2,W003,RelateObjects,pattern_group,running,100.0,1,1
ExampleImagingFlowCytometryObjectsInGrid,3,12,1791411648.0859077,2770895,worker_2,W003,RelateObjects,step_completed,success,51.85185185185185,14,27
ExampleImagingFlowCytometryObjectsInGrid,3,12,1791411648.0867164,2770895,worker_2,W003,FilterObjects,step_started,started,51.85185185185185,14,27
ExampleImagingFlowCytometryObjectsInGrid,3,12,1791411648.8621962,2770891,worker_0,W001,FilterObjects,pattern_group,running,100.0,1,1
ExampleImagingFlowCytometryObjectsInGrid,3,12,1791411648.8627193,2770891,worker_0,W001,FilterObjects,step_completed,success,55.55555555555556,15,27
ExampleImagingFlowCytometryObjectsInGrid,3,12,1791411648.8683617,2770891,worker_0,W001,IdentifyObjectsInGrid,step_started,started,55.55555555555556,15,27
ExampleImagingFlowCytometryObjectsInGrid,3,12,1791411648.8643594,2770893,worker_1,W002,FilterObjects,pattern_group,running,100.0,1,1
ExampleImagingFlowCytometryObjectsInGrid,3,12,1791411648.864877,2770893,worker_1,W002,FilterObjects,step_completed,success,55.55555555555556,15,27
ExampleImagingFlowCytometryObjectsInGrid,3,12,1791411648.8708715,2770893,worker_1,W002,IdentifyObjectsInGrid,step_started,started,55.55555555555556,15,27
ExampleImagingFlowCytometryObjectsInGrid,3,12,1791411648.9352028,2770895,worker_2,W003,FilterObjects,pattern_group,running,100.0,1,1
ExampleImagingFlowCytometryObjectsInGrid,3,12,1791411648.9359488,2770895,worker_2,W003,FilterObjects,step_completed,success,55.55555555555556,15,27
ExampleImagingFlowCytometryObjectsInGrid,3,12,1791411648.9434073,2770895,worker_2,W003,IdentifyObjectsInGrid,step_started,started,55.55555555555556,15,27
ExampleImagingFlowCytometryObjectsInGrid,3,12,1791411648.9634757,2770891,worker_0,W001,IdentifyObjectsInGrid,pattern_group,running,100.0,1,1
ExampleImagingFlowCytometryObjectsInGrid,3,12,1791411648.9641378,2770891,worker_0,W001,IdentifyObjectsInGrid,step_completed,success,59.25925925925925,16,27
ExampleImagingFlowCytometryObjectsInGrid,3,12,1791411648.9655755,2770891,worker_0,W001,ExpandOrShrinkObjects,step_started,started,59.25925925925925,16,27
ExampleImagingFlowCytometryObjectsInGrid,3,12,1791411648.9697242,2770893,worker_1,W002,IdentifyObjectsInGrid,pattern_group,running,100.0,1,1
ExampleImagingFlowCytometryObjectsInGrid,3,12,1791411648.9703078,2770893,worker_1,W002,IdentifyObjectsInGrid,step_completed,success,59.25925925925925,16,27
ExampleImagingFlowCytometryObjectsInGrid,3,12,1791411648.971285,2770893,worker_1,W002,ExpandOrShrinkObjects,step_started,started,59.25925925925925,16,27
ExampleImagingFlowCytometryObjectsInGrid,3,12,1791411649.033991,2770895,worker_2,W003,IdentifyObjectsInGrid,pattern_group,running,100.0,1,1
ExampleImagingFlowCytometryObjectsInGrid,3,12,1791411649.0344005,2770895,worker_2,W003,IdentifyObjectsInGrid,step_completed,success,59.25925925925925,16,27
ExampleImagingFlowCytometryObjectsInGrid,3,12,1791411649.0352106,2770895,worker_2,W003,ExpandOrShrinkObjects,step_started,started,59.25925925925925,16,27
ExampleImagingFlowCytometryObjectsInGrid,3,12,1791411649.3195403,2770893,worker_1,W002,ExpandOrShrinkObjects,pattern_group,running,100.0,1,1
ExampleImagingFlowCytometryObjectsInGrid,3,12,1791411649.3199463,2770893,worker_1,W002,ExpandOrShrinkObjects,step_completed,success,62.96296296296296,17,27
ExampleImagingFlowCytometryObjectsInGrid,3,12,1791411649.3205795,2770893,worker_1,W002,OverlayOutlines,step_started,started,62.96296296296296,17,27
ExampleImagingFlowCytometryObjectsInGrid,3,12,1791411649.3196507,2770891,worker_0,W001,ExpandOrShrinkObjects,pattern_group,running,100.0,1,1
ExampleImagingFlowCytometryObjectsInGrid,3,12,1791411649.320071,2770891,worker_0,W001,ExpandOrShrinkObjects,step_completed,success,62.96296296296296,17,27
ExampleImagingFlowCytometryObjectsInGrid,3,12,1791411649.3207397,2770891,worker_0,W001,OverlayOutlines,step_started,started,62.96296296296296,17,27
ExampleImagingFlowCytometryObjectsInGrid,3,12,1791411649.386241,2770895,worker_2,W003,ExpandOrShrinkObjects,pattern_group,running,100.0,1,1
ExampleImagingFlowCytometryObjectsInGrid,3,12,1791411649.3866563,2770895,worker_2,W003,ExpandOrShrinkObjects,step_completed,success,62.96296296296296,17,27
ExampleImagingFlowCytometryObjectsInGrid,3,12,1791411649.3873155,2770895,worker_2,W003,OverlayOutlines,step_started,started,62.96296296296296,17,27
ExampleImagingFlowCytometryObjectsInGrid,3,12,1791411649.4847307,2770893,worker_1,W002,OverlayOutlines,pattern_group,running,100.0,1,1
ExampleImagingFlowCytometryObjectsInGrid,3,12,1791411649.4849153,2770893,worker_1,W002,OverlayOutlines,step_completed,success,66.66666666666666,18,27
ExampleImagingFlowCytometryObjectsInGrid,3,12,1791411649.485788,2770893,worker_1,W002,MeasureObjectSizeShape,step_started,started,66.66666666666666,18,27
ExampleImagingFlowCytometryObjectsInGrid,3,12,1791411649.485191,2770891,worker_0,W001,OverlayOutlines,pattern_group,running,100.0,1,1
ExampleImagingFlowCytometryObjectsInGrid,3,12,1791411649.485393,2770891,worker_0,W001,OverlayOutlines,step_completed,success,66.66666666666666,18,27
ExampleImagingFlowCytometryObjectsInGrid,3,12,1791411649.4863458,2770891,worker_0,W001,MeasureObjectSizeShape,step_started,started,66.66666666666666,18,27
ExampleImagingFlowCytometryObjectsInGrid,3,12,1791411649.5248704,2770895,worker_2,W003,OverlayOutlines,pattern_group,running,100.0,1,1
ExampleImagingFlowCytometryObjectsInGrid,3,12,1791411649.5250182,2770895,worker_2,W003,OverlayOutlines,step_completed,success,66.66666666666666,18,27
ExampleImagingFlowCytometryObjectsInGrid,3,12,1791411649.525853,2770895,worker_2,W003,MeasureObjectSizeShape,step_started,started,66.66666666666666,18,27
ExampleImagingFlowCytometryObjectsInGrid,3,12,1791411649.8047354,2770893,worker_1,W002,MeasureObjectSizeShape,pattern_group,running,100.0,1,1
ExampleImagingFlowCytometryObjectsInGrid,3,12,1791411649.8059838,2770893,worker_1,W002,MeasureObjectSizeShape,step_completed,success,70.37037037037037,19,27
ExampleImagingFlowCytometryObjectsInGrid,3,12,1791411649.8066323,2770893,worker_1,W002,MeasureGranularity,step_started,started,70.37037037037037,19,27
ExampleImagingFlowCytometryObjectsInGrid,3,12,1791411649.8081806,2770891,worker_0,W001,MeasureObjectSizeShape,pattern_group,running,100.0,1,1
ExampleImagingFlowCytometryObjectsInGrid,3,12,1791411649.809445,2770891,worker_0,W001,MeasureObjectSizeShape,step_completed,success,70.37037037037037,19,27
ExampleImagingFlowCytometryObjectsInGrid,3,12,1791411649.8100772,2770891,worker_0,W001,MeasureGranularity,step_started,started,70.37037037037037,19,27
ExampleImagingFlowCytometryObjectsInGrid,3,12,1791411649.852745,2770895,worker_2,W003,MeasureObjectSizeShape,pattern_group,running,100.0,1,1
ExampleImagingFlowCytometryObjectsInGrid,3,12,1791411649.8545115,2770895,worker_2,W003,MeasureObjectSizeShape,step_completed,success,70.37037037037037,19,27
ExampleImagingFlowCytometryObjectsInGrid,3,12,1791411649.855771,2770895,worker_2,W003,MeasureGranularity,step_started,started,70.37037037037037,19,27
ExampleImagingFlowCytometryObjectsInGrid,3,12,1791411653.3685236,2770891,worker_0,W001,MeasureGranularity,pattern_group,running,100.0,1,1
ExampleImagingFlowCytometryObjectsInGrid,3,12,1791411653.3693566,2770891,worker_0,W001,MeasureGranularity,step_completed,success,74.07407407407408,20,27
ExampleImagingFlowCytometryObjectsInGrid,3,12,1791411653.3700337,2770891,worker_0,W001,MeasureTexture,step_started,started,74.07407407407408,20,27
ExampleImagingFlowCytometryObjectsInGrid,3,12,1791411653.5055368,2770895,worker_2,W003,MeasureGranularity,pattern_group,running,100.0,1,1
ExampleImagingFlowCytometryObjectsInGrid,3,12,1791411653.5063457,2770895,worker_2,W003,MeasureGranularity,step_completed,success,74.07407407407408,20,27
ExampleImagingFlowCytometryObjectsInGrid,3,12,1791411653.5069983,2770895,worker_2,W003,MeasureTexture,step_started,started,74.07407407407408,20,27
ExampleImagingFlowCytometryObjectsInGrid,3,12,1791411653.5135562,2770893,worker_1,W002,MeasureGranularity,pattern_group,running,100.0,1,1
ExampleImagingFlowCytometryObjectsInGrid,3,12,1791411653.514581,2770893,worker_1,W002,MeasureGranularity,step_completed,success,74.07407407407408,20,27
ExampleImagingFlowCytometryObjectsInGrid,3,12,1791411653.5153525,2770893,worker_1,W002,MeasureTexture,step_started,started,74.07407407407408,20,27
ExampleImagingFlowCytometryObjectsInGrid,3,12,1791411653.9598274,2770891,worker_0,W001,MeasureTexture,pattern_group,running,100.0,1,1
ExampleImagingFlowCytometryObjectsInGrid,3,12,1791411653.9612682,2770891,worker_0,W001,MeasureTexture,step_completed,success,77.77777777777779,21,27
ExampleImagingFlowCytometryObjectsInGrid,3,12,1791411653.9619424,2770891,worker_0,W001,MeasureTexture,step_started,started,77.77777777777779,21,27
ExampleImagingFlowCytometryObjectsInGrid,3,12,1791411654.0655656,2770895,worker_2,W003,MeasureTexture,pattern_group,running,100.0,1,1
ExampleImagingFlowCytometryObjectsInGrid,3,12,1791411654.0669987,2770895,worker_2,W003,MeasureTexture,step_completed,success,77.77777777777779,21,27
ExampleImagingFlowCytometryObjectsInGrid,3,12,1791411654.0677044,2770895,worker_2,W003,MeasureTexture,step_started,started,77.77777777777779,21,27
ExampleImagingFlowCytometryObjectsInGrid,3,12,1791411654.0770643,2770893,worker_1,W002,MeasureTexture,pattern_group,running,100.0,1,1
ExampleImagingFlowCytometryObjectsInGrid,3,12,1791411654.0786428,2770893,worker_1,W002,MeasureTexture,step_completed,success,77.77777777777779,21,27
ExampleImagingFlowCytometryObjectsInGrid,3,12,1791411654.0794647,2770893,worker_1,W002,MeasureTexture,step_started,started,77.77777777777779,21,27
ExampleImagingFlowCytometryObjectsInGrid,3,12,1791411654.2161636,2770891,worker_0,W001,MeasureTexture,pattern_group,running,100.0,1,1
ExampleImagingFlowCytometryObjectsInGrid,3,12,1791411654.2170365,2770891,worker_0,W001,MeasureTexture,step_completed,success,81.48148148148148,22,27
ExampleImagingFlowCytometryObjectsInGrid,3,12,1791411654.217714,2770891,worker_0,W001,MeasureObjectIntensity,step_started,started,81.48148148148148,22,27
ExampleImagingFlowCytometryObjectsInGrid,3,12,1791411654.3193097,2770895,worker_2,W003,MeasureTexture,pattern_group,running,100.0,1,1
ExampleImagingFlowCytometryObjectsInGrid,3,12,1791411654.3202221,2770895,worker_2,W003,MeasureTexture,step_completed,success,81.48148148148148,22,27
ExampleImagingFlowCytometryObjectsInGrid,3,12,1791411654.3209426,2770895,worker_2,W003,MeasureObjectIntensity,step_started,started,81.48148148148148,22,27
ExampleImagingFlowCytometryObjectsInGrid,3,12,1791411654.3348699,2770893,worker_1,W002,MeasureTexture,pattern_group,running,100.0,1,1
ExampleImagingFlowCytometryObjectsInGrid,3,12,1791411654.3359993,2770893,worker_1,W002,MeasureTexture,step_completed,success,81.48148148148148,22,27
ExampleImagingFlowCytometryObjectsInGrid,3,12,1791411654.336799,2770893,worker_1,W002,MeasureObjectIntensity,step_started,started,81.48148148148148,22,27
ExampleImagingFlowCytometryObjectsInGrid,3,12,1791411654.4842086,2770891,worker_0,W001,MeasureObjectIntensity,pattern_group,running,100.0,1,1
ExampleImagingFlowCytometryObjectsInGrid,3,12,1791411654.4856966,2770891,worker_0,W001,MeasureObjectIntensity,step_completed,success,85.18518518518519,23,27
ExampleImagingFlowCytometryObjectsInGrid,3,12,1791411654.4866495,2770891,worker_0,W001,MeasureObjectIntensity,step_started,started,85.18518518518519,23,27
ExampleImagingFlowCytometryObjectsInGrid,3,12,1791411654.575726,2770895,worker_2,W003,MeasureObjectIntensity,pattern_group,running,100.0,1,1
ExampleImagingFlowCytometryObjectsInGrid,3,12,1791411654.5769541,2770895,worker_2,W003,MeasureObjectIntensity,step_completed,success,85.18518518518519,23,27
ExampleImagingFlowCytometryObjectsInGrid,3,12,1791411654.5776372,2770895,worker_2,W003,MeasureObjectIntensity,step_started,started,85.18518518518519,23,27
ExampleImagingFlowCytometryObjectsInGrid,3,12,1791411654.596039,2770893,worker_1,W002,MeasureObjectIntensity,pattern_group,running,100.0,1,1
ExampleImagingFlowCytometryObjectsInGrid,3,12,1791411654.5973952,2770893,worker_1,W002,MeasureObjectIntensity,step_completed,success,85.18518518518519,23,27
ExampleImagingFlowCytometryObjectsInGrid,3,12,1791411654.59826,2770893,worker_1,W002,MeasureObjectIntensity,step_started,started,85.18518518518519,23,27
ExampleImagingFlowCytometryObjectsInGrid,3,12,1791411654.6900547,2770891,worker_0,W001,MeasureObjectIntensity,pattern_group,running,100.0,1,1
ExampleImagingFlowCytometryObjectsInGrid,3,12,1791411654.6908815,2770891,worker_0,W001,MeasureObjectIntensity,step_completed,success,88.88888888888889,24,27
ExampleImagingFlowCytometryObjectsInGrid,3,12,1791411654.6915894,2770891,worker_0,W001,MeasureObjectIntensityDistribution,step_started,started,88.88888888888889,24,27
ExampleImagingFlowCytometryObjectsInGrid,3,12,1791411654.7765663,2770895,worker_2,W003,MeasureObjectIntensity,pattern_group,running,100.0,1,1
ExampleImagingFlowCytometryObjectsInGrid,3,12,1791411654.7774217,2770895,worker_2,W003,MeasureObjectIntensity,step_completed,success,88.88888888888889,24,27
ExampleImagingFlowCytometryObjectsInGrid,3,12,1791411654.7781303,2770895,worker_2,W003,MeasureObjectIntensityDistribution,step_started,started,88.88888888888889,24,27
ExampleImagingFlowCytometryObjectsInGrid,3,12,1791411654.7989461,2770893,worker_1,W002,MeasureObjectIntensity,pattern_group,running,100.0,1,1
ExampleImagingFlowCytometryObjectsInGrid,3,12,1791411654.7998612,2770893,worker_1,W002,MeasureObjectIntensity,step_completed,success,88.88888888888889,24,27
ExampleImagingFlowCytometryObjectsInGrid,3,12,1791411654.8006349,2770893,worker_1,W002,MeasureObjectIntensityDistribution,step_started,started,88.88888888888889,24,27
ExampleImagingFlowCytometryObjectsInGrid,3,12,1791411655.3588111,2770895,worker_2,W003,MeasureObjectIntensityDistribution,pattern_group,running,100.0,1,1
ExampleImagingFlowCytometryObjectsInGrid,3,12,1791411655.3606951,2770895,worker_2,W003,MeasureObjectIntensityDistribution,step_completed,success,92.5925925925926,25,27
ExampleImagingFlowCytometryObjectsInGrid,3,12,1791411655.3618772,2770895,worker_2,W003,MeasureObjectIntensityDistribution,step_started,started,92.5925925925926,25,27
ExampleImagingFlowCytometryObjectsInGrid,3,12,1791411655.3647668,2770893,worker_1,W002,MeasureObjectIntensityDistribution,pattern_group,running,100.0,1,1
ExampleImagingFlowCytometryObjectsInGrid,3,12,1791411655.366694,2770893,worker_1,W002,MeasureObjectIntensityDistribution,step_completed,success,92.5925925925926,25,27
ExampleImagingFlowCytometryObjectsInGrid,3,12,1791411655.3677545,2770893,worker_1,W002,MeasureObjectIntensityDistribution,step_started,started,92.5925925925926,25,27
ExampleImagingFlowCytometryObjectsInGrid,3,12,1791411655.4023077,2770891,worker_0,W001,MeasureObjectIntensityDistribution,pattern_group,running,100.0,1,1
ExampleImagingFlowCytometryObjectsInGrid,3,12,1791411655.4041984,2770891,worker_0,W001,MeasureObjectIntensityDistribution,step_completed,success,92.5925925925926,25,27
ExampleImagingFlowCytometryObjectsInGrid,3,12,1791411655.4052188,2770891,worker_0,W001,MeasureObjectIntensityDistribution,step_started,started,92.5925925925926,25,27
ExampleImagingFlowCytometryObjectsInGrid,3,12,1791411656.0562208,2770893,worker_1,W002,MeasureObjectIntensityDistribution,pattern_group,running,100.0,1,1
ExampleImagingFlowCytometryObjectsInGrid,3,12,1791411656.0579176,2770893,worker_1,W002,MeasureObjectIntensityDistribution,step_completed,success,96.29629629629629,26,27
ExampleImagingFlowCytometryObjectsInGrid,3,12,1791411656.0599353,2770893,worker_1,W002,pipeline,axis_completed,success,96.29629629629629,26,27
ExampleImagingFlowCytometryObjectsInGrid,3,12,1791411656.0600016,2770893,worker_1,W005,pipeline,axis_started,started,0.0,0,27
ExampleImagingFlowCytometryObjectsInGrid,3,12,1791411656.0628598,2770893,worker_1,W005,DefineGrid,step_started,started,0.0,0,27
ExampleImagingFlowCytometryObjectsInGrid,3,12,1791411656.0657406,2770891,worker_0,W001,MeasureObjectIntensityDistribution,pattern_group,running,100.0,1,1
ExampleImagingFlowCytometryObjectsInGrid,3,12,1791411656.067417,2770891,worker_0,W001,MeasureObjectIntensityDistribution,step_completed,success,96.29629629629629,26,27
ExampleImagingFlowCytometryObjectsInGrid,3,12,1791411656.0694268,2770891,worker_0,W001,pipeline,axis_completed,success,96.29629629629629,26,27
ExampleImagingFlowCytometryObjectsInGrid,3,12,1791411656.069495,2770891,worker_0,W004,pipeline,axis_started,started,0.0,0,27
ExampleImagingFlowCytometryObjectsInGrid,3,12,1791411656.072256,2770891,worker_0,W004,DefineGrid,step_started,started,0.0,0,27
ExampleImagingFlowCytometryObjectsInGrid,3,12,1791411656.0939963,2770893,worker_1,W005,DefineGrid,pattern_group,running,100.0,1,1
ExampleImagingFlowCytometryObjectsInGrid,3,12,1791411656.0941842,2770893,worker_1,W005,DefineGrid,step_completed,success,3.7037037037037033,1,27
ExampleImagingFlowCytometryObjectsInGrid,3,12,1791411656.094761,2770893,worker_1,W005,IdentifyObjectsInGrid,step_started,started,3.7037037037037033,1,27
ExampleImagingFlowCytometryObjectsInGrid,3,12,1791411656.1042175,2770891,worker_0,W004,DefineGrid,pattern_group,running,100.0,1,1
ExampleImagingFlowCytometryObjectsInGrid,3,12,1791411656.104376,2770891,worker_0,W004,DefineGrid,step_completed,success,3.7037037037037033,1,27
ExampleImagingFlowCytometryObjectsInGrid,3,12,1791411656.1049004,2770891,worker_0,W004,IdentifyObjectsInGrid,step_started,started,3.7037037037037033,1,27
ExampleImagingFlowCytometryObjectsInGrid,3,12,1791411656.1046724,2770895,worker_2,W003,MeasureObjectIntensityDistribution,pattern_group,running,100.0,1,1
ExampleImagingFlowCytometryObjectsInGrid,3,12,1791411656.1065202,2770895,worker_2,W003,MeasureObjectIntensityDistribution,step_completed,success,96.29629629629629,26,27
ExampleImagingFlowCytometryObjectsInGrid,3,12,1791411656.1087878,2770895,worker_2,W003,pipeline,axis_completed,success,96.29629629629629,26,27
ExampleImagingFlowCytometryObjectsInGrid,3,12,1791411656.1088583,2770895,worker_2,W006,pipeline,axis_started,started,0.0,0,27
ExampleImagingFlowCytometryObjectsInGrid,3,12,1791411656.112509,2770895,worker_2,W006,DefineGrid,step_started,started,0.0,0,27
ExampleImagingFlowCytometryObjectsInGrid,3,12,1791411656.151339,2770895,worker_2,W006,DefineGrid,pattern_group,running,100.0,1,1
ExampleImagingFlowCytometryObjectsInGrid,3,12,1791411656.1514785,2770895,worker_2,W006,DefineGrid,step_completed,success,3.7037037037037033,1,27
ExampleImagingFlowCytometryObjectsInGrid,3,12,1791411656.1519861,2770895,worker_2,W006,IdentifyObjectsInGrid,step_started,started,3.7037037037037033,1,27
ExampleImagingFlowCytometryObjectsInGrid,3,12,1791411656.1807618,2770893,worker_1,W005,IdentifyObjectsInGrid,pattern_group,running,100.0,1,1
ExampleImagingFlowCytometryObjectsInGrid,3,12,1791411656.1812022,2770893,worker_1,W005,IdentifyObjectsInGrid,step_completed,success,7.4074074074074066,2,27
ExampleImagingFlowCytometryObjectsInGrid,3,12,1791411656.18183,2770893,worker_1,W005,MeasureObjectIntensity,step_started,started,7.4074074074074066,2,27
ExampleImagingFlowCytometryObjectsInGrid,3,12,1791411656.1927888,2770891,worker_0,W004,IdentifyObjectsInGrid,pattern_group,running,100.0,1,1
ExampleImagingFlowCytometryObjectsInGrid,3,12,1791411656.1935103,2770891,worker_0,W004,IdentifyObjectsInGrid,step_completed,success,7.4074074074074066,2,27
ExampleImagingFlowCytometryObjectsInGrid,3,12,1791411656.1941185,2770891,worker_0,W004,MeasureObjectIntensity,step_started,started,7.4074074074074066,2,27
ExampleImagingFlowCytometryObjectsInGrid,3,12,1791411656.2414932,2770895,worker_2,W006,IdentifyObjectsInGrid,pattern_group,running,100.0,1,1
ExampleImagingFlowCytometryObjectsInGrid,3,12,1791411656.2418668,2770895,worker_2,W006,IdentifyObjectsInGrid,step_completed,success,7.4074074074074066,2,27
ExampleImagingFlowCytometryObjectsInGrid,3,12,1791411656.2423782,2770895,worker_2,W006,MeasureObjectIntensity,step_started,started,7.4074074074074066,2,27
ExampleImagingFlowCytometryObjectsInGrid,3,12,1791411656.813425,2770893,worker_1,W005,MeasureObjectIntensity,pattern_group,running,100.0,1,1
ExampleImagingFlowCytometryObjectsInGrid,3,12,1791411656.814278,2770893,worker_1,W005,MeasureObjectIntensity,step_completed,success,11.11111111111111,3,27
ExampleImagingFlowCytometryObjectsInGrid,3,12,1791411656.8148487,2770893,worker_1,W005,FilterObjects,step_started,started,11.11111111111111,3,27
ExampleImagingFlowCytometryObjectsInGrid,3,12,1791411656.8350701,2770891,worker_0,W004,MeasureObjectIntensity,pattern_group,running,100.0,1,1
ExampleImagingFlowCytometryObjectsInGrid,3,12,1791411656.836327,2770891,worker_0,W004,MeasureObjectIntensity,step_completed,success,11.11111111111111,3,27
ExampleImagingFlowCytometryObjectsInGrid,3,12,1791411656.8369784,2770891,worker_0,W004,FilterObjects,step_started,started,11.11111111111111,3,27
ExampleImagingFlowCytometryObjectsInGrid,3,12,1791411656.8775926,2770895,worker_2,W006,MeasureObjectIntensity,pattern_group,running,100.0,1,1
ExampleImagingFlowCytometryObjectsInGrid,3,12,1791411656.878438,2770895,worker_2,W006,MeasureObjectIntensity,step_completed,success,11.11111111111111,3,27
ExampleImagingFlowCytometryObjectsInGrid,3,12,1791411656.8789823,2770895,worker_2,W006,FilterObjects,step_started,started,11.11111111111111,3,27
ExampleImagingFlowCytometryObjectsInGrid,3,12,1791411656.943133,2770893,worker_1,W005,FilterObjects,pattern_group,running,100.0,1,1
ExampleImagingFlowCytometryObjectsInGrid,3,12,1791411656.9438415,2770893,worker_1,W005,FilterObjects,step_completed,success,14.814814814814813,4,27
ExampleImagingFlowCytometryObjectsInGrid,3,12,1791411656.9447029,2770893,worker_1,W005,MaskImage,step_started,started,14.814814814814813,4,27
ExampleImagingFlowCytometryObjectsInGrid,3,12,1791411656.9638212,2770891,worker_0,W004,FilterObjects,pattern_group,running,100.0,1,1
ExampleImagingFlowCytometryObjectsInGrid,3,12,1791411656.964473,2770891,worker_0,W004,FilterObjects,step_completed,success,14.814814814814813,4,27
ExampleImagingFlowCytometryObjectsInGrid,3,12,1791411656.9651983,2770891,worker_0,W004,MaskImage,step_started,started,14.814814814814813,4,27
ExampleImagingFlowCytometryObjectsInGrid,3,12,1791411656.9702902,2770893,worker_1,W005,MaskImage,pattern_group,running,100.0,1,1
ExampleImagingFlowCytometryObjectsInGrid,3,12,1791411656.9704716,2770893,worker_1,W005,MaskImage,step_completed,success,18.51851851851852,5,27
ExampleImagingFlowCytometryObjectsInGrid,3,12,1791411656.971083,2770893,worker_1,W005,Smooth,step_started,started,18.51851851851852,5,27
ExampleImagingFlowCytometryObjectsInGrid,3,12,1791411656.9951813,2770891,worker_0,W004,MaskImage,pattern_group,running,100.0,1,1
ExampleImagingFlowCytometryObjectsInGrid,3,12,1791411656.995383,2770891,worker_0,W004,MaskImage,step_completed,success,18.51851851851852,5,27
ExampleImagingFlowCytometryObjectsInGrid,3,12,1791411656.9959836,2770891,worker_0,W004,Smooth,step_started,started,18.51851851851852,5,27
ExampleImagingFlowCytometryObjectsInGrid,3,12,1791411657.008641,2770895,worker_2,W006,FilterObjects,pattern_group,running,100.0,1,1
ExampleImagingFlowCytometryObjectsInGrid,3,12,1791411657.0093672,2770895,worker_2,W006,FilterObjects,step_completed,success,14.814814814814813,4,27
ExampleImagingFlowCytometryObjectsInGrid,3,12,1791411657.0101707,2770895,worker_2,W006,MaskImage,step_started,started,14.814814814814813,4,27
ExampleImagingFlowCytometryObjectsInGrid,3,12,1791411657.0379138,2770895,worker_2,W006,MaskImage,pattern_group,running,100.0,1,1
ExampleImagingFlowCytometryObjectsInGrid,3,12,1791411657.0380967,2770895,worker_2,W006,MaskImage,step_completed,success,18.51851851851852,5,27
ExampleImagingFlowCytometryObjectsInGrid,3,12,1791411657.0386488,2770895,worker_2,W006,Smooth,step_started,started,18.51851851851852,5,27
ExampleImagingFlowCytometryObjectsInGrid,3,12,1791411657.297861,2770893,worker_1,W005,Smooth,pattern_group,running,100.0,1,1
ExampleImagingFlowCytometryObjectsInGrid,3,12,1791411657.2980227,2770893,worker_1,W005,Smooth,step_completed,success,22.22222222222222,6,27
ExampleImagingFlowCytometryObjectsInGrid,3,12,1791411657.2986999,2770893,worker_1,W005,EnhanceEdges,step_started,started,22.22222222222222,6,27
ExampleImagingFlowCytometryObjectsInGrid,3,12,1791411657.3372445,2770893,worker_1,W005,EnhanceEdges,pattern_group,running,100.0,1,1
ExampleImagingFlowCytometryObjectsInGrid,3,12,1791411657.3374372,2770893,worker_1,W005,EnhanceEdges,step_completed,success,25.925925925925924,7,27
ExampleImagingFlowCytometryObjectsInGrid,3,12,1791411657.338166,2770893,worker_1,W005,Closing,step_started,started,25.925925925925924,7,27
ExampleImagingFlowCytometryObjectsInGrid,3,12,1791411657.4327939,2770895,worker_2,W006,Smooth,pattern_group,running,100.0,1,1
ExampleImagingFlowCytometryObjectsInGrid,3,12,1791411657.4329426,2770895,worker_2,W006,Smooth,step_completed,success,22.22222222222222,6,27
ExampleImagingFlowCytometryObjectsInGrid,3,12,1791411657.4336007,2770895,worker_2,W006,EnhanceEdges,step_started,started,22.22222222222222,6,27
ExampleImagingFlowCytometryObjectsInGrid,3,12,1791411657.4328446,2770891,worker_0,W004,Smooth,pattern_group,running,100.0,1,1
ExampleImagingFlowCytometryObjectsInGrid,3,12,1791411657.4329941,2770891,worker_0,W004,Smooth,step_completed,success,22.22222222222222,6,27
ExampleImagingFlowCytometryObjectsInGrid,3,12,1791411657.433687,2770891,worker_0,W004,EnhanceEdges,step_started,started,22.22222222222222,6,27
ExampleImagingFlowCytometryObjectsInGrid,3,12,1791411657.4745061,2770895,worker_2,W006,EnhanceEdges,pattern_group,running,100.0,1,1
ExampleImagingFlowCytometryObjectsInGrid,3,12,1791411657.4746706,2770895,worker_2,W006,EnhanceEdges,step_completed,success,25.925925925925924,7,27
ExampleImagingFlowCytometryObjectsInGrid,3,12,1791411657.4753733,2770895,worker_2,W006,Closing,step_started,started,25.925925925925924,7,27
ExampleImagingFlowCytometryObjectsInGrid,3,12,1791411657.4769168,2770891,worker_0,W004,EnhanceEdges,pattern_group,running,100.0,1,1
ExampleImagingFlowCytometryObjectsInGrid,3,12,1791411657.4771376,2770891,worker_0,W004,EnhanceEdges,step_completed,success,25.925925925925924,7,27
ExampleImagingFlowCytometryObjectsInGrid,3,12,1791411657.4779246,2770891,worker_0,W004,Closing,step_started,started,25.925925925925924,7,27
ExampleImagingFlowCytometryObjectsInGrid,3,12,1791411658.0888023,2770893,worker_1,W005,Closing,pattern_group,running,100.0,1,1
ExampleImagingFlowCytometryObjectsInGrid,3,12,1791411658.0890818,2770893,worker_1,W005,Closing,step_completed,success,29.629629629629626,8,27
ExampleImagingFlowCytometryObjectsInGrid,3,12,1791411658.0899591,2770893,worker_1,W005,IdentifyPrimaryObjects,step_started,started,29.629629629629626,8,27
ExampleImagingFlowCytometryObjectsInGrid,3,12,1791411658.1425948,2770895,worker_2,W006,Closing,pattern_group,running,100.0,1,1
ExampleImagingFlowCytometryObjectsInGrid,3,12,1791411658.1427658,2770895,worker_2,W006,Closing,step_completed,success,29.629629629629626,8,27
ExampleImagingFlowCytometryObjectsInGrid,3,12,1791411658.1434631,2770895,worker_2,W006,IdentifyPrimaryObjects,step_started,started,29.629629629629626,8,27
ExampleImagingFlowCytometryObjectsInGrid,3,12,1791411658.1455753,2770891,worker_0,W004,Closing,pattern_group,running,100.0,1,1
ExampleImagingFlowCytometryObjectsInGrid,3,12,1791411658.145797,2770891,worker_0,W004,Closing,step_completed,success,29.629629629629626,8,27
ExampleImagingFlowCytometryObjectsInGrid,3,12,1791411658.1465776,2770891,worker_0,W004,IdentifyPrimaryObjects,step_started,started,29.629629629629626,8,27
ExampleImagingFlowCytometryObjectsInGrid,3,12,1791411659.193985,2770895,worker_2,W006,IdentifyPrimaryObjects,pattern_group,running,100.0,1,1
ExampleImagingFlowCytometryObjectsInGrid,3,12,1791411659.1946306,2770895,worker_2,W006,IdentifyPrimaryObjects,step_completed,success,33.33333333333333,9,27
ExampleImagingFlowCytometryObjectsInGrid,3,12,1791411659.201574,2770895,worker_2,W006,MeasureObjectSizeShape,step_started,started,33.33333333333333,9,27
ExampleImagingFlowCytometryObjectsInGrid,3,12,1791411659.218119,2770893,worker_1,W005,IdentifyPrimaryObjects,pattern_group,running,100.0,1,1
ExampleImagingFlowCytometryObjectsInGrid,3,12,1791411659.2190328,2770893,worker_1,W005,IdentifyPrimaryObjects,step_completed,success,33.33333333333333,9,27
ExampleImagingFlowCytometryObjectsInGrid,3,12,1791411659.2267928,2770893,worker_1,W005,MeasureObjectSizeShape,step_started,started,33.33333333333333,9,27
ExampleImagingFlowCytometryObjectsInGrid,3,12,1791411659.2930777,2770891,worker_0,W004,IdentifyPrimaryObjects,pattern_group,running,100.0,1,1
ExampleImagingFlowCytometryObjectsInGrid,3,12,1791411659.293643,2770891,worker_0,W004,IdentifyPrimaryObjects,step_completed,success,33.33333333333333,9,27
ExampleImagingFlowCytometryObjectsInGrid,3,12,1791411659.299864,2770891,worker_0,W004,MeasureObjectSizeShape,step_started,started,33.33333333333333,9,27
ExampleImagingFlowCytometryObjectsInGrid,3,12,1791411659.372674,2770895,worker_2,W006,MeasureObjectSizeShape,pattern_group,running,100.0,1,1
ExampleImagingFlowCytometryObjectsInGrid,3,12,1791411659.3733454,2770895,worker_2,W006,MeasureObjectSizeShape,step_completed,success,37.03703703703704,10,27
ExampleImagingFlowCytometryObjectsInGrid,3,12,1791411659.3738966,2770895,worker_2,W006,FilterObjects,step_started,started,37.03703703703704,10,27
ExampleImagingFlowCytometryObjectsInGrid,3,12,1791411659.3985956,2770893,worker_1,W005,MeasureObjectSizeShape,pattern_group,running,100.0,1,1
ExampleImagingFlowCytometryObjectsInGrid,3,12,1791411659.3993826,2770893,worker_1,W005,MeasureObjectSizeShape,step_completed,success,37.03703703703704,10,27
ExampleImagingFlowCytometryObjectsInGrid,3,12,1791411659.3999925,2770893,worker_1,W005,FilterObjects,step_started,started,37.03703703703704,10,27
ExampleImagingFlowCytometryObjectsInGrid,3,12,1791411659.4689991,2770891,worker_0,W004,MeasureObjectSizeShape,pattern_group,running,100.0,1,1
ExampleImagingFlowCytometryObjectsInGrid,3,12,1791411659.4697115,2770891,worker_0,W004,MeasureObjectSizeShape,step_completed,success,37.03703703703704,10,27
ExampleImagingFlowCytometryObjectsInGrid,3,12,1791411659.4702945,2770891,worker_0,W004,FilterObjects,step_started,started,37.03703703703704,10,27
ExampleImagingFlowCytometryObjectsInGrid,3,12,1791411659.473897,2770895,worker_2,W006,FilterObjects,pattern_group,running,100.0,1,1
ExampleImagingFlowCytometryObjectsInGrid,3,12,1791411659.474496,2770895,worker_2,W006,FilterObjects,step_completed,success,40.74074074074074,11,27
ExampleImagingFlowCytometryObjectsInGrid,3,12,1791411659.475419,2770895,worker_2,W006,MeasureObjectSizeShape,step_started,started,40.74074074074074,11,27
ExampleImagingFlowCytometryObjectsInGrid,3,12,1791411659.507612,2770893,worker_1,W005,FilterObjects,pattern_group,running,100.0,1,1
ExampleImagingFlowCytometryObjectsInGrid,3,12,1791411659.508529,2770893,worker_1,W005,FilterObjects,step_completed,success,40.74074074074074,11,27
ExampleImagingFlowCytometryObjectsInGrid,3,12,1791411659.509541,2770893,worker_1,W005,MeasureObjectSizeShape,step_started,started,40.74074074074074,11,27
ExampleImagingFlowCytometryObjectsInGrid,3,12,1791411659.5673563,2770891,worker_0,W004,FilterObjects,pattern_group,running,100.0,1,1
ExampleImagingFlowCytometryObjectsInGrid,3,12,1791411659.5678468,2770891,worker_0,W004,FilterObjects,step_completed,success,40.74074074074074,11,27
ExampleImagingFlowCytometryObjectsInGrid,3,12,1791411659.5685902,2770891,worker_0,W004,MeasureObjectSizeShape,step_started,started,40.74074074074074,11,27
ExampleImagingFlowCytometryObjectsInGrid,3,12,1791411659.6560094,2770895,worker_2,W006,MeasureObjectSizeShape,pattern_group,running,100.0,1,1
ExampleImagingFlowCytometryObjectsInGrid,3,12,1791411659.656785,2770895,worker_2,W006,MeasureObjectSizeShape,step_completed,success,44.44444444444444,12,27
ExampleImagingFlowCytometryObjectsInGrid,3,12,1791411659.657393,2770895,worker_2,W006,ExpandOrShrinkObjects,step_started,started,44.44444444444444,12,27
ExampleImagingFlowCytometryObjectsInGrid,3,12,1791411659.6918283,2770893,worker_1,W005,MeasureObjectSizeShape,pattern_group,running,100.0,1,1
ExampleImagingFlowCytometryObjectsInGrid,3,12,1791411659.692696,2770893,worker_1,W005,MeasureObjectSizeShape,step_completed,success,44.44444444444444,12,27
ExampleImagingFlowCytometryObjectsInGrid,3,12,1791411659.6934528,2770893,worker_1,W005,ExpandOrShrinkObjects,step_started,started,44.44444444444444,12,27
ExampleImagingFlowCytometryObjectsInGrid,3,12,1791411659.7547486,2770891,worker_0,W004,MeasureObjectSizeShape,pattern_group,running,100.0,1,1
ExampleImagingFlowCytometryObjectsInGrid,3,12,1791411659.7556388,2770891,worker_0,W004,MeasureObjectSizeShape,step_completed,success,44.44444444444444,12,27
ExampleImagingFlowCytometryObjectsInGrid,3,12,1791411659.7563164,2770891,worker_0,W004,ExpandOrShrinkObjects,step_started,started,44.44444444444444,12,27
ExampleImagingFlowCytometryObjectsInGrid,3,12,1791411659.8369913,2770895,worker_2,W006,ExpandOrShrinkObjects,pattern_group,running,100.0,1,1
ExampleImagingFlowCytometryObjectsInGrid,3,12,1791411659.8375027,2770895,worker_2,W006,ExpandOrShrinkObjects,step_completed,success,48.148148148148145,13,27
ExampleImagingFlowCytometryObjectsInGrid,3,12,1791411659.8383195,2770895,worker_2,W006,RelateObjects,step_started,started,48.148148148148145,13,27
ExampleImagingFlowCytometryObjectsInGrid,3,12,1791411659.8894975,2770893,worker_1,W005,ExpandOrShrinkObjects,pattern_group,running,100.0,1,1
ExampleImagingFlowCytometryObjectsInGrid,3,12,1791411659.8901637,2770893,worker_1,W005,ExpandOrShrinkObjects,step_completed,success,48.148148148148145,13,27
ExampleImagingFlowCytometryObjectsInGrid,3,12,1791411659.891173,2770893,worker_1,W005,RelateObjects,step_started,started,48.148148148148145,13,27
ExampleImagingFlowCytometryObjectsInGrid,3,12,1791411659.910446,2770895,worker_2,W006,RelateObjects,pattern_group,running,100.0,1,1
ExampleImagingFlowCytometryObjectsInGrid,3,12,1791411659.91103,2770895,worker_2,W006,RelateObjects,step_completed,success,51.85185185185185,14,27
ExampleImagingFlowCytometryObjectsInGrid,3,12,1791411659.9117627,2770895,worker_2,W006,FilterObjects,step_started,started,51.85185185185185,14,27
ExampleImagingFlowCytometryObjectsInGrid,3,12,1791411659.9565275,2770893,worker_1,W005,RelateObjects,pattern_group,running,100.0,1,1
ExampleImagingFlowCytometryObjectsInGrid,3,12,1791411659.9569817,2770893,worker_1,W005,RelateObjects,step_completed,success,51.85185185185185,14,27
ExampleImagingFlowCytometryObjectsInGrid,3,12,1791411659.9576037,2770893,worker_1,W005,FilterObjects,step_started,started,51.85185185185185,14,27
ExampleImagingFlowCytometryObjectsInGrid,3,12,1791411659.9738116,2770891,worker_0,W004,ExpandOrShrinkObjects,pattern_group,running,100.0,1,1
ExampleImagingFlowCytometryObjectsInGrid,3,12,1791411659.9742296,2770891,worker_0,W004,ExpandOrShrinkObjects,step_completed,success,48.148148148148145,13,27
ExampleImagingFlowCytometryObjectsInGrid,3,12,1791411659.9749904,2770891,worker_0,W004,RelateObjects,step_started,started,48.148148148148145,13,27
ExampleImagingFlowCytometryObjectsInGrid,3,12,1791411660.0532882,2770891,worker_0,W004,RelateObjects,pattern_group,running,100.0,1,1
ExampleImagingFlowCytometryObjectsInGrid,3,12,1791411660.0539625,2770891,worker_0,W004,RelateObjects,step_completed,success,51.85185185185185,14,27
ExampleImagingFlowCytometryObjectsInGrid,3,12,1791411660.0547931,2770891,worker_0,W004,FilterObjects,step_started,started,51.85185185185185,14,27
ExampleImagingFlowCytometryObjectsInGrid,3,12,1791411660.7550588,2770895,worker_2,W006,FilterObjects,pattern_group,running,100.0,1,1
ExampleImagingFlowCytometryObjectsInGrid,3,12,1791411660.7556524,2770895,worker_2,W006,FilterObjects,step_completed,success,55.55555555555556,15,27
ExampleImagingFlowCytometryObjectsInGrid,3,12,1791411660.7566073,2770895,worker_2,W006,IdentifyObjectsInGrid,step_started,started,55.55555555555556,15,27
ExampleImagingFlowCytometryObjectsInGrid,3,12,1791411660.8542335,2770895,worker_2,W006,IdentifyObjectsInGrid,pattern_group,running,100.0,1,1
ExampleImagingFlowCytometryObjectsInGrid,3,12,1791411660.8546627,2770895,worker_2,W006,IdentifyObjectsInGrid,step_completed,success,59.25925925925925,16,27
ExampleImagingFlowCytometryObjectsInGrid,3,12,1791411660.8598814,2770895,worker_2,W006,ExpandOrShrinkObjects,step_started,started,59.25925925925925,16,27
ExampleImagingFlowCytometryObjectsInGrid,3,12,1791411660.8765,2770893,worker_1,W005,FilterObjects,pattern_group,running,100.0,1,1
ExampleImagingFlowCytometryObjectsInGrid,3,12,1791411660.8771095,2770893,worker_1,W005,FilterObjects,step_completed,success,55.55555555555556,15,27
ExampleImagingFlowCytometryObjectsInGrid,3,12,1791411660.8785493,2770893,worker_1,W005,IdentifyObjectsInGrid,step_started,started,55.55555555555556,15,27
ExampleImagingFlowCytometryObjectsInGrid,3,12,1791411660.95411,2770893,worker_1,W005,IdentifyObjectsInGrid,pattern_group,running,100.0,1,1
ExampleImagingFlowCytometryObjectsInGrid,3,12,1791411660.9545934,2770893,worker_1,W005,IdentifyObjectsInGrid,step_completed,success,59.25925925925925,16,27
ExampleImagingFlowCytometryObjectsInGrid,3,12,1791411660.961479,2770893,worker_1,W005,ExpandOrShrinkObjects,step_started,started,59.25925925925925,16,27
ExampleImagingFlowCytometryObjectsInGrid,3,12,1791411660.9790275,2770891,worker_0,W004,FilterObjects,pattern_group,running,100.0,1,1
ExampleImagingFlowCytometryObjectsInGrid,3,12,1791411660.9797142,2770891,worker_0,W004,FilterObjects,step_completed,success,55.55555555555556,15,27
ExampleImagingFlowCytometryObjectsInGrid,3,12,1791411660.98082,2770891,worker_0,W004,IdentifyObjectsInGrid,step_started,started,55.55555555555556,15,27
ExampleImagingFlowCytometryObjectsInGrid,3,12,1791411661.0549686,2770891,worker_0,W004,IdentifyObjectsInGrid,pattern_group,running,100.0,1,1
ExampleImagingFlowCytometryObjectsInGrid,3,12,1791411661.0553727,2770891,worker_0,W004,IdentifyObjectsInGrid,step_completed,success,59.25925925925925,16,27
ExampleImagingFlowCytometryObjectsInGrid,3,12,1791411661.0605083,2770891,worker_0,W004,ExpandOrShrinkObjects,step_started,started,59.25925925925925,16,27
ExampleImagingFlowCytometryObjectsInGrid,3,12,1791411661.367702,2770895,worker_2,W006,ExpandOrShrinkObjects,pattern_group,running,100.0,1,1
ExampleImagingFlowCytometryObjectsInGrid,3,12,1791411661.3681624,2770895,worker_2,W006,ExpandOrShrinkObjects,step_completed,success,62.96296296296296,17,27
ExampleImagingFlowCytometryObjectsInGrid,3,12,1791411661.368833,2770895,worker_2,W006,OverlayOutlines,step_started,started,62.96296296296296,17,27
ExampleImagingFlowCytometryObjectsInGrid,3,12,1791411661.4599211,2770893,worker_1,W005,ExpandOrShrinkObjects,pattern_group,running,100.0,1,1
ExampleImagingFlowCytometryObjectsInGrid,3,12,1791411661.46035,2770893,worker_1,W005,ExpandOrShrinkObjects,step_completed,success,62.96296296296296,17,27
ExampleImagingFlowCytometryObjectsInGrid,3,12,1791411661.4609797,2770893,worker_1,W005,OverlayOutlines,step_started,started,62.96296296296296,17,27
ExampleImagingFlowCytometryObjectsInGrid,3,12,1791411661.5107934,2770891,worker_0,W004,ExpandOrShrinkObjects,pattern_group,running,100.0,1,1
ExampleImagingFlowCytometryObjectsInGrid,3,12,1791411661.5112479,2770891,worker_0,W004,ExpandOrShrinkObjects,step_completed,success,62.96296296296296,17,27
ExampleImagingFlowCytometryObjectsInGrid,3,12,1791411661.5119522,2770891,worker_0,W004,OverlayOutlines,step_started,started,62.96296296296296,17,27
ExampleImagingFlowCytometryObjectsInGrid,3,12,1791411661.6473863,2770895,worker_2,W006,OverlayOutlines,pattern_group,running,100.0,1,1
ExampleImagingFlowCytometryObjectsInGrid,3,12,1791411661.647598,2770895,worker_2,W006,OverlayOutlines,step_completed,success,66.66666666666666,18,27
ExampleImagingFlowCytometryObjectsInGrid,3,12,1791411661.6547418,2770895,worker_2,W006,MeasureObjectSizeShape,step_started,started,66.66666666666666,18,27
ExampleImagingFlowCytometryObjectsInGrid,3,12,1791411661.7001598,2770893,worker_1,W005,OverlayOutlines,pattern_group,running,100.0,1,1
ExampleImagingFlowCytometryObjectsInGrid,3,12,1791411661.7003298,2770893,worker_1,W005,OverlayOutlines,step_completed,success,66.66666666666666,18,27
ExampleImagingFlowCytometryObjectsInGrid,3,12,1791411661.706564,2770893,worker_1,W005,MeasureObjectSizeShape,step_started,started,66.66666666666666,18,27
ExampleImagingFlowCytometryObjectsInGrid,3,12,1791411661.7806833,2770891,worker_0,W004,OverlayOutlines,pattern_group,running,100.0,1,1
ExampleImagingFlowCytometryObjectsInGrid,3,12,1791411661.7808363,2770891,worker_0,W004,OverlayOutlines,step_completed,success,66.66666666666666,18,27
ExampleImagingFlowCytometryObjectsInGrid,3,12,1791411661.7865858,2770891,worker_0,W004,MeasureObjectSizeShape,step_started,started,66.66666666666666,18,27
ExampleImagingFlowCytometryObjectsInGrid,3,12,1791411661.968877,2770895,worker_2,W006,MeasureObjectSizeShape,pattern_group,running,100.0,1,1
ExampleImagingFlowCytometryObjectsInGrid,3,12,1791411661.9700613,2770895,worker_2,W006,MeasureObjectSizeShape,step_completed,success,70.37037037037037,19,27
ExampleImagingFlowCytometryObjectsInGrid,3,12,1791411661.9707882,2770895,worker_2,W006,MeasureGranularity,step_started,started,70.37037037037037,19,27
ExampleImagingFlowCytometryObjectsInGrid,3,12,1791411662.02015,2770893,worker_1,W005,MeasureObjectSizeShape,pattern_group,running,100.0,1,1
ExampleImagingFlowCytometryObjectsInGrid,3,12,1791411662.0214052,2770893,worker_1,W005,MeasureObjectSizeShape,step_completed,success,70.37037037037037,19,27
ExampleImagingFlowCytometryObjectsInGrid,3,12,1791411662.0220685,2770893,worker_1,W005,MeasureGranularity,step_started,started,70.37037037037037,19,27
ExampleImagingFlowCytometryObjectsInGrid,3,12,1791411662.1088746,2770891,worker_0,W004,MeasureObjectSizeShape,pattern_group,running,100.0,1,1
ExampleImagingFlowCytometryObjectsInGrid,3,12,1791411662.1103218,2770891,worker_0,W004,MeasureObjectSizeShape,step_completed,success,70.37037037037037,19,27
ExampleImagingFlowCytometryObjectsInGrid,3,12,1791411662.111012,2770891,worker_0,W004,MeasureGranularity,step_started,started,70.37037037037037,19,27
ExampleImagingFlowCytometryObjectsInGrid,3,12,1791411662.5856922,2770895,worker_2,W006,MeasureGranularity,pattern_group,running,100.0,1,1
ExampleImagingFlowCytometryObjectsInGrid,3,12,1791411662.5865152,2770895,worker_2,W006,MeasureGranularity,step_completed,success,74.07407407407408,20,27
ExampleImagingFlowCytometryObjectsInGrid,3,12,1791411662.5871804,2770895,worker_2,W006,MeasureTexture,step_started,started,74.07407407407408,20,27
ExampleImagingFlowCytometryObjectsInGrid,3,12,1791411662.6079087,2770893,worker_1,W005,MeasureGranularity,pattern_group,running,100.0,1,1
ExampleImagingFlowCytometryObjectsInGrid,3,12,1791411662.6087525,2770893,worker_1,W005,MeasureGranularity,step_completed,success,74.07407407407408,20,27
ExampleImagingFlowCytometryObjectsInGrid,3,12,1791411662.6094773,2770893,worker_1,W005,MeasureTexture,step_started,started,74.07407407407408,20,27
ExampleImagingFlowCytometryObjectsInGrid,3,12,1791411662.7038088,2770891,worker_0,W004,MeasureGranularity,pattern_group,running,100.0,1,1
ExampleImagingFlowCytometryObjectsInGrid,3,12,1791411662.704524,2770891,worker_0,W004,MeasureGranularity,step_completed,success,74.07407407407408,20,27
ExampleImagingFlowCytometryObjectsInGrid,3,12,1791411662.70516,2770891,worker_0,W004,MeasureTexture,step_started,started,74.07407407407408,20,27
ExampleImagingFlowCytometryObjectsInGrid,3,12,1791411663.1438909,2770895,worker_2,W006,MeasureTexture,pattern_group,running,100.0,1,1
ExampleImagingFlowCytometryObjectsInGrid,3,12,1791411663.1461112,2770895,worker_2,W006,MeasureTexture,step_completed,success,77.77777777777779,21,27
ExampleImagingFlowCytometryObjectsInGrid,3,12,1791411663.146787,2770895,worker_2,W006,MeasureTexture,step_started,started,77.77777777777779,21,27
ExampleImagingFlowCytometryObjectsInGrid,3,12,1791411663.1621397,2770893,worker_1,W005,MeasureTexture,pattern_group,running,100.0,1,1
ExampleImagingFlowCytometryObjectsInGrid,3,12,1791411663.16413,2770893,worker_1,W005,MeasureTexture,step_completed,success,77.77777777777779,21,27
ExampleImagingFlowCytometryObjectsInGrid,3,12,1791411663.1649244,2770893,worker_1,W005,MeasureTexture,step_started,started,77.77777777777779,21,27
ExampleImagingFlowCytometryObjectsInGrid,3,12,1791411663.2503128,2770891,worker_0,W004,MeasureTexture,pattern_group,running,100.0,1,1
ExampleImagingFlowCytometryObjectsInGrid,3,12,1791411663.25173,2770891,worker_0,W004,MeasureTexture,step_completed,success,77.77777777777779,21,27
ExampleImagingFlowCytometryObjectsInGrid,3,12,1791411663.2523992,2770891,worker_0,W004,MeasureTexture,step_started,started,77.77777777777779,21,27
ExampleImagingFlowCytometryObjectsInGrid,3,12,1791411663.404607,2770895,worker_2,W006,MeasureTexture,pattern_group,running,100.0,1,1
ExampleImagingFlowCytometryObjectsInGrid,3,12,1791411663.4056275,2770895,worker_2,W006,MeasureTexture,step_completed,success,81.48148148148148,22,27
ExampleImagingFlowCytometryObjectsInGrid,3,12,1791411663.4063096,2770895,worker_2,W006,MeasureObjectIntensity,step_started,started,81.48148148148148,22,27
ExampleImagingFlowCytometryObjectsInGrid,3,12,1791411663.4108455,2770893,worker_1,W005,MeasureTexture,pattern_group,running,100.0,1,1
ExampleImagingFlowCytometryObjectsInGrid,3,12,1791411663.4117646,2770893,worker_1,W005,MeasureTexture,step_completed,success,81.48148148148148,22,27
ExampleImagingFlowCytometryObjectsInGrid,3,12,1791411663.4125133,2770893,worker_1,W005,MeasureObjectIntensity,step_started,started,81.48148148148148,22,27
ExampleImagingFlowCytometryObjectsInGrid,3,12,1791411663.521408,2770891,worker_0,W004,MeasureTexture,pattern_group,running,100.0,1,1
ExampleImagingFlowCytometryObjectsInGrid,3,12,1791411663.5223203,2770891,worker_0,W004,MeasureTexture,step_completed,success,81.48148148148148,22,27
ExampleImagingFlowCytometryObjectsInGrid,3,12,1791411663.5230231,2770891,worker_0,W004,MeasureObjectIntensity,step_started,started,81.48148148148148,22,27
ExampleImagingFlowCytometryObjectsInGrid,3,12,1791411663.6633503,2770895,worker_2,W006,MeasureObjectIntensity,pattern_group,running,100.0,1,1
ExampleImagingFlowCytometryObjectsInGrid,3,12,1791411663.6645386,2770895,worker_2,W006,MeasureObjectIntensity,step_completed,success,85.18518518518519,23,27
ExampleImagingFlowCytometryObjectsInGrid,3,12,1791411663.6652014,2770895,worker_2,W006,MeasureObjectIntensity,step_started,started,85.18518518518519,23,27
ExampleImagingFlowCytometryObjectsInGrid,3,12,1791411663.6702666,2770893,worker_1,W005,MeasureObjectIntensity,pattern_group,running,100.0,1,1
ExampleImagingFlowCytometryObjectsInGrid,3,12,1791411663.671706,2770893,worker_1,W005,MeasureObjectIntensity,step_completed,success,85.18518518518519,23,27
ExampleImagingFlowCytometryObjectsInGrid,3,12,1791411663.6725442,2770893,worker_1,W005,MeasureObjectIntensity,step_started,started,85.18518518518519,23,27
ExampleImagingFlowCytometryObjectsInGrid,3,12,1791411663.7839024,2770891,worker_0,W004,MeasureObjectIntensity,pattern_group,running,100.0,1,1
ExampleImagingFlowCytometryObjectsInGrid,3,12,1791411663.7852342,2770891,worker_0,W004,MeasureObjectIntensity,step_completed,success,85.18518518518519,23,27
ExampleImagingFlowCytometryObjectsInGrid,3,12,1791411663.7859507,2770891,worker_0,W004,MeasureObjectIntensity,step_started,started,85.18518518518519,23,27
ExampleImagingFlowCytometryObjectsInGrid,3,12,1791411663.8665905,2770895,worker_2,W006,MeasureObjectIntensity,pattern_group,running,100.0,1,1
ExampleImagingFlowCytometryObjectsInGrid,3,12,1791411663.867364,2770895,worker_2,W006,MeasureObjectIntensity,step_completed,success,88.88888888888889,24,27
ExampleImagingFlowCytometryObjectsInGrid,3,12,1791411663.868026,2770895,worker_2,W006,MeasureObjectIntensityDistribution,step_started,started,88.88888888888889,24,27
ExampleImagingFlowCytometryObjectsInGrid,3,12,1791411663.8714366,2770893,worker_1,W005,MeasureObjectIntensity,pattern_group,running,100.0,1,1
ExampleImagingFlowCytometryObjectsInGrid,3,12,1791411663.8722482,2770893,worker_1,W005,MeasureObjectIntensity,step_completed,success,88.88888888888889,24,27
ExampleImagingFlowCytometryObjectsInGrid,3,12,1791411663.8729289,2770893,worker_1,W005,MeasureObjectIntensityDistribution,step_started,started,88.88888888888889,24,27
ExampleImagingFlowCytometryObjectsInGrid,3,12,1791411663.991262,2770891,worker_0,W004,MeasureObjectIntensity,pattern_group,running,100.0,1,1
ExampleImagingFlowCytometryObjectsInGrid,3,12,1791411663.9920883,2770891,worker_0,W004,MeasureObjectIntensity,step_completed,success,88.88888888888889,24,27
ExampleImagingFlowCytometryObjectsInGrid,3,12,1791411663.9927657,2770891,worker_0,W004,MeasureObjectIntensityDistribution,step_started,started,88.88888888888889,24,27
ExampleImagingFlowCytometryObjectsInGrid,3,12,1791411664.1955729,2770895,worker_2,W006,MeasureObjectIntensityDistribution,pattern_group,running,100.0,1,1
ExampleImagingFlowCytometryObjectsInGrid,3,12,1791411664.1976895,2770895,worker_2,W006,MeasureObjectIntensityDistribution,step_completed,success,92.5925925925926,25,27
ExampleImagingFlowCytometryObjectsInGrid,3,12,1791411664.198718,2770895,worker_2,W006,MeasureObjectIntensityDistribution,step_started,started,92.5925925925926,25,27
ExampleImagingFlowCytometryObjectsInGrid,3,12,1791411664.2033558,2770893,worker_1,W005,MeasureObjectIntensityDistribution,pattern_group,running,100.0,1,1
ExampleImagingFlowCytometryObjectsInGrid,3,12,1791411664.2053723,2770893,worker_1,W005,MeasureObjectIntensityDistribution,step_completed,success,92.5925925925926,25,27
ExampleImagingFlowCytometryObjectsInGrid,3,12,1791411664.2065318,2770893,worker_1,W005,MeasureObjectIntensityDistribution,step_started,started,92.5925925925926,25,27
ExampleImagingFlowCytometryObjectsInGrid,3,12,1791411664.3133395,2770891,worker_0,W004,MeasureObjectIntensityDistribution,pattern_group,running,100.0,1,1
ExampleImagingFlowCytometryObjectsInGrid,3,12,1791411664.315273,2770891,worker_0,W004,MeasureObjectIntensityDistribution,step_completed,success,92.5925925925926,25,27
ExampleImagingFlowCytometryObjectsInGrid,3,12,1791411664.316657,2770891,worker_0,W004,MeasureObjectIntensityDistribution,step_started,started,92.5925925925926,25,27
ExampleImagingFlowCytometryObjectsInGrid,3,12,1791411664.485189,2770895,worker_2,W006,MeasureObjectIntensityDistribution,pattern_group,running,100.0,1,1
ExampleImagingFlowCytometryObjectsInGrid,3,12,1791411664.4868848,2770895,worker_2,W006,MeasureObjectIntensityDistribution,step_completed,success,96.29629629629629,26,27
ExampleImagingFlowCytometryObjectsInGrid,3,12,1791411664.4885314,2770895,worker_2,W006,pipeline,axis_completed,success,96.29629629629629,26,27
ExampleImagingFlowCytometryObjectsInGrid,3,12,1791411664.4885929,2770895,worker_2,W009,pipeline,axis_started,started,0.0,0,27
ExampleImagingFlowCytometryObjectsInGrid,3,12,1791411664.4913912,2770895,worker_2,W009,DefineGrid,step_started,started,0.0,0,27
ExampleImagingFlowCytometryObjectsInGrid,3,12,1791411664.495557,2770893,worker_1,W005,MeasureObjectIntensityDistribution,pattern_group,running,100.0,1,1
ExampleImagingFlowCytometryObjectsInGrid,3,12,1791411664.4972117,2770893,worker_1,W005,MeasureObjectIntensityDistribution,step_completed,success,96.29629629629629,26,27
ExampleImagingFlowCytometryObjectsInGrid,3,12,1791411664.4990833,2770893,worker_1,W005,pipeline,axis_completed,success,96.29629629629629,26,27
ExampleImagingFlowCytometryObjectsInGrid,3,12,1791411664.499146,2770893,worker_1,W008,pipeline,axis_started,started,0.0,0,27
ExampleImagingFlowCytometryObjectsInGrid,3,12,1791411664.5019953,2770893,worker_1,W008,DefineGrid,step_started,started,0.0,0,27
ExampleImagingFlowCytometryObjectsInGrid,3,12,1791411664.522583,2770895,worker_2,W009,DefineGrid,pattern_group,running,100.0,1,1
ExampleImagingFlowCytometryObjectsInGrid,3,12,1791411664.522728,2770895,worker_2,W009,DefineGrid,step_completed,success,3.7037037037037033,1,27
ExampleImagingFlowCytometryObjectsInGrid,3,12,1791411664.5232425,2770895,worker_2,W009,IdentifyObjectsInGrid,step_started,started,3.7037037037037033,1,27
ExampleImagingFlowCytometryObjectsInGrid,3,12,1791411664.5347755,2770893,worker_1,W008,DefineGrid,pattern_group,running,100.0,1,1
ExampleImagingFlowCytometryObjectsInGrid,3,12,1791411664.5349574,2770893,worker_1,W008,DefineGrid,step_completed,success,3.7037037037037033,1,27
ExampleImagingFlowCytometryObjectsInGrid,3,12,1791411664.5355499,2770893,worker_1,W008,IdentifyObjectsInGrid,step_started,started,3.7037037037037033,1,27
ExampleImagingFlowCytometryObjectsInGrid,3,12,1791411664.6042178,2770895,worker_2,W009,IdentifyObjectsInGrid,pattern_group,running,100.0,1,1
ExampleImagingFlowCytometryObjectsInGrid,3,12,1791411664.6046178,2770895,worker_2,W009,IdentifyObjectsInGrid,step_completed,success,7.4074074074074066,2,27
ExampleImagingFlowCytometryObjectsInGrid,3,12,1791411664.6051357,2770895,worker_2,W009,MeasureObjectIntensity,step_started,started,7.4074074074074066,2,27
ExampleImagingFlowCytometryObjectsInGrid,3,12,1791411664.6150987,2770893,worker_1,W008,IdentifyObjectsInGrid,pattern_group,running,100.0,1,1
ExampleImagingFlowCytometryObjectsInGrid,3,12,1791411664.6156151,2770893,worker_1,W008,IdentifyObjectsInGrid,step_completed,success,7.4074074074074066,2,27
ExampleImagingFlowCytometryObjectsInGrid,3,12,1791411664.616243,2770893,worker_1,W008,MeasureObjectIntensity,step_started,started,7.4074074074074066,2,27
ExampleImagingFlowCytometryObjectsInGrid,3,12,1791411664.621178,2770891,worker_0,W004,MeasureObjectIntensityDistribution,pattern_group,running,100.0,1,1
ExampleImagingFlowCytometryObjectsInGrid,3,12,1791411664.6232047,2770891,worker_0,W004,MeasureObjectIntensityDistribution,step_completed,success,96.29629629629629,26,27
ExampleImagingFlowCytometryObjectsInGrid,3,12,1791411664.6262124,2770891,worker_0,W004,pipeline,axis_completed,success,96.29629629629629,26,27
ExampleImagingFlowCytometryObjectsInGrid,3,12,1791411664.626348,2770891,worker_0,W007,pipeline,axis_started,started,0.0,0,27
ExampleImagingFlowCytometryObjectsInGrid,3,12,1791411664.629451,2770891,worker_0,W007,DefineGrid,step_started,started,0.0,0,27
ExampleImagingFlowCytometryObjectsInGrid,3,12,1791411664.6622849,2770891,worker_0,W007,DefineGrid,pattern_group,running,100.0,1,1
ExampleImagingFlowCytometryObjectsInGrid,3,12,1791411664.6624253,2770891,worker_0,W007,DefineGrid,step_completed,success,3.7037037037037033,1,27
ExampleImagingFlowCytometryObjectsInGrid,3,12,1791411664.6629398,2770891,worker_0,W007,IdentifyObjectsInGrid,step_started,started,3.7037037037037033,1,27
ExampleImagingFlowCytometryObjectsInGrid,3,12,1791411664.7304394,2770891,worker_0,W007,IdentifyObjectsInGrid,pattern_group,running,100.0,1,1
ExampleImagingFlowCytometryObjectsInGrid,3,12,1791411664.7308128,2770891,worker_0,W007,IdentifyObjectsInGrid,step_completed,success,7.4074074074074066,2,27
ExampleImagingFlowCytometryObjectsInGrid,3,12,1791411664.7313254,2770891,worker_0,W007,MeasureObjectIntensity,step_started,started,7.4074074074074066,2,27
ExampleImagingFlowCytometryObjectsInGrid,3,12,1791411665.1335123,2770895,worker_2,W009,MeasureObjectIntensity,pattern_group,running,100.0,1,1
ExampleImagingFlowCytometryObjectsInGrid,3,12,1791411665.1344447,2770895,worker_2,W009,MeasureObjectIntensity,step_completed,success,11.11111111111111,3,27
ExampleImagingFlowCytometryObjectsInGrid,3,12,1791411665.1350513,2770895,worker_2,W009,FilterObjects,step_started,started,11.11111111111111,3,27
ExampleImagingFlowCytometryObjectsInGrid,3,12,1791411665.1792948,2770893,worker_1,W008,MeasureObjectIntensity,pattern_group,running,100.0,1,1
ExampleImagingFlowCytometryObjectsInGrid,3,12,1791411665.1801853,2770893,worker_1,W008,MeasureObjectIntensity,step_completed,success,11.11111111111111,3,27
ExampleImagingFlowCytometryObjectsInGrid,3,12,1791411665.1807723,2770893,worker_1,W008,FilterObjects,step_started,started,11.11111111111111,3,27
ExampleImagingFlowCytometryObjectsInGrid,3,12,1791411665.25984,2770895,worker_2,W009,FilterObjects,pattern_group,running,100.0,1,1
ExampleImagingFlowCytometryObjectsInGrid,3,12,1791411665.2604175,2770895,worker_2,W009,FilterObjects,step_completed,success,14.814814814814813,4,27
ExampleImagingFlowCytometryObjectsInGrid,3,12,1791411665.2611504,2770895,worker_2,W009,MaskImage,step_started,started,14.814814814814813,4,27
ExampleImagingFlowCytometryObjectsInGrid,3,12,1791411665.284138,2770895,worker_2,W009,MaskImage,pattern_group,running,100.0,1,1
ExampleImagingFlowCytometryObjectsInGrid,3,12,1791411665.2842946,2770895,worker_2,W009,MaskImage,step_completed,success,18.51851851851852,5,27
ExampleImagingFlowCytometryObjectsInGrid,3,12,1791411665.2848134,2770895,worker_2,W009,Smooth,step_started,started,18.51851851851852,5,27
ExampleImagingFlowCytometryObjectsInGrid,3,12,1791411665.3014345,2770893,worker_1,W008,FilterObjects,pattern_group,running,100.0,1,1
ExampleImagingFlowCytometryObjectsInGrid,3,12,1791411665.3024821,2770893,worker_1,W008,FilterObjects,step_completed,success,14.814814814814813,4,27
ExampleImagingFlowCytometryObjectsInGrid,3,12,1791411665.3033621,2770893,worker_1,W008,MaskImage,step_started,started,14.814814814814813,4,27
ExampleImagingFlowCytometryObjectsInGrid,3,12,1791411665.3287854,2770893,worker_1,W008,MaskImage,pattern_group,running,100.0,1,1
ExampleImagingFlowCytometryObjectsInGrid,3,12,1791411665.328959,2770893,worker_1,W008,MaskImage,step_completed,success,18.51851851851852,5,27
ExampleImagingFlowCytometryObjectsInGrid,3,12,1791411665.3295062,2770893,worker_1,W008,Smooth,step_started,started,18.51851851851852,5,27
ExampleImagingFlowCytometryObjectsInGrid,3,12,1791411665.3614504,2770891,worker_0,W007,MeasureObjectIntensity,pattern_group,running,100.0,1,1
ExampleImagingFlowCytometryObjectsInGrid,3,12,1791411665.3622525,2770891,worker_0,W007,MeasureObjectIntensity,step_completed,success,11.11111111111111,3,27
ExampleImagingFlowCytometryObjectsInGrid,3,12,1791411665.3628085,2770891,worker_0,W007,FilterObjects,step_started,started,11.11111111111111,3,27
ExampleImagingFlowCytometryObjectsInGrid,3,12,1791411665.486256,2770891,worker_0,W007,FilterObjects,pattern_group,running,100.0,1,1
ExampleImagingFlowCytometryObjectsInGrid,3,12,1791411665.4868295,2770891,worker_0,W007,FilterObjects,step_completed,success,14.814814814814813,4,27
ExampleImagingFlowCytometryObjectsInGrid,3,12,1791411665.4875448,2770891,worker_0,W007,MaskImage,step_started,started,14.814814814814813,4,27
ExampleImagingFlowCytometryObjectsInGrid,3,12,1791411665.5128272,2770891,worker_0,W007,MaskImage,pattern_group,running,100.0,1,1
ExampleImagingFlowCytometryObjectsInGrid,3,12,1791411665.513124,2770891,worker_0,W007,MaskImage,step_completed,success,18.51851851851852,5,27
ExampleImagingFlowCytometryObjectsInGrid,3,12,1791411665.5140822,2770891,worker_0,W007,Smooth,step_started,started,18.51851851851852,5,27
ExampleImagingFlowCytometryObjectsInGrid,3,12,1791411665.6018598,2770895,worker_2,W009,Smooth,pattern_group,running,100.0,1,1
ExampleImagingFlowCytometryObjectsInGrid,3,12,1791411665.602028,2770895,worker_2,W009,Smooth,step_completed,success,22.22222222222222,6,27
ExampleImagingFlowCytometryObjectsInGrid,3,12,1791411665.6026917,2770895,worker_2,W009,EnhanceEdges,step_started,started,22.22222222222222,6,27
ExampleImagingFlowCytometryObjectsInGrid,3,12,1791411665.6385014,2770895,worker_2,W009,EnhanceEdges,pattern_group,running,100.0,1,1
ExampleImagingFlowCytometryObjectsInGrid,3,12,1791411665.6386743,2770895,worker_2,W009,EnhanceEdges,step_completed,success,25.925925925925924,7,27
ExampleImagingFlowCytometryObjectsInGrid,3,12,1791411665.639544,2770895,worker_2,W009,Closing,step_started,started,25.925925925925924,7,27
ExampleImagingFlowCytometryObjectsInGrid,3,12,1791411665.6516097,2770893,worker_1,W008,Smooth,pattern_group,running,100.0,1,1
ExampleImagingFlowCytometryObjectsInGrid,3,12,1791411665.651809,2770893,worker_1,W008,Smooth,step_completed,success,22.22222222222222,6,27
ExampleImagingFlowCytometryObjectsInGrid,3,12,1791411665.6525238,2770893,worker_1,W008,EnhanceEdges,step_started,started,22.22222222222222,6,27
ExampleImagingFlowCytometryObjectsInGrid,3,12,1791411665.693997,2770893,worker_1,W008,EnhanceEdges,pattern_group,running,100.0,1,1
ExampleImagingFlowCytometryObjectsInGrid,3,12,1791411665.6941516,2770893,worker_1,W008,EnhanceEdges,step_completed,success,25.925925925925924,7,27
ExampleImagingFlowCytometryObjectsInGrid,3,12,1791411665.6948032,2770893,worker_1,W008,Closing,step_started,started,25.925925925925924,7,27
ExampleImagingFlowCytometryObjectsInGrid,3,12,1791411665.8581128,2770891,worker_0,W007,Smooth,pattern_group,running,100.0,1,1
ExampleImagingFlowCytometryObjectsInGrid,3,12,1791411665.8583033,2770891,worker_0,W007,Smooth,step_completed,success,22.22222222222222,6,27
ExampleImagingFlowCytometryObjectsInGrid,3,12,1791411665.8590102,2770891,worker_0,W007,EnhanceEdges,step_started,started,22.22222222222222,6,27
ExampleImagingFlowCytometryObjectsInGrid,3,12,1791411665.902027,2770891,worker_0,W007,EnhanceEdges,pattern_group,running,100.0,1,1
ExampleImagingFlowCytometryObjectsInGrid,3,12,1791411665.9022782,2770891,worker_0,W007,EnhanceEdges,step_completed,success,25.925925925925924,7,27
ExampleImagingFlowCytometryObjectsInGrid,3,12,1791411665.9030118,2770891,worker_0,W007,Closing,step_started,started,25.925925925925924,7,27
ExampleImagingFlowCytometryObjectsInGrid,3,12,1791411666.553595,2770895,worker_2,W009,Closing,pattern_group,running,100.0,1,1
ExampleImagingFlowCytometryObjectsInGrid,3,12,1791411666.553747,2770895,worker_2,W009,Closing,step_completed,success,29.629629629629626,8,27
ExampleImagingFlowCytometryObjectsInGrid,3,12,1791411666.5544205,2770895,worker_2,W009,IdentifyPrimaryObjects,step_started,started,29.629629629629626,8,27
ExampleImagingFlowCytometryObjectsInGrid,3,12,1791411666.5567749,2770893,worker_1,W008,Closing,pattern_group,running,100.0,1,1
ExampleImagingFlowCytometryObjectsInGrid,3,12,1791411666.557001,2770893,worker_1,W008,Closing,step_completed,success,29.629629629629626,8,27
ExampleImagingFlowCytometryObjectsInGrid,3,12,1791411666.5577748,2770893,worker_1,W008,IdentifyPrimaryObjects,step_started,started,29.629629629629626,8,27
ExampleImagingFlowCytometryObjectsInGrid,3,12,1791411666.7521017,2770891,worker_0,W007,Closing,pattern_group,running,100.0,1,1
ExampleImagingFlowCytometryObjectsInGrid,3,12,1791411666.7523525,2770891,worker_0,W007,Closing,step_completed,success,29.629629629629626,8,27
ExampleImagingFlowCytometryObjectsInGrid,3,12,1791411666.7531219,2770891,worker_0,W007,IdentifyPrimaryObjects,step_started,started,29.629629629629626,8,27
ExampleImagingFlowCytometryObjectsInGrid,3,12,1791411667.4335313,2770895,worker_2,W009,IdentifyPrimaryObjects,pattern_group,running,100.0,1,1
ExampleImagingFlowCytometryObjectsInGrid,3,12,1791411667.4342043,2770895,worker_2,W009,IdentifyPrimaryObjects,step_completed,success,33.33333333333333,9,27
ExampleImagingFlowCytometryObjectsInGrid,3,12,1791411667.4351444,2770895,worker_2,W009,MeasureObjectSizeShape,step_started,started,33.33333333333333,9,27
ExampleImagingFlowCytometryObjectsInGrid,3,12,1791411667.4595907,2770893,worker_1,W008,IdentifyPrimaryObjects,pattern_group,running,100.0,1,1
ExampleImagingFlowCytometryObjectsInGrid,3,12,1791411667.4603474,2770893,worker_1,W008,IdentifyPrimaryObjects,step_completed,success,33.33333333333333,9,27
ExampleImagingFlowCytometryObjectsInGrid,3,12,1791411667.461241,2770893,worker_1,W008,MeasureObjectSizeShape,step_started,started,33.33333333333333,9,27
ExampleImagingFlowCytometryObjectsInGrid,3,12,1791411667.6088958,2770895,worker_2,W009,MeasureObjectSizeShape,pattern_group,running,100.0,1,1
ExampleImagingFlowCytometryObjectsInGrid,3,12,1791411667.609625,2770895,worker_2,W009,MeasureObjectSizeShape,step_completed,success,37.03703703703704,10,27
ExampleImagingFlowCytometryObjectsInGrid,3,12,1791411667.6101878,2770895,worker_2,W009,FilterObjects,step_started,started,37.03703703703704,10,27
ExampleImagingFlowCytometryObjectsInGrid,3,12,1791411667.63332,2770893,worker_1,W008,MeasureObjectSizeShape,pattern_group,running,100.0,1,1
ExampleImagingFlowCytometryObjectsInGrid,3,12,1791411667.6343553,2770893,worker_1,W008,MeasureObjectSizeShape,step_completed,success,37.03703703703704,10,27
ExampleImagingFlowCytometryObjectsInGrid,3,12,1791411667.6350236,2770893,worker_1,W008,FilterObjects,step_started,started,37.03703703703704,10,27
ExampleImagingFlowCytometryObjectsInGrid,3,12,1791411667.6852272,2770891,worker_0,W007,IdentifyPrimaryObjects,pattern_group,running,100.0,1,1
ExampleImagingFlowCytometryObjectsInGrid,3,12,1791411667.6861355,2770891,worker_0,W007,IdentifyPrimaryObjects,step_completed,success,33.33333333333333,9,27
ExampleImagingFlowCytometryObjectsInGrid,3,12,1791411667.687162,2770891,worker_0,W007,MeasureObjectSizeShape,step_started,started,33.33333333333333,9,27
ExampleImagingFlowCytometryObjectsInGrid,3,12,1791411667.7215757,2770895,worker_2,W009,FilterObjects,pattern_group,running,100.0,1,1
ExampleImagingFlowCytometryObjectsInGrid,3,12,1791411667.7221215,2770895,worker_2,W009,FilterObjects,step_completed,success,40.74074074074074,11,27
ExampleImagingFlowCytometryObjectsInGrid,3,12,1791411667.7312055,2770895,worker_2,W009,MeasureObjectSizeShape,step_started,started,40.74074074074074,11,27
ExampleImagingFlowCytometryObjectsInGrid,3,12,1791411667.7402937,2770893,worker_1,W008,FilterObjects,pattern_group,running,100.0,1,1
ExampleImagingFlowCytometryObjectsInGrid,3,12,1791411667.740844,2770893,worker_1,W008,FilterObjects,step_completed,success,40.74074074074074,11,27
ExampleImagingFlowCytometryObjectsInGrid,3,12,1791411667.7506697,2770893,worker_1,W008,MeasureObjectSizeShape,step_started,started,40.74074074074074,11,27
ExampleImagingFlowCytometryObjectsInGrid,3,12,1791411667.8621697,2770891,worker_0,W007,MeasureObjectSizeShape,pattern_group,running,100.0,1,1
ExampleImagingFlowCytometryObjectsInGrid,3,12,1791411667.8628519,2770891,worker_0,W007,MeasureObjectSizeShape,step_completed,success,37.03703703703704,10,27
ExampleImagingFlowCytometryObjectsInGrid,3,12,1791411667.8634233,2770891,worker_0,W007,FilterObjects,step_started,started,37.03703703703704,10,27
ExampleImagingFlowCytometryObjectsInGrid,3,12,1791411667.9450376,2770893,worker_1,W008,MeasureObjectSizeShape,pattern_group,running,100.0,1,1
ExampleImagingFlowCytometryObjectsInGrid,3,12,1791411667.9457664,2770893,worker_1,W008,MeasureObjectSizeShape,step_completed,success,44.44444444444444,12,27
ExampleImagingFlowCytometryObjectsInGrid,3,12,1791411667.9463503,2770893,worker_1,W008,ExpandOrShrinkObjects,step_started,started,44.44444444444444,12,27
ExampleImagingFlowCytometryObjectsInGrid,3,12,1791411667.9454105,2770895,worker_2,W009,MeasureObjectSizeShape,pattern_group,running,100.0,1,1
ExampleImagingFlowCytometryObjectsInGrid,3,12,1791411667.9461744,2770895,worker_2,W009,MeasureObjectSizeShape,step_completed,success,44.44444444444444,12,27
ExampleImagingFlowCytometryObjectsInGrid,3,12,1791411667.9468553,2770895,worker_2,W009,ExpandOrShrinkObjects,step_started,started,44.44444444444444,12,27
ExampleImagingFlowCytometryObjectsInGrid,3,12,1791411667.9713168,2770891,worker_0,W007,FilterObjects,pattern_group,running,100.0,1,1
ExampleImagingFlowCytometryObjectsInGrid,3,12,1791411667.9719458,2770891,worker_0,W007,FilterObjects,step_completed,success,40.74074074074074,11,27
ExampleImagingFlowCytometryObjectsInGrid,3,12,1791411667.9827988,2770891,worker_0,W007,MeasureObjectSizeShape,step_started,started,40.74074074074074,11,27
ExampleImagingFlowCytometryObjectsInGrid,3,12,1791411668.1145973,2770893,worker_1,W008,ExpandOrShrinkObjects,pattern_group,running,100.0,1,1
ExampleImagingFlowCytometryObjectsInGrid,3,12,1791411668.1150024,2770893,worker_1,W008,ExpandOrShrinkObjects,step_completed,success,48.148148148148145,13,27
ExampleImagingFlowCytometryObjectsInGrid,3,12,1791411668.1157322,2770893,worker_1,W008,RelateObjects,step_started,started,48.148148148148145,13,27
ExampleImagingFlowCytometryObjectsInGrid,3,12,1791411668.1163805,2770895,worker_2,W009,ExpandOrShrinkObjects,pattern_group,running,100.0,1,1
ExampleImagingFlowCytometryObjectsInGrid,3,12,1791411668.1167972,2770895,worker_2,W009,ExpandOrShrinkObjects,step_completed,success,48.148148148148145,13,27
ExampleImagingFlowCytometryObjectsInGrid,3,12,1791411668.1176007,2770895,worker_2,W009,RelateObjects,step_started,started,48.148148148148145,13,27
ExampleImagingFlowCytometryObjectsInGrid,3,12,1791411668.1690927,2770893,worker_1,W008,RelateObjects,pattern_group,running,100.0,1,1
ExampleImagingFlowCytometryObjectsInGrid,3,12,1791411668.169532,2770893,worker_1,W008,RelateObjects,step_completed,success,51.85185185185185,14,27
ExampleImagingFlowCytometryObjectsInGrid,3,12,1791411668.1701589,2770893,worker_1,W008,FilterObjects,step_started,started,51.85185185185185,14,27
ExampleImagingFlowCytometryObjectsInGrid,3,12,1791411668.1718254,2770895,worker_2,W009,RelateObjects,pattern_group,running,100.0,1,1
ExampleImagingFlowCytometryObjectsInGrid,3,12,1791411668.1723926,2770895,worker_2,W009,RelateObjects,step_completed,success,51.85185185185185,14,27
ExampleImagingFlowCytometryObjectsInGrid,3,12,1791411668.173109,2770895,worker_2,W009,FilterObjects,step_started,started,51.85185185185185,14,27
ExampleImagingFlowCytometryObjectsInGrid,3,12,1791411668.277744,2770891,worker_0,W007,MeasureObjectSizeShape,pattern_group,running,100.0,1,1
ExampleImagingFlowCytometryObjectsInGrid,3,12,1791411668.2794275,2770891,worker_0,W007,MeasureObjectSizeShape,step_completed,success,44.44444444444444,12,27
ExampleImagingFlowCytometryObjectsInGrid,3,12,1791411668.280521,2770891,worker_0,W007,ExpandOrShrinkObjects,step_started,started,44.44444444444444,12,27
ExampleImagingFlowCytometryObjectsInGrid,3,12,1791411668.4880345,2770891,worker_0,W007,ExpandOrShrinkObjects,pattern_group,running,100.0,1,1
ExampleImagingFlowCytometryObjectsInGrid,3,12,1791411668.4884632,2770891,worker_0,W007,ExpandOrShrinkObjects,step_completed,success,48.148148148148145,13,27
ExampleImagingFlowCytometryObjectsInGrid,3,12,1791411668.4892247,2770891,worker_0,W007,RelateObjects,step_started,started,48.148148148148145,13,27
ExampleImagingFlowCytometryObjectsInGrid,3,12,1791411668.548616,2770891,worker_0,W007,RelateObjects,pattern_group,running,100.0,1,1
ExampleImagingFlowCytometryObjectsInGrid,3,12,1791411668.5491648,2770891,worker_0,W007,RelateObjects,step_completed,success,51.85185185185185,14,27
ExampleImagingFlowCytometryObjectsInGrid,3,12,1791411668.549784,2770891,worker_0,W007,FilterObjects,step_started,started,51.85185185185185,14,27
ExampleImagingFlowCytometryObjectsInGrid,3,12,1791411668.9918537,2770895,worker_2,W009,FilterObjects,pattern_group,running,100.0,1,1
ExampleImagingFlowCytometryObjectsInGrid,3,12,1791411668.9924724,2770895,worker_2,W009,FilterObjects,step_completed,success,55.55555555555556,15,27
ExampleImagingFlowCytometryObjectsInGrid,3,12,1791411668.9980137,2770895,worker_2,W009,IdentifyObjectsInGrid,step_started,started,55.55555555555556,15,27
ExampleImagingFlowCytometryObjectsInGrid,3,12,1791411669.006505,2770893,worker_1,W008,FilterObjects,pattern_group,running,100.0,1,1
ExampleImagingFlowCytometryObjectsInGrid,3,12,1791411669.007288,2770893,worker_1,W008,FilterObjects,step_completed,success,55.55555555555556,15,27
ExampleImagingFlowCytometryObjectsInGrid,3,12,1791411669.0145206,2770893,worker_1,W008,IdentifyObjectsInGrid,step_started,started,55.55555555555556,15,27
ExampleImagingFlowCytometryObjectsInGrid,3,12,1791411669.1165304,2770895,worker_2,W009,IdentifyObjectsInGrid,pattern_group,running,100.0,1,1
ExampleImagingFlowCytometryObjectsInGrid,3,12,1791411669.1170254,2770895,worker_2,W009,IdentifyObjectsInGrid,step_completed,success,59.25925925925925,16,27
ExampleImagingFlowCytometryObjectsInGrid,3,12,1791411669.1228628,2770895,worker_2,W009,ExpandOrShrinkObjects,step_started,started,59.25925925925925,16,27
ExampleImagingFlowCytometryObjectsInGrid,3,12,1791411669.1296968,2770893,worker_1,W008,IdentifyObjectsInGrid,pattern_group,running,100.0,1,1
ExampleImagingFlowCytometryObjectsInGrid,3,12,1791411669.130368,2770893,worker_1,W008,IdentifyObjectsInGrid,step_completed,success,59.25925925925925,16,27
ExampleImagingFlowCytometryObjectsInGrid,3,12,1791411669.1374526,2770893,worker_1,W008,ExpandOrShrinkObjects,step_started,started,59.25925925925925,16,27
ExampleImagingFlowCytometryObjectsInGrid,3,12,1791411669.3216527,2770891,worker_0,W007,FilterObjects,pattern_group,running,100.0,1,1
ExampleImagingFlowCytometryObjectsInGrid,3,12,1791411669.32222,2770891,worker_0,W007,FilterObjects,step_completed,success,55.55555555555556,15,27
ExampleImagingFlowCytometryObjectsInGrid,3,12,1791411669.3278964,2770891,worker_0,W007,IdentifyObjectsInGrid,step_started,started,55.55555555555556,15,27
ExampleImagingFlowCytometryObjectsInGrid,3,12,1791411669.4250832,2770891,worker_0,W007,IdentifyObjectsInGrid,pattern_group,running,100.0,1,1
ExampleImagingFlowCytometryObjectsInGrid,3,12,1791411669.4255083,2770891,worker_0,W007,IdentifyObjectsInGrid,step_completed,success,59.25925925925925,16,27
ExampleImagingFlowCytometryObjectsInGrid,3,12,1791411669.4300957,2770891,worker_0,W007,ExpandOrShrinkObjects,step_started,started,59.25925925925925,16,27
ExampleImagingFlowCytometryObjectsInGrid,3,12,1791411669.6459904,2770895,worker_2,W009,ExpandOrShrinkObjects,pattern_group,running,100.0,1,1
ExampleImagingFlowCytometryObjectsInGrid,3,12,1791411669.6464067,2770895,worker_2,W009,ExpandOrShrinkObjects,step_completed,success,62.96296296296296,17,27
ExampleImagingFlowCytometryObjectsInGrid,3,12,1791411669.647043,2770895,worker_2,W009,OverlayOutlines,step_started,started,62.96296296296296,17,27
ExampleImagingFlowCytometryObjectsInGrid,3,12,1791411669.6494825,2770893,worker_1,W008,ExpandOrShrinkObjects,pattern_group,running,100.0,1,1
ExampleImagingFlowCytometryObjectsInGrid,3,12,1791411669.6498768,2770893,worker_1,W008,ExpandOrShrinkObjects,step_completed,success,62.96296296296296,17,27
ExampleImagingFlowCytometryObjectsInGrid,3,12,1791411669.6504996,2770893,worker_1,W008,OverlayOutlines,step_started,started,62.96296296296296,17,27
ExampleImagingFlowCytometryObjectsInGrid,3,12,1791411669.8229833,2770893,worker_1,W008,OverlayOutlines,pattern_group,running,100.0,1,1
ExampleImagingFlowCytometryObjectsInGrid,3,12,1791411669.8231328,2770893,worker_1,W008,OverlayOutlines,step_completed,success,66.66666666666666,18,27
ExampleImagingFlowCytometryObjectsInGrid,3,12,1791411669.8239632,2770893,worker_1,W008,MeasureObjectSizeShape,step_started,started,66.66666666666666,18,27
ExampleImagingFlowCytometryObjectsInGrid,3,12,1791411669.8255043,2770895,worker_2,W009,OverlayOutlines,pattern_group,running,100.0,1,1
ExampleImagingFlowCytometryObjectsInGrid,3,12,1791411669.8257008,2770895,worker_2,W009,OverlayOutlines,step_completed,success,66.66666666666666,18,27
ExampleImagingFlowCytometryObjectsInGrid,3,12,1791411669.8265946,2770895,worker_2,W009,MeasureObjectSizeShape,step_started,started,66.66666666666666,18,27
ExampleImagingFlowCytometryObjectsInGrid,3,12,1791411669.9393797,2770891,worker_0,W007,ExpandOrShrinkObjects,pattern_group,running,100.0,1,1
ExampleImagingFlowCytometryObjectsInGrid,3,12,1791411669.939797,2770891,worker_0,W007,ExpandOrShrinkObjects,step_completed,success,62.96296296296296,17,27
ExampleImagingFlowCytometryObjectsInGrid,3,12,1791411669.9404666,2770891,worker_0,W007,OverlayOutlines,step_started,started,62.96296296296296,17,27
ExampleImagingFlowCytometryObjectsInGrid,3,12,1791411670.1424131,2770893,worker_1,W008,MeasureObjectSizeShape,pattern_group,running,100.0,1,1
ExampleImagingFlowCytometryObjectsInGrid,3,12,1791411670.143642,2770893,worker_1,W008,MeasureObjectSizeShape,step_completed,success,70.37037037037037,19,27
ExampleImagingFlowCytometryObjectsInGrid,3,12,1791411670.1442952,2770893,worker_1,W008,MeasureGranularity,step_started,started,70.37037037037037,19,27
ExampleImagingFlowCytometryObjectsInGrid,3,12,1791411670.1590967,2770895,worker_2,W009,MeasureObjectSizeShape,pattern_group,running,100.0,1,1
ExampleImagingFlowCytometryObjectsInGrid,3,12,1791411670.1608686,2770895,worker_2,W009,MeasureObjectSizeShape,step_completed,success,70.37037037037037,19,27
ExampleImagingFlowCytometryObjectsInGrid,3,12,1791411670.1618173,2770895,worker_2,W009,MeasureGranularity,step_started,started,70.37037037037037,19,27
ExampleImagingFlowCytometryObjectsInGrid,3,12,1791411670.168594,2770891,worker_0,W007,OverlayOutlines,pattern_group,running,100.0,1,1
ExampleImagingFlowCytometryObjectsInGrid,3,12,1791411670.1688836,2770891,worker_0,W007,OverlayOutlines,step_completed,success,66.66666666666666,18,27
ExampleImagingFlowCytometryObjectsInGrid,3,12,1791411670.1700208,2770891,worker_0,W007,MeasureObjectSizeShape,step_started,started,66.66666666666666,18,27
ExampleImagingFlowCytometryObjectsInGrid,3,12,1791411670.507557,2770891,worker_0,W007,MeasureObjectSizeShape,pattern_group,running,100.0,1,1
ExampleImagingFlowCytometryObjectsInGrid,3,12,1791411670.5088594,2770891,worker_0,W007,MeasureObjectSizeShape,step_completed,success,70.37037037037037,19,27
ExampleImagingFlowCytometryObjectsInGrid,3,12,1791411670.5095396,2770891,worker_0,W007,MeasureGranularity,step_started,started,70.37037037037037,19,27
ExampleImagingFlowCytometryObjectsInGrid,3,12,1791411670.7070508,2770893,worker_1,W008,MeasureGranularity,pattern_group,running,100.0,1,1
ExampleImagingFlowCytometryObjectsInGrid,3,12,1791411670.7079902,2770893,worker_1,W008,MeasureGranularity,step_completed,success,74.07407407407408,20,27
ExampleImagingFlowCytometryObjectsInGrid,3,12,1791411670.7086828,2770893,worker_1,W008,MeasureTexture,step_started,started,74.07407407407408,20,27
ExampleImagingFlowCytometryObjectsInGrid,3,12,1791411670.7757256,2770895,worker_2,W009,MeasureGranularity,pattern_group,running,100.0,1,1
ExampleImagingFlowCytometryObjectsInGrid,3,12,1791411670.776609,2770895,worker_2,W009,MeasureGranularity,step_completed,success,74.07407407407408,20,27
ExampleImagingFlowCytometryObjectsInGrid,3,12,1791411670.7773066,2770895,worker_2,W009,MeasureTexture,step_started,started,74.07407407407408,20,27
ExampleImagingFlowCytometryObjectsInGrid,3,12,1791411671.1303823,2770891,worker_0,W007,MeasureGranularity,pattern_group,running,100.0,1,1
ExampleImagingFlowCytometryObjectsInGrid,3,12,1791411671.13112,2770891,worker_0,W007,MeasureGranularity,step_completed,success,74.07407407407408,20,27
ExampleImagingFlowCytometryObjectsInGrid,3,12,1791411671.1317925,2770891,worker_0,W007,MeasureTexture,step_started,started,74.07407407407408,20,27
ExampleImagingFlowCytometryObjectsInGrid,3,12,1791411671.2774339,2770893,worker_1,W008,MeasureTexture,pattern_group,running,100.0,1,1
ExampleImagingFlowCytometryObjectsInGrid,3,12,1791411671.2789862,2770893,worker_1,W008,MeasureTexture,step_completed,success,77.77777777777779,21,27
ExampleImagingFlowCytometryObjectsInGrid,3,12,1791411671.2796803,2770893,worker_1,W008,MeasureTexture,step_started,started,77.77777777777779,21,27
ExampleImagingFlowCytometryObjectsInGrid,3,12,1791411671.348218,2770895,worker_2,W009,MeasureTexture,pattern_group,running,100.0,1,1
ExampleImagingFlowCytometryObjectsInGrid,3,12,1791411671.3495913,2770895,worker_2,W009,MeasureTexture,step_completed,success,77.77777777777779,21,27
ExampleImagingFlowCytometryObjectsInGrid,3,12,1791411671.3502307,2770895,worker_2,W009,MeasureTexture,step_started,started,77.77777777777779,21,27
ExampleImagingFlowCytometryObjectsInGrid,3,12,1791411671.5273383,2770893,worker_1,W008,MeasureTexture,pattern_group,running,100.0,1,1
ExampleImagingFlowCytometryObjectsInGrid,3,12,1791411671.528214,2770893,worker_1,W008,MeasureTexture,step_completed,success,81.48148148148148,22,27
ExampleImagingFlowCytometryObjectsInGrid,3,12,1791411671.5288882,2770893,worker_1,W008,MeasureObjectIntensity,step_started,started,81.48148148148148,22,27
ExampleImagingFlowCytometryObjectsInGrid,3,12,1791411671.6056952,2770895,worker_2,W009,MeasureTexture,pattern_group,running,100.0,1,1
ExampleImagingFlowCytometryObjectsInGrid,3,12,1791411671.6066778,2770895,worker_2,W009,MeasureTexture,step_completed,success,81.48148148148148,22,27
ExampleImagingFlowCytometryObjectsInGrid,3,12,1791411671.6073449,2770895,worker_2,W009,MeasureObjectIntensity,step_started,started,81.48148148148148,22,27
ExampleImagingFlowCytometryObjectsInGrid,3,12,1791411671.6699128,2770891,worker_0,W007,MeasureTexture,pattern_group,running,100.0,1,1
ExampleImagingFlowCytometryObjectsInGrid,3,12,1791411671.6715562,2770891,worker_0,W007,MeasureTexture,step_completed,success,77.77777777777779,21,27
ExampleImagingFlowCytometryObjectsInGrid,3,12,1791411671.6724634,2770891,worker_0,W007,MeasureTexture,step_started,started,77.77777777777779,21,27
ExampleImagingFlowCytometryObjectsInGrid,3,12,1791411671.781861,2770893,worker_1,W008,MeasureObjectIntensity,pattern_group,running,100.0,1,1
ExampleImagingFlowCytometryObjectsInGrid,3,12,1791411671.78311,2770893,worker_1,W008,MeasureObjectIntensity,step_completed,success,85.18518518518519,23,27
ExampleImagingFlowCytometryObjectsInGrid,3,12,1791411671.7838013,2770893,worker_1,W008,MeasureObjectIntensity,step_started,started,85.18518518518519,23,27
ExampleImagingFlowCytometryObjectsInGrid,3,12,1791411671.8689337,2770895,worker_2,W009,MeasureObjectIntensity,pattern_group,running,100.0,1,1
ExampleImagingFlowCytometryObjectsInGrid,3,12,1791411671.8706887,2770895,worker_2,W009,MeasureObjectIntensity,step_completed,success,85.18518518518519,23,27
ExampleImagingFlowCytometryObjectsInGrid,3,12,1791411671.8713636,2770895,worker_2,W009,MeasureObjectIntensity,step_started,started,85.18518518518519,23,27
ExampleImagingFlowCytometryObjectsInGrid,3,12,1791411671.9205327,2770891,worker_0,W007,MeasureTexture,pattern_group,running,100.0,1,1
ExampleImagingFlowCytometryObjectsInGrid,3,12,1791411671.9215064,2770891,worker_0,W007,MeasureTexture,step_completed,success,81.48148148148148,22,27
ExampleImagingFlowCytometryObjectsInGrid,3,12,1791411671.9222434,2770891,worker_0,W007,MeasureObjectIntensity,step_started,started,81.48148148148148,22,27
ExampleImagingFlowCytometryObjectsInGrid,3,12,1791411671.9804425,2770893,worker_1,W008,MeasureObjectIntensity,pattern_group,running,100.0,1,1
ExampleImagingFlowCytometryObjectsInGrid,3,12,1791411671.9813051,2770893,worker_1,W008,MeasureObjectIntensity,step_completed,success,88.88888888888889,24,27
ExampleImagingFlowCytometryObjectsInGrid,3,12,1791411671.9820013,2770893,worker_1,W008,MeasureObjectIntensityDistribution,step_started,started,88.88888888888889,24,27
ExampleImagingFlowCytometryObjectsInGrid,3,12,1791411672.0725467,2770895,worker_2,W009,MeasureObjectIntensity,pattern_group,running,100.0,1,1
ExampleImagingFlowCytometryObjectsInGrid,3,12,1791411672.0734925,2770895,worker_2,W009,MeasureObjectIntensity,step_completed,success,88.88888888888889,24,27
ExampleImagingFlowCytometryObjectsInGrid,3,12,1791411672.0741863,2770895,worker_2,W009,MeasureObjectIntensityDistribution,step_started,started,88.88888888888889,24,27
ExampleImagingFlowCytometryObjectsInGrid,3,12,1791411672.1733046,2770891,worker_0,W007,MeasureObjectIntensity,pattern_group,running,100.0,1,1
ExampleImagingFlowCytometryObjectsInGrid,3,12,1791411672.1746573,2770891,worker_0,W007,MeasureObjectIntensity,step_completed,success,85.18518518518519,23,27
ExampleImagingFlowCytometryObjectsInGrid,3,12,1791411672.175547,2770891,worker_0,W007,MeasureObjectIntensity,step_started,started,85.18518518518519,23,27
ExampleImagingFlowCytometryObjectsInGrid,3,12,1791411672.3002214,2770893,worker_1,W008,MeasureObjectIntensityDistribution,pattern_group,running,100.0,1,1
ExampleImagingFlowCytometryObjectsInGrid,3,12,1791411672.3020625,2770893,worker_1,W008,MeasureObjectIntensityDistribution,step_completed,success,92.5925925925926,25,27
ExampleImagingFlowCytometryObjectsInGrid,3,12,1791411672.3030696,2770893,worker_1,W008,MeasureObjectIntensityDistribution,step_started,started,92.5925925925926,25,27
ExampleImagingFlowCytometryObjectsInGrid,3,12,1791411672.368564,2770891,worker_0,W007,MeasureObjectIntensity,pattern_group,running,100.0,1,1
ExampleImagingFlowCytometryObjectsInGrid,3,12,1791411672.3693464,2770891,worker_0,W007,MeasureObjectIntensity,step_completed,success,88.88888888888889,24,27
ExampleImagingFlowCytometryObjectsInGrid,3,12,1791411672.370011,2770891,worker_0,W007,MeasureObjectIntensityDistribution,step_started,started,88.88888888888889,24,27
ExampleImagingFlowCytometryObjectsInGrid,3,12,1791411672.3997211,2770895,worker_2,W009,MeasureObjectIntensityDistribution,pattern_group,running,100.0,1,1
ExampleImagingFlowCytometryObjectsInGrid,3,12,1791411672.4015605,2770895,worker_2,W009,MeasureObjectIntensityDistribution,step_completed,success,92.5925925925926,25,27
ExampleImagingFlowCytometryObjectsInGrid,3,12,1791411672.4025707,2770895,worker_2,W009,MeasureObjectIntensityDistribution,step_started,started,92.5925925925926,25,27
ExampleImagingFlowCytometryObjectsInGrid,3,12,1791411672.5891974,2770893,worker_1,W008,MeasureObjectIntensityDistribution,pattern_group,running,100.0,1,1
ExampleImagingFlowCytometryObjectsInGrid,3,12,1791411672.5909848,2770893,worker_1,W008,MeasureObjectIntensityDistribution,step_completed,success,96.29629629629629,26,27
ExampleImagingFlowCytometryObjectsInGrid,3,12,1791411672.5928564,2770893,worker_1,W008,pipeline,axis_completed,success,96.29629629629629,26,27
ExampleImagingFlowCytometryObjectsInGrid,3,12,1791411672.5929291,2770893,worker_1,W011,pipeline,axis_started,started,0.0,0,27
ExampleImagingFlowCytometryObjectsInGrid,3,12,1791411672.595889,2770893,worker_1,W011,DefineGrid,step_started,started,0.0,0,27
ExampleImagingFlowCytometryObjectsInGrid,3,12,1791411672.624968,2770893,worker_1,W011,DefineGrid,pattern_group,running,100.0,1,1
ExampleImagingFlowCytometryObjectsInGrid,3,12,1791411672.6251109,2770893,worker_1,W011,DefineGrid,step_completed,success,3.7037037037037033,1,27
ExampleImagingFlowCytometryObjectsInGrid,3,12,1791411672.62564,2770893,worker_1,W011,IdentifyObjectsInGrid,step_started,started,3.7037037037037033,1,27
ExampleImagingFlowCytometryObjectsInGrid,3,12,1791411672.6846626,2770891,worker_0,W007,MeasureObjectIntensityDistribution,pattern_group,running,100.0,1,1
ExampleImagingFlowCytometryObjectsInGrid,3,12,1791411672.6866128,2770891,worker_0,W007,MeasureObjectIntensityDistribution,step_completed,success,92.5925925925926,25,27
ExampleImagingFlowCytometryObjectsInGrid,3,12,1791411672.687634,2770891,worker_0,W007,MeasureObjectIntensityDistribution,step_started,started,92.5925925925926,25,27
ExampleImagingFlowCytometryObjectsInGrid,3,12,1791411672.695332,2770893,worker_1,W011,IdentifyObjectsInGrid,pattern_group,running,100.0,1,1
ExampleImagingFlowCytometryObjectsInGrid,3,12,1791411672.6958077,2770893,worker_1,W011,IdentifyObjectsInGrid,step_completed,success,7.4074074074074066,2,27
ExampleImagingFlowCytometryObjectsInGrid,3,12,1791411672.6963336,2770893,worker_1,W011,MeasureObjectIntensity,step_started,started,7.4074074074074066,2,27
ExampleImagingFlowCytometryObjectsInGrid,3,12,1791411672.6959844,2770895,worker_2,W009,MeasureObjectIntensityDistribution,pattern_group,running,100.0,1,1
ExampleImagingFlowCytometryObjectsInGrid,3,12,1791411672.6980405,2770895,worker_2,W009,MeasureObjectIntensityDistribution,step_completed,success,96.29629629629629,26,27
ExampleImagingFlowCytometryObjectsInGrid,3,12,1791411672.700102,2770895,worker_2,W009,pipeline,axis_completed,success,96.29629629629629,26,27
ExampleImagingFlowCytometryObjectsInGrid,3,12,1791411672.7001941,2770895,worker_2,W012,pipeline,axis_started,started,0.0,0,27
ExampleImagingFlowCytometryObjectsInGrid,3,12,1791411672.8627172,2770895,worker_2,W012,DefineGrid,step_started,started,0.0,0,27
ExampleImagingFlowCytometryObjectsInGrid,3,12,1791411672.891008,2770895,worker_2,W012,DefineGrid,pattern_group,running,100.0,1,1
ExampleImagingFlowCytometryObjectsInGrid,3,12,1791411672.891183,2770895,worker_2,W012,DefineGrid,step_completed,success,3.7037037037037033,1,27
ExampleImagingFlowCytometryObjectsInGrid,3,12,1791411672.8918808,2770895,worker_2,W012,IdentifyObjectsInGrid,step_started,started,3.7037037037037033,1,27
ExampleImagingFlowCytometryObjectsInGrid,3,12,1791411672.9706295,2770895,worker_2,W012,IdentifyObjectsInGrid,pattern_group,running,100.0,1,1
ExampleImagingFlowCytometryObjectsInGrid,3,12,1791411672.9710667,2770895,worker_2,W012,IdentifyObjectsInGrid,step_completed,success,7.4074074074074066,2,27
ExampleImagingFlowCytometryObjectsInGrid,3,12,1791411672.9717193,2770895,worker_2,W012,MeasureObjectIntensity,step_started,started,7.4074074074074066,2,27
ExampleImagingFlowCytometryObjectsInGrid,3,12,1791411672.9815235,2770891,worker_0,W007,MeasureObjectIntensityDistribution,pattern_group,running,100.0,1,1
ExampleImagingFlowCytometryObjectsInGrid,3,12,1791411672.983597,2770891,worker_0,W007,MeasureObjectIntensityDistribution,step_completed,success,96.29629629629629,26,27
ExampleImagingFlowCytometryObjectsInGrid,3,12,1791411672.9858654,2770891,worker_0,W007,pipeline,axis_completed,success,96.29629629629629,26,27
ExampleImagingFlowCytometryObjectsInGrid,3,12,1791411672.9859736,2770891,worker_0,W010,pipeline,axis_started,started,0.0,0,27
ExampleImagingFlowCytometryObjectsInGrid,3,12,1791411672.9898877,2770891,worker_0,W010,DefineGrid,step_started,started,0.0,0,27
ExampleImagingFlowCytometryObjectsInGrid,3,12,1791411673.019838,2770891,worker_0,W010,DefineGrid,pattern_group,running,100.0,1,1
ExampleImagingFlowCytometryObjectsInGrid,3,12,1791411673.0199776,2770891,worker_0,W010,DefineGrid,step_completed,success,3.7037037037037033,1,27
ExampleImagingFlowCytometryObjectsInGrid,3,12,1791411673.0205052,2770891,worker_0,W010,IdentifyObjectsInGrid,step_started,started,3.7037037037037033,1,27
ExampleImagingFlowCytometryObjectsInGrid,3,12,1791411673.08915,2770891,worker_0,W010,IdentifyObjectsInGrid,pattern_group,running,100.0,1,1
ExampleImagingFlowCytometryObjectsInGrid,3,12,1791411673.089534,2770891,worker_0,W010,IdentifyObjectsInGrid,step_completed,success,7.4074074074074066,2,27
ExampleImagingFlowCytometryObjectsInGrid,3,12,1791411673.0900419,2770891,worker_0,W010,MeasureObjectIntensity,step_started,started,7.4074074074074066,2,27
ExampleImagingFlowCytometryObjectsInGrid,3,12,1791411673.2513587,2770893,worker_1,W011,MeasureObjectIntensity,pattern_group,running,100.0,1,1
ExampleImagingFlowCytometryObjectsInGrid,3,12,1791411673.2521513,2770893,worker_1,W011,MeasureObjectIntensity,step_completed,success,11.11111111111111,3,27
ExampleImagingFlowCytometryObjectsInGrid,3,12,1791411673.2526891,2770893,worker_1,W011,FilterObjects,step_started,started,11.11111111111111,3,27
ExampleImagingFlowCytometryObjectsInGrid,3,12,1791411673.3639958,2770893,worker_1,W011,FilterObjects,pattern_group,running,100.0,1,1
ExampleImagingFlowCytometryObjectsInGrid,3,12,1791411673.3649035,2770893,worker_1,W011,FilterObjects,step_completed,success,14.814814814814813,4,27
ExampleImagingFlowCytometryObjectsInGrid,3,12,1791411673.3659048,2770893,worker_1,W011,MaskImage,step_started,started,14.814814814814813,4,27
ExampleImagingFlowCytometryObjectsInGrid,3,12,1791411673.3960063,2770893,worker_1,W011,MaskImage,pattern_group,running,100.0,1,1
ExampleImagingFlowCytometryObjectsInGrid,3,12,1791411673.3961666,2770893,worker_1,W011,MaskImage,step_completed,success,18.51851851851852,5,27
ExampleImagingFlowCytometryObjectsInGrid,3,12,1791411673.396709,2770893,worker_1,W011,Smooth,step_started,started,18.51851851851852,5,27
ExampleImagingFlowCytometryObjectsInGrid,3,12,1791411673.5396047,2770895,worker_2,W012,MeasureObjectIntensity,pattern_group,running,100.0,1,1
ExampleImagingFlowCytometryObjectsInGrid,3,12,1791411673.5405073,2770895,worker_2,W012,MeasureObjectIntensity,step_completed,success,11.11111111111111,3,27
ExampleImagingFlowCytometryObjectsInGrid,3,12,1791411673.5410707,2770895,worker_2,W012,FilterObjects,step_started,started,11.11111111111111,3,27
ExampleImagingFlowCytometryObjectsInGrid,3,12,1791411673.6559415,2770895,worker_2,W012,FilterObjects,pattern_group,running,100.0,1,1
ExampleImagingFlowCytometryObjectsInGrid,3,12,1791411673.6564934,2770895,worker_2,W012,FilterObjects,step_completed,success,14.814814814814813,4,27
ExampleImagingFlowCytometryObjectsInGrid,3,12,1791411673.6571789,2770895,worker_2,W012,MaskImage,step_started,started,14.814814814814813,4,27
ExampleImagingFlowCytometryObjectsInGrid,3,12,1791411673.6602457,2770891,worker_0,W010,MeasureObjectIntensity,pattern_group,running,100.0,1,1
ExampleImagingFlowCytometryObjectsInGrid,3,12,1791411673.6610336,2770891,worker_0,W010,MeasureObjectIntensity,step_completed,success,11.11111111111111,3,27
ExampleImagingFlowCytometryObjectsInGrid,3,12,1791411673.6615808,2770891,worker_0,W010,FilterObjects,step_started,started,11.11111111111111,3,27
ExampleImagingFlowCytometryObjectsInGrid,3,12,1791411673.6848452,2770895,worker_2,W012,MaskImage,pattern_group,running,100.0,1,1
ExampleImagingFlowCytometryObjectsInGrid,3,12,1791411673.68502,2770895,worker_2,W012,MaskImage,step_completed,success,18.51851851851852,5,27
ExampleImagingFlowCytometryObjectsInGrid,3,12,1791411673.6855667,2770895,worker_2,W012,Smooth,step_started,started,18.51851851851852,5,27
ExampleImagingFlowCytometryObjectsInGrid,3,12,1791411673.789971,2770891,worker_0,W010,FilterObjects,pattern_group,running,100.0,1,1
ExampleImagingFlowCytometryObjectsInGrid,3,12,1791411673.790546,2770891,worker_0,W010,FilterObjects,step_completed,success,14.814814814814813,4,27
ExampleImagingFlowCytometryObjectsInGrid,3,12,1791411673.7912433,2770891,worker_0,W010,MaskImage,step_started,started,14.814814814814813,4,27
ExampleImagingFlowCytometryObjectsInGrid,3,12,1791411673.791632,2770893,worker_1,W011,Smooth,pattern_group,running,100.0,1,1
ExampleImagingFlowCytometryObjectsInGrid,3,12,1791411673.791786,2770893,worker_1,W011,Smooth,step_completed,success,22.22222222222222,6,27
ExampleImagingFlowCytometryObjectsInGrid,3,12,1791411673.7924914,2770893,worker_1,W011,EnhanceEdges,step_started,started,22.22222222222222,6,27
ExampleImagingFlowCytometryObjectsInGrid,3,12,1791411673.8196974,2770891,worker_0,W010,MaskImage,pattern_group,running,100.0,1,1
ExampleImagingFlowCytometryObjectsInGrid,3,12,1791411673.8199413,2770891,worker_0,W010,MaskImage,step_completed,success,18.51851851851852,5,27
ExampleImagingFlowCytometryObjectsInGrid,3,12,1791411673.8205361,2770891,worker_0,W010,Smooth,step_started,started,18.51851851851852,5,27
ExampleImagingFlowCytometryObjectsInGrid,3,12,1791411673.831728,2770893,worker_1,W011,EnhanceEdges,pattern_group,running,100.0,1,1
ExampleImagingFlowCytometryObjectsInGrid,3,12,1791411673.831885,2770893,worker_1,W011,EnhanceEdges,step_completed,success,25.925925925925924,7,27
ExampleImagingFlowCytometryObjectsInGrid,3,12,1791411673.8325903,2770893,worker_1,W011,Closing,step_started,started,25.925925925925924,7,27
ExampleImagingFlowCytometryObjectsInGrid,3,12,1791411674.0916965,2770895,worker_2,W012,Smooth,pattern_group,running,100.0,1,1
ExampleImagingFlowCytometryObjectsInGrid,3,12,1791411674.0918357,2770895,worker_2,W012,Smooth,step_completed,success,22.22222222222222,6,27
ExampleImagingFlowCytometryObjectsInGrid,3,12,1791411674.092485,2770895,worker_2,W012,EnhanceEdges,step_started,started,22.22222222222222,6,27
ExampleImagingFlowCytometryObjectsInGrid,3,12,1791411674.1293092,2770895,worker_2,W012,EnhanceEdges,pattern_group,running,100.0,1,1
ExampleImagingFlowCytometryObjectsInGrid,3,12,1791411674.1294758,2770895,worker_2,W012,EnhanceEdges,step_completed,success,25.925925925925924,7,27
ExampleImagingFlowCytometryObjectsInGrid,3,12,1791411674.1301415,2770895,worker_2,W012,Closing,step_started,started,25.925925925925924,7,27
ExampleImagingFlowCytometryObjectsInGrid,3,12,1791411674.270828,2770891,worker_0,W010,Smooth,pattern_group,running,100.0,1,1
ExampleImagingFlowCytometryObjectsInGrid,3,12,1791411674.270966,2770891,worker_0,W010,Smooth,step_completed,success,22.22222222222222,6,27
ExampleImagingFlowCytometryObjectsInGrid,3,12,1791411674.2716126,2770891,worker_0,W010,EnhanceEdges,step_started,started,22.22222222222222,6,27
ExampleImagingFlowCytometryObjectsInGrid,3,12,1791411674.3088694,2770891,worker_0,W010,EnhanceEdges,pattern_group,running,100.0,1,1
ExampleImagingFlowCytometryObjectsInGrid,3,12,1791411674.3090675,2770891,worker_0,W010,EnhanceEdges,step_completed,success,25.925925925925924,7,27
ExampleImagingFlowCytometryObjectsInGrid,3,12,1791411674.3098223,2770891,worker_0,W010,Closing,step_started,started,25.925925925925924,7,27
ExampleImagingFlowCytometryObjectsInGrid,3,12,1791411674.5535233,2770893,worker_1,W011,Closing,pattern_group,running,100.0,1,1
ExampleImagingFlowCytometryObjectsInGrid,3,12,1791411674.5536814,2770893,worker_1,W011,Closing,step_completed,success,29.629629629629626,8,27
ExampleImagingFlowCytometryObjectsInGrid,3,12,1791411674.5543497,2770893,worker_1,W011,IdentifyPrimaryObjects,step_started,started,29.629629629629626,8,27
ExampleImagingFlowCytometryObjectsInGrid,3,12,1791411674.926331,2770895,worker_2,W012,Closing,pattern_group,running,100.0,1,1
ExampleImagingFlowCytometryObjectsInGrid,3,12,1791411674.9265492,2770895,worker_2,W012,Closing,step_completed,success,29.629629629629626,8,27
ExampleImagingFlowCytometryObjectsInGrid,3,12,1791411674.9272628,2770895,worker_2,W012,IdentifyPrimaryObjects,step_started,started,29.629629629629626,8,27
ExampleImagingFlowCytometryObjectsInGrid,3,12,1791411675.062704,2770891,worker_0,W010,Closing,pattern_group,running,100.0,1,1
ExampleImagingFlowCytometryObjectsInGrid,3,12,1791411675.0629072,2770891,worker_0,W010,Closing,step_completed,success,29.629629629629626,8,27
ExampleImagingFlowCytometryObjectsInGrid,3,12,1791411675.0638156,2770891,worker_0,W010,IdentifyPrimaryObjects,step_started,started,29.629629629629626,8,27
ExampleImagingFlowCytometryObjectsInGrid,3,12,1791411675.543381,2770893,worker_1,W011,IdentifyPrimaryObjects,pattern_group,running,100.0,1,1
ExampleImagingFlowCytometryObjectsInGrid,3,12,1791411675.5439792,2770893,worker_1,W011,IdentifyPrimaryObjects,step_completed,success,33.33333333333333,9,27
ExampleImagingFlowCytometryObjectsInGrid,3,12,1791411675.5448692,2770893,worker_1,W011,MeasureObjectSizeShape,step_started,started,33.33333333333333,9,27
ExampleImagingFlowCytometryObjectsInGrid,3,12,1791411675.7323892,2770893,worker_1,W011,MeasureObjectSizeShape,pattern_group,running,100.0,1,1
ExampleImagingFlowCytometryObjectsInGrid,3,12,1791411675.733155,2770893,worker_1,W011,MeasureObjectSizeShape,step_completed,success,37.03703703703704,10,27
ExampleImagingFlowCytometryObjectsInGrid,3,12,1791411675.733754,2770893,worker_1,W011,FilterObjects,step_started,started,37.03703703703704,10,27
ExampleImagingFlowCytometryObjectsInGrid,3,12,1791411675.7485414,2770895,worker_2,W012,IdentifyPrimaryObjects,pattern_group,running,100.0,1,1
ExampleImagingFlowCytometryObjectsInGrid,3,12,1791411675.7491155,2770895,worker_2,W012,IdentifyPrimaryObjects,step_completed,success,33.33333333333333,9,27
ExampleImagingFlowCytometryObjectsInGrid,3,12,1791411675.7499716,2770895,worker_2,W012,MeasureObjectSizeShape,step_started,started,33.33333333333333,9,27
ExampleImagingFlowCytometryObjectsInGrid,3,12,1791411675.8359618,2770893,worker_1,W011,FilterObjects,pattern_group,running,100.0,1,1
ExampleImagingFlowCytometryObjectsInGrid,3,12,1791411675.8364835,2770893,worker_1,W011,FilterObjects,step_completed,success,40.74074074074074,11,27
ExampleImagingFlowCytometryObjectsInGrid,3,12,1791411675.841619,2770893,worker_1,W011,MeasureObjectSizeShape,step_started,started,40.74074074074074,11,27
ExampleImagingFlowCytometryObjectsInGrid,3,12,1791411675.9045572,2770891,worker_0,W010,IdentifyPrimaryObjects,pattern_group,running,100.0,1,1
ExampleImagingFlowCytometryObjectsInGrid,3,12,1791411675.9051156,2770891,worker_0,W010,IdentifyPrimaryObjects,step_completed,success,33.33333333333333,9,27
ExampleImagingFlowCytometryObjectsInGrid,3,12,1791411675.9059572,2770891,worker_0,W010,MeasureObjectSizeShape,step_started,started,33.33333333333333,9,27
ExampleImagingFlowCytometryObjectsInGrid,3,12,1791411675.927075,2770895,worker_2,W012,MeasureObjectSizeShape,pattern_group,running,100.0,1,1
ExampleImagingFlowCytometryObjectsInGrid,3,12,1791411675.9279087,2770895,worker_2,W012,MeasureObjectSizeShape,step_completed,success,37.03703703703704,10,27
ExampleImagingFlowCytometryObjectsInGrid,3,12,1791411675.9285018,2770895,worker_2,W012,FilterObjects,step_started,started,37.03703703703704,10,27
ExampleImagingFlowCytometryObjectsInGrid,3,12,1791411676.0186687,2770893,worker_1,W011,MeasureObjectSizeShape,pattern_group,running,100.0,1,1
ExampleImagingFlowCytometryObjectsInGrid,3,12,1791411676.019396,2770893,worker_1,W011,MeasureObjectSizeShape,step_completed,success,44.44444444444444,12,27
ExampleImagingFlowCytometryObjectsInGrid,3,12,1791411676.020008,2770893,worker_1,W011,ExpandOrShrinkObjects,step_started,started,44.44444444444444,12,27
ExampleImagingFlowCytometryObjectsInGrid,3,12,1791411676.0197682,2770895,worker_2,W012,FilterObjects,pattern_group,running,100.0,1,1
ExampleImagingFlowCytometryObjectsInGrid,3,12,1791411676.0202978,2770895,worker_2,W012,FilterObjects,step_completed,success,40.74074074074074,11,27
ExampleImagingFlowCytometryObjectsInGrid,3,12,1791411676.026022,2770895,worker_2,W012,MeasureObjectSizeShape,step_started,started,40.74074074074074,11,27
ExampleImagingFlowCytometryObjectsInGrid,3,12,1791411676.0882678,2770891,worker_0,W010,MeasureObjectSizeShape,pattern_group,running,100.0,1,1
ExampleImagingFlowCytometryObjectsInGrid,3,12,1791411676.0889957,2770891,worker_0,W010,MeasureObjectSizeShape,step_completed,success,37.03703703703704,10,27
ExampleImagingFlowCytometryObjectsInGrid,3,12,1791411676.0895798,2770891,worker_0,W010,FilterObjects,step_started,started,37.03703703703704,10,27
ExampleImagingFlowCytometryObjectsInGrid,3,12,1791411676.124628,2770893,worker_1,W011,ExpandOrShrinkObjects,pattern_group,running,100.0,1,1
ExampleImagingFlowCytometryObjectsInGrid,3,12,1791411676.125217,2770893,worker_1,W011,ExpandOrShrinkObjects,step_completed,success,48.148148148148145,13,27
ExampleImagingFlowCytometryObjectsInGrid,3,12,1791411676.126139,2770893,worker_1,W011,RelateObjects,step_started,started,48.148148148148145,13,27
ExampleImagingFlowCytometryObjectsInGrid,3,12,1791411676.183347,2770893,worker_1,W011,RelateObjects,pattern_group,running,100.0,1,1
ExampleImagingFlowCytometryObjectsInGrid,3,12,1791411676.1837475,2770893,worker_1,W011,RelateObjects,step_completed,success,51.85185185185185,14,27
ExampleImagingFlowCytometryObjectsInGrid,3,12,1791411676.1843328,2770893,worker_1,W011,FilterObjects,step_started,started,51.85185185185185,14,27
ExampleImagingFlowCytometryObjectsInGrid,3,12,1791411676.195722,2770891,worker_0,W010,FilterObjects,pattern_group,running,100.0,1,1
ExampleImagingFlowCytometryObjectsInGrid,3,12,1791411676.1962676,2770891,worker_0,W010,FilterObjects,step_completed,success,40.74074074074074,11,27
ExampleImagingFlowCytometryObjectsInGrid,3,12,1791411676.2012193,2770891,worker_0,W010,MeasureObjectSizeShape,step_started,started,40.74074074074074,11,27
ExampleImagingFlowCytometryObjectsInGrid,3,12,1791411676.2162178,2770895,worker_2,W012,MeasureObjectSizeShape,pattern_group,running,100.0,1,1
ExampleImagingFlowCytometryObjectsInGrid,3,12,1791411676.2171316,2770895,worker_2,W012,MeasureObjectSizeShape,step_completed,success,44.44444444444444,12,27
ExampleImagingFlowCytometryObjectsInGrid,3,12,1791411676.217847,2770895,worker_2,W012,ExpandOrShrinkObjects,step_started,started,44.44444444444444,12,27
ExampleImagingFlowCytometryObjectsInGrid,3,12,1791411676.344791,2770895,worker_2,W012,ExpandOrShrinkObjects,pattern_group,running,100.0,1,1
ExampleImagingFlowCytometryObjectsInGrid,3,12,1791411676.3452907,2770895,worker_2,W012,ExpandOrShrinkObjects,step_completed,success,48.148148148148145,13,27
ExampleImagingFlowCytometryObjectsInGrid,3,12,1791411676.3460805,2770895,worker_2,W012,RelateObjects,step_started,started,48.148148148148145,13,27
ExampleImagingFlowCytometryObjectsInGrid,3,12,1791411676.408028,2770895,worker_2,W012,RelateObjects,pattern_group,running,100.0,1,1
ExampleImagingFlowCytometryObjectsInGrid,3,12,1791411676.408586,2770895,worker_2,W012,RelateObjects,step_completed,success,51.85185185185185,14,27
ExampleImagingFlowCytometryObjectsInGrid,3,12,1791411676.409212,2770895,worker_2,W012,FilterObjects,step_started,started,51.85185185185185,14,27
ExampleImagingFlowCytometryObjectsInGrid,3,12,1791411676.415126,2770891,worker_0,W010,MeasureObjectSizeShape,pattern_group,running,100.0,1,1
ExampleImagingFlowCytometryObjectsInGrid,3,12,1791411676.4161034,2770891,worker_0,W010,MeasureObjectSizeShape,step_completed,success,44.44444444444444,12,27
ExampleImagingFlowCytometryObjectsInGrid,3,12,1791411676.4169056,2770891,worker_0,W010,ExpandOrShrinkObjects,step_started,started,44.44444444444444,12,27
ExampleImagingFlowCytometryObjectsInGrid,3,12,1791411676.5525002,2770891,worker_0,W010,ExpandOrShrinkObjects,pattern_group,running,100.0,1,1
ExampleImagingFlowCytometryObjectsInGrid,3,12,1791411676.5530953,2770891,worker_0,W010,ExpandOrShrinkObjects,step_completed,success,48.148148148148145,13,27
ExampleImagingFlowCytometryObjectsInGrid,3,12,1791411676.5539668,2770891,worker_0,W010,RelateObjects,step_started,started,48.148148148148145,13,27
ExampleImagingFlowCytometryObjectsInGrid,3,12,1791411676.6357934,2770891,worker_0,W010,RelateObjects,pattern_group,running,100.0,1,1
ExampleImagingFlowCytometryObjectsInGrid,3,12,1791411676.636322,2770891,worker_0,W010,RelateObjects,step_completed,success,51.85185185185185,14,27
ExampleImagingFlowCytometryObjectsInGrid,3,12,1791411676.6370044,2770891,worker_0,W010,FilterObjects,step_started,started,51.85185185185185,14,27
ExampleImagingFlowCytometryObjectsInGrid,3,12,1791411676.8892221,2770893,worker_1,W011,FilterObjects,pattern_group,running,100.0,1,1
ExampleImagingFlowCytometryObjectsInGrid,3,12,1791411676.8898737,2770893,worker_1,W011,FilterObjects,step_completed,success,55.55555555555556,15,27
ExampleImagingFlowCytometryObjectsInGrid,3,12,1791411676.8969874,2770893,worker_1,W011,IdentifyObjectsInGrid,step_started,started,55.55555555555556,15,27
ExampleImagingFlowCytometryObjectsInGrid,3,12,1791411677.004852,2770893,worker_1,W011,IdentifyObjectsInGrid,pattern_group,running,100.0,1,1
ExampleImagingFlowCytometryObjectsInGrid,3,12,1791411677.0055335,2770893,worker_1,W011,IdentifyObjectsInGrid,step_completed,success,59.25925925925925,16,27
ExampleImagingFlowCytometryObjectsInGrid,3,12,1791411677.006637,2770893,worker_1,W011,ExpandOrShrinkObjects,step_started,started,59.25925925925925,16,27
ExampleImagingFlowCytometryObjectsInGrid,3,12,1791411677.1226897,2770895,worker_2,W012,FilterObjects,pattern_group,running,100.0,1,1
ExampleImagingFlowCytometryObjectsInGrid,3,12,1791411677.1234744,2770895,worker_2,W012,FilterObjects,step_completed,success,55.55555555555556,15,27
ExampleImagingFlowCytometryObjectsInGrid,3,12,1791411677.1416163,2770895,worker_2,W012,IdentifyObjectsInGrid,step_started,started,55.55555555555556,15,27
ExampleImagingFlowCytometryObjectsInGrid,3,12,1791411677.24537,2770895,worker_2,W012,IdentifyObjectsInGrid,pattern_group,running,100.0,1,1
ExampleImagingFlowCytometryObjectsInGrid,3,12,1791411677.245795,2770895,worker_2,W012,IdentifyObjectsInGrid,step_completed,success,59.25925925925925,16,27
ExampleImagingFlowCytometryObjectsInGrid,3,12,1791411677.2466428,2770895,worker_2,W012,ExpandOrShrinkObjects,step_started,started,59.25925925925925,16,27
ExampleImagingFlowCytometryObjectsInGrid,3,12,1791411677.3037195,2770891,worker_0,W010,FilterObjects,pattern_group,running,100.0,1,1
ExampleImagingFlowCytometryObjectsInGrid,3,12,1791411677.304266,2770891,worker_0,W010,FilterObjects,step_completed,success,55.55555555555556,15,27
ExampleImagingFlowCytometryObjectsInGrid,3,12,1791411677.3097785,2770891,worker_0,W010,IdentifyObjectsInGrid,step_started,started,55.55555555555556,15,27
ExampleImagingFlowCytometryObjectsInGrid,3,12,1791411677.3755248,2770893,worker_1,W011,ExpandOrShrinkObjects,pattern_group,running,100.0,1,1
ExampleImagingFlowCytometryObjectsInGrid,3,12,1791411677.375968,2770893,worker_1,W011,ExpandOrShrinkObjects,step_completed,success,62.96296296296296,17,27
ExampleImagingFlowCytometryObjectsInGrid,3,12,1791411677.3766108,2770893,worker_1,W011,OverlayOutlines,step_started,started,62.96296296296296,17,27
ExampleImagingFlowCytometryObjectsInGrid,3,12,1791411677.3984373,2770891,worker_0,W010,IdentifyObjectsInGrid,pattern_group,running,100.0,1,1
ExampleImagingFlowCytometryObjectsInGrid,3,12,1791411677.3992014,2770891,worker_0,W010,IdentifyObjectsInGrid,step_completed,success,59.25925925925925,16,27
ExampleImagingFlowCytometryObjectsInGrid,3,12,1791411677.4002619,2770891,worker_0,W010,ExpandOrShrinkObjects,step_started,started,59.25925925925925,16,27
ExampleImagingFlowCytometryObjectsInGrid,3,12,1791411677.5427241,2770893,worker_1,W011,OverlayOutlines,pattern_group,running,100.0,1,1
ExampleImagingFlowCytometryObjectsInGrid,3,12,1791411677.5428972,2770893,worker_1,W011,OverlayOutlines,step_completed,success,66.66666666666666,18,27
ExampleImagingFlowCytometryObjectsInGrid,3,12,1791411677.5437737,2770893,worker_1,W011,MeasureObjectSizeShape,step_started,started,66.66666666666666,18,27
ExampleImagingFlowCytometryObjectsInGrid,3,12,1791411677.6712914,2770891,worker_0,W010,ExpandOrShrinkObjects,pattern_group,running,100.0,1,1
ExampleImagingFlowCytometryObjectsInGrid,3,12,1791411677.67174,2770891,worker_0,W010,ExpandOrShrinkObjects,step_completed,success,62.96296296296296,17,27
ExampleImagingFlowCytometryObjectsInGrid,3,12,1791411677.672416,2770891,worker_0,W010,OverlayOutlines,step_started,started,62.96296296296296,17,27
ExampleImagingFlowCytometryObjectsInGrid,3,12,1791411677.7769227,2770895,worker_2,W012,ExpandOrShrinkObjects,pattern_group,running,100.0,1,1
ExampleImagingFlowCytometryObjectsInGrid,3,12,1791411677.7773259,2770895,worker_2,W012,ExpandOrShrinkObjects,step_completed,success,62.96296296296296,17,27
ExampleImagingFlowCytometryObjectsInGrid,3,12,1791411677.7779353,2770895,worker_2,W012,OverlayOutlines,step_started,started,62.96296296296296,17,27
ExampleImagingFlowCytometryObjectsInGrid,3,12,1791411677.821793,2770891,worker_0,W010,OverlayOutlines,pattern_group,running,100.0,1,1
ExampleImagingFlowCytometryObjectsInGrid,3,12,1791411677.8220263,2770891,worker_0,W010,OverlayOutlines,step_completed,success,66.66666666666666,18,27
ExampleImagingFlowCytometryObjectsInGrid,3,12,1791411677.823001,2770891,worker_0,W010,MeasureObjectSizeShape,step_started,started,66.66666666666666,18,27
ExampleImagingFlowCytometryObjectsInGrid,3,12,1791411677.8716185,2770893,worker_1,W011,MeasureObjectSizeShape,pattern_group,running,100.0,1,1
ExampleImagingFlowCytometryObjectsInGrid,3,12,1791411677.872869,2770893,worker_1,W011,MeasureObjectSizeShape,step_completed,success,70.37037037037037,19,27
ExampleImagingFlowCytometryObjectsInGrid,3,12,1791411677.8735092,2770893,worker_1,W011,MeasureGranularity,step_started,started,70.37037037037037,19,27
ExampleImagingFlowCytometryObjectsInGrid,3,12,1791411678.023118,2770895,worker_2,W012,OverlayOutlines,pattern_group,running,100.0,1,1
ExampleImagingFlowCytometryObjectsInGrid,3,12,1791411678.0233011,2770895,worker_2,W012,OverlayOutlines,step_completed,success,66.66666666666666,18,27
ExampleImagingFlowCytometryObjectsInGrid,3,12,1791411678.0284917,2770895,worker_2,W012,MeasureObjectSizeShape,step_started,started,66.66666666666666,18,27
ExampleImagingFlowCytometryObjectsInGrid,3,12,1791411678.1467574,2770891,worker_0,W010,MeasureObjectSizeShape,pattern_group,running,100.0,1,1
ExampleImagingFlowCytometryObjectsInGrid,3,12,1791411678.1479962,2770891,worker_0,W010,MeasureObjectSizeShape,step_completed,success,70.37037037037037,19,27
ExampleImagingFlowCytometryObjectsInGrid,3,12,1791411678.148712,2770891,worker_0,W010,MeasureGranularity,step_started,started,70.37037037037037,19,27
ExampleImagingFlowCytometryObjectsInGrid,3,12,1791411678.3455093,2770895,worker_2,W012,MeasureObjectSizeShape,pattern_group,running,100.0,1,1
ExampleImagingFlowCytometryObjectsInGrid,3,12,1791411678.3467927,2770895,worker_2,W012,MeasureObjectSizeShape,step_completed,success,70.37037037037037,19,27
ExampleImagingFlowCytometryObjectsInGrid,3,12,1791411678.3474612,2770895,worker_2,W012,MeasureGranularity,step_started,started,70.37037037037037,19,27
ExampleImagingFlowCytometryObjectsInGrid,3,12,1791411678.5109665,2770893,worker_1,W011,MeasureGranularity,pattern_group,running,100.0,1,1
ExampleImagingFlowCytometryObjectsInGrid,3,12,1791411678.5117185,2770893,worker_1,W011,MeasureGranularity,step_completed,success,74.07407407407408,20,27
ExampleImagingFlowCytometryObjectsInGrid,3,12,1791411678.512395,2770893,worker_1,W011,MeasureTexture,step_started,started,74.07407407407408,20,27
ExampleImagingFlowCytometryObjectsInGrid,3,12,1791411678.804033,2770891,worker_0,W010,MeasureGranularity,pattern_group,running,100.0,1,1
ExampleImagingFlowCytometryObjectsInGrid,3,12,1791411678.8047845,2770891,worker_0,W010,MeasureGranularity,step_completed,success,74.07407407407408,20,27
ExampleImagingFlowCytometryObjectsInGrid,3,12,1791411678.8054616,2770891,worker_0,W010,MeasureTexture,step_started,started,74.07407407407408,20,27
ExampleImagingFlowCytometryObjectsInGrid,3,12,1791411678.8408751,2770895,worker_2,W012,MeasureGranularity,pattern_group,running,100.0,1,1
ExampleImagingFlowCytometryObjectsInGrid,3,12,1791411678.8417072,2770895,worker_2,W012,MeasureGranularity,step_completed,success,74.07407407407408,20,27
ExampleImagingFlowCytometryObjectsInGrid,3,12,1791411678.8424354,2770895,worker_2,W012,MeasureTexture,step_started,started,74.07407407407408,20,27
ExampleImagingFlowCytometryObjectsInGrid,3,12,1791411679.075922,2770893,worker_1,W011,MeasureTexture,pattern_group,running,100.0,1,1
ExampleImagingFlowCytometryObjectsInGrid,3,12,1791411679.0773323,2770893,worker_1,W011,MeasureTexture,step_completed,success,77.77777777777779,21,27
ExampleImagingFlowCytometryObjectsInGrid,3,12,1791411679.077988,2770893,worker_1,W011,MeasureTexture,step_started,started,77.77777777777779,21,27
ExampleImagingFlowCytometryObjectsInGrid,3,12,1791411679.321669,2770893,worker_1,W011,MeasureTexture,pattern_group,running,100.0,1,1
ExampleImagingFlowCytometryObjectsInGrid,3,12,1791411679.3225589,2770893,worker_1,W011,MeasureTexture,step_completed,success,81.48148148148148,22,27
ExampleImagingFlowCytometryObjectsInGrid,3,12,1791411679.3232303,2770893,worker_1,W011,MeasureObjectIntensity,step_started,started,81.48148148148148,22,27
ExampleImagingFlowCytometryObjectsInGrid,3,12,1791411679.3522391,2770891,worker_0,W010,MeasureTexture,pattern_group,running,100.0,1,1
ExampleImagingFlowCytometryObjectsInGrid,3,12,1791411679.3536582,2770891,worker_0,W010,MeasureTexture,step_completed,success,77.77777777777779,21,27
ExampleImagingFlowCytometryObjectsInGrid,3,12,1791411679.354335,2770891,worker_0,W010,MeasureTexture,step_started,started,77.77777777777779,21,27
ExampleImagingFlowCytometryObjectsInGrid,3,12,1791411679.3834252,2770895,worker_2,W012,MeasureTexture,pattern_group,running,100.0,1,1
ExampleImagingFlowCytometryObjectsInGrid,3,12,1791411679.3848453,2770895,worker_2,W012,MeasureTexture,step_completed,success,77.77777777777779,21,27
ExampleImagingFlowCytometryObjectsInGrid,3,12,1791411679.3855178,2770895,worker_2,W012,MeasureTexture,step_started,started,77.77777777777779,21,27
ExampleImagingFlowCytometryObjectsInGrid,3,12,1791411679.5688791,2770893,worker_1,W011,MeasureObjectIntensity,pattern_group,running,100.0,1,1
ExampleImagingFlowCytometryObjectsInGrid,3,12,1791411679.5701816,2770893,worker_1,W011,MeasureObjectIntensity,step_completed,success,85.18518518518519,23,27
ExampleImagingFlowCytometryObjectsInGrid,3,12,1791411679.5708697,2770893,worker_1,W011,MeasureObjectIntensity,step_started,started,85.18518518518519,23,27
ExampleImagingFlowCytometryObjectsInGrid,3,12,1791411679.603386,2770891,worker_0,W010,MeasureTexture,pattern_group,running,100.0,1,1
ExampleImagingFlowCytometryObjectsInGrid,3,12,1791411679.60428,2770891,worker_0,W010,MeasureTexture,step_completed,success,81.48148148148148,22,27
ExampleImagingFlowCytometryObjectsInGrid,3,12,1791411679.6049545,2770891,worker_0,W010,MeasureObjectIntensity,step_started,started,81.48148148148148,22,27
ExampleImagingFlowCytometryObjectsInGrid,3,12,1791411679.6339374,2770895,worker_2,W012,MeasureTexture,pattern_group,running,100.0,1,1
ExampleImagingFlowCytometryObjectsInGrid,3,12,1791411679.6349456,2770895,worker_2,W012,MeasureTexture,step_completed,success,81.48148148148148,22,27
ExampleImagingFlowCytometryObjectsInGrid,3,12,1791411679.6356444,2770895,worker_2,W012,MeasureObjectIntensity,step_started,started,81.48148148148148,22,27
ExampleImagingFlowCytometryObjectsInGrid,3,12,1791411679.7658334,2770893,worker_1,W011,MeasureObjectIntensity,pattern_group,running,100.0,1,1
ExampleImagingFlowCytometryObjectsInGrid,3,12,1791411679.7666419,2770893,worker_1,W011,MeasureObjectIntensity,step_completed,success,88.88888888888889,24,27
ExampleImagingFlowCytometryObjectsInGrid,3,12,1791411679.7673235,2770893,worker_1,W011,MeasureObjectIntensityDistribution,step_started,started,88.88888888888889,24,27
ExampleImagingFlowCytometryObjectsInGrid,3,12,1791411679.8547568,2770891,worker_0,W010,MeasureObjectIntensity,pattern_group,running,100.0,1,1
ExampleImagingFlowCytometryObjectsInGrid,3,12,1791411679.8559914,2770891,worker_0,W010,MeasureObjectIntensity,step_completed,success,85.18518518518519,23,27
ExampleImagingFlowCytometryObjectsInGrid,3,12,1791411679.856677,2770891,worker_0,W010,MeasureObjectIntensity,step_started,started,85.18518518518519,23,27
ExampleImagingFlowCytometryObjectsInGrid,3,12,1791411679.8829327,2770895,worker_2,W012,MeasureObjectIntensity,pattern_group,running,100.0,1,1
ExampleImagingFlowCytometryObjectsInGrid,3,12,1791411679.8842127,2770895,worker_2,W012,MeasureObjectIntensity,step_completed,success,85.18518518518519,23,27
ExampleImagingFlowCytometryObjectsInGrid,3,12,1791411679.8850992,2770895,worker_2,W012,MeasureObjectIntensity,step_started,started,85.18518518518519,23,27
ExampleImagingFlowCytometryObjectsInGrid,3,12,1791411680.0459504,2770891,worker_0,W010,MeasureObjectIntensity,pattern_group,running,100.0,1,1
ExampleImagingFlowCytometryObjectsInGrid,3,12,1791411680.0467694,2770891,worker_0,W010,MeasureObjectIntensity,step_completed,success,88.88888888888889,24,27
ExampleImagingFlowCytometryObjectsInGrid,3,12,1791411680.0474465,2770891,worker_0,W010,MeasureObjectIntensityDistribution,step_started,started,88.88888888888889,24,27
ExampleImagingFlowCytometryObjectsInGrid,3,12,1791411680.0778754,2770895,worker_2,W012,MeasureObjectIntensity,pattern_group,running,100.0,1,1
ExampleImagingFlowCytometryObjectsInGrid,3,12,1791411680.0787115,2770895,worker_2,W012,MeasureObjectIntensity,step_completed,success,88.88888888888889,24,27
ExampleImagingFlowCytometryObjectsInGrid,3,12,1791411680.0793967,2770895,worker_2,W012,MeasureObjectIntensityDistribution,step_started,started,88.88888888888889,24,27
ExampleImagingFlowCytometryObjectsInGrid,3,12,1791411680.0895724,2770893,worker_1,W011,MeasureObjectIntensityDistribution,pattern_group,running,100.0,1,1
ExampleImagingFlowCytometryObjectsInGrid,3,12,1791411680.091563,2770893,worker_1,W011,MeasureObjectIntensityDistribution,step_completed,success,92.5925925925926,25,27
ExampleImagingFlowCytometryObjectsInGrid,3,12,1791411680.0927298,2770893,worker_1,W011,MeasureObjectIntensityDistribution,step_started,started,92.5925925925926,25,27
ExampleImagingFlowCytometryObjectsInGrid,3,12,1791411680.3602147,2770891,worker_0,W010,MeasureObjectIntensityDistribution,pattern_group,running,100.0,1,1
ExampleImagingFlowCytometryObjectsInGrid,3,12,1791411680.3620849,2770891,worker_0,W010,MeasureObjectIntensityDistribution,step_completed,success,92.5925925925926,25,27
ExampleImagingFlowCytometryObjectsInGrid,3,12,1791411680.363078,2770891,worker_0,W010,MeasureObjectIntensityDistribution,step_started,started,92.5925925925926,25,27
ExampleImagingFlowCytometryObjectsInGrid,3,12,1791411680.3936157,2770895,worker_2,W012,MeasureObjectIntensityDistribution,pattern_group,running,100.0,1,1
ExampleImagingFlowCytometryObjectsInGrid,3,12,1791411680.3954864,2770895,worker_2,W012,MeasureObjectIntensityDistribution,step_completed,success,92.5925925925926,25,27
ExampleImagingFlowCytometryObjectsInGrid,3,12,1791411680.396531,2770895,worker_2,W012,MeasureObjectIntensityDistribution,step_started,started,92.5925925925926,25,27
ExampleImagingFlowCytometryObjectsInGrid,3,12,1791411680.3946576,2770893,worker_1,W011,MeasureObjectIntensityDistribution,pattern_group,running,100.0,1,1
ExampleImagingFlowCytometryObjectsInGrid,3,12,1791411680.396354,2770893,worker_1,W011,MeasureObjectIntensityDistribution,step_completed,success,96.29629629629629,26,27
ExampleImagingFlowCytometryObjectsInGrid,3,12,1791411680.3987749,2770893,worker_1,W011,pipeline,axis_completed,success,96.29629629629629,26,27
ExampleImagingFlowCytometryObjectsInGrid,3,12,1791411680.6480067,2770891,worker_0,W010,MeasureObjectIntensityDistribution,pattern_group,running,100.0,1,1
ExampleImagingFlowCytometryObjectsInGrid,3,12,1791411680.6496673,2770891,worker_0,W010,MeasureObjectIntensityDistribution,step_completed,success,96.29629629629629,26,27
ExampleImagingFlowCytometryObjectsInGrid,3,12,1791411680.6512423,2770891,worker_0,W010,pipeline,axis_completed,success,96.29629629629629,26,27
ExampleImagingFlowCytometryObjectsInGrid,3,12,1791411680.6836026,2770895,worker_2,W012,MeasureObjectIntensityDistribution,pattern_group,running,100.0,1,1
ExampleImagingFlowCytometryObjectsInGrid,3,12,1791411680.6853468,2770895,worker_2,W012,MeasureObjectIntensityDistribution,step_completed,success,96.29629629629629,26,27
ExampleImagingFlowCytometryObjectsInGrid,3,12,1791411680.6869454,2770895,worker_2,W012,pipeline,axis_completed,success,96.29629629629629,26,27
ExampleImagingFlowCytometryObjectsInGrid,3,12,1791411681.2285202,2547534,,,ExportToSpreadsheet,step_started,started,96.29629629629629,26,27
ExampleImagingFlowCytometryObjectsInGrid,3,12,1791411683.234015,2547534,,,ExportToSpreadsheet,running,running,96.29629629629629,26,27
ExampleImagingFlowCytometryObjectsInGrid,3,12,1791411685.2342637,2547534,,,ExportToSpreadsheet,running,running,96.29629629629629,26,27
ExampleImagingFlowCytometryObjectsInGrid,3,12,1791411687.234408,2547534,,,ExportToSpreadsheet,running,running,96.29629629629629,26,27
ExampleImagingFlowCytometryObjectsInGrid,3,12,1791411689.2395802,2547534,,,ExportToSpreadsheet,running,running,96.29629629629629,26,27
ExampleImagingFlowCytometryObjectsInGrid,3,12,1791411691.2415102,2547534,,,ExportToSpreadsheet,running,running,96.29629629629629,26,27
ExampleImagingFlowCytometryObjectsInGrid,3,12,1791411693.2563794,2547534,,,ExportToSpreadsheet,running,running,96.29629629629629,26,27
ExampleImagingFlowCytometryObjectsInGrid,3,12,1791411695.2652981,2547534,,,ExportToSpreadsheet,running,running,96.29629629629629,26,27
ExampleImagingFlowCytometryObjectsInGrid,3,12,1791411696.0656564,2547534,,,ExportToSpreadsheet,step_completed,success,100.0,27,27
ExampleImagingFlowCytometryObjectsInGrid,3,12,1791411696.2058158,2547534,,,pipeline,success,success,100.0,27,27
