case_name,worker_count,well_count,timestamp,pid,worker_slot,axis_id,step_name,phase,status,percent,completed,total
cp_tutorial_3d_monolayer,1,9,1791321420.6080706,3170533,,,pipeline,compile,started,0.0,0,31
cp_tutorial_3d_monolayer,1,9,1791321421.1021082,3170533,,,,init,started,0.0,0,1
cp_tutorial_3d_monolayer,1,9,1791321421.6237957,3170533,,W001,compilation,compile,running,11.11111111111111,1,9
cp_tutorial_3d_monolayer,1,9,1791321421.6777902,3170533,,W002,compilation,compile,running,22.22222222222222,2,9
cp_tutorial_3d_monolayer,1,9,1791321421.731804,3170533,,W003,compilation,compile,running,33.33333333333333,3,9
cp_tutorial_3d_monolayer,1,9,1791321421.786141,3170533,,W004,compilation,compile,running,44.44444444444444,4,9
cp_tutorial_3d_monolayer,1,9,1791321421.839979,3170533,,W005,compilation,compile,running,55.55555555555556,5,9
cp_tutorial_3d_monolayer,1,9,1791321421.8941166,3170533,,W006,compilation,compile,running,66.66666666666666,6,9
cp_tutorial_3d_monolayer,1,9,1791321421.9504313,3170533,,W007,compilation,compile,running,77.77777777777779,7,9
cp_tutorial_3d_monolayer,1,9,1791321422.0043638,3170533,,W008,compilation,compile,running,88.88888888888889,8,9
cp_tutorial_3d_monolayer,1,9,1791321422.0589445,3170533,,W009,compilation,compile,running,100.0,9,9
cp_tutorial_3d_monolayer,1,9,1791321422.0755746,3170533,,,,init,started,0.0,0,1
cp_tutorial_3d_monolayer,1,9,1791321422.075642,3170533,,,pipeline,compile,success,100.0,1,31
cp_tutorial_3d_monolayer,1,9,1791321422.0756884,3170533,,W001,compilation,compile,success,100.0,1,1
cp_tutorial_3d_monolayer,1,9,1791321422.0757172,3170533,,W002,compilation,compile,success,100.0,1,1
cp_tutorial_3d_monolayer,1,9,1791321422.075743,3170533,,W003,compilation,compile,success,100.0,1,1
cp_tutorial_3d_monolayer,1,9,1791321422.0757675,3170533,,W004,compilation,compile,success,100.0,1,1
cp_tutorial_3d_monolayer,1,9,1791321422.0757918,3170533,,W005,compilation,compile,success,100.0,1,1
cp_tutorial_3d_monolayer,1,9,1791321422.0758164,3170533,,W006,compilation,compile,success,100.0,1,1
cp_tutorial_3d_monolayer,1,9,1791321422.07584,3170533,,W007,compilation,compile,success,100.0,1,1
cp_tutorial_3d_monolayer,1,9,1791321422.0758638,3170533,,W008,compilation,compile,success,100.0,1,1
cp_tutorial_3d_monolayer,1,9,1791321422.0758874,3170533,,W009,compilation,compile,success,100.0,1,1
cp_tutorial_3d_monolayer,1,9,1791321422.1193564,3170533,,,,init,started,0.0,0,1
cp_tutorial_3d_monolayer,1,9,1791321422.135146,3170533,worker_0,W001,pipeline,axis_started,started,0.0,0,31
cp_tutorial_3d_monolayer,1,9,1791321422.1383915,3170533,worker_0,W001,RescaleIntensity,step_started,started,0.0,0,31
cp_tutorial_3d_monolayer,1,9,1791321422.3610132,3170533,worker_0,W001,RescaleIntensity,pattern_group,running,100.0,1,1
cp_tutorial_3d_monolayer,1,9,1791321422.3611672,3170533,worker_0,W001,RescaleIntensity,step_completed,success,3.225806451612903,1,31
cp_tutorial_3d_monolayer,1,9,1791321422.3614619,3170533,worker_0,W001,Resize,step_started,started,3.225806451612903,1,31
cp_tutorial_3d_monolayer,1,9,1791321422.4596643,3170533,worker_0,W001,Resize,pattern_group,running,100.0,1,1
cp_tutorial_3d_monolayer,1,9,1791321422.459808,3170533,worker_0,W001,Resize,step_completed,success,6.451612903225806,2,31
cp_tutorial_3d_monolayer,1,9,1791321422.4600801,3170533,worker_0,W001,MedianFilter,step_started,started,6.451612903225806,2,31
cp_tutorial_3d_monolayer,1,9,1791321422.6257055,3170533,worker_0,W001,MedianFilter,pattern_group,running,100.0,1,1
cp_tutorial_3d_monolayer,1,9,1791321422.6258469,3170533,worker_0,W001,MedianFilter,step_completed,success,9.67741935483871,3,31
cp_tutorial_3d_monolayer,1,9,1791321422.6262028,3170533,worker_0,W001,Threshold,step_started,started,9.67741935483871,3,31
cp_tutorial_3d_monolayer,1,9,1791321422.6633966,3170533,worker_0,W001,Threshold,pattern_group,running,100.0,1,1
cp_tutorial_3d_monolayer,1,9,1791321422.6636393,3170533,worker_0,W001,Threshold,step_completed,success,12.903225806451612,4,31
cp_tutorial_3d_monolayer,1,9,1791321422.6640096,3170533,worker_0,W001,RemoveHoles,step_started,started,12.903225806451612,4,31
cp_tutorial_3d_monolayer,1,9,1791321422.6812842,3170533,worker_0,W001,RemoveHoles,pattern_group,running,100.0,1,1
cp_tutorial_3d_monolayer,1,9,1791321422.6814313,3170533,worker_0,W001,RemoveHoles,step_completed,success,16.129032258064516,5,31
cp_tutorial_3d_monolayer,1,9,1791321422.6817963,3170533,worker_0,W001,Watershed,step_started,started,16.129032258064516,5,31
cp_tutorial_3d_monolayer,1,9,1791321422.771334,3170533,worker_0,W001,Watershed,pattern_group,running,100.0,1,1
cp_tutorial_3d_monolayer,1,9,1791321422.7717257,3170533,worker_0,W001,Watershed,step_completed,success,19.35483870967742,6,31
cp_tutorial_3d_monolayer,1,9,1791321422.7721188,3170533,worker_0,W001,ResizeObjects,step_started,started,19.35483870967742,6,31
cp_tutorial_3d_monolayer,1,9,1791321422.8005874,3170533,worker_0,W001,ResizeObjects,pattern_group,running,100.0,1,1
cp_tutorial_3d_monolayer,1,9,1791321422.80107,3170533,worker_0,W001,ResizeObjects,step_completed,success,22.58064516129032,7,31
cp_tutorial_3d_monolayer,1,9,1791321422.8015013,3170533,worker_0,W001,ErodeObjects,step_started,started,22.58064516129032,7,31
cp_tutorial_3d_monolayer,1,9,1791321422.858643,3170533,worker_0,W001,ErodeObjects,pattern_group,running,100.0,1,1
cp_tutorial_3d_monolayer,1,9,1791321422.8591094,3170533,worker_0,W001,ErodeObjects,step_completed,success,25.806451612903224,8,31
cp_tutorial_3d_monolayer,1,9,1791321422.859593,3170533,worker_0,W001,ResizeObjects,step_started,started,25.806451612903224,8,31
cp_tutorial_3d_monolayer,1,9,1791321422.8837612,3170533,worker_0,W001,ResizeObjects,pattern_group,running,100.0,1,1
cp_tutorial_3d_monolayer,1,9,1791321422.8842325,3170533,worker_0,W001,ResizeObjects,step_completed,success,29.03225806451613,9,31
cp_tutorial_3d_monolayer,1,9,1791321422.8849416,3170533,worker_0,W001,ConvertObjectsToImage,step_started,started,29.03225806451613,9,31
cp_tutorial_3d_monolayer,1,9,1791321422.9094002,3170533,worker_0,W001,ConvertObjectsToImage,pattern_group,running,100.0,1,1
cp_tutorial_3d_monolayer,1,9,1791321422.9095466,3170533,worker_0,W001,ConvertObjectsToImage,step_completed,success,32.25806451612903,10,31
cp_tutorial_3d_monolayer,1,9,1791321422.9099932,3170533,worker_0,W001,Threshold,step_started,started,32.25806451612903,10,31
cp_tutorial_3d_monolayer,1,9,1791321423.086356,3170533,worker_0,W001,Threshold,pattern_group,running,100.0,1,1
cp_tutorial_3d_monolayer,1,9,1791321423.0866005,3170533,worker_0,W001,Threshold,step_completed,success,35.483870967741936,11,31
cp_tutorial_3d_monolayer,1,9,1791321423.0869296,3170533,worker_0,W001,ImageMath,step_started,started,35.483870967741936,11,31
cp_tutorial_3d_monolayer,1,9,1791321423.1195154,3170533,worker_0,W001,ImageMath,pattern_group,running,100.0,1,1
cp_tutorial_3d_monolayer,1,9,1791321423.1196704,3170533,worker_0,W001,ImageMath,step_completed,success,38.70967741935484,12,31
cp_tutorial_3d_monolayer,1,9,1791321423.1201587,3170533,worker_0,W001,RemoveHoles,step_started,started,38.70967741935484,12,31
cp_tutorial_3d_monolayer,1,9,1791321423.1675534,3170533,worker_0,W001,RemoveHoles,pattern_group,running,100.0,1,1
cp_tutorial_3d_monolayer,1,9,1791321423.167729,3170533,worker_0,W001,RemoveHoles,step_completed,success,41.935483870967744,13,31
cp_tutorial_3d_monolayer,1,9,1791321423.1690373,3170533,worker_0,W001,ImageMath,step_started,started,41.935483870967744,13,31
cp_tutorial_3d_monolayer,1,9,1791321423.4461179,3170533,worker_0,W001,ImageMath,pattern_group,running,100.0,1,1
cp_tutorial_3d_monolayer,1,9,1791321423.446277,3170533,worker_0,W001,ImageMath,step_completed,success,45.16129032258064,14,31
cp_tutorial_3d_monolayer,1,9,1791321423.4466155,3170533,worker_0,W001,Resize,step_started,started,45.16129032258064,14,31
cp_tutorial_3d_monolayer,1,9,1791321423.5066519,3170533,worker_0,W001,Resize,pattern_group,running,100.0,1,1
cp_tutorial_3d_monolayer,1,9,1791321423.5069213,3170533,worker_0,W001,Resize,step_completed,success,48.38709677419355,15,31
cp_tutorial_3d_monolayer,1,9,1791321423.5089705,3170533,worker_0,W001,Closing,step_started,started,48.38709677419355,15,31
cp_tutorial_3d_monolayer,1,9,1791321423.58766,3170533,worker_0,W001,Closing,pattern_group,running,100.0,1,1
cp_tutorial_3d_monolayer,1,9,1791321423.5878031,3170533,worker_0,W001,Closing,step_completed,success,51.61290322580645,16,31
cp_tutorial_3d_monolayer,1,9,1791321423.5883036,3170533,worker_0,W001,Resize,step_started,started,51.61290322580645,16,31
cp_tutorial_3d_monolayer,1,9,1791321423.6384711,3170533,worker_0,W001,Resize,pattern_group,running,100.0,1,1
cp_tutorial_3d_monolayer,1,9,1791321423.6386135,3170533,worker_0,W001,Resize,step_completed,success,54.83870967741935,17,31
cp_tutorial_3d_monolayer,1,9,1791321423.6391084,3170533,worker_0,W001,Threshold,step_started,started,54.83870967741935,17,31
cp_tutorial_3d_monolayer,1,9,1791321423.819189,3170533,worker_0,W001,Threshold,pattern_group,running,100.0,1,1
cp_tutorial_3d_monolayer,1,9,1791321423.81945,3170533,worker_0,W001,Threshold,step_completed,success,58.06451612903226,18,31
cp_tutorial_3d_monolayer,1,9,1791321423.8199565,3170533,worker_0,W001,MaskImage,step_started,started,58.06451612903226,18,31
cp_tutorial_3d_monolayer,1,9,1791321423.8667345,3170533,worker_0,W001,MaskImage,pattern_group,running,100.0,1,1
cp_tutorial_3d_monolayer,1,9,1791321423.8668895,3170533,worker_0,W001,MaskImage,step_completed,success,61.29032258064516,19,31
cp_tutorial_3d_monolayer,1,9,1791321423.8678544,3170533,worker_0,W001,ErodeImage,step_started,started,61.29032258064516,19,31
cp_tutorial_3d_monolayer,1,9,1791321423.8997881,3170533,worker_0,W001,ErodeImage,pattern_group,running,100.0,1,1
cp_tutorial_3d_monolayer,1,9,1791321423.8999367,3170533,worker_0,W001,ErodeImage,step_completed,success,64.51612903225806,20,31
cp_tutorial_3d_monolayer,1,9,1791321423.901254,3170533,worker_0,W001,Watershed,step_started,started,64.51612903225806,20,31
cp_tutorial_3d_monolayer,1,9,1791321423.9943886,3170533,worker_0,W001,Watershed,pattern_group,running,100.0,1,1
cp_tutorial_3d_monolayer,1,9,1791321423.9947782,3170533,worker_0,W001,Watershed,step_completed,success,67.74193548387096,21,31
cp_tutorial_3d_monolayer,1,9,1791321423.9953835,3170533,worker_0,W001,MeasureObjectIntensity,step_started,started,67.74193548387096,21,31
cp_tutorial_3d_monolayer,1,9,1791321424.2355242,3170533,worker_0,W001,MeasureObjectIntensity,pattern_group,running,50.0,1,2
cp_tutorial_3d_monolayer,1,9,1791321424.5151906,3170533,worker_0,W001,MeasureObjectIntensity,pattern_group,running,100.0,2,2
cp_tutorial_3d_monolayer,1,9,1791321424.5173883,3170533,worker_0,W001,MeasureObjectIntensity,step_completed,success,70.96774193548387,22,31
cp_tutorial_3d_monolayer,1,9,1791321424.5177512,3170533,worker_0,W001,MeasureObjectSizeShape,step_started,started,70.96774193548387,22,31
cp_tutorial_3d_monolayer,1,9,1791321424.6122959,3170533,worker_0,W001,MeasureObjectSizeShape,pattern_group,running,50.0,1,2
cp_tutorial_3d_monolayer,1,9,1791321424.7069702,3170533,worker_0,W001,MeasureObjectSizeShape,pattern_group,running,100.0,2,2
cp_tutorial_3d_monolayer,1,9,1791321424.7075512,3170533,worker_0,W001,MeasureObjectSizeShape,step_completed,success,74.19354838709677,23,31
cp_tutorial_3d_monolayer,1,9,1791321424.7079213,3170533,worker_0,W001,OverlayObjects,step_started,started,74.19354838709677,23,31
cp_tutorial_3d_monolayer,1,9,1791321424.7523394,3170533,worker_0,W001,OverlayObjects,pattern_group,running,100.0,1,1
cp_tutorial_3d_monolayer,1,9,1791321424.7524514,3170533,worker_0,W001,OverlayObjects,step_completed,success,77.41935483870968,24,31
cp_tutorial_3d_monolayer,1,9,1791321424.7530348,3170533,worker_0,W001,RescaleIntensity,step_started,started,77.41935483870968,24,31
cp_tutorial_3d_monolayer,1,9,1791321424.8384519,3170533,worker_0,W001,RescaleIntensity,pattern_group,running,100.0,1,1
cp_tutorial_3d_monolayer,1,9,1791321424.8386145,3170533,worker_0,W001,RescaleIntensity,step_completed,success,80.64516129032258,25,31
cp_tutorial_3d_monolayer,1,9,1791321424.8389885,3170533,worker_0,W001,OverlayObjects,step_started,started,80.64516129032258,25,31
cp_tutorial_3d_monolayer,1,9,1791321424.8876517,3170533,worker_0,W001,OverlayObjects,pattern_group,running,100.0,1,1
cp_tutorial_3d_monolayer,1,9,1791321424.8877532,3170533,worker_0,W001,OverlayObjects,step_completed,success,83.87096774193549,26,31
cp_tutorial_3d_monolayer,1,9,1791321424.8883517,3170533,worker_0,W001,ConvertObjectsToImage,step_started,started,83.87096774193549,26,31
cp_tutorial_3d_monolayer,1,9,1791321424.9209878,3170533,worker_0,W001,ConvertObjectsToImage,pattern_group,running,100.0,1,1
cp_tutorial_3d_monolayer,1,9,1791321424.921134,3170533,worker_0,W001,ConvertObjectsToImage,step_completed,success,87.09677419354838,27,31
cp_tutorial_3d_monolayer,1,9,1791321424.92172,3170533,worker_0,W001,SaveImages,step_started,started,87.09677419354838,27,31
cp_tutorial_3d_monolayer,1,9,1791321424.9720864,3170533,worker_0,W001,SaveImages,pattern_group,running,100.0,1,1
cp_tutorial_3d_monolayer,1,9,1791321424.980117,3170533,worker_0,W001,SaveImages,step_completed,success,90.32258064516128,28,31
cp_tutorial_3d_monolayer,1,9,1791321424.9807432,3170533,worker_0,W001,ConvertObjectsToImage,step_started,started,90.32258064516128,28,31
cp_tutorial_3d_monolayer,1,9,1791321425.0147064,3170533,worker_0,W001,ConvertObjectsToImage,pattern_group,running,100.0,1,1
cp_tutorial_3d_monolayer,1,9,1791321425.014866,3170533,worker_0,W001,ConvertObjectsToImage,step_completed,success,93.54838709677419,29,31
cp_tutorial_3d_monolayer,1,9,1791321425.0178854,3170533,worker_0,W001,SaveImages,step_started,started,93.54838709677419,29,31
cp_tutorial_3d_monolayer,1,9,1791321425.0671573,3170533,worker_0,W001,SaveImages,pattern_group,running,100.0,1,1
cp_tutorial_3d_monolayer,1,9,1791321425.0734372,3170533,worker_0,W001,SaveImages,step_completed,success,96.7741935483871,30,31
cp_tutorial_3d_monolayer,1,9,1791321425.0745392,3170533,worker_0,W001,pipeline,axis_completed,success,96.7741935483871,30,31
cp_tutorial_3d_monolayer,1,9,1791321425.0746036,3170533,worker_0,W002,pipeline,axis_started,started,0.0,0,31
cp_tutorial_3d_monolayer,1,9,1791321425.0775228,3170533,worker_0,W002,RescaleIntensity,step_started,started,0.0,0,31
cp_tutorial_3d_monolayer,1,9,1791321425.3560784,3170533,worker_0,W002,RescaleIntensity,pattern_group,running,100.0,1,1
cp_tutorial_3d_monolayer,1,9,1791321425.3562279,3170533,worker_0,W002,RescaleIntensity,step_completed,success,3.225806451612903,1,31
cp_tutorial_3d_monolayer,1,9,1791321425.3565214,3170533,worker_0,W002,Resize,step_started,started,3.225806451612903,1,31
cp_tutorial_3d_monolayer,1,9,1791321425.4123778,3170533,worker_0,W002,Resize,pattern_group,running,100.0,1,1
cp_tutorial_3d_monolayer,1,9,1791321425.412522,3170533,worker_0,W002,Resize,step_completed,success,6.451612903225806,2,31
cp_tutorial_3d_monolayer,1,9,1791321425.4128182,3170533,worker_0,W002,MedianFilter,step_started,started,6.451612903225806,2,31
cp_tutorial_3d_monolayer,1,9,1791321425.578665,3170533,worker_0,W002,MedianFilter,pattern_group,running,100.0,1,1
cp_tutorial_3d_monolayer,1,9,1791321425.578807,3170533,worker_0,W002,MedianFilter,step_completed,success,9.67741935483871,3,31
cp_tutorial_3d_monolayer,1,9,1791321425.5791583,3170533,worker_0,W002,Threshold,step_started,started,9.67741935483871,3,31
cp_tutorial_3d_monolayer,1,9,1791321425.6169388,3170533,worker_0,W002,Threshold,pattern_group,running,100.0,1,1
cp_tutorial_3d_monolayer,1,9,1791321425.617176,3170533,worker_0,W002,Threshold,step_completed,success,12.903225806451612,4,31
cp_tutorial_3d_monolayer,1,9,1791321425.6175778,3170533,worker_0,W002,RemoveHoles,step_started,started,12.903225806451612,4,31
cp_tutorial_3d_monolayer,1,9,1791321425.6340075,3170533,worker_0,W002,RemoveHoles,pattern_group,running,100.0,1,1
cp_tutorial_3d_monolayer,1,9,1791321425.634151,3170533,worker_0,W002,RemoveHoles,step_completed,success,16.129032258064516,5,31
cp_tutorial_3d_monolayer,1,9,1791321425.6345327,3170533,worker_0,W002,Watershed,step_started,started,16.129032258064516,5,31
cp_tutorial_3d_monolayer,1,9,1791321425.7250419,3170533,worker_0,W002,Watershed,pattern_group,running,100.0,1,1
cp_tutorial_3d_monolayer,1,9,1791321425.7254424,3170533,worker_0,W002,Watershed,step_completed,success,19.35483870967742,6,31
cp_tutorial_3d_monolayer,1,9,1791321425.7258487,3170533,worker_0,W002,ResizeObjects,step_started,started,19.35483870967742,6,31
cp_tutorial_3d_monolayer,1,9,1791321425.753572,3170533,worker_0,W002,ResizeObjects,pattern_group,running,100.0,1,1
cp_tutorial_3d_monolayer,1,9,1791321425.7540498,3170533,worker_0,W002,ResizeObjects,step_completed,success,22.58064516129032,7,31
cp_tutorial_3d_monolayer,1,9,1791321425.7544808,3170533,worker_0,W002,ErodeObjects,step_started,started,22.58064516129032,7,31
cp_tutorial_3d_monolayer,1,9,1791321425.8117197,3170533,worker_0,W002,ErodeObjects,pattern_group,running,100.0,1,1
cp_tutorial_3d_monolayer,1,9,1791321425.8121834,3170533,worker_0,W002,ErodeObjects,step_completed,success,25.806451612903224,8,31
cp_tutorial_3d_monolayer,1,9,1791321425.8126717,3170533,worker_0,W002,ResizeObjects,step_started,started,25.806451612903224,8,31
cp_tutorial_3d_monolayer,1,9,1791321425.8365865,3170533,worker_0,W002,ResizeObjects,pattern_group,running,100.0,1,1
cp_tutorial_3d_monolayer,1,9,1791321425.837055,3170533,worker_0,W002,ResizeObjects,step_completed,success,29.03225806451613,9,31
cp_tutorial_3d_monolayer,1,9,1791321425.837565,3170533,worker_0,W002,ConvertObjectsToImage,step_started,started,29.03225806451613,9,31
cp_tutorial_3d_monolayer,1,9,1791321425.8619316,3170533,worker_0,W002,ConvertObjectsToImage,pattern_group,running,100.0,1,1
cp_tutorial_3d_monolayer,1,9,1791321425.8620756,3170533,worker_0,W002,ConvertObjectsToImage,step_completed,success,32.25806451612903,10,31
cp_tutorial_3d_monolayer,1,9,1791321425.8625352,3170533,worker_0,W002,Threshold,step_started,started,32.25806451612903,10,31
cp_tutorial_3d_monolayer,1,9,1791321426.03665,3170533,worker_0,W002,Threshold,pattern_group,running,100.0,1,1
cp_tutorial_3d_monolayer,1,9,1791321426.0368893,3170533,worker_0,W002,Threshold,step_completed,success,35.483870967741936,11,31
cp_tutorial_3d_monolayer,1,9,1791321426.037222,3170533,worker_0,W002,ImageMath,step_started,started,35.483870967741936,11,31
cp_tutorial_3d_monolayer,1,9,1791321426.0698826,3170533,worker_0,W002,ImageMath,pattern_group,running,100.0,1,1
cp_tutorial_3d_monolayer,1,9,1791321426.0700314,3170533,worker_0,W002,ImageMath,step_completed,success,38.70967741935484,12,31
cp_tutorial_3d_monolayer,1,9,1791321426.070519,3170533,worker_0,W002,RemoveHoles,step_started,started,38.70967741935484,12,31
cp_tutorial_3d_monolayer,1,9,1791321426.1176805,3170533,worker_0,W002,RemoveHoles,pattern_group,running,100.0,1,1
cp_tutorial_3d_monolayer,1,9,1791321426.1178248,3170533,worker_0,W002,RemoveHoles,step_completed,success,41.935483870967744,13,31
cp_tutorial_3d_monolayer,1,9,1791321426.1190464,3170533,worker_0,W002,ImageMath,step_started,started,41.935483870967744,13,31
cp_tutorial_3d_monolayer,1,9,1791321426.3898096,3170533,worker_0,W002,ImageMath,pattern_group,running,100.0,1,1
cp_tutorial_3d_monolayer,1,9,1791321426.3899539,3170533,worker_0,W002,ImageMath,step_completed,success,45.16129032258064,14,31
cp_tutorial_3d_monolayer,1,9,1791321426.390309,3170533,worker_0,W002,Resize,step_started,started,45.16129032258064,14,31
cp_tutorial_3d_monolayer,1,9,1791321426.4501078,3170533,worker_0,W002,Resize,pattern_group,running,100.0,1,1
cp_tutorial_3d_monolayer,1,9,1791321426.4502535,3170533,worker_0,W002,Resize,step_completed,success,48.38709677419355,15,31
cp_tutorial_3d_monolayer,1,9,1791321426.4526422,3170533,worker_0,W002,Closing,step_started,started,48.38709677419355,15,31
cp_tutorial_3d_monolayer,1,9,1791321426.5299077,3170533,worker_0,W002,Closing,pattern_group,running,100.0,1,1
cp_tutorial_3d_monolayer,1,9,1791321426.5300503,3170533,worker_0,W002,Closing,step_completed,success,51.61290322580645,16,31
cp_tutorial_3d_monolayer,1,9,1791321426.5305574,3170533,worker_0,W002,Resize,step_started,started,51.61290322580645,16,31
cp_tutorial_3d_monolayer,1,9,1791321426.5807002,3170533,worker_0,W002,Resize,pattern_group,running,100.0,1,1
cp_tutorial_3d_monolayer,1,9,1791321426.5809052,3170533,worker_0,W002,Resize,step_completed,success,54.83870967741935,17,31
cp_tutorial_3d_monolayer,1,9,1791321426.5815344,3170533,worker_0,W002,Threshold,step_started,started,54.83870967741935,17,31
cp_tutorial_3d_monolayer,1,9,1791321426.8370793,3170533,worker_0,W002,Threshold,pattern_group,running,100.0,1,1
cp_tutorial_3d_monolayer,1,9,1791321426.8373306,3170533,worker_0,W002,Threshold,step_completed,success,58.06451612903226,18,31
cp_tutorial_3d_monolayer,1,9,1791321426.837835,3170533,worker_0,W002,MaskImage,step_started,started,58.06451612903226,18,31
cp_tutorial_3d_monolayer,1,9,1791321426.88342,3170533,worker_0,W002,MaskImage,pattern_group,running,100.0,1,1
cp_tutorial_3d_monolayer,1,9,1791321426.8835762,3170533,worker_0,W002,MaskImage,step_completed,success,61.29032258064516,19,31
cp_tutorial_3d_monolayer,1,9,1791321426.8841834,3170533,worker_0,W002,ErodeImage,step_started,started,61.29032258064516,19,31
cp_tutorial_3d_monolayer,1,9,1791321426.915902,3170533,worker_0,W002,ErodeImage,pattern_group,running,100.0,1,1
cp_tutorial_3d_monolayer,1,9,1791321426.9160514,3170533,worker_0,W002,ErodeImage,step_completed,success,64.51612903225806,20,31
cp_tutorial_3d_monolayer,1,9,1791321426.9174674,3170533,worker_0,W002,Watershed,step_started,started,64.51612903225806,20,31
cp_tutorial_3d_monolayer,1,9,1791321427.0081482,3170533,worker_0,W002,Watershed,pattern_group,running,100.0,1,1
cp_tutorial_3d_monolayer,1,9,1791321427.008545,3170533,worker_0,W002,Watershed,step_completed,success,67.74193548387096,21,31
cp_tutorial_3d_monolayer,1,9,1791321427.0091326,3170533,worker_0,W002,MeasureObjectIntensity,step_started,started,67.74193548387096,21,31
cp_tutorial_3d_monolayer,1,9,1791321427.2508323,3170533,worker_0,W002,MeasureObjectIntensity,pattern_group,running,50.0,1,2
cp_tutorial_3d_monolayer,1,9,1791321427.5272992,3170533,worker_0,W002,MeasureObjectIntensity,pattern_group,running,100.0,2,2
cp_tutorial_3d_monolayer,1,9,1791321427.529483,3170533,worker_0,W002,MeasureObjectIntensity,step_completed,success,70.96774193548387,22,31
cp_tutorial_3d_monolayer,1,9,1791321427.5298493,3170533,worker_0,W002,MeasureObjectSizeShape,step_started,started,70.96774193548387,22,31
cp_tutorial_3d_monolayer,1,9,1791321427.6246233,3170533,worker_0,W002,MeasureObjectSizeShape,pattern_group,running,50.0,1,2
cp_tutorial_3d_monolayer,1,9,1791321427.7192178,3170533,worker_0,W002,MeasureObjectSizeShape,pattern_group,running,100.0,2,2
cp_tutorial_3d_monolayer,1,9,1791321427.719799,3170533,worker_0,W002,MeasureObjectSizeShape,step_completed,success,74.19354838709677,23,31
cp_tutorial_3d_monolayer,1,9,1791321427.7201767,3170533,worker_0,W002,OverlayObjects,step_started,started,74.19354838709677,23,31
cp_tutorial_3d_monolayer,1,9,1791321427.7643924,3170533,worker_0,W002,OverlayObjects,pattern_group,running,100.0,1,1
cp_tutorial_3d_monolayer,1,9,1791321427.7644992,3170533,worker_0,W002,OverlayObjects,step_completed,success,77.41935483870968,24,31
cp_tutorial_3d_monolayer,1,9,1791321427.7650769,3170533,worker_0,W002,RescaleIntensity,step_started,started,77.41935483870968,24,31
cp_tutorial_3d_monolayer,1,9,1791321427.8486495,3170533,worker_0,W002,RescaleIntensity,pattern_group,running,100.0,1,1
cp_tutorial_3d_monolayer,1,9,1791321427.8487966,3170533,worker_0,W002,RescaleIntensity,step_completed,success,80.64516129032258,25,31
cp_tutorial_3d_monolayer,1,9,1791321427.8491616,3170533,worker_0,W002,OverlayObjects,step_started,started,80.64516129032258,25,31
cp_tutorial_3d_monolayer,1,9,1791321427.8901775,3170533,worker_0,W002,OverlayObjects,pattern_group,running,100.0,1,1
cp_tutorial_3d_monolayer,1,9,1791321427.8902922,3170533,worker_0,W002,OverlayObjects,step_completed,success,83.87096774193549,26,31
cp_tutorial_3d_monolayer,1,9,1791321427.8909166,3170533,worker_0,W002,ConvertObjectsToImage,step_started,started,83.87096774193549,26,31
cp_tutorial_3d_monolayer,1,9,1791321427.9231899,3170533,worker_0,W002,ConvertObjectsToImage,pattern_group,running,100.0,1,1
cp_tutorial_3d_monolayer,1,9,1791321427.9233472,3170533,worker_0,W002,ConvertObjectsToImage,step_completed,success,87.09677419354838,27,31
cp_tutorial_3d_monolayer,1,9,1791321427.923936,3170533,worker_0,W002,SaveImages,step_started,started,87.09677419354838,27,31
cp_tutorial_3d_monolayer,1,9,1791321427.9752166,3170533,worker_0,W002,SaveImages,pattern_group,running,100.0,1,1
cp_tutorial_3d_monolayer,1,9,1791321427.9816244,3170533,worker_0,W002,SaveImages,step_completed,success,90.32258064516128,28,31
cp_tutorial_3d_monolayer,1,9,1791321427.9822578,3170533,worker_0,W002,ConvertObjectsToImage,step_started,started,90.32258064516128,28,31
cp_tutorial_3d_monolayer,1,9,1791321428.016255,3170533,worker_0,W002,ConvertObjectsToImage,pattern_group,running,100.0,1,1
cp_tutorial_3d_monolayer,1,9,1791321428.0164356,3170533,worker_0,W002,ConvertObjectsToImage,step_completed,success,93.54838709677419,29,31
cp_tutorial_3d_monolayer,1,9,1791321428.0188985,3170533,worker_0,W002,SaveImages,step_started,started,93.54838709677419,29,31
cp_tutorial_3d_monolayer,1,9,1791321428.0681388,3170533,worker_0,W002,SaveImages,pattern_group,running,100.0,1,1
cp_tutorial_3d_monolayer,1,9,1791321428.0747287,3170533,worker_0,W002,SaveImages,step_completed,success,96.7741935483871,30,31
cp_tutorial_3d_monolayer,1,9,1791321428.0758364,3170533,worker_0,W002,pipeline,axis_completed,success,96.7741935483871,30,31
cp_tutorial_3d_monolayer,1,9,1791321428.0759017,3170533,worker_0,W003,pipeline,axis_started,started,0.0,0,31
cp_tutorial_3d_monolayer,1,9,1791321428.078856,3170533,worker_0,W003,RescaleIntensity,step_started,started,0.0,0,31
cp_tutorial_3d_monolayer,1,9,1791321428.3558545,3170533,worker_0,W003,RescaleIntensity,pattern_group,running,100.0,1,1
cp_tutorial_3d_monolayer,1,9,1791321428.3560023,3170533,worker_0,W003,RescaleIntensity,step_completed,success,3.225806451612903,1,31
cp_tutorial_3d_monolayer,1,9,1791321428.356299,3170533,worker_0,W003,Resize,step_started,started,3.225806451612903,1,31
cp_tutorial_3d_monolayer,1,9,1791321428.4124773,3170533,worker_0,W003,Resize,pattern_group,running,100.0,1,1
cp_tutorial_3d_monolayer,1,9,1791321428.4126127,3170533,worker_0,W003,Resize,step_completed,success,6.451612903225806,2,31
cp_tutorial_3d_monolayer,1,9,1791321428.4134886,3170533,worker_0,W003,MedianFilter,step_started,started,6.451612903225806,2,31
cp_tutorial_3d_monolayer,1,9,1791321428.578488,3170533,worker_0,W003,MedianFilter,pattern_group,running,100.0,1,1
cp_tutorial_3d_monolayer,1,9,1791321428.5786295,3170533,worker_0,W003,MedianFilter,step_completed,success,9.67741935483871,3,31
cp_tutorial_3d_monolayer,1,9,1791321428.5793324,3170533,worker_0,W003,Threshold,step_started,started,9.67741935483871,3,31
cp_tutorial_3d_monolayer,1,9,1791321428.6168022,3170533,worker_0,W003,Threshold,pattern_group,running,100.0,1,1
cp_tutorial_3d_monolayer,1,9,1791321428.6170487,3170533,worker_0,W003,Threshold,step_completed,success,12.903225806451612,4,31
cp_tutorial_3d_monolayer,1,9,1791321428.617441,3170533,worker_0,W003,RemoveHoles,step_started,started,12.903225806451612,4,31
cp_tutorial_3d_monolayer,1,9,1791321428.6343565,3170533,worker_0,W003,RemoveHoles,pattern_group,running,100.0,1,1
cp_tutorial_3d_monolayer,1,9,1791321428.634494,3170533,worker_0,W003,RemoveHoles,step_completed,success,16.129032258064516,5,31
cp_tutorial_3d_monolayer,1,9,1791321428.6348677,3170533,worker_0,W003,Watershed,step_started,started,16.129032258064516,5,31
cp_tutorial_3d_monolayer,1,9,1791321428.7254648,3170533,worker_0,W003,Watershed,pattern_group,running,100.0,1,1
cp_tutorial_3d_monolayer,1,9,1791321428.725851,3170533,worker_0,W003,Watershed,step_completed,success,19.35483870967742,6,31
cp_tutorial_3d_monolayer,1,9,1791321428.7262542,3170533,worker_0,W003,ResizeObjects,step_started,started,19.35483870967742,6,31
cp_tutorial_3d_monolayer,1,9,1791321428.7538826,3170533,worker_0,W003,ResizeObjects,pattern_group,running,100.0,1,1
cp_tutorial_3d_monolayer,1,9,1791321428.75437,3170533,worker_0,W003,ResizeObjects,step_completed,success,22.58064516129032,7,31
cp_tutorial_3d_monolayer,1,9,1791321428.7547865,3170533,worker_0,W003,ErodeObjects,step_started,started,22.58064516129032,7,31
cp_tutorial_3d_monolayer,1,9,1791321428.8116386,3170533,worker_0,W003,ErodeObjects,pattern_group,running,100.0,1,1
cp_tutorial_3d_monolayer,1,9,1791321428.8121078,3170533,worker_0,W003,ErodeObjects,step_completed,success,25.806451612903224,8,31
cp_tutorial_3d_monolayer,1,9,1791321428.8126006,3170533,worker_0,W003,ResizeObjects,step_started,started,25.806451612903224,8,31
cp_tutorial_3d_monolayer,1,9,1791321428.8368382,3170533,worker_0,W003,ResizeObjects,pattern_group,running,100.0,1,1
cp_tutorial_3d_monolayer,1,9,1791321428.837315,3170533,worker_0,W003,ResizeObjects,step_completed,success,29.03225806451613,9,31
cp_tutorial_3d_monolayer,1,9,1791321428.8378198,3170533,worker_0,W003,ConvertObjectsToImage,step_started,started,29.03225806451613,9,31
cp_tutorial_3d_monolayer,1,9,1791321428.8618057,3170533,worker_0,W003,ConvertObjectsToImage,pattern_group,running,100.0,1,1
cp_tutorial_3d_monolayer,1,9,1791321428.8619566,3170533,worker_0,W003,ConvertObjectsToImage,step_completed,success,32.25806451612903,10,31
cp_tutorial_3d_monolayer,1,9,1791321428.8624213,3170533,worker_0,W003,Threshold,step_started,started,32.25806451612903,10,31
cp_tutorial_3d_monolayer,1,9,1791321429.0362267,3170533,worker_0,W003,Threshold,pattern_group,running,100.0,1,1
cp_tutorial_3d_monolayer,1,9,1791321429.0364852,3170533,worker_0,W003,Threshold,step_completed,success,35.483870967741936,11,31
cp_tutorial_3d_monolayer,1,9,1791321429.0368176,3170533,worker_0,W003,ImageMath,step_started,started,35.483870967741936,11,31
cp_tutorial_3d_monolayer,1,9,1791321429.069535,3170533,worker_0,W003,ImageMath,pattern_group,running,100.0,1,1
cp_tutorial_3d_monolayer,1,9,1791321429.0696902,3170533,worker_0,W003,ImageMath,step_completed,success,38.70967741935484,12,31
cp_tutorial_3d_monolayer,1,9,1791321429.0701792,3170533,worker_0,W003,RemoveHoles,step_started,started,38.70967741935484,12,31
cp_tutorial_3d_monolayer,1,9,1791321429.1171925,3170533,worker_0,W003,RemoveHoles,pattern_group,running,100.0,1,1
cp_tutorial_3d_monolayer,1,9,1791321429.117345,3170533,worker_0,W003,RemoveHoles,step_completed,success,41.935483870967744,13,31
cp_tutorial_3d_monolayer,1,9,1791321429.1185737,3170533,worker_0,W003,ImageMath,step_started,started,41.935483870967744,13,31
cp_tutorial_3d_monolayer,1,9,1791321429.3892157,3170533,worker_0,W003,ImageMath,pattern_group,running,100.0,1,1
cp_tutorial_3d_monolayer,1,9,1791321429.389375,3170533,worker_0,W003,ImageMath,step_completed,success,45.16129032258064,14,31
cp_tutorial_3d_monolayer,1,9,1791321429.3897161,3170533,worker_0,W003,Resize,step_started,started,45.16129032258064,14,31
cp_tutorial_3d_monolayer,1,9,1791321429.4499745,3170533,worker_0,W003,Resize,pattern_group,running,100.0,1,1
cp_tutorial_3d_monolayer,1,9,1791321429.4501219,3170533,worker_0,W003,Resize,step_completed,success,48.38709677419355,15,31
cp_tutorial_3d_monolayer,1,9,1791321429.4520497,3170533,worker_0,W003,Closing,step_started,started,48.38709677419355,15,31
cp_tutorial_3d_monolayer,1,9,1791321429.5305853,3170533,worker_0,W003,Closing,pattern_group,running,100.0,1,1
cp_tutorial_3d_monolayer,1,9,1791321429.5307212,3170533,worker_0,W003,Closing,step_completed,success,51.61290322580645,16,31
cp_tutorial_3d_monolayer,1,9,1791321429.531222,3170533,worker_0,W003,Resize,step_started,started,51.61290322580645,16,31
cp_tutorial_3d_monolayer,1,9,1791321429.5812995,3170533,worker_0,W003,Resize,pattern_group,running,100.0,1,1
cp_tutorial_3d_monolayer,1,9,1791321429.5814412,3170533,worker_0,W003,Resize,step_completed,success,54.83870967741935,17,31
cp_tutorial_3d_monolayer,1,9,1791321429.5819383,3170533,worker_0,W003,Threshold,step_started,started,54.83870967741935,17,31
cp_tutorial_3d_monolayer,1,9,1791321429.7509913,3170533,worker_0,W003,Threshold,pattern_group,running,100.0,1,1
cp_tutorial_3d_monolayer,1,9,1791321429.75124,3170533,worker_0,W003,Threshold,step_completed,success,58.06451612903226,18,31
cp_tutorial_3d_monolayer,1,9,1791321429.7517648,3170533,worker_0,W003,MaskImage,step_started,started,58.06451612903226,18,31
cp_tutorial_3d_monolayer,1,9,1791321429.7984316,3170533,worker_0,W003,MaskImage,pattern_group,running,100.0,1,1
cp_tutorial_3d_monolayer,1,9,1791321429.7985876,3170533,worker_0,W003,MaskImage,step_completed,success,61.29032258064516,19,31
cp_tutorial_3d_monolayer,1,9,1791321429.7991967,3170533,worker_0,W003,ErodeImage,step_started,started,61.29032258064516,19,31
cp_tutorial_3d_monolayer,1,9,1791321429.8307319,3170533,worker_0,W003,ErodeImage,pattern_group,running,100.0,1,1
cp_tutorial_3d_monolayer,1,9,1791321429.8308904,3170533,worker_0,W003,ErodeImage,step_completed,success,64.51612903225806,20,31
cp_tutorial_3d_monolayer,1,9,1791321429.832286,3170533,worker_0,W003,Watershed,step_started,started,64.51612903225806,20,31
cp_tutorial_3d_monolayer,1,9,1791321429.9219322,3170533,worker_0,W003,Watershed,pattern_group,running,100.0,1,1
cp_tutorial_3d_monolayer,1,9,1791321429.9223487,3170533,worker_0,W003,Watershed,step_completed,success,67.74193548387096,21,31
cp_tutorial_3d_monolayer,1,9,1791321429.9229484,3170533,worker_0,W003,MeasureObjectIntensity,step_started,started,67.74193548387096,21,31
cp_tutorial_3d_monolayer,1,9,1791321430.168075,3170533,worker_0,W003,MeasureObjectIntensity,pattern_group,running,50.0,1,2
cp_tutorial_3d_monolayer,1,9,1791321430.4548736,3170533,worker_0,W003,MeasureObjectIntensity,pattern_group,running,100.0,2,2
cp_tutorial_3d_monolayer,1,9,1791321430.4570796,3170533,worker_0,W003,MeasureObjectIntensity,step_completed,success,70.96774193548387,22,31
cp_tutorial_3d_monolayer,1,9,1791321430.4574513,3170533,worker_0,W003,MeasureObjectSizeShape,step_started,started,70.96774193548387,22,31
cp_tutorial_3d_monolayer,1,9,1791321430.5525112,3170533,worker_0,W003,MeasureObjectSizeShape,pattern_group,running,50.0,1,2
cp_tutorial_3d_monolayer,1,9,1791321430.6482303,3170533,worker_0,W003,MeasureObjectSizeShape,pattern_group,running,100.0,2,2
cp_tutorial_3d_monolayer,1,9,1791321430.648811,3170533,worker_0,W003,MeasureObjectSizeShape,step_completed,success,74.19354838709677,23,31
cp_tutorial_3d_monolayer,1,9,1791321430.6491876,3170533,worker_0,W003,OverlayObjects,step_started,started,74.19354838709677,23,31
cp_tutorial_3d_monolayer,1,9,1791321430.6896477,3170533,worker_0,W003,OverlayObjects,pattern_group,running,100.0,1,1
cp_tutorial_3d_monolayer,1,9,1791321430.6897545,3170533,worker_0,W003,OverlayObjects,step_completed,success,77.41935483870968,24,31
cp_tutorial_3d_monolayer,1,9,1791321430.6903622,3170533,worker_0,W003,RescaleIntensity,step_started,started,77.41935483870968,24,31
cp_tutorial_3d_monolayer,1,9,1791321430.7748222,3170533,worker_0,W003,RescaleIntensity,pattern_group,running,100.0,1,1
cp_tutorial_3d_monolayer,1,9,1791321430.7749662,3170533,worker_0,W003,RescaleIntensity,step_completed,success,80.64516129032258,25,31
cp_tutorial_3d_monolayer,1,9,1791321430.7753394,3170533,worker_0,W003,OverlayObjects,step_started,started,80.64516129032258,25,31
cp_tutorial_3d_monolayer,1,9,1791321430.8125792,3170533,worker_0,W003,OverlayObjects,pattern_group,running,100.0,1,1
cp_tutorial_3d_monolayer,1,9,1791321430.8126802,3170533,worker_0,W003,OverlayObjects,step_completed,success,83.87096774193549,26,31
cp_tutorial_3d_monolayer,1,9,1791321430.8132858,3170533,worker_0,W003,ConvertObjectsToImage,step_started,started,83.87096774193549,26,31
cp_tutorial_3d_monolayer,1,9,1791321430.846268,3170533,worker_0,W003,ConvertObjectsToImage,pattern_group,running,100.0,1,1
cp_tutorial_3d_monolayer,1,9,1791321430.8464122,3170533,worker_0,W003,ConvertObjectsToImage,step_completed,success,87.09677419354838,27,31
cp_tutorial_3d_monolayer,1,9,1791321430.847016,3170533,worker_0,W003,SaveImages,step_started,started,87.09677419354838,27,31
cp_tutorial_3d_monolayer,1,9,1791321430.8966887,3170533,worker_0,W003,SaveImages,pattern_group,running,100.0,1,1
cp_tutorial_3d_monolayer,1,9,1791321430.9030855,3170533,worker_0,W003,SaveImages,step_completed,success,90.32258064516128,28,31
cp_tutorial_3d_monolayer,1,9,1791321430.9037058,3170533,worker_0,W003,ConvertObjectsToImage,step_started,started,90.32258064516128,28,31
cp_tutorial_3d_monolayer,1,9,1791321430.9389446,3170533,worker_0,W003,ConvertObjectsToImage,pattern_group,running,100.0,1,1
cp_tutorial_3d_monolayer,1,9,1791321430.9391427,3170533,worker_0,W003,ConvertObjectsToImage,step_completed,success,93.54838709677419,29,31
cp_tutorial_3d_monolayer,1,9,1791321430.941646,3170533,worker_0,W003,SaveImages,step_started,started,93.54838709677419,29,31
cp_tutorial_3d_monolayer,1,9,1791321430.9929898,3170533,worker_0,W003,SaveImages,pattern_group,running,100.0,1,1
cp_tutorial_3d_monolayer,1,9,1791321430.9991689,3170533,worker_0,W003,SaveImages,step_completed,success,96.7741935483871,30,31
cp_tutorial_3d_monolayer,1,9,1791321431.0003185,3170533,worker_0,W003,pipeline,axis_completed,success,96.7741935483871,30,31
cp_tutorial_3d_monolayer,1,9,1791321431.0004172,3170533,worker_0,W004,pipeline,axis_started,started,0.0,0,31
cp_tutorial_3d_monolayer,1,9,1791321431.0034957,3170533,worker_0,W004,RescaleIntensity,step_started,started,0.0,0,31
cp_tutorial_3d_monolayer,1,9,1791321431.2258143,3170533,worker_0,W004,RescaleIntensity,pattern_group,running,100.0,1,1
cp_tutorial_3d_monolayer,1,9,1791321431.2259622,3170533,worker_0,W004,RescaleIntensity,step_completed,success,3.225806451612903,1,31
cp_tutorial_3d_monolayer,1,9,1791321431.226248,3170533,worker_0,W004,Resize,step_started,started,3.225806451612903,1,31
cp_tutorial_3d_monolayer,1,9,1791321431.282156,3170533,worker_0,W004,Resize,pattern_group,running,100.0,1,1
cp_tutorial_3d_monolayer,1,9,1791321431.2823074,3170533,worker_0,W004,Resize,step_completed,success,6.451612903225806,2,31
cp_tutorial_3d_monolayer,1,9,1791321431.2826,3170533,worker_0,W004,MedianFilter,step_started,started,6.451612903225806,2,31
cp_tutorial_3d_monolayer,1,9,1791321431.4486473,3170533,worker_0,W004,MedianFilter,pattern_group,running,100.0,1,1
cp_tutorial_3d_monolayer,1,9,1791321431.448787,3170533,worker_0,W004,MedianFilter,step_completed,success,9.67741935483871,3,31
cp_tutorial_3d_monolayer,1,9,1791321431.4491448,3170533,worker_0,W004,Threshold,step_started,started,9.67741935483871,3,31
cp_tutorial_3d_monolayer,1,9,1791321431.486999,3170533,worker_0,W004,Threshold,pattern_group,running,100.0,1,1
cp_tutorial_3d_monolayer,1,9,1791321431.487243,3170533,worker_0,W004,Threshold,step_completed,success,12.903225806451612,4,31
cp_tutorial_3d_monolayer,1,9,1791321431.487621,3170533,worker_0,W004,RemoveHoles,step_started,started,12.903225806451612,4,31
cp_tutorial_3d_monolayer,1,9,1791321431.504537,3170533,worker_0,W004,RemoveHoles,pattern_group,running,100.0,1,1
cp_tutorial_3d_monolayer,1,9,1791321431.5046842,3170533,worker_0,W004,RemoveHoles,step_completed,success,16.129032258064516,5,31
cp_tutorial_3d_monolayer,1,9,1791321431.5050554,3170533,worker_0,W004,Watershed,step_started,started,16.129032258064516,5,31
cp_tutorial_3d_monolayer,1,9,1791321431.5951304,3170533,worker_0,W004,Watershed,pattern_group,running,100.0,1,1
cp_tutorial_3d_monolayer,1,9,1791321431.5955334,3170533,worker_0,W004,Watershed,step_completed,success,19.35483870967742,6,31
cp_tutorial_3d_monolayer,1,9,1791321431.5959415,3170533,worker_0,W004,ResizeObjects,step_started,started,19.35483870967742,6,31
cp_tutorial_3d_monolayer,1,9,1791321431.6239069,3170533,worker_0,W004,ResizeObjects,pattern_group,running,100.0,1,1
cp_tutorial_3d_monolayer,1,9,1791321431.6244032,3170533,worker_0,W004,ResizeObjects,step_completed,success,22.58064516129032,7,31
cp_tutorial_3d_monolayer,1,9,1791321431.6248233,3170533,worker_0,W004,ErodeObjects,step_started,started,22.58064516129032,7,31
cp_tutorial_3d_monolayer,1,9,1791321431.681834,3170533,worker_0,W004,ErodeObjects,pattern_group,running,100.0,1,1
cp_tutorial_3d_monolayer,1,9,1791321431.6823063,3170533,worker_0,W004,ErodeObjects,step_completed,success,25.806451612903224,8,31
cp_tutorial_3d_monolayer,1,9,1791321431.6827805,3170533,worker_0,W004,ResizeObjects,step_started,started,25.806451612903224,8,31
cp_tutorial_3d_monolayer,1,9,1791321431.7070951,3170533,worker_0,W004,ResizeObjects,pattern_group,running,100.0,1,1
cp_tutorial_3d_monolayer,1,9,1791321431.7075827,3170533,worker_0,W004,ResizeObjects,step_completed,success,29.03225806451613,9,31
cp_tutorial_3d_monolayer,1,9,1791321431.7080936,3170533,worker_0,W004,ConvertObjectsToImage,step_started,started,29.03225806451613,9,31
cp_tutorial_3d_monolayer,1,9,1791321431.7322383,3170533,worker_0,W004,ConvertObjectsToImage,pattern_group,running,100.0,1,1
cp_tutorial_3d_monolayer,1,9,1791321431.7325947,3170533,worker_0,W004,ConvertObjectsToImage,step_completed,success,32.25806451612903,10,31
cp_tutorial_3d_monolayer,1,9,1791321431.7330487,3170533,worker_0,W004,Threshold,step_started,started,32.25806451612903,10,31
cp_tutorial_3d_monolayer,1,9,1791321431.912141,3170533,worker_0,W004,Threshold,pattern_group,running,100.0,1,1
cp_tutorial_3d_monolayer,1,9,1791321431.9123936,3170533,worker_0,W004,Threshold,step_completed,success,35.483870967741936,11,31
cp_tutorial_3d_monolayer,1,9,1791321431.9127243,3170533,worker_0,W004,ImageMath,step_started,started,35.483870967741936,11,31
cp_tutorial_3d_monolayer,1,9,1791321431.9465892,3170533,worker_0,W004,ImageMath,pattern_group,running,100.0,1,1
cp_tutorial_3d_monolayer,1,9,1791321431.9467432,3170533,worker_0,W004,ImageMath,step_completed,success,38.70967741935484,12,31
cp_tutorial_3d_monolayer,1,9,1791321431.9472988,3170533,worker_0,W004,RemoveHoles,step_started,started,38.70967741935484,12,31
cp_tutorial_3d_monolayer,1,9,1791321431.994216,3170533,worker_0,W004,RemoveHoles,pattern_group,running,100.0,1,1
cp_tutorial_3d_monolayer,1,9,1791321431.9943733,3170533,worker_0,W004,RemoveHoles,step_completed,success,41.935483870967744,13,31
cp_tutorial_3d_monolayer,1,9,1791321431.995588,3170533,worker_0,W004,ImageMath,step_started,started,41.935483870967744,13,31
cp_tutorial_3d_monolayer,1,9,1791321432.3312967,3170533,worker_0,W004,ImageMath,pattern_group,running,100.0,1,1
cp_tutorial_3d_monolayer,1,9,1791321432.3314502,3170533,worker_0,W004,ImageMath,step_completed,success,45.16129032258064,14,31
cp_tutorial_3d_monolayer,1,9,1791321432.33179,3170533,worker_0,W004,Resize,step_started,started,45.16129032258064,14,31
cp_tutorial_3d_monolayer,1,9,1791321432.3923364,3170533,worker_0,W004,Resize,pattern_group,running,100.0,1,1
cp_tutorial_3d_monolayer,1,9,1791321432.3924804,3170533,worker_0,W004,Resize,step_completed,success,48.38709677419355,15,31
cp_tutorial_3d_monolayer,1,9,1791321432.3944595,3170533,worker_0,W004,Closing,step_started,started,48.38709677419355,15,31
cp_tutorial_3d_monolayer,1,9,1791321432.4725676,3170533,worker_0,W004,Closing,pattern_group,running,100.0,1,1
cp_tutorial_3d_monolayer,1,9,1791321432.472715,3170533,worker_0,W004,Closing,step_completed,success,51.61290322580645,16,31
cp_tutorial_3d_monolayer,1,9,1791321432.4732203,3170533,worker_0,W004,Resize,step_started,started,51.61290322580645,16,31
cp_tutorial_3d_monolayer,1,9,1791321432.5234919,3170533,worker_0,W004,Resize,pattern_group,running,100.0,1,1
cp_tutorial_3d_monolayer,1,9,1791321432.5236263,3170533,worker_0,W004,Resize,step_completed,success,54.83870967741935,17,31
cp_tutorial_3d_monolayer,1,9,1791321432.5241237,3170533,worker_0,W004,Threshold,step_started,started,54.83870967741935,17,31
cp_tutorial_3d_monolayer,1,9,1791321432.7552624,3170533,worker_0,W004,Threshold,pattern_group,running,100.0,1,1
cp_tutorial_3d_monolayer,1,9,1791321432.7555103,3170533,worker_0,W004,Threshold,step_completed,success,58.06451612903226,18,31
cp_tutorial_3d_monolayer,1,9,1791321432.756022,3170533,worker_0,W004,MaskImage,step_started,started,58.06451612903226,18,31
cp_tutorial_3d_monolayer,1,9,1791321432.802076,3170533,worker_0,W004,MaskImage,pattern_group,running,100.0,1,1
cp_tutorial_3d_monolayer,1,9,1791321432.802233,3170533,worker_0,W004,MaskImage,step_completed,success,61.29032258064516,19,31
cp_tutorial_3d_monolayer,1,9,1791321432.8028562,3170533,worker_0,W004,ErodeImage,step_started,started,61.29032258064516,19,31
cp_tutorial_3d_monolayer,1,9,1791321432.8344977,3170533,worker_0,W004,ErodeImage,pattern_group,running,100.0,1,1
cp_tutorial_3d_monolayer,1,9,1791321432.8346457,3170533,worker_0,W004,ErodeImage,step_completed,success,64.51612903225806,20,31
cp_tutorial_3d_monolayer,1,9,1791321432.8361027,3170533,worker_0,W004,Watershed,step_started,started,64.51612903225806,20,31
cp_tutorial_3d_monolayer,1,9,1791321432.926018,3170533,worker_0,W004,Watershed,pattern_group,running,100.0,1,1
cp_tutorial_3d_monolayer,1,9,1791321432.9264216,3170533,worker_0,W004,Watershed,step_completed,success,67.74193548387096,21,31
cp_tutorial_3d_monolayer,1,9,1791321432.9270217,3170533,worker_0,W004,MeasureObjectIntensity,step_started,started,67.74193548387096,21,31
cp_tutorial_3d_monolayer,1,9,1791321433.1709774,3170533,worker_0,W004,MeasureObjectIntensity,pattern_group,running,50.0,1,2
cp_tutorial_3d_monolayer,1,9,1791321433.458403,3170533,worker_0,W004,MeasureObjectIntensity,pattern_group,running,100.0,2,2
cp_tutorial_3d_monolayer,1,9,1791321433.4605918,3170533,worker_0,W004,MeasureObjectIntensity,step_completed,success,70.96774193548387,22,31
cp_tutorial_3d_monolayer,1,9,1791321433.4609547,3170533,worker_0,W004,MeasureObjectSizeShape,step_started,started,70.96774193548387,22,31
cp_tutorial_3d_monolayer,1,9,1791321433.55549,3170533,worker_0,W004,MeasureObjectSizeShape,pattern_group,running,50.0,1,2
cp_tutorial_3d_monolayer,1,9,1791321433.6502812,3170533,worker_0,W004,MeasureObjectSizeShape,pattern_group,running,100.0,2,2
cp_tutorial_3d_monolayer,1,9,1791321433.650851,3170533,worker_0,W004,MeasureObjectSizeShape,step_completed,success,74.19354838709677,23,31
cp_tutorial_3d_monolayer,1,9,1791321433.6512215,3170533,worker_0,W004,OverlayObjects,step_started,started,74.19354838709677,23,31
cp_tutorial_3d_monolayer,1,9,1791321433.6926177,3170533,worker_0,W004,OverlayObjects,pattern_group,running,100.0,1,1
cp_tutorial_3d_monolayer,1,9,1791321433.6927314,3170533,worker_0,W004,OverlayObjects,step_completed,success,77.41935483870968,24,31
cp_tutorial_3d_monolayer,1,9,1791321433.693325,3170533,worker_0,W004,RescaleIntensity,step_started,started,77.41935483870968,24,31
cp_tutorial_3d_monolayer,1,9,1791321433.7777007,3170533,worker_0,W004,RescaleIntensity,pattern_group,running,100.0,1,1
cp_tutorial_3d_monolayer,1,9,1791321433.7778432,3170533,worker_0,W004,RescaleIntensity,step_completed,success,80.64516129032258,25,31
cp_tutorial_3d_monolayer,1,9,1791321433.7782035,3170533,worker_0,W004,OverlayObjects,step_started,started,80.64516129032258,25,31
cp_tutorial_3d_monolayer,1,9,1791321433.8158767,3170533,worker_0,W004,OverlayObjects,pattern_group,running,100.0,1,1
cp_tutorial_3d_monolayer,1,9,1791321433.8159766,3170533,worker_0,W004,OverlayObjects,step_completed,success,83.87096774193549,26,31
cp_tutorial_3d_monolayer,1,9,1791321433.8165672,3170533,worker_0,W004,ConvertObjectsToImage,step_started,started,83.87096774193549,26,31
cp_tutorial_3d_monolayer,1,9,1791321433.8495867,3170533,worker_0,W004,ConvertObjectsToImage,pattern_group,running,100.0,1,1
cp_tutorial_3d_monolayer,1,9,1791321433.849733,3170533,worker_0,W004,ConvertObjectsToImage,step_completed,success,87.09677419354838,27,31
cp_tutorial_3d_monolayer,1,9,1791321433.8503182,3170533,worker_0,W004,SaveImages,step_started,started,87.09677419354838,27,31
cp_tutorial_3d_monolayer,1,9,1791321433.8995209,3170533,worker_0,W004,SaveImages,pattern_group,running,100.0,1,1
cp_tutorial_3d_monolayer,1,9,1791321433.9058604,3170533,worker_0,W004,SaveImages,step_completed,success,90.32258064516128,28,31
cp_tutorial_3d_monolayer,1,9,1791321433.9064608,3170533,worker_0,W004,ConvertObjectsToImage,step_started,started,90.32258064516128,28,31
cp_tutorial_3d_monolayer,1,9,1791321433.940958,3170533,worker_0,W004,ConvertObjectsToImage,pattern_group,running,100.0,1,1
cp_tutorial_3d_monolayer,1,9,1791321433.941146,3170533,worker_0,W004,ConvertObjectsToImage,step_completed,success,93.54838709677419,29,31
cp_tutorial_3d_monolayer,1,9,1791321433.9435837,3170533,worker_0,W004,SaveImages,step_started,started,93.54838709677419,29,31
cp_tutorial_3d_monolayer,1,9,1791321433.9941685,3170533,worker_0,W004,SaveImages,pattern_group,running,100.0,1,1
cp_tutorial_3d_monolayer,1,9,1791321434.0003781,3170533,worker_0,W004,SaveImages,step_completed,success,96.7741935483871,30,31
cp_tutorial_3d_monolayer,1,9,1791321434.0014887,3170533,worker_0,W004,pipeline,axis_completed,success,96.7741935483871,30,31
cp_tutorial_3d_monolayer,1,9,1791321434.0015545,3170533,worker_0,W005,pipeline,axis_started,started,0.0,0,31
cp_tutorial_3d_monolayer,1,9,1791321434.004492,3170533,worker_0,W005,RescaleIntensity,step_started,started,0.0,0,31
cp_tutorial_3d_monolayer,1,9,1791321434.2252889,3170533,worker_0,W005,RescaleIntensity,pattern_group,running,100.0,1,1
cp_tutorial_3d_monolayer,1,9,1791321434.2254343,3170533,worker_0,W005,RescaleIntensity,step_completed,success,3.225806451612903,1,31
cp_tutorial_3d_monolayer,1,9,1791321434.2257223,3170533,worker_0,W005,Resize,step_started,started,3.225806451612903,1,31
cp_tutorial_3d_monolayer,1,9,1791321434.2816858,3170533,worker_0,W005,Resize,pattern_group,running,100.0,1,1
cp_tutorial_3d_monolayer,1,9,1791321434.2818305,3170533,worker_0,W005,Resize,step_completed,success,6.451612903225806,2,31
cp_tutorial_3d_monolayer,1,9,1791321434.2821229,3170533,worker_0,W005,MedianFilter,step_started,started,6.451612903225806,2,31
cp_tutorial_3d_monolayer,1,9,1791321434.4475265,3170533,worker_0,W005,MedianFilter,pattern_group,running,100.0,1,1
cp_tutorial_3d_monolayer,1,9,1791321434.447667,3170533,worker_0,W005,MedianFilter,step_completed,success,9.67741935483871,3,31
cp_tutorial_3d_monolayer,1,9,1791321434.44802,3170533,worker_0,W005,Threshold,step_started,started,9.67741935483871,3,31
cp_tutorial_3d_monolayer,1,9,1791321434.4855938,3170533,worker_0,W005,Threshold,pattern_group,running,100.0,1,1
cp_tutorial_3d_monolayer,1,9,1791321434.4858415,3170533,worker_0,W005,Threshold,step_completed,success,12.903225806451612,4,31
cp_tutorial_3d_monolayer,1,9,1791321434.486257,3170533,worker_0,W005,RemoveHoles,step_started,started,12.903225806451612,4,31
cp_tutorial_3d_monolayer,1,9,1791321434.5028915,3170533,worker_0,W005,RemoveHoles,pattern_group,running,100.0,1,1
cp_tutorial_3d_monolayer,1,9,1791321434.50304,3170533,worker_0,W005,RemoveHoles,step_completed,success,16.129032258064516,5,31
cp_tutorial_3d_monolayer,1,9,1791321434.5034208,3170533,worker_0,W005,Watershed,step_started,started,16.129032258064516,5,31
cp_tutorial_3d_monolayer,1,9,1791321434.5939887,3170533,worker_0,W005,Watershed,pattern_group,running,100.0,1,1
cp_tutorial_3d_monolayer,1,9,1791321434.5943909,3170533,worker_0,W005,Watershed,step_completed,success,19.35483870967742,6,31
cp_tutorial_3d_monolayer,1,9,1791321434.5948043,3170533,worker_0,W005,ResizeObjects,step_started,started,19.35483870967742,6,31
cp_tutorial_3d_monolayer,1,9,1791321434.6224122,3170533,worker_0,W005,ResizeObjects,pattern_group,running,100.0,1,1
cp_tutorial_3d_monolayer,1,9,1791321434.622916,3170533,worker_0,W005,ResizeObjects,step_completed,success,22.58064516129032,7,31
cp_tutorial_3d_monolayer,1,9,1791321434.6233485,3170533,worker_0,W005,ErodeObjects,step_started,started,22.58064516129032,7,31
cp_tutorial_3d_monolayer,1,9,1791321434.6807854,3170533,worker_0,W005,ErodeObjects,pattern_group,running,100.0,1,1
cp_tutorial_3d_monolayer,1,9,1791321434.6812487,3170533,worker_0,W005,ErodeObjects,step_completed,success,25.806451612903224,8,31
cp_tutorial_3d_monolayer,1,9,1791321434.6817214,3170533,worker_0,W005,ResizeObjects,step_started,started,25.806451612903224,8,31
cp_tutorial_3d_monolayer,1,9,1791321434.7054505,3170533,worker_0,W005,ResizeObjects,pattern_group,running,100.0,1,1
cp_tutorial_3d_monolayer,1,9,1791321434.7059255,3170533,worker_0,W005,ResizeObjects,step_completed,success,29.03225806451613,9,31
cp_tutorial_3d_monolayer,1,9,1791321434.706445,3170533,worker_0,W005,ConvertObjectsToImage,step_started,started,29.03225806451613,9,31
cp_tutorial_3d_monolayer,1,9,1791321434.7304757,3170533,worker_0,W005,ConvertObjectsToImage,pattern_group,running,100.0,1,1
cp_tutorial_3d_monolayer,1,9,1791321434.7306247,3170533,worker_0,W005,ConvertObjectsToImage,step_completed,success,32.25806451612903,10,31
cp_tutorial_3d_monolayer,1,9,1791321434.731082,3170533,worker_0,W005,Threshold,step_started,started,32.25806451612903,10,31
cp_tutorial_3d_monolayer,1,9,1791321434.9032416,3170533,worker_0,W005,Threshold,pattern_group,running,100.0,1,1
cp_tutorial_3d_monolayer,1,9,1791321434.9034991,3170533,worker_0,W005,Threshold,step_completed,success,35.483870967741936,11,31
cp_tutorial_3d_monolayer,1,9,1791321434.9038339,3170533,worker_0,W005,ImageMath,step_started,started,35.483870967741936,11,31
cp_tutorial_3d_monolayer,1,9,1791321434.9367938,3170533,worker_0,W005,ImageMath,pattern_group,running,100.0,1,1
cp_tutorial_3d_monolayer,1,9,1791321434.9369469,3170533,worker_0,W005,ImageMath,step_completed,success,38.70967741935484,12,31
cp_tutorial_3d_monolayer,1,9,1791321434.9374533,3170533,worker_0,W005,RemoveHoles,step_started,started,38.70967741935484,12,31
cp_tutorial_3d_monolayer,1,9,1791321434.9854991,3170533,worker_0,W005,RemoveHoles,pattern_group,running,100.0,1,1
cp_tutorial_3d_monolayer,1,9,1791321434.9856455,3170533,worker_0,W005,RemoveHoles,step_completed,success,41.935483870967744,13,31
cp_tutorial_3d_monolayer,1,9,1791321434.9868715,3170533,worker_0,W005,ImageMath,step_started,started,41.935483870967744,13,31
cp_tutorial_3d_monolayer,1,9,1791321435.2555695,3170533,worker_0,W005,ImageMath,pattern_group,running,100.0,1,1
cp_tutorial_3d_monolayer,1,9,1791321435.2557216,3170533,worker_0,W005,ImageMath,step_completed,success,45.16129032258064,14,31
cp_tutorial_3d_monolayer,1,9,1791321435.2560625,3170533,worker_0,W005,Resize,step_started,started,45.16129032258064,14,31
cp_tutorial_3d_monolayer,1,9,1791321435.3160768,3170533,worker_0,W005,Resize,pattern_group,running,100.0,1,1
cp_tutorial_3d_monolayer,1,9,1791321435.3162224,3170533,worker_0,W005,Resize,step_completed,success,48.38709677419355,15,31
cp_tutorial_3d_monolayer,1,9,1791321435.3181942,3170533,worker_0,W005,Closing,step_started,started,48.38709677419355,15,31
cp_tutorial_3d_monolayer,1,9,1791321435.3962965,3170533,worker_0,W005,Closing,pattern_group,running,100.0,1,1
cp_tutorial_3d_monolayer,1,9,1791321435.396444,3170533,worker_0,W005,Closing,step_completed,success,51.61290322580645,16,31
cp_tutorial_3d_monolayer,1,9,1791321435.3969445,3170533,worker_0,W005,Resize,step_started,started,51.61290322580645,16,31
cp_tutorial_3d_monolayer,1,9,1791321435.4472811,3170533,worker_0,W005,Resize,pattern_group,running,100.0,1,1
cp_tutorial_3d_monolayer,1,9,1791321435.447421,3170533,worker_0,W005,Resize,step_completed,success,54.83870967741935,17,31
cp_tutorial_3d_monolayer,1,9,1791321435.4479237,3170533,worker_0,W005,Threshold,step_started,started,54.83870967741935,17,31
cp_tutorial_3d_monolayer,1,9,1791321435.6250298,3170533,worker_0,W005,Threshold,pattern_group,running,100.0,1,1
cp_tutorial_3d_monolayer,1,9,1791321435.6252851,3170533,worker_0,W005,Threshold,step_completed,success,58.06451612903226,18,31
cp_tutorial_3d_monolayer,1,9,1791321435.625798,3170533,worker_0,W005,MaskImage,step_started,started,58.06451612903226,18,31
cp_tutorial_3d_monolayer,1,9,1791321435.671353,3170533,worker_0,W005,MaskImage,pattern_group,running,100.0,1,1
cp_tutorial_3d_monolayer,1,9,1791321435.671509,3170533,worker_0,W005,MaskImage,step_completed,success,61.29032258064516,19,31
cp_tutorial_3d_monolayer,1,9,1791321435.6721137,3170533,worker_0,W005,ErodeImage,step_started,started,61.29032258064516,19,31
cp_tutorial_3d_monolayer,1,9,1791321435.7039351,3170533,worker_0,W005,ErodeImage,pattern_group,running,100.0,1,1
cp_tutorial_3d_monolayer,1,9,1791321435.7040818,3170533,worker_0,W005,ErodeImage,step_completed,success,64.51612903225806,20,31
cp_tutorial_3d_monolayer,1,9,1791321435.705464,3170533,worker_0,W005,Watershed,step_started,started,64.51612903225806,20,31
cp_tutorial_3d_monolayer,1,9,1791321435.7942014,3170533,worker_0,W005,Watershed,pattern_group,running,100.0,1,1
cp_tutorial_3d_monolayer,1,9,1791321435.7945986,3170533,worker_0,W005,Watershed,step_completed,success,67.74193548387096,21,31
cp_tutorial_3d_monolayer,1,9,1791321435.7951953,3170533,worker_0,W005,MeasureObjectIntensity,step_started,started,67.74193548387096,21,31
cp_tutorial_3d_monolayer,1,9,1791321436.0374928,3170533,worker_0,W005,MeasureObjectIntensity,pattern_group,running,50.0,1,2
cp_tutorial_3d_monolayer,1,9,1791321436.313489,3170533,worker_0,W005,MeasureObjectIntensity,pattern_group,running,100.0,2,2
cp_tutorial_3d_monolayer,1,9,1791321436.315663,3170533,worker_0,W005,MeasureObjectIntensity,step_completed,success,70.96774193548387,22,31
cp_tutorial_3d_monolayer,1,9,1791321436.3160305,3170533,worker_0,W005,MeasureObjectSizeShape,step_started,started,70.96774193548387,22,31
cp_tutorial_3d_monolayer,1,9,1791321436.4113176,3170533,worker_0,W005,MeasureObjectSizeShape,pattern_group,running,50.0,1,2
cp_tutorial_3d_monolayer,1,9,1791321436.517821,3170533,worker_0,W005,MeasureObjectSizeShape,pattern_group,running,100.0,2,2
cp_tutorial_3d_monolayer,1,9,1791321436.5183978,3170533,worker_0,W005,MeasureObjectSizeShape,step_completed,success,74.19354838709677,23,31
cp_tutorial_3d_monolayer,1,9,1791321436.5187745,3170533,worker_0,W005,OverlayObjects,step_started,started,74.19354838709677,23,31
cp_tutorial_3d_monolayer,1,9,1791321436.5590036,3170533,worker_0,W005,OverlayObjects,pattern_group,running,100.0,1,1
cp_tutorial_3d_monolayer,1,9,1791321436.5591204,3170533,worker_0,W005,OverlayObjects,step_completed,success,77.41935483870968,24,31
cp_tutorial_3d_monolayer,1,9,1791321436.5597146,3170533,worker_0,W005,RescaleIntensity,step_started,started,77.41935483870968,24,31
cp_tutorial_3d_monolayer,1,9,1791321436.6438696,3170533,worker_0,W005,RescaleIntensity,pattern_group,running,100.0,1,1
cp_tutorial_3d_monolayer,1,9,1791321436.6440058,3170533,worker_0,W005,RescaleIntensity,step_completed,success,80.64516129032258,25,31
cp_tutorial_3d_monolayer,1,9,1791321436.6443715,3170533,worker_0,W005,OverlayObjects,step_started,started,80.64516129032258,25,31
cp_tutorial_3d_monolayer,1,9,1791321436.6821492,3170533,worker_0,W005,OverlayObjects,pattern_group,running,100.0,1,1
cp_tutorial_3d_monolayer,1,9,1791321436.6822534,3170533,worker_0,W005,OverlayObjects,step_completed,success,83.87096774193549,26,31
cp_tutorial_3d_monolayer,1,9,1791321436.6828442,3170533,worker_0,W005,ConvertObjectsToImage,step_started,started,83.87096774193549,26,31
cp_tutorial_3d_monolayer,1,9,1791321436.7159665,3170533,worker_0,W005,ConvertObjectsToImage,pattern_group,running,100.0,1,1
cp_tutorial_3d_monolayer,1,9,1791321436.7161124,3170533,worker_0,W005,ConvertObjectsToImage,step_completed,success,87.09677419354838,27,31
cp_tutorial_3d_monolayer,1,9,1791321436.7167013,3170533,worker_0,W005,SaveImages,step_started,started,87.09677419354838,27,31
cp_tutorial_3d_monolayer,1,9,1791321436.765804,3170533,worker_0,W005,SaveImages,pattern_group,running,100.0,1,1
cp_tutorial_3d_monolayer,1,9,1791321436.7722745,3170533,worker_0,W005,SaveImages,step_completed,success,90.32258064516128,28,31
cp_tutorial_3d_monolayer,1,9,1791321436.7728658,3170533,worker_0,W005,ConvertObjectsToImage,step_started,started,90.32258064516128,28,31
cp_tutorial_3d_monolayer,1,9,1791321436.8060186,3170533,worker_0,W005,ConvertObjectsToImage,pattern_group,running,100.0,1,1
cp_tutorial_3d_monolayer,1,9,1791321436.8061864,3170533,worker_0,W005,ConvertObjectsToImage,step_completed,success,93.54838709677419,29,31
cp_tutorial_3d_monolayer,1,9,1791321436.808398,3170533,worker_0,W005,SaveImages,step_started,started,93.54838709677419,29,31
cp_tutorial_3d_monolayer,1,9,1791321436.8575397,3170533,worker_0,W005,SaveImages,pattern_group,running,100.0,1,1
cp_tutorial_3d_monolayer,1,9,1791321436.8639767,3170533,worker_0,W005,SaveImages,step_completed,success,96.7741935483871,30,31
cp_tutorial_3d_monolayer,1,9,1791321436.8651135,3170533,worker_0,W005,pipeline,axis_completed,success,96.7741935483871,30,31
cp_tutorial_3d_monolayer,1,9,1791321436.8651836,3170533,worker_0,W006,pipeline,axis_started,started,0.0,0,31
cp_tutorial_3d_monolayer,1,9,1791321436.8681545,3170533,worker_0,W006,RescaleIntensity,step_started,started,0.0,0,31
cp_tutorial_3d_monolayer,1,9,1791321437.1763802,3170533,worker_0,W006,RescaleIntensity,pattern_group,running,100.0,1,1
cp_tutorial_3d_monolayer,1,9,1791321437.1765313,3170533,worker_0,W006,RescaleIntensity,step_completed,success,3.225806451612903,1,31
cp_tutorial_3d_monolayer,1,9,1791321437.1768177,3170533,worker_0,W006,Resize,step_started,started,3.225806451612903,1,31
cp_tutorial_3d_monolayer,1,9,1791321437.2328155,3170533,worker_0,W006,Resize,pattern_group,running,100.0,1,1
cp_tutorial_3d_monolayer,1,9,1791321437.2329504,3170533,worker_0,W006,Resize,step_completed,success,6.451612903225806,2,31
cp_tutorial_3d_monolayer,1,9,1791321437.2332413,3170533,worker_0,W006,MedianFilter,step_started,started,6.451612903225806,2,31
cp_tutorial_3d_monolayer,1,9,1791321437.3986325,3170533,worker_0,W006,MedianFilter,pattern_group,running,100.0,1,1
cp_tutorial_3d_monolayer,1,9,1791321437.3987753,3170533,worker_0,W006,MedianFilter,step_completed,success,9.67741935483871,3,31
cp_tutorial_3d_monolayer,1,9,1791321437.3991234,3170533,worker_0,W006,Threshold,step_started,started,9.67741935483871,3,31
cp_tutorial_3d_monolayer,1,9,1791321437.4357636,3170533,worker_0,W006,Threshold,pattern_group,running,100.0,1,1
cp_tutorial_3d_monolayer,1,9,1791321437.4360058,3170533,worker_0,W006,Threshold,step_completed,success,12.903225806451612,4,31
cp_tutorial_3d_monolayer,1,9,1791321437.4363868,3170533,worker_0,W006,RemoveHoles,step_started,started,12.903225806451612,4,31
cp_tutorial_3d_monolayer,1,9,1791321437.453078,3170533,worker_0,W006,RemoveHoles,pattern_group,running,100.0,1,1
cp_tutorial_3d_monolayer,1,9,1791321437.4532208,3170533,worker_0,W006,RemoveHoles,step_completed,success,16.129032258064516,5,31
cp_tutorial_3d_monolayer,1,9,1791321437.453595,3170533,worker_0,W006,Watershed,step_started,started,16.129032258064516,5,31
cp_tutorial_3d_monolayer,1,9,1791321437.5435326,3170533,worker_0,W006,Watershed,pattern_group,running,100.0,1,1
cp_tutorial_3d_monolayer,1,9,1791321437.54392,3170533,worker_0,W006,Watershed,step_completed,success,19.35483870967742,6,31
cp_tutorial_3d_monolayer,1,9,1791321437.5443285,3170533,worker_0,W006,ResizeObjects,step_started,started,19.35483870967742,6,31
cp_tutorial_3d_monolayer,1,9,1791321437.5729918,3170533,worker_0,W006,ResizeObjects,pattern_group,running,100.0,1,1
cp_tutorial_3d_monolayer,1,9,1791321437.5734766,3170533,worker_0,W006,ResizeObjects,step_completed,success,22.58064516129032,7,31
cp_tutorial_3d_monolayer,1,9,1791321437.5738952,3170533,worker_0,W006,ErodeObjects,step_started,started,22.58064516129032,7,31
cp_tutorial_3d_monolayer,1,9,1791321437.6306465,3170533,worker_0,W006,ErodeObjects,pattern_group,running,100.0,1,1
cp_tutorial_3d_monolayer,1,9,1791321437.6311166,3170533,worker_0,W006,ErodeObjects,step_completed,success,25.806451612903224,8,31
cp_tutorial_3d_monolayer,1,9,1791321437.631601,3170533,worker_0,W006,ResizeObjects,step_started,started,25.806451612903224,8,31
cp_tutorial_3d_monolayer,1,9,1791321437.6555996,3170533,worker_0,W006,ResizeObjects,pattern_group,running,100.0,1,1
cp_tutorial_3d_monolayer,1,9,1791321437.6560643,3170533,worker_0,W006,ResizeObjects,step_completed,success,29.03225806451613,9,31
cp_tutorial_3d_monolayer,1,9,1791321437.6565773,3170533,worker_0,W006,ConvertObjectsToImage,step_started,started,29.03225806451613,9,31
cp_tutorial_3d_monolayer,1,9,1791321437.6808782,3170533,worker_0,W006,ConvertObjectsToImage,pattern_group,running,100.0,1,1
cp_tutorial_3d_monolayer,1,9,1791321437.681026,3170533,worker_0,W006,ConvertObjectsToImage,step_completed,success,32.25806451612903,10,31
cp_tutorial_3d_monolayer,1,9,1791321437.6814866,3170533,worker_0,W006,Threshold,step_started,started,32.25806451612903,10,31
cp_tutorial_3d_monolayer,1,9,1791321437.8513782,3170533,worker_0,W006,Threshold,pattern_group,running,100.0,1,1
cp_tutorial_3d_monolayer,1,9,1791321437.8516376,3170533,worker_0,W006,Threshold,step_completed,success,35.483870967741936,11,31
cp_tutorial_3d_monolayer,1,9,1791321437.85198,3170533,worker_0,W006,ImageMath,step_started,started,35.483870967741936,11,31
cp_tutorial_3d_monolayer,1,9,1791321437.8851357,3170533,worker_0,W006,ImageMath,pattern_group,running,100.0,1,1
cp_tutorial_3d_monolayer,1,9,1791321437.8852952,3170533,worker_0,W006,ImageMath,step_completed,success,38.70967741935484,12,31
cp_tutorial_3d_monolayer,1,9,1791321437.8857925,3170533,worker_0,W006,RemoveHoles,step_started,started,38.70967741935484,12,31
cp_tutorial_3d_monolayer,1,9,1791321437.933315,3170533,worker_0,W006,RemoveHoles,pattern_group,running,100.0,1,1
cp_tutorial_3d_monolayer,1,9,1791321437.9334707,3170533,worker_0,W006,RemoveHoles,step_completed,success,41.935483870967744,13,31
cp_tutorial_3d_monolayer,1,9,1791321437.9347515,3170533,worker_0,W006,ImageMath,step_started,started,41.935483870967744,13,31
cp_tutorial_3d_monolayer,1,9,1791321438.206586,3170533,worker_0,W006,ImageMath,pattern_group,running,100.0,1,1
cp_tutorial_3d_monolayer,1,9,1791321438.2067392,3170533,worker_0,W006,ImageMath,step_completed,success,45.16129032258064,14,31
cp_tutorial_3d_monolayer,1,9,1791321438.2070735,3170533,worker_0,W006,Resize,step_started,started,45.16129032258064,14,31
cp_tutorial_3d_monolayer,1,9,1791321438.2668774,3170533,worker_0,W006,Resize,pattern_group,running,100.0,1,1
cp_tutorial_3d_monolayer,1,9,1791321438.2670205,3170533,worker_0,W006,Resize,step_completed,success,48.38709677419355,15,31
cp_tutorial_3d_monolayer,1,9,1791321438.2692356,3170533,worker_0,W006,Closing,step_started,started,48.38709677419355,15,31
cp_tutorial_3d_monolayer,1,9,1791321438.3473673,3170533,worker_0,W006,Closing,pattern_group,running,100.0,1,1
cp_tutorial_3d_monolayer,1,9,1791321438.3475099,3170533,worker_0,W006,Closing,step_completed,success,51.61290322580645,16,31
cp_tutorial_3d_monolayer,1,9,1791321438.3480084,3170533,worker_0,W006,Resize,step_started,started,51.61290322580645,16,31
cp_tutorial_3d_monolayer,1,9,1791321438.3982205,3170533,worker_0,W006,Resize,pattern_group,running,100.0,1,1
cp_tutorial_3d_monolayer,1,9,1791321438.398383,3170533,worker_0,W006,Resize,step_completed,success,54.83870967741935,17,31
cp_tutorial_3d_monolayer,1,9,1791321438.3994188,3170533,worker_0,W006,Threshold,step_started,started,54.83870967741935,17,31
cp_tutorial_3d_monolayer,1,9,1791321438.5836847,3170533,worker_0,W006,Threshold,pattern_group,running,100.0,1,1
cp_tutorial_3d_monolayer,1,9,1791321438.5839314,3170533,worker_0,W006,Threshold,step_completed,success,58.06451612903226,18,31
cp_tutorial_3d_monolayer,1,9,1791321438.5844486,3170533,worker_0,W006,MaskImage,step_started,started,58.06451612903226,18,31
cp_tutorial_3d_monolayer,1,9,1791321438.6302266,3170533,worker_0,W006,MaskImage,pattern_group,running,100.0,1,1
cp_tutorial_3d_monolayer,1,9,1791321438.6303895,3170533,worker_0,W006,MaskImage,step_completed,success,61.29032258064516,19,31
cp_tutorial_3d_monolayer,1,9,1791321438.63099,3170533,worker_0,W006,ErodeImage,step_started,started,61.29032258064516,19,31
cp_tutorial_3d_monolayer,1,9,1791321438.6625283,3170533,worker_0,W006,ErodeImage,pattern_group,running,100.0,1,1
cp_tutorial_3d_monolayer,1,9,1791321438.6626756,3170533,worker_0,W006,ErodeImage,step_completed,success,64.51612903225806,20,31
cp_tutorial_3d_monolayer,1,9,1791321438.6641138,3170533,worker_0,W006,Watershed,step_started,started,64.51612903225806,20,31
cp_tutorial_3d_monolayer,1,9,1791321438.7532446,3170533,worker_0,W006,Watershed,pattern_group,running,100.0,1,1
cp_tutorial_3d_monolayer,1,9,1791321438.7536457,3170533,worker_0,W006,Watershed,step_completed,success,67.74193548387096,21,31
cp_tutorial_3d_monolayer,1,9,1791321438.7542255,3170533,worker_0,W006,MeasureObjectIntensity,step_started,started,67.74193548387096,21,31
cp_tutorial_3d_monolayer,1,9,1791321438.995528,3170533,worker_0,W006,MeasureObjectIntensity,pattern_group,running,50.0,1,2
cp_tutorial_3d_monolayer,1,9,1791321439.2695835,3170533,worker_0,W006,MeasureObjectIntensity,pattern_group,running,100.0,2,2
cp_tutorial_3d_monolayer,1,9,1791321439.2717605,3170533,worker_0,W006,MeasureObjectIntensity,step_completed,success,70.96774193548387,22,31
cp_tutorial_3d_monolayer,1,9,1791321439.2721236,3170533,worker_0,W006,MeasureObjectSizeShape,step_started,started,70.96774193548387,22,31
cp_tutorial_3d_monolayer,1,9,1791321439.365827,3170533,worker_0,W006,MeasureObjectSizeShape,pattern_group,running,50.0,1,2
cp_tutorial_3d_monolayer,1,9,1791321439.4603052,3170533,worker_0,W006,MeasureObjectSizeShape,pattern_group,running,100.0,2,2
cp_tutorial_3d_monolayer,1,9,1791321439.4608853,3170533,worker_0,W006,MeasureObjectSizeShape,step_completed,success,74.19354838709677,23,31
cp_tutorial_3d_monolayer,1,9,1791321439.4612594,3170533,worker_0,W006,OverlayObjects,step_started,started,74.19354838709677,23,31
cp_tutorial_3d_monolayer,1,9,1791321439.5051901,3170533,worker_0,W006,OverlayObjects,pattern_group,running,100.0,1,1
cp_tutorial_3d_monolayer,1,9,1791321439.5053086,3170533,worker_0,W006,OverlayObjects,step_completed,success,77.41935483870968,24,31
cp_tutorial_3d_monolayer,1,9,1791321439.505895,3170533,worker_0,W006,RescaleIntensity,step_started,started,77.41935483870968,24,31
cp_tutorial_3d_monolayer,1,9,1791321439.5899305,3170533,worker_0,W006,RescaleIntensity,pattern_group,running,100.0,1,1
cp_tutorial_3d_monolayer,1,9,1791321439.590076,3170533,worker_0,W006,RescaleIntensity,step_completed,success,80.64516129032258,25,31
cp_tutorial_3d_monolayer,1,9,1791321439.590449,3170533,worker_0,W006,OverlayObjects,step_started,started,80.64516129032258,25,31
cp_tutorial_3d_monolayer,1,9,1791321439.6308503,3170533,worker_0,W006,OverlayObjects,pattern_group,running,100.0,1,1
cp_tutorial_3d_monolayer,1,9,1791321439.6309505,3170533,worker_0,W006,OverlayObjects,step_completed,success,83.87096774193549,26,31
cp_tutorial_3d_monolayer,1,9,1791321439.6315424,3170533,worker_0,W006,ConvertObjectsToImage,step_started,started,83.87096774193549,26,31
cp_tutorial_3d_monolayer,1,9,1791321439.6637182,3170533,worker_0,W006,ConvertObjectsToImage,pattern_group,running,100.0,1,1
cp_tutorial_3d_monolayer,1,9,1791321439.663863,3170533,worker_0,W006,ConvertObjectsToImage,step_completed,success,87.09677419354838,27,31
cp_tutorial_3d_monolayer,1,9,1791321439.6644454,3170533,worker_0,W006,SaveImages,step_started,started,87.09677419354838,27,31
cp_tutorial_3d_monolayer,1,9,1791321439.713369,3170533,worker_0,W006,SaveImages,pattern_group,running,100.0,1,1
cp_tutorial_3d_monolayer,1,9,1791321439.7210605,3170533,worker_0,W006,SaveImages,step_completed,success,90.32258064516128,28,31
cp_tutorial_3d_monolayer,1,9,1791321439.7217004,3170533,worker_0,W006,ConvertObjectsToImage,step_started,started,90.32258064516128,28,31
cp_tutorial_3d_monolayer,1,9,1791321439.7564998,3170533,worker_0,W006,ConvertObjectsToImage,pattern_group,running,100.0,1,1
cp_tutorial_3d_monolayer,1,9,1791321439.7566826,3170533,worker_0,W006,ConvertObjectsToImage,step_completed,success,93.54838709677419,29,31
cp_tutorial_3d_monolayer,1,9,1791321439.7587466,3170533,worker_0,W006,SaveImages,step_started,started,93.54838709677419,29,31
cp_tutorial_3d_monolayer,1,9,1791321439.8074427,3170533,worker_0,W006,SaveImages,pattern_group,running,100.0,1,1
cp_tutorial_3d_monolayer,1,9,1791321439.8139281,3170533,worker_0,W006,SaveImages,step_completed,success,96.7741935483871,30,31
cp_tutorial_3d_monolayer,1,9,1791321439.8151844,3170533,worker_0,W006,pipeline,axis_completed,success,96.7741935483871,30,31
cp_tutorial_3d_monolayer,1,9,1791321439.8152623,3170533,worker_0,W007,pipeline,axis_started,started,0.0,0,31
cp_tutorial_3d_monolayer,1,9,1791321439.8182995,3170533,worker_0,W007,RescaleIntensity,step_started,started,0.0,0,31
cp_tutorial_3d_monolayer,1,9,1791321440.1285317,3170533,worker_0,W007,RescaleIntensity,pattern_group,running,100.0,1,1
cp_tutorial_3d_monolayer,1,9,1791321440.1286669,3170533,worker_0,W007,RescaleIntensity,step_completed,success,3.225806451612903,1,31
cp_tutorial_3d_monolayer,1,9,1791321440.128955,3170533,worker_0,W007,Resize,step_started,started,3.225806451612903,1,31
cp_tutorial_3d_monolayer,1,9,1791321440.1861396,3170533,worker_0,W007,Resize,pattern_group,running,100.0,1,1
cp_tutorial_3d_monolayer,1,9,1791321440.1862915,3170533,worker_0,W007,Resize,step_completed,success,6.451612903225806,2,31
cp_tutorial_3d_monolayer,1,9,1791321440.1866424,3170533,worker_0,W007,MedianFilter,step_started,started,6.451612903225806,2,31
cp_tutorial_3d_monolayer,1,9,1791321440.3518417,3170533,worker_0,W007,MedianFilter,pattern_group,running,100.0,1,1
cp_tutorial_3d_monolayer,1,9,1791321440.3519828,3170533,worker_0,W007,MedianFilter,step_completed,success,9.67741935483871,3,31
cp_tutorial_3d_monolayer,1,9,1791321440.352339,3170533,worker_0,W007,Threshold,step_started,started,9.67741935483871,3,31
cp_tutorial_3d_monolayer,1,9,1791321440.3898294,3170533,worker_0,W007,Threshold,pattern_group,running,100.0,1,1
cp_tutorial_3d_monolayer,1,9,1791321440.3900967,3170533,worker_0,W007,Threshold,step_completed,success,12.903225806451612,4,31
cp_tutorial_3d_monolayer,1,9,1791321440.3904886,3170533,worker_0,W007,RemoveHoles,step_started,started,12.903225806451612,4,31
cp_tutorial_3d_monolayer,1,9,1791321440.4069753,3170533,worker_0,W007,RemoveHoles,pattern_group,running,100.0,1,1
cp_tutorial_3d_monolayer,1,9,1791321440.4071193,3170533,worker_0,W007,RemoveHoles,step_completed,success,16.129032258064516,5,31
cp_tutorial_3d_monolayer,1,9,1791321440.407501,3170533,worker_0,W007,Watershed,step_started,started,16.129032258064516,5,31
cp_tutorial_3d_monolayer,1,9,1791321440.4981313,3170533,worker_0,W007,Watershed,pattern_group,running,100.0,1,1
cp_tutorial_3d_monolayer,1,9,1791321440.49853,3170533,worker_0,W007,Watershed,step_completed,success,19.35483870967742,6,31
cp_tutorial_3d_monolayer,1,9,1791321440.4989343,3170533,worker_0,W007,ResizeObjects,step_started,started,19.35483870967742,6,31
cp_tutorial_3d_monolayer,1,9,1791321440.5265021,3170533,worker_0,W007,ResizeObjects,pattern_group,running,100.0,1,1
cp_tutorial_3d_monolayer,1,9,1791321440.5269818,3170533,worker_0,W007,ResizeObjects,step_completed,success,22.58064516129032,7,31
cp_tutorial_3d_monolayer,1,9,1791321440.5274072,3170533,worker_0,W007,ErodeObjects,step_started,started,22.58064516129032,7,31
cp_tutorial_3d_monolayer,1,9,1791321440.5845723,3170533,worker_0,W007,ErodeObjects,pattern_group,running,100.0,1,1
cp_tutorial_3d_monolayer,1,9,1791321440.5850403,3170533,worker_0,W007,ErodeObjects,step_completed,success,25.806451612903224,8,31
cp_tutorial_3d_monolayer,1,9,1791321440.585526,3170533,worker_0,W007,ResizeObjects,step_started,started,25.806451612903224,8,31
cp_tutorial_3d_monolayer,1,9,1791321440.6097703,3170533,worker_0,W007,ResizeObjects,pattern_group,running,100.0,1,1
cp_tutorial_3d_monolayer,1,9,1791321440.610242,3170533,worker_0,W007,ResizeObjects,step_completed,success,29.03225806451613,9,31
cp_tutorial_3d_monolayer,1,9,1791321440.6107447,3170533,worker_0,W007,ConvertObjectsToImage,step_started,started,29.03225806451613,9,31
cp_tutorial_3d_monolayer,1,9,1791321440.6347485,3170533,worker_0,W007,ConvertObjectsToImage,pattern_group,running,100.0,1,1
cp_tutorial_3d_monolayer,1,9,1791321440.6348891,3170533,worker_0,W007,ConvertObjectsToImage,step_completed,success,32.25806451612903,10,31
cp_tutorial_3d_monolayer,1,9,1791321440.6353855,3170533,worker_0,W007,Threshold,step_started,started,32.25806451612903,10,31
cp_tutorial_3d_monolayer,1,9,1791321440.8062286,3170533,worker_0,W007,Threshold,pattern_group,running,100.0,1,1
cp_tutorial_3d_monolayer,1,9,1791321440.806495,3170533,worker_0,W007,Threshold,step_completed,success,35.483870967741936,11,31
cp_tutorial_3d_monolayer,1,9,1791321440.8068347,3170533,worker_0,W007,ImageMath,step_started,started,35.483870967741936,11,31
cp_tutorial_3d_monolayer,1,9,1791321440.8393967,3170533,worker_0,W007,ImageMath,pattern_group,running,100.0,1,1
cp_tutorial_3d_monolayer,1,9,1791321440.8395448,3170533,worker_0,W007,ImageMath,step_completed,success,38.70967741935484,12,31
cp_tutorial_3d_monolayer,1,9,1791321440.8400369,3170533,worker_0,W007,RemoveHoles,step_started,started,38.70967741935484,12,31
cp_tutorial_3d_monolayer,1,9,1791321440.8867157,3170533,worker_0,W007,RemoveHoles,pattern_group,running,100.0,1,1
cp_tutorial_3d_monolayer,1,9,1791321440.8868647,3170533,worker_0,W007,RemoveHoles,step_completed,success,41.935483870967744,13,31
cp_tutorial_3d_monolayer,1,9,1791321440.8881168,3170533,worker_0,W007,ImageMath,step_started,started,41.935483870967744,13,31
cp_tutorial_3d_monolayer,1,9,1791321441.1578162,3170533,worker_0,W007,ImageMath,pattern_group,running,100.0,1,1
cp_tutorial_3d_monolayer,1,9,1791321441.1579683,3170533,worker_0,W007,ImageMath,step_completed,success,45.16129032258064,14,31
cp_tutorial_3d_monolayer,1,9,1791321441.1583114,3170533,worker_0,W007,Resize,step_started,started,45.16129032258064,14,31
cp_tutorial_3d_monolayer,1,9,1791321441.2208552,3170533,worker_0,W007,Resize,pattern_group,running,100.0,1,1
cp_tutorial_3d_monolayer,1,9,1791321441.2209952,3170533,worker_0,W007,Resize,step_completed,success,48.38709677419355,15,31
cp_tutorial_3d_monolayer,1,9,1791321441.2229667,3170533,worker_0,W007,Closing,step_started,started,48.38709677419355,15,31
cp_tutorial_3d_monolayer,1,9,1791321441.301838,3170533,worker_0,W007,Closing,pattern_group,running,100.0,1,1
cp_tutorial_3d_monolayer,1,9,1791321441.3019817,3170533,worker_0,W007,Closing,step_completed,success,51.61290322580645,16,31
cp_tutorial_3d_monolayer,1,9,1791321441.3024871,3170533,worker_0,W007,Resize,step_started,started,51.61290322580645,16,31
cp_tutorial_3d_monolayer,1,9,1791321441.3526628,3170533,worker_0,W007,Resize,pattern_group,running,100.0,1,1
cp_tutorial_3d_monolayer,1,9,1791321441.3528068,3170533,worker_0,W007,Resize,step_completed,success,54.83870967741935,17,31
cp_tutorial_3d_monolayer,1,9,1791321441.3533077,3170533,worker_0,W007,Threshold,step_started,started,54.83870967741935,17,31
cp_tutorial_3d_monolayer,1,9,1791321441.5293486,3170533,worker_0,W007,Threshold,pattern_group,running,100.0,1,1
cp_tutorial_3d_monolayer,1,9,1791321441.5295959,3170533,worker_0,W007,Threshold,step_completed,success,58.06451612903226,18,31
cp_tutorial_3d_monolayer,1,9,1791321441.5301042,3170533,worker_0,W007,MaskImage,step_started,started,58.06451612903226,18,31
cp_tutorial_3d_monolayer,1,9,1791321441.5758655,3170533,worker_0,W007,MaskImage,pattern_group,running,100.0,1,1
cp_tutorial_3d_monolayer,1,9,1791321441.57602,3170533,worker_0,W007,MaskImage,step_completed,success,61.29032258064516,19,31
cp_tutorial_3d_monolayer,1,9,1791321441.576637,3170533,worker_0,W007,ErodeImage,step_started,started,61.29032258064516,19,31
cp_tutorial_3d_monolayer,1,9,1791321441.60824,3170533,worker_0,W007,ErodeImage,pattern_group,running,100.0,1,1
cp_tutorial_3d_monolayer,1,9,1791321441.608393,3170533,worker_0,W007,ErodeImage,step_completed,success,64.51612903225806,20,31
cp_tutorial_3d_monolayer,1,9,1791321441.609748,3170533,worker_0,W007,Watershed,step_started,started,64.51612903225806,20,31
cp_tutorial_3d_monolayer,1,9,1791321441.699944,3170533,worker_0,W007,Watershed,pattern_group,running,100.0,1,1
cp_tutorial_3d_monolayer,1,9,1791321441.7003446,3170533,worker_0,W007,Watershed,step_completed,success,67.74193548387096,21,31
cp_tutorial_3d_monolayer,1,9,1791321441.700936,3170533,worker_0,W007,MeasureObjectIntensity,step_started,started,67.74193548387096,21,31
cp_tutorial_3d_monolayer,1,9,1791321441.9434955,3170533,worker_0,W007,MeasureObjectIntensity,pattern_group,running,50.0,1,2
cp_tutorial_3d_monolayer,1,9,1791321442.2195885,3170533,worker_0,W007,MeasureObjectIntensity,pattern_group,running,100.0,2,2
cp_tutorial_3d_monolayer,1,9,1791321442.2217717,3170533,worker_0,W007,MeasureObjectIntensity,step_completed,success,70.96774193548387,22,31
cp_tutorial_3d_monolayer,1,9,1791321442.2221391,3170533,worker_0,W007,MeasureObjectSizeShape,step_started,started,70.96774193548387,22,31
cp_tutorial_3d_monolayer,1,9,1791321442.3168516,3170533,worker_0,W007,MeasureObjectSizeShape,pattern_group,running,50.0,1,2
cp_tutorial_3d_monolayer,1,9,1791321442.412167,3170533,worker_0,W007,MeasureObjectSizeShape,pattern_group,running,100.0,2,2
cp_tutorial_3d_monolayer,1,9,1791321442.4127452,3170533,worker_0,W007,MeasureObjectSizeShape,step_completed,success,74.19354838709677,23,31
cp_tutorial_3d_monolayer,1,9,1791321442.4131207,3170533,worker_0,W007,OverlayObjects,step_started,started,74.19354838709677,23,31
cp_tutorial_3d_monolayer,1,9,1791321442.459265,3170533,worker_0,W007,OverlayObjects,pattern_group,running,100.0,1,1
cp_tutorial_3d_monolayer,1,9,1791321442.4593825,3170533,worker_0,W007,OverlayObjects,step_completed,success,77.41935483870968,24,31
cp_tutorial_3d_monolayer,1,9,1791321442.4599674,3170533,worker_0,W007,RescaleIntensity,step_started,started,77.41935483870968,24,31
cp_tutorial_3d_monolayer,1,9,1791321442.543348,3170533,worker_0,W007,RescaleIntensity,pattern_group,running,100.0,1,1
cp_tutorial_3d_monolayer,1,9,1791321442.5434914,3170533,worker_0,W007,RescaleIntensity,step_completed,success,80.64516129032258,25,31
cp_tutorial_3d_monolayer,1,9,1791321442.5438552,3170533,worker_0,W007,OverlayObjects,step_started,started,80.64516129032258,25,31
cp_tutorial_3d_monolayer,1,9,1791321442.5783672,3170533,worker_0,W007,OverlayObjects,pattern_group,running,100.0,1,1
cp_tutorial_3d_monolayer,1,9,1791321442.5784676,3170533,worker_0,W007,OverlayObjects,step_completed,success,83.87096774193549,26,31
cp_tutorial_3d_monolayer,1,9,1791321442.579058,3170533,worker_0,W007,ConvertObjectsToImage,step_started,started,83.87096774193549,26,31
cp_tutorial_3d_monolayer,1,9,1791321442.6118546,3170533,worker_0,W007,ConvertObjectsToImage,pattern_group,running,100.0,1,1
cp_tutorial_3d_monolayer,1,9,1791321442.612,3170533,worker_0,W007,ConvertObjectsToImage,step_completed,success,87.09677419354838,27,31
cp_tutorial_3d_monolayer,1,9,1791321442.6125927,3170533,worker_0,W007,SaveImages,step_started,started,87.09677419354838,27,31
cp_tutorial_3d_monolayer,1,9,1791321442.6613479,3170533,worker_0,W007,SaveImages,pattern_group,running,100.0,1,1
cp_tutorial_3d_monolayer,1,9,1791321442.6676838,3170533,worker_0,W007,SaveImages,step_completed,success,90.32258064516128,28,31
cp_tutorial_3d_monolayer,1,9,1791321442.6682737,3170533,worker_0,W007,ConvertObjectsToImage,step_started,started,90.32258064516128,28,31
cp_tutorial_3d_monolayer,1,9,1791321442.7019467,3170533,worker_0,W007,ConvertObjectsToImage,pattern_group,running,100.0,1,1
cp_tutorial_3d_monolayer,1,9,1791321442.7021248,3170533,worker_0,W007,ConvertObjectsToImage,step_completed,success,93.54838709677419,29,31
cp_tutorial_3d_monolayer,1,9,1791321442.7050056,3170533,worker_0,W007,SaveImages,step_started,started,93.54838709677419,29,31
cp_tutorial_3d_monolayer,1,9,1791321442.7531824,3170533,worker_0,W007,SaveImages,pattern_group,running,100.0,1,1
cp_tutorial_3d_monolayer,1,9,1791321442.759805,3170533,worker_0,W007,SaveImages,step_completed,success,96.7741935483871,30,31
cp_tutorial_3d_monolayer,1,9,1791321442.7609427,3170533,worker_0,W007,pipeline,axis_completed,success,96.7741935483871,30,31
cp_tutorial_3d_monolayer,1,9,1791321442.761012,3170533,worker_0,W008,pipeline,axis_started,started,0.0,0,31
cp_tutorial_3d_monolayer,1,9,1791321442.7640293,3170533,worker_0,W008,RescaleIntensity,step_started,started,0.0,0,31
cp_tutorial_3d_monolayer,1,9,1791321442.9857666,3170533,worker_0,W008,RescaleIntensity,pattern_group,running,100.0,1,1
cp_tutorial_3d_monolayer,1,9,1791321442.9859104,3170533,worker_0,W008,RescaleIntensity,step_completed,success,3.225806451612903,1,31
cp_tutorial_3d_monolayer,1,9,1791321442.9861965,3170533,worker_0,W008,Resize,step_started,started,3.225806451612903,1,31
cp_tutorial_3d_monolayer,1,9,1791321443.0418851,3170533,worker_0,W008,Resize,pattern_group,running,100.0,1,1
cp_tutorial_3d_monolayer,1,9,1791321443.04203,3170533,worker_0,W008,Resize,step_completed,success,6.451612903225806,2,31
cp_tutorial_3d_monolayer,1,9,1791321443.0423303,3170533,worker_0,W008,MedianFilter,step_started,started,6.451612903225806,2,31
cp_tutorial_3d_monolayer,1,9,1791321443.208745,3170533,worker_0,W008,MedianFilter,pattern_group,running,100.0,1,1
cp_tutorial_3d_monolayer,1,9,1791321443.2088857,3170533,worker_0,W008,MedianFilter,step_completed,success,9.67741935483871,3,31
cp_tutorial_3d_monolayer,1,9,1791321443.209236,3170533,worker_0,W008,Threshold,step_started,started,9.67741935483871,3,31
cp_tutorial_3d_monolayer,1,9,1791321443.2457752,3170533,worker_0,W008,Threshold,pattern_group,running,100.0,1,1
cp_tutorial_3d_monolayer,1,9,1791321443.2465165,3170533,worker_0,W008,Threshold,step_completed,success,12.903225806451612,4,31
cp_tutorial_3d_monolayer,1,9,1791321443.2469046,3170533,worker_0,W008,RemoveHoles,step_started,started,12.903225806451612,4,31
cp_tutorial_3d_monolayer,1,9,1791321443.263935,3170533,worker_0,W008,RemoveHoles,pattern_group,running,100.0,1,1
cp_tutorial_3d_monolayer,1,9,1791321443.2640796,3170533,worker_0,W008,RemoveHoles,step_completed,success,16.129032258064516,5,31
cp_tutorial_3d_monolayer,1,9,1791321443.2644541,3170533,worker_0,W008,Watershed,step_started,started,16.129032258064516,5,31
cp_tutorial_3d_monolayer,1,9,1791321443.3537402,3170533,worker_0,W008,Watershed,pattern_group,running,100.0,1,1
cp_tutorial_3d_monolayer,1,9,1791321443.3541481,3170533,worker_0,W008,Watershed,step_completed,success,19.35483870967742,6,31
cp_tutorial_3d_monolayer,1,9,1791321443.3545754,3170533,worker_0,W008,ResizeObjects,step_started,started,19.35483870967742,6,31
cp_tutorial_3d_monolayer,1,9,1791321443.3828685,3170533,worker_0,W008,ResizeObjects,pattern_group,running,100.0,1,1
cp_tutorial_3d_monolayer,1,9,1791321443.3833756,3170533,worker_0,W008,ResizeObjects,step_completed,success,22.58064516129032,7,31
cp_tutorial_3d_monolayer,1,9,1791321443.3837945,3170533,worker_0,W008,ErodeObjects,step_started,started,22.58064516129032,7,31
cp_tutorial_3d_monolayer,1,9,1791321443.441167,3170533,worker_0,W008,ErodeObjects,pattern_group,running,100.0,1,1
cp_tutorial_3d_monolayer,1,9,1791321443.4416318,3170533,worker_0,W008,ErodeObjects,step_completed,success,25.806451612903224,8,31
cp_tutorial_3d_monolayer,1,9,1791321443.4420927,3170533,worker_0,W008,ResizeObjects,step_started,started,25.806451612903224,8,31
cp_tutorial_3d_monolayer,1,9,1791321443.4660485,3170533,worker_0,W008,ResizeObjects,pattern_group,running,100.0,1,1
cp_tutorial_3d_monolayer,1,9,1791321443.466526,3170533,worker_0,W008,ResizeObjects,step_completed,success,29.03225806451613,9,31
cp_tutorial_3d_monolayer,1,9,1791321443.4670246,3170533,worker_0,W008,ConvertObjectsToImage,step_started,started,29.03225806451613,9,31
cp_tutorial_3d_monolayer,1,9,1791321443.4909685,3170533,worker_0,W008,ConvertObjectsToImage,pattern_group,running,100.0,1,1
cp_tutorial_3d_monolayer,1,9,1791321443.4911191,3170533,worker_0,W008,ConvertObjectsToImage,step_completed,success,32.25806451612903,10,31
cp_tutorial_3d_monolayer,1,9,1791321443.4915853,3170533,worker_0,W008,Threshold,step_started,started,32.25806451612903,10,31
cp_tutorial_3d_monolayer,1,9,1791321443.6619823,3170533,worker_0,W008,Threshold,pattern_group,running,100.0,1,1
cp_tutorial_3d_monolayer,1,9,1791321443.6622295,3170533,worker_0,W008,Threshold,step_completed,success,35.483870967741936,11,31
cp_tutorial_3d_monolayer,1,9,1791321443.662571,3170533,worker_0,W008,ImageMath,step_started,started,35.483870967741936,11,31
cp_tutorial_3d_monolayer,1,9,1791321443.6951497,3170533,worker_0,W008,ImageMath,pattern_group,running,100.0,1,1
cp_tutorial_3d_monolayer,1,9,1791321443.6953092,3170533,worker_0,W008,ImageMath,step_completed,success,38.70967741935484,12,31
cp_tutorial_3d_monolayer,1,9,1791321443.6957977,3170533,worker_0,W008,RemoveHoles,step_started,started,38.70967741935484,12,31
cp_tutorial_3d_monolayer,1,9,1791321443.742323,3170533,worker_0,W008,RemoveHoles,pattern_group,running,100.0,1,1
cp_tutorial_3d_monolayer,1,9,1791321443.7424662,3170533,worker_0,W008,RemoveHoles,step_completed,success,41.935483870967744,13,31
cp_tutorial_3d_monolayer,1,9,1791321443.7436826,3170533,worker_0,W008,ImageMath,step_started,started,41.935483870967744,13,31
cp_tutorial_3d_monolayer,1,9,1791321444.0100353,3170533,worker_0,W008,ImageMath,pattern_group,running,100.0,1,1
cp_tutorial_3d_monolayer,1,9,1791321444.0101871,3170533,worker_0,W008,ImageMath,step_completed,success,45.16129032258064,14,31
cp_tutorial_3d_monolayer,1,9,1791321444.0105906,3170533,worker_0,W008,Resize,step_started,started,45.16129032258064,14,31
cp_tutorial_3d_monolayer,1,9,1791321444.070543,3170533,worker_0,W008,Resize,pattern_group,running,100.0,1,1
cp_tutorial_3d_monolayer,1,9,1791321444.070686,3170533,worker_0,W008,Resize,step_completed,success,48.38709677419355,15,31
cp_tutorial_3d_monolayer,1,9,1791321444.0729704,3170533,worker_0,W008,Closing,step_started,started,48.38709677419355,15,31
cp_tutorial_3d_monolayer,1,9,1791321444.1510055,3170533,worker_0,W008,Closing,pattern_group,running,100.0,1,1
cp_tutorial_3d_monolayer,1,9,1791321444.151148,3170533,worker_0,W008,Closing,step_completed,success,51.61290322580645,16,31
cp_tutorial_3d_monolayer,1,9,1791321444.1516716,3170533,worker_0,W008,Resize,step_started,started,51.61290322580645,16,31
cp_tutorial_3d_monolayer,1,9,1791321444.20319,3170533,worker_0,W008,Resize,pattern_group,running,100.0,1,1
cp_tutorial_3d_monolayer,1,9,1791321444.2033405,3170533,worker_0,W008,Resize,step_completed,success,54.83870967741935,17,31
cp_tutorial_3d_monolayer,1,9,1791321444.2038403,3170533,worker_0,W008,Threshold,step_started,started,54.83870967741935,17,31
cp_tutorial_3d_monolayer,1,9,1791321444.483595,3170533,worker_0,W008,Threshold,pattern_group,running,100.0,1,1
cp_tutorial_3d_monolayer,1,9,1791321444.483841,3170533,worker_0,W008,Threshold,step_completed,success,58.06451612903226,18,31
cp_tutorial_3d_monolayer,1,9,1791321444.4843562,3170533,worker_0,W008,MaskImage,step_started,started,58.06451612903226,18,31
cp_tutorial_3d_monolayer,1,9,1791321444.5303428,3170533,worker_0,W008,MaskImage,pattern_group,running,100.0,1,1
cp_tutorial_3d_monolayer,1,9,1791321444.530496,3170533,worker_0,W008,MaskImage,step_completed,success,61.29032258064516,19,31
cp_tutorial_3d_monolayer,1,9,1791321444.5310993,3170533,worker_0,W008,ErodeImage,step_started,started,61.29032258064516,19,31
cp_tutorial_3d_monolayer,1,9,1791321444.562763,3170533,worker_0,W008,ErodeImage,pattern_group,running,100.0,1,1
cp_tutorial_3d_monolayer,1,9,1791321444.5629094,3170533,worker_0,W008,ErodeImage,step_completed,success,64.51612903225806,20,31
cp_tutorial_3d_monolayer,1,9,1791321444.56433,3170533,worker_0,W008,Watershed,step_started,started,64.51612903225806,20,31
cp_tutorial_3d_monolayer,1,9,1791321444.6542466,3170533,worker_0,W008,Watershed,pattern_group,running,100.0,1,1
cp_tutorial_3d_monolayer,1,9,1791321444.6546469,3170533,worker_0,W008,Watershed,step_completed,success,67.74193548387096,21,31
cp_tutorial_3d_monolayer,1,9,1791321444.6552358,3170533,worker_0,W008,MeasureObjectIntensity,step_started,started,67.74193548387096,21,31
cp_tutorial_3d_monolayer,1,9,1791321444.8939793,3170533,worker_0,W008,MeasureObjectIntensity,pattern_group,running,50.0,1,2
cp_tutorial_3d_monolayer,1,9,1791321445.170865,3170533,worker_0,W008,MeasureObjectIntensity,pattern_group,running,100.0,2,2
cp_tutorial_3d_monolayer,1,9,1791321445.1731157,3170533,worker_0,W008,MeasureObjectIntensity,step_completed,success,70.96774193548387,22,31
cp_tutorial_3d_monolayer,1,9,1791321445.1735024,3170533,worker_0,W008,MeasureObjectSizeShape,step_started,started,70.96774193548387,22,31
cp_tutorial_3d_monolayer,1,9,1791321445.2688832,3170533,worker_0,W008,MeasureObjectSizeShape,pattern_group,running,50.0,1,2
cp_tutorial_3d_monolayer,1,9,1791321445.3638613,3170533,worker_0,W008,MeasureObjectSizeShape,pattern_group,running,100.0,2,2
cp_tutorial_3d_monolayer,1,9,1791321445.3644748,3170533,worker_0,W008,MeasureObjectSizeShape,step_completed,success,74.19354838709677,23,31
cp_tutorial_3d_monolayer,1,9,1791321445.3648484,3170533,worker_0,W008,OverlayObjects,step_started,started,74.19354838709677,23,31
cp_tutorial_3d_monolayer,1,9,1791321445.4055414,3170533,worker_0,W008,OverlayObjects,pattern_group,running,100.0,1,1
cp_tutorial_3d_monolayer,1,9,1791321445.4056604,3170533,worker_0,W008,OverlayObjects,step_completed,success,77.41935483870968,24,31
cp_tutorial_3d_monolayer,1,9,1791321445.4062448,3170533,worker_0,W008,RescaleIntensity,step_started,started,77.41935483870968,24,31
cp_tutorial_3d_monolayer,1,9,1791321445.4897077,3170533,worker_0,W008,RescaleIntensity,pattern_group,running,100.0,1,1
cp_tutorial_3d_monolayer,1,9,1791321445.489853,3170533,worker_0,W008,RescaleIntensity,step_completed,success,80.64516129032258,25,31
cp_tutorial_3d_monolayer,1,9,1791321445.4902105,3170533,worker_0,W008,OverlayObjects,step_started,started,80.64516129032258,25,31
cp_tutorial_3d_monolayer,1,9,1791321445.5271568,3170533,worker_0,W008,OverlayObjects,pattern_group,running,100.0,1,1
cp_tutorial_3d_monolayer,1,9,1791321445.527258,3170533,worker_0,W008,OverlayObjects,step_completed,success,83.87096774193549,26,31
cp_tutorial_3d_monolayer,1,9,1791321445.527852,3170533,worker_0,W008,ConvertObjectsToImage,step_started,started,83.87096774193549,26,31
cp_tutorial_3d_monolayer,1,9,1791321445.5603936,3170533,worker_0,W008,ConvertObjectsToImage,pattern_group,running,100.0,1,1
cp_tutorial_3d_monolayer,1,9,1791321445.560537,3170533,worker_0,W008,ConvertObjectsToImage,step_completed,success,87.09677419354838,27,31
cp_tutorial_3d_monolayer,1,9,1791321445.5611043,3170533,worker_0,W008,SaveImages,step_started,started,87.09677419354838,27,31
cp_tutorial_3d_monolayer,1,9,1791321445.6092682,3170533,worker_0,W008,SaveImages,pattern_group,running,100.0,1,1
cp_tutorial_3d_monolayer,1,9,1791321445.6156342,3170533,worker_0,W008,SaveImages,step_completed,success,90.32258064516128,28,31
cp_tutorial_3d_monolayer,1,9,1791321445.6162295,3170533,worker_0,W008,ConvertObjectsToImage,step_started,started,90.32258064516128,28,31
cp_tutorial_3d_monolayer,1,9,1791321445.6484785,3170533,worker_0,W008,ConvertObjectsToImage,pattern_group,running,100.0,1,1
cp_tutorial_3d_monolayer,1,9,1791321445.648643,3170533,worker_0,W008,ConvertObjectsToImage,step_completed,success,93.54838709677419,29,31
cp_tutorial_3d_monolayer,1,9,1791321445.6508248,3170533,worker_0,W008,SaveImages,step_started,started,93.54838709677419,29,31
cp_tutorial_3d_monolayer,1,9,1791321445.69956,3170533,worker_0,W008,SaveImages,pattern_group,running,100.0,1,1
cp_tutorial_3d_monolayer,1,9,1791321445.7061534,3170533,worker_0,W008,SaveImages,step_completed,success,96.7741935483871,30,31
cp_tutorial_3d_monolayer,1,9,1791321445.7072833,3170533,worker_0,W008,pipeline,axis_completed,success,96.7741935483871,30,31
cp_tutorial_3d_monolayer,1,9,1791321445.7073522,3170533,worker_0,W009,pipeline,axis_started,started,0.0,0,31
cp_tutorial_3d_monolayer,1,9,1791321445.7102525,3170533,worker_0,W009,RescaleIntensity,step_started,started,0.0,0,31
cp_tutorial_3d_monolayer,1,9,1791321446.0280497,3170533,worker_0,W009,RescaleIntensity,pattern_group,running,100.0,1,1
cp_tutorial_3d_monolayer,1,9,1791321446.028187,3170533,worker_0,W009,RescaleIntensity,step_completed,success,3.225806451612903,1,31
cp_tutorial_3d_monolayer,1,9,1791321446.0284946,3170533,worker_0,W009,Resize,step_started,started,3.225806451612903,1,31
cp_tutorial_3d_monolayer,1,9,1791321446.0835135,3170533,worker_0,W009,Resize,pattern_group,running,100.0,1,1
cp_tutorial_3d_monolayer,1,9,1791321446.0836575,3170533,worker_0,W009,Resize,step_completed,success,6.451612903225806,2,31
cp_tutorial_3d_monolayer,1,9,1791321446.0839455,3170533,worker_0,W009,MedianFilter,step_started,started,6.451612903225806,2,31
cp_tutorial_3d_monolayer,1,9,1791321446.2504036,3170533,worker_0,W009,MedianFilter,pattern_group,running,100.0,1,1
cp_tutorial_3d_monolayer,1,9,1791321446.2505422,3170533,worker_0,W009,MedianFilter,step_completed,success,9.67741935483871,3,31
cp_tutorial_3d_monolayer,1,9,1791321446.2508948,3170533,worker_0,W009,Threshold,step_started,started,9.67741935483871,3,31
cp_tutorial_3d_monolayer,1,9,1791321446.2877061,3170533,worker_0,W009,Threshold,pattern_group,running,100.0,1,1
cp_tutorial_3d_monolayer,1,9,1791321446.288058,3170533,worker_0,W009,Threshold,step_completed,success,12.903225806451612,4,31
cp_tutorial_3d_monolayer,1,9,1791321446.2884398,3170533,worker_0,W009,RemoveHoles,step_started,started,12.903225806451612,4,31
cp_tutorial_3d_monolayer,1,9,1791321446.3049915,3170533,worker_0,W009,RemoveHoles,pattern_group,running,100.0,1,1
cp_tutorial_3d_monolayer,1,9,1791321446.3051329,3170533,worker_0,W009,RemoveHoles,step_completed,success,16.129032258064516,5,31
cp_tutorial_3d_monolayer,1,9,1791321446.3055096,3170533,worker_0,W009,Watershed,step_started,started,16.129032258064516,5,31
cp_tutorial_3d_monolayer,1,9,1791321446.3954854,3170533,worker_0,W009,Watershed,pattern_group,running,100.0,1,1
cp_tutorial_3d_monolayer,1,9,1791321446.3958797,3170533,worker_0,W009,Watershed,step_completed,success,19.35483870967742,6,31
cp_tutorial_3d_monolayer,1,9,1791321446.396296,3170533,worker_0,W009,ResizeObjects,step_started,started,19.35483870967742,6,31
cp_tutorial_3d_monolayer,1,9,1791321446.4247868,3170533,worker_0,W009,ResizeObjects,pattern_group,running,100.0,1,1
cp_tutorial_3d_monolayer,1,9,1791321446.425278,3170533,worker_0,W009,ResizeObjects,step_completed,success,22.58064516129032,7,31
cp_tutorial_3d_monolayer,1,9,1791321446.4257016,3170533,worker_0,W009,ErodeObjects,step_started,started,22.58064516129032,7,31
cp_tutorial_3d_monolayer,1,9,1791321446.4831014,3170533,worker_0,W009,ErodeObjects,pattern_group,running,100.0,1,1
cp_tutorial_3d_monolayer,1,9,1791321446.483565,3170533,worker_0,W009,ErodeObjects,step_completed,success,25.806451612903224,8,31
cp_tutorial_3d_monolayer,1,9,1791321446.4840238,3170533,worker_0,W009,ResizeObjects,step_started,started,25.806451612903224,8,31
cp_tutorial_3d_monolayer,1,9,1791321446.507822,3170533,worker_0,W009,ResizeObjects,pattern_group,running,100.0,1,1
cp_tutorial_3d_monolayer,1,9,1791321446.5082946,3170533,worker_0,W009,ResizeObjects,step_completed,success,29.03225806451613,9,31
cp_tutorial_3d_monolayer,1,9,1791321446.50879,3170533,worker_0,W009,ConvertObjectsToImage,step_started,started,29.03225806451613,9,31
cp_tutorial_3d_monolayer,1,9,1791321446.5320432,3170533,worker_0,W009,ConvertObjectsToImage,pattern_group,running,100.0,1,1
cp_tutorial_3d_monolayer,1,9,1791321446.5321887,3170533,worker_0,W009,ConvertObjectsToImage,step_completed,success,32.25806451612903,10,31
cp_tutorial_3d_monolayer,1,9,1791321446.53318,3170533,worker_0,W009,Threshold,step_started,started,32.25806451612903,10,31
cp_tutorial_3d_monolayer,1,9,1791321446.7038448,3170533,worker_0,W009,Threshold,pattern_group,running,100.0,1,1
cp_tutorial_3d_monolayer,1,9,1791321446.7040963,3170533,worker_0,W009,Threshold,step_completed,success,35.483870967741936,11,31
cp_tutorial_3d_monolayer,1,9,1791321446.7044318,3170533,worker_0,W009,ImageMath,step_started,started,35.483870967741936,11,31
cp_tutorial_3d_monolayer,1,9,1791321446.7365484,3170533,worker_0,W009,ImageMath,pattern_group,running,100.0,1,1
cp_tutorial_3d_monolayer,1,9,1791321446.736702,3170533,worker_0,W009,ImageMath,step_completed,success,38.70967741935484,12,31
cp_tutorial_3d_monolayer,1,9,1791321446.7371883,3170533,worker_0,W009,RemoveHoles,step_started,started,38.70967741935484,12,31
cp_tutorial_3d_monolayer,1,9,1791321446.7840798,3170533,worker_0,W009,RemoveHoles,pattern_group,running,100.0,1,1
cp_tutorial_3d_monolayer,1,9,1791321446.7842271,3170533,worker_0,W009,RemoveHoles,step_completed,success,41.935483870967744,13,31
cp_tutorial_3d_monolayer,1,9,1791321446.7854354,3170533,worker_0,W009,ImageMath,step_started,started,41.935483870967744,13,31
cp_tutorial_3d_monolayer,1,9,1791321447.0526645,3170533,worker_0,W009,ImageMath,pattern_group,running,100.0,1,1
cp_tutorial_3d_monolayer,1,9,1791321447.0528145,3170533,worker_0,W009,ImageMath,step_completed,success,45.16129032258064,14,31
cp_tutorial_3d_monolayer,1,9,1791321447.0531533,3170533,worker_0,W009,Resize,step_started,started,45.16129032258064,14,31
cp_tutorial_3d_monolayer,1,9,1791321447.1130412,3170533,worker_0,W009,Resize,pattern_group,running,100.0,1,1
cp_tutorial_3d_monolayer,1,9,1791321447.113183,3170533,worker_0,W009,Resize,step_completed,success,48.38709677419355,15,31
cp_tutorial_3d_monolayer,1,9,1791321447.11555,3170533,worker_0,W009,Closing,step_started,started,48.38709677419355,15,31
cp_tutorial_3d_monolayer,1,9,1791321447.1936631,3170533,worker_0,W009,Closing,pattern_group,running,100.0,1,1
cp_tutorial_3d_monolayer,1,9,1791321447.1937943,3170533,worker_0,W009,Closing,step_completed,success,51.61290322580645,16,31
cp_tutorial_3d_monolayer,1,9,1791321447.1942923,3170533,worker_0,W009,Resize,step_started,started,51.61290322580645,16,31
cp_tutorial_3d_monolayer,1,9,1791321447.244437,3170533,worker_0,W009,Resize,pattern_group,running,100.0,1,1
cp_tutorial_3d_monolayer,1,9,1791321447.244579,3170533,worker_0,W009,Resize,step_completed,success,54.83870967741935,17,31
cp_tutorial_3d_monolayer,1,9,1791321447.245075,3170533,worker_0,W009,Threshold,step_started,started,54.83870967741935,17,31
cp_tutorial_3d_monolayer,1,9,1791321447.4150145,3170533,worker_0,W009,Threshold,pattern_group,running,100.0,1,1
cp_tutorial_3d_monolayer,1,9,1791321447.4152606,3170533,worker_0,W009,Threshold,step_completed,success,58.06451612903226,18,31
cp_tutorial_3d_monolayer,1,9,1791321447.4157724,3170533,worker_0,W009,MaskImage,step_started,started,58.06451612903226,18,31
cp_tutorial_3d_monolayer,1,9,1791321447.464901,3170533,worker_0,W009,MaskImage,pattern_group,running,100.0,1,1
cp_tutorial_3d_monolayer,1,9,1791321447.4650967,3170533,worker_0,W009,MaskImage,step_completed,success,61.29032258064516,19,31
cp_tutorial_3d_monolayer,1,9,1791321447.4657154,3170533,worker_0,W009,ErodeImage,step_started,started,61.29032258064516,19,31
cp_tutorial_3d_monolayer,1,9,1791321447.4970553,3170533,worker_0,W009,ErodeImage,pattern_group,running,100.0,1,1
cp_tutorial_3d_monolayer,1,9,1791321447.4972007,3170533,worker_0,W009,ErodeImage,step_completed,success,64.51612903225806,20,31
cp_tutorial_3d_monolayer,1,9,1791321447.49878,3170533,worker_0,W009,Watershed,step_started,started,64.51612903225806,20,31
cp_tutorial_3d_monolayer,1,9,1791321447.588228,3170533,worker_0,W009,Watershed,pattern_group,running,100.0,1,1
cp_tutorial_3d_monolayer,1,9,1791321447.5886264,3170533,worker_0,W009,Watershed,step_completed,success,67.74193548387096,21,31
cp_tutorial_3d_monolayer,1,9,1791321447.5892248,3170533,worker_0,W009,MeasureObjectIntensity,step_started,started,67.74193548387096,21,31
cp_tutorial_3d_monolayer,1,9,1791321447.8288136,3170533,worker_0,W009,MeasureObjectIntensity,pattern_group,running,50.0,1,2
cp_tutorial_3d_monolayer,1,9,1791321448.1063077,3170533,worker_0,W009,MeasureObjectIntensity,pattern_group,running,100.0,2,2
cp_tutorial_3d_monolayer,1,9,1791321448.1084702,3170533,worker_0,W009,MeasureObjectIntensity,step_completed,success,70.96774193548387,22,31
cp_tutorial_3d_monolayer,1,9,1791321448.1088324,3170533,worker_0,W009,MeasureObjectSizeShape,step_started,started,70.96774193548387,22,31
cp_tutorial_3d_monolayer,1,9,1791321448.2042594,3170533,worker_0,W009,MeasureObjectSizeShape,pattern_group,running,50.0,1,2
cp_tutorial_3d_monolayer,1,9,1791321448.2996488,3170533,worker_0,W009,MeasureObjectSizeShape,pattern_group,running,100.0,2,2
cp_tutorial_3d_monolayer,1,9,1791321448.3002229,3170533,worker_0,W009,MeasureObjectSizeShape,step_completed,success,74.19354838709677,23,31
cp_tutorial_3d_monolayer,1,9,1791321448.30061,3170533,worker_0,W009,OverlayObjects,step_started,started,74.19354838709677,23,31
cp_tutorial_3d_monolayer,1,9,1791321448.3428886,3170533,worker_0,W009,OverlayObjects,pattern_group,running,100.0,1,1
cp_tutorial_3d_monolayer,1,9,1791321448.3430028,3170533,worker_0,W009,OverlayObjects,step_completed,success,77.41935483870968,24,31
cp_tutorial_3d_monolayer,1,9,1791321448.343594,3170533,worker_0,W009,RescaleIntensity,step_started,started,77.41935483870968,24,31
cp_tutorial_3d_monolayer,1,9,1791321448.4392433,3170533,worker_0,W009,RescaleIntensity,pattern_group,running,100.0,1,1
cp_tutorial_3d_monolayer,1,9,1791321448.4393954,3170533,worker_0,W009,RescaleIntensity,step_completed,success,80.64516129032258,25,31
cp_tutorial_3d_monolayer,1,9,1791321448.4397657,3170533,worker_0,W009,OverlayObjects,step_started,started,80.64516129032258,25,31
cp_tutorial_3d_monolayer,1,9,1791321448.4784036,3170533,worker_0,W009,OverlayObjects,pattern_group,running,100.0,1,1
cp_tutorial_3d_monolayer,1,9,1791321448.4785104,3170533,worker_0,W009,OverlayObjects,step_completed,success,83.87096774193549,26,31
cp_tutorial_3d_monolayer,1,9,1791321448.4791076,3170533,worker_0,W009,ConvertObjectsToImage,step_started,started,83.87096774193549,26,31
cp_tutorial_3d_monolayer,1,9,1791321448.5108652,3170533,worker_0,W009,ConvertObjectsToImage,pattern_group,running,100.0,1,1
cp_tutorial_3d_monolayer,1,9,1791321448.511005,3170533,worker_0,W009,ConvertObjectsToImage,step_completed,success,87.09677419354838,27,31
cp_tutorial_3d_monolayer,1,9,1791321448.5115914,3170533,worker_0,W009,SaveImages,step_started,started,87.09677419354838,27,31
cp_tutorial_3d_monolayer,1,9,1791321448.5600407,3170533,worker_0,W009,SaveImages,pattern_group,running,100.0,1,1
cp_tutorial_3d_monolayer,1,9,1791321448.5666304,3170533,worker_0,W009,SaveImages,step_completed,success,90.32258064516128,28,31
cp_tutorial_3d_monolayer,1,9,1791321448.5672257,3170533,worker_0,W009,ConvertObjectsToImage,step_started,started,90.32258064516128,28,31
cp_tutorial_3d_monolayer,1,9,1791321448.5990646,3170533,worker_0,W009,ConvertObjectsToImage,pattern_group,running,100.0,1,1
cp_tutorial_3d_monolayer,1,9,1791321448.5992322,3170533,worker_0,W009,ConvertObjectsToImage,step_completed,success,93.54838709677419,29,31
cp_tutorial_3d_monolayer,1,9,1791321448.6013367,3170533,worker_0,W009,SaveImages,step_started,started,93.54838709677419,29,31
cp_tutorial_3d_monolayer,1,9,1791321448.650117,3170533,worker_0,W009,SaveImages,pattern_group,running,100.0,1,1
cp_tutorial_3d_monolayer,1,9,1791321448.657041,3170533,worker_0,W009,SaveImages,step_completed,success,96.7741935483871,30,31
cp_tutorial_3d_monolayer,1,9,1791321448.6581435,3170533,worker_0,W009,pipeline,axis_completed,success,96.7741935483871,30,31
cp_tutorial_3d_monolayer,1,9,1791321448.6659236,3170533,,,ExportToSpreadsheet,step_started,started,96.7741935483871,30,31
cp_tutorial_3d_monolayer,1,9,1791321448.8389676,3170533,,,ExportToSpreadsheet,step_completed,success,100.0,31,31
cp_tutorial_3d_monolayer,1,9,1791321449.0161357,3170533,,,pipeline,success,success,100.0,31,31
