case_name,worker_count,well_count,timestamp,pid,worker_slot,axis_id,step_name,phase,status,percent,completed,total
ExampleYeastColonies,4,16,1791502775.3580732,4005901,,,pipeline,compile,started,0.0,0,19
ExampleYeastColonies,4,16,1791502775.3826082,4005901,,,,init,started,0.0,0,1
ExampleYeastColonies,4,16,1791502775.6300285,4005901,,W001,compilation,compile,running,6.25,1,16
ExampleYeastColonies,4,16,1791502775.6584885,4005901,,W002,compilation,compile,running,12.5,2,16
ExampleYeastColonies,4,16,1791502775.6873853,4005901,,W003,compilation,compile,running,18.75,3,16
ExampleYeastColonies,4,16,1791502775.7153192,4005901,,W004,compilation,compile,running,25.0,4,16
ExampleYeastColonies,4,16,1791502775.7445142,4005901,,W005,compilation,compile,running,31.25,5,16
ExampleYeastColonies,4,16,1791502775.7745104,4005901,,W006,compilation,compile,running,37.5,6,16
ExampleYeastColonies,4,16,1791502775.802773,4005901,,W007,compilation,compile,running,43.75,7,16
ExampleYeastColonies,4,16,1791502775.83069,4005901,,W008,compilation,compile,running,50.0,8,16
ExampleYeastColonies,4,16,1791502775.9348586,4005901,,W009,compilation,compile,running,56.25,9,16
ExampleYeastColonies,4,16,1791502775.9644651,4005901,,W010,compilation,compile,running,62.5,10,16
ExampleYeastColonies,4,16,1791502775.9945972,4005901,,W011,compilation,compile,running,68.75,11,16
ExampleYeastColonies,4,16,1791502776.023173,4005901,,W012,compilation,compile,running,75.0,12,16
ExampleYeastColonies,4,16,1791502776.0510194,4005901,,W013,compilation,compile,running,81.25,13,16
ExampleYeastColonies,4,16,1791502776.0791492,4005901,,W014,compilation,compile,running,87.5,14,16
ExampleYeastColonies,4,16,1791502776.1073627,4005901,,W015,compilation,compile,running,93.75,15,16
ExampleYeastColonies,4,16,1791502776.1352186,4005901,,W016,compilation,compile,running,100.0,16,16
ExampleYeastColonies,4,16,1791502776.1431386,4005901,,,,init,started,0.0,0,1
ExampleYeastColonies,4,16,1791502776.143242,4005901,,,pipeline,compile,success,100.0,1,19
ExampleYeastColonies,4,16,1791502776.1433327,4005901,,W001,compilation,compile,success,100.0,1,1
ExampleYeastColonies,4,16,1791502776.1433759,4005901,,W002,compilation,compile,success,100.0,1,1
ExampleYeastColonies,4,16,1791502776.1434097,4005901,,W003,compilation,compile,success,100.0,1,1
ExampleYeastColonies,4,16,1791502776.1434364,4005901,,W004,compilation,compile,success,100.0,1,1
ExampleYeastColonies,4,16,1791502776.143463,4005901,,W005,compilation,compile,success,100.0,1,1
ExampleYeastColonies,4,16,1791502776.1434875,4005901,,W006,compilation,compile,success,100.0,1,1
ExampleYeastColonies,4,16,1791502776.1435118,4005901,,W007,compilation,compile,success,100.0,1,1
ExampleYeastColonies,4,16,1791502776.1435356,4005901,,W008,compilation,compile,success,100.0,1,1
ExampleYeastColonies,4,16,1791502776.143559,4005901,,W009,compilation,compile,success,100.0,1,1
ExampleYeastColonies,4,16,1791502776.1435838,4005901,,W010,compilation,compile,success,100.0,1,1
ExampleYeastColonies,4,16,1791502776.1436074,4005901,,W011,compilation,compile,success,100.0,1,1
ExampleYeastColonies,4,16,1791502776.1436303,4005901,,W012,compilation,compile,success,100.0,1,1
ExampleYeastColonies,4,16,1791502776.1436536,4005901,,W013,compilation,compile,success,100.0,1,1
ExampleYeastColonies,4,16,1791502776.1436765,4005901,,W014,compilation,compile,success,100.0,1,1
ExampleYeastColonies,4,16,1791502776.143699,4005901,,W015,compilation,compile,success,100.0,1,1
ExampleYeastColonies,4,16,1791502776.143721,4005901,,W016,compilation,compile,success,100.0,1,1
ExampleYeastColonies,4,16,1791502776.1644394,4005901,,,,init,started,0.0,0,1
ExampleYeastColonies,4,16,1791502776.201631,4006781,worker_0,W001,pipeline,axis_started,started,0.0,0,19
ExampleYeastColonies,4,16,1791502776.2100065,4006782,worker_1,W002,pipeline,axis_started,started,0.0,0,19
ExampleYeastColonies,4,16,1791502776.2046387,4006781,worker_0,W001,ColorToGray,step_started,started,0.0,0,19
ExampleYeastColonies,4,16,1791502776.2131052,4006782,worker_1,W002,ColorToGray,step_started,started,0.0,0,19
ExampleYeastColonies,4,16,1791502776.2218518,4006783,worker_2,W003,pipeline,axis_started,started,0.0,0,19
ExampleYeastColonies,4,16,1791502776.2252934,4006783,worker_2,W003,ColorToGray,step_started,started,0.0,0,19
ExampleYeastColonies,4,16,1791502776.2348924,4006784,worker_3,W004,pipeline,axis_started,started,0.0,0,19
ExampleYeastColonies,4,16,1791502776.2388713,4006784,worker_3,W004,ColorToGray,step_started,started,0.0,0,19
ExampleYeastColonies,4,16,1791502776.2442815,4006781,worker_0,W001,ColorToGray,pattern_group,running,100.0,1,1
ExampleYeastColonies,4,16,1791502776.244764,4006781,worker_0,W001,ColorToGray,step_completed,success,5.263157894736842,1,19
ExampleYeastColonies,4,16,1791502776.24505,4006781,worker_0,W001,CorrectIlluminationCalculate,step_started,started,5.263157894736842,1,19
ExampleYeastColonies,4,16,1791502776.250285,4006782,worker_1,W002,ColorToGray,pattern_group,running,100.0,1,1
ExampleYeastColonies,4,16,1791502776.250769,4006782,worker_1,W002,ColorToGray,step_completed,success,5.263157894736842,1,19
ExampleYeastColonies,4,16,1791502776.2510986,4006782,worker_1,W002,CorrectIlluminationCalculate,step_started,started,5.263157894736842,1,19
ExampleYeastColonies,4,16,1791502776.2677796,4006783,worker_2,W003,ColorToGray,pattern_group,running,100.0,1,1
ExampleYeastColonies,4,16,1791502776.268384,4006783,worker_2,W003,ColorToGray,step_completed,success,5.263157894736842,1,19
ExampleYeastColonies,4,16,1791502776.2687573,4006783,worker_2,W003,CorrectIlluminationCalculate,step_started,started,5.263157894736842,1,19
ExampleYeastColonies,4,16,1791502776.2838044,4006784,worker_3,W004,ColorToGray,pattern_group,running,100.0,1,1
ExampleYeastColonies,4,16,1791502776.2841341,4006784,worker_3,W004,ColorToGray,step_completed,success,5.263157894736842,1,19
ExampleYeastColonies,4,16,1791502776.2843635,4006784,worker_3,W004,CorrectIlluminationCalculate,step_started,started,5.263157894736842,1,19
ExampleYeastColonies,4,16,1791502776.3973434,4006782,worker_1,W002,CorrectIlluminationCalculate,pattern_group,running,100.0,1,1
ExampleYeastColonies,4,16,1791502776.3980076,4006782,worker_1,W002,CorrectIlluminationCalculate,step_completed,success,10.526315789473683,2,19
ExampleYeastColonies,4,16,1791502776.398445,4006782,worker_1,W002,CorrectIlluminationCalculate,step_started,started,10.526315789473683,2,19
ExampleYeastColonies,4,16,1791502776.399216,4006781,worker_0,W001,CorrectIlluminationCalculate,pattern_group,running,100.0,1,1
ExampleYeastColonies,4,16,1791502776.399547,4006781,worker_0,W001,CorrectIlluminationCalculate,step_completed,success,10.526315789473683,2,19
ExampleYeastColonies,4,16,1791502776.3998418,4006781,worker_0,W001,CorrectIlluminationCalculate,step_started,started,10.526315789473683,2,19
ExampleYeastColonies,4,16,1791502776.4160519,4006783,worker_2,W003,CorrectIlluminationCalculate,pattern_group,running,100.0,1,1
ExampleYeastColonies,4,16,1791502776.416455,4006783,worker_2,W003,CorrectIlluminationCalculate,step_completed,success,10.526315789473683,2,19
ExampleYeastColonies,4,16,1791502776.4167328,4006783,worker_2,W003,CorrectIlluminationCalculate,step_started,started,10.526315789473683,2,19
ExampleYeastColonies,4,16,1791502776.4281325,4006784,worker_3,W004,CorrectIlluminationCalculate,pattern_group,running,100.0,1,1
ExampleYeastColonies,4,16,1791502776.4286108,4006784,worker_3,W004,CorrectIlluminationCalculate,step_completed,success,10.526315789473683,2,19
ExampleYeastColonies,4,16,1791502776.4288943,4006784,worker_3,W004,CorrectIlluminationCalculate,step_started,started,10.526315789473683,2,19
ExampleYeastColonies,4,16,1791502776.5446165,4006782,worker_1,W002,CorrectIlluminationCalculate,pattern_group,running,100.0,1,1
ExampleYeastColonies,4,16,1791502776.5450022,4006782,worker_1,W002,CorrectIlluminationCalculate,step_completed,success,15.789473684210526,3,19
ExampleYeastColonies,4,16,1791502776.5450304,4006781,worker_0,W001,CorrectIlluminationCalculate,pattern_group,running,100.0,1,1
ExampleYeastColonies,4,16,1791502776.545321,4006782,worker_1,W002,CorrectIlluminationCalculate,step_started,started,15.789473684210526,3,19
ExampleYeastColonies,4,16,1791502776.5457156,4006781,worker_0,W001,CorrectIlluminationCalculate,step_completed,success,15.789473684210526,3,19
ExampleYeastColonies,4,16,1791502776.5461257,4006781,worker_0,W001,CorrectIlluminationCalculate,step_started,started,15.789473684210526,3,19
ExampleYeastColonies,4,16,1791502776.5567744,4006783,worker_2,W003,CorrectIlluminationCalculate,pattern_group,running,100.0,1,1
ExampleYeastColonies,4,16,1791502776.5574276,4006783,worker_2,W003,CorrectIlluminationCalculate,step_completed,success,15.789473684210526,3,19
ExampleYeastColonies,4,16,1791502776.5577955,4006783,worker_2,W003,CorrectIlluminationCalculate,step_started,started,15.789473684210526,3,19
ExampleYeastColonies,4,16,1791502776.575647,4006784,worker_3,W004,CorrectIlluminationCalculate,pattern_group,running,100.0,1,1
ExampleYeastColonies,4,16,1791502776.5760334,4006784,worker_3,W004,CorrectIlluminationCalculate,step_completed,success,15.789473684210526,3,19
ExampleYeastColonies,4,16,1791502776.5763266,4006784,worker_3,W004,CorrectIlluminationCalculate,step_started,started,15.789473684210526,3,19
ExampleYeastColonies,4,16,1791502776.6904438,4006782,worker_1,W002,CorrectIlluminationCalculate,pattern_group,running,100.0,1,1
ExampleYeastColonies,4,16,1791502776.6909778,4006782,worker_1,W002,CorrectIlluminationCalculate,step_completed,success,21.052631578947366,4,19
ExampleYeastColonies,4,16,1791502776.6914284,4006782,worker_1,W002,CorrectIlluminationApply,step_started,started,21.052631578947366,4,19
ExampleYeastColonies,4,16,1791502776.6926668,4006781,worker_0,W001,CorrectIlluminationCalculate,pattern_group,running,100.0,1,1
ExampleYeastColonies,4,16,1791502776.6930168,4006781,worker_0,W001,CorrectIlluminationCalculate,step_completed,success,21.052631578947366,4,19
ExampleYeastColonies,4,16,1791502776.693317,4006781,worker_0,W001,CorrectIlluminationApply,step_started,started,21.052631578947366,4,19
ExampleYeastColonies,4,16,1791502776.701016,4006783,worker_2,W003,CorrectIlluminationCalculate,pattern_group,running,100.0,1,1
ExampleYeastColonies,4,16,1791502776.701426,4006783,worker_2,W003,CorrectIlluminationCalculate,step_completed,success,21.052631578947366,4,19
ExampleYeastColonies,4,16,1791502776.7019687,4006783,worker_2,W003,CorrectIlluminationApply,step_started,started,21.052631578947366,4,19
ExampleYeastColonies,4,16,1791502776.7045095,4006782,worker_1,W002,CorrectIlluminationApply,pattern_group,running,100.0,1,1
ExampleYeastColonies,4,16,1791502776.7048736,4006782,worker_1,W002,CorrectIlluminationApply,step_completed,success,26.31578947368421,5,19
ExampleYeastColonies,4,16,1791502776.7050838,4006781,worker_0,W001,CorrectIlluminationApply,pattern_group,running,100.0,1,1
ExampleYeastColonies,4,16,1791502776.7053297,4006782,worker_1,W002,CorrectIlluminationApply,step_started,started,26.31578947368421,5,19
ExampleYeastColonies,4,16,1791502776.7053494,4006781,worker_0,W001,CorrectIlluminationApply,step_completed,success,26.31578947368421,5,19
ExampleYeastColonies,4,16,1791502776.7056823,4006781,worker_0,W001,CorrectIlluminationApply,step_started,started,26.31578947368421,5,19
ExampleYeastColonies,4,16,1791502776.7165322,4006783,worker_2,W003,CorrectIlluminationApply,pattern_group,running,100.0,1,1
ExampleYeastColonies,4,16,1791502776.7169693,4006783,worker_2,W003,CorrectIlluminationApply,step_completed,success,26.31578947368421,5,19
ExampleYeastColonies,4,16,1791502776.7179458,4006783,worker_2,W003,CorrectIlluminationApply,step_started,started,26.31578947368421,5,19
ExampleYeastColonies,4,16,1791502776.718855,4006784,worker_3,W004,CorrectIlluminationCalculate,pattern_group,running,100.0,1,1
ExampleYeastColonies,4,16,1791502776.7192025,4006784,worker_3,W004,CorrectIlluminationCalculate,step_completed,success,21.052631578947366,4,19
ExampleYeastColonies,4,16,1791502776.7195418,4006784,worker_3,W004,CorrectIlluminationApply,step_started,started,21.052631578947366,4,19
ExampleYeastColonies,4,16,1791502776.7202375,4006781,worker_0,W001,CorrectIlluminationApply,pattern_group,running,100.0,1,1
ExampleYeastColonies,4,16,1791502776.7205615,4006781,worker_0,W001,CorrectIlluminationApply,step_completed,success,31.57894736842105,6,19
ExampleYeastColonies,4,16,1791502776.7210011,4006781,worker_0,W001,CorrectIlluminationApply,step_started,started,31.57894736842105,6,19
ExampleYeastColonies,4,16,1791502776.7210388,4006782,worker_1,W002,CorrectIlluminationApply,pattern_group,running,100.0,1,1
ExampleYeastColonies,4,16,1791502776.7214913,4006782,worker_1,W002,CorrectIlluminationApply,step_completed,success,31.57894736842105,6,19
ExampleYeastColonies,4,16,1791502776.7219203,4006782,worker_1,W002,CorrectIlluminationApply,step_started,started,31.57894736842105,6,19
ExampleYeastColonies,4,16,1791502776.7347877,4006783,worker_2,W003,CorrectIlluminationApply,pattern_group,running,100.0,1,1
ExampleYeastColonies,4,16,1791502776.7351964,4006783,worker_2,W003,CorrectIlluminationApply,step_completed,success,31.57894736842105,6,19
ExampleYeastColonies,4,16,1791502776.7351942,4006784,worker_3,W004,CorrectIlluminationApply,pattern_group,running,100.0,1,1
ExampleYeastColonies,4,16,1791502776.7354665,4006784,worker_3,W004,CorrectIlluminationApply,step_completed,success,26.31578947368421,5,19
ExampleYeastColonies,4,16,1791502776.7358077,4006784,worker_3,W004,CorrectIlluminationApply,step_started,started,26.31578947368421,5,19
ExampleYeastColonies,4,16,1791502776.7362165,4006781,worker_0,W001,CorrectIlluminationApply,pattern_group,running,100.0,1,1
ExampleYeastColonies,4,16,1791502776.7365115,4006783,worker_2,W003,CorrectIlluminationApply,step_started,started,31.57894736842105,6,19
ExampleYeastColonies,4,16,1791502776.736536,4006781,worker_0,W001,CorrectIlluminationApply,step_completed,success,36.84210526315789,7,19
ExampleYeastColonies,4,16,1791502776.7368674,4006781,worker_0,W001,ImageMath,step_started,started,36.84210526315789,7,19
ExampleYeastColonies,4,16,1791502776.7376003,4006782,worker_1,W002,CorrectIlluminationApply,pattern_group,running,100.0,1,1
ExampleYeastColonies,4,16,1791502776.737866,4006782,worker_1,W002,CorrectIlluminationApply,step_completed,success,36.84210526315789,7,19
ExampleYeastColonies,4,16,1791502776.7382457,4006782,worker_1,W002,ImageMath,step_started,started,36.84210526315789,7,19
ExampleYeastColonies,4,16,1791502776.7521808,4006784,worker_3,W004,CorrectIlluminationApply,pattern_group,running,100.0,1,1
ExampleYeastColonies,4,16,1791502776.7529118,4006784,worker_3,W004,CorrectIlluminationApply,step_completed,success,31.57894736842105,6,19
ExampleYeastColonies,4,16,1791502776.7532792,4006783,worker_2,W003,CorrectIlluminationApply,pattern_group,running,100.0,1,1
ExampleYeastColonies,4,16,1791502776.7534935,4006784,worker_3,W004,CorrectIlluminationApply,step_started,started,31.57894736842105,6,19
ExampleYeastColonies,4,16,1791502776.7539868,4006783,worker_2,W003,CorrectIlluminationApply,step_completed,success,36.84210526315789,7,19
ExampleYeastColonies,4,16,1791502776.7545881,4006783,worker_2,W003,ImageMath,step_started,started,36.84210526315789,7,19
ExampleYeastColonies,4,16,1791502776.7716613,4006781,worker_0,W001,ImageMath,pattern_group,running,100.0,1,1
ExampleYeastColonies,4,16,1791502776.7722573,4006781,worker_0,W001,ImageMath,step_completed,success,42.10526315789473,8,19
ExampleYeastColonies,4,16,1791502776.7727652,4006781,worker_0,W001,Align,step_started,started,42.10526315789473,8,19
ExampleYeastColonies,4,16,1791502776.7737536,4006784,worker_3,W004,CorrectIlluminationApply,pattern_group,running,100.0,1,1
ExampleYeastColonies,4,16,1791502776.774181,4006784,worker_3,W004,CorrectIlluminationApply,step_completed,success,36.84210526315789,7,19
ExampleYeastColonies,4,16,1791502776.7746518,4006784,worker_3,W004,ImageMath,step_started,started,36.84210526315789,7,19
ExampleYeastColonies,4,16,1791502776.775153,4006782,worker_1,W002,ImageMath,pattern_group,running,100.0,1,1
ExampleYeastColonies,4,16,1791502776.7755105,4006782,worker_1,W002,ImageMath,step_completed,success,42.10526315789473,8,19
ExampleYeastColonies,4,16,1791502776.77592,4006782,worker_1,W002,Align,step_started,started,42.10526315789473,8,19
ExampleYeastColonies,4,16,1791502776.7882106,4006783,worker_2,W003,ImageMath,pattern_group,running,100.0,1,1
ExampleYeastColonies,4,16,1791502776.7890394,4006783,worker_2,W003,ImageMath,step_completed,success,42.10526315789473,8,19
ExampleYeastColonies,4,16,1791502776.789539,4006783,worker_2,W003,Align,step_started,started,42.10526315789473,8,19
ExampleYeastColonies,4,16,1791502776.812186,4006784,worker_3,W004,ImageMath,pattern_group,running,100.0,1,1
ExampleYeastColonies,4,16,1791502776.8129601,4006784,worker_3,W004,ImageMath,step_completed,success,42.10526315789473,8,19
ExampleYeastColonies,4,16,1791502776.8135254,4006784,worker_3,W004,Align,step_started,started,42.10526315789473,8,19
ExampleYeastColonies,4,16,1791502777.0573113,4006781,worker_0,W001,Align,pattern_group,running,100.0,1,1
ExampleYeastColonies,4,16,1791502777.0580375,4006781,worker_0,W001,Align,step_completed,success,47.368421052631575,9,19
ExampleYeastColonies,4,16,1791502777.0586543,4006781,worker_0,W001,MaskImage,step_started,started,47.368421052631575,9,19
ExampleYeastColonies,4,16,1791502777.0592897,4006782,worker_1,W002,Align,pattern_group,running,100.0,1,1
ExampleYeastColonies,4,16,1791502777.060092,4006782,worker_1,W002,Align,step_completed,success,47.368421052631575,9,19
ExampleYeastColonies,4,16,1791502777.0610166,4006782,worker_1,W002,MaskImage,step_started,started,47.368421052631575,9,19
ExampleYeastColonies,4,16,1791502777.0760207,4006781,worker_0,W001,MaskImage,pattern_group,running,100.0,1,1
ExampleYeastColonies,4,16,1791502777.0766416,4006781,worker_0,W001,MaskImage,step_completed,success,52.63157894736842,10,19
ExampleYeastColonies,4,16,1791502777.0771432,4006781,worker_0,W001,MaskImage,step_started,started,52.63157894736842,10,19
ExampleYeastColonies,4,16,1791502777.0788236,4006782,worker_1,W002,MaskImage,pattern_group,running,100.0,1,1
ExampleYeastColonies,4,16,1791502777.0797145,4006782,worker_1,W002,MaskImage,step_completed,success,52.63157894736842,10,19
ExampleYeastColonies,4,16,1791502777.080603,4006782,worker_1,W002,MaskImage,step_started,started,52.63157894736842,10,19
ExampleYeastColonies,4,16,1791502777.091154,4006783,worker_2,W003,Align,pattern_group,running,100.0,1,1
ExampleYeastColonies,4,16,1791502777.0920968,4006783,worker_2,W003,Align,step_completed,success,47.368421052631575,9,19
ExampleYeastColonies,4,16,1791502777.092997,4006783,worker_2,W003,MaskImage,step_started,started,47.368421052631575,9,19
ExampleYeastColonies,4,16,1791502777.0937462,4006781,worker_0,W001,MaskImage,pattern_group,running,100.0,1,1
ExampleYeastColonies,4,16,1791502777.0940654,4006781,worker_0,W001,MaskImage,step_completed,success,57.89473684210527,11,19
ExampleYeastColonies,4,16,1791502777.0944867,4006781,worker_0,W001,ImageMath,step_started,started,57.89473684210527,11,19
ExampleYeastColonies,4,16,1791502777.0967517,4006782,worker_1,W002,MaskImage,pattern_group,running,100.0,1,1
ExampleYeastColonies,4,16,1791502777.0976424,4006782,worker_1,W002,MaskImage,step_completed,success,57.89473684210527,11,19
ExampleYeastColonies,4,16,1791502777.0981908,4006782,worker_1,W002,ImageMath,step_started,started,57.89473684210527,11,19
ExampleYeastColonies,4,16,1791502777.102334,4006784,worker_3,W004,Align,pattern_group,running,100.0,1,1
ExampleYeastColonies,4,16,1791502777.103074,4006784,worker_3,W004,Align,step_completed,success,47.368421052631575,9,19
ExampleYeastColonies,4,16,1791502777.1036563,4006784,worker_3,W004,MaskImage,step_started,started,47.368421052631575,9,19
ExampleYeastColonies,4,16,1791502777.1069922,4006783,worker_2,W003,MaskImage,pattern_group,running,100.0,1,1
ExampleYeastColonies,4,16,1791502777.1076698,4006783,worker_2,W003,MaskImage,step_completed,success,52.63157894736842,10,19
ExampleYeastColonies,4,16,1791502777.1081016,4006783,worker_2,W003,MaskImage,step_started,started,52.63157894736842,10,19
ExampleYeastColonies,4,16,1791502777.122568,4006781,worker_0,W001,ImageMath,pattern_group,running,100.0,1,1
ExampleYeastColonies,4,16,1791502777.1232865,4006781,worker_0,W001,ImageMath,step_completed,success,63.1578947368421,12,19
ExampleYeastColonies,4,16,1791502777.1238482,4006781,worker_0,W001,IdentifyPrimaryObjects,step_started,started,63.1578947368421,12,19
ExampleYeastColonies,4,16,1791502777.124685,4006784,worker_3,W004,MaskImage,pattern_group,running,100.0,1,1
ExampleYeastColonies,4,16,1791502777.125062,4006784,worker_3,W004,MaskImage,step_completed,success,52.63157894736842,10,19
ExampleYeastColonies,4,16,1791502777.1254706,4006784,worker_3,W004,MaskImage,step_started,started,52.63157894736842,10,19
ExampleYeastColonies,4,16,1791502777.1272132,4006782,worker_1,W002,ImageMath,pattern_group,running,100.0,1,1
ExampleYeastColonies,4,16,1791502777.1277394,4006782,worker_1,W002,ImageMath,step_completed,success,63.1578947368421,12,19
ExampleYeastColonies,4,16,1791502777.1277745,4006783,worker_2,W003,MaskImage,pattern_group,running,100.0,1,1
ExampleYeastColonies,4,16,1791502777.1281059,4006782,worker_1,W002,IdentifyPrimaryObjects,step_started,started,63.1578947368421,12,19
ExampleYeastColonies,4,16,1791502777.1287143,4006783,worker_2,W003,MaskImage,step_completed,success,57.89473684210527,11,19
ExampleYeastColonies,4,16,1791502777.1290581,4006783,worker_2,W003,ImageMath,step_started,started,57.89473684210527,11,19
ExampleYeastColonies,4,16,1791502777.1415849,4006784,worker_3,W004,MaskImage,pattern_group,running,100.0,1,1
ExampleYeastColonies,4,16,1791502777.1421192,4006784,worker_3,W004,MaskImage,step_completed,success,57.89473684210527,11,19
ExampleYeastColonies,4,16,1791502777.1426713,4006784,worker_3,W004,ImageMath,step_started,started,57.89473684210527,11,19
ExampleYeastColonies,4,16,1791502777.1583965,4006783,worker_2,W003,ImageMath,pattern_group,running,100.0,1,1
ExampleYeastColonies,4,16,1791502777.1590579,4006783,worker_2,W003,ImageMath,step_completed,success,63.1578947368421,12,19
ExampleYeastColonies,4,16,1791502777.1598785,4006783,worker_2,W003,IdentifyPrimaryObjects,step_started,started,63.1578947368421,12,19
ExampleYeastColonies,4,16,1791502777.1763747,4006784,worker_3,W004,ImageMath,pattern_group,running,100.0,1,1
ExampleYeastColonies,4,16,1791502777.177091,4006784,worker_3,W004,ImageMath,step_completed,success,63.1578947368421,12,19
ExampleYeastColonies,4,16,1791502777.1780314,4006784,worker_3,W004,IdentifyPrimaryObjects,step_started,started,63.1578947368421,12,19
ExampleYeastColonies,4,16,1791502777.3852673,4006781,worker_0,W001,IdentifyPrimaryObjects,pattern_group,running,100.0,1,1
ExampleYeastColonies,4,16,1791502777.3862162,4006781,worker_0,W001,IdentifyPrimaryObjects,step_completed,success,68.42105263157895,13,19
ExampleYeastColonies,4,16,1791502777.3869302,4006781,worker_0,W001,MeasureObjectIntensity,step_started,started,68.42105263157895,13,19
ExampleYeastColonies,4,16,1791502777.3890536,4006782,worker_1,W002,IdentifyPrimaryObjects,pattern_group,running,100.0,1,1
ExampleYeastColonies,4,16,1791502777.389926,4006782,worker_1,W002,IdentifyPrimaryObjects,step_completed,success,68.42105263157895,13,19
ExampleYeastColonies,4,16,1791502777.3908513,4006782,worker_1,W002,MeasureObjectIntensity,step_started,started,68.42105263157895,13,19
ExampleYeastColonies,4,16,1791502777.4274385,4006784,worker_3,W004,IdentifyPrimaryObjects,pattern_group,running,100.0,1,1
ExampleYeastColonies,4,16,1791502777.4282477,4006784,worker_3,W004,IdentifyPrimaryObjects,step_completed,success,68.42105263157895,13,19
ExampleYeastColonies,4,16,1791502777.4288073,4006784,worker_3,W004,MeasureObjectIntensity,step_started,started,68.42105263157895,13,19
ExampleYeastColonies,4,16,1791502777.436374,4006783,worker_2,W003,IdentifyPrimaryObjects,pattern_group,running,100.0,1,1
ExampleYeastColonies,4,16,1791502777.437691,4006783,worker_2,W003,IdentifyPrimaryObjects,step_completed,success,68.42105263157895,13,19
ExampleYeastColonies,4,16,1791502777.4395144,4006783,worker_2,W003,MeasureObjectIntensity,step_started,started,68.42105263157895,13,19
ExampleYeastColonies,4,16,1791502777.4534032,4006781,worker_0,W001,MeasureObjectIntensity,pattern_group,running,100.0,1,1
ExampleYeastColonies,4,16,1791502777.4544213,4006781,worker_0,W001,MeasureObjectIntensity,step_completed,success,73.68421052631578,14,19
ExampleYeastColonies,4,16,1791502777.4563465,4006781,worker_0,W001,MeasureObjectSizeShape,step_started,started,73.68421052631578,14,19
ExampleYeastColonies,4,16,1791502777.4631095,4006782,worker_1,W002,MeasureObjectIntensity,pattern_group,running,100.0,1,1
ExampleYeastColonies,4,16,1791502777.4641771,4006782,worker_1,W002,MeasureObjectIntensity,step_completed,success,73.68421052631578,14,19
ExampleYeastColonies,4,16,1791502777.4664176,4006782,worker_1,W002,MeasureObjectSizeShape,step_started,started,73.68421052631578,14,19
ExampleYeastColonies,4,16,1791502777.510769,4006784,worker_3,W004,MeasureObjectIntensity,pattern_group,running,100.0,1,1
ExampleYeastColonies,4,16,1791502777.5117166,4006783,worker_2,W003,MeasureObjectIntensity,pattern_group,running,100.0,1,1
ExampleYeastColonies,4,16,1791502777.5119479,4006784,worker_3,W004,MeasureObjectIntensity,step_completed,success,73.68421052631578,14,19
ExampleYeastColonies,4,16,1791502777.5128305,4006783,worker_2,W003,MeasureObjectIntensity,step_completed,success,73.68421052631578,14,19
ExampleYeastColonies,4,16,1791502777.514008,4006784,worker_3,W004,MeasureObjectSizeShape,step_started,started,73.68421052631578,14,19
ExampleYeastColonies,4,16,1791502777.5147402,4006783,worker_2,W003,MeasureObjectSizeShape,step_started,started,73.68421052631578,14,19
ExampleYeastColonies,4,16,1791502777.546603,4006781,worker_0,W001,MeasureObjectSizeShape,pattern_group,running,100.0,1,1
ExampleYeastColonies,4,16,1791502777.5475562,4006781,worker_0,W001,MeasureObjectSizeShape,step_completed,success,78.94736842105263,15,19
ExampleYeastColonies,4,16,1791502777.5480502,4006781,worker_0,W001,ClassifyObjects,step_started,started,78.94736842105263,15,19
ExampleYeastColonies,4,16,1791502777.562582,4006782,worker_1,W002,MeasureObjectSizeShape,pattern_group,running,100.0,1,1
ExampleYeastColonies,4,16,1791502777.5635993,4006782,worker_1,W002,MeasureObjectSizeShape,step_completed,success,78.94736842105263,15,19
ExampleYeastColonies,4,16,1791502777.5641382,4006782,worker_1,W002,ClassifyObjects,step_started,started,78.94736842105263,15,19
ExampleYeastColonies,4,16,1791502777.6189573,4006784,worker_3,W004,MeasureObjectSizeShape,pattern_group,running,100.0,1,1
ExampleYeastColonies,4,16,1791502777.6202033,4006784,worker_3,W004,MeasureObjectSizeShape,step_completed,success,78.94736842105263,15,19
ExampleYeastColonies,4,16,1791502777.6207387,4006784,worker_3,W004,ClassifyObjects,step_started,started,78.94736842105263,15,19
ExampleYeastColonies,4,16,1791502777.626402,4006783,worker_2,W003,MeasureObjectSizeShape,pattern_group,running,100.0,1,1
ExampleYeastColonies,4,16,1791502777.6276963,4006783,worker_2,W003,MeasureObjectSizeShape,step_completed,success,78.94736842105263,15,19
ExampleYeastColonies,4,16,1791502777.6292026,4006783,worker_2,W003,ClassifyObjects,step_started,started,78.94736842105263,15,19
ExampleYeastColonies,4,16,1791502777.683338,4006781,worker_0,W001,ClassifyObjects,pattern_group,running,100.0,1,1
ExampleYeastColonies,4,16,1791502777.6842117,4006781,worker_0,W001,ClassifyObjects,step_completed,success,84.21052631578947,16,19
ExampleYeastColonies,4,16,1791502777.684645,4006781,worker_0,W001,OverlayOutlines,step_started,started,84.21052631578947,16,19
ExampleYeastColonies,4,16,1791502777.7007518,4006782,worker_1,W002,ClassifyObjects,pattern_group,running,100.0,1,1
ExampleYeastColonies,4,16,1791502777.7017076,4006782,worker_1,W002,ClassifyObjects,step_completed,success,84.21052631578947,16,19
ExampleYeastColonies,4,16,1791502777.7021682,4006782,worker_1,W002,OverlayOutlines,step_started,started,84.21052631578947,16,19
ExampleYeastColonies,4,16,1791502777.724767,4006781,worker_0,W001,OverlayOutlines,pattern_group,running,100.0,1,1
ExampleYeastColonies,4,16,1791502777.725182,4006781,worker_0,W001,OverlayOutlines,step_completed,success,89.47368421052632,17,19
ExampleYeastColonies,4,16,1791502777.725656,4006781,worker_0,W001,SaveImages,step_started,started,89.47368421052632,17,19
ExampleYeastColonies,4,16,1791502777.741,4006782,worker_1,W002,OverlayOutlines,pattern_group,running,100.0,1,1
ExampleYeastColonies,4,16,1791502777.7415183,4006782,worker_1,W002,OverlayOutlines,step_completed,success,89.47368421052632,17,19
ExampleYeastColonies,4,16,1791502777.741966,4006782,worker_1,W002,SaveImages,step_started,started,89.47368421052632,17,19
ExampleYeastColonies,4,16,1791502777.744679,4006781,worker_0,W001,SaveImages,pattern_group,running,100.0,1,1
ExampleYeastColonies,4,16,1791502777.7601323,4006782,worker_1,W002,SaveImages,pattern_group,running,100.0,1,1
ExampleYeastColonies,4,16,1791502777.7695668,4006783,worker_2,W003,ClassifyObjects,pattern_group,running,100.0,1,1
ExampleYeastColonies,4,16,1791502777.7707846,4006783,worker_2,W003,ClassifyObjects,step_completed,success,84.21052631578947,16,19
ExampleYeastColonies,4,16,1791502777.772217,4006783,worker_2,W003,OverlayOutlines,step_started,started,84.21052631578947,16,19
ExampleYeastColonies,4,16,1791502777.7722418,4006784,worker_3,W004,ClassifyObjects,pattern_group,running,100.0,1,1
ExampleYeastColonies,4,16,1791502777.7729607,4006784,worker_3,W004,ClassifyObjects,step_completed,success,84.21052631578947,16,19
ExampleYeastColonies,4,16,1791502777.7732437,4006784,worker_3,W004,OverlayOutlines,step_started,started,84.21052631578947,16,19
ExampleYeastColonies,4,16,1791502777.7896771,4006781,worker_0,W001,SaveImages,step_completed,success,94.73684210526315,18,19
ExampleYeastColonies,4,16,1791502777.790475,4006781,worker_0,W001,pipeline,axis_completed,success,94.73684210526315,18,19
ExampleYeastColonies,4,16,1791502777.7905927,4006781,worker_0,W005,pipeline,axis_started,started,0.0,0,19
ExampleYeastColonies,4,16,1791502777.7938154,4006781,worker_0,W005,ColorToGray,step_started,started,0.0,0,19
ExampleYeastColonies,4,16,1791502777.8067296,4006782,worker_1,W002,SaveImages,step_completed,success,94.73684210526315,18,19
ExampleYeastColonies,4,16,1791502777.807514,4006782,worker_1,W002,pipeline,axis_completed,success,94.73684210526315,18,19
ExampleYeastColonies,4,16,1791502777.8076358,4006782,worker_1,W006,pipeline,axis_started,started,0.0,0,19
ExampleYeastColonies,4,16,1791502777.81105,4006782,worker_1,W006,ColorToGray,step_started,started,0.0,0,19
ExampleYeastColonies,4,16,1791502777.8195305,4006784,worker_3,W004,OverlayOutlines,pattern_group,running,100.0,1,1
ExampleYeastColonies,4,16,1791502777.8200781,4006784,worker_3,W004,OverlayOutlines,step_completed,success,89.47368421052632,17,19
ExampleYeastColonies,4,16,1791502777.8206158,4006784,worker_3,W004,SaveImages,step_started,started,89.47368421052632,17,19
ExampleYeastColonies,4,16,1791502777.8219252,4006783,worker_2,W003,OverlayOutlines,pattern_group,running,100.0,1,1
ExampleYeastColonies,4,16,1791502777.822577,4006783,worker_2,W003,OverlayOutlines,step_completed,success,89.47368421052632,17,19
ExampleYeastColonies,4,16,1791502777.8232148,4006783,worker_2,W003,SaveImages,step_started,started,89.47368421052632,17,19
ExampleYeastColonies,4,16,1791502777.8259966,4006781,worker_0,W005,ColorToGray,pattern_group,running,100.0,1,1
ExampleYeastColonies,4,16,1791502777.8265295,4006781,worker_0,W005,ColorToGray,step_completed,success,5.263157894736842,1,19
ExampleYeastColonies,4,16,1791502777.8270433,4006781,worker_0,W005,CorrectIlluminationCalculate,step_started,started,5.263157894736842,1,19
ExampleYeastColonies,4,16,1791502777.8469746,4006784,worker_3,W004,SaveImages,pattern_group,running,100.0,1,1
ExampleYeastColonies,4,16,1791502777.8486753,4006783,worker_2,W003,SaveImages,pattern_group,running,100.0,1,1
ExampleYeastColonies,4,16,1791502777.849009,4006782,worker_1,W006,ColorToGray,pattern_group,running,100.0,1,1
ExampleYeastColonies,4,16,1791502777.8494093,4006782,worker_1,W006,ColorToGray,step_completed,success,5.263157894736842,1,19
ExampleYeastColonies,4,16,1791502777.8497257,4006782,worker_1,W006,CorrectIlluminationCalculate,step_started,started,5.263157894736842,1,19
ExampleYeastColonies,4,16,1791502777.8911285,4006784,worker_3,W004,SaveImages,step_completed,success,94.73684210526315,18,19
ExampleYeastColonies,4,16,1791502777.8919058,4006784,worker_3,W004,pipeline,axis_completed,success,94.73684210526315,18,19
ExampleYeastColonies,4,16,1791502777.8920245,4006784,worker_3,W008,pipeline,axis_started,started,0.0,0,19
ExampleYeastColonies,4,16,1791502777.8945785,4006783,worker_2,W003,SaveImages,step_completed,success,94.73684210526315,18,19
ExampleYeastColonies,4,16,1791502777.8951032,4006784,worker_3,W008,ColorToGray,step_started,started,0.0,0,19
ExampleYeastColonies,4,16,1791502777.8952115,4006783,worker_2,W003,pipeline,axis_completed,success,94.73684210526315,18,19
ExampleYeastColonies,4,16,1791502777.8954175,4006783,worker_2,W007,pipeline,axis_started,started,0.0,0,19
ExampleYeastColonies,4,16,1791502777.8991714,4006783,worker_2,W007,ColorToGray,step_started,started,0.0,0,19
ExampleYeastColonies,4,16,1791502777.9286385,4006784,worker_3,W008,ColorToGray,pattern_group,running,100.0,1,1
ExampleYeastColonies,4,16,1791502777.9290807,4006784,worker_3,W008,ColorToGray,step_completed,success,5.263157894736842,1,19
ExampleYeastColonies,4,16,1791502777.929375,4006784,worker_3,W008,CorrectIlluminationCalculate,step_started,started,5.263157894736842,1,19
ExampleYeastColonies,4,16,1791502777.9324474,4006783,worker_2,W007,ColorToGray,pattern_group,running,100.0,1,1
ExampleYeastColonies,4,16,1791502777.9327753,4006783,worker_2,W007,ColorToGray,step_completed,success,5.263157894736842,1,19
ExampleYeastColonies,4,16,1791502777.9330447,4006783,worker_2,W007,CorrectIlluminationCalculate,step_started,started,5.263157894736842,1,19
ExampleYeastColonies,4,16,1791502777.9780073,4006781,worker_0,W005,CorrectIlluminationCalculate,pattern_group,running,100.0,1,1
ExampleYeastColonies,4,16,1791502777.97855,4006781,worker_0,W005,CorrectIlluminationCalculate,step_completed,success,10.526315789473683,2,19
ExampleYeastColonies,4,16,1791502777.9789462,4006781,worker_0,W005,CorrectIlluminationCalculate,step_started,started,10.526315789473683,2,19
ExampleYeastColonies,4,16,1791502777.9940944,4006782,worker_1,W006,CorrectIlluminationCalculate,pattern_group,running,100.0,1,1
ExampleYeastColonies,4,16,1791502777.9945471,4006782,worker_1,W006,CorrectIlluminationCalculate,step_completed,success,10.526315789473683,2,19
ExampleYeastColonies,4,16,1791502777.9948215,4006782,worker_1,W006,CorrectIlluminationCalculate,step_started,started,10.526315789473683,2,19
ExampleYeastColonies,4,16,1791502778.0746298,4006784,worker_3,W008,CorrectIlluminationCalculate,pattern_group,running,100.0,1,1
ExampleYeastColonies,4,16,1791502778.075083,4006784,worker_3,W008,CorrectIlluminationCalculate,step_completed,success,10.526315789473683,2,19
ExampleYeastColonies,4,16,1791502778.0753863,4006784,worker_3,W008,CorrectIlluminationCalculate,step_started,started,10.526315789473683,2,19
ExampleYeastColonies,4,16,1791502778.082979,4006783,worker_2,W007,CorrectIlluminationCalculate,pattern_group,running,100.0,1,1
ExampleYeastColonies,4,16,1791502778.08344,4006783,worker_2,W007,CorrectIlluminationCalculate,step_completed,success,10.526315789473683,2,19
ExampleYeastColonies,4,16,1791502778.0837548,4006783,worker_2,W007,CorrectIlluminationCalculate,step_started,started,10.526315789473683,2,19
ExampleYeastColonies,4,16,1791502778.1203425,4006781,worker_0,W005,CorrectIlluminationCalculate,pattern_group,running,100.0,1,1
ExampleYeastColonies,4,16,1791502778.1207087,4006781,worker_0,W005,CorrectIlluminationCalculate,step_completed,success,15.789473684210526,3,19
ExampleYeastColonies,4,16,1791502778.1209817,4006781,worker_0,W005,CorrectIlluminationCalculate,step_started,started,15.789473684210526,3,19
ExampleYeastColonies,4,16,1791502778.1359732,4006782,worker_1,W006,CorrectIlluminationCalculate,pattern_group,running,100.0,1,1
ExampleYeastColonies,4,16,1791502778.136364,4006782,worker_1,W006,CorrectIlluminationCalculate,step_completed,success,15.789473684210526,3,19
ExampleYeastColonies,4,16,1791502778.136643,4006782,worker_1,W006,CorrectIlluminationCalculate,step_started,started,15.789473684210526,3,19
ExampleYeastColonies,4,16,1791502778.2243803,4006784,worker_3,W008,CorrectIlluminationCalculate,pattern_group,running,100.0,1,1
ExampleYeastColonies,4,16,1791502778.2247643,4006784,worker_3,W008,CorrectIlluminationCalculate,step_completed,success,15.789473684210526,3,19
ExampleYeastColonies,4,16,1791502778.2253268,4006784,worker_3,W008,CorrectIlluminationCalculate,step_started,started,15.789473684210526,3,19
ExampleYeastColonies,4,16,1791502778.2333279,4006783,worker_2,W007,CorrectIlluminationCalculate,pattern_group,running,100.0,1,1
ExampleYeastColonies,4,16,1791502778.233986,4006783,worker_2,W007,CorrectIlluminationCalculate,step_completed,success,15.789473684210526,3,19
ExampleYeastColonies,4,16,1791502778.2345507,4006783,worker_2,W007,CorrectIlluminationCalculate,step_started,started,15.789473684210526,3,19
ExampleYeastColonies,4,16,1791502778.260058,4006781,worker_0,W005,CorrectIlluminationCalculate,pattern_group,running,100.0,1,1
ExampleYeastColonies,4,16,1791502778.260442,4006781,worker_0,W005,CorrectIlluminationCalculate,step_completed,success,21.052631578947366,4,19
ExampleYeastColonies,4,16,1791502778.2607217,4006781,worker_0,W005,CorrectIlluminationApply,step_started,started,21.052631578947366,4,19
ExampleYeastColonies,4,16,1791502778.2700894,4006781,worker_0,W005,CorrectIlluminationApply,pattern_group,running,100.0,1,1
ExampleYeastColonies,4,16,1791502778.270454,4006781,worker_0,W005,CorrectIlluminationApply,step_completed,success,26.31578947368421,5,19
ExampleYeastColonies,4,16,1791502778.2708428,4006781,worker_0,W005,CorrectIlluminationApply,step_started,started,26.31578947368421,5,19
ExampleYeastColonies,4,16,1791502778.2808397,4006782,worker_1,W006,CorrectIlluminationCalculate,pattern_group,running,100.0,1,1
ExampleYeastColonies,4,16,1791502778.281214,4006782,worker_1,W006,CorrectIlluminationCalculate,step_completed,success,21.052631578947366,4,19
ExampleYeastColonies,4,16,1791502778.2815158,4006782,worker_1,W006,CorrectIlluminationApply,step_started,started,21.052631578947366,4,19
ExampleYeastColonies,4,16,1791502778.2820873,4006781,worker_0,W005,CorrectIlluminationApply,pattern_group,running,100.0,1,1
ExampleYeastColonies,4,16,1791502778.282408,4006781,worker_0,W005,CorrectIlluminationApply,step_completed,success,31.57894736842105,6,19
ExampleYeastColonies,4,16,1791502778.2828424,4006781,worker_0,W005,CorrectIlluminationApply,step_started,started,31.57894736842105,6,19
ExampleYeastColonies,4,16,1791502778.2923956,4006782,worker_1,W006,CorrectIlluminationApply,pattern_group,running,100.0,1,1
ExampleYeastColonies,4,16,1791502778.2927716,4006782,worker_1,W006,CorrectIlluminationApply,step_completed,success,26.31578947368421,5,19
ExampleYeastColonies,4,16,1791502778.2930226,4006781,worker_0,W005,CorrectIlluminationApply,pattern_group,running,100.0,1,1
ExampleYeastColonies,4,16,1791502778.293157,4006782,worker_1,W006,CorrectIlluminationApply,step_started,started,26.31578947368421,5,19
ExampleYeastColonies,4,16,1791502778.2933354,4006781,worker_0,W005,CorrectIlluminationApply,step_completed,success,36.84210526315789,7,19
ExampleYeastColonies,4,16,1791502778.2936976,4006781,worker_0,W005,ImageMath,step_started,started,36.84210526315789,7,19
ExampleYeastColonies,4,16,1791502778.3047087,4006782,worker_1,W006,CorrectIlluminationApply,pattern_group,running,100.0,1,1
ExampleYeastColonies,4,16,1791502778.3052816,4006782,worker_1,W006,CorrectIlluminationApply,step_completed,success,31.57894736842105,6,19
ExampleYeastColonies,4,16,1791502778.3056831,4006782,worker_1,W006,CorrectIlluminationApply,step_started,started,31.57894736842105,6,19
ExampleYeastColonies,4,16,1791502778.3171177,4006781,worker_0,W005,ImageMath,pattern_group,running,100.0,1,1
ExampleYeastColonies,4,16,1791502778.317594,4006781,worker_0,W005,ImageMath,step_completed,success,42.10526315789473,8,19
ExampleYeastColonies,4,16,1791502778.317689,4006782,worker_1,W006,CorrectIlluminationApply,pattern_group,running,100.0,1,1
ExampleYeastColonies,4,16,1791502778.3180137,4006781,worker_0,W005,Align,step_started,started,42.10526315789473,8,19
ExampleYeastColonies,4,16,1791502778.3180695,4006782,worker_1,W006,CorrectIlluminationApply,step_completed,success,36.84210526315789,7,19
ExampleYeastColonies,4,16,1791502778.318498,4006782,worker_1,W006,ImageMath,step_started,started,36.84210526315789,7,19
ExampleYeastColonies,4,16,1791502778.3431876,4006782,worker_1,W006,ImageMath,pattern_group,running,100.0,1,1
ExampleYeastColonies,4,16,1791502778.3436027,4006782,worker_1,W006,ImageMath,step_completed,success,42.10526315789473,8,19
ExampleYeastColonies,4,16,1791502778.3439665,4006782,worker_1,W006,Align,step_started,started,42.10526315789473,8,19
ExampleYeastColonies,4,16,1791502778.3815594,4006784,worker_3,W008,CorrectIlluminationCalculate,pattern_group,running,100.0,1,1
ExampleYeastColonies,4,16,1791502778.38204,4006784,worker_3,W008,CorrectIlluminationCalculate,step_completed,success,21.052631578947366,4,19
ExampleYeastColonies,4,16,1791502778.3823583,4006784,worker_3,W008,CorrectIlluminationApply,step_started,started,21.052631578947366,4,19
ExampleYeastColonies,4,16,1791502778.3837547,4006783,worker_2,W007,CorrectIlluminationCalculate,pattern_group,running,100.0,1,1
ExampleYeastColonies,4,16,1791502778.3842428,4006783,worker_2,W007,CorrectIlluminationCalculate,step_completed,success,21.052631578947366,4,19
ExampleYeastColonies,4,16,1791502778.3847203,4006783,worker_2,W007,CorrectIlluminationApply,step_started,started,21.052631578947366,4,19
ExampleYeastColonies,4,16,1791502778.396072,4006784,worker_3,W008,CorrectIlluminationApply,pattern_group,running,100.0,1,1
ExampleYeastColonies,4,16,1791502778.3965473,4006784,worker_3,W008,CorrectIlluminationApply,step_completed,success,26.31578947368421,5,19
ExampleYeastColonies,4,16,1791502778.3969705,4006784,worker_3,W008,CorrectIlluminationApply,step_started,started,26.31578947368421,5,19
ExampleYeastColonies,4,16,1791502778.3975677,4006783,worker_2,W007,CorrectIlluminationApply,pattern_group,running,100.0,1,1
ExampleYeastColonies,4,16,1791502778.3980188,4006783,worker_2,W007,CorrectIlluminationApply,step_completed,success,26.31578947368421,5,19
ExampleYeastColonies,4,16,1791502778.3986185,4006783,worker_2,W007,CorrectIlluminationApply,step_started,started,26.31578947368421,5,19
ExampleYeastColonies,4,16,1791502778.4089062,4006784,worker_3,W008,CorrectIlluminationApply,pattern_group,running,100.0,1,1
ExampleYeastColonies,4,16,1791502778.409301,4006784,worker_3,W008,CorrectIlluminationApply,step_completed,success,31.57894736842105,6,19
ExampleYeastColonies,4,16,1791502778.4096837,4006784,worker_3,W008,CorrectIlluminationApply,step_started,started,31.57894736842105,6,19
ExampleYeastColonies,4,16,1791502778.4102557,4006783,worker_2,W007,CorrectIlluminationApply,pattern_group,running,100.0,1,1
ExampleYeastColonies,4,16,1791502778.410721,4006783,worker_2,W007,CorrectIlluminationApply,step_completed,success,31.57894736842105,6,19
ExampleYeastColonies,4,16,1791502778.4113317,4006783,worker_2,W007,CorrectIlluminationApply,step_started,started,31.57894736842105,6,19
ExampleYeastColonies,4,16,1791502778.42302,4006784,worker_3,W008,CorrectIlluminationApply,pattern_group,running,100.0,1,1
ExampleYeastColonies,4,16,1791502778.423449,4006784,worker_3,W008,CorrectIlluminationApply,step_completed,success,36.84210526315789,7,19
ExampleYeastColonies,4,16,1791502778.4236948,4006783,worker_2,W007,CorrectIlluminationApply,pattern_group,running,100.0,1,1
ExampleYeastColonies,4,16,1791502778.423831,4006784,worker_3,W008,ImageMath,step_started,started,36.84210526315789,7,19
ExampleYeastColonies,4,16,1791502778.4242356,4006783,worker_2,W007,CorrectIlluminationApply,step_completed,success,36.84210526315789,7,19
ExampleYeastColonies,4,16,1791502778.424756,4006783,worker_2,W007,ImageMath,step_started,started,36.84210526315789,7,19
ExampleYeastColonies,4,16,1791502778.4547443,4006783,worker_2,W007,ImageMath,pattern_group,running,100.0,1,1
ExampleYeastColonies,4,16,1791502778.4552822,4006783,worker_2,W007,ImageMath,step_completed,success,42.10526315789473,8,19
ExampleYeastColonies,4,16,1791502778.4557722,4006783,worker_2,W007,Align,step_started,started,42.10526315789473,8,19
ExampleYeastColonies,4,16,1791502778.4558408,4006784,worker_3,W008,ImageMath,pattern_group,running,100.0,1,1
ExampleYeastColonies,4,16,1791502778.4561944,4006784,worker_3,W008,ImageMath,step_completed,success,42.10526315789473,8,19
ExampleYeastColonies,4,16,1791502778.4565873,4006784,worker_3,W008,Align,step_started,started,42.10526315789473,8,19
ExampleYeastColonies,4,16,1791502778.6049302,4006781,worker_0,W005,Align,pattern_group,running,100.0,1,1
ExampleYeastColonies,4,16,1791502778.6055276,4006781,worker_0,W005,Align,step_completed,success,47.368421052631575,9,19
ExampleYeastColonies,4,16,1791502778.6061442,4006781,worker_0,W005,MaskImage,step_started,started,47.368421052631575,9,19
ExampleYeastColonies,4,16,1791502778.6191003,4006781,worker_0,W005,MaskImage,pattern_group,running,100.0,1,1
ExampleYeastColonies,4,16,1791502778.619614,4006781,worker_0,W005,MaskImage,step_completed,success,52.63157894736842,10,19
ExampleYeastColonies,4,16,1791502778.6200461,4006781,worker_0,W005,MaskImage,step_started,started,52.63157894736842,10,19
ExampleYeastColonies,4,16,1791502778.626037,4006782,worker_1,W006,Align,pattern_group,running,100.0,1,1
ExampleYeastColonies,4,16,1791502778.6267207,4006782,worker_1,W006,Align,step_completed,success,47.368421052631575,9,19
ExampleYeastColonies,4,16,1791502778.6272643,4006782,worker_1,W006,MaskImage,step_started,started,47.368421052631575,9,19
ExampleYeastColonies,4,16,1791502778.6307983,4006781,worker_0,W005,MaskImage,pattern_group,running,100.0,1,1
ExampleYeastColonies,4,16,1791502778.6311462,4006781,worker_0,W005,MaskImage,step_completed,success,57.89473684210527,11,19
ExampleYeastColonies,4,16,1791502778.6316202,4006781,worker_0,W005,ImageMath,step_started,started,57.89473684210527,11,19
ExampleYeastColonies,4,16,1791502778.6395564,4006782,worker_1,W006,MaskImage,pattern_group,running,100.0,1,1
ExampleYeastColonies,4,16,1791502778.6399748,4006782,worker_1,W006,MaskImage,step_completed,success,52.63157894736842,10,19
ExampleYeastColonies,4,16,1791502778.6405292,4006782,worker_1,W006,MaskImage,step_started,started,52.63157894736842,10,19
ExampleYeastColonies,4,16,1791502778.6519322,4006781,worker_0,W005,ImageMath,pattern_group,running,100.0,1,1
ExampleYeastColonies,4,16,1791502778.6523097,4006781,worker_0,W005,ImageMath,step_completed,success,63.1578947368421,12,19
ExampleYeastColonies,4,16,1791502778.6527324,4006781,worker_0,W005,IdentifyPrimaryObjects,step_started,started,63.1578947368421,12,19
ExampleYeastColonies,4,16,1791502778.6541445,4006782,worker_1,W006,MaskImage,pattern_group,running,100.0,1,1
ExampleYeastColonies,4,16,1791502778.6547534,4006782,worker_1,W006,MaskImage,step_completed,success,57.89473684210527,11,19
ExampleYeastColonies,4,16,1791502778.6554594,4006782,worker_1,W006,ImageMath,step_started,started,57.89473684210527,11,19
ExampleYeastColonies,4,16,1791502778.6753154,4006782,worker_1,W006,ImageMath,pattern_group,running,100.0,1,1
ExampleYeastColonies,4,16,1791502778.6757374,4006782,worker_1,W006,ImageMath,step_completed,success,63.1578947368421,12,19
ExampleYeastColonies,4,16,1791502778.6760623,4006782,worker_1,W006,IdentifyPrimaryObjects,step_started,started,63.1578947368421,12,19
ExampleYeastColonies,4,16,1791502778.7520604,4006783,worker_2,W007,Align,pattern_group,running,100.0,1,1
ExampleYeastColonies,4,16,1791502778.75247,4006784,worker_3,W008,Align,pattern_group,running,100.0,1,1
ExampleYeastColonies,4,16,1791502778.7527013,4006783,worker_2,W007,Align,step_completed,success,47.368421052631575,9,19
ExampleYeastColonies,4,16,1791502778.7530198,4006784,worker_3,W008,Align,step_completed,success,47.368421052631575,9,19
ExampleYeastColonies,4,16,1791502778.7532208,4006783,worker_2,W007,MaskImage,step_started,started,47.368421052631575,9,19
ExampleYeastColonies,4,16,1791502778.7535188,4006784,worker_3,W008,MaskImage,step_started,started,47.368421052631575,9,19
ExampleYeastColonies,4,16,1791502778.7668116,4006783,worker_2,W007,MaskImage,pattern_group,running,100.0,1,1
ExampleYeastColonies,4,16,1791502778.7675376,4006783,worker_2,W007,MaskImage,step_completed,success,52.63157894736842,10,19
ExampleYeastColonies,4,16,1791502778.7683306,4006783,worker_2,W007,MaskImage,step_started,started,52.63157894736842,10,19
ExampleYeastColonies,4,16,1791502778.770252,4006784,worker_3,W008,MaskImage,pattern_group,running,100.0,1,1
ExampleYeastColonies,4,16,1791502778.7711666,4006784,worker_3,W008,MaskImage,step_completed,success,52.63157894736842,10,19
ExampleYeastColonies,4,16,1791502778.7718096,4006784,worker_3,W008,MaskImage,step_started,started,52.63157894736842,10,19
ExampleYeastColonies,4,16,1791502778.7849498,4006783,worker_2,W007,MaskImage,pattern_group,running,100.0,1,1
ExampleYeastColonies,4,16,1791502778.7861834,4006783,worker_2,W007,MaskImage,step_completed,success,57.89473684210527,11,19
ExampleYeastColonies,4,16,1791502778.7868922,4006783,worker_2,W007,ImageMath,step_started,started,57.89473684210527,11,19
ExampleYeastColonies,4,16,1791502778.789828,4006784,worker_3,W008,MaskImage,pattern_group,running,100.0,1,1
ExampleYeastColonies,4,16,1791502778.790312,4006784,worker_3,W008,MaskImage,step_completed,success,57.89473684210527,11,19
ExampleYeastColonies,4,16,1791502778.7907813,4006784,worker_3,W008,ImageMath,step_started,started,57.89473684210527,11,19
ExampleYeastColonies,4,16,1791502778.8140326,4006783,worker_2,W007,ImageMath,pattern_group,running,100.0,1,1
ExampleYeastColonies,4,16,1791502778.8145738,4006783,worker_2,W007,ImageMath,step_completed,success,63.1578947368421,12,19
ExampleYeastColonies,4,16,1791502778.8150845,4006783,worker_2,W007,IdentifyPrimaryObjects,step_started,started,63.1578947368421,12,19
ExampleYeastColonies,4,16,1791502778.8169105,4006784,worker_3,W008,ImageMath,pattern_group,running,100.0,1,1
ExampleYeastColonies,4,16,1791502778.8180985,4006784,worker_3,W008,ImageMath,step_completed,success,63.1578947368421,12,19
ExampleYeastColonies,4,16,1791502778.818653,4006784,worker_3,W008,IdentifyPrimaryObjects,step_started,started,63.1578947368421,12,19
ExampleYeastColonies,4,16,1791502778.8892386,4006781,worker_0,W005,IdentifyPrimaryObjects,pattern_group,running,100.0,1,1
ExampleYeastColonies,4,16,1791502778.8902304,4006781,worker_0,W005,IdentifyPrimaryObjects,step_completed,success,68.42105263157895,13,19
ExampleYeastColonies,4,16,1791502778.8909104,4006781,worker_0,W005,MeasureObjectIntensity,step_started,started,68.42105263157895,13,19
ExampleYeastColonies,4,16,1791502778.9013796,4006782,worker_1,W006,IdentifyPrimaryObjects,pattern_group,running,100.0,1,1
ExampleYeastColonies,4,16,1791502778.9025397,4006782,worker_1,W006,IdentifyPrimaryObjects,step_completed,success,68.42105263157895,13,19
ExampleYeastColonies,4,16,1791502778.9032323,4006782,worker_1,W006,MeasureObjectIntensity,step_started,started,68.42105263157895,13,19
ExampleYeastColonies,4,16,1791502778.9640827,4006781,worker_0,W005,MeasureObjectIntensity,pattern_group,running,100.0,1,1
ExampleYeastColonies,4,16,1791502778.9651275,4006781,worker_0,W005,MeasureObjectIntensity,step_completed,success,73.68421052631578,14,19
ExampleYeastColonies,4,16,1791502778.9670212,4006781,worker_0,W005,MeasureObjectSizeShape,step_started,started,73.68421052631578,14,19
ExampleYeastColonies,4,16,1791502778.9768217,4006782,worker_1,W006,MeasureObjectIntensity,pattern_group,running,100.0,1,1
ExampleYeastColonies,4,16,1791502778.978024,4006782,worker_1,W006,MeasureObjectIntensity,step_completed,success,73.68421052631578,14,19
ExampleYeastColonies,4,16,1791502778.9800117,4006782,worker_1,W006,MeasureObjectSizeShape,step_started,started,73.68421052631578,14,19
ExampleYeastColonies,4,16,1791502779.0476558,4006783,worker_2,W007,IdentifyPrimaryObjects,pattern_group,running,100.0,1,1
ExampleYeastColonies,4,16,1791502779.0483534,4006784,worker_3,W008,IdentifyPrimaryObjects,pattern_group,running,100.0,1,1
ExampleYeastColonies,4,16,1791502779.0487533,4006783,worker_2,W007,IdentifyPrimaryObjects,step_completed,success,68.42105263157895,13,19
ExampleYeastColonies,4,16,1791502779.0491304,4006784,worker_3,W008,IdentifyPrimaryObjects,step_completed,success,68.42105263157895,13,19
ExampleYeastColonies,4,16,1791502779.0496678,4006784,worker_3,W008,MeasureObjectIntensity,step_started,started,68.42105263157895,13,19
ExampleYeastColonies,4,16,1791502779.0502276,4006783,worker_2,W007,MeasureObjectIntensity,step_started,started,68.42105263157895,13,19
ExampleYeastColonies,4,16,1791502779.0655167,4006781,worker_0,W005,MeasureObjectSizeShape,pattern_group,running,100.0,1,1
ExampleYeastColonies,4,16,1791502779.0666494,4006781,worker_0,W005,MeasureObjectSizeShape,step_completed,success,78.94736842105263,15,19
ExampleYeastColonies,4,16,1791502779.0681098,4006781,worker_0,W005,ClassifyObjects,step_started,started,78.94736842105263,15,19
ExampleYeastColonies,4,16,1791502779.0744364,4006782,worker_1,W006,MeasureObjectSizeShape,pattern_group,running,100.0,1,1
ExampleYeastColonies,4,16,1791502779.075637,4006782,worker_1,W006,MeasureObjectSizeShape,step_completed,success,78.94736842105263,15,19
ExampleYeastColonies,4,16,1791502779.0761251,4006782,worker_1,W006,ClassifyObjects,step_started,started,78.94736842105263,15,19
ExampleYeastColonies,4,16,1791502779.1191692,4006783,worker_2,W007,MeasureObjectIntensity,pattern_group,running,100.0,1,1
ExampleYeastColonies,4,16,1791502779.120428,4006783,worker_2,W007,MeasureObjectIntensity,step_completed,success,73.68421052631578,14,19
ExampleYeastColonies,4,16,1791502779.1233282,4006783,worker_2,W007,MeasureObjectSizeShape,step_started,started,73.68421052631578,14,19
ExampleYeastColonies,4,16,1791502779.1234515,4006784,worker_3,W008,MeasureObjectIntensity,pattern_group,running,100.0,1,1
ExampleYeastColonies,4,16,1791502779.124437,4006784,worker_3,W008,MeasureObjectIntensity,step_completed,success,73.68421052631578,14,19
ExampleYeastColonies,4,16,1791502779.1267138,4006784,worker_3,W008,MeasureObjectSizeShape,step_started,started,73.68421052631578,14,19
ExampleYeastColonies,4,16,1791502779.1951911,4006781,worker_0,W005,ClassifyObjects,pattern_group,running,100.0,1,1
ExampleYeastColonies,4,16,1791502779.1962502,4006781,worker_0,W005,ClassifyObjects,step_completed,success,84.21052631578947,16,19
ExampleYeastColonies,4,16,1791502779.1965632,4006781,worker_0,W005,OverlayOutlines,step_started,started,84.21052631578947,16,19
ExampleYeastColonies,4,16,1791502779.203062,4006782,worker_1,W006,ClassifyObjects,pattern_group,running,100.0,1,1
ExampleYeastColonies,4,16,1791502779.2045236,4006782,worker_1,W006,ClassifyObjects,step_completed,success,84.21052631578947,16,19
ExampleYeastColonies,4,16,1791502779.2060156,4006782,worker_1,W006,OverlayOutlines,step_started,started,84.21052631578947,16,19
ExampleYeastColonies,4,16,1791502779.2239318,4006783,worker_2,W007,MeasureObjectSizeShape,pattern_group,running,100.0,1,1
ExampleYeastColonies,4,16,1791502779.2249541,4006783,worker_2,W007,MeasureObjectSizeShape,step_completed,success,78.94736842105263,15,19
ExampleYeastColonies,4,16,1791502779.2255008,4006783,worker_2,W007,ClassifyObjects,step_started,started,78.94736842105263,15,19
ExampleYeastColonies,4,16,1791502779.2336695,4006784,worker_3,W008,MeasureObjectSizeShape,pattern_group,running,100.0,1,1
ExampleYeastColonies,4,16,1791502779.2350314,4006784,worker_3,W008,MeasureObjectSizeShape,step_completed,success,78.94736842105263,15,19
ExampleYeastColonies,4,16,1791502779.235258,4006781,worker_0,W005,OverlayOutlines,pattern_group,running,100.0,1,1
ExampleYeastColonies,4,16,1791502779.2355442,4006781,worker_0,W005,OverlayOutlines,step_completed,success,89.47368421052632,17,19
ExampleYeastColonies,4,16,1791502779.2359633,4006781,worker_0,W005,SaveImages,step_started,started,89.47368421052632,17,19
ExampleYeastColonies,4,16,1791502779.235622,4006784,worker_3,W008,ClassifyObjects,step_started,started,78.94736842105263,15,19
ExampleYeastColonies,4,16,1791502779.246554,4006782,worker_1,W006,OverlayOutlines,pattern_group,running,100.0,1,1
ExampleYeastColonies,4,16,1791502779.2470927,4006782,worker_1,W006,OverlayOutlines,step_completed,success,89.47368421052632,17,19
ExampleYeastColonies,4,16,1791502779.2477183,4006782,worker_1,W006,SaveImages,step_started,started,89.47368421052632,17,19
ExampleYeastColonies,4,16,1791502779.2572496,4006781,worker_0,W005,SaveImages,pattern_group,running,100.0,1,1
ExampleYeastColonies,4,16,1791502779.2679172,4006782,worker_1,W006,SaveImages,pattern_group,running,100.0,1,1
ExampleYeastColonies,4,16,1791502779.3013504,4006781,worker_0,W005,SaveImages,step_completed,success,94.73684210526315,18,19
ExampleYeastColonies,4,16,1791502779.3021224,4006781,worker_0,W005,pipeline,axis_completed,success,94.73684210526315,18,19
ExampleYeastColonies,4,16,1791502779.3022425,4006781,worker_0,W009,pipeline,axis_started,started,0.0,0,19
ExampleYeastColonies,4,16,1791502779.3053393,4006781,worker_0,W009,ColorToGray,step_started,started,0.0,0,19
ExampleYeastColonies,4,16,1791502779.3116858,4006782,worker_1,W006,SaveImages,step_completed,success,94.73684210526315,18,19
ExampleYeastColonies,4,16,1791502779.3126118,4006782,worker_1,W006,pipeline,axis_completed,success,94.73684210526315,18,19
ExampleYeastColonies,4,16,1791502779.3127358,4006782,worker_1,W010,pipeline,axis_started,started,0.0,0,19
ExampleYeastColonies,4,16,1791502779.3160546,4006782,worker_1,W010,ColorToGray,step_started,started,0.0,0,19
ExampleYeastColonies,4,16,1791502779.3335128,4006781,worker_0,W009,ColorToGray,pattern_group,running,100.0,1,1
ExampleYeastColonies,4,16,1791502779.333911,4006781,worker_0,W009,ColorToGray,step_completed,success,5.263157894736842,1,19
ExampleYeastColonies,4,16,1791502779.3342083,4006781,worker_0,W009,CorrectIlluminationCalculate,step_started,started,5.263157894736842,1,19
ExampleYeastColonies,4,16,1791502779.3459694,4006782,worker_1,W010,ColorToGray,pattern_group,running,100.0,1,1
ExampleYeastColonies,4,16,1791502779.3469048,4006782,worker_1,W010,ColorToGray,step_completed,success,5.263157894736842,1,19
ExampleYeastColonies,4,16,1791502779.3471947,4006782,worker_1,W010,CorrectIlluminationCalculate,step_started,started,5.263157894736842,1,19
ExampleYeastColonies,4,16,1791502779.3607879,4006783,worker_2,W007,ClassifyObjects,pattern_group,running,100.0,1,1
ExampleYeastColonies,4,16,1791502779.3616729,4006783,worker_2,W007,ClassifyObjects,step_completed,success,84.21052631578947,16,19
ExampleYeastColonies,4,16,1791502779.3621256,4006783,worker_2,W007,OverlayOutlines,step_started,started,84.21052631578947,16,19
ExampleYeastColonies,4,16,1791502779.3723881,4006784,worker_3,W008,ClassifyObjects,pattern_group,running,100.0,1,1
ExampleYeastColonies,4,16,1791502779.3734868,4006784,worker_3,W008,ClassifyObjects,step_completed,success,84.21052631578947,16,19
ExampleYeastColonies,4,16,1791502779.3739305,4006784,worker_3,W008,OverlayOutlines,step_started,started,84.21052631578947,16,19
ExampleYeastColonies,4,16,1791502779.4030056,4006783,worker_2,W007,OverlayOutlines,pattern_group,running,100.0,1,1
ExampleYeastColonies,4,16,1791502779.4034562,4006783,worker_2,W007,OverlayOutlines,step_completed,success,89.47368421052632,17,19
ExampleYeastColonies,4,16,1791502779.4039702,4006783,worker_2,W007,SaveImages,step_started,started,89.47368421052632,17,19
ExampleYeastColonies,4,16,1791502779.4114966,4006784,worker_3,W008,OverlayOutlines,pattern_group,running,100.0,1,1
ExampleYeastColonies,4,16,1791502779.412597,4006784,worker_3,W008,OverlayOutlines,step_completed,success,89.47368421052632,17,19
ExampleYeastColonies,4,16,1791502779.4179502,4006784,worker_3,W008,SaveImages,step_started,started,89.47368421052632,17,19
ExampleYeastColonies,4,16,1791502779.4242008,4006783,worker_2,W007,SaveImages,pattern_group,running,100.0,1,1
ExampleYeastColonies,4,16,1791502779.4364948,4006784,worker_3,W008,SaveImages,pattern_group,running,100.0,1,1
ExampleYeastColonies,4,16,1791502779.469777,4006783,worker_2,W007,SaveImages,step_completed,success,94.73684210526315,18,19
ExampleYeastColonies,4,16,1791502779.470575,4006783,worker_2,W007,pipeline,axis_completed,success,94.73684210526315,18,19
ExampleYeastColonies,4,16,1791502779.470727,4006783,worker_2,W011,pipeline,axis_started,started,0.0,0,19
ExampleYeastColonies,4,16,1791502779.4738584,4006783,worker_2,W011,ColorToGray,step_started,started,0.0,0,19
ExampleYeastColonies,4,16,1791502779.4797688,4006781,worker_0,W009,CorrectIlluminationCalculate,pattern_group,running,100.0,1,1
ExampleYeastColonies,4,16,1791502779.4801698,4006781,worker_0,W009,CorrectIlluminationCalculate,step_completed,success,10.526315789473683,2,19
ExampleYeastColonies,4,16,1791502779.480452,4006781,worker_0,W009,CorrectIlluminationCalculate,step_started,started,10.526315789473683,2,19
ExampleYeastColonies,4,16,1791502779.4824996,4006784,worker_3,W008,SaveImages,step_completed,success,94.73684210526315,18,19
ExampleYeastColonies,4,16,1791502779.483242,4006784,worker_3,W008,pipeline,axis_completed,success,94.73684210526315,18,19
ExampleYeastColonies,4,16,1791502779.4833713,4006784,worker_3,W012,pipeline,axis_started,started,0.0,0,19
ExampleYeastColonies,4,16,1791502779.487823,4006784,worker_3,W012,ColorToGray,step_started,started,0.0,0,19
ExampleYeastColonies,4,16,1791502779.4913611,4006782,worker_1,W010,CorrectIlluminationCalculate,pattern_group,running,100.0,1,1
ExampleYeastColonies,4,16,1791502779.492103,4006782,worker_1,W010,CorrectIlluminationCalculate,step_completed,success,10.526315789473683,2,19
ExampleYeastColonies,4,16,1791502779.4926693,4006782,worker_1,W010,CorrectIlluminationCalculate,step_started,started,10.526315789473683,2,19
ExampleYeastColonies,4,16,1791502779.5120144,4006783,worker_2,W011,ColorToGray,pattern_group,running,100.0,1,1
ExampleYeastColonies,4,16,1791502779.5127404,4006783,worker_2,W011,ColorToGray,step_completed,success,5.263157894736842,1,19
ExampleYeastColonies,4,16,1791502779.5131269,4006783,worker_2,W011,CorrectIlluminationCalculate,step_started,started,5.263157894736842,1,19
ExampleYeastColonies,4,16,1791502779.5317962,4006784,worker_3,W012,ColorToGray,pattern_group,running,100.0,1,1
ExampleYeastColonies,4,16,1791502779.5321949,4006784,worker_3,W012,ColorToGray,step_completed,success,5.263157894736842,1,19
ExampleYeastColonies,4,16,1791502779.5324793,4006784,worker_3,W012,CorrectIlluminationCalculate,step_started,started,5.263157894736842,1,19
ExampleYeastColonies,4,16,1791502779.6262956,4006781,worker_0,W009,CorrectIlluminationCalculate,pattern_group,running,100.0,1,1
ExampleYeastColonies,4,16,1791502779.6267,4006781,worker_0,W009,CorrectIlluminationCalculate,step_completed,success,15.789473684210526,3,19
ExampleYeastColonies,4,16,1791502779.6269774,4006781,worker_0,W009,CorrectIlluminationCalculate,step_started,started,15.789473684210526,3,19
ExampleYeastColonies,4,16,1791502779.637702,4006782,worker_1,W010,CorrectIlluminationCalculate,pattern_group,running,100.0,1,1
ExampleYeastColonies,4,16,1791502779.6386204,4006782,worker_1,W010,CorrectIlluminationCalculate,step_completed,success,15.789473684210526,3,19
ExampleYeastColonies,4,16,1791502779.638949,4006782,worker_1,W010,CorrectIlluminationCalculate,step_started,started,15.789473684210526,3,19
ExampleYeastColonies,4,16,1791502779.6672595,4006783,worker_2,W011,CorrectIlluminationCalculate,pattern_group,running,100.0,1,1
ExampleYeastColonies,4,16,1791502779.667697,4006783,worker_2,W011,CorrectIlluminationCalculate,step_completed,success,10.526315789473683,2,19
ExampleYeastColonies,4,16,1791502779.6680074,4006783,worker_2,W011,CorrectIlluminationCalculate,step_started,started,10.526315789473683,2,19
ExampleYeastColonies,4,16,1791502779.6816523,4006784,worker_3,W012,CorrectIlluminationCalculate,pattern_group,running,100.0,1,1
ExampleYeastColonies,4,16,1791502779.68212,4006784,worker_3,W012,CorrectIlluminationCalculate,step_completed,success,10.526315789473683,2,19
ExampleYeastColonies,4,16,1791502779.6824415,4006784,worker_3,W012,CorrectIlluminationCalculate,step_started,started,10.526315789473683,2,19
ExampleYeastColonies,4,16,1791502779.77094,4006781,worker_0,W009,CorrectIlluminationCalculate,pattern_group,running,100.0,1,1
ExampleYeastColonies,4,16,1791502779.7713792,4006781,worker_0,W009,CorrectIlluminationCalculate,step_completed,success,21.052631578947366,4,19
ExampleYeastColonies,4,16,1791502779.7716663,4006781,worker_0,W009,CorrectIlluminationApply,step_started,started,21.052631578947366,4,19
ExampleYeastColonies,4,16,1791502779.778856,4006782,worker_1,W010,CorrectIlluminationCalculate,pattern_group,running,100.0,1,1
ExampleYeastColonies,4,16,1791502779.77949,4006782,worker_1,W010,CorrectIlluminationCalculate,step_completed,success,21.052631578947366,4,19
ExampleYeastColonies,4,16,1791502779.7799866,4006782,worker_1,W010,CorrectIlluminationApply,step_started,started,21.052631578947366,4,19
ExampleYeastColonies,4,16,1791502779.7825434,4006781,worker_0,W009,CorrectIlluminationApply,pattern_group,running,100.0,1,1
ExampleYeastColonies,4,16,1791502779.782879,4006781,worker_0,W009,CorrectIlluminationApply,step_completed,success,26.31578947368421,5,19
ExampleYeastColonies,4,16,1791502779.7833233,4006781,worker_0,W009,CorrectIlluminationApply,step_started,started,26.31578947368421,5,19
ExampleYeastColonies,4,16,1791502779.7913017,4006782,worker_1,W010,CorrectIlluminationApply,pattern_group,running,100.0,1,1
ExampleYeastColonies,4,16,1791502779.7949562,4006781,worker_0,W009,CorrectIlluminationApply,pattern_group,running,100.0,1,1
ExampleYeastColonies,4,16,1791502779.792062,4006782,worker_1,W010,CorrectIlluminationApply,step_completed,success,26.31578947368421,5,19
ExampleYeastColonies,4,16,1791502779.79521,4006781,worker_0,W009,CorrectIlluminationApply,step_completed,success,31.57894736842105,6,19
ExampleYeastColonies,4,16,1791502779.792459,4006782,worker_1,W010,CorrectIlluminationApply,step_started,started,26.31578947368421,5,19
ExampleYeastColonies,4,16,1791502779.7955613,4006781,worker_0,W009,CorrectIlluminationApply,step_started,started,31.57894736842105,6,19
ExampleYeastColonies,4,16,1791502779.8026369,4006782,worker_1,W010,CorrectIlluminationApply,pattern_group,running,100.0,1,1
ExampleYeastColonies,4,16,1791502779.8032098,4006782,worker_1,W010,CorrectIlluminationApply,step_completed,success,31.57894736842105,6,19
ExampleYeastColonies,4,16,1791502779.8037276,4006782,worker_1,W010,CorrectIlluminationApply,step_started,started,31.57894736842105,6,19
ExampleYeastColonies,4,16,1791502779.808535,4006781,worker_0,W009,CorrectIlluminationApply,pattern_group,running,100.0,1,1
ExampleYeastColonies,4,16,1791502779.8090215,4006781,worker_0,W009,CorrectIlluminationApply,step_completed,success,36.84210526315789,7,19
ExampleYeastColonies,4,16,1791502779.8094573,4006781,worker_0,W009,ImageMath,step_started,started,36.84210526315789,7,19
ExampleYeastColonies,4,16,1791502779.8144653,4006782,worker_1,W010,CorrectIlluminationApply,pattern_group,running,100.0,1,1
ExampleYeastColonies,4,16,1791502779.8149867,4006782,worker_1,W010,CorrectIlluminationApply,step_completed,success,36.84210526315789,7,19
ExampleYeastColonies,4,16,1791502779.8154118,4006782,worker_1,W010,ImageMath,step_started,started,36.84210526315789,7,19
ExampleYeastColonies,4,16,1791502779.8255482,4006783,worker_2,W011,CorrectIlluminationCalculate,pattern_group,running,100.0,1,1
ExampleYeastColonies,4,16,1791502779.8259864,4006783,worker_2,W011,CorrectIlluminationCalculate,step_completed,success,15.789473684210526,3,19
ExampleYeastColonies,4,16,1791502779.826335,4006783,worker_2,W011,CorrectIlluminationCalculate,step_started,started,15.789473684210526,3,19
ExampleYeastColonies,4,16,1791502779.841193,4006781,worker_0,W009,ImageMath,pattern_group,running,100.0,1,1
ExampleYeastColonies,4,16,1791502779.841624,4006781,worker_0,W009,ImageMath,step_completed,success,42.10526315789473,8,19
ExampleYeastColonies,4,16,1791502779.842032,4006781,worker_0,W009,Align,step_started,started,42.10526315789473,8,19
ExampleYeastColonies,4,16,1791502779.8426282,4006784,worker_3,W012,CorrectIlluminationCalculate,pattern_group,running,100.0,1,1
ExampleYeastColonies,4,16,1791502779.8433828,4006784,worker_3,W012,CorrectIlluminationCalculate,step_completed,success,15.789473684210526,3,19
ExampleYeastColonies,4,16,1791502779.8437374,4006784,worker_3,W012,CorrectIlluminationCalculate,step_started,started,15.789473684210526,3,19
ExampleYeastColonies,4,16,1791502779.8466914,4006782,worker_1,W010,ImageMath,pattern_group,running,100.0,1,1
ExampleYeastColonies,4,16,1791502779.8473141,4006782,worker_1,W010,ImageMath,step_completed,success,42.10526315789473,8,19
ExampleYeastColonies,4,16,1791502779.8478048,4006782,worker_1,W010,Align,step_started,started,42.10526315789473,8,19
ExampleYeastColonies,4,16,1791502779.9894843,4006783,worker_2,W011,CorrectIlluminationCalculate,pattern_group,running,100.0,1,1
ExampleYeastColonies,4,16,1791502779.989935,4006783,worker_2,W011,CorrectIlluminationCalculate,step_completed,success,21.052631578947366,4,19
ExampleYeastColonies,4,16,1791502779.990226,4006783,worker_2,W011,CorrectIlluminationApply,step_started,started,21.052631578947366,4,19
ExampleYeastColonies,4,16,1791502779.9968276,4006784,worker_3,W012,CorrectIlluminationCalculate,pattern_group,running,100.0,1,1
ExampleYeastColonies,4,16,1791502779.9971304,4006784,worker_3,W012,CorrectIlluminationCalculate,step_completed,success,21.052631578947366,4,19
ExampleYeastColonies,4,16,1791502779.997549,4006784,worker_3,W012,CorrectIlluminationApply,step_started,started,21.052631578947366,4,19
ExampleYeastColonies,4,16,1791502780.0009944,4006783,worker_2,W011,CorrectIlluminationApply,pattern_group,running,100.0,1,1
ExampleYeastColonies,4,16,1791502780.0014088,4006783,worker_2,W011,CorrectIlluminationApply,step_completed,success,26.31578947368421,5,19
ExampleYeastColonies,4,16,1791502780.0019329,4006783,worker_2,W011,CorrectIlluminationApply,step_started,started,26.31578947368421,5,19
ExampleYeastColonies,4,16,1791502780.010156,4006784,worker_3,W012,CorrectIlluminationApply,pattern_group,running,100.0,1,1
ExampleYeastColonies,4,16,1791502780.010577,4006784,worker_3,W012,CorrectIlluminationApply,step_completed,success,26.31578947368421,5,19
ExampleYeastColonies,4,16,1791502780.0109856,4006784,worker_3,W012,CorrectIlluminationApply,step_started,started,26.31578947368421,5,19
ExampleYeastColonies,4,16,1791502780.014657,4006783,worker_2,W011,CorrectIlluminationApply,pattern_group,running,100.0,1,1
ExampleYeastColonies,4,16,1791502780.0151048,4006783,worker_2,W011,CorrectIlluminationApply,step_completed,success,31.57894736842105,6,19
ExampleYeastColonies,4,16,1791502780.0157092,4006783,worker_2,W011,CorrectIlluminationApply,step_started,started,31.57894736842105,6,19
ExampleYeastColonies,4,16,1791502780.0221534,4006784,worker_3,W012,CorrectIlluminationApply,pattern_group,running,100.0,1,1
ExampleYeastColonies,4,16,1791502780.0226161,4006784,worker_3,W012,CorrectIlluminationApply,step_completed,success,31.57894736842105,6,19
ExampleYeastColonies,4,16,1791502780.0231702,4006784,worker_3,W012,CorrectIlluminationApply,step_started,started,31.57894736842105,6,19
ExampleYeastColonies,4,16,1791502780.0268035,4006783,worker_2,W011,CorrectIlluminationApply,pattern_group,running,100.0,1,1
ExampleYeastColonies,4,16,1791502780.027074,4006783,worker_2,W011,CorrectIlluminationApply,step_completed,success,36.84210526315789,7,19
ExampleYeastColonies,4,16,1791502780.027578,4006783,worker_2,W011,ImageMath,step_started,started,36.84210526315789,7,19
ExampleYeastColonies,4,16,1791502780.0358648,4006784,worker_3,W012,CorrectIlluminationApply,pattern_group,running,100.0,1,1
ExampleYeastColonies,4,16,1791502780.0367389,4006784,worker_3,W012,CorrectIlluminationApply,step_completed,success,36.84210526315789,7,19
ExampleYeastColonies,4,16,1791502780.0372496,4006784,worker_3,W012,ImageMath,step_started,started,36.84210526315789,7,19
ExampleYeastColonies,4,16,1791502780.0545766,4006783,worker_2,W011,ImageMath,pattern_group,running,100.0,1,1
ExampleYeastColonies,4,16,1791502780.0550172,4006783,worker_2,W011,ImageMath,step_completed,success,42.10526315789473,8,19
ExampleYeastColonies,4,16,1791502780.0554695,4006783,worker_2,W011,Align,step_started,started,42.10526315789473,8,19
ExampleYeastColonies,4,16,1791502780.065635,4006784,worker_3,W012,ImageMath,pattern_group,running,100.0,1,1
ExampleYeastColonies,4,16,1791502780.0659978,4006784,worker_3,W012,ImageMath,step_completed,success,42.10526315789473,8,19
ExampleYeastColonies,4,16,1791502780.0663555,4006784,worker_3,W012,Align,step_started,started,42.10526315789473,8,19
ExampleYeastColonies,4,16,1791502780.1288033,4006782,worker_1,W010,Align,pattern_group,running,100.0,1,1
ExampleYeastColonies,4,16,1791502780.129403,4006782,worker_1,W010,Align,step_completed,success,47.368421052631575,9,19
ExampleYeastColonies,4,16,1791502780.1298735,4006782,worker_1,W010,MaskImage,step_started,started,47.368421052631575,9,19
ExampleYeastColonies,4,16,1791502780.1438692,4006782,worker_1,W010,MaskImage,pattern_group,running,100.0,1,1
ExampleYeastColonies,4,16,1791502780.144392,4006782,worker_1,W010,MaskImage,step_completed,success,52.63157894736842,10,19
ExampleYeastColonies,4,16,1791502780.144883,4006782,worker_1,W010,MaskImage,step_started,started,52.63157894736842,10,19
ExampleYeastColonies,4,16,1791502780.1550608,4006781,worker_0,W009,Align,pattern_group,running,100.0,1,1
ExampleYeastColonies,4,16,1791502780.1556492,4006781,worker_0,W009,Align,step_completed,success,47.368421052631575,9,19
ExampleYeastColonies,4,16,1791502780.1561067,4006781,worker_0,W009,MaskImage,step_started,started,47.368421052631575,9,19
ExampleYeastColonies,4,16,1791502780.1565197,4006782,worker_1,W010,MaskImage,pattern_group,running,100.0,1,1
ExampleYeastColonies,4,16,1791502780.156976,4006782,worker_1,W010,MaskImage,step_completed,success,57.89473684210527,11,19
ExampleYeastColonies,4,16,1791502780.1574087,4006782,worker_1,W010,ImageMath,step_started,started,57.89473684210527,11,19
ExampleYeastColonies,4,16,1791502780.171796,4006781,worker_0,W009,MaskImage,pattern_group,running,100.0,1,1
ExampleYeastColonies,4,16,1791502780.1728163,4006781,worker_0,W009,MaskImage,step_completed,success,52.63157894736842,10,19
ExampleYeastColonies,4,16,1791502780.1736875,4006781,worker_0,W009,MaskImage,step_started,started,52.63157894736842,10,19
ExampleYeastColonies,4,16,1791502780.1829069,4006782,worker_1,W010,ImageMath,pattern_group,running,100.0,1,1
ExampleYeastColonies,4,16,1791502780.1838691,4006782,worker_1,W010,ImageMath,step_completed,success,63.1578947368421,12,19
ExampleYeastColonies,4,16,1791502780.1846273,4006782,worker_1,W010,IdentifyPrimaryObjects,step_started,started,63.1578947368421,12,19
ExampleYeastColonies,4,16,1791502780.1890874,4006781,worker_0,W009,MaskImage,pattern_group,running,100.0,1,1
ExampleYeastColonies,4,16,1791502780.189876,4006781,worker_0,W009,MaskImage,step_completed,success,57.89473684210527,11,19
ExampleYeastColonies,4,16,1791502780.1905584,4006781,worker_0,W009,ImageMath,step_started,started,57.89473684210527,11,19
ExampleYeastColonies,4,16,1791502780.2134023,4006781,worker_0,W009,ImageMath,pattern_group,running,100.0,1,1
ExampleYeastColonies,4,16,1791502780.214091,4006781,worker_0,W009,ImageMath,step_completed,success,63.1578947368421,12,19
ExampleYeastColonies,4,16,1791502780.21458,4006781,worker_0,W009,IdentifyPrimaryObjects,step_started,started,63.1578947368421,12,19
ExampleYeastColonies,4,16,1791502780.3620908,4006783,worker_2,W011,Align,pattern_group,running,100.0,1,1
ExampleYeastColonies,4,16,1791502780.3627505,4006783,worker_2,W011,Align,step_completed,success,47.368421052631575,9,19
ExampleYeastColonies,4,16,1791502780.363244,4006783,worker_2,W011,MaskImage,step_started,started,47.368421052631575,9,19
ExampleYeastColonies,4,16,1791502780.3708909,4006784,worker_3,W012,Align,pattern_group,running,100.0,1,1
ExampleYeastColonies,4,16,1791502780.3718994,4006784,worker_3,W012,Align,step_completed,success,47.368421052631575,9,19
ExampleYeastColonies,4,16,1791502780.3724434,4006784,worker_3,W012,MaskImage,step_started,started,47.368421052631575,9,19
ExampleYeastColonies,4,16,1791502780.374336,4006783,worker_2,W011,MaskImage,pattern_group,running,100.0,1,1
ExampleYeastColonies,4,16,1791502780.3747587,4006783,worker_2,W011,MaskImage,step_completed,success,52.63157894736842,10,19
ExampleYeastColonies,4,16,1791502780.3752878,4006783,worker_2,W011,MaskImage,step_started,started,52.63157894736842,10,19
ExampleYeastColonies,4,16,1791502780.3876607,4006784,worker_3,W012,MaskImage,pattern_group,running,100.0,1,1
ExampleYeastColonies,4,16,1791502780.3882287,4006784,worker_3,W012,MaskImage,step_completed,success,52.63157894736842,10,19
ExampleYeastColonies,4,16,1791502780.3886707,4006784,worker_3,W012,MaskImage,step_started,started,52.63157894736842,10,19
ExampleYeastColonies,4,16,1791502780.3888023,4006783,worker_2,W011,MaskImage,pattern_group,running,100.0,1,1
ExampleYeastColonies,4,16,1791502780.389163,4006783,worker_2,W011,MaskImage,step_completed,success,57.89473684210527,11,19
ExampleYeastColonies,4,16,1791502780.38959,4006783,worker_2,W011,ImageMath,step_started,started,57.89473684210527,11,19
ExampleYeastColonies,4,16,1791502780.408104,4006784,worker_3,W012,MaskImage,pattern_group,running,100.0,1,1
ExampleYeastColonies,4,16,1791502780.408832,4006784,worker_3,W012,MaskImage,step_completed,success,57.89473684210527,11,19
ExampleYeastColonies,4,16,1791502780.4095368,4006784,worker_3,W012,ImageMath,step_started,started,57.89473684210527,11,19
ExampleYeastColonies,4,16,1791502780.4133558,4006783,worker_2,W011,ImageMath,pattern_group,running,100.0,1,1
ExampleYeastColonies,4,16,1791502780.413775,4006783,worker_2,W011,ImageMath,step_completed,success,63.1578947368421,12,19
ExampleYeastColonies,4,16,1791502780.4142203,4006783,worker_2,W011,IdentifyPrimaryObjects,step_started,started,63.1578947368421,12,19
ExampleYeastColonies,4,16,1791502780.43145,4006784,worker_3,W012,ImageMath,pattern_group,running,100.0,1,1
ExampleYeastColonies,4,16,1791502780.4318857,4006784,worker_3,W012,ImageMath,step_completed,success,63.1578947368421,12,19
ExampleYeastColonies,4,16,1791502780.4322972,4006784,worker_3,W012,IdentifyPrimaryObjects,step_started,started,63.1578947368421,12,19
ExampleYeastColonies,4,16,1791502780.5841143,4006782,worker_1,W010,IdentifyPrimaryObjects,pattern_group,running,100.0,1,1
ExampleYeastColonies,4,16,1791502780.5851371,4006782,worker_1,W010,IdentifyPrimaryObjects,step_completed,success,68.42105263157895,13,19
ExampleYeastColonies,4,16,1791502780.5858376,4006782,worker_1,W010,MeasureObjectIntensity,step_started,started,68.42105263157895,13,19
ExampleYeastColonies,4,16,1791502780.6244183,4006781,worker_0,W009,IdentifyPrimaryObjects,pattern_group,running,100.0,1,1
ExampleYeastColonies,4,16,1791502780.6257203,4006781,worker_0,W009,IdentifyPrimaryObjects,step_completed,success,68.42105263157895,13,19
ExampleYeastColonies,4,16,1791502780.6272044,4006781,worker_0,W009,MeasureObjectIntensity,step_started,started,68.42105263157895,13,19
ExampleYeastColonies,4,16,1791502780.656187,4006782,worker_1,W010,MeasureObjectIntensity,pattern_group,running,100.0,1,1
ExampleYeastColonies,4,16,1791502780.6574426,4006782,worker_1,W010,MeasureObjectIntensity,step_completed,success,73.68421052631578,14,19
ExampleYeastColonies,4,16,1791502780.6604168,4006782,worker_1,W010,MeasureObjectSizeShape,step_started,started,73.68421052631578,14,19
ExampleYeastColonies,4,16,1791502780.7028537,4006781,worker_0,W009,MeasureObjectIntensity,pattern_group,running,100.0,1,1
ExampleYeastColonies,4,16,1791502780.703973,4006781,worker_0,W009,MeasureObjectIntensity,step_completed,success,73.68421052631578,14,19
ExampleYeastColonies,4,16,1791502780.7072508,4006781,worker_0,W009,MeasureObjectSizeShape,step_started,started,73.68421052631578,14,19
ExampleYeastColonies,4,16,1791502780.7368703,4006783,worker_2,W011,IdentifyPrimaryObjects,pattern_group,running,100.0,1,1
ExampleYeastColonies,4,16,1791502780.7378793,4006783,worker_2,W011,IdentifyPrimaryObjects,step_completed,success,68.42105263157895,13,19
ExampleYeastColonies,4,16,1791502780.7385657,4006783,worker_2,W011,MeasureObjectIntensity,step_started,started,68.42105263157895,13,19
ExampleYeastColonies,4,16,1791502780.7578447,4006782,worker_1,W010,MeasureObjectSizeShape,pattern_group,running,100.0,1,1
ExampleYeastColonies,4,16,1791502780.7588186,4006782,worker_1,W010,MeasureObjectSizeShape,step_completed,success,78.94736842105263,15,19
ExampleYeastColonies,4,16,1791502780.7592998,4006782,worker_1,W010,ClassifyObjects,step_started,started,78.94736842105263,15,19
ExampleYeastColonies,4,16,1791502780.7646773,4006784,worker_3,W012,IdentifyPrimaryObjects,pattern_group,running,100.0,1,1
ExampleYeastColonies,4,16,1791502780.7656014,4006784,worker_3,W012,IdentifyPrimaryObjects,step_completed,success,68.42105263157895,13,19
ExampleYeastColonies,4,16,1791502780.7662206,4006784,worker_3,W012,MeasureObjectIntensity,step_started,started,68.42105263157895,13,19
ExampleYeastColonies,4,16,1791502780.8055356,4006783,worker_2,W011,MeasureObjectIntensity,pattern_group,running,100.0,1,1
ExampleYeastColonies,4,16,1791502780.8067703,4006783,worker_2,W011,MeasureObjectIntensity,step_completed,success,73.68421052631578,14,19
ExampleYeastColonies,4,16,1791502780.810761,4006783,worker_2,W011,MeasureObjectSizeShape,step_started,started,73.68421052631578,14,19
ExampleYeastColonies,4,16,1791502780.8135648,4006781,worker_0,W009,MeasureObjectSizeShape,pattern_group,running,100.0,1,1
ExampleYeastColonies,4,16,1791502780.8155282,4006781,worker_0,W009,MeasureObjectSizeShape,step_completed,success,78.94736842105263,15,19
ExampleYeastColonies,4,16,1791502780.817046,4006781,worker_0,W009,ClassifyObjects,step_started,started,78.94736842105263,15,19
ExampleYeastColonies,4,16,1791502780.8375185,4006784,worker_3,W012,MeasureObjectIntensity,pattern_group,running,100.0,1,1
ExampleYeastColonies,4,16,1791502780.8385916,4006784,worker_3,W012,MeasureObjectIntensity,step_completed,success,73.68421052631578,14,19
ExampleYeastColonies,4,16,1791502780.840515,4006784,worker_3,W012,MeasureObjectSizeShape,step_started,started,73.68421052631578,14,19
ExampleYeastColonies,4,16,1791502780.8889408,4006782,worker_1,W010,ClassifyObjects,pattern_group,running,100.0,1,1
ExampleYeastColonies,4,16,1791502780.8898623,4006782,worker_1,W010,ClassifyObjects,step_completed,success,84.21052631578947,16,19
ExampleYeastColonies,4,16,1791502780.8903039,4006782,worker_1,W010,OverlayOutlines,step_started,started,84.21052631578947,16,19
ExampleYeastColonies,4,16,1791502780.9085958,4006783,worker_2,W011,MeasureObjectSizeShape,pattern_group,running,100.0,1,1
ExampleYeastColonies,4,16,1791502780.9097059,4006783,worker_2,W011,MeasureObjectSizeShape,step_completed,success,78.94736842105263,15,19
ExampleYeastColonies,4,16,1791502780.9103682,4006783,worker_2,W011,ClassifyObjects,step_started,started,78.94736842105263,15,19
ExampleYeastColonies,4,16,1791502780.9282935,4006782,worker_1,W010,OverlayOutlines,pattern_group,running,100.0,1,1
ExampleYeastColonies,4,16,1791502780.9287238,4006782,worker_1,W010,OverlayOutlines,step_completed,success,89.47368421052632,17,19
ExampleYeastColonies,4,16,1791502780.929187,4006782,worker_1,W010,SaveImages,step_started,started,89.47368421052632,17,19
ExampleYeastColonies,4,16,1791502780.942556,4006784,worker_3,W012,MeasureObjectSizeShape,pattern_group,running,100.0,1,1
ExampleYeastColonies,4,16,1791502780.9438925,4006784,worker_3,W012,MeasureObjectSizeShape,step_completed,success,78.94736842105263,15,19
ExampleYeastColonies,4,16,1791502780.9445124,4006784,worker_3,W012,ClassifyObjects,step_started,started,78.94736842105263,15,19
ExampleYeastColonies,4,16,1791502780.9493854,4006782,worker_1,W010,SaveImages,pattern_group,running,100.0,1,1
ExampleYeastColonies,4,16,1791502780.9726949,4006781,worker_0,W009,ClassifyObjects,pattern_group,running,100.0,1,1
ExampleYeastColonies,4,16,1791502780.9745474,4006781,worker_0,W009,ClassifyObjects,step_completed,success,84.21052631578947,16,19
ExampleYeastColonies,4,16,1791502780.975323,4006781,worker_0,W009,OverlayOutlines,step_started,started,84.21052631578947,16,19
ExampleYeastColonies,4,16,1791502780.9931462,4006782,worker_1,W010,SaveImages,step_completed,success,94.73684210526315,18,19
ExampleYeastColonies,4,16,1791502780.9939327,4006782,worker_1,W010,pipeline,axis_completed,success,94.73684210526315,18,19
ExampleYeastColonies,4,16,1791502780.9940548,4006782,worker_1,W014,pipeline,axis_started,started,0.0,0,19
ExampleYeastColonies,4,16,1791502780.9972086,4006782,worker_1,W014,ColorToGray,step_started,started,0.0,0,19
ExampleYeastColonies,4,16,1791502781.0258305,4006781,worker_0,W009,OverlayOutlines,pattern_group,running,100.0,1,1
ExampleYeastColonies,4,16,1791502781.02647,4006781,worker_0,W009,OverlayOutlines,step_completed,success,89.47368421052632,17,19
ExampleYeastColonies,4,16,1791502781.0284727,4006782,worker_1,W014,ColorToGray,pattern_group,running,100.0,1,1
ExampleYeastColonies,4,16,1791502781.0289454,4006782,worker_1,W014,ColorToGray,step_completed,success,5.263157894736842,1,19
ExampleYeastColonies,4,16,1791502781.02941,4006782,worker_1,W014,CorrectIlluminationCalculate,step_started,started,5.263157894736842,1,19
ExampleYeastColonies,4,16,1791502781.0322115,4006781,worker_0,W009,SaveImages,step_started,started,89.47368421052632,17,19
ExampleYeastColonies,4,16,1791502781.0445428,4006783,worker_2,W011,ClassifyObjects,pattern_group,running,100.0,1,1
ExampleYeastColonies,4,16,1791502781.0455053,4006783,worker_2,W011,ClassifyObjects,step_completed,success,84.21052631578947,16,19
ExampleYeastColonies,4,16,1791502781.0459177,4006783,worker_2,W011,OverlayOutlines,step_started,started,84.21052631578947,16,19
ExampleYeastColonies,4,16,1791502781.052293,4006781,worker_0,W009,SaveImages,pattern_group,running,100.0,1,1
ExampleYeastColonies,4,16,1791502781.0855362,4006783,worker_2,W011,OverlayOutlines,pattern_group,running,100.0,1,1
ExampleYeastColonies,4,16,1791502781.0855606,4006784,worker_3,W012,ClassifyObjects,pattern_group,running,100.0,1,1
ExampleYeastColonies,4,16,1791502781.0859604,4006783,worker_2,W011,OverlayOutlines,step_completed,success,89.47368421052632,17,19
ExampleYeastColonies,4,16,1791502781.0863104,4006784,worker_3,W012,ClassifyObjects,step_completed,success,84.21052631578947,16,19
ExampleYeastColonies,4,16,1791502781.0864356,4006783,worker_2,W011,SaveImages,step_started,started,89.47368421052632,17,19
ExampleYeastColonies,4,16,1791502781.0867336,4006784,worker_3,W012,OverlayOutlines,step_started,started,84.21052631578947,16,19
ExampleYeastColonies,4,16,1791502781.0973861,4006781,worker_0,W009,SaveImages,step_completed,success,94.73684210526315,18,19
ExampleYeastColonies,4,16,1791502781.0981877,4006781,worker_0,W009,pipeline,axis_completed,success,94.73684210526315,18,19
ExampleYeastColonies,4,16,1791502781.0986958,4006781,worker_0,W013,pipeline,axis_started,started,0.0,0,19
ExampleYeastColonies,4,16,1791502781.1021142,4006781,worker_0,W013,ColorToGray,step_started,started,0.0,0,19
ExampleYeastColonies,4,16,1791502781.1064842,4006783,worker_2,W011,SaveImages,pattern_group,running,100.0,1,1
ExampleYeastColonies,4,16,1791502781.1277325,4006784,worker_3,W012,OverlayOutlines,pattern_group,running,100.0,1,1
ExampleYeastColonies,4,16,1791502781.1281633,4006784,worker_3,W012,OverlayOutlines,step_completed,success,89.47368421052632,17,19
ExampleYeastColonies,4,16,1791502781.1286466,4006784,worker_3,W012,SaveImages,step_started,started,89.47368421052632,17,19
ExampleYeastColonies,4,16,1791502781.1379035,4006781,worker_0,W013,ColorToGray,pattern_group,running,100.0,1,1
ExampleYeastColonies,4,16,1791502781.1383166,4006781,worker_0,W013,ColorToGray,step_completed,success,5.263157894736842,1,19
ExampleYeastColonies,4,16,1791502781.1386333,4006781,worker_0,W013,CorrectIlluminationCalculate,step_started,started,5.263157894736842,1,19
ExampleYeastColonies,4,16,1791502781.146637,4006784,worker_3,W012,SaveImages,pattern_group,running,100.0,1,1
ExampleYeastColonies,4,16,1791502781.1518645,4006783,worker_2,W011,SaveImages,step_completed,success,94.73684210526315,18,19
ExampleYeastColonies,4,16,1791502781.152527,4006783,worker_2,W011,pipeline,axis_completed,success,94.73684210526315,18,19
ExampleYeastColonies,4,16,1791502781.15259,4006783,worker_2,W015,pipeline,axis_started,started,0.0,0,19
ExampleYeastColonies,4,16,1791502781.1558027,4006783,worker_2,W015,ColorToGray,step_started,started,0.0,0,19
ExampleYeastColonies,4,16,1791502781.1808326,4006782,worker_1,W014,CorrectIlluminationCalculate,pattern_group,running,100.0,1,1
ExampleYeastColonies,4,16,1791502781.1813273,4006782,worker_1,W014,CorrectIlluminationCalculate,step_completed,success,10.526315789473683,2,19
ExampleYeastColonies,4,16,1791502781.1816897,4006782,worker_1,W014,CorrectIlluminationCalculate,step_started,started,10.526315789473683,2,19
ExampleYeastColonies,4,16,1791502781.1879072,4006783,worker_2,W015,ColorToGray,pattern_group,running,100.0,1,1
ExampleYeastColonies,4,16,1791502781.1883895,4006783,worker_2,W015,ColorToGray,step_completed,success,5.263157894736842,1,19
ExampleYeastColonies,4,16,1791502781.1887019,4006783,worker_2,W015,CorrectIlluminationCalculate,step_started,started,5.263157894736842,1,19
ExampleYeastColonies,4,16,1791502781.1978295,4006784,worker_3,W012,SaveImages,step_completed,success,94.73684210526315,18,19
ExampleYeastColonies,4,16,1791502781.1987247,4006784,worker_3,W012,pipeline,axis_completed,success,94.73684210526315,18,19
ExampleYeastColonies,4,16,1791502781.1988597,4006784,worker_3,W016,pipeline,axis_started,started,0.0,0,19
ExampleYeastColonies,4,16,1791502781.202569,4006784,worker_3,W016,ColorToGray,step_started,started,0.0,0,19
ExampleYeastColonies,4,16,1791502781.2336397,4006784,worker_3,W016,ColorToGray,pattern_group,running,100.0,1,1
ExampleYeastColonies,4,16,1791502781.2341664,4006784,worker_3,W016,ColorToGray,step_completed,success,5.263157894736842,1,19
ExampleYeastColonies,4,16,1791502781.2345603,4006784,worker_3,W016,CorrectIlluminationCalculate,step_started,started,5.263157894736842,1,19
ExampleYeastColonies,4,16,1791502781.2848034,4006781,worker_0,W013,CorrectIlluminationCalculate,pattern_group,running,100.0,1,1
ExampleYeastColonies,4,16,1791502781.2854834,4006781,worker_0,W013,CorrectIlluminationCalculate,step_completed,success,10.526315789473683,2,19
ExampleYeastColonies,4,16,1791502781.2859566,4006781,worker_0,W013,CorrectIlluminationCalculate,step_started,started,10.526315789473683,2,19
ExampleYeastColonies,4,16,1791502781.3238788,4006782,worker_1,W014,CorrectIlluminationCalculate,pattern_group,running,100.0,1,1
ExampleYeastColonies,4,16,1791502781.324266,4006782,worker_1,W014,CorrectIlluminationCalculate,step_completed,success,15.789473684210526,3,19
ExampleYeastColonies,4,16,1791502781.3245456,4006782,worker_1,W014,CorrectIlluminationCalculate,step_started,started,15.789473684210526,3,19
ExampleYeastColonies,4,16,1791502781.341346,4006783,worker_2,W015,CorrectIlluminationCalculate,pattern_group,running,100.0,1,1
ExampleYeastColonies,4,16,1791502781.3417134,4006783,worker_2,W015,CorrectIlluminationCalculate,step_completed,success,10.526315789473683,2,19
ExampleYeastColonies,4,16,1791502781.3420336,4006783,worker_2,W015,CorrectIlluminationCalculate,step_started,started,10.526315789473683,2,19
ExampleYeastColonies,4,16,1791502781.378554,4006784,worker_3,W016,CorrectIlluminationCalculate,pattern_group,running,100.0,1,1
ExampleYeastColonies,4,16,1791502781.3789423,4006784,worker_3,W016,CorrectIlluminationCalculate,step_completed,success,10.526315789473683,2,19
ExampleYeastColonies,4,16,1791502781.3792174,4006784,worker_3,W016,CorrectIlluminationCalculate,step_started,started,10.526315789473683,2,19
ExampleYeastColonies,4,16,1791502781.4375408,4006781,worker_0,W013,CorrectIlluminationCalculate,pattern_group,running,100.0,1,1
ExampleYeastColonies,4,16,1791502781.4380553,4006781,worker_0,W013,CorrectIlluminationCalculate,step_completed,success,15.789473684210526,3,19
ExampleYeastColonies,4,16,1791502781.4384575,4006781,worker_0,W013,CorrectIlluminationCalculate,step_started,started,15.789473684210526,3,19
ExampleYeastColonies,4,16,1791502781.4630337,4006782,worker_1,W014,CorrectIlluminationCalculate,pattern_group,running,100.0,1,1
ExampleYeastColonies,4,16,1791502781.4634268,4006782,worker_1,W014,CorrectIlluminationCalculate,step_completed,success,21.052631578947366,4,19
ExampleYeastColonies,4,16,1791502781.4637053,4006782,worker_1,W014,CorrectIlluminationApply,step_started,started,21.052631578947366,4,19
ExampleYeastColonies,4,16,1791502781.472524,4006782,worker_1,W014,CorrectIlluminationApply,pattern_group,running,100.0,1,1
ExampleYeastColonies,4,16,1791502781.4729383,4006782,worker_1,W014,CorrectIlluminationApply,step_completed,success,26.31578947368421,5,19
ExampleYeastColonies,4,16,1791502781.4733639,4006782,worker_1,W014,CorrectIlluminationApply,step_started,started,26.31578947368421,5,19
ExampleYeastColonies,4,16,1791502781.482859,4006782,worker_1,W014,CorrectIlluminationApply,pattern_group,running,100.0,1,1
ExampleYeastColonies,4,16,1791502781.483416,4006782,worker_1,W014,CorrectIlluminationApply,step_completed,success,31.57894736842105,6,19
ExampleYeastColonies,4,16,1791502781.483888,4006782,worker_1,W014,CorrectIlluminationApply,step_started,started,31.57894736842105,6,19
ExampleYeastColonies,4,16,1791502781.4875188,4006783,worker_2,W015,CorrectIlluminationCalculate,pattern_group,running,100.0,1,1
ExampleYeastColonies,4,16,1791502781.488101,4006783,worker_2,W015,CorrectIlluminationCalculate,step_completed,success,15.789473684210526,3,19
ExampleYeastColonies,4,16,1791502781.4883897,4006783,worker_2,W015,CorrectIlluminationCalculate,step_started,started,15.789473684210526,3,19
ExampleYeastColonies,4,16,1791502781.4939468,4006782,worker_1,W014,CorrectIlluminationApply,pattern_group,running,100.0,1,1
ExampleYeastColonies,4,16,1791502781.4943993,4006782,worker_1,W014,CorrectIlluminationApply,step_completed,success,36.84210526315789,7,19
ExampleYeastColonies,4,16,1791502781.4947815,4006782,worker_1,W014,ImageMath,step_started,started,36.84210526315789,7,19
ExampleYeastColonies,4,16,1791502781.5165696,4006782,worker_1,W014,ImageMath,pattern_group,running,100.0,1,1
ExampleYeastColonies,4,16,1791502781.5170257,4006782,worker_1,W014,ImageMath,step_completed,success,42.10526315789473,8,19
ExampleYeastColonies,4,16,1791502781.5174813,4006782,worker_1,W014,Align,step_started,started,42.10526315789473,8,19
ExampleYeastColonies,4,16,1791502781.52226,4006784,worker_3,W016,CorrectIlluminationCalculate,pattern_group,running,100.0,1,1
ExampleYeastColonies,4,16,1791502781.5226705,4006784,worker_3,W016,CorrectIlluminationCalculate,step_completed,success,15.789473684210526,3,19
ExampleYeastColonies,4,16,1791502781.5229552,4006784,worker_3,W016,CorrectIlluminationCalculate,step_started,started,15.789473684210526,3,19
ExampleYeastColonies,4,16,1791502781.5961597,4006781,worker_0,W013,CorrectIlluminationCalculate,pattern_group,running,100.0,1,1
ExampleYeastColonies,4,16,1791502781.5965335,4006781,worker_0,W013,CorrectIlluminationCalculate,step_completed,success,21.052631578947366,4,19
ExampleYeastColonies,4,16,1791502781.5970817,4006781,worker_0,W013,CorrectIlluminationApply,step_started,started,21.052631578947366,4,19
ExampleYeastColonies,4,16,1791502781.6074958,4006781,worker_0,W013,CorrectIlluminationApply,pattern_group,running,100.0,1,1
ExampleYeastColonies,4,16,1791502781.6081083,4006781,worker_0,W013,CorrectIlluminationApply,step_completed,success,26.31578947368421,5,19
ExampleYeastColonies,4,16,1791502781.6086543,4006781,worker_0,W013,CorrectIlluminationApply,step_started,started,26.31578947368421,5,19
ExampleYeastColonies,4,16,1791502781.618034,4006781,worker_0,W013,CorrectIlluminationApply,pattern_group,running,100.0,1,1
ExampleYeastColonies,4,16,1791502781.6185305,4006781,worker_0,W013,CorrectIlluminationApply,step_completed,success,31.57894736842105,6,19
ExampleYeastColonies,4,16,1791502781.6190345,4006781,worker_0,W013,CorrectIlluminationApply,step_started,started,31.57894736842105,6,19
ExampleYeastColonies,4,16,1791502781.6295092,4006781,worker_0,W013,CorrectIlluminationApply,pattern_group,running,100.0,1,1
ExampleYeastColonies,4,16,1791502781.630184,4006781,worker_0,W013,CorrectIlluminationApply,step_completed,success,36.84210526315789,7,19
ExampleYeastColonies,4,16,1791502781.6306696,4006781,worker_0,W013,ImageMath,step_started,started,36.84210526315789,7,19
ExampleYeastColonies,4,16,1791502781.6352603,4006783,worker_2,W015,CorrectIlluminationCalculate,pattern_group,running,100.0,1,1
ExampleYeastColonies,4,16,1791502781.635939,4006783,worker_2,W015,CorrectIlluminationCalculate,step_completed,success,21.052631578947366,4,19
ExampleYeastColonies,4,16,1791502781.6363618,4006783,worker_2,W015,CorrectIlluminationApply,step_started,started,21.052631578947366,4,19
ExampleYeastColonies,4,16,1791502781.6497784,4006783,worker_2,W015,CorrectIlluminationApply,pattern_group,running,100.0,1,1
ExampleYeastColonies,4,16,1791502781.6504154,4006783,worker_2,W015,CorrectIlluminationApply,step_completed,success,26.31578947368421,5,19
ExampleYeastColonies,4,16,1791502781.6508224,4006783,worker_2,W015,CorrectIlluminationApply,step_started,started,26.31578947368421,5,19
ExampleYeastColonies,4,16,1791502781.6594877,4006781,worker_0,W013,ImageMath,pattern_group,running,100.0,1,1
ExampleYeastColonies,4,16,1791502781.6600688,4006781,worker_0,W013,ImageMath,step_completed,success,42.10526315789473,8,19
ExampleYeastColonies,4,16,1791502781.6605866,4006781,worker_0,W013,Align,step_started,started,42.10526315789473,8,19
ExampleYeastColonies,4,16,1791502781.661783,4006783,worker_2,W015,CorrectIlluminationApply,pattern_group,running,100.0,1,1
ExampleYeastColonies,4,16,1791502781.662097,4006783,worker_2,W015,CorrectIlluminationApply,step_completed,success,31.57894736842105,6,19
ExampleYeastColonies,4,16,1791502781.6625352,4006783,worker_2,W015,CorrectIlluminationApply,step_started,started,31.57894736842105,6,19
ExampleYeastColonies,4,16,1791502781.67419,4006783,worker_2,W015,CorrectIlluminationApply,pattern_group,running,100.0,1,1
ExampleYeastColonies,4,16,1791502781.6746316,4006783,worker_2,W015,CorrectIlluminationApply,step_completed,success,36.84210526315789,7,19
ExampleYeastColonies,4,16,1791502781.6750238,4006783,worker_2,W015,ImageMath,step_started,started,36.84210526315789,7,19
ExampleYeastColonies,4,16,1791502781.6762857,4006784,worker_3,W016,CorrectIlluminationCalculate,pattern_group,running,100.0,1,1
ExampleYeastColonies,4,16,1791502781.6772578,4006784,worker_3,W016,CorrectIlluminationCalculate,step_completed,success,21.052631578947366,4,19
ExampleYeastColonies,4,16,1791502781.6775212,4006784,worker_3,W016,CorrectIlluminationApply,step_started,started,21.052631578947366,4,19
ExampleYeastColonies,4,16,1791502781.696511,4006784,worker_3,W016,CorrectIlluminationApply,pattern_group,running,100.0,1,1
ExampleYeastColonies,4,16,1791502781.6972423,4006784,worker_3,W016,CorrectIlluminationApply,step_completed,success,26.31578947368421,5,19
ExampleYeastColonies,4,16,1791502781.6977904,4006784,worker_3,W016,CorrectIlluminationApply,step_started,started,26.31578947368421,5,19
ExampleYeastColonies,4,16,1791502781.7058969,4006783,worker_2,W015,ImageMath,pattern_group,running,100.0,1,1
ExampleYeastColonies,4,16,1791502781.7063215,4006783,worker_2,W015,ImageMath,step_completed,success,42.10526315789473,8,19
ExampleYeastColonies,4,16,1791502781.7067332,4006783,worker_2,W015,Align,step_started,started,42.10526315789473,8,19
ExampleYeastColonies,4,16,1791502781.7108495,4006784,worker_3,W016,CorrectIlluminationApply,pattern_group,running,100.0,1,1
ExampleYeastColonies,4,16,1791502781.7116,4006784,worker_3,W016,CorrectIlluminationApply,step_completed,success,31.57894736842105,6,19
ExampleYeastColonies,4,16,1791502781.7119823,4006784,worker_3,W016,CorrectIlluminationApply,step_started,started,31.57894736842105,6,19
ExampleYeastColonies,4,16,1791502781.7258334,4006784,worker_3,W016,CorrectIlluminationApply,pattern_group,running,100.0,1,1
ExampleYeastColonies,4,16,1791502781.7264462,4006784,worker_3,W016,CorrectIlluminationApply,step_completed,success,36.84210526315789,7,19
ExampleYeastColonies,4,16,1791502781.726999,4006784,worker_3,W016,ImageMath,step_started,started,36.84210526315789,7,19
ExampleYeastColonies,4,16,1791502781.7544863,4006784,worker_3,W016,ImageMath,pattern_group,running,100.0,1,1
ExampleYeastColonies,4,16,1791502781.754889,4006784,worker_3,W016,ImageMath,step_completed,success,42.10526315789473,8,19
ExampleYeastColonies,4,16,1791502781.7552605,4006784,worker_3,W016,Align,step_started,started,42.10526315789473,8,19
ExampleYeastColonies,4,16,1791502781.796645,4006782,worker_1,W014,Align,pattern_group,running,100.0,1,1
ExampleYeastColonies,4,16,1791502781.7973268,4006782,worker_1,W014,Align,step_completed,success,47.368421052631575,9,19
ExampleYeastColonies,4,16,1791502781.7978325,4006782,worker_1,W014,MaskImage,step_started,started,47.368421052631575,9,19
ExampleYeastColonies,4,16,1791502781.8099895,4006782,worker_1,W014,MaskImage,pattern_group,running,100.0,1,1
ExampleYeastColonies,4,16,1791502781.8106034,4006782,worker_1,W014,MaskImage,step_completed,success,52.63157894736842,10,19
ExampleYeastColonies,4,16,1791502781.8110852,4006782,worker_1,W014,MaskImage,step_started,started,52.63157894736842,10,19
ExampleYeastColonies,4,16,1791502781.8230438,4006782,worker_1,W014,MaskImage,pattern_group,running,100.0,1,1
ExampleYeastColonies,4,16,1791502781.8234632,4006782,worker_1,W014,MaskImage,step_completed,success,57.89473684210527,11,19
ExampleYeastColonies,4,16,1791502781.8238833,4006782,worker_1,W014,ImageMath,step_started,started,57.89473684210527,11,19
ExampleYeastColonies,4,16,1791502781.847604,4006782,worker_1,W014,ImageMath,pattern_group,running,100.0,1,1
ExampleYeastColonies,4,16,1791502781.84802,4006782,worker_1,W014,ImageMath,step_completed,success,63.1578947368421,12,19
ExampleYeastColonies,4,16,1791502781.848424,4006782,worker_1,W014,IdentifyPrimaryObjects,step_started,started,63.1578947368421,12,19
ExampleYeastColonies,4,16,1791502782.001983,4006781,worker_0,W013,Align,pattern_group,running,100.0,1,1
ExampleYeastColonies,4,16,1791502782.002715,4006781,worker_0,W013,Align,step_completed,success,47.368421052631575,9,19
ExampleYeastColonies,4,16,1791502782.0030644,4006781,worker_0,W013,MaskImage,step_started,started,47.368421052631575,9,19
ExampleYeastColonies,4,16,1791502782.00806,4006783,worker_2,W015,Align,pattern_group,running,100.0,1,1
ExampleYeastColonies,4,16,1791502782.0087233,4006783,worker_2,W015,Align,step_completed,success,47.368421052631575,9,19
ExampleYeastColonies,4,16,1791502782.0092537,4006783,worker_2,W015,MaskImage,step_started,started,47.368421052631575,9,19
ExampleYeastColonies,4,16,1791502782.0174701,4006781,worker_0,W013,MaskImage,pattern_group,running,100.0,1,1
ExampleYeastColonies,4,16,1791502782.0180829,4006781,worker_0,W013,MaskImage,step_completed,success,52.63157894736842,10,19
ExampleYeastColonies,4,16,1791502782.019658,4006781,worker_0,W013,MaskImage,step_started,started,52.63157894736842,10,19
ExampleYeastColonies,4,16,1791502782.0251968,4006783,worker_2,W015,MaskImage,pattern_group,running,100.0,1,1
ExampleYeastColonies,4,16,1791502782.0259166,4006783,worker_2,W015,MaskImage,step_completed,success,52.63157894736842,10,19
ExampleYeastColonies,4,16,1791502782.0264368,4006783,worker_2,W015,MaskImage,step_started,started,52.63157894736842,10,19
ExampleYeastColonies,4,16,1791502782.0331752,4006781,worker_0,W013,MaskImage,pattern_group,running,100.0,1,1
ExampleYeastColonies,4,16,1791502782.0336664,4006781,worker_0,W013,MaskImage,step_completed,success,57.89473684210527,11,19
ExampleYeastColonies,4,16,1791502782.033989,4006781,worker_0,W013,ImageMath,step_started,started,57.89473684210527,11,19
ExampleYeastColonies,4,16,1791502782.0428567,4006783,worker_2,W015,MaskImage,pattern_group,running,100.0,1,1
ExampleYeastColonies,4,16,1791502782.043346,4006783,worker_2,W015,MaskImage,step_completed,success,57.89473684210527,11,19
ExampleYeastColonies,4,16,1791502782.0438142,4006783,worker_2,W015,ImageMath,step_started,started,57.89473684210527,11,19
ExampleYeastColonies,4,16,1791502782.0571778,4006782,worker_1,W014,IdentifyPrimaryObjects,pattern_group,running,100.0,1,1
ExampleYeastColonies,4,16,1791502782.0579486,4006781,worker_0,W013,ImageMath,pattern_group,running,100.0,1,1
ExampleYeastColonies,4,16,1791502782.0579886,4006784,worker_3,W016,Align,pattern_group,running,100.0,1,1
ExampleYeastColonies,4,16,1791502782.0582137,4006782,worker_1,W014,IdentifyPrimaryObjects,step_completed,success,68.42105263157895,13,19
ExampleYeastColonies,4,16,1791502782.0586224,4006784,worker_3,W016,Align,step_completed,success,47.368421052631575,9,19
ExampleYeastColonies,4,16,1791502782.0589101,4006782,worker_1,W014,MeasureObjectIntensity,step_started,started,68.42105263157895,13,19
ExampleYeastColonies,4,16,1791502782.0590212,4006784,worker_3,W016,MaskImage,step_started,started,47.368421052631575,9,19
ExampleYeastColonies,4,16,1791502782.0599182,4006781,worker_0,W013,ImageMath,step_completed,success,63.1578947368421,12,19
ExampleYeastColonies,4,16,1791502782.0606282,4006781,worker_0,W013,IdentifyPrimaryObjects,step_started,started,63.1578947368421,12,19
ExampleYeastColonies,4,16,1791502782.0660057,4006783,worker_2,W015,ImageMath,pattern_group,running,100.0,1,1
ExampleYeastColonies,4,16,1791502782.0666194,4006783,worker_2,W015,ImageMath,step_completed,success,63.1578947368421,12,19
ExampleYeastColonies,4,16,1791502782.0670788,4006783,worker_2,W015,IdentifyPrimaryObjects,step_started,started,63.1578947368421,12,19
ExampleYeastColonies,4,16,1791502782.0769157,4006784,worker_3,W016,MaskImage,pattern_group,running,100.0,1,1
ExampleYeastColonies,4,16,1791502782.077427,4006784,worker_3,W016,MaskImage,step_completed,success,52.63157894736842,10,19
ExampleYeastColonies,4,16,1791502782.0779357,4006784,worker_3,W016,MaskImage,step_started,started,52.63157894736842,10,19
ExampleYeastColonies,4,16,1791502782.0920537,4006784,worker_3,W016,MaskImage,pattern_group,running,100.0,1,1
ExampleYeastColonies,4,16,1791502782.0926611,4006784,worker_3,W016,MaskImage,step_completed,success,57.89473684210527,11,19
ExampleYeastColonies,4,16,1791502782.0931377,4006784,worker_3,W016,ImageMath,step_started,started,57.89473684210527,11,19
ExampleYeastColonies,4,16,1791502782.1190443,4006784,worker_3,W016,ImageMath,pattern_group,running,100.0,1,1
ExampleYeastColonies,4,16,1791502782.1201117,4006784,worker_3,W016,ImageMath,step_completed,success,63.1578947368421,12,19
ExampleYeastColonies,4,16,1791502782.1207128,4006784,worker_3,W016,IdentifyPrimaryObjects,step_started,started,63.1578947368421,12,19
ExampleYeastColonies,4,16,1791502782.1345158,4006782,worker_1,W014,MeasureObjectIntensity,pattern_group,running,100.0,1,1
ExampleYeastColonies,4,16,1791502782.1356344,4006782,worker_1,W014,MeasureObjectIntensity,step_completed,success,73.68421052631578,14,19
ExampleYeastColonies,4,16,1791502782.1378105,4006782,worker_1,W014,MeasureObjectSizeShape,step_started,started,73.68421052631578,14,19
ExampleYeastColonies,4,16,1791502782.2683995,4006782,worker_1,W014,MeasureObjectSizeShape,pattern_group,running,100.0,1,1
ExampleYeastColonies,4,16,1791502782.2693684,4006782,worker_1,W014,MeasureObjectSizeShape,step_completed,success,78.94736842105263,15,19
ExampleYeastColonies,4,16,1791502782.2698572,4006782,worker_1,W014,ClassifyObjects,step_started,started,78.94736842105263,15,19
ExampleYeastColonies,4,16,1791502782.2831655,4006783,worker_2,W015,IdentifyPrimaryObjects,pattern_group,running,100.0,1,1
ExampleYeastColonies,4,16,1791502782.284059,4006783,worker_2,W015,IdentifyPrimaryObjects,step_completed,success,68.42105263157895,13,19
ExampleYeastColonies,4,16,1791502782.2847729,4006783,worker_2,W015,MeasureObjectIntensity,step_started,started,68.42105263157895,13,19
ExampleYeastColonies,4,16,1791502782.3187244,4006781,worker_0,W013,IdentifyPrimaryObjects,pattern_group,running,100.0,1,1
ExampleYeastColonies,4,16,1791502782.3200026,4006781,worker_0,W013,IdentifyPrimaryObjects,step_completed,success,68.42105263157895,13,19
ExampleYeastColonies,4,16,1791502782.320668,4006781,worker_0,W013,MeasureObjectIntensity,step_started,started,68.42105263157895,13,19
ExampleYeastColonies,4,16,1791502782.3334906,4006784,worker_3,W016,IdentifyPrimaryObjects,pattern_group,running,100.0,1,1
ExampleYeastColonies,4,16,1791502782.334659,4006784,worker_3,W016,IdentifyPrimaryObjects,step_completed,success,68.42105263157895,13,19
ExampleYeastColonies,4,16,1791502782.335376,4006784,worker_3,W016,MeasureObjectIntensity,step_started,started,68.42105263157895,13,19
ExampleYeastColonies,4,16,1791502782.3534417,4006783,worker_2,W015,MeasureObjectIntensity,pattern_group,running,100.0,1,1
ExampleYeastColonies,4,16,1791502782.3544903,4006783,worker_2,W015,MeasureObjectIntensity,step_completed,success,73.68421052631578,14,19
ExampleYeastColonies,4,16,1791502782.3564699,4006783,worker_2,W015,MeasureObjectSizeShape,step_started,started,73.68421052631578,14,19
ExampleYeastColonies,4,16,1791502782.393887,4006781,worker_0,W013,MeasureObjectIntensity,pattern_group,running,100.0,1,1
ExampleYeastColonies,4,16,1791502782.3951933,4006781,worker_0,W013,MeasureObjectIntensity,step_completed,success,73.68421052631578,14,19
ExampleYeastColonies,4,16,1791502782.3973062,4006781,worker_0,W013,MeasureObjectSizeShape,step_started,started,73.68421052631578,14,19
ExampleYeastColonies,4,16,1791502782.3993564,4006784,worker_3,W016,MeasureObjectIntensity,pattern_group,running,100.0,1,1
ExampleYeastColonies,4,16,1791502782.4004312,4006784,worker_3,W016,MeasureObjectIntensity,step_completed,success,73.68421052631578,14,19
ExampleYeastColonies,4,16,1791502782.4035919,4006784,worker_3,W016,MeasureObjectSizeShape,step_started,started,73.68421052631578,14,19
ExampleYeastColonies,4,16,1791502782.4205234,4006782,worker_1,W014,ClassifyObjects,pattern_group,running,100.0,1,1
ExampleYeastColonies,4,16,1791502782.4213579,4006782,worker_1,W014,ClassifyObjects,step_completed,success,84.21052631578947,16,19
ExampleYeastColonies,4,16,1791502782.4217737,4006782,worker_1,W014,OverlayOutlines,step_started,started,84.21052631578947,16,19
ExampleYeastColonies,4,16,1791502782.447686,4006783,worker_2,W015,MeasureObjectSizeShape,pattern_group,running,100.0,1,1
ExampleYeastColonies,4,16,1791502782.448705,4006783,worker_2,W015,MeasureObjectSizeShape,step_completed,success,78.94736842105263,15,19
ExampleYeastColonies,4,16,1791502782.4493194,4006783,worker_2,W015,ClassifyObjects,step_started,started,78.94736842105263,15,19
ExampleYeastColonies,4,16,1791502782.4622154,4006782,worker_1,W014,OverlayOutlines,pattern_group,running,100.0,1,1
ExampleYeastColonies,4,16,1791502782.4626627,4006782,worker_1,W014,OverlayOutlines,step_completed,success,89.47368421052632,17,19
ExampleYeastColonies,4,16,1791502782.4631472,4006782,worker_1,W014,SaveImages,step_started,started,89.47368421052632,17,19
ExampleYeastColonies,4,16,1791502782.4820614,4006782,worker_1,W014,SaveImages,pattern_group,running,100.0,1,1
ExampleYeastColonies,4,16,1791502782.5026739,4006784,worker_3,W016,MeasureObjectSizeShape,pattern_group,running,100.0,1,1
ExampleYeastColonies,4,16,1791502782.503828,4006784,worker_3,W016,MeasureObjectSizeShape,step_completed,success,78.94736842105263,15,19
ExampleYeastColonies,4,16,1791502782.5053012,4006784,worker_3,W016,ClassifyObjects,step_started,started,78.94736842105263,15,19
ExampleYeastColonies,4,16,1791502782.5116467,4006781,worker_0,W013,MeasureObjectSizeShape,pattern_group,running,100.0,1,1
ExampleYeastColonies,4,16,1791502782.51264,4006781,worker_0,W013,MeasureObjectSizeShape,step_completed,success,78.94736842105263,15,19
ExampleYeastColonies,4,16,1791502782.5131648,4006781,worker_0,W013,ClassifyObjects,step_started,started,78.94736842105263,15,19
ExampleYeastColonies,4,16,1791502782.5301282,4006782,worker_1,W014,SaveImages,step_completed,success,94.73684210526315,18,19
ExampleYeastColonies,4,16,1791502782.5311384,4006782,worker_1,W014,pipeline,axis_completed,success,94.73684210526315,18,19
ExampleYeastColonies,4,16,1791502782.5833788,4006783,worker_2,W015,ClassifyObjects,pattern_group,running,100.0,1,1
ExampleYeastColonies,4,16,1791502782.5842159,4006783,worker_2,W015,ClassifyObjects,step_completed,success,84.21052631578947,16,19
ExampleYeastColonies,4,16,1791502782.5845149,4006783,worker_2,W015,OverlayOutlines,step_started,started,84.21052631578947,16,19
ExampleYeastColonies,4,16,1791502782.6193345,4006783,worker_2,W015,OverlayOutlines,pattern_group,running,100.0,1,1
ExampleYeastColonies,4,16,1791502782.6196415,4006783,worker_2,W015,OverlayOutlines,step_completed,success,89.47368421052632,17,19
ExampleYeastColonies,4,16,1791502782.6240842,4006783,worker_2,W015,SaveImages,step_started,started,89.47368421052632,17,19
ExampleYeastColonies,4,16,1791502782.6321497,4006784,worker_3,W016,ClassifyObjects,pattern_group,running,100.0,1,1
ExampleYeastColonies,4,16,1791502782.6328907,4006784,worker_3,W016,ClassifyObjects,step_completed,success,84.21052631578947,16,19
ExampleYeastColonies,4,16,1791502782.6331697,4006784,worker_3,W016,OverlayOutlines,step_started,started,84.21052631578947,16,19
ExampleYeastColonies,4,16,1791502782.6446977,4006783,worker_2,W015,SaveImages,pattern_group,running,100.0,1,1
ExampleYeastColonies,4,16,1791502782.6529725,4006781,worker_0,W013,ClassifyObjects,pattern_group,running,100.0,1,1
ExampleYeastColonies,4,16,1791502782.6537228,4006781,worker_0,W013,ClassifyObjects,step_completed,success,84.21052631578947,16,19
ExampleYeastColonies,4,16,1791502782.6540039,4006781,worker_0,W013,OverlayOutlines,step_started,started,84.21052631578947,16,19
ExampleYeastColonies,4,16,1791502782.6712596,4006784,worker_3,W016,OverlayOutlines,pattern_group,running,100.0,1,1
ExampleYeastColonies,4,16,1791502782.6715686,4006784,worker_3,W016,OverlayOutlines,step_completed,success,89.47368421052632,17,19
ExampleYeastColonies,4,16,1791502782.6767693,4006784,worker_3,W016,SaveImages,step_started,started,89.47368421052632,17,19
ExampleYeastColonies,4,16,1791502782.6875577,4006783,worker_2,W015,SaveImages,step_completed,success,94.73684210526315,18,19
ExampleYeastColonies,4,16,1791502782.68825,4006783,worker_2,W015,pipeline,axis_completed,success,94.73684210526315,18,19
ExampleYeastColonies,4,16,1791502782.6906722,4006781,worker_0,W013,OverlayOutlines,pattern_group,running,100.0,1,1
ExampleYeastColonies,4,16,1791502782.691026,4006781,worker_0,W013,OverlayOutlines,step_completed,success,89.47368421052632,17,19
ExampleYeastColonies,4,16,1791502782.6915488,4006781,worker_0,W013,SaveImages,step_started,started,89.47368421052632,17,19
ExampleYeastColonies,4,16,1791502782.6951315,4006784,worker_3,W016,SaveImages,pattern_group,running,100.0,1,1
ExampleYeastColonies,4,16,1791502782.7108889,4006781,worker_0,W013,SaveImages,pattern_group,running,100.0,1,1
ExampleYeastColonies,4,16,1791502782.7382782,4006784,worker_3,W016,SaveImages,step_completed,success,94.73684210526315,18,19
ExampleYeastColonies,4,16,1791502782.738908,4006784,worker_3,W016,pipeline,axis_completed,success,94.73684210526315,18,19
ExampleYeastColonies,4,16,1791502782.7538338,4006781,worker_0,W013,SaveImages,step_completed,success,94.73684210526315,18,19
ExampleYeastColonies,4,16,1791502782.754633,4006781,worker_0,W013,pipeline,axis_completed,success,94.73684210526315,18,19
ExampleYeastColonies,4,16,1791502782.8005717,4005901,,,ExportToSpreadsheet,step_started,started,94.73684210526315,18,19
ExampleYeastColonies,4,16,1791502783.7508442,4005901,,,ExportToSpreadsheet,step_completed,success,100.0,19,19
ExampleYeastColonies,4,16,1791502783.7622645,4005901,,,pipeline,success,success,100.0,19,19
