case_name,worker_count,well_count,timestamp,pid,worker_slot,axis_id,step_name,phase,status,percent,completed,total
cp_tutorial_3d_monolayer,1,16,1791301810.2260337,1392522,,,pipeline,compile,started,0.0,0,31
cp_tutorial_3d_monolayer,1,16,1791301811.273615,1392522,,,,init,started,0.0,0,1
cp_tutorial_3d_monolayer,1,16,1791301811.8424122,1392522,,W001,compilation,compile,running,6.25,1,16
cp_tutorial_3d_monolayer,1,16,1791301811.8966475,1392522,,W002,compilation,compile,running,12.5,2,16
cp_tutorial_3d_monolayer,1,16,1791301811.951237,1392522,,W003,compilation,compile,running,18.75,3,16
cp_tutorial_3d_monolayer,1,16,1791301812.00522,1392522,,W004,compilation,compile,running,25.0,4,16
cp_tutorial_3d_monolayer,1,16,1791301812.0578039,1392522,,W005,compilation,compile,running,31.25,5,16
cp_tutorial_3d_monolayer,1,16,1791301812.1105309,1392522,,W006,compilation,compile,running,37.5,6,16
cp_tutorial_3d_monolayer,1,16,1791301812.1646545,1392522,,W007,compilation,compile,running,43.75,7,16
cp_tutorial_3d_monolayer,1,16,1791301812.2197762,1392522,,W008,compilation,compile,running,50.0,8,16
cp_tutorial_3d_monolayer,1,16,1791301812.2737586,1392522,,W009,compilation,compile,running,56.25,9,16
cp_tutorial_3d_monolayer,1,16,1791301812.3270514,1392522,,W010,compilation,compile,running,62.5,10,16
cp_tutorial_3d_monolayer,1,16,1791301812.3806524,1392522,,W011,compilation,compile,running,68.75,11,16
cp_tutorial_3d_monolayer,1,16,1791301812.4337401,1392522,,W012,compilation,compile,running,75.0,12,16
cp_tutorial_3d_monolayer,1,16,1791301812.4874024,1392522,,W013,compilation,compile,running,81.25,13,16
cp_tutorial_3d_monolayer,1,16,1791301812.5416806,1392522,,W014,compilation,compile,running,87.5,14,16
cp_tutorial_3d_monolayer,1,16,1791301812.5947149,1392522,,W015,compilation,compile,running,93.75,15,16
cp_tutorial_3d_monolayer,1,16,1791301812.6491034,1392522,,W016,compilation,compile,running,100.0,16,16
cp_tutorial_3d_monolayer,1,16,1791301812.743168,1392522,,,,init,started,0.0,0,1
cp_tutorial_3d_monolayer,1,16,1791301812.7432594,1392522,,,pipeline,compile,success,100.0,1,31
cp_tutorial_3d_monolayer,1,16,1791301812.7433188,1392522,,W001,compilation,compile,success,100.0,1,1
cp_tutorial_3d_monolayer,1,16,1791301812.743348,1392522,,W002,compilation,compile,success,100.0,1,1
cp_tutorial_3d_monolayer,1,16,1791301812.7433736,1392522,,W003,compilation,compile,success,100.0,1,1
cp_tutorial_3d_monolayer,1,16,1791301812.7433984,1392522,,W004,compilation,compile,success,100.0,1,1
cp_tutorial_3d_monolayer,1,16,1791301812.7434227,1392522,,W005,compilation,compile,success,100.0,1,1
cp_tutorial_3d_monolayer,1,16,1791301812.7434468,1392522,,W006,compilation,compile,success,100.0,1,1
cp_tutorial_3d_monolayer,1,16,1791301812.7434697,1392522,,W007,compilation,compile,success,100.0,1,1
cp_tutorial_3d_monolayer,1,16,1791301812.7434928,1392522,,W008,compilation,compile,success,100.0,1,1
cp_tutorial_3d_monolayer,1,16,1791301812.7435162,1392522,,W009,compilation,compile,success,100.0,1,1
cp_tutorial_3d_monolayer,1,16,1791301812.743539,1392522,,W010,compilation,compile,success,100.0,1,1
cp_tutorial_3d_monolayer,1,16,1791301812.7435625,1392522,,W011,compilation,compile,success,100.0,1,1
cp_tutorial_3d_monolayer,1,16,1791301812.7435853,1392522,,W012,compilation,compile,success,100.0,1,1
cp_tutorial_3d_monolayer,1,16,1791301812.743608,1392522,,W013,compilation,compile,success,100.0,1,1
cp_tutorial_3d_monolayer,1,16,1791301812.7436311,1392522,,W014,compilation,compile,success,100.0,1,1
cp_tutorial_3d_monolayer,1,16,1791301812.7436545,1392522,,W015,compilation,compile,success,100.0,1,1
cp_tutorial_3d_monolayer,1,16,1791301812.7436774,1392522,,W016,compilation,compile,success,100.0,1,1
cp_tutorial_3d_monolayer,1,16,1791301812.7977118,1392522,,,,init,started,0.0,0,1
cp_tutorial_3d_monolayer,1,16,1791301812.8192747,1392522,worker_0,W001,pipeline,axis_started,started,0.0,0,31
cp_tutorial_3d_monolayer,1,16,1791301812.8194127,1392522,worker_0,W001,RescaleIntensity,step_started,started,0.0,0,31
cp_tutorial_3d_monolayer,1,16,1791301813.1050737,1392522,worker_0,W001,RescaleIntensity,pattern_group,running,100.0,1,1
cp_tutorial_3d_monolayer,1,16,1791301813.10522,1392522,worker_0,W001,RescaleIntensity,step_completed,success,3.225806451612903,1,31
cp_tutorial_3d_monolayer,1,16,1791301813.105241,1392522,worker_0,W001,Resize,step_started,started,3.225806451612903,1,31
cp_tutorial_3d_monolayer,1,16,1791301813.1610093,1392522,worker_0,W001,Resize,pattern_group,running,100.0,1,1
cp_tutorial_3d_monolayer,1,16,1791301813.1611488,1392522,worker_0,W001,Resize,step_completed,success,6.451612903225806,2,31
cp_tutorial_3d_monolayer,1,16,1791301813.1611686,1392522,worker_0,W001,MedianFilter,step_started,started,6.451612903225806,2,31
cp_tutorial_3d_monolayer,1,16,1791301813.3266215,1392522,worker_0,W001,MedianFilter,pattern_group,running,100.0,1,1
cp_tutorial_3d_monolayer,1,16,1791301813.326757,1392522,worker_0,W001,MedianFilter,step_completed,success,9.67741935483871,3,31
cp_tutorial_3d_monolayer,1,16,1791301813.3267777,1392522,worker_0,W001,Threshold,step_started,started,9.67741935483871,3,31
cp_tutorial_3d_monolayer,1,16,1791301813.3640935,1392522,worker_0,W001,Threshold,pattern_group,running,100.0,1,1
cp_tutorial_3d_monolayer,1,16,1791301813.3645878,1392522,worker_0,W001,Threshold,step_completed,success,12.903225806451612,4,31
cp_tutorial_3d_monolayer,1,16,1791301813.3646162,1392522,worker_0,W001,RemoveHoles,step_started,started,12.903225806451612,4,31
cp_tutorial_3d_monolayer,1,16,1791301813.380942,1392522,worker_0,W001,RemoveHoles,pattern_group,running,100.0,1,1
cp_tutorial_3d_monolayer,1,16,1791301813.3810823,1392522,worker_0,W001,RemoveHoles,step_completed,success,16.129032258064516,5,31
cp_tutorial_3d_monolayer,1,16,1791301813.3811026,1392522,worker_0,W001,Watershed,step_started,started,16.129032258064516,5,31
cp_tutorial_3d_monolayer,1,16,1791301813.4727347,1392522,worker_0,W001,Watershed,pattern_group,running,100.0,1,1
cp_tutorial_3d_monolayer,1,16,1791301813.4731114,1392522,worker_0,W001,Watershed,step_completed,success,19.35483870967742,6,31
cp_tutorial_3d_monolayer,1,16,1791301813.4731314,1392522,worker_0,W001,ResizeObjects,step_started,started,19.35483870967742,6,31
cp_tutorial_3d_monolayer,1,16,1791301813.5005522,1392522,worker_0,W001,ResizeObjects,pattern_group,running,100.0,1,1
cp_tutorial_3d_monolayer,1,16,1791301813.501023,1392522,worker_0,W001,ResizeObjects,step_completed,success,22.58064516129032,7,31
cp_tutorial_3d_monolayer,1,16,1791301813.5010455,1392522,worker_0,W001,ErodeObjects,step_started,started,22.58064516129032,7,31
cp_tutorial_3d_monolayer,1,16,1791301813.5577772,1392522,worker_0,W001,ErodeObjects,pattern_group,running,100.0,1,1
cp_tutorial_3d_monolayer,1,16,1791301813.5582306,1392522,worker_0,W001,ErodeObjects,step_completed,success,25.806451612903224,8,31
cp_tutorial_3d_monolayer,1,16,1791301813.558255,1392522,worker_0,W001,ResizeObjects,step_started,started,25.806451612903224,8,31
cp_tutorial_3d_monolayer,1,16,1791301813.5817742,1392522,worker_0,W001,ResizeObjects,pattern_group,running,100.0,1,1
cp_tutorial_3d_monolayer,1,16,1791301813.582244,1392522,worker_0,W001,ResizeObjects,step_completed,success,29.03225806451613,9,31
cp_tutorial_3d_monolayer,1,16,1791301813.5822752,1392522,worker_0,W001,ConvertObjectsToImage,step_started,started,29.03225806451613,9,31
cp_tutorial_3d_monolayer,1,16,1791301813.600533,1392522,worker_0,W001,ConvertObjectsToImage,pattern_group,running,100.0,1,1
cp_tutorial_3d_monolayer,1,16,1791301813.6006796,1392522,worker_0,W001,ConvertObjectsToImage,step_completed,success,32.25806451612903,10,31
cp_tutorial_3d_monolayer,1,16,1791301813.6007018,1392522,worker_0,W001,Threshold,step_started,started,32.25806451612903,10,31
cp_tutorial_3d_monolayer,1,16,1791301813.7960532,1392522,worker_0,W001,Threshold,pattern_group,running,100.0,1,1
cp_tutorial_3d_monolayer,1,16,1791301813.7963128,1392522,worker_0,W001,Threshold,step_completed,success,35.483870967741936,11,31
cp_tutorial_3d_monolayer,1,16,1791301813.7963364,1392522,worker_0,W001,ImageMath,step_started,started,35.483870967741936,11,31
cp_tutorial_3d_monolayer,1,16,1791301813.8279648,1392522,worker_0,W001,ImageMath,pattern_group,running,100.0,1,1
cp_tutorial_3d_monolayer,1,16,1791301813.8281229,1392522,worker_0,W001,ImageMath,step_completed,success,38.70967741935484,12,31
cp_tutorial_3d_monolayer,1,16,1791301813.828148,1392522,worker_0,W001,RemoveHoles,step_started,started,38.70967741935484,12,31
cp_tutorial_3d_monolayer,1,16,1791301813.8734834,1392522,worker_0,W001,RemoveHoles,pattern_group,running,100.0,1,1
cp_tutorial_3d_monolayer,1,16,1791301813.873632,1392522,worker_0,W001,RemoveHoles,step_completed,success,41.935483870967744,13,31
cp_tutorial_3d_monolayer,1,16,1791301813.873655,1392522,worker_0,W001,ImageMath,step_started,started,41.935483870967744,13,31
cp_tutorial_3d_monolayer,1,16,1791301814.1516988,1392522,worker_0,W001,ImageMath,pattern_group,running,100.0,1,1
cp_tutorial_3d_monolayer,1,16,1791301814.1518612,1392522,worker_0,W001,ImageMath,step_completed,success,45.16129032258064,14,31
cp_tutorial_3d_monolayer,1,16,1791301814.1518826,1392522,worker_0,W001,Resize,step_started,started,45.16129032258064,14,31
cp_tutorial_3d_monolayer,1,16,1791301814.21429,1392522,worker_0,W001,Resize,pattern_group,running,100.0,1,1
cp_tutorial_3d_monolayer,1,16,1791301814.2144265,1392522,worker_0,W001,Resize,step_completed,success,48.38709677419355,15,31
cp_tutorial_3d_monolayer,1,16,1791301814.214447,1392522,worker_0,W001,Closing,step_started,started,48.38709677419355,15,31
cp_tutorial_3d_monolayer,1,16,1791301814.2917237,1392522,worker_0,W001,Closing,pattern_group,running,100.0,1,1
cp_tutorial_3d_monolayer,1,16,1791301814.2918553,1392522,worker_0,W001,Closing,step_completed,success,51.61290322580645,16,31
cp_tutorial_3d_monolayer,1,16,1791301814.2918758,1392522,worker_0,W001,Resize,step_started,started,51.61290322580645,16,31
cp_tutorial_3d_monolayer,1,16,1791301814.3408113,1392522,worker_0,W001,Resize,pattern_group,running,100.0,1,1
cp_tutorial_3d_monolayer,1,16,1791301814.340952,1392522,worker_0,W001,Resize,step_completed,success,54.83870967741935,17,31
cp_tutorial_3d_monolayer,1,16,1791301814.340972,1392522,worker_0,W001,Threshold,step_started,started,54.83870967741935,17,31
cp_tutorial_3d_monolayer,1,16,1791301814.5041964,1392522,worker_0,W001,Threshold,pattern_group,running,100.0,1,1
cp_tutorial_3d_monolayer,1,16,1791301814.5044425,1392522,worker_0,W001,Threshold,step_completed,success,58.06451612903226,18,31
cp_tutorial_3d_monolayer,1,16,1791301814.504463,1392522,worker_0,W001,MaskImage,step_started,started,58.06451612903226,18,31
cp_tutorial_3d_monolayer,1,16,1791301814.550128,1392522,worker_0,W001,MaskImage,pattern_group,running,100.0,1,1
cp_tutorial_3d_monolayer,1,16,1791301814.5502825,1392522,worker_0,W001,MaskImage,step_completed,success,61.29032258064516,19,31
cp_tutorial_3d_monolayer,1,16,1791301814.5503044,1392522,worker_0,W001,ErodeImage,step_started,started,61.29032258064516,19,31
cp_tutorial_3d_monolayer,1,16,1791301814.581817,1392522,worker_0,W001,ErodeImage,pattern_group,running,100.0,1,1
cp_tutorial_3d_monolayer,1,16,1791301814.5819616,1392522,worker_0,W001,ErodeImage,step_completed,success,64.51612903225806,20,31
cp_tutorial_3d_monolayer,1,16,1791301814.5819836,1392522,worker_0,W001,Watershed,step_started,started,64.51612903225806,20,31
cp_tutorial_3d_monolayer,1,16,1791301814.667213,1392522,worker_0,W001,Watershed,pattern_group,running,100.0,1,1
cp_tutorial_3d_monolayer,1,16,1791301814.6676064,1392522,worker_0,W001,Watershed,step_completed,success,67.74193548387096,21,31
cp_tutorial_3d_monolayer,1,16,1791301814.6676276,1392522,worker_0,W001,MeasureObjectIntensity,step_started,started,67.74193548387096,21,31
cp_tutorial_3d_monolayer,1,16,1791301814.9904127,1392522,worker_0,W001,MeasureObjectIntensity,pattern_group,running,50.0,1,2
cp_tutorial_3d_monolayer,1,16,1791301815.2673533,1392522,worker_0,W001,MeasureObjectIntensity,pattern_group,running,100.0,2,2
cp_tutorial_3d_monolayer,1,16,1791301815.2695699,1392522,worker_0,W001,MeasureObjectIntensity,step_completed,success,70.96774193548387,22,31
cp_tutorial_3d_monolayer,1,16,1791301815.269594,1392522,worker_0,W001,MeasureObjectSizeShape,step_started,started,70.96774193548387,22,31
cp_tutorial_3d_monolayer,1,16,1791301815.3663456,1392522,worker_0,W001,MeasureObjectSizeShape,pattern_group,running,50.0,1,2
cp_tutorial_3d_monolayer,1,16,1791301815.4609556,1392522,worker_0,W001,MeasureObjectSizeShape,pattern_group,running,100.0,2,2
cp_tutorial_3d_monolayer,1,16,1791301815.461566,1392522,worker_0,W001,MeasureObjectSizeShape,step_completed,success,74.19354838709677,23,31
cp_tutorial_3d_monolayer,1,16,1791301815.4615898,1392522,worker_0,W001,OverlayObjects,step_started,started,74.19354838709677,23,31
cp_tutorial_3d_monolayer,1,16,1791301815.5002108,1392522,worker_0,W001,OverlayObjects,pattern_group,running,100.0,1,1
cp_tutorial_3d_monolayer,1,16,1791301815.500331,1392522,worker_0,W001,OverlayObjects,step_completed,success,77.41935483870968,24,31
cp_tutorial_3d_monolayer,1,16,1791301815.5003526,1392522,worker_0,W001,RescaleIntensity,step_started,started,77.41935483870968,24,31
cp_tutorial_3d_monolayer,1,16,1791301815.6043034,1392522,worker_0,W001,RescaleIntensity,pattern_group,running,100.0,1,1
cp_tutorial_3d_monolayer,1,16,1791301815.6044774,1392522,worker_0,W001,RescaleIntensity,step_completed,success,80.64516129032258,25,31
cp_tutorial_3d_monolayer,1,16,1791301815.6044998,1392522,worker_0,W001,OverlayObjects,step_started,started,80.64516129032258,25,31
cp_tutorial_3d_monolayer,1,16,1791301815.6415284,1392522,worker_0,W001,OverlayObjects,pattern_group,running,100.0,1,1
cp_tutorial_3d_monolayer,1,16,1791301815.6416304,1392522,worker_0,W001,OverlayObjects,step_completed,success,83.87096774193549,26,31
cp_tutorial_3d_monolayer,1,16,1791301815.6416514,1392522,worker_0,W001,ConvertObjectsToImage,step_started,started,83.87096774193549,26,31
cp_tutorial_3d_monolayer,1,16,1791301815.6745863,1392522,worker_0,W001,ConvertObjectsToImage,pattern_group,running,100.0,1,1
cp_tutorial_3d_monolayer,1,16,1791301815.674734,1392522,worker_0,W001,ConvertObjectsToImage,step_completed,success,87.09677419354838,27,31
cp_tutorial_3d_monolayer,1,16,1791301815.6747563,1392522,worker_0,W001,SaveImages,step_started,started,87.09677419354838,27,31
cp_tutorial_3d_monolayer,1,16,1791301815.723219,1392522,worker_0,W001,SaveImages,pattern_group,running,100.0,1,1
cp_tutorial_3d_monolayer,1,16,1791301815.7301865,1392522,worker_0,W001,SaveImages,step_completed,success,90.32258064516128,28,31
cp_tutorial_3d_monolayer,1,16,1791301815.730229,1392522,worker_0,W001,ConvertObjectsToImage,step_started,started,90.32258064516128,28,31
cp_tutorial_3d_monolayer,1,16,1791301815.763086,1392522,worker_0,W001,ConvertObjectsToImage,pattern_group,running,100.0,1,1
cp_tutorial_3d_monolayer,1,16,1791301815.7632627,1392522,worker_0,W001,ConvertObjectsToImage,step_completed,success,93.54838709677419,29,31
cp_tutorial_3d_monolayer,1,16,1791301815.763291,1392522,worker_0,W001,SaveImages,step_started,started,93.54838709677419,29,31
cp_tutorial_3d_monolayer,1,16,1791301815.8122435,1392522,worker_0,W001,SaveImages,pattern_group,running,100.0,1,1
cp_tutorial_3d_monolayer,1,16,1791301815.8185952,1392522,worker_0,W001,SaveImages,step_completed,success,96.7741935483871,30,31
cp_tutorial_3d_monolayer,1,16,1791301815.8216474,1392522,worker_0,W001,pipeline,axis_completed,success,96.7741935483871,30,31
cp_tutorial_3d_monolayer,1,16,1791301815.82172,1392522,worker_0,W002,pipeline,axis_started,started,0.0,0,31
cp_tutorial_3d_monolayer,1,16,1791301815.8217502,1392522,worker_0,W002,RescaleIntensity,step_started,started,0.0,0,31
cp_tutorial_3d_monolayer,1,16,1791301816.1061547,1392522,worker_0,W002,RescaleIntensity,pattern_group,running,100.0,1,1
cp_tutorial_3d_monolayer,1,16,1791301816.1063075,1392522,worker_0,W002,RescaleIntensity,step_completed,success,3.225806451612903,1,31
cp_tutorial_3d_monolayer,1,16,1791301816.1063292,1392522,worker_0,W002,Resize,step_started,started,3.225806451612903,1,31
cp_tutorial_3d_monolayer,1,16,1791301816.1626303,1392522,worker_0,W002,Resize,pattern_group,running,100.0,1,1
cp_tutorial_3d_monolayer,1,16,1791301816.1627681,1392522,worker_0,W002,Resize,step_completed,success,6.451612903225806,2,31
cp_tutorial_3d_monolayer,1,16,1791301816.1627893,1392522,worker_0,W002,MedianFilter,step_started,started,6.451612903225806,2,31
cp_tutorial_3d_monolayer,1,16,1791301816.3287876,1392522,worker_0,W002,MedianFilter,pattern_group,running,100.0,1,1
cp_tutorial_3d_monolayer,1,16,1791301816.3289247,1392522,worker_0,W002,MedianFilter,step_completed,success,9.67741935483871,3,31
cp_tutorial_3d_monolayer,1,16,1791301816.3289454,1392522,worker_0,W002,Threshold,step_started,started,9.67741935483871,3,31
cp_tutorial_3d_monolayer,1,16,1791301816.366142,1392522,worker_0,W002,Threshold,pattern_group,running,100.0,1,1
cp_tutorial_3d_monolayer,1,16,1791301816.3663912,1392522,worker_0,W002,Threshold,step_completed,success,12.903225806451612,4,31
cp_tutorial_3d_monolayer,1,16,1791301816.366413,1392522,worker_0,W002,RemoveHoles,step_started,started,12.903225806451612,4,31
cp_tutorial_3d_monolayer,1,16,1791301816.3826942,1392522,worker_0,W002,RemoveHoles,pattern_group,running,100.0,1,1
cp_tutorial_3d_monolayer,1,16,1791301816.3828413,1392522,worker_0,W002,RemoveHoles,step_completed,success,16.129032258064516,5,31
cp_tutorial_3d_monolayer,1,16,1791301816.382862,1392522,worker_0,W002,Watershed,step_started,started,16.129032258064516,5,31
cp_tutorial_3d_monolayer,1,16,1791301816.4744449,1392522,worker_0,W002,Watershed,pattern_group,running,100.0,1,1
cp_tutorial_3d_monolayer,1,16,1791301816.4748228,1392522,worker_0,W002,Watershed,step_completed,success,19.35483870967742,6,31
cp_tutorial_3d_monolayer,1,16,1791301816.474844,1392522,worker_0,W002,ResizeObjects,step_started,started,19.35483870967742,6,31
cp_tutorial_3d_monolayer,1,16,1791301816.501098,1392522,worker_0,W002,ResizeObjects,pattern_group,running,100.0,1,1
cp_tutorial_3d_monolayer,1,16,1791301816.501578,1392522,worker_0,W002,ResizeObjects,step_completed,success,22.58064516129032,7,31
cp_tutorial_3d_monolayer,1,16,1791301816.5016005,1392522,worker_0,W002,ErodeObjects,step_started,started,22.58064516129032,7,31
cp_tutorial_3d_monolayer,1,16,1791301816.5583537,1392522,worker_0,W002,ErodeObjects,pattern_group,running,100.0,1,1
cp_tutorial_3d_monolayer,1,16,1791301816.5589,1392522,worker_0,W002,ErodeObjects,step_completed,success,25.806451612903224,8,31
cp_tutorial_3d_monolayer,1,16,1791301816.5589335,1392522,worker_0,W002,ResizeObjects,step_started,started,25.806451612903224,8,31
cp_tutorial_3d_monolayer,1,16,1791301816.5827098,1392522,worker_0,W002,ResizeObjects,pattern_group,running,100.0,1,1
cp_tutorial_3d_monolayer,1,16,1791301816.583182,1392522,worker_0,W002,ResizeObjects,step_completed,success,29.03225806451613,9,31
cp_tutorial_3d_monolayer,1,16,1791301816.5832057,1392522,worker_0,W002,ConvertObjectsToImage,step_started,started,29.03225806451613,9,31
cp_tutorial_3d_monolayer,1,16,1791301816.6015866,1392522,worker_0,W002,ConvertObjectsToImage,pattern_group,running,100.0,1,1
cp_tutorial_3d_monolayer,1,16,1791301816.6017373,1392522,worker_0,W002,ConvertObjectsToImage,step_completed,success,32.25806451612903,10,31
cp_tutorial_3d_monolayer,1,16,1791301816.6017597,1392522,worker_0,W002,Threshold,step_started,started,32.25806451612903,10,31
cp_tutorial_3d_monolayer,1,16,1791301816.7930312,1392522,worker_0,W002,Threshold,pattern_group,running,100.0,1,1
cp_tutorial_3d_monolayer,1,16,1791301816.7932873,1392522,worker_0,W002,Threshold,step_completed,success,35.483870967741936,11,31
cp_tutorial_3d_monolayer,1,16,1791301816.7933102,1392522,worker_0,W002,ImageMath,step_started,started,35.483870967741936,11,31
cp_tutorial_3d_monolayer,1,16,1791301816.8247461,1392522,worker_0,W002,ImageMath,pattern_group,running,100.0,1,1
cp_tutorial_3d_monolayer,1,16,1791301816.824894,1392522,worker_0,W002,ImageMath,step_completed,success,38.70967741935484,12,31
cp_tutorial_3d_monolayer,1,16,1791301816.8249161,1392522,worker_0,W002,RemoveHoles,step_started,started,38.70967741935484,12,31
cp_tutorial_3d_monolayer,1,16,1791301816.8696954,1392522,worker_0,W002,RemoveHoles,pattern_group,running,100.0,1,1
cp_tutorial_3d_monolayer,1,16,1791301816.8698394,1392522,worker_0,W002,RemoveHoles,step_completed,success,41.935483870967744,13,31
cp_tutorial_3d_monolayer,1,16,1791301816.8698616,1392522,worker_0,W002,ImageMath,step_started,started,41.935483870967744,13,31
cp_tutorial_3d_monolayer,1,16,1791301817.1496305,1392522,worker_0,W002,ImageMath,pattern_group,running,100.0,1,1
cp_tutorial_3d_monolayer,1,16,1791301817.1497788,1392522,worker_0,W002,ImageMath,step_completed,success,45.16129032258064,14,31
cp_tutorial_3d_monolayer,1,16,1791301817.1497998,1392522,worker_0,W002,Resize,step_started,started,45.16129032258064,14,31
cp_tutorial_3d_monolayer,1,16,1791301817.2093973,1392522,worker_0,W002,Resize,pattern_group,running,100.0,1,1
cp_tutorial_3d_monolayer,1,16,1791301817.2095346,1392522,worker_0,W002,Resize,step_completed,success,48.38709677419355,15,31
cp_tutorial_3d_monolayer,1,16,1791301817.209555,1392522,worker_0,W002,Closing,step_started,started,48.38709677419355,15,31
cp_tutorial_3d_monolayer,1,16,1791301817.2868984,1392522,worker_0,W002,Closing,pattern_group,running,100.0,1,1
cp_tutorial_3d_monolayer,1,16,1791301817.2870362,1392522,worker_0,W002,Closing,step_completed,success,51.61290322580645,16,31
cp_tutorial_3d_monolayer,1,16,1791301817.2870564,1392522,worker_0,W002,Resize,step_started,started,51.61290322580645,16,31
cp_tutorial_3d_monolayer,1,16,1791301817.3359363,1392522,worker_0,W002,Resize,pattern_group,running,100.0,1,1
cp_tutorial_3d_monolayer,1,16,1791301817.3360755,1392522,worker_0,W002,Resize,step_completed,success,54.83870967741935,17,31
cp_tutorial_3d_monolayer,1,16,1791301817.3360968,1392522,worker_0,W002,Threshold,step_started,started,54.83870967741935,17,31
cp_tutorial_3d_monolayer,1,16,1791301817.4981472,1392522,worker_0,W002,Threshold,pattern_group,running,100.0,1,1
cp_tutorial_3d_monolayer,1,16,1791301817.4983919,1392522,worker_0,W002,Threshold,step_completed,success,58.06451612903226,18,31
cp_tutorial_3d_monolayer,1,16,1791301817.4984124,1392522,worker_0,W002,MaskImage,step_started,started,58.06451612903226,18,31
cp_tutorial_3d_monolayer,1,16,1791301817.5440576,1392522,worker_0,W002,MaskImage,pattern_group,running,100.0,1,1
cp_tutorial_3d_monolayer,1,16,1791301817.544208,1392522,worker_0,W002,MaskImage,step_completed,success,61.29032258064516,19,31
cp_tutorial_3d_monolayer,1,16,1791301817.5442293,1392522,worker_0,W002,ErodeImage,step_started,started,61.29032258064516,19,31
cp_tutorial_3d_monolayer,1,16,1791301817.5752952,1392522,worker_0,W002,ErodeImage,pattern_group,running,100.0,1,1
cp_tutorial_3d_monolayer,1,16,1791301817.5754378,1392522,worker_0,W002,ErodeImage,step_completed,success,64.51612903225806,20,31
cp_tutorial_3d_monolayer,1,16,1791301817.5754585,1392522,worker_0,W002,Watershed,step_started,started,64.51612903225806,20,31
cp_tutorial_3d_monolayer,1,16,1791301817.6648023,1392522,worker_0,W002,Watershed,pattern_group,running,100.0,1,1
cp_tutorial_3d_monolayer,1,16,1791301817.6651921,1392522,worker_0,W002,Watershed,step_completed,success,67.74193548387096,21,31
cp_tutorial_3d_monolayer,1,16,1791301817.6652148,1392522,worker_0,W002,MeasureObjectIntensity,step_started,started,67.74193548387096,21,31
cp_tutorial_3d_monolayer,1,16,1791301817.908378,1392522,worker_0,W002,MeasureObjectIntensity,pattern_group,running,50.0,1,2
cp_tutorial_3d_monolayer,1,16,1791301818.1886637,1392522,worker_0,W002,MeasureObjectIntensity,pattern_group,running,100.0,2,2
cp_tutorial_3d_monolayer,1,16,1791301818.1909218,1392522,worker_0,W002,MeasureObjectIntensity,step_completed,success,70.96774193548387,22,31
cp_tutorial_3d_monolayer,1,16,1791301818.1909459,1392522,worker_0,W002,MeasureObjectSizeShape,step_started,started,70.96774193548387,22,31
cp_tutorial_3d_monolayer,1,16,1791301818.2877607,1392522,worker_0,W002,MeasureObjectSizeShape,pattern_group,running,50.0,1,2
cp_tutorial_3d_monolayer,1,16,1791301818.3823795,1392522,worker_0,W002,MeasureObjectSizeShape,pattern_group,running,100.0,2,2
cp_tutorial_3d_monolayer,1,16,1791301818.3829648,1392522,worker_0,W002,MeasureObjectSizeShape,step_completed,success,74.19354838709677,23,31
cp_tutorial_3d_monolayer,1,16,1791301818.3829873,1392522,worker_0,W002,OverlayObjects,step_started,started,74.19354838709677,23,31
cp_tutorial_3d_monolayer,1,16,1791301818.4225032,1392522,worker_0,W002,OverlayObjects,pattern_group,running,100.0,1,1
cp_tutorial_3d_monolayer,1,16,1791301818.4226165,1392522,worker_0,W002,OverlayObjects,step_completed,success,77.41935483870968,24,31
cp_tutorial_3d_monolayer,1,16,1791301818.4226375,1392522,worker_0,W002,RescaleIntensity,step_started,started,77.41935483870968,24,31
cp_tutorial_3d_monolayer,1,16,1791301818.5263057,1392522,worker_0,W002,RescaleIntensity,pattern_group,running,100.0,1,1
cp_tutorial_3d_monolayer,1,16,1791301818.5264497,1392522,worker_0,W002,RescaleIntensity,step_completed,success,80.64516129032258,25,31
cp_tutorial_3d_monolayer,1,16,1791301818.5264719,1392522,worker_0,W002,OverlayObjects,step_started,started,80.64516129032258,25,31
cp_tutorial_3d_monolayer,1,16,1791301818.5635114,1392522,worker_0,W002,OverlayObjects,pattern_group,running,100.0,1,1
cp_tutorial_3d_monolayer,1,16,1791301818.563613,1392522,worker_0,W002,OverlayObjects,step_completed,success,83.87096774193549,26,31
cp_tutorial_3d_monolayer,1,16,1791301818.5636342,1392522,worker_0,W002,ConvertObjectsToImage,step_started,started,83.87096774193549,26,31
cp_tutorial_3d_monolayer,1,16,1791301818.5960295,1392522,worker_0,W002,ConvertObjectsToImage,pattern_group,running,100.0,1,1
cp_tutorial_3d_monolayer,1,16,1791301818.5961773,1392522,worker_0,W002,ConvertObjectsToImage,step_completed,success,87.09677419354838,27,31
cp_tutorial_3d_monolayer,1,16,1791301818.5962005,1392522,worker_0,W002,SaveImages,step_started,started,87.09677419354838,27,31
cp_tutorial_3d_monolayer,1,16,1791301818.6448529,1392522,worker_0,W002,SaveImages,pattern_group,running,100.0,1,1
cp_tutorial_3d_monolayer,1,16,1791301818.6518993,1392522,worker_0,W002,SaveImages,step_completed,success,90.32258064516128,28,31
cp_tutorial_3d_monolayer,1,16,1791301818.6519413,1392522,worker_0,W002,ConvertObjectsToImage,step_started,started,90.32258064516128,28,31
cp_tutorial_3d_monolayer,1,16,1791301818.684306,1392522,worker_0,W002,ConvertObjectsToImage,pattern_group,running,100.0,1,1
cp_tutorial_3d_monolayer,1,16,1791301818.6844826,1392522,worker_0,W002,ConvertObjectsToImage,step_completed,success,93.54838709677419,29,31
cp_tutorial_3d_monolayer,1,16,1791301818.6845057,1392522,worker_0,W002,SaveImages,step_started,started,93.54838709677419,29,31
cp_tutorial_3d_monolayer,1,16,1791301818.733265,1392522,worker_0,W002,SaveImages,pattern_group,running,100.0,1,1
cp_tutorial_3d_monolayer,1,16,1791301818.7406456,1392522,worker_0,W002,SaveImages,step_completed,success,96.7741935483871,30,31
cp_tutorial_3d_monolayer,1,16,1791301818.7446842,1392522,worker_0,W002,pipeline,axis_completed,success,96.7741935483871,30,31
cp_tutorial_3d_monolayer,1,16,1791301818.7447643,1392522,worker_0,W003,pipeline,axis_started,started,0.0,0,31
cp_tutorial_3d_monolayer,1,16,1791301818.744797,1392522,worker_0,W003,RescaleIntensity,step_started,started,0.0,0,31
cp_tutorial_3d_monolayer,1,16,1791301819.1176302,1392522,worker_0,W003,RescaleIntensity,pattern_group,running,100.0,1,1
cp_tutorial_3d_monolayer,1,16,1791301819.1177819,1392522,worker_0,W003,RescaleIntensity,step_completed,success,3.225806451612903,1,31
cp_tutorial_3d_monolayer,1,16,1791301819.1178038,1392522,worker_0,W003,Resize,step_started,started,3.225806451612903,1,31
cp_tutorial_3d_monolayer,1,16,1791301819.174602,1392522,worker_0,W003,Resize,pattern_group,running,100.0,1,1
cp_tutorial_3d_monolayer,1,16,1791301819.1747558,1392522,worker_0,W003,Resize,step_completed,success,6.451612903225806,2,31
cp_tutorial_3d_monolayer,1,16,1791301819.1747782,1392522,worker_0,W003,MedianFilter,step_started,started,6.451612903225806,2,31
cp_tutorial_3d_monolayer,1,16,1791301819.3403664,1392522,worker_0,W003,MedianFilter,pattern_group,running,100.0,1,1
cp_tutorial_3d_monolayer,1,16,1791301819.3405037,1392522,worker_0,W003,MedianFilter,step_completed,success,9.67741935483871,3,31
cp_tutorial_3d_monolayer,1,16,1791301819.3405242,1392522,worker_0,W003,Threshold,step_started,started,9.67741935483871,3,31
cp_tutorial_3d_monolayer,1,16,1791301819.378293,1392522,worker_0,W003,Threshold,pattern_group,running,100.0,1,1
cp_tutorial_3d_monolayer,1,16,1791301819.3785582,1392522,worker_0,W003,Threshold,step_completed,success,12.903225806451612,4,31
cp_tutorial_3d_monolayer,1,16,1791301819.3785806,1392522,worker_0,W003,RemoveHoles,step_started,started,12.903225806451612,4,31
cp_tutorial_3d_monolayer,1,16,1791301819.3952081,1392522,worker_0,W003,RemoveHoles,pattern_group,running,100.0,1,1
cp_tutorial_3d_monolayer,1,16,1791301819.3953605,1392522,worker_0,W003,RemoveHoles,step_completed,success,16.129032258064516,5,31
cp_tutorial_3d_monolayer,1,16,1791301819.3953817,1392522,worker_0,W003,Watershed,step_started,started,16.129032258064516,5,31
cp_tutorial_3d_monolayer,1,16,1791301819.4874928,1392522,worker_0,W003,Watershed,pattern_group,running,100.0,1,1
cp_tutorial_3d_monolayer,1,16,1791301819.4878614,1392522,worker_0,W003,Watershed,step_completed,success,19.35483870967742,6,31
cp_tutorial_3d_monolayer,1,16,1791301819.4878829,1392522,worker_0,W003,ResizeObjects,step_started,started,19.35483870967742,6,31
cp_tutorial_3d_monolayer,1,16,1791301819.5139682,1392522,worker_0,W003,ResizeObjects,pattern_group,running,100.0,1,1
cp_tutorial_3d_monolayer,1,16,1791301819.5144536,1392522,worker_0,W003,ResizeObjects,step_completed,success,22.58064516129032,7,31
cp_tutorial_3d_monolayer,1,16,1791301819.514477,1392522,worker_0,W003,ErodeObjects,step_started,started,22.58064516129032,7,31
cp_tutorial_3d_monolayer,1,16,1791301819.571696,1392522,worker_0,W003,ErodeObjects,pattern_group,running,100.0,1,1
cp_tutorial_3d_monolayer,1,16,1791301819.5721636,1392522,worker_0,W003,ErodeObjects,step_completed,success,25.806451612903224,8,31
cp_tutorial_3d_monolayer,1,16,1791301819.5721884,1392522,worker_0,W003,ResizeObjects,step_started,started,25.806451612903224,8,31
cp_tutorial_3d_monolayer,1,16,1791301819.5955143,1392522,worker_0,W003,ResizeObjects,pattern_group,running,100.0,1,1
cp_tutorial_3d_monolayer,1,16,1791301819.5959678,1392522,worker_0,W003,ResizeObjects,step_completed,success,29.03225806451613,9,31
cp_tutorial_3d_monolayer,1,16,1791301819.5959923,1392522,worker_0,W003,ConvertObjectsToImage,step_started,started,29.03225806451613,9,31
cp_tutorial_3d_monolayer,1,16,1791301819.6144671,1392522,worker_0,W003,ConvertObjectsToImage,pattern_group,running,100.0,1,1
cp_tutorial_3d_monolayer,1,16,1791301819.6146073,1392522,worker_0,W003,ConvertObjectsToImage,step_completed,success,32.25806451612903,10,31
cp_tutorial_3d_monolayer,1,16,1791301819.6146307,1392522,worker_0,W003,Threshold,step_started,started,32.25806451612903,10,31
cp_tutorial_3d_monolayer,1,16,1791301819.8088634,1392522,worker_0,W003,Threshold,pattern_group,running,100.0,1,1
cp_tutorial_3d_monolayer,1,16,1791301819.809118,1392522,worker_0,W003,Threshold,step_completed,success,35.483870967741936,11,31
cp_tutorial_3d_monolayer,1,16,1791301819.8091412,1392522,worker_0,W003,ImageMath,step_started,started,35.483870967741936,11,31
cp_tutorial_3d_monolayer,1,16,1791301819.8411293,1392522,worker_0,W003,ImageMath,pattern_group,running,100.0,1,1
cp_tutorial_3d_monolayer,1,16,1791301819.8412845,1392522,worker_0,W003,ImageMath,step_completed,success,38.70967741935484,12,31
cp_tutorial_3d_monolayer,1,16,1791301819.8413072,1392522,worker_0,W003,RemoveHoles,step_started,started,38.70967741935484,12,31
cp_tutorial_3d_monolayer,1,16,1791301819.8866904,1392522,worker_0,W003,RemoveHoles,pattern_group,running,100.0,1,1
cp_tutorial_3d_monolayer,1,16,1791301819.8868375,1392522,worker_0,W003,RemoveHoles,step_completed,success,41.935483870967744,13,31
cp_tutorial_3d_monolayer,1,16,1791301819.88686,1392522,worker_0,W003,ImageMath,step_started,started,41.935483870967744,13,31
cp_tutorial_3d_monolayer,1,16,1791301820.169811,1392522,worker_0,W003,ImageMath,pattern_group,running,100.0,1,1
cp_tutorial_3d_monolayer,1,16,1791301820.169975,1392522,worker_0,W003,ImageMath,step_completed,success,45.16129032258064,14,31
cp_tutorial_3d_monolayer,1,16,1791301820.1699984,1392522,worker_0,W003,Resize,step_started,started,45.16129032258064,14,31
cp_tutorial_3d_monolayer,1,16,1791301820.2300868,1392522,worker_0,W003,Resize,pattern_group,running,100.0,1,1
cp_tutorial_3d_monolayer,1,16,1791301820.2302268,1392522,worker_0,W003,Resize,step_completed,success,48.38709677419355,15,31
cp_tutorial_3d_monolayer,1,16,1791301820.2302475,1392522,worker_0,W003,Closing,step_started,started,48.38709677419355,15,31
cp_tutorial_3d_monolayer,1,16,1791301820.3095806,1392522,worker_0,W003,Closing,pattern_group,running,100.0,1,1
cp_tutorial_3d_monolayer,1,16,1791301820.3097208,1392522,worker_0,W003,Closing,step_completed,success,51.61290322580645,16,31
cp_tutorial_3d_monolayer,1,16,1791301820.3097413,1392522,worker_0,W003,Resize,step_started,started,51.61290322580645,16,31
cp_tutorial_3d_monolayer,1,16,1791301820.3585632,1392522,worker_0,W003,Resize,pattern_group,running,100.0,1,1
cp_tutorial_3d_monolayer,1,16,1791301820.3587046,1392522,worker_0,W003,Resize,step_completed,success,54.83870967741935,17,31
cp_tutorial_3d_monolayer,1,16,1791301820.3587248,1392522,worker_0,W003,Threshold,step_started,started,54.83870967741935,17,31
cp_tutorial_3d_monolayer,1,16,1791301820.5224943,1392522,worker_0,W003,Threshold,pattern_group,running,100.0,1,1
cp_tutorial_3d_monolayer,1,16,1791301820.5227418,1392522,worker_0,W003,Threshold,step_completed,success,58.06451612903226,18,31
cp_tutorial_3d_monolayer,1,16,1791301820.5227637,1392522,worker_0,W003,MaskImage,step_started,started,58.06451612903226,18,31
cp_tutorial_3d_monolayer,1,16,1791301820.5684688,1392522,worker_0,W003,MaskImage,pattern_group,running,100.0,1,1
cp_tutorial_3d_monolayer,1,16,1791301820.568624,1392522,worker_0,W003,MaskImage,step_completed,success,61.29032258064516,19,31
cp_tutorial_3d_monolayer,1,16,1791301820.5686467,1392522,worker_0,W003,ErodeImage,step_started,started,61.29032258064516,19,31
cp_tutorial_3d_monolayer,1,16,1791301820.5997758,1392522,worker_0,W003,ErodeImage,pattern_group,running,100.0,1,1
cp_tutorial_3d_monolayer,1,16,1791301820.5999196,1392522,worker_0,W003,ErodeImage,step_completed,success,64.51612903225806,20,31
cp_tutorial_3d_monolayer,1,16,1791301820.599941,1392522,worker_0,W003,Watershed,step_started,started,64.51612903225806,20,31
cp_tutorial_3d_monolayer,1,16,1791301820.6907938,1392522,worker_0,W003,Watershed,pattern_group,running,100.0,1,1
cp_tutorial_3d_monolayer,1,16,1791301820.6911793,1392522,worker_0,W003,Watershed,step_completed,success,67.74193548387096,21,31
cp_tutorial_3d_monolayer,1,16,1791301820.6912014,1392522,worker_0,W003,MeasureObjectIntensity,step_started,started,67.74193548387096,21,31
cp_tutorial_3d_monolayer,1,16,1791301820.9343731,1392522,worker_0,W003,MeasureObjectIntensity,pattern_group,running,50.0,1,2
cp_tutorial_3d_monolayer,1,16,1791301821.2214043,1392522,worker_0,W003,MeasureObjectIntensity,pattern_group,running,100.0,2,2
cp_tutorial_3d_monolayer,1,16,1791301821.2236247,1392522,worker_0,W003,MeasureObjectIntensity,step_completed,success,70.96774193548387,22,31
cp_tutorial_3d_monolayer,1,16,1791301821.2236485,1392522,worker_0,W003,MeasureObjectSizeShape,step_started,started,70.96774193548387,22,31
cp_tutorial_3d_monolayer,1,16,1791301821.3209677,1392522,worker_0,W003,MeasureObjectSizeShape,pattern_group,running,50.0,1,2
cp_tutorial_3d_monolayer,1,16,1791301821.4160063,1392522,worker_0,W003,MeasureObjectSizeShape,pattern_group,running,100.0,2,2
cp_tutorial_3d_monolayer,1,16,1791301821.4165914,1392522,worker_0,W003,MeasureObjectSizeShape,step_completed,success,74.19354838709677,23,31
cp_tutorial_3d_monolayer,1,16,1791301821.4166133,1392522,worker_0,W003,OverlayObjects,step_started,started,74.19354838709677,23,31
cp_tutorial_3d_monolayer,1,16,1791301821.4559407,1392522,worker_0,W003,OverlayObjects,pattern_group,running,100.0,1,1
cp_tutorial_3d_monolayer,1,16,1791301821.4560556,1392522,worker_0,W003,OverlayObjects,step_completed,success,77.41935483870968,24,31
cp_tutorial_3d_monolayer,1,16,1791301821.456077,1392522,worker_0,W003,RescaleIntensity,step_started,started,77.41935483870968,24,31
cp_tutorial_3d_monolayer,1,16,1791301821.560153,1392522,worker_0,W003,RescaleIntensity,pattern_group,running,100.0,1,1
cp_tutorial_3d_monolayer,1,16,1791301821.5603008,1392522,worker_0,W003,RescaleIntensity,step_completed,success,80.64516129032258,25,31
cp_tutorial_3d_monolayer,1,16,1791301821.5603228,1392522,worker_0,W003,OverlayObjects,step_started,started,80.64516129032258,25,31
cp_tutorial_3d_monolayer,1,16,1791301821.5977058,1392522,worker_0,W003,OverlayObjects,pattern_group,running,100.0,1,1
cp_tutorial_3d_monolayer,1,16,1791301821.5978088,1392522,worker_0,W003,OverlayObjects,step_completed,success,83.87096774193549,26,31
cp_tutorial_3d_monolayer,1,16,1791301821.5978298,1392522,worker_0,W003,ConvertObjectsToImage,step_started,started,83.87096774193549,26,31
cp_tutorial_3d_monolayer,1,16,1791301821.6303866,1392522,worker_0,W003,ConvertObjectsToImage,pattern_group,running,100.0,1,1
cp_tutorial_3d_monolayer,1,16,1791301821.6305335,1392522,worker_0,W003,ConvertObjectsToImage,step_completed,success,87.09677419354838,27,31
cp_tutorial_3d_monolayer,1,16,1791301821.630556,1392522,worker_0,W003,SaveImages,step_started,started,87.09677419354838,27,31
cp_tutorial_3d_monolayer,1,16,1791301821.6798172,1392522,worker_0,W003,SaveImages,pattern_group,running,100.0,1,1
cp_tutorial_3d_monolayer,1,16,1791301821.6862159,1392522,worker_0,W003,SaveImages,step_completed,success,90.32258064516128,28,31
cp_tutorial_3d_monolayer,1,16,1791301821.6862547,1392522,worker_0,W003,ConvertObjectsToImage,step_started,started,90.32258064516128,28,31
cp_tutorial_3d_monolayer,1,16,1791301821.7189755,1392522,worker_0,W003,ConvertObjectsToImage,pattern_group,running,100.0,1,1
cp_tutorial_3d_monolayer,1,16,1791301821.7191467,1392522,worker_0,W003,ConvertObjectsToImage,step_completed,success,93.54838709677419,29,31
cp_tutorial_3d_monolayer,1,16,1791301821.7191694,1392522,worker_0,W003,SaveImages,step_started,started,93.54838709677419,29,31
cp_tutorial_3d_monolayer,1,16,1791301821.7681003,1392522,worker_0,W003,SaveImages,pattern_group,running,100.0,1,1
cp_tutorial_3d_monolayer,1,16,1791301821.7753963,1392522,worker_0,W003,SaveImages,step_completed,success,96.7741935483871,30,31
cp_tutorial_3d_monolayer,1,16,1791301821.7797022,1392522,worker_0,W003,pipeline,axis_completed,success,96.7741935483871,30,31
cp_tutorial_3d_monolayer,1,16,1791301821.7797823,1392522,worker_0,W004,pipeline,axis_started,started,0.0,0,31
cp_tutorial_3d_monolayer,1,16,1791301821.7798135,1392522,worker_0,W004,RescaleIntensity,step_started,started,0.0,0,31
cp_tutorial_3d_monolayer,1,16,1791301822.1659598,1392522,worker_0,W004,RescaleIntensity,pattern_group,running,100.0,1,1
cp_tutorial_3d_monolayer,1,16,1791301822.1661081,1392522,worker_0,W004,RescaleIntensity,step_completed,success,3.225806451612903,1,31
cp_tutorial_3d_monolayer,1,16,1791301822.166129,1392522,worker_0,W004,Resize,step_started,started,3.225806451612903,1,31
cp_tutorial_3d_monolayer,1,16,1791301822.2224224,1392522,worker_0,W004,Resize,pattern_group,running,100.0,1,1
cp_tutorial_3d_monolayer,1,16,1791301822.2225616,1392522,worker_0,W004,Resize,step_completed,success,6.451612903225806,2,31
cp_tutorial_3d_monolayer,1,16,1791301822.2225823,1392522,worker_0,W004,MedianFilter,step_started,started,6.451612903225806,2,31
cp_tutorial_3d_monolayer,1,16,1791301822.3877323,1392522,worker_0,W004,MedianFilter,pattern_group,running,100.0,1,1
cp_tutorial_3d_monolayer,1,16,1791301822.3878696,1392522,worker_0,W004,MedianFilter,step_completed,success,9.67741935483871,3,31
cp_tutorial_3d_monolayer,1,16,1791301822.387891,1392522,worker_0,W004,Threshold,step_started,started,9.67741935483871,3,31
cp_tutorial_3d_monolayer,1,16,1791301822.4247127,1392522,worker_0,W004,Threshold,pattern_group,running,100.0,1,1
cp_tutorial_3d_monolayer,1,16,1791301822.4249563,1392522,worker_0,W004,Threshold,step_completed,success,12.903225806451612,4,31
cp_tutorial_3d_monolayer,1,16,1791301822.4249778,1392522,worker_0,W004,RemoveHoles,step_started,started,12.903225806451612,4,31
cp_tutorial_3d_monolayer,1,16,1791301822.4417827,1392522,worker_0,W004,RemoveHoles,pattern_group,running,100.0,1,1
cp_tutorial_3d_monolayer,1,16,1791301822.4419246,1392522,worker_0,W004,RemoveHoles,step_completed,success,16.129032258064516,5,31
cp_tutorial_3d_monolayer,1,16,1791301822.4419456,1392522,worker_0,W004,Watershed,step_started,started,16.129032258064516,5,31
cp_tutorial_3d_monolayer,1,16,1791301822.533074,1392522,worker_0,W004,Watershed,pattern_group,running,100.0,1,1
cp_tutorial_3d_monolayer,1,16,1791301822.5334926,1392522,worker_0,W004,Watershed,step_completed,success,19.35483870967742,6,31
cp_tutorial_3d_monolayer,1,16,1791301822.533515,1392522,worker_0,W004,ResizeObjects,step_started,started,19.35483870967742,6,31
cp_tutorial_3d_monolayer,1,16,1791301822.5609403,1392522,worker_0,W004,ResizeObjects,pattern_group,running,100.0,1,1
cp_tutorial_3d_monolayer,1,16,1791301822.561423,1392522,worker_0,W004,ResizeObjects,step_completed,success,22.58064516129032,7,31
cp_tutorial_3d_monolayer,1,16,1791301822.561446,1392522,worker_0,W004,ErodeObjects,step_started,started,22.58064516129032,7,31
cp_tutorial_3d_monolayer,1,16,1791301822.617991,1392522,worker_0,W004,ErodeObjects,pattern_group,running,100.0,1,1
cp_tutorial_3d_monolayer,1,16,1791301822.6184711,1392522,worker_0,W004,ErodeObjects,step_completed,success,25.806451612903224,8,31
cp_tutorial_3d_monolayer,1,16,1791301822.6184952,1392522,worker_0,W004,ResizeObjects,step_started,started,25.806451612903224,8,31
cp_tutorial_3d_monolayer,1,16,1791301822.6419024,1392522,worker_0,W004,ResizeObjects,pattern_group,running,100.0,1,1
cp_tutorial_3d_monolayer,1,16,1791301822.642381,1392522,worker_0,W004,ResizeObjects,step_completed,success,29.03225806451613,9,31
cp_tutorial_3d_monolayer,1,16,1791301822.642407,1392522,worker_0,W004,ConvertObjectsToImage,step_started,started,29.03225806451613,9,31
cp_tutorial_3d_monolayer,1,16,1791301822.660756,1392522,worker_0,W004,ConvertObjectsToImage,pattern_group,running,100.0,1,1
cp_tutorial_3d_monolayer,1,16,1791301822.6609013,1392522,worker_0,W004,ConvertObjectsToImage,step_completed,success,32.25806451612903,10,31
cp_tutorial_3d_monolayer,1,16,1791301822.660924,1392522,worker_0,W004,Threshold,step_started,started,32.25806451612903,10,31
cp_tutorial_3d_monolayer,1,16,1791301822.8521662,1392522,worker_0,W004,Threshold,pattern_group,running,100.0,1,1
cp_tutorial_3d_monolayer,1,16,1791301822.8524256,1392522,worker_0,W004,Threshold,step_completed,success,35.483870967741936,11,31
cp_tutorial_3d_monolayer,1,16,1791301822.8524504,1392522,worker_0,W004,ImageMath,step_started,started,35.483870967741936,11,31
cp_tutorial_3d_monolayer,1,16,1791301822.8839986,1392522,worker_0,W004,ImageMath,pattern_group,running,100.0,1,1
cp_tutorial_3d_monolayer,1,16,1791301822.884149,1392522,worker_0,W004,ImageMath,step_completed,success,38.70967741935484,12,31
cp_tutorial_3d_monolayer,1,16,1791301822.8841722,1392522,worker_0,W004,RemoveHoles,step_started,started,38.70967741935484,12,31
cp_tutorial_3d_monolayer,1,16,1791301822.9288423,1392522,worker_0,W004,RemoveHoles,pattern_group,running,100.0,1,1
cp_tutorial_3d_monolayer,1,16,1791301822.9289806,1392522,worker_0,W004,RemoveHoles,step_completed,success,41.935483870967744,13,31
cp_tutorial_3d_monolayer,1,16,1791301822.9290032,1392522,worker_0,W004,ImageMath,step_started,started,41.935483870967744,13,31
cp_tutorial_3d_monolayer,1,16,1791301823.2145162,1392522,worker_0,W004,ImageMath,pattern_group,running,100.0,1,1
cp_tutorial_3d_monolayer,1,16,1791301823.2146668,1392522,worker_0,W004,ImageMath,step_completed,success,45.16129032258064,14,31
cp_tutorial_3d_monolayer,1,16,1791301823.2146885,1392522,worker_0,W004,Resize,step_started,started,45.16129032258064,14,31
cp_tutorial_3d_monolayer,1,16,1791301823.274367,1392522,worker_0,W004,Resize,pattern_group,running,100.0,1,1
cp_tutorial_3d_monolayer,1,16,1791301823.274506,1392522,worker_0,W004,Resize,step_completed,success,48.38709677419355,15,31
cp_tutorial_3d_monolayer,1,16,1791301823.2745264,1392522,worker_0,W004,Closing,step_started,started,48.38709677419355,15,31
cp_tutorial_3d_monolayer,1,16,1791301823.352638,1392522,worker_0,W004,Closing,pattern_group,running,100.0,1,1
cp_tutorial_3d_monolayer,1,16,1791301823.3527763,1392522,worker_0,W004,Closing,step_completed,success,51.61290322580645,16,31
cp_tutorial_3d_monolayer,1,16,1791301823.352797,1392522,worker_0,W004,Resize,step_started,started,51.61290322580645,16,31
cp_tutorial_3d_monolayer,1,16,1791301823.4018378,1392522,worker_0,W004,Resize,pattern_group,running,100.0,1,1
cp_tutorial_3d_monolayer,1,16,1791301823.4019806,1392522,worker_0,W004,Resize,step_completed,success,54.83870967741935,17,31
cp_tutorial_3d_monolayer,1,16,1791301823.4020016,1392522,worker_0,W004,Threshold,step_started,started,54.83870967741935,17,31
cp_tutorial_3d_monolayer,1,16,1791301823.564961,1392522,worker_0,W004,Threshold,pattern_group,running,100.0,1,1
cp_tutorial_3d_monolayer,1,16,1791301823.565206,1392522,worker_0,W004,Threshold,step_completed,success,58.06451612903226,18,31
cp_tutorial_3d_monolayer,1,16,1791301823.5652266,1392522,worker_0,W004,MaskImage,step_started,started,58.06451612903226,18,31
cp_tutorial_3d_monolayer,1,16,1791301823.6106799,1392522,worker_0,W004,MaskImage,pattern_group,running,100.0,1,1
cp_tutorial_3d_monolayer,1,16,1791301823.61083,1392522,worker_0,W004,MaskImage,step_completed,success,61.29032258064516,19,31
cp_tutorial_3d_monolayer,1,16,1791301823.610852,1392522,worker_0,W004,ErodeImage,step_started,started,61.29032258064516,19,31
cp_tutorial_3d_monolayer,1,16,1791301823.6420233,1392522,worker_0,W004,ErodeImage,pattern_group,running,100.0,1,1
cp_tutorial_3d_monolayer,1,16,1791301823.6421666,1392522,worker_0,W004,ErodeImage,step_completed,success,64.51612903225806,20,31
cp_tutorial_3d_monolayer,1,16,1791301823.6421883,1392522,worker_0,W004,Watershed,step_started,started,64.51612903225806,20,31
cp_tutorial_3d_monolayer,1,16,1791301823.7357714,1392522,worker_0,W004,Watershed,pattern_group,running,100.0,1,1
cp_tutorial_3d_monolayer,1,16,1791301823.7361674,1392522,worker_0,W004,Watershed,step_completed,success,67.74193548387096,21,31
cp_tutorial_3d_monolayer,1,16,1791301823.7361898,1392522,worker_0,W004,MeasureObjectIntensity,step_started,started,67.74193548387096,21,31
cp_tutorial_3d_monolayer,1,16,1791301823.9802592,1392522,worker_0,W004,MeasureObjectIntensity,pattern_group,running,50.0,1,2
cp_tutorial_3d_monolayer,1,16,1791301824.2573614,1392522,worker_0,W004,MeasureObjectIntensity,pattern_group,running,100.0,2,2
cp_tutorial_3d_monolayer,1,16,1791301824.2595782,1392522,worker_0,W004,MeasureObjectIntensity,step_completed,success,70.96774193548387,22,31
cp_tutorial_3d_monolayer,1,16,1791301824.259603,1392522,worker_0,W004,MeasureObjectSizeShape,step_started,started,70.96774193548387,22,31
cp_tutorial_3d_monolayer,1,16,1791301824.3564706,1392522,worker_0,W004,MeasureObjectSizeShape,pattern_group,running,50.0,1,2
cp_tutorial_3d_monolayer,1,16,1791301824.4516752,1392522,worker_0,W004,MeasureObjectSizeShape,pattern_group,running,100.0,2,2
cp_tutorial_3d_monolayer,1,16,1791301824.45252,1392522,worker_0,W004,MeasureObjectSizeShape,step_completed,success,74.19354838709677,23,31
cp_tutorial_3d_monolayer,1,16,1791301824.452544,1392522,worker_0,W004,OverlayObjects,step_started,started,74.19354838709677,23,31
cp_tutorial_3d_monolayer,1,16,1791301824.494329,1392522,worker_0,W004,OverlayObjects,pattern_group,running,100.0,1,1
cp_tutorial_3d_monolayer,1,16,1791301824.4944506,1392522,worker_0,W004,OverlayObjects,step_completed,success,77.41935483870968,24,31
cp_tutorial_3d_monolayer,1,16,1791301824.494472,1392522,worker_0,W004,RescaleIntensity,step_started,started,77.41935483870968,24,31
cp_tutorial_3d_monolayer,1,16,1791301824.5981796,1392522,worker_0,W004,RescaleIntensity,pattern_group,running,100.0,1,1
cp_tutorial_3d_monolayer,1,16,1791301824.5983381,1392522,worker_0,W004,RescaleIntensity,step_completed,success,80.64516129032258,25,31
cp_tutorial_3d_monolayer,1,16,1791301824.5983603,1392522,worker_0,W004,OverlayObjects,step_started,started,80.64516129032258,25,31
cp_tutorial_3d_monolayer,1,16,1791301824.639571,1392522,worker_0,W004,OverlayObjects,pattern_group,running,100.0,1,1
cp_tutorial_3d_monolayer,1,16,1791301824.6396713,1392522,worker_0,W004,OverlayObjects,step_completed,success,83.87096774193549,26,31
cp_tutorial_3d_monolayer,1,16,1791301824.6396933,1392522,worker_0,W004,ConvertObjectsToImage,step_started,started,83.87096774193549,26,31
cp_tutorial_3d_monolayer,1,16,1791301824.6712534,1392522,worker_0,W004,ConvertObjectsToImage,pattern_group,running,100.0,1,1
cp_tutorial_3d_monolayer,1,16,1791301824.671403,1392522,worker_0,W004,ConvertObjectsToImage,step_completed,success,87.09677419354838,27,31
cp_tutorial_3d_monolayer,1,16,1791301824.671425,1392522,worker_0,W004,SaveImages,step_started,started,87.09677419354838,27,31
cp_tutorial_3d_monolayer,1,16,1791301824.7202942,1392522,worker_0,W004,SaveImages,pattern_group,running,100.0,1,1
cp_tutorial_3d_monolayer,1,16,1791301824.7288475,1392522,worker_0,W004,SaveImages,step_completed,success,90.32258064516128,28,31
cp_tutorial_3d_monolayer,1,16,1791301824.7288942,1392522,worker_0,W004,ConvertObjectsToImage,step_started,started,90.32258064516128,28,31
cp_tutorial_3d_monolayer,1,16,1791301824.7623098,1392522,worker_0,W004,ConvertObjectsToImage,pattern_group,running,100.0,1,1
cp_tutorial_3d_monolayer,1,16,1791301824.762481,1392522,worker_0,W004,ConvertObjectsToImage,step_completed,success,93.54838709677419,29,31
cp_tutorial_3d_monolayer,1,16,1791301824.762504,1392522,worker_0,W004,SaveImages,step_started,started,93.54838709677419,29,31
cp_tutorial_3d_monolayer,1,16,1791301824.8114116,1392522,worker_0,W004,SaveImages,pattern_group,running,100.0,1,1
cp_tutorial_3d_monolayer,1,16,1791301824.8191102,1392522,worker_0,W004,SaveImages,step_completed,success,96.7741935483871,30,31
cp_tutorial_3d_monolayer,1,16,1791301824.8234425,1392522,worker_0,W004,pipeline,axis_completed,success,96.7741935483871,30,31
cp_tutorial_3d_monolayer,1,16,1791301824.8235223,1392522,worker_0,W005,pipeline,axis_started,started,0.0,0,31
cp_tutorial_3d_monolayer,1,16,1791301824.8235552,1392522,worker_0,W005,RescaleIntensity,step_started,started,0.0,0,31
cp_tutorial_3d_monolayer,1,16,1791301825.2254298,1392522,worker_0,W005,RescaleIntensity,pattern_group,running,100.0,1,1
cp_tutorial_3d_monolayer,1,16,1791301825.2255726,1392522,worker_0,W005,RescaleIntensity,step_completed,success,3.225806451612903,1,31
cp_tutorial_3d_monolayer,1,16,1791301825.225594,1392522,worker_0,W005,Resize,step_started,started,3.225806451612903,1,31
cp_tutorial_3d_monolayer,1,16,1791301825.2811806,1392522,worker_0,W005,Resize,pattern_group,running,100.0,1,1
cp_tutorial_3d_monolayer,1,16,1791301825.2813227,1392522,worker_0,W005,Resize,step_completed,success,6.451612903225806,2,31
cp_tutorial_3d_monolayer,1,16,1791301825.2813437,1392522,worker_0,W005,MedianFilter,step_started,started,6.451612903225806,2,31
cp_tutorial_3d_monolayer,1,16,1791301825.4463704,1392522,worker_0,W005,MedianFilter,pattern_group,running,100.0,1,1
cp_tutorial_3d_monolayer,1,16,1791301825.44651,1392522,worker_0,W005,MedianFilter,step_completed,success,9.67741935483871,3,31
cp_tutorial_3d_monolayer,1,16,1791301825.4465308,1392522,worker_0,W005,Threshold,step_started,started,9.67741935483871,3,31
cp_tutorial_3d_monolayer,1,16,1791301825.4838722,1392522,worker_0,W005,Threshold,pattern_group,running,100.0,1,1
cp_tutorial_3d_monolayer,1,16,1791301825.4842463,1392522,worker_0,W005,Threshold,step_completed,success,12.903225806451612,4,31
cp_tutorial_3d_monolayer,1,16,1791301825.484268,1392522,worker_0,W005,RemoveHoles,step_started,started,12.903225806451612,4,31
cp_tutorial_3d_monolayer,1,16,1791301825.5009003,1392522,worker_0,W005,RemoveHoles,pattern_group,running,100.0,1,1
cp_tutorial_3d_monolayer,1,16,1791301825.5010421,1392522,worker_0,W005,RemoveHoles,step_completed,success,16.129032258064516,5,31
cp_tutorial_3d_monolayer,1,16,1791301825.5010626,1392522,worker_0,W005,Watershed,step_started,started,16.129032258064516,5,31
cp_tutorial_3d_monolayer,1,16,1791301825.5926185,1392522,worker_0,W005,Watershed,pattern_group,running,100.0,1,1
cp_tutorial_3d_monolayer,1,16,1791301825.5929978,1392522,worker_0,W005,Watershed,step_completed,success,19.35483870967742,6,31
cp_tutorial_3d_monolayer,1,16,1791301825.5930188,1392522,worker_0,W005,ResizeObjects,step_started,started,19.35483870967742,6,31
cp_tutorial_3d_monolayer,1,16,1791301825.6194417,1392522,worker_0,W005,ResizeObjects,pattern_group,running,100.0,1,1
cp_tutorial_3d_monolayer,1,16,1791301825.6199226,1392522,worker_0,W005,ResizeObjects,step_completed,success,22.58064516129032,7,31
cp_tutorial_3d_monolayer,1,16,1791301825.6199458,1392522,worker_0,W005,ErodeObjects,step_started,started,22.58064516129032,7,31
cp_tutorial_3d_monolayer,1,16,1791301825.677115,1392522,worker_0,W005,ErodeObjects,pattern_group,running,100.0,1,1
cp_tutorial_3d_monolayer,1,16,1791301825.6775901,1392522,worker_0,W005,ErodeObjects,step_completed,success,25.806451612903224,8,31
cp_tutorial_3d_monolayer,1,16,1791301825.677615,1392522,worker_0,W005,ResizeObjects,step_started,started,25.806451612903224,8,31
cp_tutorial_3d_monolayer,1,16,1791301825.701057,1392522,worker_0,W005,ResizeObjects,pattern_group,running,100.0,1,1
cp_tutorial_3d_monolayer,1,16,1791301825.7015417,1392522,worker_0,W005,ResizeObjects,step_completed,success,29.03225806451613,9,31
cp_tutorial_3d_monolayer,1,16,1791301825.7015672,1392522,worker_0,W005,ConvertObjectsToImage,step_started,started,29.03225806451613,9,31
cp_tutorial_3d_monolayer,1,16,1791301825.7199826,1392522,worker_0,W005,ConvertObjectsToImage,pattern_group,running,100.0,1,1
cp_tutorial_3d_monolayer,1,16,1791301825.7201252,1392522,worker_0,W005,ConvertObjectsToImage,step_completed,success,32.25806451612903,10,31
cp_tutorial_3d_monolayer,1,16,1791301825.7201471,1392522,worker_0,W005,Threshold,step_started,started,32.25806451612903,10,31
cp_tutorial_3d_monolayer,1,16,1791301825.912942,1392522,worker_0,W005,Threshold,pattern_group,running,100.0,1,1
cp_tutorial_3d_monolayer,1,16,1791301825.9131966,1392522,worker_0,W005,Threshold,step_completed,success,35.483870967741936,11,31
cp_tutorial_3d_monolayer,1,16,1791301825.9132204,1392522,worker_0,W005,ImageMath,step_started,started,35.483870967741936,11,31
cp_tutorial_3d_monolayer,1,16,1791301825.947544,1392522,worker_0,W005,ImageMath,pattern_group,running,100.0,1,1
cp_tutorial_3d_monolayer,1,16,1791301825.9477184,1392522,worker_0,W005,ImageMath,step_completed,success,38.70967741935484,12,31
cp_tutorial_3d_monolayer,1,16,1791301825.9477427,1392522,worker_0,W005,RemoveHoles,step_started,started,38.70967741935484,12,31
cp_tutorial_3d_monolayer,1,16,1791301825.9934797,1392522,worker_0,W005,RemoveHoles,pattern_group,running,100.0,1,1
cp_tutorial_3d_monolayer,1,16,1791301825.9936273,1392522,worker_0,W005,RemoveHoles,step_completed,success,41.935483870967744,13,31
cp_tutorial_3d_monolayer,1,16,1791301825.993651,1392522,worker_0,W005,ImageMath,step_started,started,41.935483870967744,13,31
cp_tutorial_3d_monolayer,1,16,1791301826.2770498,1392522,worker_0,W005,ImageMath,pattern_group,running,100.0,1,1
cp_tutorial_3d_monolayer,1,16,1791301826.2772045,1392522,worker_0,W005,ImageMath,step_completed,success,45.16129032258064,14,31
cp_tutorial_3d_monolayer,1,16,1791301826.2772255,1392522,worker_0,W005,Resize,step_started,started,45.16129032258064,14,31
cp_tutorial_3d_monolayer,1,16,1791301826.337,1392522,worker_0,W005,Resize,pattern_group,running,100.0,1,1
cp_tutorial_3d_monolayer,1,16,1791301826.337141,1392522,worker_0,W005,Resize,step_completed,success,48.38709677419355,15,31
cp_tutorial_3d_monolayer,1,16,1791301826.337163,1392522,worker_0,W005,Closing,step_started,started,48.38709677419355,15,31
cp_tutorial_3d_monolayer,1,16,1791301826.415474,1392522,worker_0,W005,Closing,pattern_group,running,100.0,1,1
cp_tutorial_3d_monolayer,1,16,1791301826.4156103,1392522,worker_0,W005,Closing,step_completed,success,51.61290322580645,16,31
cp_tutorial_3d_monolayer,1,16,1791301826.4156318,1392522,worker_0,W005,Resize,step_started,started,51.61290322580645,16,31
cp_tutorial_3d_monolayer,1,16,1791301826.4650621,1392522,worker_0,W005,Resize,pattern_group,running,100.0,1,1
cp_tutorial_3d_monolayer,1,16,1791301826.4652033,1392522,worker_0,W005,Resize,step_completed,success,54.83870967741935,17,31
cp_tutorial_3d_monolayer,1,16,1791301826.4652247,1392522,worker_0,W005,Threshold,step_started,started,54.83870967741935,17,31
cp_tutorial_3d_monolayer,1,16,1791301826.6291935,1392522,worker_0,W005,Threshold,pattern_group,running,100.0,1,1
cp_tutorial_3d_monolayer,1,16,1791301826.6294408,1392522,worker_0,W005,Threshold,step_completed,success,58.06451612903226,18,31
cp_tutorial_3d_monolayer,1,16,1791301826.6294613,1392522,worker_0,W005,MaskImage,step_started,started,58.06451612903226,18,31
cp_tutorial_3d_monolayer,1,16,1791301826.675648,1392522,worker_0,W005,MaskImage,pattern_group,running,100.0,1,1
cp_tutorial_3d_monolayer,1,16,1791301826.6757948,1392522,worker_0,W005,MaskImage,step_completed,success,61.29032258064516,19,31
cp_tutorial_3d_monolayer,1,16,1791301826.6758165,1392522,worker_0,W005,ErodeImage,step_started,started,61.29032258064516,19,31
cp_tutorial_3d_monolayer,1,16,1791301826.7074401,1392522,worker_0,W005,ErodeImage,pattern_group,running,100.0,1,1
cp_tutorial_3d_monolayer,1,16,1791301826.7075768,1392522,worker_0,W005,ErodeImage,step_completed,success,64.51612903225806,20,31
cp_tutorial_3d_monolayer,1,16,1791301826.7075984,1392522,worker_0,W005,Watershed,step_started,started,64.51612903225806,20,31
cp_tutorial_3d_monolayer,1,16,1791301826.8026543,1392522,worker_0,W005,Watershed,pattern_group,running,100.0,1,1
cp_tutorial_3d_monolayer,1,16,1791301826.8031723,1392522,worker_0,W005,Watershed,step_completed,success,67.74193548387096,21,31
cp_tutorial_3d_monolayer,1,16,1791301826.8032014,1392522,worker_0,W005,MeasureObjectIntensity,step_started,started,67.74193548387096,21,31
cp_tutorial_3d_monolayer,1,16,1791301827.049493,1392522,worker_0,W005,MeasureObjectIntensity,pattern_group,running,50.0,1,2
cp_tutorial_3d_monolayer,1,16,1791301827.3289394,1392522,worker_0,W005,MeasureObjectIntensity,pattern_group,running,100.0,2,2
cp_tutorial_3d_monolayer,1,16,1791301827.331172,1392522,worker_0,W005,MeasureObjectIntensity,step_completed,success,70.96774193548387,22,31
cp_tutorial_3d_monolayer,1,16,1791301827.3311958,1392522,worker_0,W005,MeasureObjectSizeShape,step_started,started,70.96774193548387,22,31
cp_tutorial_3d_monolayer,1,16,1791301827.4284725,1392522,worker_0,W005,MeasureObjectSizeShape,pattern_group,running,50.0,1,2
cp_tutorial_3d_monolayer,1,16,1791301827.5238044,1392522,worker_0,W005,MeasureObjectSizeShape,pattern_group,running,100.0,2,2
cp_tutorial_3d_monolayer,1,16,1791301827.5248554,1392522,worker_0,W005,MeasureObjectSizeShape,step_completed,success,74.19354838709677,23,31
cp_tutorial_3d_monolayer,1,16,1791301827.5248785,1392522,worker_0,W005,OverlayObjects,step_started,started,74.19354838709677,23,31
cp_tutorial_3d_monolayer,1,16,1791301827.5664043,1392522,worker_0,W005,OverlayObjects,pattern_group,running,100.0,1,1
cp_tutorial_3d_monolayer,1,16,1791301827.566526,1392522,worker_0,W005,OverlayObjects,step_completed,success,77.41935483870968,24,31
cp_tutorial_3d_monolayer,1,16,1791301827.5665479,1392522,worker_0,W005,RescaleIntensity,step_started,started,77.41935483870968,24,31
cp_tutorial_3d_monolayer,1,16,1791301827.6714733,1392522,worker_0,W005,RescaleIntensity,pattern_group,running,100.0,1,1
cp_tutorial_3d_monolayer,1,16,1791301827.6716137,1392522,worker_0,W005,RescaleIntensity,step_completed,success,80.64516129032258,25,31
cp_tutorial_3d_monolayer,1,16,1791301827.6716354,1392522,worker_0,W005,OverlayObjects,step_started,started,80.64516129032258,25,31
cp_tutorial_3d_monolayer,1,16,1791301827.7125618,1392522,worker_0,W005,OverlayObjects,pattern_group,running,100.0,1,1
cp_tutorial_3d_monolayer,1,16,1791301827.712662,1392522,worker_0,W005,OverlayObjects,step_completed,success,83.87096774193549,26,31
cp_tutorial_3d_monolayer,1,16,1791301827.712683,1392522,worker_0,W005,ConvertObjectsToImage,step_started,started,83.87096774193549,26,31
cp_tutorial_3d_monolayer,1,16,1791301827.7443542,1392522,worker_0,W005,ConvertObjectsToImage,pattern_group,running,100.0,1,1
cp_tutorial_3d_monolayer,1,16,1791301827.7444966,1392522,worker_0,W005,ConvertObjectsToImage,step_completed,success,87.09677419354838,27,31
cp_tutorial_3d_monolayer,1,16,1791301827.7445204,1392522,worker_0,W005,SaveImages,step_started,started,87.09677419354838,27,31
cp_tutorial_3d_monolayer,1,16,1791301827.7942147,1392522,worker_0,W005,SaveImages,pattern_group,running,100.0,1,1
cp_tutorial_3d_monolayer,1,16,1791301827.8024752,1392522,worker_0,W005,SaveImages,step_completed,success,90.32258064516128,28,31
cp_tutorial_3d_monolayer,1,16,1791301827.8025184,1392522,worker_0,W005,ConvertObjectsToImage,step_started,started,90.32258064516128,28,31
cp_tutorial_3d_monolayer,1,16,1791301827.8355963,1392522,worker_0,W005,ConvertObjectsToImage,pattern_group,running,100.0,1,1
cp_tutorial_3d_monolayer,1,16,1791301827.835765,1392522,worker_0,W005,ConvertObjectsToImage,step_completed,success,93.54838709677419,29,31
cp_tutorial_3d_monolayer,1,16,1791301827.8357875,1392522,worker_0,W005,SaveImages,step_started,started,93.54838709677419,29,31
cp_tutorial_3d_monolayer,1,16,1791301827.8845348,1392522,worker_0,W005,SaveImages,pattern_group,running,100.0,1,1
cp_tutorial_3d_monolayer,1,16,1791301827.8916667,1392522,worker_0,W005,SaveImages,step_completed,success,96.7741935483871,30,31
cp_tutorial_3d_monolayer,1,16,1791301827.895994,1392522,worker_0,W005,pipeline,axis_completed,success,96.7741935483871,30,31
cp_tutorial_3d_monolayer,1,16,1791301827.8960762,1392522,worker_0,W006,pipeline,axis_started,started,0.0,0,31
cp_tutorial_3d_monolayer,1,16,1791301827.896109,1392522,worker_0,W006,RescaleIntensity,step_started,started,0.0,0,31
cp_tutorial_3d_monolayer,1,16,1791301828.183774,1392522,worker_0,W006,RescaleIntensity,pattern_group,running,100.0,1,1
cp_tutorial_3d_monolayer,1,16,1791301828.1839204,1392522,worker_0,W006,RescaleIntensity,step_completed,success,3.225806451612903,1,31
cp_tutorial_3d_monolayer,1,16,1791301828.1839416,1392522,worker_0,W006,Resize,step_started,started,3.225806451612903,1,31
cp_tutorial_3d_monolayer,1,16,1791301828.2398202,1392522,worker_0,W006,Resize,pattern_group,running,100.0,1,1
cp_tutorial_3d_monolayer,1,16,1791301828.2399614,1392522,worker_0,W006,Resize,step_completed,success,6.451612903225806,2,31
cp_tutorial_3d_monolayer,1,16,1791301828.2399824,1392522,worker_0,W006,MedianFilter,step_started,started,6.451612903225806,2,31
cp_tutorial_3d_monolayer,1,16,1791301828.406247,1392522,worker_0,W006,MedianFilter,pattern_group,running,100.0,1,1
cp_tutorial_3d_monolayer,1,16,1791301828.4063897,1392522,worker_0,W006,MedianFilter,step_completed,success,9.67741935483871,3,31
cp_tutorial_3d_monolayer,1,16,1791301828.4064107,1392522,worker_0,W006,Threshold,step_started,started,9.67741935483871,3,31
cp_tutorial_3d_monolayer,1,16,1791301828.4437523,1392522,worker_0,W006,Threshold,pattern_group,running,100.0,1,1
cp_tutorial_3d_monolayer,1,16,1791301828.4440026,1392522,worker_0,W006,Threshold,step_completed,success,12.903225806451612,4,31
cp_tutorial_3d_monolayer,1,16,1791301828.4440248,1392522,worker_0,W006,RemoveHoles,step_started,started,12.903225806451612,4,31
cp_tutorial_3d_monolayer,1,16,1791301828.4609573,1392522,worker_0,W006,RemoveHoles,pattern_group,running,100.0,1,1
cp_tutorial_3d_monolayer,1,16,1791301828.4611013,1392522,worker_0,W006,RemoveHoles,step_completed,success,16.129032258064516,5,31
cp_tutorial_3d_monolayer,1,16,1791301828.4611223,1392522,worker_0,W006,Watershed,step_started,started,16.129032258064516,5,31
cp_tutorial_3d_monolayer,1,16,1791301828.5527167,1392522,worker_0,W006,Watershed,pattern_group,running,100.0,1,1
cp_tutorial_3d_monolayer,1,16,1791301828.5530987,1392522,worker_0,W006,Watershed,step_completed,success,19.35483870967742,6,31
cp_tutorial_3d_monolayer,1,16,1791301828.55312,1392522,worker_0,W006,ResizeObjects,step_started,started,19.35483870967742,6,31
cp_tutorial_3d_monolayer,1,16,1791301828.5803647,1392522,worker_0,W006,ResizeObjects,pattern_group,running,100.0,1,1
cp_tutorial_3d_monolayer,1,16,1791301828.5808377,1392522,worker_0,W006,ResizeObjects,step_completed,success,22.58064516129032,7,31
cp_tutorial_3d_monolayer,1,16,1791301828.5808609,1392522,worker_0,W006,ErodeObjects,step_started,started,22.58064516129032,7,31
cp_tutorial_3d_monolayer,1,16,1791301828.639046,1392522,worker_0,W006,ErodeObjects,pattern_group,running,100.0,1,1
cp_tutorial_3d_monolayer,1,16,1791301828.6395147,1392522,worker_0,W006,ErodeObjects,step_completed,success,25.806451612903224,8,31
cp_tutorial_3d_monolayer,1,16,1791301828.6395385,1392522,worker_0,W006,ResizeObjects,step_started,started,25.806451612903224,8,31
cp_tutorial_3d_monolayer,1,16,1791301828.6629732,1392522,worker_0,W006,ResizeObjects,pattern_group,running,100.0,1,1
cp_tutorial_3d_monolayer,1,16,1791301828.6634579,1392522,worker_0,W006,ResizeObjects,step_completed,success,29.03225806451613,9,31
cp_tutorial_3d_monolayer,1,16,1791301828.663482,1392522,worker_0,W006,ConvertObjectsToImage,step_started,started,29.03225806451613,9,31
cp_tutorial_3d_monolayer,1,16,1791301828.6824508,1392522,worker_0,W006,ConvertObjectsToImage,pattern_group,running,100.0,1,1
cp_tutorial_3d_monolayer,1,16,1791301828.6825993,1392522,worker_0,W006,ConvertObjectsToImage,step_completed,success,32.25806451612903,10,31
cp_tutorial_3d_monolayer,1,16,1791301828.6826224,1392522,worker_0,W006,Threshold,step_started,started,32.25806451612903,10,31
cp_tutorial_3d_monolayer,1,16,1791301828.8738315,1392522,worker_0,W006,Threshold,pattern_group,running,100.0,1,1
cp_tutorial_3d_monolayer,1,16,1791301828.874089,1392522,worker_0,W006,Threshold,step_completed,success,35.483870967741936,11,31
cp_tutorial_3d_monolayer,1,16,1791301828.8741138,1392522,worker_0,W006,ImageMath,step_started,started,35.483870967741936,11,31
cp_tutorial_3d_monolayer,1,16,1791301828.9061859,1392522,worker_0,W006,ImageMath,pattern_group,running,100.0,1,1
cp_tutorial_3d_monolayer,1,16,1791301828.9063385,1392522,worker_0,W006,ImageMath,step_completed,success,38.70967741935484,12,31
cp_tutorial_3d_monolayer,1,16,1791301828.906361,1392522,worker_0,W006,RemoveHoles,step_started,started,38.70967741935484,12,31
cp_tutorial_3d_monolayer,1,16,1791301828.952327,1392522,worker_0,W006,RemoveHoles,pattern_group,running,100.0,1,1
cp_tutorial_3d_monolayer,1,16,1791301828.9524703,1392522,worker_0,W006,RemoveHoles,step_completed,success,41.935483870967744,13,31
cp_tutorial_3d_monolayer,1,16,1791301828.9524927,1392522,worker_0,W006,ImageMath,step_started,started,41.935483870967744,13,31
cp_tutorial_3d_monolayer,1,16,1791301829.2332492,1392522,worker_0,W006,ImageMath,pattern_group,running,100.0,1,1
cp_tutorial_3d_monolayer,1,16,1791301829.233418,1392522,worker_0,W006,ImageMath,step_completed,success,45.16129032258064,14,31
cp_tutorial_3d_monolayer,1,16,1791301829.23344,1392522,worker_0,W006,Resize,step_started,started,45.16129032258064,14,31
cp_tutorial_3d_monolayer,1,16,1791301829.2929327,1392522,worker_0,W006,Resize,pattern_group,running,100.0,1,1
cp_tutorial_3d_monolayer,1,16,1791301829.293072,1392522,worker_0,W006,Resize,step_completed,success,48.38709677419355,15,31
cp_tutorial_3d_monolayer,1,16,1791301829.2930932,1392522,worker_0,W006,Closing,step_started,started,48.38709677419355,15,31
cp_tutorial_3d_monolayer,1,16,1791301829.3706002,1392522,worker_0,W006,Closing,pattern_group,running,100.0,1,1
cp_tutorial_3d_monolayer,1,16,1791301829.370738,1392522,worker_0,W006,Closing,step_completed,success,51.61290322580645,16,31
cp_tutorial_3d_monolayer,1,16,1791301829.3707588,1392522,worker_0,W006,Resize,step_started,started,51.61290322580645,16,31
cp_tutorial_3d_monolayer,1,16,1791301829.4203615,1392522,worker_0,W006,Resize,pattern_group,running,100.0,1,1
cp_tutorial_3d_monolayer,1,16,1791301829.420502,1392522,worker_0,W006,Resize,step_completed,success,54.83870967741935,17,31
cp_tutorial_3d_monolayer,1,16,1791301829.4205225,1392522,worker_0,W006,Threshold,step_started,started,54.83870967741935,17,31
cp_tutorial_3d_monolayer,1,16,1791301829.5846019,1392522,worker_0,W006,Threshold,pattern_group,running,100.0,1,1
cp_tutorial_3d_monolayer,1,16,1791301829.5848448,1392522,worker_0,W006,Threshold,step_completed,success,58.06451612903226,18,31
cp_tutorial_3d_monolayer,1,16,1791301829.5848658,1392522,worker_0,W006,MaskImage,step_started,started,58.06451612903226,18,31
cp_tutorial_3d_monolayer,1,16,1791301829.6311052,1392522,worker_0,W006,MaskImage,pattern_group,running,100.0,1,1
cp_tutorial_3d_monolayer,1,16,1791301829.6312525,1392522,worker_0,W006,MaskImage,step_completed,success,61.29032258064516,19,31
cp_tutorial_3d_monolayer,1,16,1791301829.6312785,1392522,worker_0,W006,ErodeImage,step_started,started,61.29032258064516,19,31
cp_tutorial_3d_monolayer,1,16,1791301829.6630168,1392522,worker_0,W006,ErodeImage,pattern_group,running,100.0,1,1
cp_tutorial_3d_monolayer,1,16,1791301829.6631613,1392522,worker_0,W006,ErodeImage,step_completed,success,64.51612903225806,20,31
cp_tutorial_3d_monolayer,1,16,1791301829.6631818,1392522,worker_0,W006,Watershed,step_started,started,64.51612903225806,20,31
cp_tutorial_3d_monolayer,1,16,1791301829.7521296,1392522,worker_0,W006,Watershed,pattern_group,running,100.0,1,1
cp_tutorial_3d_monolayer,1,16,1791301829.7526379,1392522,worker_0,W006,Watershed,step_completed,success,67.74193548387096,21,31
cp_tutorial_3d_monolayer,1,16,1791301829.7526608,1392522,worker_0,W006,MeasureObjectIntensity,step_started,started,67.74193548387096,21,31
cp_tutorial_3d_monolayer,1,16,1791301829.997616,1392522,worker_0,W006,MeasureObjectIntensity,pattern_group,running,50.0,1,2
cp_tutorial_3d_monolayer,1,16,1791301830.2773829,1392522,worker_0,W006,MeasureObjectIntensity,pattern_group,running,100.0,2,2
cp_tutorial_3d_monolayer,1,16,1791301830.2796109,1392522,worker_0,W006,MeasureObjectIntensity,step_completed,success,70.96774193548387,22,31
cp_tutorial_3d_monolayer,1,16,1791301830.279636,1392522,worker_0,W006,MeasureObjectSizeShape,step_started,started,70.96774193548387,22,31
cp_tutorial_3d_monolayer,1,16,1791301830.3767495,1392522,worker_0,W006,MeasureObjectSizeShape,pattern_group,running,50.0,1,2
cp_tutorial_3d_monolayer,1,16,1791301830.4723115,1392522,worker_0,W006,MeasureObjectSizeShape,pattern_group,running,100.0,2,2
cp_tutorial_3d_monolayer,1,16,1791301830.4728937,1392522,worker_0,W006,MeasureObjectSizeShape,step_completed,success,74.19354838709677,23,31
cp_tutorial_3d_monolayer,1,16,1791301830.472916,1392522,worker_0,W006,OverlayObjects,step_started,started,74.19354838709677,23,31
cp_tutorial_3d_monolayer,1,16,1791301830.5116897,1392522,worker_0,W006,OverlayObjects,pattern_group,running,100.0,1,1
cp_tutorial_3d_monolayer,1,16,1791301830.5118105,1392522,worker_0,W006,OverlayObjects,step_completed,success,77.41935483870968,24,31
cp_tutorial_3d_monolayer,1,16,1791301830.5118334,1392522,worker_0,W006,RescaleIntensity,step_started,started,77.41935483870968,24,31
cp_tutorial_3d_monolayer,1,16,1791301830.6162229,1392522,worker_0,W006,RescaleIntensity,pattern_group,running,100.0,1,1
cp_tutorial_3d_monolayer,1,16,1791301830.6164246,1392522,worker_0,W006,RescaleIntensity,step_completed,success,80.64516129032258,25,31
cp_tutorial_3d_monolayer,1,16,1791301830.616448,1392522,worker_0,W006,OverlayObjects,step_started,started,80.64516129032258,25,31
cp_tutorial_3d_monolayer,1,16,1791301830.6549094,1392522,worker_0,W006,OverlayObjects,pattern_group,running,100.0,1,1
cp_tutorial_3d_monolayer,1,16,1791301830.6550097,1392522,worker_0,W006,OverlayObjects,step_completed,success,83.87096774193549,26,31
cp_tutorial_3d_monolayer,1,16,1791301830.655031,1392522,worker_0,W006,ConvertObjectsToImage,step_started,started,83.87096774193549,26,31
cp_tutorial_3d_monolayer,1,16,1791301830.6867526,1392522,worker_0,W006,ConvertObjectsToImage,pattern_group,running,100.0,1,1
cp_tutorial_3d_monolayer,1,16,1791301830.6869,1392522,worker_0,W006,ConvertObjectsToImage,step_completed,success,87.09677419354838,27,31
cp_tutorial_3d_monolayer,1,16,1791301830.6869228,1392522,worker_0,W006,SaveImages,step_started,started,87.09677419354838,27,31
cp_tutorial_3d_monolayer,1,16,1791301830.7360249,1392522,worker_0,W006,SaveImages,pattern_group,running,100.0,1,1
cp_tutorial_3d_monolayer,1,16,1791301830.7429125,1392522,worker_0,W006,SaveImages,step_completed,success,90.32258064516128,28,31
cp_tutorial_3d_monolayer,1,16,1791301830.742955,1392522,worker_0,W006,ConvertObjectsToImage,step_started,started,90.32258064516128,28,31
cp_tutorial_3d_monolayer,1,16,1791301830.7766514,1392522,worker_0,W006,ConvertObjectsToImage,pattern_group,running,100.0,1,1
cp_tutorial_3d_monolayer,1,16,1791301830.776827,1392522,worker_0,W006,ConvertObjectsToImage,step_completed,success,93.54838709677419,29,31
cp_tutorial_3d_monolayer,1,16,1791301830.7768502,1392522,worker_0,W006,SaveImages,step_started,started,93.54838709677419,29,31
cp_tutorial_3d_monolayer,1,16,1791301830.825687,1392522,worker_0,W006,SaveImages,pattern_group,running,100.0,1,1
cp_tutorial_3d_monolayer,1,16,1791301830.8332877,1392522,worker_0,W006,SaveImages,step_completed,success,96.7741935483871,30,31
cp_tutorial_3d_monolayer,1,16,1791301830.837134,1392522,worker_0,W006,pipeline,axis_completed,success,96.7741935483871,30,31
cp_tutorial_3d_monolayer,1,16,1791301830.837213,1392522,worker_0,W007,pipeline,axis_started,started,0.0,0,31
cp_tutorial_3d_monolayer,1,16,1791301830.837246,1392522,worker_0,W007,RescaleIntensity,step_started,started,0.0,0,31
cp_tutorial_3d_monolayer,1,16,1791301831.2570136,1392522,worker_0,W007,RescaleIntensity,pattern_group,running,100.0,1,1
cp_tutorial_3d_monolayer,1,16,1791301831.257157,1392522,worker_0,W007,RescaleIntensity,step_completed,success,3.225806451612903,1,31
cp_tutorial_3d_monolayer,1,16,1791301831.257178,1392522,worker_0,W007,Resize,step_started,started,3.225806451612903,1,31
cp_tutorial_3d_monolayer,1,16,1791301831.3134973,1392522,worker_0,W007,Resize,pattern_group,running,100.0,1,1
cp_tutorial_3d_monolayer,1,16,1791301831.3136446,1392522,worker_0,W007,Resize,step_completed,success,6.451612903225806,2,31
cp_tutorial_3d_monolayer,1,16,1791301831.3136659,1392522,worker_0,W007,MedianFilter,step_started,started,6.451612903225806,2,31
cp_tutorial_3d_monolayer,1,16,1791301831.479929,1392522,worker_0,W007,MedianFilter,pattern_group,running,100.0,1,1
cp_tutorial_3d_monolayer,1,16,1791301831.4800692,1392522,worker_0,W007,MedianFilter,step_completed,success,9.67741935483871,3,31
cp_tutorial_3d_monolayer,1,16,1791301831.4800904,1392522,worker_0,W007,Threshold,step_started,started,9.67741935483871,3,31
cp_tutorial_3d_monolayer,1,16,1791301831.5169322,1392522,worker_0,W007,Threshold,pattern_group,running,100.0,1,1
cp_tutorial_3d_monolayer,1,16,1791301831.517175,1392522,worker_0,W007,Threshold,step_completed,success,12.903225806451612,4,31
cp_tutorial_3d_monolayer,1,16,1791301831.5171971,1392522,worker_0,W007,RemoveHoles,step_started,started,12.903225806451612,4,31
cp_tutorial_3d_monolayer,1,16,1791301831.534315,1392522,worker_0,W007,RemoveHoles,pattern_group,running,100.0,1,1
cp_tutorial_3d_monolayer,1,16,1791301831.5344567,1392522,worker_0,W007,RemoveHoles,step_completed,success,16.129032258064516,5,31
cp_tutorial_3d_monolayer,1,16,1791301831.5344791,1392522,worker_0,W007,Watershed,step_started,started,16.129032258064516,5,31
cp_tutorial_3d_monolayer,1,16,1791301831.6258762,1392522,worker_0,W007,Watershed,pattern_group,running,100.0,1,1
cp_tutorial_3d_monolayer,1,16,1791301831.6262574,1392522,worker_0,W007,Watershed,step_completed,success,19.35483870967742,6,31
cp_tutorial_3d_monolayer,1,16,1791301831.6262846,1392522,worker_0,W007,ResizeObjects,step_started,started,19.35483870967742,6,31
cp_tutorial_3d_monolayer,1,16,1791301831.6533794,1392522,worker_0,W007,ResizeObjects,pattern_group,running,100.0,1,1
cp_tutorial_3d_monolayer,1,16,1791301831.6538396,1392522,worker_0,W007,ResizeObjects,step_completed,success,22.58064516129032,7,31
cp_tutorial_3d_monolayer,1,16,1791301831.6538615,1392522,worker_0,W007,ErodeObjects,step_started,started,22.58064516129032,7,31
cp_tutorial_3d_monolayer,1,16,1791301831.711081,1392522,worker_0,W007,ErodeObjects,pattern_group,running,100.0,1,1
cp_tutorial_3d_monolayer,1,16,1791301831.7115595,1392522,worker_0,W007,ErodeObjects,step_completed,success,25.806451612903224,8,31
cp_tutorial_3d_monolayer,1,16,1791301831.711584,1392522,worker_0,W007,ResizeObjects,step_started,started,25.806451612903224,8,31
cp_tutorial_3d_monolayer,1,16,1791301831.73473,1392522,worker_0,W007,ResizeObjects,pattern_group,running,100.0,1,1
cp_tutorial_3d_monolayer,1,16,1791301831.7351975,1392522,worker_0,W007,ResizeObjects,step_completed,success,29.03225806451613,9,31
cp_tutorial_3d_monolayer,1,16,1791301831.735222,1392522,worker_0,W007,ConvertObjectsToImage,step_started,started,29.03225806451613,9,31
cp_tutorial_3d_monolayer,1,16,1791301831.7538898,1392522,worker_0,W007,ConvertObjectsToImage,pattern_group,running,100.0,1,1
cp_tutorial_3d_monolayer,1,16,1791301831.7540367,1392522,worker_0,W007,ConvertObjectsToImage,step_completed,success,32.25806451612903,10,31
cp_tutorial_3d_monolayer,1,16,1791301831.7540603,1392522,worker_0,W007,Threshold,step_started,started,32.25806451612903,10,31
cp_tutorial_3d_monolayer,1,16,1791301831.947452,1392522,worker_0,W007,Threshold,pattern_group,running,100.0,1,1
cp_tutorial_3d_monolayer,1,16,1791301831.9477553,1392522,worker_0,W007,Threshold,step_completed,success,35.483870967741936,11,31
cp_tutorial_3d_monolayer,1,16,1791301831.947781,1392522,worker_0,W007,ImageMath,step_started,started,35.483870967741936,11,31
cp_tutorial_3d_monolayer,1,16,1791301831.9800103,1392522,worker_0,W007,ImageMath,pattern_group,running,100.0,1,1
cp_tutorial_3d_monolayer,1,16,1791301831.98016,1392522,worker_0,W007,ImageMath,step_completed,success,38.70967741935484,12,31
cp_tutorial_3d_monolayer,1,16,1791301831.9801815,1392522,worker_0,W007,RemoveHoles,step_started,started,38.70967741935484,12,31
cp_tutorial_3d_monolayer,1,16,1791301832.0255687,1392522,worker_0,W007,RemoveHoles,pattern_group,running,100.0,1,1
cp_tutorial_3d_monolayer,1,16,1791301832.0257134,1392522,worker_0,W007,RemoveHoles,step_completed,success,41.935483870967744,13,31
cp_tutorial_3d_monolayer,1,16,1791301832.0257363,1392522,worker_0,W007,ImageMath,step_started,started,41.935483870967744,13,31
cp_tutorial_3d_monolayer,1,16,1791301832.3068144,1392522,worker_0,W007,ImageMath,pattern_group,running,100.0,1,1
cp_tutorial_3d_monolayer,1,16,1791301832.3069627,1392522,worker_0,W007,ImageMath,step_completed,success,45.16129032258064,14,31
cp_tutorial_3d_monolayer,1,16,1791301832.3069835,1392522,worker_0,W007,Resize,step_started,started,45.16129032258064,14,31
cp_tutorial_3d_monolayer,1,16,1791301832.3662927,1392522,worker_0,W007,Resize,pattern_group,running,100.0,1,1
cp_tutorial_3d_monolayer,1,16,1791301832.3664372,1392522,worker_0,W007,Resize,step_completed,success,48.38709677419355,15,31
cp_tutorial_3d_monolayer,1,16,1791301832.3664582,1392522,worker_0,W007,Closing,step_started,started,48.38709677419355,15,31
cp_tutorial_3d_monolayer,1,16,1791301832.444709,1392522,worker_0,W007,Closing,pattern_group,running,100.0,1,1
cp_tutorial_3d_monolayer,1,16,1791301832.4448526,1392522,worker_0,W007,Closing,step_completed,success,51.61290322580645,16,31
cp_tutorial_3d_monolayer,1,16,1791301832.4448738,1392522,worker_0,W007,Resize,step_started,started,51.61290322580645,16,31
cp_tutorial_3d_monolayer,1,16,1791301832.4958878,1392522,worker_0,W007,Resize,pattern_group,running,100.0,1,1
cp_tutorial_3d_monolayer,1,16,1791301832.4960349,1392522,worker_0,W007,Resize,step_completed,success,54.83870967741935,17,31
cp_tutorial_3d_monolayer,1,16,1791301832.496057,1392522,worker_0,W007,Threshold,step_started,started,54.83870967741935,17,31
cp_tutorial_3d_monolayer,1,16,1791301832.6604338,1392522,worker_0,W007,Threshold,pattern_group,running,100.0,1,1
cp_tutorial_3d_monolayer,1,16,1791301832.6606817,1392522,worker_0,W007,Threshold,step_completed,success,58.06451612903226,18,31
cp_tutorial_3d_monolayer,1,16,1791301832.6607025,1392522,worker_0,W007,MaskImage,step_started,started,58.06451612903226,18,31
cp_tutorial_3d_monolayer,1,16,1791301832.7068162,1392522,worker_0,W007,MaskImage,pattern_group,running,100.0,1,1
cp_tutorial_3d_monolayer,1,16,1791301832.7069705,1392522,worker_0,W007,MaskImage,step_completed,success,61.29032258064516,19,31
cp_tutorial_3d_monolayer,1,16,1791301832.7069921,1392522,worker_0,W007,ErodeImage,step_started,started,61.29032258064516,19,31
cp_tutorial_3d_monolayer,1,16,1791301832.7386956,1392522,worker_0,W007,ErodeImage,pattern_group,running,100.0,1,1
cp_tutorial_3d_monolayer,1,16,1791301832.738838,1392522,worker_0,W007,ErodeImage,step_completed,success,64.51612903225806,20,31
cp_tutorial_3d_monolayer,1,16,1791301832.7388587,1392522,worker_0,W007,Watershed,step_started,started,64.51612903225806,20,31
cp_tutorial_3d_monolayer,1,16,1791301832.834835,1392522,worker_0,W007,Watershed,pattern_group,running,100.0,1,1
cp_tutorial_3d_monolayer,1,16,1791301832.835224,1392522,worker_0,W007,Watershed,step_completed,success,67.74193548387096,21,31
cp_tutorial_3d_monolayer,1,16,1791301832.8352458,1392522,worker_0,W007,MeasureObjectIntensity,step_started,started,67.74193548387096,21,31
cp_tutorial_3d_monolayer,1,16,1791301833.0820265,1392522,worker_0,W007,MeasureObjectIntensity,pattern_group,running,50.0,1,2
cp_tutorial_3d_monolayer,1,16,1791301833.362702,1392522,worker_0,W007,MeasureObjectIntensity,pattern_group,running,100.0,2,2
cp_tutorial_3d_monolayer,1,16,1791301833.3651562,1392522,worker_0,W007,MeasureObjectIntensity,step_completed,success,70.96774193548387,22,31
cp_tutorial_3d_monolayer,1,16,1791301833.3651812,1392522,worker_0,W007,MeasureObjectSizeShape,step_started,started,70.96774193548387,22,31
cp_tutorial_3d_monolayer,1,16,1791301833.4624674,1392522,worker_0,W007,MeasureObjectSizeShape,pattern_group,running,50.0,1,2
cp_tutorial_3d_monolayer,1,16,1791301833.55772,1392522,worker_0,W007,MeasureObjectSizeShape,pattern_group,running,100.0,2,2
cp_tutorial_3d_monolayer,1,16,1791301833.5583076,1392522,worker_0,W007,MeasureObjectSizeShape,step_completed,success,74.19354838709677,23,31
cp_tutorial_3d_monolayer,1,16,1791301833.55833,1392522,worker_0,W007,OverlayObjects,step_started,started,74.19354838709677,23,31
cp_tutorial_3d_monolayer,1,16,1791301833.5989516,1392522,worker_0,W007,OverlayObjects,pattern_group,running,100.0,1,1
cp_tutorial_3d_monolayer,1,16,1791301833.5990684,1392522,worker_0,W007,OverlayObjects,step_completed,success,77.41935483870968,24,31
cp_tutorial_3d_monolayer,1,16,1791301833.5990891,1392522,worker_0,W007,RescaleIntensity,step_started,started,77.41935483870968,24,31
cp_tutorial_3d_monolayer,1,16,1791301833.7030802,1392522,worker_0,W007,RescaleIntensity,pattern_group,running,100.0,1,1
cp_tutorial_3d_monolayer,1,16,1791301833.7032218,1392522,worker_0,W007,RescaleIntensity,step_completed,success,80.64516129032258,25,31
cp_tutorial_3d_monolayer,1,16,1791301833.7032437,1392522,worker_0,W007,OverlayObjects,step_started,started,80.64516129032258,25,31
cp_tutorial_3d_monolayer,1,16,1791301833.741855,1392522,worker_0,W007,OverlayObjects,pattern_group,running,100.0,1,1
cp_tutorial_3d_monolayer,1,16,1791301833.74196,1392522,worker_0,W007,OverlayObjects,step_completed,success,83.87096774193549,26,31
cp_tutorial_3d_monolayer,1,16,1791301833.7419815,1392522,worker_0,W007,ConvertObjectsToImage,step_started,started,83.87096774193549,26,31
cp_tutorial_3d_monolayer,1,16,1791301833.774569,1392522,worker_0,W007,ConvertObjectsToImage,pattern_group,running,100.0,1,1
cp_tutorial_3d_monolayer,1,16,1791301833.7747152,1392522,worker_0,W007,ConvertObjectsToImage,step_completed,success,87.09677419354838,27,31
cp_tutorial_3d_monolayer,1,16,1791301833.7747376,1392522,worker_0,W007,SaveImages,step_started,started,87.09677419354838,27,31
cp_tutorial_3d_monolayer,1,16,1791301833.8235009,1392522,worker_0,W007,SaveImages,pattern_group,running,100.0,1,1
cp_tutorial_3d_monolayer,1,16,1791301833.8303642,1392522,worker_0,W007,SaveImages,step_completed,success,90.32258064516128,28,31
cp_tutorial_3d_monolayer,1,16,1791301833.830401,1392522,worker_0,W007,ConvertObjectsToImage,step_started,started,90.32258064516128,28,31
cp_tutorial_3d_monolayer,1,16,1791301833.8629756,1392522,worker_0,W007,ConvertObjectsToImage,pattern_group,running,100.0,1,1
cp_tutorial_3d_monolayer,1,16,1791301833.8631449,1392522,worker_0,W007,ConvertObjectsToImage,step_completed,success,93.54838709677419,29,31
cp_tutorial_3d_monolayer,1,16,1791301833.8631678,1392522,worker_0,W007,SaveImages,step_started,started,93.54838709677419,29,31
cp_tutorial_3d_monolayer,1,16,1791301833.9125183,1392522,worker_0,W007,SaveImages,pattern_group,running,100.0,1,1
cp_tutorial_3d_monolayer,1,16,1791301833.9234688,1392522,worker_0,W007,SaveImages,step_completed,success,96.7741935483871,30,31
cp_tutorial_3d_monolayer,1,16,1791301833.9281843,1392522,worker_0,W007,pipeline,axis_completed,success,96.7741935483871,30,31
cp_tutorial_3d_monolayer,1,16,1791301833.9282837,1392522,worker_0,W008,pipeline,axis_started,started,0.0,0,31
cp_tutorial_3d_monolayer,1,16,1791301833.9283185,1392522,worker_0,W008,RescaleIntensity,step_started,started,0.0,0,31
cp_tutorial_3d_monolayer,1,16,1791301834.2153838,1392522,worker_0,W008,RescaleIntensity,pattern_group,running,100.0,1,1
cp_tutorial_3d_monolayer,1,16,1791301834.2155244,1392522,worker_0,W008,RescaleIntensity,step_completed,success,3.225806451612903,1,31
cp_tutorial_3d_monolayer,1,16,1791301834.215545,1392522,worker_0,W008,Resize,step_started,started,3.225806451612903,1,31
cp_tutorial_3d_monolayer,1,16,1791301834.270721,1392522,worker_0,W008,Resize,pattern_group,running,100.0,1,1
cp_tutorial_3d_monolayer,1,16,1791301834.270855,1392522,worker_0,W008,Resize,step_completed,success,6.451612903225806,2,31
cp_tutorial_3d_monolayer,1,16,1791301834.2708764,1392522,worker_0,W008,MedianFilter,step_started,started,6.451612903225806,2,31
cp_tutorial_3d_monolayer,1,16,1791301834.435686,1392522,worker_0,W008,MedianFilter,pattern_group,running,100.0,1,1
cp_tutorial_3d_monolayer,1,16,1791301834.435821,1392522,worker_0,W008,MedianFilter,step_completed,success,9.67741935483871,3,31
cp_tutorial_3d_monolayer,1,16,1791301834.435843,1392522,worker_0,W008,Threshold,step_started,started,9.67741935483871,3,31
cp_tutorial_3d_monolayer,1,16,1791301834.4734242,1392522,worker_0,W008,Threshold,pattern_group,running,100.0,1,1
cp_tutorial_3d_monolayer,1,16,1791301834.4736688,1392522,worker_0,W008,Threshold,step_completed,success,12.903225806451612,4,31
cp_tutorial_3d_monolayer,1,16,1791301834.4736912,1392522,worker_0,W008,RemoveHoles,step_started,started,12.903225806451612,4,31
cp_tutorial_3d_monolayer,1,16,1791301834.4898736,1392522,worker_0,W008,RemoveHoles,pattern_group,running,100.0,1,1
cp_tutorial_3d_monolayer,1,16,1791301834.4900217,1392522,worker_0,W008,RemoveHoles,step_completed,success,16.129032258064516,5,31
cp_tutorial_3d_monolayer,1,16,1791301834.4900424,1392522,worker_0,W008,Watershed,step_started,started,16.129032258064516,5,31
cp_tutorial_3d_monolayer,1,16,1791301834.5814798,1392522,worker_0,W008,Watershed,pattern_group,running,100.0,1,1
cp_tutorial_3d_monolayer,1,16,1791301834.5818646,1392522,worker_0,W008,Watershed,step_completed,success,19.35483870967742,6,31
cp_tutorial_3d_monolayer,1,16,1791301834.581886,1392522,worker_0,W008,ResizeObjects,step_started,started,19.35483870967742,6,31
cp_tutorial_3d_monolayer,1,16,1791301834.6083665,1392522,worker_0,W008,ResizeObjects,pattern_group,running,100.0,1,1
cp_tutorial_3d_monolayer,1,16,1791301834.6088378,1392522,worker_0,W008,ResizeObjects,step_completed,success,22.58064516129032,7,31
cp_tutorial_3d_monolayer,1,16,1791301834.6088607,1392522,worker_0,W008,ErodeObjects,step_started,started,22.58064516129032,7,31
cp_tutorial_3d_monolayer,1,16,1791301834.665088,1392522,worker_0,W008,ErodeObjects,pattern_group,running,100.0,1,1
cp_tutorial_3d_monolayer,1,16,1791301834.6655695,1392522,worker_0,W008,ErodeObjects,step_completed,success,25.806451612903224,8,31
cp_tutorial_3d_monolayer,1,16,1791301834.665594,1392522,worker_0,W008,ResizeObjects,step_started,started,25.806451612903224,8,31
cp_tutorial_3d_monolayer,1,16,1791301834.6888497,1392522,worker_0,W008,ResizeObjects,pattern_group,running,100.0,1,1
cp_tutorial_3d_monolayer,1,16,1791301834.6893306,1392522,worker_0,W008,ResizeObjects,step_completed,success,29.03225806451613,9,31
cp_tutorial_3d_monolayer,1,16,1791301834.689355,1392522,worker_0,W008,ConvertObjectsToImage,step_started,started,29.03225806451613,9,31
cp_tutorial_3d_monolayer,1,16,1791301834.7076006,1392522,worker_0,W008,ConvertObjectsToImage,pattern_group,running,100.0,1,1
cp_tutorial_3d_monolayer,1,16,1791301834.7077477,1392522,worker_0,W008,ConvertObjectsToImage,step_completed,success,32.25806451612903,10,31
cp_tutorial_3d_monolayer,1,16,1791301834.7077692,1392522,worker_0,W008,Threshold,step_started,started,32.25806451612903,10,31
cp_tutorial_3d_monolayer,1,16,1791301834.9006164,1392522,worker_0,W008,Threshold,pattern_group,running,100.0,1,1
cp_tutorial_3d_monolayer,1,16,1791301834.9008713,1392522,worker_0,W008,Threshold,step_completed,success,35.483870967741936,11,31
cp_tutorial_3d_monolayer,1,16,1791301834.9008946,1392522,worker_0,W008,ImageMath,step_started,started,35.483870967741936,11,31
cp_tutorial_3d_monolayer,1,16,1791301834.932652,1392522,worker_0,W008,ImageMath,pattern_group,running,100.0,1,1
cp_tutorial_3d_monolayer,1,16,1791301834.9328163,1392522,worker_0,W008,ImageMath,step_completed,success,38.70967741935484,12,31
cp_tutorial_3d_monolayer,1,16,1791301834.9328415,1392522,worker_0,W008,RemoveHoles,step_started,started,38.70967741935484,12,31
cp_tutorial_3d_monolayer,1,16,1791301834.9790852,1392522,worker_0,W008,RemoveHoles,pattern_group,running,100.0,1,1
cp_tutorial_3d_monolayer,1,16,1791301834.979232,1392522,worker_0,W008,RemoveHoles,step_completed,success,41.935483870967744,13,31
cp_tutorial_3d_monolayer,1,16,1791301834.9792542,1392522,worker_0,W008,ImageMath,step_started,started,41.935483870967744,13,31
cp_tutorial_3d_monolayer,1,16,1791301835.260055,1392522,worker_0,W008,ImageMath,pattern_group,running,100.0,1,1
cp_tutorial_3d_monolayer,1,16,1791301835.2602334,1392522,worker_0,W008,ImageMath,step_completed,success,45.16129032258064,14,31
cp_tutorial_3d_monolayer,1,16,1791301835.2602618,1392522,worker_0,W008,Resize,step_started,started,45.16129032258064,14,31
cp_tutorial_3d_monolayer,1,16,1791301835.320151,1392522,worker_0,W008,Resize,pattern_group,running,100.0,1,1
cp_tutorial_3d_monolayer,1,16,1791301835.320296,1392522,worker_0,W008,Resize,step_completed,success,48.38709677419355,15,31
cp_tutorial_3d_monolayer,1,16,1791301835.3203166,1392522,worker_0,W008,Closing,step_started,started,48.38709677419355,15,31
cp_tutorial_3d_monolayer,1,16,1791301835.3987086,1392522,worker_0,W008,Closing,pattern_group,running,100.0,1,1
cp_tutorial_3d_monolayer,1,16,1791301835.39886,1392522,worker_0,W008,Closing,step_completed,success,51.61290322580645,16,31
cp_tutorial_3d_monolayer,1,16,1791301835.3988824,1392522,worker_0,W008,Resize,step_started,started,51.61290322580645,16,31
cp_tutorial_3d_monolayer,1,16,1791301835.4497952,1392522,worker_0,W008,Resize,pattern_group,running,100.0,1,1
cp_tutorial_3d_monolayer,1,16,1791301835.4499483,1392522,worker_0,W008,Resize,step_completed,success,54.83870967741935,17,31
cp_tutorial_3d_monolayer,1,16,1791301835.44997,1392522,worker_0,W008,Threshold,step_started,started,54.83870967741935,17,31
cp_tutorial_3d_monolayer,1,16,1791301835.6126957,1392522,worker_0,W008,Threshold,pattern_group,running,100.0,1,1
cp_tutorial_3d_monolayer,1,16,1791301835.6129386,1392522,worker_0,W008,Threshold,step_completed,success,58.06451612903226,18,31
cp_tutorial_3d_monolayer,1,16,1791301835.6129599,1392522,worker_0,W008,MaskImage,step_started,started,58.06451612903226,18,31
cp_tutorial_3d_monolayer,1,16,1791301835.6581967,1392522,worker_0,W008,MaskImage,pattern_group,running,100.0,1,1
cp_tutorial_3d_monolayer,1,16,1791301835.6583579,1392522,worker_0,W008,MaskImage,step_completed,success,61.29032258064516,19,31
cp_tutorial_3d_monolayer,1,16,1791301835.6583798,1392522,worker_0,W008,ErodeImage,step_started,started,61.29032258064516,19,31
cp_tutorial_3d_monolayer,1,16,1791301835.6893818,1392522,worker_0,W008,ErodeImage,pattern_group,running,100.0,1,1
cp_tutorial_3d_monolayer,1,16,1791301835.6895242,1392522,worker_0,W008,ErodeImage,step_completed,success,64.51612903225806,20,31
cp_tutorial_3d_monolayer,1,16,1791301835.689545,1392522,worker_0,W008,Watershed,step_started,started,64.51612903225806,20,31
cp_tutorial_3d_monolayer,1,16,1791301835.7955196,1392522,worker_0,W008,Watershed,pattern_group,running,100.0,1,1
cp_tutorial_3d_monolayer,1,16,1791301835.7959187,1392522,worker_0,W008,Watershed,step_completed,success,67.74193548387096,21,31
cp_tutorial_3d_monolayer,1,16,1791301835.7959406,1392522,worker_0,W008,MeasureObjectIntensity,step_started,started,67.74193548387096,21,31
cp_tutorial_3d_monolayer,1,16,1791301836.040632,1392522,worker_0,W008,MeasureObjectIntensity,pattern_group,running,50.0,1,2
cp_tutorial_3d_monolayer,1,16,1791301836.3188183,1392522,worker_0,W008,MeasureObjectIntensity,pattern_group,running,100.0,2,2
cp_tutorial_3d_monolayer,1,16,1791301836.321032,1392522,worker_0,W008,MeasureObjectIntensity,step_completed,success,70.96774193548387,22,31
cp_tutorial_3d_monolayer,1,16,1791301836.3210557,1392522,worker_0,W008,MeasureObjectSizeShape,step_started,started,70.96774193548387,22,31
cp_tutorial_3d_monolayer,1,16,1791301836.4173224,1392522,worker_0,W008,MeasureObjectSizeShape,pattern_group,running,50.0,1,2
cp_tutorial_3d_monolayer,1,16,1791301836.5121412,1392522,worker_0,W008,MeasureObjectSizeShape,pattern_group,running,100.0,2,2
cp_tutorial_3d_monolayer,1,16,1791301836.512729,1392522,worker_0,W008,MeasureObjectSizeShape,step_completed,success,74.19354838709677,23,31
cp_tutorial_3d_monolayer,1,16,1791301836.5127506,1392522,worker_0,W008,OverlayObjects,step_started,started,74.19354838709677,23,31
cp_tutorial_3d_monolayer,1,16,1791301836.5546255,1392522,worker_0,W008,OverlayObjects,pattern_group,running,100.0,1,1
cp_tutorial_3d_monolayer,1,16,1791301836.5547497,1392522,worker_0,W008,OverlayObjects,step_completed,success,77.41935483870968,24,31
cp_tutorial_3d_monolayer,1,16,1791301836.5547717,1392522,worker_0,W008,RescaleIntensity,step_started,started,77.41935483870968,24,31
cp_tutorial_3d_monolayer,1,16,1791301836.6571844,1392522,worker_0,W008,RescaleIntensity,pattern_group,running,100.0,1,1
cp_tutorial_3d_monolayer,1,16,1791301836.6573308,1392522,worker_0,W008,RescaleIntensity,step_completed,success,80.64516129032258,25,31
cp_tutorial_3d_monolayer,1,16,1791301836.6573522,1392522,worker_0,W008,OverlayObjects,step_started,started,80.64516129032258,25,31
cp_tutorial_3d_monolayer,1,16,1791301836.6975112,1392522,worker_0,W008,OverlayObjects,pattern_group,running,100.0,1,1
cp_tutorial_3d_monolayer,1,16,1791301836.6976109,1392522,worker_0,W008,OverlayObjects,step_completed,success,83.87096774193549,26,31
cp_tutorial_3d_monolayer,1,16,1791301836.697632,1392522,worker_0,W008,ConvertObjectsToImage,step_started,started,83.87096774193549,26,31
cp_tutorial_3d_monolayer,1,16,1791301836.7291749,1392522,worker_0,W008,ConvertObjectsToImage,pattern_group,running,100.0,1,1
cp_tutorial_3d_monolayer,1,16,1791301836.7293246,1392522,worker_0,W008,ConvertObjectsToImage,step_completed,success,87.09677419354838,27,31
cp_tutorial_3d_monolayer,1,16,1791301836.7293465,1392522,worker_0,W008,SaveImages,step_started,started,87.09677419354838,27,31
cp_tutorial_3d_monolayer,1,16,1791301836.777847,1392522,worker_0,W008,SaveImages,pattern_group,running,100.0,1,1
cp_tutorial_3d_monolayer,1,16,1791301836.78467,1392522,worker_0,W008,SaveImages,step_completed,success,90.32258064516128,28,31
cp_tutorial_3d_monolayer,1,16,1791301836.7847116,1392522,worker_0,W008,ConvertObjectsToImage,step_started,started,90.32258064516128,28,31
cp_tutorial_3d_monolayer,1,16,1791301836.8188875,1392522,worker_0,W008,ConvertObjectsToImage,pattern_group,running,100.0,1,1
cp_tutorial_3d_monolayer,1,16,1791301836.8190534,1392522,worker_0,W008,ConvertObjectsToImage,step_completed,success,93.54838709677419,29,31
cp_tutorial_3d_monolayer,1,16,1791301836.8190756,1392522,worker_0,W008,SaveImages,step_started,started,93.54838709677419,29,31
cp_tutorial_3d_monolayer,1,16,1791301836.8682623,1392522,worker_0,W008,SaveImages,pattern_group,running,100.0,1,1
cp_tutorial_3d_monolayer,1,16,1791301836.874796,1392522,worker_0,W008,SaveImages,step_completed,success,96.7741935483871,30,31
cp_tutorial_3d_monolayer,1,16,1791301836.8789647,1392522,worker_0,W008,pipeline,axis_completed,success,96.7741935483871,30,31
cp_tutorial_3d_monolayer,1,16,1791301836.8790388,1392522,worker_0,W009,pipeline,axis_started,started,0.0,0,31
cp_tutorial_3d_monolayer,1,16,1791301836.8790708,1392522,worker_0,W009,RescaleIntensity,step_started,started,0.0,0,31
cp_tutorial_3d_monolayer,1,16,1791301837.3138723,1392522,worker_0,W009,RescaleIntensity,pattern_group,running,100.0,1,1
cp_tutorial_3d_monolayer,1,16,1791301837.3140216,1392522,worker_0,W009,RescaleIntensity,step_completed,success,3.225806451612903,1,31
cp_tutorial_3d_monolayer,1,16,1791301837.3140433,1392522,worker_0,W009,Resize,step_started,started,3.225806451612903,1,31
cp_tutorial_3d_monolayer,1,16,1791301837.3691192,1392522,worker_0,W009,Resize,pattern_group,running,100.0,1,1
cp_tutorial_3d_monolayer,1,16,1791301837.3692932,1392522,worker_0,W009,Resize,step_completed,success,6.451612903225806,2,31
cp_tutorial_3d_monolayer,1,16,1791301837.3693151,1392522,worker_0,W009,MedianFilter,step_started,started,6.451612903225806,2,31
cp_tutorial_3d_monolayer,1,16,1791301837.5346904,1392522,worker_0,W009,MedianFilter,pattern_group,running,100.0,1,1
cp_tutorial_3d_monolayer,1,16,1791301837.534829,1392522,worker_0,W009,MedianFilter,step_completed,success,9.67741935483871,3,31
cp_tutorial_3d_monolayer,1,16,1791301837.5348496,1392522,worker_0,W009,Threshold,step_started,started,9.67741935483871,3,31
cp_tutorial_3d_monolayer,1,16,1791301837.571223,1392522,worker_0,W009,Threshold,pattern_group,running,100.0,1,1
cp_tutorial_3d_monolayer,1,16,1791301837.5717256,1392522,worker_0,W009,Threshold,step_completed,success,12.903225806451612,4,31
cp_tutorial_3d_monolayer,1,16,1791301837.5717554,1392522,worker_0,W009,RemoveHoles,step_started,started,12.903225806451612,4,31
cp_tutorial_3d_monolayer,1,16,1791301837.5885856,1392522,worker_0,W009,RemoveHoles,pattern_group,running,100.0,1,1
cp_tutorial_3d_monolayer,1,16,1791301837.5887291,1392522,worker_0,W009,RemoveHoles,step_completed,success,16.129032258064516,5,31
cp_tutorial_3d_monolayer,1,16,1791301837.58875,1392522,worker_0,W009,Watershed,step_started,started,16.129032258064516,5,31
cp_tutorial_3d_monolayer,1,16,1791301837.6794157,1392522,worker_0,W009,Watershed,pattern_group,running,100.0,1,1
cp_tutorial_3d_monolayer,1,16,1791301837.679796,1392522,worker_0,W009,Watershed,step_completed,success,19.35483870967742,6,31
cp_tutorial_3d_monolayer,1,16,1791301837.6798167,1392522,worker_0,W009,ResizeObjects,step_started,started,19.35483870967742,6,31
cp_tutorial_3d_monolayer,1,16,1791301837.70674,1392522,worker_0,W009,ResizeObjects,pattern_group,running,100.0,1,1
cp_tutorial_3d_monolayer,1,16,1791301837.7072105,1392522,worker_0,W009,ResizeObjects,step_completed,success,22.58064516129032,7,31
cp_tutorial_3d_monolayer,1,16,1791301837.7072334,1392522,worker_0,W009,ErodeObjects,step_started,started,22.58064516129032,7,31
cp_tutorial_3d_monolayer,1,16,1791301837.7638218,1392522,worker_0,W009,ErodeObjects,pattern_group,running,100.0,1,1
cp_tutorial_3d_monolayer,1,16,1791301837.7642884,1392522,worker_0,W009,ErodeObjects,step_completed,success,25.806451612903224,8,31
cp_tutorial_3d_monolayer,1,16,1791301837.7643135,1392522,worker_0,W009,ResizeObjects,step_started,started,25.806451612903224,8,31
cp_tutorial_3d_monolayer,1,16,1791301837.7877278,1392522,worker_0,W009,ResizeObjects,pattern_group,running,100.0,1,1
cp_tutorial_3d_monolayer,1,16,1791301837.78818,1392522,worker_0,W009,ResizeObjects,step_completed,success,29.03225806451613,9,31
cp_tutorial_3d_monolayer,1,16,1791301837.7882037,1392522,worker_0,W009,ConvertObjectsToImage,step_started,started,29.03225806451613,9,31
cp_tutorial_3d_monolayer,1,16,1791301837.8067997,1392522,worker_0,W009,ConvertObjectsToImage,pattern_group,running,100.0,1,1
cp_tutorial_3d_monolayer,1,16,1791301837.8069503,1392522,worker_0,W009,ConvertObjectsToImage,step_completed,success,32.25806451612903,10,31
cp_tutorial_3d_monolayer,1,16,1791301837.8069737,1392522,worker_0,W009,Threshold,step_started,started,32.25806451612903,10,31
cp_tutorial_3d_monolayer,1,16,1791301838.0000787,1392522,worker_0,W009,Threshold,pattern_group,running,100.0,1,1
cp_tutorial_3d_monolayer,1,16,1791301838.0003393,1392522,worker_0,W009,Threshold,step_completed,success,35.483870967741936,11,31
cp_tutorial_3d_monolayer,1,16,1791301838.0003643,1392522,worker_0,W009,ImageMath,step_started,started,35.483870967741936,11,31
cp_tutorial_3d_monolayer,1,16,1791301838.0317225,1392522,worker_0,W009,ImageMath,pattern_group,running,100.0,1,1
cp_tutorial_3d_monolayer,1,16,1791301838.0318704,1392522,worker_0,W009,ImageMath,step_completed,success,38.70967741935484,12,31
cp_tutorial_3d_monolayer,1,16,1791301838.0318928,1392522,worker_0,W009,RemoveHoles,step_started,started,38.70967741935484,12,31
cp_tutorial_3d_monolayer,1,16,1791301838.0766914,1392522,worker_0,W009,RemoveHoles,pattern_group,running,100.0,1,1
cp_tutorial_3d_monolayer,1,16,1791301838.0768373,1392522,worker_0,W009,RemoveHoles,step_completed,success,41.935483870967744,13,31
cp_tutorial_3d_monolayer,1,16,1791301838.0768607,1392522,worker_0,W009,ImageMath,step_started,started,41.935483870967744,13,31
cp_tutorial_3d_monolayer,1,16,1791301838.3564515,1392522,worker_0,W009,ImageMath,pattern_group,running,100.0,1,1
cp_tutorial_3d_monolayer,1,16,1791301838.356599,1392522,worker_0,W009,ImageMath,step_completed,success,45.16129032258064,14,31
cp_tutorial_3d_monolayer,1,16,1791301838.35662,1392522,worker_0,W009,Resize,step_started,started,45.16129032258064,14,31
cp_tutorial_3d_monolayer,1,16,1791301838.4161828,1392522,worker_0,W009,Resize,pattern_group,running,100.0,1,1
cp_tutorial_3d_monolayer,1,16,1791301838.4163294,1392522,worker_0,W009,Resize,step_completed,success,48.38709677419355,15,31
cp_tutorial_3d_monolayer,1,16,1791301838.4163504,1392522,worker_0,W009,Closing,step_started,started,48.38709677419355,15,31
cp_tutorial_3d_monolayer,1,16,1791301838.4945033,1392522,worker_0,W009,Closing,pattern_group,running,100.0,1,1
cp_tutorial_3d_monolayer,1,16,1791301838.4946404,1392522,worker_0,W009,Closing,step_completed,success,51.61290322580645,16,31
cp_tutorial_3d_monolayer,1,16,1791301838.4946606,1392522,worker_0,W009,Resize,step_started,started,51.61290322580645,16,31
cp_tutorial_3d_monolayer,1,16,1791301838.5437405,1392522,worker_0,W009,Resize,pattern_group,running,100.0,1,1
cp_tutorial_3d_monolayer,1,16,1791301838.5438817,1392522,worker_0,W009,Resize,step_completed,success,54.83870967741935,17,31
cp_tutorial_3d_monolayer,1,16,1791301838.5439024,1392522,worker_0,W009,Threshold,step_started,started,54.83870967741935,17,31
cp_tutorial_3d_monolayer,1,16,1791301838.7072866,1392522,worker_0,W009,Threshold,pattern_group,running,100.0,1,1
cp_tutorial_3d_monolayer,1,16,1791301838.7075396,1392522,worker_0,W009,Threshold,step_completed,success,58.06451612903226,18,31
cp_tutorial_3d_monolayer,1,16,1791301838.7075658,1392522,worker_0,W009,MaskImage,step_started,started,58.06451612903226,18,31
cp_tutorial_3d_monolayer,1,16,1791301838.753663,1392522,worker_0,W009,MaskImage,pattern_group,running,100.0,1,1
cp_tutorial_3d_monolayer,1,16,1791301838.753809,1392522,worker_0,W009,MaskImage,step_completed,success,61.29032258064516,19,31
cp_tutorial_3d_monolayer,1,16,1791301838.753829,1392522,worker_0,W009,ErodeImage,step_started,started,61.29032258064516,19,31
cp_tutorial_3d_monolayer,1,16,1791301838.7852206,1392522,worker_0,W009,ErodeImage,pattern_group,running,100.0,1,1
cp_tutorial_3d_monolayer,1,16,1791301838.7853646,1392522,worker_0,W009,ErodeImage,step_completed,success,64.51612903225806,20,31
cp_tutorial_3d_monolayer,1,16,1791301838.7853858,1392522,worker_0,W009,Watershed,step_started,started,64.51612903225806,20,31
cp_tutorial_3d_monolayer,1,16,1791301838.875314,1392522,worker_0,W009,Watershed,pattern_group,running,100.0,1,1
cp_tutorial_3d_monolayer,1,16,1791301838.8757112,1392522,worker_0,W009,Watershed,step_completed,success,67.74193548387096,21,31
cp_tutorial_3d_monolayer,1,16,1791301838.8757336,1392522,worker_0,W009,MeasureObjectIntensity,step_started,started,67.74193548387096,21,31
cp_tutorial_3d_monolayer,1,16,1791301839.1220732,1392522,worker_0,W009,MeasureObjectIntensity,pattern_group,running,50.0,1,2
cp_tutorial_3d_monolayer,1,16,1791301839.4034667,1392522,worker_0,W009,MeasureObjectIntensity,pattern_group,running,100.0,2,2
cp_tutorial_3d_monolayer,1,16,1791301839.405669,1392522,worker_0,W009,MeasureObjectIntensity,step_completed,success,70.96774193548387,22,31
cp_tutorial_3d_monolayer,1,16,1791301839.4056926,1392522,worker_0,W009,MeasureObjectSizeShape,step_started,started,70.96774193548387,22,31
cp_tutorial_3d_monolayer,1,16,1791301839.5025585,1392522,worker_0,W009,MeasureObjectSizeShape,pattern_group,running,50.0,1,2
cp_tutorial_3d_monolayer,1,16,1791301839.5977514,1392522,worker_0,W009,MeasureObjectSizeShape,pattern_group,running,100.0,2,2
cp_tutorial_3d_monolayer,1,16,1791301839.5983334,1392522,worker_0,W009,MeasureObjectSizeShape,step_completed,success,74.19354838709677,23,31
cp_tutorial_3d_monolayer,1,16,1791301839.5983567,1392522,worker_0,W009,OverlayObjects,step_started,started,74.19354838709677,23,31
cp_tutorial_3d_monolayer,1,16,1791301839.638004,1392522,worker_0,W009,OverlayObjects,pattern_group,running,100.0,1,1
cp_tutorial_3d_monolayer,1,16,1791301839.6381218,1392522,worker_0,W009,OverlayObjects,step_completed,success,77.41935483870968,24,31
cp_tutorial_3d_monolayer,1,16,1791301839.6381428,1392522,worker_0,W009,RescaleIntensity,step_started,started,77.41935483870968,24,31
cp_tutorial_3d_monolayer,1,16,1791301839.7412276,1392522,worker_0,W009,RescaleIntensity,pattern_group,running,100.0,1,1
cp_tutorial_3d_monolayer,1,16,1791301839.7413793,1392522,worker_0,W009,RescaleIntensity,step_completed,success,80.64516129032258,25,31
cp_tutorial_3d_monolayer,1,16,1791301839.7414017,1392522,worker_0,W009,OverlayObjects,step_started,started,80.64516129032258,25,31
cp_tutorial_3d_monolayer,1,16,1791301839.7798307,1392522,worker_0,W009,OverlayObjects,pattern_group,running,100.0,1,1
cp_tutorial_3d_monolayer,1,16,1791301839.7799335,1392522,worker_0,W009,OverlayObjects,step_completed,success,83.87096774193549,26,31
cp_tutorial_3d_monolayer,1,16,1791301839.7799559,1392522,worker_0,W009,ConvertObjectsToImage,step_started,started,83.87096774193549,26,31
cp_tutorial_3d_monolayer,1,16,1791301839.8119802,1392522,worker_0,W009,ConvertObjectsToImage,pattern_group,running,100.0,1,1
cp_tutorial_3d_monolayer,1,16,1791301839.812122,1392522,worker_0,W009,ConvertObjectsToImage,step_completed,success,87.09677419354838,27,31
cp_tutorial_3d_monolayer,1,16,1791301839.8121436,1392522,worker_0,W009,SaveImages,step_started,started,87.09677419354838,27,31
cp_tutorial_3d_monolayer,1,16,1791301839.8609192,1392522,worker_0,W009,SaveImages,pattern_group,running,100.0,1,1
cp_tutorial_3d_monolayer,1,16,1791301839.8679457,1392522,worker_0,W009,SaveImages,step_completed,success,90.32258064516128,28,31
cp_tutorial_3d_monolayer,1,16,1791301839.8679845,1392522,worker_0,W009,ConvertObjectsToImage,step_started,started,90.32258064516128,28,31
cp_tutorial_3d_monolayer,1,16,1791301839.9009714,1392522,worker_0,W009,ConvertObjectsToImage,pattern_group,running,100.0,1,1
cp_tutorial_3d_monolayer,1,16,1791301839.9011462,1392522,worker_0,W009,ConvertObjectsToImage,step_completed,success,93.54838709677419,29,31
cp_tutorial_3d_monolayer,1,16,1791301839.901169,1392522,worker_0,W009,SaveImages,step_started,started,93.54838709677419,29,31
cp_tutorial_3d_monolayer,1,16,1791301839.9539938,1392522,worker_0,W009,SaveImages,pattern_group,running,100.0,1,1
cp_tutorial_3d_monolayer,1,16,1791301839.9605172,1392522,worker_0,W009,SaveImages,step_completed,success,96.7741935483871,30,31
cp_tutorial_3d_monolayer,1,16,1791301839.9644926,1392522,worker_0,W009,pipeline,axis_completed,success,96.7741935483871,30,31
cp_tutorial_3d_monolayer,1,16,1791301839.964572,1392522,worker_0,W010,pipeline,axis_started,started,0.0,0,31
cp_tutorial_3d_monolayer,1,16,1791301839.9646041,1392522,worker_0,W010,RescaleIntensity,step_started,started,0.0,0,31
cp_tutorial_3d_monolayer,1,16,1791301840.2553222,1392522,worker_0,W010,RescaleIntensity,pattern_group,running,100.0,1,1
cp_tutorial_3d_monolayer,1,16,1791301840.255466,1392522,worker_0,W010,RescaleIntensity,step_completed,success,3.225806451612903,1,31
cp_tutorial_3d_monolayer,1,16,1791301840.255487,1392522,worker_0,W010,Resize,step_started,started,3.225806451612903,1,31
cp_tutorial_3d_monolayer,1,16,1791301840.3110533,1392522,worker_0,W010,Resize,pattern_group,running,100.0,1,1
cp_tutorial_3d_monolayer,1,16,1791301840.3111892,1392522,worker_0,W010,Resize,step_completed,success,6.451612903225806,2,31
cp_tutorial_3d_monolayer,1,16,1791301840.3112102,1392522,worker_0,W010,MedianFilter,step_started,started,6.451612903225806,2,31
cp_tutorial_3d_monolayer,1,16,1791301840.4758775,1392522,worker_0,W010,MedianFilter,pattern_group,running,100.0,1,1
cp_tutorial_3d_monolayer,1,16,1791301840.4760153,1392522,worker_0,W010,MedianFilter,step_completed,success,9.67741935483871,3,31
cp_tutorial_3d_monolayer,1,16,1791301840.4760356,1392522,worker_0,W010,Threshold,step_started,started,9.67741935483871,3,31
cp_tutorial_3d_monolayer,1,16,1791301840.512633,1392522,worker_0,W010,Threshold,pattern_group,running,100.0,1,1
cp_tutorial_3d_monolayer,1,16,1791301840.512875,1392522,worker_0,W010,Threshold,step_completed,success,12.903225806451612,4,31
cp_tutorial_3d_monolayer,1,16,1791301840.5128968,1392522,worker_0,W010,RemoveHoles,step_started,started,12.903225806451612,4,31
cp_tutorial_3d_monolayer,1,16,1791301840.5290954,1392522,worker_0,W010,RemoveHoles,pattern_group,running,100.0,1,1
cp_tutorial_3d_monolayer,1,16,1791301840.5292406,1392522,worker_0,W010,RemoveHoles,step_completed,success,16.129032258064516,5,31
cp_tutorial_3d_monolayer,1,16,1791301840.5292618,1392522,worker_0,W010,Watershed,step_started,started,16.129032258064516,5,31
cp_tutorial_3d_monolayer,1,16,1791301840.6209426,1392522,worker_0,W010,Watershed,pattern_group,running,100.0,1,1
cp_tutorial_3d_monolayer,1,16,1791301840.6213522,1392522,worker_0,W010,Watershed,step_completed,success,19.35483870967742,6,31
cp_tutorial_3d_monolayer,1,16,1791301840.6213737,1392522,worker_0,W010,ResizeObjects,step_started,started,19.35483870967742,6,31
cp_tutorial_3d_monolayer,1,16,1791301840.6495414,1392522,worker_0,W010,ResizeObjects,pattern_group,running,100.0,1,1
cp_tutorial_3d_monolayer,1,16,1791301840.650018,1392522,worker_0,W010,ResizeObjects,step_completed,success,22.58064516129032,7,31
cp_tutorial_3d_monolayer,1,16,1791301840.650041,1392522,worker_0,W010,ErodeObjects,step_started,started,22.58064516129032,7,31
cp_tutorial_3d_monolayer,1,16,1791301840.7070198,1392522,worker_0,W010,ErodeObjects,pattern_group,running,100.0,1,1
cp_tutorial_3d_monolayer,1,16,1791301840.707495,1392522,worker_0,W010,ErodeObjects,step_completed,success,25.806451612903224,8,31
cp_tutorial_3d_monolayer,1,16,1791301840.707521,1392522,worker_0,W010,ResizeObjects,step_started,started,25.806451612903224,8,31
cp_tutorial_3d_monolayer,1,16,1791301840.7311327,1392522,worker_0,W010,ResizeObjects,pattern_group,running,100.0,1,1
cp_tutorial_3d_monolayer,1,16,1791301840.7316031,1392522,worker_0,W010,ResizeObjects,step_completed,success,29.03225806451613,9,31
cp_tutorial_3d_monolayer,1,16,1791301840.7316277,1392522,worker_0,W010,ConvertObjectsToImage,step_started,started,29.03225806451613,9,31
cp_tutorial_3d_monolayer,1,16,1791301840.7492387,1392522,worker_0,W010,ConvertObjectsToImage,pattern_group,running,100.0,1,1
cp_tutorial_3d_monolayer,1,16,1791301840.749391,1392522,worker_0,W010,ConvertObjectsToImage,step_completed,success,32.25806451612903,10,31
cp_tutorial_3d_monolayer,1,16,1791301840.749415,1392522,worker_0,W010,Threshold,step_started,started,32.25806451612903,10,31
cp_tutorial_3d_monolayer,1,16,1791301840.94191,1392522,worker_0,W010,Threshold,pattern_group,running,100.0,1,1
cp_tutorial_3d_monolayer,1,16,1791301840.942185,1392522,worker_0,W010,Threshold,step_completed,success,35.483870967741936,11,31
cp_tutorial_3d_monolayer,1,16,1791301840.9422114,1392522,worker_0,W010,ImageMath,step_started,started,35.483870967741936,11,31
cp_tutorial_3d_monolayer,1,16,1791301840.975448,1392522,worker_0,W010,ImageMath,pattern_group,running,100.0,1,1
cp_tutorial_3d_monolayer,1,16,1791301840.975589,1392522,worker_0,W010,ImageMath,step_completed,success,38.70967741935484,12,31
cp_tutorial_3d_monolayer,1,16,1791301840.9756098,1392522,worker_0,W010,RemoveHoles,step_started,started,38.70967741935484,12,31
cp_tutorial_3d_monolayer,1,16,1791301841.0212862,1392522,worker_0,W010,RemoveHoles,pattern_group,running,100.0,1,1
cp_tutorial_3d_monolayer,1,16,1791301841.0214324,1392522,worker_0,W010,RemoveHoles,step_completed,success,41.935483870967744,13,31
cp_tutorial_3d_monolayer,1,16,1791301841.0214558,1392522,worker_0,W010,ImageMath,step_started,started,41.935483870967744,13,31
cp_tutorial_3d_monolayer,1,16,1791301841.3008113,1392522,worker_0,W010,ImageMath,pattern_group,running,100.0,1,1
cp_tutorial_3d_monolayer,1,16,1791301841.300962,1392522,worker_0,W010,ImageMath,step_completed,success,45.16129032258064,14,31
cp_tutorial_3d_monolayer,1,16,1791301841.3009837,1392522,worker_0,W010,Resize,step_started,started,45.16129032258064,14,31
cp_tutorial_3d_monolayer,1,16,1791301841.360261,1392522,worker_0,W010,Resize,pattern_group,running,100.0,1,1
cp_tutorial_3d_monolayer,1,16,1791301841.3604116,1392522,worker_0,W010,Resize,step_completed,success,48.38709677419355,15,31
cp_tutorial_3d_monolayer,1,16,1791301841.3604329,1392522,worker_0,W010,Closing,step_started,started,48.38709677419355,15,31
cp_tutorial_3d_monolayer,1,16,1791301841.4386873,1392522,worker_0,W010,Closing,pattern_group,running,100.0,1,1
cp_tutorial_3d_monolayer,1,16,1791301841.4390945,1392522,worker_0,W010,Closing,step_completed,success,51.61290322580645,16,31
cp_tutorial_3d_monolayer,1,16,1791301841.439123,1392522,worker_0,W010,Resize,step_started,started,51.61290322580645,16,31
cp_tutorial_3d_monolayer,1,16,1791301841.4876757,1392522,worker_0,W010,Resize,pattern_group,running,100.0,1,1
cp_tutorial_3d_monolayer,1,16,1791301841.4878168,1392522,worker_0,W010,Resize,step_completed,success,54.83870967741935,17,31
cp_tutorial_3d_monolayer,1,16,1791301841.4878364,1392522,worker_0,W010,Threshold,step_started,started,54.83870967741935,17,31
cp_tutorial_3d_monolayer,1,16,1791301841.6506956,1392522,worker_0,W010,Threshold,pattern_group,running,100.0,1,1
cp_tutorial_3d_monolayer,1,16,1791301841.6509285,1392522,worker_0,W010,Threshold,step_completed,success,58.06451612903226,18,31
cp_tutorial_3d_monolayer,1,16,1791301841.650949,1392522,worker_0,W010,MaskImage,step_started,started,58.06451612903226,18,31
cp_tutorial_3d_monolayer,1,16,1791301841.6965015,1392522,worker_0,W010,MaskImage,pattern_group,running,100.0,1,1
cp_tutorial_3d_monolayer,1,16,1791301841.696657,1392522,worker_0,W010,MaskImage,step_completed,success,61.29032258064516,19,31
cp_tutorial_3d_monolayer,1,16,1791301841.6966784,1392522,worker_0,W010,ErodeImage,step_started,started,61.29032258064516,19,31
cp_tutorial_3d_monolayer,1,16,1791301841.7277422,1392522,worker_0,W010,ErodeImage,pattern_group,running,100.0,1,1
cp_tutorial_3d_monolayer,1,16,1791301841.7278893,1392522,worker_0,W010,ErodeImage,step_completed,success,64.51612903225806,20,31
cp_tutorial_3d_monolayer,1,16,1791301841.727911,1392522,worker_0,W010,Watershed,step_started,started,64.51612903225806,20,31
cp_tutorial_3d_monolayer,1,16,1791301841.8183608,1392522,worker_0,W010,Watershed,pattern_group,running,100.0,1,1
cp_tutorial_3d_monolayer,1,16,1791301841.8187466,1392522,worker_0,W010,Watershed,step_completed,success,67.74193548387096,21,31
cp_tutorial_3d_monolayer,1,16,1791301841.8187692,1392522,worker_0,W010,MeasureObjectIntensity,step_started,started,67.74193548387096,21,31
cp_tutorial_3d_monolayer,1,16,1791301842.0626698,1392522,worker_0,W010,MeasureObjectIntensity,pattern_group,running,50.0,1,2
cp_tutorial_3d_monolayer,1,16,1791301842.341031,1392522,worker_0,W010,MeasureObjectIntensity,pattern_group,running,100.0,2,2
cp_tutorial_3d_monolayer,1,16,1791301842.3432329,1392522,worker_0,W010,MeasureObjectIntensity,step_completed,success,70.96774193548387,22,31
cp_tutorial_3d_monolayer,1,16,1791301842.343258,1392522,worker_0,W010,MeasureObjectSizeShape,step_started,started,70.96774193548387,22,31
cp_tutorial_3d_monolayer,1,16,1791301842.440036,1392522,worker_0,W010,MeasureObjectSizeShape,pattern_group,running,50.0,1,2
cp_tutorial_3d_monolayer,1,16,1791301842.5346522,1392522,worker_0,W010,MeasureObjectSizeShape,pattern_group,running,100.0,2,2
cp_tutorial_3d_monolayer,1,16,1791301842.5352201,1392522,worker_0,W010,MeasureObjectSizeShape,step_completed,success,74.19354838709677,23,31
cp_tutorial_3d_monolayer,1,16,1791301842.535242,1392522,worker_0,W010,OverlayObjects,step_started,started,74.19354838709677,23,31
cp_tutorial_3d_monolayer,1,16,1791301842.573949,1392522,worker_0,W010,OverlayObjects,pattern_group,running,100.0,1,1
cp_tutorial_3d_monolayer,1,16,1791301842.5740633,1392522,worker_0,W010,OverlayObjects,step_completed,success,77.41935483870968,24,31
cp_tutorial_3d_monolayer,1,16,1791301842.5740848,1392522,worker_0,W010,RescaleIntensity,step_started,started,77.41935483870968,24,31
cp_tutorial_3d_monolayer,1,16,1791301842.675977,1392522,worker_0,W010,RescaleIntensity,pattern_group,running,100.0,1,1
cp_tutorial_3d_monolayer,1,16,1791301842.6761189,1392522,worker_0,W010,RescaleIntensity,step_completed,success,80.64516129032258,25,31
cp_tutorial_3d_monolayer,1,16,1791301842.6761403,1392522,worker_0,W010,OverlayObjects,step_started,started,80.64516129032258,25,31
cp_tutorial_3d_monolayer,1,16,1791301842.712931,1392522,worker_0,W010,OverlayObjects,pattern_group,running,100.0,1,1
cp_tutorial_3d_monolayer,1,16,1791301842.7130287,1392522,worker_0,W010,OverlayObjects,step_completed,success,83.87096774193549,26,31
cp_tutorial_3d_monolayer,1,16,1791301842.71305,1392522,worker_0,W010,ConvertObjectsToImage,step_started,started,83.87096774193549,26,31
cp_tutorial_3d_monolayer,1,16,1791301842.7446117,1392522,worker_0,W010,ConvertObjectsToImage,pattern_group,running,100.0,1,1
cp_tutorial_3d_monolayer,1,16,1791301842.744754,1392522,worker_0,W010,ConvertObjectsToImage,step_completed,success,87.09677419354838,27,31
cp_tutorial_3d_monolayer,1,16,1791301842.744776,1392522,worker_0,W010,SaveImages,step_started,started,87.09677419354838,27,31
cp_tutorial_3d_monolayer,1,16,1791301842.7928507,1392522,worker_0,W010,SaveImages,pattern_group,running,100.0,1,1
cp_tutorial_3d_monolayer,1,16,1791301842.7997437,1392522,worker_0,W010,SaveImages,step_completed,success,90.32258064516128,28,31
cp_tutorial_3d_monolayer,1,16,1791301842.7997878,1392522,worker_0,W010,ConvertObjectsToImage,step_started,started,90.32258064516128,28,31
cp_tutorial_3d_monolayer,1,16,1791301842.832723,1392522,worker_0,W010,ConvertObjectsToImage,pattern_group,running,100.0,1,1
cp_tutorial_3d_monolayer,1,16,1791301842.8328962,1392522,worker_0,W010,ConvertObjectsToImage,step_completed,success,93.54838709677419,29,31
cp_tutorial_3d_monolayer,1,16,1791301842.8329186,1392522,worker_0,W010,SaveImages,step_started,started,93.54838709677419,29,31
cp_tutorial_3d_monolayer,1,16,1791301842.8821256,1392522,worker_0,W010,SaveImages,pattern_group,running,100.0,1,1
cp_tutorial_3d_monolayer,1,16,1791301842.8894815,1392522,worker_0,W010,SaveImages,step_completed,success,96.7741935483871,30,31
cp_tutorial_3d_monolayer,1,16,1791301842.8936772,1392522,worker_0,W010,pipeline,axis_completed,success,96.7741935483871,30,31
cp_tutorial_3d_monolayer,1,16,1791301842.8937662,1392522,worker_0,W011,pipeline,axis_started,started,0.0,0,31
cp_tutorial_3d_monolayer,1,16,1791301842.8938022,1392522,worker_0,W011,RescaleIntensity,step_started,started,0.0,0,31
cp_tutorial_3d_monolayer,1,16,1791301843.3517404,1392522,worker_0,W011,RescaleIntensity,pattern_group,running,100.0,1,1
cp_tutorial_3d_monolayer,1,16,1791301843.3518765,1392522,worker_0,W011,RescaleIntensity,step_completed,success,3.225806451612903,1,31
cp_tutorial_3d_monolayer,1,16,1791301843.3518987,1392522,worker_0,W011,Resize,step_started,started,3.225806451612903,1,31
cp_tutorial_3d_monolayer,1,16,1791301843.4075234,1392522,worker_0,W011,Resize,pattern_group,running,100.0,1,1
cp_tutorial_3d_monolayer,1,16,1791301843.4076667,1392522,worker_0,W011,Resize,step_completed,success,6.451612903225806,2,31
cp_tutorial_3d_monolayer,1,16,1791301843.407688,1392522,worker_0,W011,MedianFilter,step_started,started,6.451612903225806,2,31
cp_tutorial_3d_monolayer,1,16,1791301843.5726726,1392522,worker_0,W011,MedianFilter,pattern_group,running,100.0,1,1
cp_tutorial_3d_monolayer,1,16,1791301843.5728123,1392522,worker_0,W011,MedianFilter,step_completed,success,9.67741935483871,3,31
cp_tutorial_3d_monolayer,1,16,1791301843.5728335,1392522,worker_0,W011,Threshold,step_started,started,9.67741935483871,3,31
cp_tutorial_3d_monolayer,1,16,1791301843.610579,1392522,worker_0,W011,Threshold,pattern_group,running,100.0,1,1
cp_tutorial_3d_monolayer,1,16,1791301843.6108222,1392522,worker_0,W011,Threshold,step_completed,success,12.903225806451612,4,31
cp_tutorial_3d_monolayer,1,16,1791301843.6108434,1392522,worker_0,W011,RemoveHoles,step_started,started,12.903225806451612,4,31
cp_tutorial_3d_monolayer,1,16,1791301843.627359,1392522,worker_0,W011,RemoveHoles,pattern_group,running,100.0,1,1
cp_tutorial_3d_monolayer,1,16,1791301843.62749,1392522,worker_0,W011,RemoveHoles,step_completed,success,16.129032258064516,5,31
cp_tutorial_3d_monolayer,1,16,1791301843.627511,1392522,worker_0,W011,Watershed,step_started,started,16.129032258064516,5,31
cp_tutorial_3d_monolayer,1,16,1791301843.719463,1392522,worker_0,W011,Watershed,pattern_group,running,100.0,1,1
cp_tutorial_3d_monolayer,1,16,1791301843.7198408,1392522,worker_0,W011,Watershed,step_completed,success,19.35483870967742,6,31
cp_tutorial_3d_monolayer,1,16,1791301843.7198622,1392522,worker_0,W011,ResizeObjects,step_started,started,19.35483870967742,6,31
cp_tutorial_3d_monolayer,1,16,1791301843.7461445,1392522,worker_0,W011,ResizeObjects,pattern_group,running,100.0,1,1
cp_tutorial_3d_monolayer,1,16,1791301843.7466233,1392522,worker_0,W011,ResizeObjects,step_completed,success,22.58064516129032,7,31
cp_tutorial_3d_monolayer,1,16,1791301843.746646,1392522,worker_0,W011,ErodeObjects,step_started,started,22.58064516129032,7,31
cp_tutorial_3d_monolayer,1,16,1791301843.8032079,1392522,worker_0,W011,ErodeObjects,pattern_group,running,100.0,1,1
cp_tutorial_3d_monolayer,1,16,1791301843.80367,1392522,worker_0,W011,ErodeObjects,step_completed,success,25.806451612903224,8,31
cp_tutorial_3d_monolayer,1,16,1791301843.803694,1392522,worker_0,W011,ResizeObjects,step_started,started,25.806451612903224,8,31
cp_tutorial_3d_monolayer,1,16,1791301843.8269114,1392522,worker_0,W011,ResizeObjects,pattern_group,running,100.0,1,1
cp_tutorial_3d_monolayer,1,16,1791301843.8273928,1392522,worker_0,W011,ResizeObjects,step_completed,success,29.03225806451613,9,31
cp_tutorial_3d_monolayer,1,16,1791301843.827418,1392522,worker_0,W011,ConvertObjectsToImage,step_started,started,29.03225806451613,9,31
cp_tutorial_3d_monolayer,1,16,1791301843.8457358,1392522,worker_0,W011,ConvertObjectsToImage,pattern_group,running,100.0,1,1
cp_tutorial_3d_monolayer,1,16,1791301843.8458817,1392522,worker_0,W011,ConvertObjectsToImage,step_completed,success,32.25806451612903,10,31
cp_tutorial_3d_monolayer,1,16,1791301843.8459039,1392522,worker_0,W011,Threshold,step_started,started,32.25806451612903,10,31
cp_tutorial_3d_monolayer,1,16,1791301844.0406687,1392522,worker_0,W011,Threshold,pattern_group,running,100.0,1,1
cp_tutorial_3d_monolayer,1,16,1791301844.0409214,1392522,worker_0,W011,Threshold,step_completed,success,35.483870967741936,11,31
cp_tutorial_3d_monolayer,1,16,1791301844.040944,1392522,worker_0,W011,ImageMath,step_started,started,35.483870967741936,11,31
cp_tutorial_3d_monolayer,1,16,1791301844.0728877,1392522,worker_0,W011,ImageMath,pattern_group,running,100.0,1,1
cp_tutorial_3d_monolayer,1,16,1791301844.0730407,1392522,worker_0,W011,ImageMath,step_completed,success,38.70967741935484,12,31
cp_tutorial_3d_monolayer,1,16,1791301844.0730639,1392522,worker_0,W011,RemoveHoles,step_started,started,38.70967741935484,12,31
cp_tutorial_3d_monolayer,1,16,1791301844.1189327,1392522,worker_0,W011,RemoveHoles,pattern_group,running,100.0,1,1
cp_tutorial_3d_monolayer,1,16,1791301844.1190784,1392522,worker_0,W011,RemoveHoles,step_completed,success,41.935483870967744,13,31
cp_tutorial_3d_monolayer,1,16,1791301844.1191008,1392522,worker_0,W011,ImageMath,step_started,started,41.935483870967744,13,31
cp_tutorial_3d_monolayer,1,16,1791301844.400804,1392522,worker_0,W011,ImageMath,pattern_group,running,100.0,1,1
cp_tutorial_3d_monolayer,1,16,1791301844.4009511,1392522,worker_0,W011,ImageMath,step_completed,success,45.16129032258064,14,31
cp_tutorial_3d_monolayer,1,16,1791301844.4009721,1392522,worker_0,W011,Resize,step_started,started,45.16129032258064,14,31
cp_tutorial_3d_monolayer,1,16,1791301844.460447,1392522,worker_0,W011,Resize,pattern_group,running,100.0,1,1
cp_tutorial_3d_monolayer,1,16,1791301844.4605882,1392522,worker_0,W011,Resize,step_completed,success,48.38709677419355,15,31
cp_tutorial_3d_monolayer,1,16,1791301844.4606094,1392522,worker_0,W011,Closing,step_started,started,48.38709677419355,15,31
cp_tutorial_3d_monolayer,1,16,1791301844.5391862,1392522,worker_0,W011,Closing,pattern_group,running,100.0,1,1
cp_tutorial_3d_monolayer,1,16,1791301844.539367,1392522,worker_0,W011,Closing,step_completed,success,51.61290322580645,16,31
cp_tutorial_3d_monolayer,1,16,1791301844.539394,1392522,worker_0,W011,Resize,step_started,started,51.61290322580645,16,31
cp_tutorial_3d_monolayer,1,16,1791301844.5886185,1392522,worker_0,W011,Resize,pattern_group,running,100.0,1,1
cp_tutorial_3d_monolayer,1,16,1791301844.5887537,1392522,worker_0,W011,Resize,step_completed,success,54.83870967741935,17,31
cp_tutorial_3d_monolayer,1,16,1791301844.5887742,1392522,worker_0,W011,Threshold,step_started,started,54.83870967741935,17,31
cp_tutorial_3d_monolayer,1,16,1791301844.7520359,1392522,worker_0,W011,Threshold,pattern_group,running,100.0,1,1
cp_tutorial_3d_monolayer,1,16,1791301844.7522845,1392522,worker_0,W011,Threshold,step_completed,success,58.06451612903226,18,31
cp_tutorial_3d_monolayer,1,16,1791301844.7523055,1392522,worker_0,W011,MaskImage,step_started,started,58.06451612903226,18,31
cp_tutorial_3d_monolayer,1,16,1791301844.7979293,1392522,worker_0,W011,MaskImage,pattern_group,running,100.0,1,1
cp_tutorial_3d_monolayer,1,16,1791301844.7980719,1392522,worker_0,W011,MaskImage,step_completed,success,61.29032258064516,19,31
cp_tutorial_3d_monolayer,1,16,1791301844.7980926,1392522,worker_0,W011,ErodeImage,step_started,started,61.29032258064516,19,31
cp_tutorial_3d_monolayer,1,16,1791301844.829479,1392522,worker_0,W011,ErodeImage,pattern_group,running,100.0,1,1
cp_tutorial_3d_monolayer,1,16,1791301844.8296232,1392522,worker_0,W011,ErodeImage,step_completed,success,64.51612903225806,20,31
cp_tutorial_3d_monolayer,1,16,1791301844.8296442,1392522,worker_0,W011,Watershed,step_started,started,64.51612903225806,20,31
cp_tutorial_3d_monolayer,1,16,1791301844.9869888,1392522,worker_0,W011,Watershed,pattern_group,running,100.0,1,1
cp_tutorial_3d_monolayer,1,16,1791301844.9873939,1392522,worker_0,W011,Watershed,step_completed,success,67.74193548387096,21,31
cp_tutorial_3d_monolayer,1,16,1791301844.9874158,1392522,worker_0,W011,MeasureObjectIntensity,step_started,started,67.74193548387096,21,31
cp_tutorial_3d_monolayer,1,16,1791301845.2331235,1392522,worker_0,W011,MeasureObjectIntensity,pattern_group,running,50.0,1,2
cp_tutorial_3d_monolayer,1,16,1791301845.5118027,1392522,worker_0,W011,MeasureObjectIntensity,pattern_group,running,100.0,2,2
cp_tutorial_3d_monolayer,1,16,1791301845.5140193,1392522,worker_0,W011,MeasureObjectIntensity,step_completed,success,70.96774193548387,22,31
cp_tutorial_3d_monolayer,1,16,1791301845.5140436,1392522,worker_0,W011,MeasureObjectSizeShape,step_started,started,70.96774193548387,22,31
cp_tutorial_3d_monolayer,1,16,1791301845.6111677,1392522,worker_0,W011,MeasureObjectSizeShape,pattern_group,running,50.0,1,2
cp_tutorial_3d_monolayer,1,16,1791301845.706718,1392522,worker_0,W011,MeasureObjectSizeShape,pattern_group,running,100.0,2,2
cp_tutorial_3d_monolayer,1,16,1791301845.7073462,1392522,worker_0,W011,MeasureObjectSizeShape,step_completed,success,74.19354838709677,23,31
cp_tutorial_3d_monolayer,1,16,1791301845.7073715,1392522,worker_0,W011,OverlayObjects,step_started,started,74.19354838709677,23,31
cp_tutorial_3d_monolayer,1,16,1791301845.748445,1392522,worker_0,W011,OverlayObjects,pattern_group,running,100.0,1,1
cp_tutorial_3d_monolayer,1,16,1791301845.7485611,1392522,worker_0,W011,OverlayObjects,step_completed,success,77.41935483870968,24,31
cp_tutorial_3d_monolayer,1,16,1791301845.7485833,1392522,worker_0,W011,RescaleIntensity,step_started,started,77.41935483870968,24,31
cp_tutorial_3d_monolayer,1,16,1791301845.8534086,1392522,worker_0,W011,RescaleIntensity,pattern_group,running,100.0,1,1
cp_tutorial_3d_monolayer,1,16,1791301845.8535516,1392522,worker_0,W011,RescaleIntensity,step_completed,success,80.64516129032258,25,31
cp_tutorial_3d_monolayer,1,16,1791301845.853573,1392522,worker_0,W011,OverlayObjects,step_started,started,80.64516129032258,25,31
cp_tutorial_3d_monolayer,1,16,1791301845.89193,1392522,worker_0,W011,OverlayObjects,pattern_group,running,100.0,1,1
cp_tutorial_3d_monolayer,1,16,1791301845.8920333,1392522,worker_0,W011,OverlayObjects,step_completed,success,83.87096774193549,26,31
cp_tutorial_3d_monolayer,1,16,1791301845.8920546,1392522,worker_0,W011,ConvertObjectsToImage,step_started,started,83.87096774193549,26,31
cp_tutorial_3d_monolayer,1,16,1791301845.9248571,1392522,worker_0,W011,ConvertObjectsToImage,pattern_group,running,100.0,1,1
cp_tutorial_3d_monolayer,1,16,1791301845.925003,1392522,worker_0,W011,ConvertObjectsToImage,step_completed,success,87.09677419354838,27,31
cp_tutorial_3d_monolayer,1,16,1791301845.9250252,1392522,worker_0,W011,SaveImages,step_started,started,87.09677419354838,27,31
cp_tutorial_3d_monolayer,1,16,1791301845.9755607,1392522,worker_0,W011,SaveImages,pattern_group,running,100.0,1,1
cp_tutorial_3d_monolayer,1,16,1791301845.9819677,1392522,worker_0,W011,SaveImages,step_completed,success,90.32258064516128,28,31
cp_tutorial_3d_monolayer,1,16,1791301845.982011,1392522,worker_0,W011,ConvertObjectsToImage,step_started,started,90.32258064516128,28,31
cp_tutorial_3d_monolayer,1,16,1791301846.0142202,1392522,worker_0,W011,ConvertObjectsToImage,pattern_group,running,100.0,1,1
cp_tutorial_3d_monolayer,1,16,1791301846.0144043,1392522,worker_0,W011,ConvertObjectsToImage,step_completed,success,93.54838709677419,29,31
cp_tutorial_3d_monolayer,1,16,1791301846.0144289,1392522,worker_0,W011,SaveImages,step_started,started,93.54838709677419,29,31
cp_tutorial_3d_monolayer,1,16,1791301846.0627582,1392522,worker_0,W011,SaveImages,pattern_group,running,100.0,1,1
cp_tutorial_3d_monolayer,1,16,1791301846.071671,1392522,worker_0,W011,SaveImages,step_completed,success,96.7741935483871,30,31
cp_tutorial_3d_monolayer,1,16,1791301846.0758994,1392522,worker_0,W011,pipeline,axis_completed,success,96.7741935483871,30,31
cp_tutorial_3d_monolayer,1,16,1791301846.0759923,1392522,worker_0,W012,pipeline,axis_started,started,0.0,0,31
cp_tutorial_3d_monolayer,1,16,1791301846.0760279,1392522,worker_0,W012,RescaleIntensity,step_started,started,0.0,0,31
cp_tutorial_3d_monolayer,1,16,1791301846.3568676,1392522,worker_0,W012,RescaleIntensity,pattern_group,running,100.0,1,1
cp_tutorial_3d_monolayer,1,16,1791301846.3570123,1392522,worker_0,W012,RescaleIntensity,step_completed,success,3.225806451612903,1,31
cp_tutorial_3d_monolayer,1,16,1791301846.3570333,1392522,worker_0,W012,Resize,step_started,started,3.225806451612903,1,31
cp_tutorial_3d_monolayer,1,16,1791301846.4124768,1392522,worker_0,W012,Resize,pattern_group,running,100.0,1,1
cp_tutorial_3d_monolayer,1,16,1791301846.4126172,1392522,worker_0,W012,Resize,step_completed,success,6.451612903225806,2,31
cp_tutorial_3d_monolayer,1,16,1791301846.4126377,1392522,worker_0,W012,MedianFilter,step_started,started,6.451612903225806,2,31
cp_tutorial_3d_monolayer,1,16,1791301846.5776074,1392522,worker_0,W012,MedianFilter,pattern_group,running,100.0,1,1
cp_tutorial_3d_monolayer,1,16,1791301846.5777502,1392522,worker_0,W012,MedianFilter,step_completed,success,9.67741935483871,3,31
cp_tutorial_3d_monolayer,1,16,1791301846.577771,1392522,worker_0,W012,Threshold,step_started,started,9.67741935483871,3,31
cp_tutorial_3d_monolayer,1,16,1791301846.6153603,1392522,worker_0,W012,Threshold,pattern_group,running,100.0,1,1
cp_tutorial_3d_monolayer,1,16,1791301846.6156032,1392522,worker_0,W012,Threshold,step_completed,success,12.903225806451612,4,31
cp_tutorial_3d_monolayer,1,16,1791301846.6156254,1392522,worker_0,W012,RemoveHoles,step_started,started,12.903225806451612,4,31
cp_tutorial_3d_monolayer,1,16,1791301846.6318345,1392522,worker_0,W012,RemoveHoles,pattern_group,running,100.0,1,1
cp_tutorial_3d_monolayer,1,16,1791301846.631982,1392522,worker_0,W012,RemoveHoles,step_completed,success,16.129032258064516,5,31
cp_tutorial_3d_monolayer,1,16,1791301846.6320038,1392522,worker_0,W012,Watershed,step_started,started,16.129032258064516,5,31
cp_tutorial_3d_monolayer,1,16,1791301846.7238758,1392522,worker_0,W012,Watershed,pattern_group,running,100.0,1,1
cp_tutorial_3d_monolayer,1,16,1791301846.7242537,1392522,worker_0,W012,Watershed,step_completed,success,19.35483870967742,6,31
cp_tutorial_3d_monolayer,1,16,1791301846.7242818,1392522,worker_0,W012,ResizeObjects,step_started,started,19.35483870967742,6,31
cp_tutorial_3d_monolayer,1,16,1791301846.7503502,1392522,worker_0,W012,ResizeObjects,pattern_group,running,100.0,1,1
cp_tutorial_3d_monolayer,1,16,1791301846.75082,1392522,worker_0,W012,ResizeObjects,step_completed,success,22.58064516129032,7,31
cp_tutorial_3d_monolayer,1,16,1791301846.750842,1392522,worker_0,W012,ErodeObjects,step_started,started,22.58064516129032,7,31
cp_tutorial_3d_monolayer,1,16,1791301846.8076231,1392522,worker_0,W012,ErodeObjects,pattern_group,running,100.0,1,1
cp_tutorial_3d_monolayer,1,16,1791301846.808088,1392522,worker_0,W012,ErodeObjects,step_completed,success,25.806451612903224,8,31
cp_tutorial_3d_monolayer,1,16,1791301846.8081129,1392522,worker_0,W012,ResizeObjects,step_started,started,25.806451612903224,8,31
cp_tutorial_3d_monolayer,1,16,1791301846.831309,1392522,worker_0,W012,ResizeObjects,pattern_group,running,100.0,1,1
cp_tutorial_3d_monolayer,1,16,1791301846.8317761,1392522,worker_0,W012,ResizeObjects,step_completed,success,29.03225806451613,9,31
cp_tutorial_3d_monolayer,1,16,1791301846.8318005,1392522,worker_0,W012,ConvertObjectsToImage,step_started,started,29.03225806451613,9,31
cp_tutorial_3d_monolayer,1,16,1791301846.8500233,1392522,worker_0,W012,ConvertObjectsToImage,pattern_group,running,100.0,1,1
cp_tutorial_3d_monolayer,1,16,1791301846.8501725,1392522,worker_0,W012,ConvertObjectsToImage,step_completed,success,32.25806451612903,10,31
cp_tutorial_3d_monolayer,1,16,1791301846.8501952,1392522,worker_0,W012,Threshold,step_started,started,32.25806451612903,10,31
cp_tutorial_3d_monolayer,1,16,1791301847.0426033,1392522,worker_0,W012,Threshold,pattern_group,running,100.0,1,1
cp_tutorial_3d_monolayer,1,16,1791301847.0428581,1392522,worker_0,W012,Threshold,step_completed,success,35.483870967741936,11,31
cp_tutorial_3d_monolayer,1,16,1791301847.042882,1392522,worker_0,W012,ImageMath,step_started,started,35.483870967741936,11,31
cp_tutorial_3d_monolayer,1,16,1791301847.0742116,1392522,worker_0,W012,ImageMath,pattern_group,running,100.0,1,1
cp_tutorial_3d_monolayer,1,16,1791301847.0743694,1392522,worker_0,W012,ImageMath,step_completed,success,38.70967741935484,12,31
cp_tutorial_3d_monolayer,1,16,1791301847.0743923,1392522,worker_0,W012,RemoveHoles,step_started,started,38.70967741935484,12,31
cp_tutorial_3d_monolayer,1,16,1791301847.119062,1392522,worker_0,W012,RemoveHoles,pattern_group,running,100.0,1,1
cp_tutorial_3d_monolayer,1,16,1791301847.1192172,1392522,worker_0,W012,RemoveHoles,step_completed,success,41.935483870967744,13,31
cp_tutorial_3d_monolayer,1,16,1791301847.1192417,1392522,worker_0,W012,ImageMath,step_started,started,41.935483870967744,13,31
cp_tutorial_3d_monolayer,1,16,1791301847.396946,1392522,worker_0,W012,ImageMath,pattern_group,running,100.0,1,1
cp_tutorial_3d_monolayer,1,16,1791301847.3971002,1392522,worker_0,W012,ImageMath,step_completed,success,45.16129032258064,14,31
cp_tutorial_3d_monolayer,1,16,1791301847.3971214,1392522,worker_0,W012,Resize,step_started,started,45.16129032258064,14,31
cp_tutorial_3d_monolayer,1,16,1791301847.4567306,1392522,worker_0,W012,Resize,pattern_group,running,100.0,1,1
cp_tutorial_3d_monolayer,1,16,1791301847.456873,1392522,worker_0,W012,Resize,step_completed,success,48.38709677419355,15,31
cp_tutorial_3d_monolayer,1,16,1791301847.456894,1392522,worker_0,W012,Closing,step_started,started,48.38709677419355,15,31
cp_tutorial_3d_monolayer,1,16,1791301847.5342839,1392522,worker_0,W012,Closing,pattern_group,running,100.0,1,1
cp_tutorial_3d_monolayer,1,16,1791301847.534423,1392522,worker_0,W012,Closing,step_completed,success,51.61290322580645,16,31
cp_tutorial_3d_monolayer,1,16,1791301847.5344439,1392522,worker_0,W012,Resize,step_started,started,51.61290322580645,16,31
cp_tutorial_3d_monolayer,1,16,1791301847.583209,1392522,worker_0,W012,Resize,pattern_group,running,100.0,1,1
cp_tutorial_3d_monolayer,1,16,1791301847.583352,1392522,worker_0,W012,Resize,step_completed,success,54.83870967741935,17,31
cp_tutorial_3d_monolayer,1,16,1791301847.5833726,1392522,worker_0,W012,Threshold,step_started,started,54.83870967741935,17,31
cp_tutorial_3d_monolayer,1,16,1791301847.7465706,1392522,worker_0,W012,Threshold,pattern_group,running,100.0,1,1
cp_tutorial_3d_monolayer,1,16,1791301847.746803,1392522,worker_0,W012,Threshold,step_completed,success,58.06451612903226,18,31
cp_tutorial_3d_monolayer,1,16,1791301847.7468238,1392522,worker_0,W012,MaskImage,step_started,started,58.06451612903226,18,31
cp_tutorial_3d_monolayer,1,16,1791301847.7918007,1392522,worker_0,W012,MaskImage,pattern_group,running,100.0,1,1
cp_tutorial_3d_monolayer,1,16,1791301847.7919562,1392522,worker_0,W012,MaskImage,step_completed,success,61.29032258064516,19,31
cp_tutorial_3d_monolayer,1,16,1791301847.7919781,1392522,worker_0,W012,ErodeImage,step_started,started,61.29032258064516,19,31
cp_tutorial_3d_monolayer,1,16,1791301847.823256,1392522,worker_0,W012,ErodeImage,pattern_group,running,100.0,1,1
cp_tutorial_3d_monolayer,1,16,1791301847.8234088,1392522,worker_0,W012,ErodeImage,step_completed,success,64.51612903225806,20,31
cp_tutorial_3d_monolayer,1,16,1791301847.82343,1392522,worker_0,W012,Watershed,step_started,started,64.51612903225806,20,31
cp_tutorial_3d_monolayer,1,16,1791301847.9579244,1392522,worker_0,W012,Watershed,pattern_group,running,100.0,1,1
cp_tutorial_3d_monolayer,1,16,1791301847.9583309,1392522,worker_0,W012,Watershed,step_completed,success,67.74193548387096,21,31
cp_tutorial_3d_monolayer,1,16,1791301847.9583528,1392522,worker_0,W012,MeasureObjectIntensity,step_started,started,67.74193548387096,21,31
cp_tutorial_3d_monolayer,1,16,1791301848.2026236,1392522,worker_0,W012,MeasureObjectIntensity,pattern_group,running,50.0,1,2
cp_tutorial_3d_monolayer,1,16,1791301848.480439,1392522,worker_0,W012,MeasureObjectIntensity,pattern_group,running,100.0,2,2
cp_tutorial_3d_monolayer,1,16,1791301848.4826365,1392522,worker_0,W012,MeasureObjectIntensity,step_completed,success,70.96774193548387,22,31
cp_tutorial_3d_monolayer,1,16,1791301848.4826605,1392522,worker_0,W012,MeasureObjectSizeShape,step_started,started,70.96774193548387,22,31
cp_tutorial_3d_monolayer,1,16,1791301848.5789127,1392522,worker_0,W012,MeasureObjectSizeShape,pattern_group,running,50.0,1,2
cp_tutorial_3d_monolayer,1,16,1791301848.6735704,1392522,worker_0,W012,MeasureObjectSizeShape,pattern_group,running,100.0,2,2
cp_tutorial_3d_monolayer,1,16,1791301848.674166,1392522,worker_0,W012,MeasureObjectSizeShape,step_completed,success,74.19354838709677,23,31
cp_tutorial_3d_monolayer,1,16,1791301848.674189,1392522,worker_0,W012,OverlayObjects,step_started,started,74.19354838709677,23,31
cp_tutorial_3d_monolayer,1,16,1791301848.7151601,1392522,worker_0,W012,OverlayObjects,pattern_group,running,100.0,1,1
cp_tutorial_3d_monolayer,1,16,1791301848.7153747,1392522,worker_0,W012,OverlayObjects,step_completed,success,77.41935483870968,24,31
cp_tutorial_3d_monolayer,1,16,1791301848.7153966,1392522,worker_0,W012,RescaleIntensity,step_started,started,77.41935483870968,24,31
cp_tutorial_3d_monolayer,1,16,1791301848.8168032,1392522,worker_0,W012,RescaleIntensity,pattern_group,running,100.0,1,1
cp_tutorial_3d_monolayer,1,16,1791301848.816938,1392522,worker_0,W012,RescaleIntensity,step_completed,success,80.64516129032258,25,31
cp_tutorial_3d_monolayer,1,16,1791301848.8169594,1392522,worker_0,W012,OverlayObjects,step_started,started,80.64516129032258,25,31
cp_tutorial_3d_monolayer,1,16,1791301848.857746,1392522,worker_0,W012,OverlayObjects,pattern_group,running,100.0,1,1
cp_tutorial_3d_monolayer,1,16,1791301848.8578467,1392522,worker_0,W012,OverlayObjects,step_completed,success,83.87096774193549,26,31
cp_tutorial_3d_monolayer,1,16,1791301848.857868,1392522,worker_0,W012,ConvertObjectsToImage,step_started,started,83.87096774193549,26,31
cp_tutorial_3d_monolayer,1,16,1791301848.8892627,1392522,worker_0,W012,ConvertObjectsToImage,pattern_group,running,100.0,1,1
cp_tutorial_3d_monolayer,1,16,1791301848.889413,1392522,worker_0,W012,ConvertObjectsToImage,step_completed,success,87.09677419354838,27,31
cp_tutorial_3d_monolayer,1,16,1791301848.8894355,1392522,worker_0,W012,SaveImages,step_started,started,87.09677419354838,27,31
cp_tutorial_3d_monolayer,1,16,1791301848.9382994,1392522,worker_0,W012,SaveImages,pattern_group,running,100.0,1,1
cp_tutorial_3d_monolayer,1,16,1791301848.9463716,1392522,worker_0,W012,SaveImages,step_completed,success,90.32258064516128,28,31
cp_tutorial_3d_monolayer,1,16,1791301848.9464197,1392522,worker_0,W012,ConvertObjectsToImage,step_started,started,90.32258064516128,28,31
cp_tutorial_3d_monolayer,1,16,1791301848.9811537,1392522,worker_0,W012,ConvertObjectsToImage,pattern_group,running,100.0,1,1
cp_tutorial_3d_monolayer,1,16,1791301848.9813356,1392522,worker_0,W012,ConvertObjectsToImage,step_completed,success,93.54838709677419,29,31
cp_tutorial_3d_monolayer,1,16,1791301848.9813578,1392522,worker_0,W012,SaveImages,step_started,started,93.54838709677419,29,31
cp_tutorial_3d_monolayer,1,16,1791301849.031241,1392522,worker_0,W012,SaveImages,pattern_group,running,100.0,1,1
cp_tutorial_3d_monolayer,1,16,1791301849.0376348,1392522,worker_0,W012,SaveImages,step_completed,success,96.7741935483871,30,31
cp_tutorial_3d_monolayer,1,16,1791301849.041627,1392522,worker_0,W012,pipeline,axis_completed,success,96.7741935483871,30,31
cp_tutorial_3d_monolayer,1,16,1791301849.0417047,1392522,worker_0,W013,pipeline,axis_started,started,0.0,0,31
cp_tutorial_3d_monolayer,1,16,1791301849.0417361,1392522,worker_0,W013,RescaleIntensity,step_started,started,0.0,0,31
cp_tutorial_3d_monolayer,1,16,1791301849.5088117,1392522,worker_0,W013,RescaleIntensity,pattern_group,running,100.0,1,1
cp_tutorial_3d_monolayer,1,16,1791301849.508943,1392522,worker_0,W013,RescaleIntensity,step_completed,success,3.225806451612903,1,31
cp_tutorial_3d_monolayer,1,16,1791301849.508964,1392522,worker_0,W013,Resize,step_started,started,3.225806451612903,1,31
cp_tutorial_3d_monolayer,1,16,1791301849.5642228,1392522,worker_0,W013,Resize,pattern_group,running,100.0,1,1
cp_tutorial_3d_monolayer,1,16,1791301849.5643687,1392522,worker_0,W013,Resize,step_completed,success,6.451612903225806,2,31
cp_tutorial_3d_monolayer,1,16,1791301849.5643895,1392522,worker_0,W013,MedianFilter,step_started,started,6.451612903225806,2,31
cp_tutorial_3d_monolayer,1,16,1791301849.7294185,1392522,worker_0,W013,MedianFilter,pattern_group,running,100.0,1,1
cp_tutorial_3d_monolayer,1,16,1791301849.7295504,1392522,worker_0,W013,MedianFilter,step_completed,success,9.67741935483871,3,31
cp_tutorial_3d_monolayer,1,16,1791301849.729571,1392522,worker_0,W013,Threshold,step_started,started,9.67741935483871,3,31
cp_tutorial_3d_monolayer,1,16,1791301849.7658367,1392522,worker_0,W013,Threshold,pattern_group,running,100.0,1,1
cp_tutorial_3d_monolayer,1,16,1791301849.7660778,1392522,worker_0,W013,Threshold,step_completed,success,12.903225806451612,4,31
cp_tutorial_3d_monolayer,1,16,1791301849.766099,1392522,worker_0,W013,RemoveHoles,step_started,started,12.903225806451612,4,31
cp_tutorial_3d_monolayer,1,16,1791301849.783786,1392522,worker_0,W013,RemoveHoles,pattern_group,running,100.0,1,1
cp_tutorial_3d_monolayer,1,16,1791301849.7839253,1392522,worker_0,W013,RemoveHoles,step_completed,success,16.129032258064516,5,31
cp_tutorial_3d_monolayer,1,16,1791301849.7839468,1392522,worker_0,W013,Watershed,step_started,started,16.129032258064516,5,31
cp_tutorial_3d_monolayer,1,16,1791301849.875467,1392522,worker_0,W013,Watershed,pattern_group,running,100.0,1,1
cp_tutorial_3d_monolayer,1,16,1791301849.8758497,1392522,worker_0,W013,Watershed,step_completed,success,19.35483870967742,6,31
cp_tutorial_3d_monolayer,1,16,1791301849.8758717,1392522,worker_0,W013,ResizeObjects,step_started,started,19.35483870967742,6,31
cp_tutorial_3d_monolayer,1,16,1791301849.902183,1392522,worker_0,W013,ResizeObjects,pattern_group,running,100.0,1,1
cp_tutorial_3d_monolayer,1,16,1791301849.9026685,1392522,worker_0,W013,ResizeObjects,step_completed,success,22.58064516129032,7,31
cp_tutorial_3d_monolayer,1,16,1791301849.902691,1392522,worker_0,W013,ErodeObjects,step_started,started,22.58064516129032,7,31
cp_tutorial_3d_monolayer,1,16,1791301849.9607143,1392522,worker_0,W013,ErodeObjects,pattern_group,running,100.0,1,1
cp_tutorial_3d_monolayer,1,16,1791301849.9611762,1392522,worker_0,W013,ErodeObjects,step_completed,success,25.806451612903224,8,31
cp_tutorial_3d_monolayer,1,16,1791301849.961199,1392522,worker_0,W013,ResizeObjects,step_started,started,25.806451612903224,8,31
cp_tutorial_3d_monolayer,1,16,1791301849.9851475,1392522,worker_0,W013,ResizeObjects,pattern_group,running,100.0,1,1
cp_tutorial_3d_monolayer,1,16,1791301849.9856186,1392522,worker_0,W013,ResizeObjects,step_completed,success,29.03225806451613,9,31
cp_tutorial_3d_monolayer,1,16,1791301849.9856412,1392522,worker_0,W013,ConvertObjectsToImage,step_started,started,29.03225806451613,9,31
cp_tutorial_3d_monolayer,1,16,1791301850.0047982,1392522,worker_0,W013,ConvertObjectsToImage,pattern_group,running,100.0,1,1
cp_tutorial_3d_monolayer,1,16,1791301850.0049562,1392522,worker_0,W013,ConvertObjectsToImage,step_completed,success,32.25806451612903,10,31
cp_tutorial_3d_monolayer,1,16,1791301850.0049794,1392522,worker_0,W013,Threshold,step_started,started,32.25806451612903,10,31
cp_tutorial_3d_monolayer,1,16,1791301850.193915,1392522,worker_0,W013,Threshold,pattern_group,running,100.0,1,1
cp_tutorial_3d_monolayer,1,16,1791301850.194159,1392522,worker_0,W013,Threshold,step_completed,success,35.483870967741936,11,31
cp_tutorial_3d_monolayer,1,16,1791301850.1941807,1392522,worker_0,W013,ImageMath,step_started,started,35.483870967741936,11,31
cp_tutorial_3d_monolayer,1,16,1791301850.2257912,1392522,worker_0,W013,ImageMath,pattern_group,running,100.0,1,1
cp_tutorial_3d_monolayer,1,16,1791301850.225927,1392522,worker_0,W013,ImageMath,step_completed,success,38.70967741935484,12,31
cp_tutorial_3d_monolayer,1,16,1791301850.225948,1392522,worker_0,W013,RemoveHoles,step_started,started,38.70967741935484,12,31
cp_tutorial_3d_monolayer,1,16,1791301850.2714324,1392522,worker_0,W013,RemoveHoles,pattern_group,running,100.0,1,1
cp_tutorial_3d_monolayer,1,16,1791301850.2715743,1392522,worker_0,W013,RemoveHoles,step_completed,success,41.935483870967744,13,31
cp_tutorial_3d_monolayer,1,16,1791301850.2715957,1392522,worker_0,W013,ImageMath,step_started,started,41.935483870967744,13,31
cp_tutorial_3d_monolayer,1,16,1791301850.5473106,1392522,worker_0,W013,ImageMath,pattern_group,running,100.0,1,1
cp_tutorial_3d_monolayer,1,16,1791301850.5474591,1392522,worker_0,W013,ImageMath,step_completed,success,45.16129032258064,14,31
cp_tutorial_3d_monolayer,1,16,1791301850.5474799,1392522,worker_0,W013,Resize,step_started,started,45.16129032258064,14,31
cp_tutorial_3d_monolayer,1,16,1791301850.606504,1392522,worker_0,W013,Resize,pattern_group,running,100.0,1,1
cp_tutorial_3d_monolayer,1,16,1791301850.606633,1392522,worker_0,W013,Resize,step_completed,success,48.38709677419355,15,31
cp_tutorial_3d_monolayer,1,16,1791301850.6066532,1392522,worker_0,W013,Closing,step_started,started,48.38709677419355,15,31
cp_tutorial_3d_monolayer,1,16,1791301850.6845086,1392522,worker_0,W013,Closing,pattern_group,running,100.0,1,1
cp_tutorial_3d_monolayer,1,16,1791301850.6846461,1392522,worker_0,W013,Closing,step_completed,success,51.61290322580645,16,31
cp_tutorial_3d_monolayer,1,16,1791301850.6846662,1392522,worker_0,W013,Resize,step_started,started,51.61290322580645,16,31
cp_tutorial_3d_monolayer,1,16,1791301850.7333457,1392522,worker_0,W013,Resize,pattern_group,running,100.0,1,1
cp_tutorial_3d_monolayer,1,16,1791301850.733476,1392522,worker_0,W013,Resize,step_completed,success,54.83870967741935,17,31
cp_tutorial_3d_monolayer,1,16,1791301850.733496,1392522,worker_0,W013,Threshold,step_started,started,54.83870967741935,17,31
cp_tutorial_3d_monolayer,1,16,1791301850.8960326,1392522,worker_0,W013,Threshold,pattern_group,running,100.0,1,1
cp_tutorial_3d_monolayer,1,16,1791301850.8963249,1392522,worker_0,W013,Threshold,step_completed,success,58.06451612903226,18,31
cp_tutorial_3d_monolayer,1,16,1791301850.8963459,1392522,worker_0,W013,MaskImage,step_started,started,58.06451612903226,18,31
cp_tutorial_3d_monolayer,1,16,1791301850.9470017,1392522,worker_0,W013,MaskImage,pattern_group,running,100.0,1,1
cp_tutorial_3d_monolayer,1,16,1791301850.9471607,1392522,worker_0,W013,MaskImage,step_completed,success,61.29032258064516,19,31
cp_tutorial_3d_monolayer,1,16,1791301850.947183,1392522,worker_0,W013,ErodeImage,step_started,started,61.29032258064516,19,31
cp_tutorial_3d_monolayer,1,16,1791301850.9789567,1392522,worker_0,W013,ErodeImage,pattern_group,running,100.0,1,1
cp_tutorial_3d_monolayer,1,16,1791301850.9790986,1392522,worker_0,W013,ErodeImage,step_completed,success,64.51612903225806,20,31
cp_tutorial_3d_monolayer,1,16,1791301850.9791193,1392522,worker_0,W013,Watershed,step_started,started,64.51612903225806,20,31
cp_tutorial_3d_monolayer,1,16,1791301851.0682538,1392522,worker_0,W013,Watershed,pattern_group,running,100.0,1,1
cp_tutorial_3d_monolayer,1,16,1791301851.0686436,1392522,worker_0,W013,Watershed,step_completed,success,67.74193548387096,21,31
cp_tutorial_3d_monolayer,1,16,1791301851.0686655,1392522,worker_0,W013,MeasureObjectIntensity,step_started,started,67.74193548387096,21,31
cp_tutorial_3d_monolayer,1,16,1791301851.313361,1392522,worker_0,W013,MeasureObjectIntensity,pattern_group,running,50.0,1,2
cp_tutorial_3d_monolayer,1,16,1791301851.5910907,1392522,worker_0,W013,MeasureObjectIntensity,pattern_group,running,100.0,2,2
cp_tutorial_3d_monolayer,1,16,1791301851.5932646,1392522,worker_0,W013,MeasureObjectIntensity,step_completed,success,70.96774193548387,22,31
cp_tutorial_3d_monolayer,1,16,1791301851.5932941,1392522,worker_0,W013,MeasureObjectSizeShape,step_started,started,70.96774193548387,22,31
cp_tutorial_3d_monolayer,1,16,1791301851.6896315,1392522,worker_0,W013,MeasureObjectSizeShape,pattern_group,running,50.0,1,2
cp_tutorial_3d_monolayer,1,16,1791301851.784297,1392522,worker_0,W013,MeasureObjectSizeShape,pattern_group,running,100.0,2,2
cp_tutorial_3d_monolayer,1,16,1791301851.7848656,1392522,worker_0,W013,MeasureObjectSizeShape,step_completed,success,74.19354838709677,23,31
cp_tutorial_3d_monolayer,1,16,1791301851.7848887,1392522,worker_0,W013,OverlayObjects,step_started,started,74.19354838709677,23,31
cp_tutorial_3d_monolayer,1,16,1791301851.82531,1392522,worker_0,W013,OverlayObjects,pattern_group,running,100.0,1,1
cp_tutorial_3d_monolayer,1,16,1791301851.8254201,1392522,worker_0,W013,OverlayObjects,step_completed,success,77.41935483870968,24,31
cp_tutorial_3d_monolayer,1,16,1791301851.8254411,1392522,worker_0,W013,RescaleIntensity,step_started,started,77.41935483870968,24,31
cp_tutorial_3d_monolayer,1,16,1791301851.9269311,1392522,worker_0,W013,RescaleIntensity,pattern_group,running,100.0,1,1
cp_tutorial_3d_monolayer,1,16,1791301851.9270716,1392522,worker_0,W013,RescaleIntensity,step_completed,success,80.64516129032258,25,31
cp_tutorial_3d_monolayer,1,16,1791301851.9270935,1392522,worker_0,W013,OverlayObjects,step_started,started,80.64516129032258,25,31
cp_tutorial_3d_monolayer,1,16,1791301851.9666977,1392522,worker_0,W013,OverlayObjects,pattern_group,running,100.0,1,1
cp_tutorial_3d_monolayer,1,16,1791301851.9668005,1392522,worker_0,W013,OverlayObjects,step_completed,success,83.87096774193549,26,31
cp_tutorial_3d_monolayer,1,16,1791301851.9668214,1392522,worker_0,W013,ConvertObjectsToImage,step_started,started,83.87096774193549,26,31
cp_tutorial_3d_monolayer,1,16,1791301851.999619,1392522,worker_0,W013,ConvertObjectsToImage,pattern_group,running,100.0,1,1
cp_tutorial_3d_monolayer,1,16,1791301851.9997652,1392522,worker_0,W013,ConvertObjectsToImage,step_completed,success,87.09677419354838,27,31
cp_tutorial_3d_monolayer,1,16,1791301851.9997869,1392522,worker_0,W013,SaveImages,step_started,started,87.09677419354838,27,31
cp_tutorial_3d_monolayer,1,16,1791301852.048679,1392522,worker_0,W013,SaveImages,pattern_group,running,100.0,1,1
cp_tutorial_3d_monolayer,1,16,1791301852.0560029,1392522,worker_0,W013,SaveImages,step_completed,success,90.32258064516128,28,31
cp_tutorial_3d_monolayer,1,16,1791301852.056046,1392522,worker_0,W013,ConvertObjectsToImage,step_started,started,90.32258064516128,28,31
cp_tutorial_3d_monolayer,1,16,1791301852.0883124,1392522,worker_0,W013,ConvertObjectsToImage,pattern_group,running,100.0,1,1
cp_tutorial_3d_monolayer,1,16,1791301852.0884871,1392522,worker_0,W013,ConvertObjectsToImage,step_completed,success,93.54838709677419,29,31
cp_tutorial_3d_monolayer,1,16,1791301852.0885103,1392522,worker_0,W013,SaveImages,step_started,started,93.54838709677419,29,31
cp_tutorial_3d_monolayer,1,16,1791301852.1373086,1392522,worker_0,W013,SaveImages,pattern_group,running,100.0,1,1
cp_tutorial_3d_monolayer,1,16,1791301852.1441197,1392522,worker_0,W013,SaveImages,step_completed,success,96.7741935483871,30,31
cp_tutorial_3d_monolayer,1,16,1791301852.148027,1392522,worker_0,W013,pipeline,axis_completed,success,96.7741935483871,30,31
cp_tutorial_3d_monolayer,1,16,1791301852.1481159,1392522,worker_0,W014,pipeline,axis_started,started,0.0,0,31
cp_tutorial_3d_monolayer,1,16,1791301852.1481485,1392522,worker_0,W014,RescaleIntensity,step_started,started,0.0,0,31
cp_tutorial_3d_monolayer,1,16,1791301852.432237,1392522,worker_0,W014,RescaleIntensity,pattern_group,running,100.0,1,1
cp_tutorial_3d_monolayer,1,16,1791301852.4323852,1392522,worker_0,W014,RescaleIntensity,step_completed,success,3.225806451612903,1,31
cp_tutorial_3d_monolayer,1,16,1791301852.4324074,1392522,worker_0,W014,Resize,step_started,started,3.225806451612903,1,31
cp_tutorial_3d_monolayer,1,16,1791301852.4882598,1392522,worker_0,W014,Resize,pattern_group,running,100.0,1,1
cp_tutorial_3d_monolayer,1,16,1791301852.488404,1392522,worker_0,W014,Resize,step_completed,success,6.451612903225806,2,31
cp_tutorial_3d_monolayer,1,16,1791301852.4884248,1392522,worker_0,W014,MedianFilter,step_started,started,6.451612903225806,2,31
cp_tutorial_3d_monolayer,1,16,1791301852.6545165,1392522,worker_0,W014,MedianFilter,pattern_group,running,100.0,1,1
cp_tutorial_3d_monolayer,1,16,1791301852.6546526,1392522,worker_0,W014,MedianFilter,step_completed,success,9.67741935483871,3,31
cp_tutorial_3d_monolayer,1,16,1791301852.6546733,1392522,worker_0,W014,Threshold,step_started,started,9.67741935483871,3,31
cp_tutorial_3d_monolayer,1,16,1791301852.6915717,1392522,worker_0,W014,Threshold,pattern_group,running,100.0,1,1
cp_tutorial_3d_monolayer,1,16,1791301852.692334,1392522,worker_0,W014,Threshold,step_completed,success,12.903225806451612,4,31
cp_tutorial_3d_monolayer,1,16,1791301852.6923594,1392522,worker_0,W014,RemoveHoles,step_started,started,12.903225806451612,4,31
cp_tutorial_3d_monolayer,1,16,1791301852.7084563,1392522,worker_0,W014,RemoveHoles,pattern_group,running,100.0,1,1
cp_tutorial_3d_monolayer,1,16,1791301852.7085996,1392522,worker_0,W014,RemoveHoles,step_completed,success,16.129032258064516,5,31
cp_tutorial_3d_monolayer,1,16,1791301852.7086203,1392522,worker_0,W014,Watershed,step_started,started,16.129032258064516,5,31
cp_tutorial_3d_monolayer,1,16,1791301852.8002279,1392522,worker_0,W014,Watershed,pattern_group,running,100.0,1,1
cp_tutorial_3d_monolayer,1,16,1791301852.8006115,1392522,worker_0,W014,Watershed,step_completed,success,19.35483870967742,6,31
cp_tutorial_3d_monolayer,1,16,1791301852.8006332,1392522,worker_0,W014,ResizeObjects,step_started,started,19.35483870967742,6,31
cp_tutorial_3d_monolayer,1,16,1791301852.8276029,1392522,worker_0,W014,ResizeObjects,pattern_group,running,100.0,1,1
cp_tutorial_3d_monolayer,1,16,1791301852.828073,1392522,worker_0,W014,ResizeObjects,step_completed,success,22.58064516129032,7,31
cp_tutorial_3d_monolayer,1,16,1791301852.8280962,1392522,worker_0,W014,ErodeObjects,step_started,started,22.58064516129032,7,31
cp_tutorial_3d_monolayer,1,16,1791301852.884812,1392522,worker_0,W014,ErodeObjects,pattern_group,running,100.0,1,1
cp_tutorial_3d_monolayer,1,16,1791301852.8853216,1392522,worker_0,W014,ErodeObjects,step_completed,success,25.806451612903224,8,31
cp_tutorial_3d_monolayer,1,16,1791301852.8853471,1392522,worker_0,W014,ResizeObjects,step_started,started,25.806451612903224,8,31
cp_tutorial_3d_monolayer,1,16,1791301852.9086967,1392522,worker_0,W014,ResizeObjects,pattern_group,running,100.0,1,1
cp_tutorial_3d_monolayer,1,16,1791301852.9091687,1392522,worker_0,W014,ResizeObjects,step_completed,success,29.03225806451613,9,31
cp_tutorial_3d_monolayer,1,16,1791301852.909193,1392522,worker_0,W014,ConvertObjectsToImage,step_started,started,29.03225806451613,9,31
cp_tutorial_3d_monolayer,1,16,1791301852.9270802,1392522,worker_0,W014,ConvertObjectsToImage,pattern_group,running,100.0,1,1
cp_tutorial_3d_monolayer,1,16,1791301852.9272254,1392522,worker_0,W014,ConvertObjectsToImage,step_completed,success,32.25806451612903,10,31
cp_tutorial_3d_monolayer,1,16,1791301852.9272494,1392522,worker_0,W014,Threshold,step_started,started,32.25806451612903,10,31
cp_tutorial_3d_monolayer,1,16,1791301853.120528,1392522,worker_0,W014,Threshold,pattern_group,running,100.0,1,1
cp_tutorial_3d_monolayer,1,16,1791301853.1207757,1392522,worker_0,W014,Threshold,step_completed,success,35.483870967741936,11,31
cp_tutorial_3d_monolayer,1,16,1791301853.1207995,1392522,worker_0,W014,ImageMath,step_started,started,35.483870967741936,11,31
cp_tutorial_3d_monolayer,1,16,1791301853.1524146,1392522,worker_0,W014,ImageMath,pattern_group,running,100.0,1,1
cp_tutorial_3d_monolayer,1,16,1791301853.152566,1392522,worker_0,W014,ImageMath,step_completed,success,38.70967741935484,12,31
cp_tutorial_3d_monolayer,1,16,1791301853.1525872,1392522,worker_0,W014,RemoveHoles,step_started,started,38.70967741935484,12,31
cp_tutorial_3d_monolayer,1,16,1791301853.1983485,1392522,worker_0,W014,RemoveHoles,pattern_group,running,100.0,1,1
cp_tutorial_3d_monolayer,1,16,1791301853.198488,1392522,worker_0,W014,RemoveHoles,step_completed,success,41.935483870967744,13,31
cp_tutorial_3d_monolayer,1,16,1791301853.1985102,1392522,worker_0,W014,ImageMath,step_started,started,41.935483870967744,13,31
cp_tutorial_3d_monolayer,1,16,1791301853.4721785,1392522,worker_0,W014,ImageMath,pattern_group,running,100.0,1,1
cp_tutorial_3d_monolayer,1,16,1791301853.4723306,1392522,worker_0,W014,ImageMath,step_completed,success,45.16129032258064,14,31
cp_tutorial_3d_monolayer,1,16,1791301853.4723518,1392522,worker_0,W014,Resize,step_started,started,45.16129032258064,14,31
cp_tutorial_3d_monolayer,1,16,1791301853.5312276,1392522,worker_0,W014,Resize,pattern_group,running,100.0,1,1
cp_tutorial_3d_monolayer,1,16,1791301853.5313702,1392522,worker_0,W014,Resize,step_completed,success,48.38709677419355,15,31
cp_tutorial_3d_monolayer,1,16,1791301853.5313904,1392522,worker_0,W014,Closing,step_started,started,48.38709677419355,15,31
cp_tutorial_3d_monolayer,1,16,1791301853.6084564,1392522,worker_0,W014,Closing,pattern_group,running,100.0,1,1
cp_tutorial_3d_monolayer,1,16,1791301853.6085916,1392522,worker_0,W014,Closing,step_completed,success,51.61290322580645,16,31
cp_tutorial_3d_monolayer,1,16,1791301853.608611,1392522,worker_0,W014,Resize,step_started,started,51.61290322580645,16,31
cp_tutorial_3d_monolayer,1,16,1791301853.6577137,1392522,worker_0,W014,Resize,pattern_group,running,100.0,1,1
cp_tutorial_3d_monolayer,1,16,1791301853.6578546,1392522,worker_0,W014,Resize,step_completed,success,54.83870967741935,17,31
cp_tutorial_3d_monolayer,1,16,1791301853.6578758,1392522,worker_0,W014,Threshold,step_started,started,54.83870967741935,17,31
cp_tutorial_3d_monolayer,1,16,1791301853.8202279,1392522,worker_0,W014,Threshold,pattern_group,running,100.0,1,1
cp_tutorial_3d_monolayer,1,16,1791301853.8204718,1392522,worker_0,W014,Threshold,step_completed,success,58.06451612903226,18,31
cp_tutorial_3d_monolayer,1,16,1791301853.8204923,1392522,worker_0,W014,MaskImage,step_started,started,58.06451612903226,18,31
cp_tutorial_3d_monolayer,1,16,1791301853.865949,1392522,worker_0,W014,MaskImage,pattern_group,running,100.0,1,1
cp_tutorial_3d_monolayer,1,16,1791301853.8661008,1392522,worker_0,W014,MaskImage,step_completed,success,61.29032258064516,19,31
cp_tutorial_3d_monolayer,1,16,1791301853.8661215,1392522,worker_0,W014,ErodeImage,step_started,started,61.29032258064516,19,31
cp_tutorial_3d_monolayer,1,16,1791301853.8973966,1392522,worker_0,W014,ErodeImage,pattern_group,running,100.0,1,1
cp_tutorial_3d_monolayer,1,16,1791301853.8975403,1392522,worker_0,W014,ErodeImage,step_completed,success,64.51612903225806,20,31
cp_tutorial_3d_monolayer,1,16,1791301853.8975613,1392522,worker_0,W014,Watershed,step_started,started,64.51612903225806,20,31
cp_tutorial_3d_monolayer,1,16,1791301853.9851868,1392522,worker_0,W014,Watershed,pattern_group,running,100.0,1,1
cp_tutorial_3d_monolayer,1,16,1791301853.9855795,1392522,worker_0,W014,Watershed,step_completed,success,67.74193548387096,21,31
cp_tutorial_3d_monolayer,1,16,1791301853.9856014,1392522,worker_0,W014,MeasureObjectIntensity,step_started,started,67.74193548387096,21,31
cp_tutorial_3d_monolayer,1,16,1791301854.2288628,1392522,worker_0,W014,MeasureObjectIntensity,pattern_group,running,50.0,1,2
cp_tutorial_3d_monolayer,1,16,1791301854.505739,1392522,worker_0,W014,MeasureObjectIntensity,pattern_group,running,100.0,2,2
cp_tutorial_3d_monolayer,1,16,1791301854.50797,1392522,worker_0,W014,MeasureObjectIntensity,step_completed,success,70.96774193548387,22,31
cp_tutorial_3d_monolayer,1,16,1791301854.507995,1392522,worker_0,W014,MeasureObjectSizeShape,step_started,started,70.96774193548387,22,31
cp_tutorial_3d_monolayer,1,16,1791301854.604919,1392522,worker_0,W014,MeasureObjectSizeShape,pattern_group,running,50.0,1,2
cp_tutorial_3d_monolayer,1,16,1791301854.6996846,1392522,worker_0,W014,MeasureObjectSizeShape,pattern_group,running,100.0,2,2
cp_tutorial_3d_monolayer,1,16,1791301854.7002578,1392522,worker_0,W014,MeasureObjectSizeShape,step_completed,success,74.19354838709677,23,31
cp_tutorial_3d_monolayer,1,16,1791301854.7002895,1392522,worker_0,W014,OverlayObjects,step_started,started,74.19354838709677,23,31
cp_tutorial_3d_monolayer,1,16,1791301854.734838,1392522,worker_0,W014,OverlayObjects,pattern_group,running,100.0,1,1
cp_tutorial_3d_monolayer,1,16,1791301854.7349524,1392522,worker_0,W014,OverlayObjects,step_completed,success,77.41935483870968,24,31
cp_tutorial_3d_monolayer,1,16,1791301854.7349741,1392522,worker_0,W014,RescaleIntensity,step_started,started,77.41935483870968,24,31
cp_tutorial_3d_monolayer,1,16,1791301854.8372493,1392522,worker_0,W014,RescaleIntensity,pattern_group,running,100.0,1,1
cp_tutorial_3d_monolayer,1,16,1791301854.8373995,1392522,worker_0,W014,RescaleIntensity,step_completed,success,80.64516129032258,25,31
cp_tutorial_3d_monolayer,1,16,1791301854.8374224,1392522,worker_0,W014,OverlayObjects,step_started,started,80.64516129032258,25,31
cp_tutorial_3d_monolayer,1,16,1791301854.869278,1392522,worker_0,W014,OverlayObjects,pattern_group,running,100.0,1,1
cp_tutorial_3d_monolayer,1,16,1791301854.8693783,1392522,worker_0,W014,OverlayObjects,step_completed,success,83.87096774193549,26,31
cp_tutorial_3d_monolayer,1,16,1791301854.8693993,1392522,worker_0,W014,ConvertObjectsToImage,step_started,started,83.87096774193549,26,31
cp_tutorial_3d_monolayer,1,16,1791301854.9019778,1392522,worker_0,W014,ConvertObjectsToImage,pattern_group,running,100.0,1,1
cp_tutorial_3d_monolayer,1,16,1791301854.9021196,1392522,worker_0,W014,ConvertObjectsToImage,step_completed,success,87.09677419354838,27,31
cp_tutorial_3d_monolayer,1,16,1791301854.9021425,1392522,worker_0,W014,SaveImages,step_started,started,87.09677419354838,27,31
cp_tutorial_3d_monolayer,1,16,1791301854.9516575,1392522,worker_0,W014,SaveImages,pattern_group,running,100.0,1,1
cp_tutorial_3d_monolayer,1,16,1791301854.9581864,1392522,worker_0,W014,SaveImages,step_completed,success,90.32258064516128,28,31
cp_tutorial_3d_monolayer,1,16,1791301854.9582279,1392522,worker_0,W014,ConvertObjectsToImage,step_started,started,90.32258064516128,28,31
cp_tutorial_3d_monolayer,1,16,1791301854.9912267,1392522,worker_0,W014,ConvertObjectsToImage,pattern_group,running,100.0,1,1
cp_tutorial_3d_monolayer,1,16,1791301854.991408,1392522,worker_0,W014,ConvertObjectsToImage,step_completed,success,93.54838709677419,29,31
cp_tutorial_3d_monolayer,1,16,1791301854.9914303,1392522,worker_0,W014,SaveImages,step_started,started,93.54838709677419,29,31
cp_tutorial_3d_monolayer,1,16,1791301855.0405645,1392522,worker_0,W014,SaveImages,pattern_group,running,100.0,1,1
cp_tutorial_3d_monolayer,1,16,1791301855.0469213,1392522,worker_0,W014,SaveImages,step_completed,success,96.7741935483871,30,31
cp_tutorial_3d_monolayer,1,16,1791301855.0499976,1392522,worker_0,W014,pipeline,axis_completed,success,96.7741935483871,30,31
cp_tutorial_3d_monolayer,1,16,1791301855.050071,1392522,worker_0,W015,pipeline,axis_started,started,0.0,0,31
cp_tutorial_3d_monolayer,1,16,1791301855.0501022,1392522,worker_0,W015,RescaleIntensity,step_started,started,0.0,0,31
cp_tutorial_3d_monolayer,1,16,1791301855.3299623,1392522,worker_0,W015,RescaleIntensity,pattern_group,running,100.0,1,1
cp_tutorial_3d_monolayer,1,16,1791301855.3301096,1392522,worker_0,W015,RescaleIntensity,step_completed,success,3.225806451612903,1,31
cp_tutorial_3d_monolayer,1,16,1791301855.3301318,1392522,worker_0,W015,Resize,step_started,started,3.225806451612903,1,31
cp_tutorial_3d_monolayer,1,16,1791301855.3856978,1392522,worker_0,W015,Resize,pattern_group,running,100.0,1,1
cp_tutorial_3d_monolayer,1,16,1791301855.3858368,1392522,worker_0,W015,Resize,step_completed,success,6.451612903225806,2,31
cp_tutorial_3d_monolayer,1,16,1791301855.3858569,1392522,worker_0,W015,MedianFilter,step_started,started,6.451612903225806,2,31
cp_tutorial_3d_monolayer,1,16,1791301855.550556,1392522,worker_0,W015,MedianFilter,pattern_group,running,100.0,1,1
cp_tutorial_3d_monolayer,1,16,1791301855.5506887,1392522,worker_0,W015,MedianFilter,step_completed,success,9.67741935483871,3,31
cp_tutorial_3d_monolayer,1,16,1791301855.5507095,1392522,worker_0,W015,Threshold,step_started,started,9.67741935483871,3,31
cp_tutorial_3d_monolayer,1,16,1791301855.587681,1392522,worker_0,W015,Threshold,pattern_group,running,100.0,1,1
cp_tutorial_3d_monolayer,1,16,1791301855.5879235,1392522,worker_0,W015,Threshold,step_completed,success,12.903225806451612,4,31
cp_tutorial_3d_monolayer,1,16,1791301855.5879447,1392522,worker_0,W015,RemoveHoles,step_started,started,12.903225806451612,4,31
cp_tutorial_3d_monolayer,1,16,1791301855.6042402,1392522,worker_0,W015,RemoveHoles,pattern_group,running,100.0,1,1
cp_tutorial_3d_monolayer,1,16,1791301855.6043925,1392522,worker_0,W015,RemoveHoles,step_completed,success,16.129032258064516,5,31
cp_tutorial_3d_monolayer,1,16,1791301855.6044135,1392522,worker_0,W015,Watershed,step_started,started,16.129032258064516,5,31
cp_tutorial_3d_monolayer,1,16,1791301855.6957502,1392522,worker_0,W015,Watershed,pattern_group,running,100.0,1,1
cp_tutorial_3d_monolayer,1,16,1791301855.6961312,1392522,worker_0,W015,Watershed,step_completed,success,19.35483870967742,6,31
cp_tutorial_3d_monolayer,1,16,1791301855.6961532,1392522,worker_0,W015,ResizeObjects,step_started,started,19.35483870967742,6,31
cp_tutorial_3d_monolayer,1,16,1791301855.722795,1392522,worker_0,W015,ResizeObjects,pattern_group,running,100.0,1,1
cp_tutorial_3d_monolayer,1,16,1791301855.7232747,1392522,worker_0,W015,ResizeObjects,step_completed,success,22.58064516129032,7,31
cp_tutorial_3d_monolayer,1,16,1791301855.7232988,1392522,worker_0,W015,ErodeObjects,step_started,started,22.58064516129032,7,31
cp_tutorial_3d_monolayer,1,16,1791301855.7801182,1392522,worker_0,W015,ErodeObjects,pattern_group,running,100.0,1,1
cp_tutorial_3d_monolayer,1,16,1791301855.7805932,1392522,worker_0,W015,ErodeObjects,step_completed,success,25.806451612903224,8,31
cp_tutorial_3d_monolayer,1,16,1791301855.7806175,1392522,worker_0,W015,ResizeObjects,step_started,started,25.806451612903224,8,31
cp_tutorial_3d_monolayer,1,16,1791301855.804902,1392522,worker_0,W015,ResizeObjects,pattern_group,running,100.0,1,1
cp_tutorial_3d_monolayer,1,16,1791301855.8053796,1392522,worker_0,W015,ResizeObjects,step_completed,success,29.03225806451613,9,31
cp_tutorial_3d_monolayer,1,16,1791301855.8054042,1392522,worker_0,W015,ConvertObjectsToImage,step_started,started,29.03225806451613,9,31
cp_tutorial_3d_monolayer,1,16,1791301855.8237238,1392522,worker_0,W015,ConvertObjectsToImage,pattern_group,running,100.0,1,1
cp_tutorial_3d_monolayer,1,16,1791301855.8238676,1392522,worker_0,W015,ConvertObjectsToImage,step_completed,success,32.25806451612903,10,31
cp_tutorial_3d_monolayer,1,16,1791301855.8238902,1392522,worker_0,W015,Threshold,step_started,started,32.25806451612903,10,31
cp_tutorial_3d_monolayer,1,16,1791301856.0209658,1392522,worker_0,W015,Threshold,pattern_group,running,100.0,1,1
cp_tutorial_3d_monolayer,1,16,1791301856.0212123,1392522,worker_0,W015,Threshold,step_completed,success,35.483870967741936,11,31
cp_tutorial_3d_monolayer,1,16,1791301856.021234,1392522,worker_0,W015,ImageMath,step_started,started,35.483870967741936,11,31
cp_tutorial_3d_monolayer,1,16,1791301856.0528545,1392522,worker_0,W015,ImageMath,pattern_group,running,100.0,1,1
cp_tutorial_3d_monolayer,1,16,1791301856.0530076,1392522,worker_0,W015,ImageMath,step_completed,success,38.70967741935484,12,31
cp_tutorial_3d_monolayer,1,16,1791301856.053029,1392522,worker_0,W015,RemoveHoles,step_started,started,38.70967741935484,12,31
cp_tutorial_3d_monolayer,1,16,1791301856.0984652,1392522,worker_0,W015,RemoveHoles,pattern_group,running,100.0,1,1
cp_tutorial_3d_monolayer,1,16,1791301856.098608,1392522,worker_0,W015,RemoveHoles,step_completed,success,41.935483870967744,13,31
cp_tutorial_3d_monolayer,1,16,1791301856.0986297,1392522,worker_0,W015,ImageMath,step_started,started,41.935483870967744,13,31
cp_tutorial_3d_monolayer,1,16,1791301856.3725924,1392522,worker_0,W015,ImageMath,pattern_group,running,100.0,1,1
cp_tutorial_3d_monolayer,1,16,1791301856.372742,1392522,worker_0,W015,ImageMath,step_completed,success,45.16129032258064,14,31
cp_tutorial_3d_monolayer,1,16,1791301856.3727632,1392522,worker_0,W015,Resize,step_started,started,45.16129032258064,14,31
cp_tutorial_3d_monolayer,1,16,1791301856.4317408,1392522,worker_0,W015,Resize,pattern_group,running,100.0,1,1
cp_tutorial_3d_monolayer,1,16,1791301856.4318798,1392522,worker_0,W015,Resize,step_completed,success,48.38709677419355,15,31
cp_tutorial_3d_monolayer,1,16,1791301856.4319007,1392522,worker_0,W015,Closing,step_started,started,48.38709677419355,15,31
cp_tutorial_3d_monolayer,1,16,1791301856.509013,1392522,worker_0,W015,Closing,pattern_group,running,100.0,1,1
cp_tutorial_3d_monolayer,1,16,1791301856.5093896,1392522,worker_0,W015,Closing,step_completed,success,51.61290322580645,16,31
cp_tutorial_3d_monolayer,1,16,1791301856.50942,1392522,worker_0,W015,Resize,step_started,started,51.61290322580645,16,31
cp_tutorial_3d_monolayer,1,16,1791301856.5578868,1392522,worker_0,W015,Resize,pattern_group,running,100.0,1,1
cp_tutorial_3d_monolayer,1,16,1791301856.5580218,1392522,worker_0,W015,Resize,step_completed,success,54.83870967741935,17,31
cp_tutorial_3d_monolayer,1,16,1791301856.5580425,1392522,worker_0,W015,Threshold,step_started,started,54.83870967741935,17,31
cp_tutorial_3d_monolayer,1,16,1791301856.720456,1392522,worker_0,W015,Threshold,pattern_group,running,100.0,1,1
cp_tutorial_3d_monolayer,1,16,1791301856.7207007,1392522,worker_0,W015,Threshold,step_completed,success,58.06451612903226,18,31
cp_tutorial_3d_monolayer,1,16,1791301856.7207215,1392522,worker_0,W015,MaskImage,step_started,started,58.06451612903226,18,31
cp_tutorial_3d_monolayer,1,16,1791301856.766393,1392522,worker_0,W015,MaskImage,pattern_group,running,100.0,1,1
cp_tutorial_3d_monolayer,1,16,1791301856.7665431,1392522,worker_0,W015,MaskImage,step_completed,success,61.29032258064516,19,31
cp_tutorial_3d_monolayer,1,16,1791301856.7665644,1392522,worker_0,W015,ErodeImage,step_started,started,61.29032258064516,19,31
cp_tutorial_3d_monolayer,1,16,1791301856.797951,1392522,worker_0,W015,ErodeImage,pattern_group,running,100.0,1,1
cp_tutorial_3d_monolayer,1,16,1791301856.7980947,1392522,worker_0,W015,ErodeImage,step_completed,success,64.51612903225806,20,31
cp_tutorial_3d_monolayer,1,16,1791301856.7981157,1392522,worker_0,W015,Watershed,step_started,started,64.51612903225806,20,31
cp_tutorial_3d_monolayer,1,16,1791301856.8834782,1392522,worker_0,W015,Watershed,pattern_group,running,100.0,1,1
cp_tutorial_3d_monolayer,1,16,1791301856.8838723,1392522,worker_0,W015,Watershed,step_completed,success,67.74193548387096,21,31
cp_tutorial_3d_monolayer,1,16,1791301856.8838947,1392522,worker_0,W015,MeasureObjectIntensity,step_started,started,67.74193548387096,21,31
cp_tutorial_3d_monolayer,1,16,1791301857.1290846,1392522,worker_0,W015,MeasureObjectIntensity,pattern_group,running,50.0,1,2
cp_tutorial_3d_monolayer,1,16,1791301857.4066997,1392522,worker_0,W015,MeasureObjectIntensity,pattern_group,running,100.0,2,2
cp_tutorial_3d_monolayer,1,16,1791301857.40893,1392522,worker_0,W015,MeasureObjectIntensity,step_completed,success,70.96774193548387,22,31
cp_tutorial_3d_monolayer,1,16,1791301857.4089546,1392522,worker_0,W015,MeasureObjectSizeShape,step_started,started,70.96774193548387,22,31
cp_tutorial_3d_monolayer,1,16,1791301857.50546,1392522,worker_0,W015,MeasureObjectSizeShape,pattern_group,running,50.0,1,2
cp_tutorial_3d_monolayer,1,16,1791301857.600069,1392522,worker_0,W015,MeasureObjectSizeShape,pattern_group,running,100.0,2,2
cp_tutorial_3d_monolayer,1,16,1791301857.600647,1392522,worker_0,W015,MeasureObjectSizeShape,step_completed,success,74.19354838709677,23,31
cp_tutorial_3d_monolayer,1,16,1791301857.6006687,1392522,worker_0,W015,OverlayObjects,step_started,started,74.19354838709677,23,31
cp_tutorial_3d_monolayer,1,16,1791301857.637481,1392522,worker_0,W015,OverlayObjects,pattern_group,running,100.0,1,1
cp_tutorial_3d_monolayer,1,16,1791301857.6375957,1392522,worker_0,W015,OverlayObjects,step_completed,success,77.41935483870968,24,31
cp_tutorial_3d_monolayer,1,16,1791301857.637617,1392522,worker_0,W015,RescaleIntensity,step_started,started,77.41935483870968,24,31
cp_tutorial_3d_monolayer,1,16,1791301857.7396717,1392522,worker_0,W015,RescaleIntensity,pattern_group,running,100.0,1,1
cp_tutorial_3d_monolayer,1,16,1791301857.7398036,1392522,worker_0,W015,RescaleIntensity,step_completed,success,80.64516129032258,25,31
cp_tutorial_3d_monolayer,1,16,1791301857.7398257,1392522,worker_0,W015,OverlayObjects,step_started,started,80.64516129032258,25,31
cp_tutorial_3d_monolayer,1,16,1791301857.7759159,1392522,worker_0,W015,OverlayObjects,pattern_group,running,100.0,1,1
cp_tutorial_3d_monolayer,1,16,1791301857.7760177,1392522,worker_0,W015,OverlayObjects,step_completed,success,83.87096774193549,26,31
cp_tutorial_3d_monolayer,1,16,1791301857.7760386,1392522,worker_0,W015,ConvertObjectsToImage,step_started,started,83.87096774193549,26,31
cp_tutorial_3d_monolayer,1,16,1791301857.8073983,1392522,worker_0,W015,ConvertObjectsToImage,pattern_group,running,100.0,1,1
cp_tutorial_3d_monolayer,1,16,1791301857.8075418,1392522,worker_0,W015,ConvertObjectsToImage,step_completed,success,87.09677419354838,27,31
cp_tutorial_3d_monolayer,1,16,1791301857.8075635,1392522,worker_0,W015,SaveImages,step_started,started,87.09677419354838,27,31
cp_tutorial_3d_monolayer,1,16,1791301857.85671,1392522,worker_0,W015,SaveImages,pattern_group,running,100.0,1,1
cp_tutorial_3d_monolayer,1,16,1791301857.8630605,1392522,worker_0,W015,SaveImages,step_completed,success,90.32258064516128,28,31
cp_tutorial_3d_monolayer,1,16,1791301857.8630998,1392522,worker_0,W015,ConvertObjectsToImage,step_started,started,90.32258064516128,28,31
cp_tutorial_3d_monolayer,1,16,1791301857.8964713,1392522,worker_0,W015,ConvertObjectsToImage,pattern_group,running,100.0,1,1
cp_tutorial_3d_monolayer,1,16,1791301857.8966467,1392522,worker_0,W015,ConvertObjectsToImage,step_completed,success,93.54838709677419,29,31
cp_tutorial_3d_monolayer,1,16,1791301857.8966691,1392522,worker_0,W015,SaveImages,step_started,started,93.54838709677419,29,31
cp_tutorial_3d_monolayer,1,16,1791301857.9472134,1392522,worker_0,W015,SaveImages,pattern_group,running,100.0,1,1
cp_tutorial_3d_monolayer,1,16,1791301857.9536955,1392522,worker_0,W015,SaveImages,step_completed,success,96.7741935483871,30,31
cp_tutorial_3d_monolayer,1,16,1791301857.9566605,1392522,worker_0,W015,pipeline,axis_completed,success,96.7741935483871,30,31
cp_tutorial_3d_monolayer,1,16,1791301857.9567354,1392522,worker_0,W016,pipeline,axis_started,started,0.0,0,31
cp_tutorial_3d_monolayer,1,16,1791301857.956766,1392522,worker_0,W016,RescaleIntensity,step_started,started,0.0,0,31
cp_tutorial_3d_monolayer,1,16,1791301858.4456067,1392522,worker_0,W016,RescaleIntensity,pattern_group,running,100.0,1,1
cp_tutorial_3d_monolayer,1,16,1791301858.4457402,1392522,worker_0,W016,RescaleIntensity,step_completed,success,3.225806451612903,1,31
cp_tutorial_3d_monolayer,1,16,1791301858.4457607,1392522,worker_0,W016,Resize,step_started,started,3.225806451612903,1,31
cp_tutorial_3d_monolayer,1,16,1791301858.5014305,1392522,worker_0,W016,Resize,pattern_group,running,100.0,1,1
cp_tutorial_3d_monolayer,1,16,1791301858.5015678,1392522,worker_0,W016,Resize,step_completed,success,6.451612903225806,2,31
cp_tutorial_3d_monolayer,1,16,1791301858.5015888,1392522,worker_0,W016,MedianFilter,step_started,started,6.451612903225806,2,31
cp_tutorial_3d_monolayer,1,16,1791301858.6666543,1392522,worker_0,W016,MedianFilter,pattern_group,running,100.0,1,1
cp_tutorial_3d_monolayer,1,16,1791301858.6669405,1392522,worker_0,W016,MedianFilter,step_completed,success,9.67741935483871,3,31
cp_tutorial_3d_monolayer,1,16,1791301858.6669624,1392522,worker_0,W016,Threshold,step_started,started,9.67741935483871,3,31
cp_tutorial_3d_monolayer,1,16,1791301858.703667,1392522,worker_0,W016,Threshold,pattern_group,running,100.0,1,1
cp_tutorial_3d_monolayer,1,16,1791301858.703905,1392522,worker_0,W016,Threshold,step_completed,success,12.903225806451612,4,31
cp_tutorial_3d_monolayer,1,16,1791301858.7039266,1392522,worker_0,W016,RemoveHoles,step_started,started,12.903225806451612,4,31
cp_tutorial_3d_monolayer,1,16,1791301858.7204156,1392522,worker_0,W016,RemoveHoles,pattern_group,running,100.0,1,1
cp_tutorial_3d_monolayer,1,16,1791301858.7205544,1392522,worker_0,W016,RemoveHoles,step_completed,success,16.129032258064516,5,31
cp_tutorial_3d_monolayer,1,16,1791301858.7205756,1392522,worker_0,W016,Watershed,step_started,started,16.129032258064516,5,31
cp_tutorial_3d_monolayer,1,16,1791301858.811877,1392522,worker_0,W016,Watershed,pattern_group,running,100.0,1,1
cp_tutorial_3d_monolayer,1,16,1791301858.812256,1392522,worker_0,W016,Watershed,step_completed,success,19.35483870967742,6,31
cp_tutorial_3d_monolayer,1,16,1791301858.812283,1392522,worker_0,W016,ResizeObjects,step_started,started,19.35483870967742,6,31
cp_tutorial_3d_monolayer,1,16,1791301858.840463,1392522,worker_0,W016,ResizeObjects,pattern_group,running,100.0,1,1
cp_tutorial_3d_monolayer,1,16,1791301858.840926,1392522,worker_0,W016,ResizeObjects,step_completed,success,22.58064516129032,7,31
cp_tutorial_3d_monolayer,1,16,1791301858.8409486,1392522,worker_0,W016,ErodeObjects,step_started,started,22.58064516129032,7,31
cp_tutorial_3d_monolayer,1,16,1791301858.898134,1392522,worker_0,W016,ErodeObjects,pattern_group,running,100.0,1,1
cp_tutorial_3d_monolayer,1,16,1791301858.8986125,1392522,worker_0,W016,ErodeObjects,step_completed,success,25.806451612903224,8,31
cp_tutorial_3d_monolayer,1,16,1791301858.898637,1392522,worker_0,W016,ResizeObjects,step_started,started,25.806451612903224,8,31
cp_tutorial_3d_monolayer,1,16,1791301858.9220533,1392522,worker_0,W016,ResizeObjects,pattern_group,running,100.0,1,1
cp_tutorial_3d_monolayer,1,16,1791301858.9225318,1392522,worker_0,W016,ResizeObjects,step_completed,success,29.03225806451613,9,31
cp_tutorial_3d_monolayer,1,16,1791301858.9225569,1392522,worker_0,W016,ConvertObjectsToImage,step_started,started,29.03225806451613,9,31
cp_tutorial_3d_monolayer,1,16,1791301858.9414377,1392522,worker_0,W016,ConvertObjectsToImage,pattern_group,running,100.0,1,1
cp_tutorial_3d_monolayer,1,16,1791301858.941599,1392522,worker_0,W016,ConvertObjectsToImage,step_completed,success,32.25806451612903,10,31
cp_tutorial_3d_monolayer,1,16,1791301858.9416244,1392522,worker_0,W016,Threshold,step_started,started,32.25806451612903,10,31
cp_tutorial_3d_monolayer,1,16,1791301859.1350784,1392522,worker_0,W016,Threshold,pattern_group,running,100.0,1,1
cp_tutorial_3d_monolayer,1,16,1791301859.1353273,1392522,worker_0,W016,Threshold,step_completed,success,35.483870967741936,11,31
cp_tutorial_3d_monolayer,1,16,1791301859.135348,1392522,worker_0,W016,ImageMath,step_started,started,35.483870967741936,11,31
cp_tutorial_3d_monolayer,1,16,1791301859.1669014,1392522,worker_0,W016,ImageMath,pattern_group,running,100.0,1,1
cp_tutorial_3d_monolayer,1,16,1791301859.167051,1392522,worker_0,W016,ImageMath,step_completed,success,38.70967741935484,12,31
cp_tutorial_3d_monolayer,1,16,1791301859.1670735,1392522,worker_0,W016,RemoveHoles,step_started,started,38.70967741935484,12,31
cp_tutorial_3d_monolayer,1,16,1791301859.2131991,1392522,worker_0,W016,RemoveHoles,pattern_group,running,100.0,1,1
cp_tutorial_3d_monolayer,1,16,1791301859.2133482,1392522,worker_0,W016,RemoveHoles,step_completed,success,41.935483870967744,13,31
cp_tutorial_3d_monolayer,1,16,1791301859.2133698,1392522,worker_0,W016,ImageMath,step_started,started,41.935483870967744,13,31
cp_tutorial_3d_monolayer,1,16,1791301859.4890327,1392522,worker_0,W016,ImageMath,pattern_group,running,100.0,1,1
cp_tutorial_3d_monolayer,1,16,1791301859.489183,1392522,worker_0,W016,ImageMath,step_completed,success,45.16129032258064,14,31
cp_tutorial_3d_monolayer,1,16,1791301859.4892046,1392522,worker_0,W016,Resize,step_started,started,45.16129032258064,14,31
cp_tutorial_3d_monolayer,1,16,1791301859.5485742,1392522,worker_0,W016,Resize,pattern_group,running,100.0,1,1
cp_tutorial_3d_monolayer,1,16,1791301859.5487123,1392522,worker_0,W016,Resize,step_completed,success,48.38709677419355,15,31
cp_tutorial_3d_monolayer,1,16,1791301859.5487318,1392522,worker_0,W016,Closing,step_started,started,48.38709677419355,15,31
cp_tutorial_3d_monolayer,1,16,1791301859.626047,1392522,worker_0,W016,Closing,pattern_group,running,100.0,1,1
cp_tutorial_3d_monolayer,1,16,1791301859.6261857,1392522,worker_0,W016,Closing,step_completed,success,51.61290322580645,16,31
cp_tutorial_3d_monolayer,1,16,1791301859.626206,1392522,worker_0,W016,Resize,step_started,started,51.61290322580645,16,31
cp_tutorial_3d_monolayer,1,16,1791301859.6750262,1392522,worker_0,W016,Resize,pattern_group,running,100.0,1,1
cp_tutorial_3d_monolayer,1,16,1791301859.675162,1392522,worker_0,W016,Resize,step_completed,success,54.83870967741935,17,31
cp_tutorial_3d_monolayer,1,16,1791301859.6751833,1392522,worker_0,W016,Threshold,step_started,started,54.83870967741935,17,31
cp_tutorial_3d_monolayer,1,16,1791301859.8381631,1392522,worker_0,W016,Threshold,pattern_group,running,100.0,1,1
cp_tutorial_3d_monolayer,1,16,1791301859.8384101,1392522,worker_0,W016,Threshold,step_completed,success,58.06451612903226,18,31
cp_tutorial_3d_monolayer,1,16,1791301859.838431,1392522,worker_0,W016,MaskImage,step_started,started,58.06451612903226,18,31
cp_tutorial_3d_monolayer,1,16,1791301859.8840353,1392522,worker_0,W016,MaskImage,pattern_group,running,100.0,1,1
cp_tutorial_3d_monolayer,1,16,1791301859.8841882,1392522,worker_0,W016,MaskImage,step_completed,success,61.29032258064516,19,31
cp_tutorial_3d_monolayer,1,16,1791301859.8842103,1392522,worker_0,W016,ErodeImage,step_started,started,61.29032258064516,19,31
cp_tutorial_3d_monolayer,1,16,1791301859.9153938,1392522,worker_0,W016,ErodeImage,pattern_group,running,100.0,1,1
cp_tutorial_3d_monolayer,1,16,1791301859.9155354,1392522,worker_0,W016,ErodeImage,step_completed,success,64.51612903225806,20,31
cp_tutorial_3d_monolayer,1,16,1791301859.9155562,1392522,worker_0,W016,Watershed,step_started,started,64.51612903225806,20,31
cp_tutorial_3d_monolayer,1,16,1791301860.005259,1392522,worker_0,W016,Watershed,pattern_group,running,100.0,1,1
cp_tutorial_3d_monolayer,1,16,1791301860.0056517,1392522,worker_0,W016,Watershed,step_completed,success,67.74193548387096,21,31
cp_tutorial_3d_monolayer,1,16,1791301860.0056736,1392522,worker_0,W016,MeasureObjectIntensity,step_started,started,67.74193548387096,21,31
cp_tutorial_3d_monolayer,1,16,1791301860.249059,1392522,worker_0,W016,MeasureObjectIntensity,pattern_group,running,50.0,1,2
cp_tutorial_3d_monolayer,1,16,1791301860.5264215,1392522,worker_0,W016,MeasureObjectIntensity,pattern_group,running,100.0,2,2
cp_tutorial_3d_monolayer,1,16,1791301860.5285974,1392522,worker_0,W016,MeasureObjectIntensity,step_completed,success,70.96774193548387,22,31
cp_tutorial_3d_monolayer,1,16,1791301860.5286205,1392522,worker_0,W016,MeasureObjectSizeShape,step_started,started,70.96774193548387,22,31
cp_tutorial_3d_monolayer,1,16,1791301860.6249704,1392522,worker_0,W016,MeasureObjectSizeShape,pattern_group,running,50.0,1,2
cp_tutorial_3d_monolayer,1,16,1791301860.7192461,1392522,worker_0,W016,MeasureObjectSizeShape,pattern_group,running,100.0,2,2
cp_tutorial_3d_monolayer,1,16,1791301860.7198198,1392522,worker_0,W016,MeasureObjectSizeShape,step_completed,success,74.19354838709677,23,31
cp_tutorial_3d_monolayer,1,16,1791301860.7198422,1392522,worker_0,W016,OverlayObjects,step_started,started,74.19354838709677,23,31
cp_tutorial_3d_monolayer,1,16,1791301860.7587318,1392522,worker_0,W016,OverlayObjects,pattern_group,running,100.0,1,1
cp_tutorial_3d_monolayer,1,16,1791301860.758847,1392522,worker_0,W016,OverlayObjects,step_completed,success,77.41935483870968,24,31
cp_tutorial_3d_monolayer,1,16,1791301860.7588685,1392522,worker_0,W016,RescaleIntensity,step_started,started,77.41935483870968,24,31
cp_tutorial_3d_monolayer,1,16,1791301860.8608983,1392522,worker_0,W016,RescaleIntensity,pattern_group,running,100.0,1,1
cp_tutorial_3d_monolayer,1,16,1791301860.861037,1392522,worker_0,W016,RescaleIntensity,step_completed,success,80.64516129032258,25,31
cp_tutorial_3d_monolayer,1,16,1791301860.8610582,1392522,worker_0,W016,OverlayObjects,step_started,started,80.64516129032258,25,31
cp_tutorial_3d_monolayer,1,16,1791301860.8970375,1392522,worker_0,W016,OverlayObjects,pattern_group,running,100.0,1,1
cp_tutorial_3d_monolayer,1,16,1791301860.8971384,1392522,worker_0,W016,OverlayObjects,step_completed,success,83.87096774193549,26,31
cp_tutorial_3d_monolayer,1,16,1791301860.897159,1392522,worker_0,W016,ConvertObjectsToImage,step_started,started,83.87096774193549,26,31
cp_tutorial_3d_monolayer,1,16,1791301860.9296494,1392522,worker_0,W016,ConvertObjectsToImage,pattern_group,running,100.0,1,1
cp_tutorial_3d_monolayer,1,16,1791301860.9297972,1392522,worker_0,W016,ConvertObjectsToImage,step_completed,success,87.09677419354838,27,31
cp_tutorial_3d_monolayer,1,16,1791301860.9298198,1392522,worker_0,W016,SaveImages,step_started,started,87.09677419354838,27,31
cp_tutorial_3d_monolayer,1,16,1791301860.9822814,1392522,worker_0,W016,SaveImages,pattern_group,running,100.0,1,1
cp_tutorial_3d_monolayer,1,16,1791301860.9886432,1392522,worker_0,W016,SaveImages,step_completed,success,90.32258064516128,28,31
cp_tutorial_3d_monolayer,1,16,1791301860.9886823,1392522,worker_0,W016,ConvertObjectsToImage,step_started,started,90.32258064516128,28,31
cp_tutorial_3d_monolayer,1,16,1791301861.0209465,1392522,worker_0,W016,ConvertObjectsToImage,pattern_group,running,100.0,1,1
cp_tutorial_3d_monolayer,1,16,1791301861.021119,1392522,worker_0,W016,ConvertObjectsToImage,step_completed,success,93.54838709677419,29,31
cp_tutorial_3d_monolayer,1,16,1791301861.021142,1392522,worker_0,W016,SaveImages,step_started,started,93.54838709677419,29,31
cp_tutorial_3d_monolayer,1,16,1791301861.0706081,1392522,worker_0,W016,SaveImages,pattern_group,running,100.0,1,1
cp_tutorial_3d_monolayer,1,16,1791301861.0787323,1392522,worker_0,W016,SaveImages,step_completed,success,96.7741935483871,30,31
cp_tutorial_3d_monolayer,1,16,1791301861.0822914,1392522,worker_0,W016,pipeline,axis_completed,success,96.7741935483871,30,31
cp_tutorial_3d_monolayer,1,16,1791301861.0961473,1392522,,,ExportToSpreadsheet,step_started,started,96.7741935483871,30,31
cp_tutorial_3d_monolayer,1,16,1791301861.3960547,1392522,,,ExportToSpreadsheet,step_completed,success,100.0,31,31
cp_tutorial_3d_monolayer,1,16,1791301861.7123463,1392522,,,pipeline,success,success,100.0,31,31
