case_name,worker_count,well_count,timestamp,pid,worker_slot,axis_id,step_name,phase,status,percent,completed,total
cp_tutorial_advanced_segmentation_final,2,12,1791405284.4627254,2166920,,,pipeline,compile,started,0.0,0,16
cp_tutorial_advanced_segmentation_final,2,12,1791405284.5592973,2166920,,,,init,started,0.0,0,1
cp_tutorial_advanced_segmentation_final,2,12,1791405284.919713,2166920,,W001,compilation,compile,running,8.333333333333332,1,12
cp_tutorial_advanced_segmentation_final,2,12,1791405284.98441,2166920,,W002,compilation,compile,running,16.666666666666664,2,12
cp_tutorial_advanced_segmentation_final,2,12,1791405285.0514767,2166920,,W003,compilation,compile,running,25.0,3,12
cp_tutorial_advanced_segmentation_final,2,12,1791405285.116699,2166920,,W004,compilation,compile,running,33.33333333333333,4,12
cp_tutorial_advanced_segmentation_final,2,12,1791405285.1837025,2166920,,W005,compilation,compile,running,41.66666666666667,5,12
cp_tutorial_advanced_segmentation_final,2,12,1791405285.25173,2166920,,W006,compilation,compile,running,50.0,6,12
cp_tutorial_advanced_segmentation_final,2,12,1791405285.3179862,2166920,,W007,compilation,compile,running,58.333333333333336,7,12
cp_tutorial_advanced_segmentation_final,2,12,1791405285.3824666,2166920,,W008,compilation,compile,running,66.66666666666666,8,12
cp_tutorial_advanced_segmentation_final,2,12,1791405285.4492848,2166920,,W009,compilation,compile,running,75.0,9,12
cp_tutorial_advanced_segmentation_final,2,12,1791405285.578818,2166920,,W010,compilation,compile,running,83.33333333333334,10,12
cp_tutorial_advanced_segmentation_final,2,12,1791405285.6452777,2166920,,W011,compilation,compile,running,91.66666666666666,11,12
cp_tutorial_advanced_segmentation_final,2,12,1791405285.7116592,2166920,,W012,compilation,compile,running,100.0,12,12
cp_tutorial_advanced_segmentation_final,2,12,1791405285.7423527,2166920,,,,init,started,0.0,0,1
cp_tutorial_advanced_segmentation_final,2,12,1791405285.7424486,2166920,,,pipeline,compile,success,100.0,1,16
cp_tutorial_advanced_segmentation_final,2,12,1791405285.7425132,2166920,,W001,compilation,compile,success,100.0,1,1
cp_tutorial_advanced_segmentation_final,2,12,1791405285.7425501,2166920,,W002,compilation,compile,success,100.0,1,1
cp_tutorial_advanced_segmentation_final,2,12,1791405285.742581,2166920,,W003,compilation,compile,success,100.0,1,1
cp_tutorial_advanced_segmentation_final,2,12,1791405285.7426124,2166920,,W004,compilation,compile,success,100.0,1,1
cp_tutorial_advanced_segmentation_final,2,12,1791405285.7426422,2166920,,W005,compilation,compile,success,100.0,1,1
cp_tutorial_advanced_segmentation_final,2,12,1791405285.7426717,2166920,,W006,compilation,compile,success,100.0,1,1
cp_tutorial_advanced_segmentation_final,2,12,1791405285.7427018,2166920,,W007,compilation,compile,success,100.0,1,1
cp_tutorial_advanced_segmentation_final,2,12,1791405285.742731,2166920,,W008,compilation,compile,success,100.0,1,1
cp_tutorial_advanced_segmentation_final,2,12,1791405285.74276,2166920,,W009,compilation,compile,success,100.0,1,1
cp_tutorial_advanced_segmentation_final,2,12,1791405285.7427902,2166920,,W010,compilation,compile,success,100.0,1,1
cp_tutorial_advanced_segmentation_final,2,12,1791405285.742815,2166920,,W011,compilation,compile,success,100.0,1,1
cp_tutorial_advanced_segmentation_final,2,12,1791405285.7428386,2166920,,W012,compilation,compile,success,100.0,1,1
cp_tutorial_advanced_segmentation_final,2,12,1791405285.7862077,2166920,,,,init,started,0.0,0,1
cp_tutorial_advanced_segmentation_final,2,12,1791405285.8264375,2202074,worker_0,W001,pipeline,axis_started,started,0.0,0,16
cp_tutorial_advanced_segmentation_final,2,12,1791405285.83288,2202074,worker_0,W001,CorrectIlluminationApply,step_started,started,0.0,0,16
cp_tutorial_advanced_segmentation_final,2,12,1791405285.8466628,2202076,worker_1,W002,pipeline,axis_started,started,0.0,0,16
cp_tutorial_advanced_segmentation_final,2,12,1791405285.8529367,2202076,worker_1,W002,CorrectIlluminationApply,step_started,started,0.0,0,16
cp_tutorial_advanced_segmentation_final,2,12,1791405285.918328,2202074,worker_0,W001,CorrectIlluminationApply,pattern_group,running,20.0,1,5
cp_tutorial_advanced_segmentation_final,2,12,1791405285.9439633,2202076,worker_1,W002,CorrectIlluminationApply,pattern_group,running,20.0,1,5
cp_tutorial_advanced_segmentation_final,2,12,1791405285.9535253,2202074,worker_0,W001,CorrectIlluminationApply,pattern_group,running,40.0,2,5
cp_tutorial_advanced_segmentation_final,2,12,1791405285.9782362,2202076,worker_1,W002,CorrectIlluminationApply,pattern_group,running,40.0,2,5
cp_tutorial_advanced_segmentation_final,2,12,1791405285.9851532,2202074,worker_0,W001,CorrectIlluminationApply,pattern_group,running,60.0,3,5
cp_tutorial_advanced_segmentation_final,2,12,1791405286.01181,2202076,worker_1,W002,CorrectIlluminationApply,pattern_group,running,60.0,3,5
cp_tutorial_advanced_segmentation_final,2,12,1791405286.0169463,2202074,worker_0,W001,CorrectIlluminationApply,pattern_group,running,80.0,4,5
cp_tutorial_advanced_segmentation_final,2,12,1791405286.046011,2202076,worker_1,W002,CorrectIlluminationApply,pattern_group,running,80.0,4,5
cp_tutorial_advanced_segmentation_final,2,12,1791405286.048922,2202074,worker_0,W001,CorrectIlluminationApply,pattern_group,running,100.0,5,5
cp_tutorial_advanced_segmentation_final,2,12,1791405286.0499241,2202074,worker_0,W001,CorrectIlluminationApply,step_completed,success,6.25,1,16
cp_tutorial_advanced_segmentation_final,2,12,1791405286.0505962,2202074,worker_0,W001,IdentifyPrimaryObjects,step_started,started,6.25,1,16
cp_tutorial_advanced_segmentation_final,2,12,1791405286.0804434,2202076,worker_1,W002,CorrectIlluminationApply,pattern_group,running,100.0,5,5
cp_tutorial_advanced_segmentation_final,2,12,1791405286.081429,2202076,worker_1,W002,CorrectIlluminationApply,step_completed,success,6.25,1,16
cp_tutorial_advanced_segmentation_final,2,12,1791405286.0822175,2202076,worker_1,W002,IdentifyPrimaryObjects,step_started,started,6.25,1,16
cp_tutorial_advanced_segmentation_final,2,12,1791405286.1936557,2202074,worker_0,W001,IdentifyPrimaryObjects,pattern_group,running,100.0,1,1
cp_tutorial_advanced_segmentation_final,2,12,1791405286.1943445,2202074,worker_0,W001,IdentifyPrimaryObjects,step_completed,success,12.5,2,16
cp_tutorial_advanced_segmentation_final,2,12,1791405286.195212,2202074,worker_0,W001,IdentifySecondaryObjects,step_started,started,12.5,2,16
cp_tutorial_advanced_segmentation_final,2,12,1791405286.2341726,2202076,worker_1,W002,IdentifyPrimaryObjects,pattern_group,running,100.0,1,1
cp_tutorial_advanced_segmentation_final,2,12,1791405286.2349703,2202076,worker_1,W002,IdentifyPrimaryObjects,step_completed,success,12.5,2,16
cp_tutorial_advanced_segmentation_final,2,12,1791405286.2358246,2202076,worker_1,W002,IdentifySecondaryObjects,step_started,started,12.5,2,16
cp_tutorial_advanced_segmentation_final,2,12,1791405286.4409466,2202074,worker_0,W001,IdentifySecondaryObjects,pattern_group,running,100.0,1,1
cp_tutorial_advanced_segmentation_final,2,12,1791405286.441549,2202074,worker_0,W001,IdentifySecondaryObjects,step_completed,success,18.75,3,16
cp_tutorial_advanced_segmentation_final,2,12,1791405286.4422414,2202074,worker_0,W001,IdentifyTertiaryObjects,step_started,started,18.75,3,16
cp_tutorial_advanced_segmentation_final,2,12,1791405286.4868424,2202076,worker_1,W002,IdentifySecondaryObjects,pattern_group,running,100.0,1,1
cp_tutorial_advanced_segmentation_final,2,12,1791405286.487435,2202076,worker_1,W002,IdentifySecondaryObjects,step_completed,success,18.75,3,16
cp_tutorial_advanced_segmentation_final,2,12,1791405286.488128,2202076,worker_1,W002,IdentifyTertiaryObjects,step_started,started,18.75,3,16
cp_tutorial_advanced_segmentation_final,2,12,1791405286.4954405,2202074,worker_0,W001,IdentifyTertiaryObjects,pattern_group,running,100.0,1,1
cp_tutorial_advanced_segmentation_final,2,12,1791405286.4958704,2202074,worker_0,W001,IdentifyTertiaryObjects,step_completed,success,25.0,4,16
cp_tutorial_advanced_segmentation_final,2,12,1791405286.4966424,2202074,worker_0,W001,EnhanceOrSuppressFeatures,step_started,started,25.0,4,16
cp_tutorial_advanced_segmentation_final,2,12,1791405286.5089905,2202074,worker_0,W001,EnhanceOrSuppressFeatures,pattern_group,running,100.0,1,1
cp_tutorial_advanced_segmentation_final,2,12,1791405286.5091436,2202074,worker_0,W001,EnhanceOrSuppressFeatures,step_completed,success,31.25,5,16
cp_tutorial_advanced_segmentation_final,2,12,1791405286.5097134,2202074,worker_0,W001,MaskImage,step_started,started,31.25,5,16
cp_tutorial_advanced_segmentation_final,2,12,1791405286.5189562,2202074,worker_0,W001,MaskImage,pattern_group,running,100.0,1,1
cp_tutorial_advanced_segmentation_final,2,12,1791405286.5191262,2202074,worker_0,W001,MaskImage,step_completed,success,37.5,6,16
cp_tutorial_advanced_segmentation_final,2,12,1791405286.5199122,2202074,worker_0,W001,IdentifyPrimaryObjects,step_started,started,37.5,6,16
cp_tutorial_advanced_segmentation_final,2,12,1791405286.5438614,2202076,worker_1,W002,IdentifyTertiaryObjects,pattern_group,running,100.0,1,1
cp_tutorial_advanced_segmentation_final,2,12,1791405286.5442991,2202076,worker_1,W002,IdentifyTertiaryObjects,step_completed,success,25.0,4,16
cp_tutorial_advanced_segmentation_final,2,12,1791405286.545099,2202076,worker_1,W002,EnhanceOrSuppressFeatures,step_started,started,25.0,4,16
cp_tutorial_advanced_segmentation_final,2,12,1791405286.557611,2202076,worker_1,W002,EnhanceOrSuppressFeatures,pattern_group,running,100.0,1,1
cp_tutorial_advanced_segmentation_final,2,12,1791405286.5577729,2202076,worker_1,W002,EnhanceOrSuppressFeatures,step_completed,success,31.25,5,16
cp_tutorial_advanced_segmentation_final,2,12,1791405286.5583515,2202076,worker_1,W002,MaskImage,step_started,started,31.25,5,16
cp_tutorial_advanced_segmentation_final,2,12,1791405286.5677786,2202076,worker_1,W002,MaskImage,pattern_group,running,100.0,1,1
cp_tutorial_advanced_segmentation_final,2,12,1791405286.5679142,2202076,worker_1,W002,MaskImage,step_completed,success,37.5,6,16
cp_tutorial_advanced_segmentation_final,2,12,1791405286.5686688,2202076,worker_1,W002,IdentifyPrimaryObjects,step_started,started,37.5,6,16
cp_tutorial_advanced_segmentation_final,2,12,1791405286.6111574,2202074,worker_0,W001,IdentifyPrimaryObjects,pattern_group,running,100.0,1,1
cp_tutorial_advanced_segmentation_final,2,12,1791405286.6117663,2202074,worker_0,W001,IdentifyPrimaryObjects,step_completed,success,43.75,7,16
cp_tutorial_advanced_segmentation_final,2,12,1791405286.6128185,2202074,worker_0,W001,MaskImage,step_started,started,43.75,7,16
cp_tutorial_advanced_segmentation_final,2,12,1791405286.6228023,2202074,worker_0,W001,MaskImage,pattern_group,running,100.0,1,1
cp_tutorial_advanced_segmentation_final,2,12,1791405286.6230042,2202074,worker_0,W001,MaskImage,step_completed,success,50.0,8,16
cp_tutorial_advanced_segmentation_final,2,12,1791405286.6236458,2202074,worker_0,W001,IdentifyPrimaryObjects,step_started,started,50.0,8,16
cp_tutorial_advanced_segmentation_final,2,12,1791405286.6625147,2202076,worker_1,W002,IdentifyPrimaryObjects,pattern_group,running,100.0,1,1
cp_tutorial_advanced_segmentation_final,2,12,1791405286.6630945,2202076,worker_1,W002,IdentifyPrimaryObjects,step_completed,success,43.75,7,16
cp_tutorial_advanced_segmentation_final,2,12,1791405286.6640913,2202076,worker_1,W002,MaskImage,step_started,started,43.75,7,16
cp_tutorial_advanced_segmentation_final,2,12,1791405286.6740668,2202076,worker_1,W002,MaskImage,pattern_group,running,100.0,1,1
cp_tutorial_advanced_segmentation_final,2,12,1791405286.6742444,2202076,worker_1,W002,MaskImage,step_completed,success,50.0,8,16
cp_tutorial_advanced_segmentation_final,2,12,1791405286.6748621,2202076,worker_1,W002,IdentifyPrimaryObjects,step_started,started,50.0,8,16
cp_tutorial_advanced_segmentation_final,2,12,1791405286.7188036,2202074,worker_0,W001,IdentifyPrimaryObjects,pattern_group,running,100.0,1,1
cp_tutorial_advanced_segmentation_final,2,12,1791405286.719388,2202074,worker_0,W001,IdentifyPrimaryObjects,step_completed,success,56.25,9,16
cp_tutorial_advanced_segmentation_final,2,12,1791405286.7204115,2202074,worker_0,W001,MeasureColocalization,step_started,started,56.25,9,16
cp_tutorial_advanced_segmentation_final,2,12,1791405286.774976,2202076,worker_1,W002,IdentifyPrimaryObjects,pattern_group,running,100.0,1,1
cp_tutorial_advanced_segmentation_final,2,12,1791405286.7755458,2202076,worker_1,W002,IdentifyPrimaryObjects,step_completed,success,56.25,9,16
cp_tutorial_advanced_segmentation_final,2,12,1791405286.7765198,2202076,worker_1,W002,MeasureColocalization,step_started,started,56.25,9,16
cp_tutorial_advanced_segmentation_final,2,12,1791405287.4616072,2202074,worker_0,W001,MeasureColocalization,pattern_group,running,50.0,1,2
cp_tutorial_advanced_segmentation_final,2,12,1791405287.5019374,2202076,worker_1,W002,MeasureColocalization,pattern_group,running,50.0,1,2
cp_tutorial_advanced_segmentation_final,2,12,1791405288.2756696,2202074,worker_0,W001,MeasureColocalization,pattern_group,running,100.0,2,2
cp_tutorial_advanced_segmentation_final,2,12,1791405288.2811742,2202074,worker_0,W001,MeasureColocalization,step_completed,success,62.5,10,16
cp_tutorial_advanced_segmentation_final,2,12,1791405288.2818089,2202074,worker_0,W001,MeasureObjectIntensity,step_started,started,62.5,10,16
cp_tutorial_advanced_segmentation_final,2,12,1791405288.2915032,2202076,worker_1,W002,MeasureColocalization,pattern_group,running,100.0,2,2
cp_tutorial_advanced_segmentation_final,2,12,1791405288.2965472,2202076,worker_1,W002,MeasureColocalization,step_completed,success,62.5,10,16
cp_tutorial_advanced_segmentation_final,2,12,1791405288.2972562,2202076,worker_1,W002,MeasureObjectIntensity,step_started,started,62.5,10,16
cp_tutorial_advanced_segmentation_final,2,12,1791405288.737883,2202076,worker_1,W002,MeasureObjectIntensity,pattern_group,running,50.0,1,2
cp_tutorial_advanced_segmentation_final,2,12,1791405288.7453806,2202074,worker_0,W001,MeasureObjectIntensity,pattern_group,running,50.0,1,2
cp_tutorial_advanced_segmentation_final,2,12,1791405288.8517585,2202076,worker_1,W002,MeasureObjectIntensity,pattern_group,running,100.0,2,2
cp_tutorial_advanced_segmentation_final,2,12,1791405288.8554873,2202076,worker_1,W002,MeasureObjectIntensity,step_completed,success,68.75,11,16
cp_tutorial_advanced_segmentation_final,2,12,1791405288.8563778,2202076,worker_1,W002,MeasureObjectIntensityDistribution,step_started,started,68.75,11,16
cp_tutorial_advanced_segmentation_final,2,12,1791405288.8587656,2202074,worker_0,W001,MeasureObjectIntensity,pattern_group,running,100.0,2,2
cp_tutorial_advanced_segmentation_final,2,12,1791405288.862056,2202074,worker_0,W001,MeasureObjectIntensity,step_completed,success,68.75,11,16
cp_tutorial_advanced_segmentation_final,2,12,1791405288.8630202,2202074,worker_0,W001,MeasureObjectIntensityDistribution,step_started,started,68.75,11,16
cp_tutorial_advanced_segmentation_final,2,12,1791405289.1832106,2202074,worker_0,W001,MeasureObjectIntensityDistribution,pattern_group,running,50.0,1,2
cp_tutorial_advanced_segmentation_final,2,12,1791405289.1926742,2202076,worker_1,W002,MeasureObjectIntensityDistribution,pattern_group,running,50.0,1,2
cp_tutorial_advanced_segmentation_final,2,12,1791405289.2548733,2202074,worker_0,W001,MeasureObjectIntensityDistribution,pattern_group,running,100.0,2,2
cp_tutorial_advanced_segmentation_final,2,12,1791405289.257636,2202074,worker_0,W001,MeasureObjectIntensityDistribution,step_completed,success,75.0,12,16
cp_tutorial_advanced_segmentation_final,2,12,1791405289.258639,2202074,worker_0,W001,MeasureObjectSizeShape,step_started,started,75.0,12,16
cp_tutorial_advanced_segmentation_final,2,12,1791405289.2662096,2202076,worker_1,W002,MeasureObjectIntensityDistribution,pattern_group,running,100.0,2,2
cp_tutorial_advanced_segmentation_final,2,12,1791405289.2699423,2202076,worker_1,W002,MeasureObjectIntensityDistribution,step_completed,success,75.0,12,16
cp_tutorial_advanced_segmentation_final,2,12,1791405289.2709954,2202076,worker_1,W002,MeasureObjectSizeShape,step_started,started,75.0,12,16
cp_tutorial_advanced_segmentation_final,2,12,1791405289.638471,2202074,worker_0,W001,MeasureObjectSizeShape,pattern_group,running,25.0,1,4
cp_tutorial_advanced_segmentation_final,2,12,1791405289.6731894,2202076,worker_1,W002,MeasureObjectSizeShape,pattern_group,running,25.0,1,4
cp_tutorial_advanced_segmentation_final,2,12,1791405289.733771,2202074,worker_0,W001,MeasureObjectSizeShape,pattern_group,running,50.0,2,4
cp_tutorial_advanced_segmentation_final,2,12,1791405289.7756233,2202076,worker_1,W002,MeasureObjectSizeShape,pattern_group,running,50.0,2,4
cp_tutorial_advanced_segmentation_final,2,12,1791405289.817444,2202074,worker_0,W001,MeasureObjectSizeShape,pattern_group,running,75.0,3,4
cp_tutorial_advanced_segmentation_final,2,12,1791405289.858097,2202074,worker_0,W001,MeasureObjectSizeShape,pattern_group,running,100.0,4,4
cp_tutorial_advanced_segmentation_final,2,12,1791405289.8640807,2202076,worker_1,W002,MeasureObjectSizeShape,pattern_group,running,75.0,3,4
cp_tutorial_advanced_segmentation_final,2,12,1791405289.8630283,2202074,worker_0,W001,MeasureObjectSizeShape,step_completed,success,81.25,13,16
cp_tutorial_advanced_segmentation_final,2,12,1791405289.8639903,2202074,worker_0,W001,MeasureObjectNeighbors,step_started,started,81.25,13,16
cp_tutorial_advanced_segmentation_final,2,12,1791405289.9080045,2202076,worker_1,W002,MeasureObjectSizeShape,pattern_group,running,100.0,4,4
cp_tutorial_advanced_segmentation_final,2,12,1791405289.9135969,2202076,worker_1,W002,MeasureObjectSizeShape,step_completed,success,81.25,13,16
cp_tutorial_advanced_segmentation_final,2,12,1791405289.9146223,2202076,worker_1,W002,MeasureObjectNeighbors,step_started,started,81.25,13,16
cp_tutorial_advanced_segmentation_final,2,12,1791405289.9202538,2202074,worker_0,W001,MeasureObjectNeighbors,pattern_group,running,33.33333333333333,1,3
cp_tutorial_advanced_segmentation_final,2,12,1791405289.9672298,2202074,worker_0,W001,MeasureObjectNeighbors,pattern_group,running,66.66666666666666,2,3
cp_tutorial_advanced_segmentation_final,2,12,1791405289.9737723,2202076,worker_1,W002,MeasureObjectNeighbors,pattern_group,running,33.33333333333333,1,3
cp_tutorial_advanced_segmentation_final,2,12,1791405290.0182612,2202076,worker_1,W002,MeasureObjectNeighbors,pattern_group,running,66.66666666666666,2,3
cp_tutorial_advanced_segmentation_final,2,12,1791405290.0346398,2202074,worker_0,W001,MeasureObjectNeighbors,pattern_group,running,100.0,3,3
cp_tutorial_advanced_segmentation_final,2,12,1791405290.035812,2202074,worker_0,W001,MeasureObjectNeighbors,step_completed,success,87.5,14,16
cp_tutorial_advanced_segmentation_final,2,12,1791405290.0365071,2202074,worker_0,W001,RelateObjects,step_started,started,87.5,14,16
cp_tutorial_advanced_segmentation_final,2,12,1791405290.0885742,2202076,worker_1,W002,MeasureObjectNeighbors,pattern_group,running,100.0,3,3
cp_tutorial_advanced_segmentation_final,2,12,1791405290.089645,2202076,worker_1,W002,MeasureObjectNeighbors,step_completed,success,87.5,14,16
cp_tutorial_advanced_segmentation_final,2,12,1791405290.0903056,2202076,worker_1,W002,RelateObjects,step_started,started,87.5,14,16
cp_tutorial_advanced_segmentation_final,2,12,1791405290.2405944,2202074,worker_0,W001,RelateObjects,pattern_group,running,50.0,1,2
cp_tutorial_advanced_segmentation_final,2,12,1791405290.3000565,2202076,worker_1,W002,RelateObjects,pattern_group,running,50.0,1,2
cp_tutorial_advanced_segmentation_final,2,12,1791405290.634799,2202074,worker_0,W001,RelateObjects,pattern_group,running,100.0,2,2
cp_tutorial_advanced_segmentation_final,2,12,1791405290.6397376,2202074,worker_0,W001,RelateObjects,step_completed,success,93.75,15,16
cp_tutorial_advanced_segmentation_final,2,12,1791405290.6421547,2202074,worker_0,W001,pipeline,axis_completed,success,93.75,15,16
cp_tutorial_advanced_segmentation_final,2,12,1791405290.6422124,2202074,worker_0,W003,pipeline,axis_started,started,0.0,0,16
cp_tutorial_advanced_segmentation_final,2,12,1791405290.6460464,2202074,worker_0,W003,CorrectIlluminationApply,step_started,started,0.0,0,16
cp_tutorial_advanced_segmentation_final,2,12,1791405290.6938214,2202076,worker_1,W002,RelateObjects,pattern_group,running,100.0,2,2
cp_tutorial_advanced_segmentation_final,2,12,1791405290.7035666,2202074,worker_0,W003,CorrectIlluminationApply,pattern_group,running,20.0,1,5
cp_tutorial_advanced_segmentation_final,2,12,1791405290.6990805,2202076,worker_1,W002,RelateObjects,step_completed,success,93.75,15,16
cp_tutorial_advanced_segmentation_final,2,12,1791405290.7013013,2202076,worker_1,W002,pipeline,axis_completed,success,93.75,15,16
cp_tutorial_advanced_segmentation_final,2,12,1791405290.7013605,2202076,worker_1,W004,pipeline,axis_started,started,0.0,0,16
cp_tutorial_advanced_segmentation_final,2,12,1791405290.7054107,2202076,worker_1,W004,CorrectIlluminationApply,step_started,started,0.0,0,16
cp_tutorial_advanced_segmentation_final,2,12,1791405290.7332175,2202074,worker_0,W003,CorrectIlluminationApply,pattern_group,running,40.0,2,5
cp_tutorial_advanced_segmentation_final,2,12,1791405290.7613235,2202076,worker_1,W004,CorrectIlluminationApply,pattern_group,running,20.0,1,5
cp_tutorial_advanced_segmentation_final,2,12,1791405290.762479,2202074,worker_0,W003,CorrectIlluminationApply,pattern_group,running,60.0,3,5
cp_tutorial_advanced_segmentation_final,2,12,1791405290.7902975,2202076,worker_1,W004,CorrectIlluminationApply,pattern_group,running,40.0,2,5
cp_tutorial_advanced_segmentation_final,2,12,1791405290.7909827,2202074,worker_0,W003,CorrectIlluminationApply,pattern_group,running,80.0,4,5
cp_tutorial_advanced_segmentation_final,2,12,1791405290.8198528,2202076,worker_1,W004,CorrectIlluminationApply,pattern_group,running,60.0,3,5
cp_tutorial_advanced_segmentation_final,2,12,1791405290.8212426,2202074,worker_0,W003,CorrectIlluminationApply,pattern_group,running,100.0,5,5
cp_tutorial_advanced_segmentation_final,2,12,1791405290.8214524,2202074,worker_0,W003,CorrectIlluminationApply,step_completed,success,6.25,1,16
cp_tutorial_advanced_segmentation_final,2,12,1791405290.8219917,2202074,worker_0,W003,IdentifyPrimaryObjects,step_started,started,6.25,1,16
cp_tutorial_advanced_segmentation_final,2,12,1791405290.8494856,2202076,worker_1,W004,CorrectIlluminationApply,pattern_group,running,80.0,4,5
cp_tutorial_advanced_segmentation_final,2,12,1791405290.8790908,2202076,worker_1,W004,CorrectIlluminationApply,pattern_group,running,100.0,5,5
cp_tutorial_advanced_segmentation_final,2,12,1791405290.8792984,2202076,worker_1,W004,CorrectIlluminationApply,step_completed,success,6.25,1,16
cp_tutorial_advanced_segmentation_final,2,12,1791405290.8798487,2202076,worker_1,W004,IdentifyPrimaryObjects,step_started,started,6.25,1,16
cp_tutorial_advanced_segmentation_final,2,12,1791405290.928937,2202074,worker_0,W003,IdentifyPrimaryObjects,pattern_group,running,100.0,1,1
cp_tutorial_advanced_segmentation_final,2,12,1791405290.9295256,2202074,worker_0,W003,IdentifyPrimaryObjects,step_completed,success,12.5,2,16
cp_tutorial_advanced_segmentation_final,2,12,1791405290.9305701,2202074,worker_0,W003,IdentifySecondaryObjects,step_started,started,12.5,2,16
cp_tutorial_advanced_segmentation_final,2,12,1791405290.983771,2202076,worker_1,W004,IdentifyPrimaryObjects,pattern_group,running,100.0,1,1
cp_tutorial_advanced_segmentation_final,2,12,1791405290.984334,2202076,worker_1,W004,IdentifyPrimaryObjects,step_completed,success,12.5,2,16
cp_tutorial_advanced_segmentation_final,2,12,1791405290.985138,2202076,worker_1,W004,IdentifySecondaryObjects,step_started,started,12.5,2,16
cp_tutorial_advanced_segmentation_final,2,12,1791405291.1846895,2202074,worker_0,W003,IdentifySecondaryObjects,pattern_group,running,100.0,1,1
cp_tutorial_advanced_segmentation_final,2,12,1791405291.185268,2202074,worker_0,W003,IdentifySecondaryObjects,step_completed,success,18.75,3,16
cp_tutorial_advanced_segmentation_final,2,12,1791405291.1859567,2202074,worker_0,W003,IdentifyTertiaryObjects,step_started,started,18.75,3,16
cp_tutorial_advanced_segmentation_final,2,12,1791405291.2281294,2202076,worker_1,W004,IdentifySecondaryObjects,pattern_group,running,100.0,1,1
cp_tutorial_advanced_segmentation_final,2,12,1791405291.2287147,2202076,worker_1,W004,IdentifySecondaryObjects,step_completed,success,18.75,3,16
cp_tutorial_advanced_segmentation_final,2,12,1791405291.2294095,2202076,worker_1,W004,IdentifyTertiaryObjects,step_started,started,18.75,3,16
cp_tutorial_advanced_segmentation_final,2,12,1791405291.233265,2202074,worker_0,W003,IdentifyTertiaryObjects,pattern_group,running,100.0,1,1
cp_tutorial_advanced_segmentation_final,2,12,1791405291.2336588,2202074,worker_0,W003,IdentifyTertiaryObjects,step_completed,success,25.0,4,16
cp_tutorial_advanced_segmentation_final,2,12,1791405291.2344427,2202074,worker_0,W003,EnhanceOrSuppressFeatures,step_started,started,25.0,4,16
cp_tutorial_advanced_segmentation_final,2,12,1791405291.2459157,2202074,worker_0,W003,EnhanceOrSuppressFeatures,pattern_group,running,100.0,1,1
cp_tutorial_advanced_segmentation_final,2,12,1791405291.246072,2202074,worker_0,W003,EnhanceOrSuppressFeatures,step_completed,success,31.25,5,16
cp_tutorial_advanced_segmentation_final,2,12,1791405291.2466712,2202074,worker_0,W003,MaskImage,step_started,started,31.25,5,16
cp_tutorial_advanced_segmentation_final,2,12,1791405291.2551816,2202074,worker_0,W003,MaskImage,pattern_group,running,100.0,1,1
cp_tutorial_advanced_segmentation_final,2,12,1791405291.2553298,2202074,worker_0,W003,MaskImage,step_completed,success,37.5,6,16
cp_tutorial_advanced_segmentation_final,2,12,1791405291.2561014,2202074,worker_0,W003,IdentifyPrimaryObjects,step_started,started,37.5,6,16
cp_tutorial_advanced_segmentation_final,2,12,1791405291.276215,2202076,worker_1,W004,IdentifyTertiaryObjects,pattern_group,running,100.0,1,1
cp_tutorial_advanced_segmentation_final,2,12,1791405291.2766201,2202076,worker_1,W004,IdentifyTertiaryObjects,step_completed,success,25.0,4,16
cp_tutorial_advanced_segmentation_final,2,12,1791405291.2773685,2202076,worker_1,W004,EnhanceOrSuppressFeatures,step_started,started,25.0,4,16
cp_tutorial_advanced_segmentation_final,2,12,1791405291.2889285,2202076,worker_1,W004,EnhanceOrSuppressFeatures,pattern_group,running,100.0,1,1
cp_tutorial_advanced_segmentation_final,2,12,1791405291.2890887,2202076,worker_1,W004,EnhanceOrSuppressFeatures,step_completed,success,31.25,5,16
cp_tutorial_advanced_segmentation_final,2,12,1791405291.2897794,2202076,worker_1,W004,MaskImage,step_started,started,31.25,5,16
cp_tutorial_advanced_segmentation_final,2,12,1791405291.2999706,2202076,worker_1,W004,MaskImage,pattern_group,running,100.0,1,1
cp_tutorial_advanced_segmentation_final,2,12,1791405291.3001091,2202076,worker_1,W004,MaskImage,step_completed,success,37.5,6,16
cp_tutorial_advanced_segmentation_final,2,12,1791405291.300854,2202076,worker_1,W004,IdentifyPrimaryObjects,step_started,started,37.5,6,16
cp_tutorial_advanced_segmentation_final,2,12,1791405291.3416224,2202074,worker_0,W003,IdentifyPrimaryObjects,pattern_group,running,100.0,1,1
cp_tutorial_advanced_segmentation_final,2,12,1791405291.3421972,2202074,worker_0,W003,IdentifyPrimaryObjects,step_completed,success,43.75,7,16
cp_tutorial_advanced_segmentation_final,2,12,1791405291.343255,2202074,worker_0,W003,MaskImage,step_started,started,43.75,7,16
cp_tutorial_advanced_segmentation_final,2,12,1791405291.3533149,2202074,worker_0,W003,MaskImage,pattern_group,running,100.0,1,1
cp_tutorial_advanced_segmentation_final,2,12,1791405291.3534741,2202074,worker_0,W003,MaskImage,step_completed,success,50.0,8,16
cp_tutorial_advanced_segmentation_final,2,12,1791405291.3540602,2202074,worker_0,W003,IdentifyPrimaryObjects,step_started,started,50.0,8,16
cp_tutorial_advanced_segmentation_final,2,12,1791405291.3845727,2202076,worker_1,W004,IdentifyPrimaryObjects,pattern_group,running,100.0,1,1
cp_tutorial_advanced_segmentation_final,2,12,1791405291.3851397,2202076,worker_1,W004,IdentifyPrimaryObjects,step_completed,success,43.75,7,16
cp_tutorial_advanced_segmentation_final,2,12,1791405291.3860888,2202076,worker_1,W004,MaskImage,step_started,started,43.75,7,16
cp_tutorial_advanced_segmentation_final,2,12,1791405291.3961124,2202076,worker_1,W004,MaskImage,pattern_group,running,100.0,1,1
cp_tutorial_advanced_segmentation_final,2,12,1791405291.3962812,2202076,worker_1,W004,MaskImage,step_completed,success,50.0,8,16
cp_tutorial_advanced_segmentation_final,2,12,1791405291.3968632,2202076,worker_1,W004,IdentifyPrimaryObjects,step_started,started,50.0,8,16
cp_tutorial_advanced_segmentation_final,2,12,1791405291.451308,2202074,worker_0,W003,IdentifyPrimaryObjects,pattern_group,running,100.0,1,1
cp_tutorial_advanced_segmentation_final,2,12,1791405291.4518943,2202074,worker_0,W003,IdentifyPrimaryObjects,step_completed,success,56.25,9,16
cp_tutorial_advanced_segmentation_final,2,12,1791405291.4529295,2202074,worker_0,W003,MeasureColocalization,step_started,started,56.25,9,16
cp_tutorial_advanced_segmentation_final,2,12,1791405291.4923544,2202076,worker_1,W004,IdentifyPrimaryObjects,pattern_group,running,100.0,1,1
cp_tutorial_advanced_segmentation_final,2,12,1791405291.4929326,2202076,worker_1,W004,IdentifyPrimaryObjects,step_completed,success,56.25,9,16
cp_tutorial_advanced_segmentation_final,2,12,1791405291.4939442,2202076,worker_1,W004,MeasureColocalization,step_started,started,56.25,9,16
cp_tutorial_advanced_segmentation_final,2,12,1791405292.179388,2202074,worker_0,W003,MeasureColocalization,pattern_group,running,50.0,1,2
cp_tutorial_advanced_segmentation_final,2,12,1791405292.203139,2202076,worker_1,W004,MeasureColocalization,pattern_group,running,50.0,1,2
cp_tutorial_advanced_segmentation_final,2,12,1791405292.8716063,2202074,worker_0,W003,MeasureColocalization,pattern_group,running,100.0,2,2
cp_tutorial_advanced_segmentation_final,2,12,1791405292.8764176,2202074,worker_0,W003,MeasureColocalization,step_completed,success,62.5,10,16
cp_tutorial_advanced_segmentation_final,2,12,1791405292.8770797,2202074,worker_0,W003,MeasureObjectIntensity,step_started,started,62.5,10,16
cp_tutorial_advanced_segmentation_final,2,12,1791405292.903101,2202076,worker_1,W004,MeasureColocalization,pattern_group,running,100.0,2,2
cp_tutorial_advanced_segmentation_final,2,12,1791405292.9080164,2202076,worker_1,W004,MeasureColocalization,step_completed,success,62.5,10,16
cp_tutorial_advanced_segmentation_final,2,12,1791405292.9087155,2202076,worker_1,W004,MeasureObjectIntensity,step_started,started,62.5,10,16
cp_tutorial_advanced_segmentation_final,2,12,1791405293.3149269,2202074,worker_0,W003,MeasureObjectIntensity,pattern_group,running,50.0,1,2
cp_tutorial_advanced_segmentation_final,2,12,1791405293.350314,2202076,worker_1,W004,MeasureObjectIntensity,pattern_group,running,50.0,1,2
cp_tutorial_advanced_segmentation_final,2,12,1791405293.4237018,2202074,worker_0,W003,MeasureObjectIntensity,pattern_group,running,100.0,2,2
cp_tutorial_advanced_segmentation_final,2,12,1791405293.4268906,2202074,worker_0,W003,MeasureObjectIntensity,step_completed,success,68.75,11,16
cp_tutorial_advanced_segmentation_final,2,12,1791405293.4277704,2202074,worker_0,W003,MeasureObjectIntensityDistribution,step_started,started,68.75,11,16
cp_tutorial_advanced_segmentation_final,2,12,1791405293.4612205,2202076,worker_1,W004,MeasureObjectIntensity,pattern_group,running,100.0,2,2
cp_tutorial_advanced_segmentation_final,2,12,1791405293.4645114,2202076,worker_1,W004,MeasureObjectIntensity,step_completed,success,68.75,11,16
cp_tutorial_advanced_segmentation_final,2,12,1791405293.4653955,2202076,worker_1,W004,MeasureObjectIntensityDistribution,step_started,started,68.75,11,16
cp_tutorial_advanced_segmentation_final,2,12,1791405293.538432,2202074,worker_0,W003,MeasureObjectIntensityDistribution,pattern_group,running,50.0,1,2
cp_tutorial_advanced_segmentation_final,2,12,1791405293.5753005,2202076,worker_1,W004,MeasureObjectIntensityDistribution,pattern_group,running,50.0,1,2
cp_tutorial_advanced_segmentation_final,2,12,1791405293.585605,2202074,worker_0,W003,MeasureObjectIntensityDistribution,pattern_group,running,100.0,2,2
cp_tutorial_advanced_segmentation_final,2,12,1791405293.5883415,2202074,worker_0,W003,MeasureObjectIntensityDistribution,step_completed,success,75.0,12,16
cp_tutorial_advanced_segmentation_final,2,12,1791405293.5893679,2202074,worker_0,W003,MeasureObjectSizeShape,step_started,started,75.0,12,16
cp_tutorial_advanced_segmentation_final,2,12,1791405293.6231124,2202076,worker_1,W004,MeasureObjectIntensityDistribution,pattern_group,running,100.0,2,2
cp_tutorial_advanced_segmentation_final,2,12,1791405293.6257987,2202076,worker_1,W004,MeasureObjectIntensityDistribution,step_completed,success,75.0,12,16
cp_tutorial_advanced_segmentation_final,2,12,1791405293.6267614,2202076,worker_1,W004,MeasureObjectSizeShape,step_started,started,75.0,12,16
cp_tutorial_advanced_segmentation_final,2,12,1791405293.963374,2202074,worker_0,W003,MeasureObjectSizeShape,pattern_group,running,25.0,1,4
cp_tutorial_advanced_segmentation_final,2,12,1791405294.001167,2202076,worker_1,W004,MeasureObjectSizeShape,pattern_group,running,25.0,1,4
cp_tutorial_advanced_segmentation_final,2,12,1791405294.057013,2202074,worker_0,W003,MeasureObjectSizeShape,pattern_group,running,50.0,2,4
cp_tutorial_advanced_segmentation_final,2,12,1791405294.0989678,2202076,worker_1,W004,MeasureObjectSizeShape,pattern_group,running,50.0,2,4
cp_tutorial_advanced_segmentation_final,2,12,1791405294.1397333,2202074,worker_0,W003,MeasureObjectSizeShape,pattern_group,running,75.0,3,4
cp_tutorial_advanced_segmentation_final,2,12,1791405294.1833422,2202076,worker_1,W004,MeasureObjectSizeShape,pattern_group,running,75.0,3,4
cp_tutorial_advanced_segmentation_final,2,12,1791405294.1818702,2202074,worker_0,W003,MeasureObjectSizeShape,pattern_group,running,100.0,4,4
cp_tutorial_advanced_segmentation_final,2,12,1791405294.1870754,2202074,worker_0,W003,MeasureObjectSizeShape,step_completed,success,81.25,13,16
cp_tutorial_advanced_segmentation_final,2,12,1791405294.1880407,2202074,worker_0,W003,MeasureObjectNeighbors,step_started,started,81.25,13,16
cp_tutorial_advanced_segmentation_final,2,12,1791405294.2258942,2202076,worker_1,W004,MeasureObjectSizeShape,pattern_group,running,100.0,4,4
cp_tutorial_advanced_segmentation_final,2,12,1791405294.230862,2202076,worker_1,W004,MeasureObjectSizeShape,step_completed,success,81.25,13,16
cp_tutorial_advanced_segmentation_final,2,12,1791405294.2318487,2202076,worker_1,W004,MeasureObjectNeighbors,step_started,started,81.25,13,16
cp_tutorial_advanced_segmentation_final,2,12,1791405294.2431443,2202074,worker_0,W003,MeasureObjectNeighbors,pattern_group,running,33.33333333333333,1,3
cp_tutorial_advanced_segmentation_final,2,12,1791405294.2886636,2202076,worker_1,W004,MeasureObjectNeighbors,pattern_group,running,33.33333333333333,1,3
cp_tutorial_advanced_segmentation_final,2,12,1791405294.2886717,2202074,worker_0,W003,MeasureObjectNeighbors,pattern_group,running,66.66666666666666,2,3
cp_tutorial_advanced_segmentation_final,2,12,1791405294.3341596,2202076,worker_1,W004,MeasureObjectNeighbors,pattern_group,running,66.66666666666666,2,3
cp_tutorial_advanced_segmentation_final,2,12,1791405294.3568683,2202074,worker_0,W003,MeasureObjectNeighbors,pattern_group,running,100.0,3,3
cp_tutorial_advanced_segmentation_final,2,12,1791405294.3579612,2202074,worker_0,W003,MeasureObjectNeighbors,step_completed,success,87.5,14,16
cp_tutorial_advanced_segmentation_final,2,12,1791405294.3586295,2202074,worker_0,W003,RelateObjects,step_started,started,87.5,14,16
cp_tutorial_advanced_segmentation_final,2,12,1791405294.4018285,2202076,worker_1,W004,MeasureObjectNeighbors,pattern_group,running,100.0,3,3
cp_tutorial_advanced_segmentation_final,2,12,1791405294.4029784,2202076,worker_1,W004,MeasureObjectNeighbors,step_completed,success,87.5,14,16
cp_tutorial_advanced_segmentation_final,2,12,1791405294.403659,2202076,worker_1,W004,RelateObjects,step_started,started,87.5,14,16
cp_tutorial_advanced_segmentation_final,2,12,1791405294.6285863,2202074,worker_0,W003,RelateObjects,pattern_group,running,50.0,1,2
cp_tutorial_advanced_segmentation_final,2,12,1791405294.6748428,2202076,worker_1,W004,RelateObjects,pattern_group,running,50.0,1,2
cp_tutorial_advanced_segmentation_final,2,12,1791405295.025455,2202074,worker_0,W003,RelateObjects,pattern_group,running,100.0,2,2
cp_tutorial_advanced_segmentation_final,2,12,1791405295.0302844,2202074,worker_0,W003,RelateObjects,step_completed,success,93.75,15,16
cp_tutorial_advanced_segmentation_final,2,12,1791405295.0322254,2202074,worker_0,W003,pipeline,axis_completed,success,93.75,15,16
cp_tutorial_advanced_segmentation_final,2,12,1791405295.032283,2202074,worker_0,W005,pipeline,axis_started,started,0.0,0,16
cp_tutorial_advanced_segmentation_final,2,12,1791405295.0361187,2202074,worker_0,W005,CorrectIlluminationApply,step_started,started,0.0,0,16
cp_tutorial_advanced_segmentation_final,2,12,1791405295.0699067,2202076,worker_1,W004,RelateObjects,pattern_group,running,100.0,2,2
cp_tutorial_advanced_segmentation_final,2,12,1791405295.074877,2202076,worker_1,W004,RelateObjects,step_completed,success,93.75,15,16
cp_tutorial_advanced_segmentation_final,2,12,1791405295.0769145,2202076,worker_1,W004,pipeline,axis_completed,success,93.75,15,16
cp_tutorial_advanced_segmentation_final,2,12,1791405295.076966,2202076,worker_1,W006,pipeline,axis_started,started,0.0,0,16
cp_tutorial_advanced_segmentation_final,2,12,1791405295.0812676,2202076,worker_1,W006,CorrectIlluminationApply,step_started,started,0.0,0,16
cp_tutorial_advanced_segmentation_final,2,12,1791405295.0894194,2202074,worker_0,W005,CorrectIlluminationApply,pattern_group,running,20.0,1,5
cp_tutorial_advanced_segmentation_final,2,12,1791405295.1165798,2202074,worker_0,W005,CorrectIlluminationApply,pattern_group,running,40.0,2,5
cp_tutorial_advanced_segmentation_final,2,12,1791405295.137133,2202076,worker_1,W006,CorrectIlluminationApply,pattern_group,running,20.0,1,5
cp_tutorial_advanced_segmentation_final,2,12,1791405295.1445973,2202074,worker_0,W005,CorrectIlluminationApply,pattern_group,running,60.0,3,5
cp_tutorial_advanced_segmentation_final,2,12,1791405295.1662307,2202076,worker_1,W006,CorrectIlluminationApply,pattern_group,running,40.0,2,5
cp_tutorial_advanced_segmentation_final,2,12,1791405295.1741185,2202074,worker_0,W005,CorrectIlluminationApply,pattern_group,running,80.0,4,5
cp_tutorial_advanced_segmentation_final,2,12,1791405295.1960423,2202076,worker_1,W006,CorrectIlluminationApply,pattern_group,running,60.0,3,5
cp_tutorial_advanced_segmentation_final,2,12,1791405295.2038667,2202074,worker_0,W005,CorrectIlluminationApply,pattern_group,running,100.0,5,5
cp_tutorial_advanced_segmentation_final,2,12,1791405295.2040763,2202074,worker_0,W005,CorrectIlluminationApply,step_completed,success,6.25,1,16
cp_tutorial_advanced_segmentation_final,2,12,1791405295.2046242,2202074,worker_0,W005,IdentifyPrimaryObjects,step_started,started,6.25,1,16
cp_tutorial_advanced_segmentation_final,2,12,1791405295.225723,2202076,worker_1,W006,CorrectIlluminationApply,pattern_group,running,80.0,4,5
cp_tutorial_advanced_segmentation_final,2,12,1791405295.256174,2202076,worker_1,W006,CorrectIlluminationApply,pattern_group,running,100.0,5,5
cp_tutorial_advanced_segmentation_final,2,12,1791405295.2563875,2202076,worker_1,W006,CorrectIlluminationApply,step_completed,success,6.25,1,16
cp_tutorial_advanced_segmentation_final,2,12,1791405295.2569244,2202076,worker_1,W006,IdentifyPrimaryObjects,step_started,started,6.25,1,16
cp_tutorial_advanced_segmentation_final,2,12,1791405295.3109043,2202074,worker_0,W005,IdentifyPrimaryObjects,pattern_group,running,100.0,1,1
cp_tutorial_advanced_segmentation_final,2,12,1791405295.3114812,2202074,worker_0,W005,IdentifyPrimaryObjects,step_completed,success,12.5,2,16
cp_tutorial_advanced_segmentation_final,2,12,1791405295.3122964,2202074,worker_0,W005,IdentifySecondaryObjects,step_started,started,12.5,2,16
cp_tutorial_advanced_segmentation_final,2,12,1791405295.359157,2202076,worker_1,W006,IdentifyPrimaryObjects,pattern_group,running,100.0,1,1
cp_tutorial_advanced_segmentation_final,2,12,1791405295.3597107,2202076,worker_1,W006,IdentifyPrimaryObjects,step_completed,success,12.5,2,16
cp_tutorial_advanced_segmentation_final,2,12,1791405295.360633,2202076,worker_1,W006,IdentifySecondaryObjects,step_started,started,12.5,2,16
cp_tutorial_advanced_segmentation_final,2,12,1791405295.5562866,2202074,worker_0,W005,IdentifySecondaryObjects,pattern_group,running,100.0,1,1
cp_tutorial_advanced_segmentation_final,2,12,1791405295.5568619,2202074,worker_0,W005,IdentifySecondaryObjects,step_completed,success,18.75,3,16
cp_tutorial_advanced_segmentation_final,2,12,1791405295.5575457,2202074,worker_0,W005,IdentifyTertiaryObjects,step_started,started,18.75,3,16
cp_tutorial_advanced_segmentation_final,2,12,1791405295.5976348,2202076,worker_1,W006,IdentifySecondaryObjects,pattern_group,running,100.0,1,1
cp_tutorial_advanced_segmentation_final,2,12,1791405295.5982862,2202076,worker_1,W006,IdentifySecondaryObjects,step_completed,success,18.75,3,16
cp_tutorial_advanced_segmentation_final,2,12,1791405295.599015,2202076,worker_1,W006,IdentifyTertiaryObjects,step_started,started,18.75,3,16
cp_tutorial_advanced_segmentation_final,2,12,1791405295.604161,2202074,worker_0,W005,IdentifyTertiaryObjects,pattern_group,running,100.0,1,1
cp_tutorial_advanced_segmentation_final,2,12,1791405295.6045945,2202074,worker_0,W005,IdentifyTertiaryObjects,step_completed,success,25.0,4,16
cp_tutorial_advanced_segmentation_final,2,12,1791405295.6053648,2202074,worker_0,W005,EnhanceOrSuppressFeatures,step_started,started,25.0,4,16
cp_tutorial_advanced_segmentation_final,2,12,1791405295.6168232,2202074,worker_0,W005,EnhanceOrSuppressFeatures,pattern_group,running,100.0,1,1
cp_tutorial_advanced_segmentation_final,2,12,1791405295.6169746,2202074,worker_0,W005,EnhanceOrSuppressFeatures,step_completed,success,31.25,5,16
cp_tutorial_advanced_segmentation_final,2,12,1791405295.617539,2202074,worker_0,W005,MaskImage,step_started,started,31.25,5,16
cp_tutorial_advanced_segmentation_final,2,12,1791405295.625852,2202074,worker_0,W005,MaskImage,pattern_group,running,100.0,1,1
cp_tutorial_advanced_segmentation_final,2,12,1791405295.626003,2202074,worker_0,W005,MaskImage,step_completed,success,37.5,6,16
cp_tutorial_advanced_segmentation_final,2,12,1791405295.626756,2202074,worker_0,W005,IdentifyPrimaryObjects,step_started,started,37.5,6,16
cp_tutorial_advanced_segmentation_final,2,12,1791405295.645621,2202076,worker_1,W006,IdentifyTertiaryObjects,pattern_group,running,100.0,1,1
cp_tutorial_advanced_segmentation_final,2,12,1791405295.6460207,2202076,worker_1,W006,IdentifyTertiaryObjects,step_completed,success,25.0,4,16
cp_tutorial_advanced_segmentation_final,2,12,1791405295.6467786,2202076,worker_1,W006,EnhanceOrSuppressFeatures,step_started,started,25.0,4,16
cp_tutorial_advanced_segmentation_final,2,12,1791405295.6580732,2202076,worker_1,W006,EnhanceOrSuppressFeatures,pattern_group,running,100.0,1,1
cp_tutorial_advanced_segmentation_final,2,12,1791405295.6582892,2202076,worker_1,W006,EnhanceOrSuppressFeatures,step_completed,success,31.25,5,16
cp_tutorial_advanced_segmentation_final,2,12,1791405295.6588783,2202076,worker_1,W006,MaskImage,step_started,started,31.25,5,16
cp_tutorial_advanced_segmentation_final,2,12,1791405295.6674013,2202076,worker_1,W006,MaskImage,pattern_group,running,100.0,1,1
cp_tutorial_advanced_segmentation_final,2,12,1791405295.6675692,2202076,worker_1,W006,MaskImage,step_completed,success,37.5,6,16
cp_tutorial_advanced_segmentation_final,2,12,1791405295.6683567,2202076,worker_1,W006,IdentifyPrimaryObjects,step_started,started,37.5,6,16
cp_tutorial_advanced_segmentation_final,2,12,1791405295.711984,2202074,worker_0,W005,IdentifyPrimaryObjects,pattern_group,running,100.0,1,1
cp_tutorial_advanced_segmentation_final,2,12,1791405295.7125797,2202074,worker_0,W005,IdentifyPrimaryObjects,step_completed,success,43.75,7,16
cp_tutorial_advanced_segmentation_final,2,12,1791405295.713572,2202074,worker_0,W005,MaskImage,step_started,started,43.75,7,16
cp_tutorial_advanced_segmentation_final,2,12,1791405295.7235553,2202074,worker_0,W005,MaskImage,pattern_group,running,100.0,1,1
cp_tutorial_advanced_segmentation_final,2,12,1791405295.7237525,2202074,worker_0,W005,MaskImage,step_completed,success,50.0,8,16
cp_tutorial_advanced_segmentation_final,2,12,1791405295.7244198,2202074,worker_0,W005,IdentifyPrimaryObjects,step_started,started,50.0,8,16
cp_tutorial_advanced_segmentation_final,2,12,1791405295.753077,2202076,worker_1,W006,IdentifyPrimaryObjects,pattern_group,running,100.0,1,1
cp_tutorial_advanced_segmentation_final,2,12,1791405295.7536597,2202076,worker_1,W006,IdentifyPrimaryObjects,step_completed,success,43.75,7,16
cp_tutorial_advanced_segmentation_final,2,12,1791405295.7546701,2202076,worker_1,W006,MaskImage,step_started,started,43.75,7,16
cp_tutorial_advanced_segmentation_final,2,12,1791405295.764552,2202076,worker_1,W006,MaskImage,pattern_group,running,100.0,1,1
cp_tutorial_advanced_segmentation_final,2,12,1791405295.7647147,2202076,worker_1,W006,MaskImage,step_completed,success,50.0,8,16
cp_tutorial_advanced_segmentation_final,2,12,1791405295.7653055,2202076,worker_1,W006,IdentifyPrimaryObjects,step_started,started,50.0,8,16
cp_tutorial_advanced_segmentation_final,2,12,1791405295.821882,2202074,worker_0,W005,IdentifyPrimaryObjects,pattern_group,running,100.0,1,1
cp_tutorial_advanced_segmentation_final,2,12,1791405295.8224669,2202074,worker_0,W005,IdentifyPrimaryObjects,step_completed,success,56.25,9,16
cp_tutorial_advanced_segmentation_final,2,12,1791405295.8234851,2202074,worker_0,W005,MeasureColocalization,step_started,started,56.25,9,16
cp_tutorial_advanced_segmentation_final,2,12,1791405295.8624365,2202076,worker_1,W006,IdentifyPrimaryObjects,pattern_group,running,100.0,1,1
cp_tutorial_advanced_segmentation_final,2,12,1791405295.863009,2202076,worker_1,W006,IdentifyPrimaryObjects,step_completed,success,56.25,9,16
cp_tutorial_advanced_segmentation_final,2,12,1791405295.8640409,2202076,worker_1,W006,MeasureColocalization,step_started,started,56.25,9,16
cp_tutorial_advanced_segmentation_final,2,12,1791405296.5436006,2202074,worker_0,W005,MeasureColocalization,pattern_group,running,50.0,1,2
cp_tutorial_advanced_segmentation_final,2,12,1791405296.5733624,2202076,worker_1,W006,MeasureColocalization,pattern_group,running,50.0,1,2
cp_tutorial_advanced_segmentation_final,2,12,1791405297.235005,2202074,worker_0,W005,MeasureColocalization,pattern_group,running,100.0,2,2
cp_tutorial_advanced_segmentation_final,2,12,1791405297.2398758,2202074,worker_0,W005,MeasureColocalization,step_completed,success,62.5,10,16
cp_tutorial_advanced_segmentation_final,2,12,1791405297.2409015,2202074,worker_0,W005,MeasureObjectIntensity,step_started,started,62.5,10,16
cp_tutorial_advanced_segmentation_final,2,12,1791405297.260819,2202076,worker_1,W006,MeasureColocalization,pattern_group,running,100.0,2,2
cp_tutorial_advanced_segmentation_final,2,12,1791405297.2657156,2202076,worker_1,W006,MeasureColocalization,step_completed,success,62.5,10,16
cp_tutorial_advanced_segmentation_final,2,12,1791405297.2664516,2202076,worker_1,W006,MeasureObjectIntensity,step_started,started,62.5,10,16
cp_tutorial_advanced_segmentation_final,2,12,1791405297.6947877,2202074,worker_0,W005,MeasureObjectIntensity,pattern_group,running,50.0,1,2
cp_tutorial_advanced_segmentation_final,2,12,1791405297.7275789,2202076,worker_1,W006,MeasureObjectIntensity,pattern_group,running,50.0,1,2
cp_tutorial_advanced_segmentation_final,2,12,1791405297.8085382,2202074,worker_0,W005,MeasureObjectIntensity,pattern_group,running,100.0,2,2
cp_tutorial_advanced_segmentation_final,2,12,1791405297.8126466,2202074,worker_0,W005,MeasureObjectIntensity,step_completed,success,68.75,11,16
cp_tutorial_advanced_segmentation_final,2,12,1791405297.8135552,2202074,worker_0,W005,MeasureObjectIntensityDistribution,step_started,started,68.75,11,16
cp_tutorial_advanced_segmentation_final,2,12,1791405297.8421254,2202076,worker_1,W006,MeasureObjectIntensity,pattern_group,running,100.0,2,2
cp_tutorial_advanced_segmentation_final,2,12,1791405297.845402,2202076,worker_1,W006,MeasureObjectIntensity,step_completed,success,68.75,11,16
cp_tutorial_advanced_segmentation_final,2,12,1791405297.8463402,2202076,worker_1,W006,MeasureObjectIntensityDistribution,step_started,started,68.75,11,16
cp_tutorial_advanced_segmentation_final,2,12,1791405297.925962,2202074,worker_0,W005,MeasureObjectIntensityDistribution,pattern_group,running,50.0,1,2
cp_tutorial_advanced_segmentation_final,2,12,1791405297.96192,2202076,worker_1,W006,MeasureObjectIntensityDistribution,pattern_group,running,50.0,1,2
cp_tutorial_advanced_segmentation_final,2,12,1791405297.9758842,2202074,worker_0,W005,MeasureObjectIntensityDistribution,pattern_group,running,100.0,2,2
cp_tutorial_advanced_segmentation_final,2,12,1791405297.97861,2202074,worker_0,W005,MeasureObjectIntensityDistribution,step_completed,success,75.0,12,16
cp_tutorial_advanced_segmentation_final,2,12,1791405297.9795692,2202074,worker_0,W005,MeasureObjectSizeShape,step_started,started,75.0,12,16
cp_tutorial_advanced_segmentation_final,2,12,1791405298.0116756,2202076,worker_1,W006,MeasureObjectIntensityDistribution,pattern_group,running,100.0,2,2
cp_tutorial_advanced_segmentation_final,2,12,1791405298.014968,2202076,worker_1,W006,MeasureObjectIntensityDistribution,step_completed,success,75.0,12,16
cp_tutorial_advanced_segmentation_final,2,12,1791405298.0159426,2202076,worker_1,W006,MeasureObjectSizeShape,step_started,started,75.0,12,16
cp_tutorial_advanced_segmentation_final,2,12,1791405298.3569355,2202074,worker_0,W005,MeasureObjectSizeShape,pattern_group,running,25.0,1,4
cp_tutorial_advanced_segmentation_final,2,12,1791405298.4037092,2202076,worker_1,W006,MeasureObjectSizeShape,pattern_group,running,25.0,1,4
cp_tutorial_advanced_segmentation_final,2,12,1791405298.4510217,2202074,worker_0,W005,MeasureObjectSizeShape,pattern_group,running,50.0,2,4
cp_tutorial_advanced_segmentation_final,2,12,1791405298.5002387,2202076,worker_1,W006,MeasureObjectSizeShape,pattern_group,running,50.0,2,4
cp_tutorial_advanced_segmentation_final,2,12,1791405298.5333,2202074,worker_0,W005,MeasureObjectSizeShape,pattern_group,running,75.0,3,4
cp_tutorial_advanced_segmentation_final,2,12,1791405298.57351,2202074,worker_0,W005,MeasureObjectSizeShape,pattern_group,running,100.0,4,4
cp_tutorial_advanced_segmentation_final,2,12,1791405298.5784686,2202074,worker_0,W005,MeasureObjectSizeShape,step_completed,success,81.25,13,16
cp_tutorial_advanced_segmentation_final,2,12,1791405298.5798597,2202074,worker_0,W005,MeasureObjectNeighbors,step_started,started,81.25,13,16
cp_tutorial_advanced_segmentation_final,2,12,1791405298.5846689,2202076,worker_1,W006,MeasureObjectSizeShape,pattern_group,running,75.0,3,4
cp_tutorial_advanced_segmentation_final,2,12,1791405298.6277795,2202076,worker_1,W006,MeasureObjectSizeShape,pattern_group,running,100.0,4,4
cp_tutorial_advanced_segmentation_final,2,12,1791405298.6325476,2202074,worker_0,W005,MeasureObjectNeighbors,pattern_group,running,33.33333333333333,1,3
cp_tutorial_advanced_segmentation_final,2,12,1791405298.6338856,2202076,worker_1,W006,MeasureObjectSizeShape,step_completed,success,81.25,13,16
cp_tutorial_advanced_segmentation_final,2,12,1791405298.6348362,2202076,worker_1,W006,MeasureObjectNeighbors,step_started,started,81.25,13,16
cp_tutorial_advanced_segmentation_final,2,12,1791405298.6768649,2202074,worker_0,W005,MeasureObjectNeighbors,pattern_group,running,66.66666666666666,2,3
cp_tutorial_advanced_segmentation_final,2,12,1791405298.6931005,2202076,worker_1,W006,MeasureObjectNeighbors,pattern_group,running,33.33333333333333,1,3
cp_tutorial_advanced_segmentation_final,2,12,1791405298.7373683,2202076,worker_1,W006,MeasureObjectNeighbors,pattern_group,running,66.66666666666666,2,3
cp_tutorial_advanced_segmentation_final,2,12,1791405298.744905,2202074,worker_0,W005,MeasureObjectNeighbors,pattern_group,running,100.0,3,3
cp_tutorial_advanced_segmentation_final,2,12,1791405298.746065,2202074,worker_0,W005,MeasureObjectNeighbors,step_completed,success,87.5,14,16
cp_tutorial_advanced_segmentation_final,2,12,1791405298.7467403,2202074,worker_0,W005,RelateObjects,step_started,started,87.5,14,16
cp_tutorial_advanced_segmentation_final,2,12,1791405298.8050656,2202076,worker_1,W006,MeasureObjectNeighbors,pattern_group,running,100.0,3,3
cp_tutorial_advanced_segmentation_final,2,12,1791405298.8061402,2202076,worker_1,W006,MeasureObjectNeighbors,step_completed,success,87.5,14,16
cp_tutorial_advanced_segmentation_final,2,12,1791405298.806815,2202076,worker_1,W006,RelateObjects,step_started,started,87.5,14,16
cp_tutorial_advanced_segmentation_final,2,12,1791405298.9356935,2202074,worker_0,W005,RelateObjects,pattern_group,running,50.0,1,2
cp_tutorial_advanced_segmentation_final,2,12,1791405299.0018191,2202076,worker_1,W006,RelateObjects,pattern_group,running,50.0,1,2
cp_tutorial_advanced_segmentation_final,2,12,1791405299.3299055,2202074,worker_0,W005,RelateObjects,pattern_group,running,100.0,2,2
cp_tutorial_advanced_segmentation_final,2,12,1791405299.3347228,2202074,worker_0,W005,RelateObjects,step_completed,success,93.75,15,16
cp_tutorial_advanced_segmentation_final,2,12,1791405299.336651,2202074,worker_0,W005,pipeline,axis_completed,success,93.75,15,16
cp_tutorial_advanced_segmentation_final,2,12,1791405299.3367014,2202074,worker_0,W007,pipeline,axis_started,started,0.0,0,16
cp_tutorial_advanced_segmentation_final,2,12,1791405299.3407116,2202074,worker_0,W007,CorrectIlluminationApply,step_started,started,0.0,0,16
cp_tutorial_advanced_segmentation_final,2,12,1791405299.3946471,2202074,worker_0,W007,CorrectIlluminationApply,pattern_group,running,20.0,1,5
cp_tutorial_advanced_segmentation_final,2,12,1791405299.4073303,2202076,worker_1,W006,RelateObjects,pattern_group,running,100.0,2,2
cp_tutorial_advanced_segmentation_final,2,12,1791405299.412191,2202076,worker_1,W006,RelateObjects,step_completed,success,93.75,15,16
cp_tutorial_advanced_segmentation_final,2,12,1791405299.4141796,2202076,worker_1,W006,pipeline,axis_completed,success,93.75,15,16
cp_tutorial_advanced_segmentation_final,2,12,1791405299.414232,2202076,worker_1,W008,pipeline,axis_started,started,0.0,0,16
cp_tutorial_advanced_segmentation_final,2,12,1791405299.4186964,2202076,worker_1,W008,CorrectIlluminationApply,step_started,started,0.0,0,16
cp_tutorial_advanced_segmentation_final,2,12,1791405299.4218438,2202074,worker_0,W007,CorrectIlluminationApply,pattern_group,running,40.0,2,5
cp_tutorial_advanced_segmentation_final,2,12,1791405299.4491944,2202074,worker_0,W007,CorrectIlluminationApply,pattern_group,running,60.0,3,5
cp_tutorial_advanced_segmentation_final,2,12,1791405299.475583,2202076,worker_1,W008,CorrectIlluminationApply,pattern_group,running,20.0,1,5
cp_tutorial_advanced_segmentation_final,2,12,1791405299.4776678,2202074,worker_0,W007,CorrectIlluminationApply,pattern_group,running,80.0,4,5
cp_tutorial_advanced_segmentation_final,2,12,1791405299.5048985,2202076,worker_1,W008,CorrectIlluminationApply,pattern_group,running,40.0,2,5
cp_tutorial_advanced_segmentation_final,2,12,1791405299.5056286,2202074,worker_0,W007,CorrectIlluminationApply,pattern_group,running,100.0,5,5
cp_tutorial_advanced_segmentation_final,2,12,1791405299.505832,2202074,worker_0,W007,CorrectIlluminationApply,step_completed,success,6.25,1,16
cp_tutorial_advanced_segmentation_final,2,12,1791405299.5063713,2202074,worker_0,W007,IdentifyPrimaryObjects,step_started,started,6.25,1,16
cp_tutorial_advanced_segmentation_final,2,12,1791405299.5350826,2202076,worker_1,W008,CorrectIlluminationApply,pattern_group,running,60.0,3,5
cp_tutorial_advanced_segmentation_final,2,12,1791405299.5651884,2202076,worker_1,W008,CorrectIlluminationApply,pattern_group,running,80.0,4,5
cp_tutorial_advanced_segmentation_final,2,12,1791405299.5956984,2202076,worker_1,W008,CorrectIlluminationApply,pattern_group,running,100.0,5,5
cp_tutorial_advanced_segmentation_final,2,12,1791405299.5959013,2202076,worker_1,W008,CorrectIlluminationApply,step_completed,success,6.25,1,16
cp_tutorial_advanced_segmentation_final,2,12,1791405299.5964422,2202076,worker_1,W008,IdentifyPrimaryObjects,step_started,started,6.25,1,16
cp_tutorial_advanced_segmentation_final,2,12,1791405299.609959,2202074,worker_0,W007,IdentifyPrimaryObjects,pattern_group,running,100.0,1,1
cp_tutorial_advanced_segmentation_final,2,12,1791405299.610537,2202074,worker_0,W007,IdentifyPrimaryObjects,step_completed,success,12.5,2,16
cp_tutorial_advanced_segmentation_final,2,12,1791405299.6113648,2202074,worker_0,W007,IdentifySecondaryObjects,step_started,started,12.5,2,16
cp_tutorial_advanced_segmentation_final,2,12,1791405299.6994076,2202076,worker_1,W008,IdentifyPrimaryObjects,pattern_group,running,100.0,1,1
cp_tutorial_advanced_segmentation_final,2,12,1791405299.6999488,2202076,worker_1,W008,IdentifyPrimaryObjects,step_completed,success,12.5,2,16
cp_tutorial_advanced_segmentation_final,2,12,1791405299.700755,2202076,worker_1,W008,IdentifySecondaryObjects,step_started,started,12.5,2,16
cp_tutorial_advanced_segmentation_final,2,12,1791405299.8507478,2202074,worker_0,W007,IdentifySecondaryObjects,pattern_group,running,100.0,1,1
cp_tutorial_advanced_segmentation_final,2,12,1791405299.8513298,2202074,worker_0,W007,IdentifySecondaryObjects,step_completed,success,18.75,3,16
cp_tutorial_advanced_segmentation_final,2,12,1791405299.8520162,2202074,worker_0,W007,IdentifyTertiaryObjects,step_started,started,18.75,3,16
cp_tutorial_advanced_segmentation_final,2,12,1791405299.8966177,2202074,worker_0,W007,IdentifyTertiaryObjects,pattern_group,running,100.0,1,1
cp_tutorial_advanced_segmentation_final,2,12,1791405299.8969882,2202074,worker_0,W007,IdentifyTertiaryObjects,step_completed,success,25.0,4,16
cp_tutorial_advanced_segmentation_final,2,12,1791405299.8977246,2202074,worker_0,W007,EnhanceOrSuppressFeatures,step_started,started,25.0,4,16
cp_tutorial_advanced_segmentation_final,2,12,1791405299.9073448,2202074,worker_0,W007,EnhanceOrSuppressFeatures,pattern_group,running,100.0,1,1
cp_tutorial_advanced_segmentation_final,2,12,1791405299.907485,2202074,worker_0,W007,EnhanceOrSuppressFeatures,step_completed,success,31.25,5,16
cp_tutorial_advanced_segmentation_final,2,12,1791405299.9080486,2202074,worker_0,W007,MaskImage,step_started,started,31.25,5,16
cp_tutorial_advanced_segmentation_final,2,12,1791405299.9151058,2202074,worker_0,W007,MaskImage,pattern_group,running,100.0,1,1
cp_tutorial_advanced_segmentation_final,2,12,1791405299.9152231,2202074,worker_0,W007,MaskImage,step_completed,success,37.5,6,16
cp_tutorial_advanced_segmentation_final,2,12,1791405299.9159408,2202074,worker_0,W007,IdentifyPrimaryObjects,step_started,started,37.5,6,16
cp_tutorial_advanced_segmentation_final,2,12,1791405299.953863,2202076,worker_1,W008,IdentifySecondaryObjects,pattern_group,running,100.0,1,1
cp_tutorial_advanced_segmentation_final,2,12,1791405299.9544618,2202076,worker_1,W008,IdentifySecondaryObjects,step_completed,success,18.75,3,16
cp_tutorial_advanced_segmentation_final,2,12,1791405299.9551697,2202076,worker_1,W008,IdentifyTertiaryObjects,step_started,started,18.75,3,16
cp_tutorial_advanced_segmentation_final,2,12,1791405300.0031567,2202074,worker_0,W007,IdentifyPrimaryObjects,pattern_group,running,100.0,1,1
cp_tutorial_advanced_segmentation_final,2,12,1791405300.0037189,2202074,worker_0,W007,IdentifyPrimaryObjects,step_completed,success,43.75,7,16
cp_tutorial_advanced_segmentation_final,2,12,1791405300.0046544,2202074,worker_0,W007,MaskImage,step_started,started,43.75,7,16
cp_tutorial_advanced_segmentation_final,2,12,1791405300.0049646,2202076,worker_1,W008,IdentifyTertiaryObjects,pattern_group,running,100.0,1,1
cp_tutorial_advanced_segmentation_final,2,12,1791405300.0053353,2202076,worker_1,W008,IdentifyTertiaryObjects,step_completed,success,25.0,4,16
cp_tutorial_advanced_segmentation_final,2,12,1791405300.0060906,2202076,worker_1,W008,EnhanceOrSuppressFeatures,step_started,started,25.0,4,16
cp_tutorial_advanced_segmentation_final,2,12,1791405300.014031,2202074,worker_0,W007,MaskImage,pattern_group,running,100.0,1,1
cp_tutorial_advanced_segmentation_final,2,12,1791405300.014184,2202074,worker_0,W007,MaskImage,step_completed,success,50.0,8,16
cp_tutorial_advanced_segmentation_final,2,12,1791405300.014755,2202074,worker_0,W007,IdentifyPrimaryObjects,step_started,started,50.0,8,16
cp_tutorial_advanced_segmentation_final,2,12,1791405300.0162277,2202076,worker_1,W008,EnhanceOrSuppressFeatures,pattern_group,running,100.0,1,1
cp_tutorial_advanced_segmentation_final,2,12,1791405300.0163746,2202076,worker_1,W008,EnhanceOrSuppressFeatures,step_completed,success,31.25,5,16
cp_tutorial_advanced_segmentation_final,2,12,1791405300.0170188,2202076,worker_1,W008,MaskImage,step_started,started,31.25,5,16
cp_tutorial_advanced_segmentation_final,2,12,1791405300.0248013,2202076,worker_1,W008,MaskImage,pattern_group,running,100.0,1,1
cp_tutorial_advanced_segmentation_final,2,12,1791405300.0249534,2202076,worker_1,W008,MaskImage,step_completed,success,37.5,6,16
cp_tutorial_advanced_segmentation_final,2,12,1791405300.0257187,2202076,worker_1,W008,IdentifyPrimaryObjects,step_started,started,37.5,6,16
cp_tutorial_advanced_segmentation_final,2,12,1791405300.1140313,2202076,worker_1,W008,IdentifyPrimaryObjects,pattern_group,running,100.0,1,1
cp_tutorial_advanced_segmentation_final,2,12,1791405300.11457,2202076,worker_1,W008,IdentifyPrimaryObjects,step_completed,success,43.75,7,16
cp_tutorial_advanced_segmentation_final,2,12,1791405300.1155055,2202076,worker_1,W008,MaskImage,step_started,started,43.75,7,16
cp_tutorial_advanced_segmentation_final,2,12,1791405300.1112604,2202074,worker_0,W007,IdentifyPrimaryObjects,pattern_group,running,100.0,1,1
cp_tutorial_advanced_segmentation_final,2,12,1791405300.1118193,2202074,worker_0,W007,IdentifyPrimaryObjects,step_completed,success,56.25,9,16
cp_tutorial_advanced_segmentation_final,2,12,1791405300.112799,2202074,worker_0,W007,MeasureColocalization,step_started,started,56.25,9,16
cp_tutorial_advanced_segmentation_final,2,12,1791405300.1254866,2202076,worker_1,W008,MaskImage,pattern_group,running,100.0,1,1
cp_tutorial_advanced_segmentation_final,2,12,1791405300.1256452,2202076,worker_1,W008,MaskImage,step_completed,success,50.0,8,16
cp_tutorial_advanced_segmentation_final,2,12,1791405300.1262298,2202076,worker_1,W008,IdentifyPrimaryObjects,step_started,started,50.0,8,16
cp_tutorial_advanced_segmentation_final,2,12,1791405300.2215421,2202076,worker_1,W008,IdentifyPrimaryObjects,pattern_group,running,100.0,1,1
cp_tutorial_advanced_segmentation_final,2,12,1791405300.222108,2202076,worker_1,W008,IdentifyPrimaryObjects,step_completed,success,56.25,9,16
cp_tutorial_advanced_segmentation_final,2,12,1791405300.2231178,2202076,worker_1,W008,MeasureColocalization,step_started,started,56.25,9,16
cp_tutorial_advanced_segmentation_final,2,12,1791405300.8335943,2202074,worker_0,W007,MeasureColocalization,pattern_group,running,50.0,1,2
cp_tutorial_advanced_segmentation_final,2,12,1791405300.9254107,2202076,worker_1,W008,MeasureColocalization,pattern_group,running,50.0,1,2
cp_tutorial_advanced_segmentation_final,2,12,1791405301.5231202,2202074,worker_0,W007,MeasureColocalization,pattern_group,running,100.0,2,2
cp_tutorial_advanced_segmentation_final,2,12,1791405301.5279179,2202074,worker_0,W007,MeasureColocalization,step_completed,success,62.5,10,16
cp_tutorial_advanced_segmentation_final,2,12,1791405301.5285938,2202074,worker_0,W007,MeasureObjectIntensity,step_started,started,62.5,10,16
cp_tutorial_advanced_segmentation_final,2,12,1791405301.6066117,2202076,worker_1,W008,MeasureColocalization,pattern_group,running,100.0,2,2
cp_tutorial_advanced_segmentation_final,2,12,1791405301.6114335,2202076,worker_1,W008,MeasureColocalization,step_completed,success,62.5,10,16
cp_tutorial_advanced_segmentation_final,2,12,1791405301.6123013,2202076,worker_1,W008,MeasureObjectIntensity,step_started,started,62.5,10,16
cp_tutorial_advanced_segmentation_final,2,12,1791405301.9737377,2202074,worker_0,W007,MeasureObjectIntensity,pattern_group,running,50.0,1,2
cp_tutorial_advanced_segmentation_final,2,12,1791405302.053224,2202076,worker_1,W008,MeasureObjectIntensity,pattern_group,running,50.0,1,2
cp_tutorial_advanced_segmentation_final,2,12,1791405302.0863662,2202074,worker_0,W007,MeasureObjectIntensity,pattern_group,running,100.0,2,2
cp_tutorial_advanced_segmentation_final,2,12,1791405302.0896175,2202074,worker_0,W007,MeasureObjectIntensity,step_completed,success,68.75,11,16
cp_tutorial_advanced_segmentation_final,2,12,1791405302.0905151,2202074,worker_0,W007,MeasureObjectIntensityDistribution,step_started,started,68.75,11,16
cp_tutorial_advanced_segmentation_final,2,12,1791405302.1644812,2202076,worker_1,W008,MeasureObjectIntensity,pattern_group,running,100.0,2,2
cp_tutorial_advanced_segmentation_final,2,12,1791405302.167716,2202076,worker_1,W008,MeasureObjectIntensity,step_completed,success,68.75,11,16
cp_tutorial_advanced_segmentation_final,2,12,1791405302.1686156,2202076,worker_1,W008,MeasureObjectIntensityDistribution,step_started,started,68.75,11,16
cp_tutorial_advanced_segmentation_final,2,12,1791405302.201716,2202074,worker_0,W007,MeasureObjectIntensityDistribution,pattern_group,running,50.0,1,2
cp_tutorial_advanced_segmentation_final,2,12,1791405302.2493687,2202074,worker_0,W007,MeasureObjectIntensityDistribution,pattern_group,running,100.0,2,2
cp_tutorial_advanced_segmentation_final,2,12,1791405302.2520504,2202074,worker_0,W007,MeasureObjectIntensityDistribution,step_completed,success,75.0,12,16
cp_tutorial_advanced_segmentation_final,2,12,1791405302.2530138,2202074,worker_0,W007,MeasureObjectSizeShape,step_started,started,75.0,12,16
cp_tutorial_advanced_segmentation_final,2,12,1791405302.2790422,2202076,worker_1,W008,MeasureObjectIntensityDistribution,pattern_group,running,50.0,1,2
cp_tutorial_advanced_segmentation_final,2,12,1791405302.3253386,2202076,worker_1,W008,MeasureObjectIntensityDistribution,pattern_group,running,100.0,2,2
cp_tutorial_advanced_segmentation_final,2,12,1791405302.3280249,2202076,worker_1,W008,MeasureObjectIntensityDistribution,step_completed,success,75.0,12,16
cp_tutorial_advanced_segmentation_final,2,12,1791405302.3289676,2202076,worker_1,W008,MeasureObjectSizeShape,step_started,started,75.0,12,16
cp_tutorial_advanced_segmentation_final,2,12,1791405302.6272752,2202074,worker_0,W007,MeasureObjectSizeShape,pattern_group,running,25.0,1,4
cp_tutorial_advanced_segmentation_final,2,12,1791405302.707308,2202076,worker_1,W008,MeasureObjectSizeShape,pattern_group,running,25.0,1,4
cp_tutorial_advanced_segmentation_final,2,12,1791405302.7216446,2202074,worker_0,W007,MeasureObjectSizeShape,pattern_group,running,50.0,2,4
cp_tutorial_advanced_segmentation_final,2,12,1791405302.8019488,2202076,worker_1,W008,MeasureObjectSizeShape,pattern_group,running,50.0,2,4
cp_tutorial_advanced_segmentation_final,2,12,1791405302.8046684,2202074,worker_0,W007,MeasureObjectSizeShape,pattern_group,running,75.0,3,4
cp_tutorial_advanced_segmentation_final,2,12,1791405302.8460245,2202074,worker_0,W007,MeasureObjectSizeShape,pattern_group,running,100.0,4,4
cp_tutorial_advanced_segmentation_final,2,12,1791405302.8510692,2202074,worker_0,W007,MeasureObjectSizeShape,step_completed,success,81.25,13,16
cp_tutorial_advanced_segmentation_final,2,12,1791405302.8520215,2202074,worker_0,W007,MeasureObjectNeighbors,step_started,started,81.25,13,16
cp_tutorial_advanced_segmentation_final,2,12,1791405302.8873708,2202076,worker_1,W008,MeasureObjectSizeShape,pattern_group,running,75.0,3,4
cp_tutorial_advanced_segmentation_final,2,12,1791405302.9052508,2202074,worker_0,W007,MeasureObjectNeighbors,pattern_group,running,33.33333333333333,1,3
cp_tutorial_advanced_segmentation_final,2,12,1791405302.929922,2202076,worker_1,W008,MeasureObjectSizeShape,pattern_group,running,100.0,4,4
cp_tutorial_advanced_segmentation_final,2,12,1791405302.935161,2202076,worker_1,W008,MeasureObjectSizeShape,step_completed,success,81.25,13,16
cp_tutorial_advanced_segmentation_final,2,12,1791405302.9361703,2202076,worker_1,W008,MeasureObjectNeighbors,step_started,started,81.25,13,16
cp_tutorial_advanced_segmentation_final,2,12,1791405302.9508793,2202074,worker_0,W007,MeasureObjectNeighbors,pattern_group,running,66.66666666666666,2,3
cp_tutorial_advanced_segmentation_final,2,12,1791405302.9931548,2202076,worker_1,W008,MeasureObjectNeighbors,pattern_group,running,33.33333333333333,1,3
cp_tutorial_advanced_segmentation_final,2,12,1791405303.0181293,2202074,worker_0,W007,MeasureObjectNeighbors,pattern_group,running,100.0,3,3
cp_tutorial_advanced_segmentation_final,2,12,1791405303.019243,2202074,worker_0,W007,MeasureObjectNeighbors,step_completed,success,87.5,14,16
cp_tutorial_advanced_segmentation_final,2,12,1791405303.0199194,2202074,worker_0,W007,RelateObjects,step_started,started,87.5,14,16
cp_tutorial_advanced_segmentation_final,2,12,1791405303.038,2202076,worker_1,W008,MeasureObjectNeighbors,pattern_group,running,66.66666666666666,2,3
cp_tutorial_advanced_segmentation_final,2,12,1791405303.104649,2202076,worker_1,W008,MeasureObjectNeighbors,pattern_group,running,100.0,3,3
cp_tutorial_advanced_segmentation_final,2,12,1791405303.1057444,2202076,worker_1,W008,MeasureObjectNeighbors,step_completed,success,87.5,14,16
cp_tutorial_advanced_segmentation_final,2,12,1791405303.106403,2202076,worker_1,W008,RelateObjects,step_started,started,87.5,14,16
cp_tutorial_advanced_segmentation_final,2,12,1791405303.2897642,2202074,worker_0,W007,RelateObjects,pattern_group,running,50.0,1,2
cp_tutorial_advanced_segmentation_final,2,12,1791405303.3853066,2202076,worker_1,W008,RelateObjects,pattern_group,running,50.0,1,2
cp_tutorial_advanced_segmentation_final,2,12,1791405303.6830442,2202074,worker_0,W007,RelateObjects,pattern_group,running,100.0,2,2
cp_tutorial_advanced_segmentation_final,2,12,1791405303.687951,2202074,worker_0,W007,RelateObjects,step_completed,success,93.75,15,16
cp_tutorial_advanced_segmentation_final,2,12,1791405303.689923,2202074,worker_0,W007,pipeline,axis_completed,success,93.75,15,16
cp_tutorial_advanced_segmentation_final,2,12,1791405303.6899753,2202074,worker_0,W009,pipeline,axis_started,started,0.0,0,16
cp_tutorial_advanced_segmentation_final,2,12,1791405303.6941037,2202074,worker_0,W009,CorrectIlluminationApply,step_started,started,0.0,0,16
cp_tutorial_advanced_segmentation_final,2,12,1791405303.7479606,2202074,worker_0,W009,CorrectIlluminationApply,pattern_group,running,20.0,1,5
cp_tutorial_advanced_segmentation_final,2,12,1791405303.7766435,2202074,worker_0,W009,CorrectIlluminationApply,pattern_group,running,40.0,2,5
cp_tutorial_advanced_segmentation_final,2,12,1791405303.7870703,2202076,worker_1,W008,RelateObjects,pattern_group,running,100.0,2,2
cp_tutorial_advanced_segmentation_final,2,12,1791405303.792008,2202076,worker_1,W008,RelateObjects,step_completed,success,93.75,15,16
cp_tutorial_advanced_segmentation_final,2,12,1791405303.7940516,2202076,worker_1,W008,pipeline,axis_completed,success,93.75,15,16
cp_tutorial_advanced_segmentation_final,2,12,1791405303.7941067,2202076,worker_1,W010,pipeline,axis_started,started,0.0,0,16
cp_tutorial_advanced_segmentation_final,2,12,1791405303.798265,2202076,worker_1,W010,CorrectIlluminationApply,step_started,started,0.0,0,16
cp_tutorial_advanced_segmentation_final,2,12,1791405303.8043287,2202074,worker_0,W009,CorrectIlluminationApply,pattern_group,running,60.0,3,5
cp_tutorial_advanced_segmentation_final,2,12,1791405303.831945,2202074,worker_0,W009,CorrectIlluminationApply,pattern_group,running,80.0,4,5
cp_tutorial_advanced_segmentation_final,2,12,1791405303.8533368,2202076,worker_1,W010,CorrectIlluminationApply,pattern_group,running,20.0,1,5
cp_tutorial_advanced_segmentation_final,2,12,1791405303.8606517,2202074,worker_0,W009,CorrectIlluminationApply,pattern_group,running,100.0,5,5
cp_tutorial_advanced_segmentation_final,2,12,1791405303.8608637,2202074,worker_0,W009,CorrectIlluminationApply,step_completed,success,6.25,1,16
cp_tutorial_advanced_segmentation_final,2,12,1791405303.8614197,2202074,worker_0,W009,IdentifyPrimaryObjects,step_started,started,6.25,1,16
cp_tutorial_advanced_segmentation_final,2,12,1791405303.883442,2202076,worker_1,W010,CorrectIlluminationApply,pattern_group,running,40.0,2,5
cp_tutorial_advanced_segmentation_final,2,12,1791405303.9132168,2202076,worker_1,W010,CorrectIlluminationApply,pattern_group,running,60.0,3,5
cp_tutorial_advanced_segmentation_final,2,12,1791405303.9442253,2202076,worker_1,W010,CorrectIlluminationApply,pattern_group,running,80.0,4,5
cp_tutorial_advanced_segmentation_final,2,12,1791405303.965176,2202074,worker_0,W009,IdentifyPrimaryObjects,pattern_group,running,100.0,1,1
cp_tutorial_advanced_segmentation_final,2,12,1791405303.9657607,2202074,worker_0,W009,IdentifyPrimaryObjects,step_completed,success,12.5,2,16
cp_tutorial_advanced_segmentation_final,2,12,1791405303.9666078,2202074,worker_0,W009,IdentifySecondaryObjects,step_started,started,12.5,2,16
cp_tutorial_advanced_segmentation_final,2,12,1791405303.9736013,2202076,worker_1,W010,CorrectIlluminationApply,pattern_group,running,100.0,5,5
cp_tutorial_advanced_segmentation_final,2,12,1791405303.9738135,2202076,worker_1,W010,CorrectIlluminationApply,step_completed,success,6.25,1,16
cp_tutorial_advanced_segmentation_final,2,12,1791405303.9743736,2202076,worker_1,W010,IdentifyPrimaryObjects,step_started,started,6.25,1,16
cp_tutorial_advanced_segmentation_final,2,12,1791405304.0770378,2202076,worker_1,W010,IdentifyPrimaryObjects,pattern_group,running,100.0,1,1
cp_tutorial_advanced_segmentation_final,2,12,1791405304.0776284,2202076,worker_1,W010,IdentifyPrimaryObjects,step_completed,success,12.5,2,16
cp_tutorial_advanced_segmentation_final,2,12,1791405304.078459,2202076,worker_1,W010,IdentifySecondaryObjects,step_started,started,12.5,2,16
cp_tutorial_advanced_segmentation_final,2,12,1791405304.210033,2202074,worker_0,W009,IdentifySecondaryObjects,pattern_group,running,100.0,1,1
cp_tutorial_advanced_segmentation_final,2,12,1791405304.2106283,2202074,worker_0,W009,IdentifySecondaryObjects,step_completed,success,18.75,3,16
cp_tutorial_advanced_segmentation_final,2,12,1791405304.2113354,2202074,worker_0,W009,IdentifyTertiaryObjects,step_started,started,18.75,3,16
cp_tutorial_advanced_segmentation_final,2,12,1791405304.2552223,2202074,worker_0,W009,IdentifyTertiaryObjects,pattern_group,running,100.0,1,1
cp_tutorial_advanced_segmentation_final,2,12,1791405304.2555985,2202074,worker_0,W009,IdentifyTertiaryObjects,step_completed,success,25.0,4,16
cp_tutorial_advanced_segmentation_final,2,12,1791405304.2563434,2202074,worker_0,W009,EnhanceOrSuppressFeatures,step_started,started,25.0,4,16
cp_tutorial_advanced_segmentation_final,2,12,1791405304.266464,2202074,worker_0,W009,EnhanceOrSuppressFeatures,pattern_group,running,100.0,1,1
cp_tutorial_advanced_segmentation_final,2,12,1791405304.2666094,2202074,worker_0,W009,EnhanceOrSuppressFeatures,step_completed,success,31.25,5,16
cp_tutorial_advanced_segmentation_final,2,12,1791405304.267182,2202074,worker_0,W009,MaskImage,step_started,started,31.25,5,16
cp_tutorial_advanced_segmentation_final,2,12,1791405304.2747622,2202074,worker_0,W009,MaskImage,pattern_group,running,100.0,1,1
cp_tutorial_advanced_segmentation_final,2,12,1791405304.2748916,2202074,worker_0,W009,MaskImage,step_completed,success,37.5,6,16
cp_tutorial_advanced_segmentation_final,2,12,1791405304.275643,2202074,worker_0,W009,IdentifyPrimaryObjects,step_started,started,37.5,6,16
cp_tutorial_advanced_segmentation_final,2,12,1791405304.3306541,2202076,worker_1,W010,IdentifySecondaryObjects,pattern_group,running,100.0,1,1
cp_tutorial_advanced_segmentation_final,2,12,1791405304.3312502,2202076,worker_1,W010,IdentifySecondaryObjects,step_completed,success,18.75,3,16
cp_tutorial_advanced_segmentation_final,2,12,1791405304.3319685,2202076,worker_1,W010,IdentifyTertiaryObjects,step_started,started,18.75,3,16
cp_tutorial_advanced_segmentation_final,2,12,1791405304.3559823,2202074,worker_0,W009,IdentifyPrimaryObjects,pattern_group,running,100.0,1,1
cp_tutorial_advanced_segmentation_final,2,12,1791405304.356613,2202074,worker_0,W009,IdentifyPrimaryObjects,step_completed,success,43.75,7,16
cp_tutorial_advanced_segmentation_final,2,12,1791405304.3576403,2202074,worker_0,W009,MaskImage,step_started,started,43.75,7,16
cp_tutorial_advanced_segmentation_final,2,12,1791405304.3683233,2202074,worker_0,W009,MaskImage,pattern_group,running,100.0,1,1
cp_tutorial_advanced_segmentation_final,2,12,1791405304.3684754,2202074,worker_0,W009,MaskImage,step_completed,success,50.0,8,16
cp_tutorial_advanced_segmentation_final,2,12,1791405304.3690636,2202074,worker_0,W009,IdentifyPrimaryObjects,step_started,started,50.0,8,16
cp_tutorial_advanced_segmentation_final,2,12,1791405304.3787496,2202076,worker_1,W010,IdentifyTertiaryObjects,pattern_group,running,100.0,1,1
cp_tutorial_advanced_segmentation_final,2,12,1791405304.37915,2202076,worker_1,W010,IdentifyTertiaryObjects,step_completed,success,25.0,4,16
cp_tutorial_advanced_segmentation_final,2,12,1791405304.3799047,2202076,worker_1,W010,EnhanceOrSuppressFeatures,step_started,started,25.0,4,16
cp_tutorial_advanced_segmentation_final,2,12,1791405304.39177,2202076,worker_1,W010,EnhanceOrSuppressFeatures,pattern_group,running,100.0,1,1
cp_tutorial_advanced_segmentation_final,2,12,1791405304.3919551,2202076,worker_1,W010,EnhanceOrSuppressFeatures,step_completed,success,31.25,5,16
cp_tutorial_advanced_segmentation_final,2,12,1791405304.392547,2202076,worker_1,W010,MaskImage,step_started,started,31.25,5,16
cp_tutorial_advanced_segmentation_final,2,12,1791405304.4012635,2202076,worker_1,W010,MaskImage,pattern_group,running,100.0,1,1
cp_tutorial_advanced_segmentation_final,2,12,1791405304.4013991,2202076,worker_1,W010,MaskImage,step_completed,success,37.5,6,16
cp_tutorial_advanced_segmentation_final,2,12,1791405304.4021454,2202076,worker_1,W010,IdentifyPrimaryObjects,step_started,started,37.5,6,16
cp_tutorial_advanced_segmentation_final,2,12,1791405304.467895,2202074,worker_0,W009,IdentifyPrimaryObjects,pattern_group,running,100.0,1,1
cp_tutorial_advanced_segmentation_final,2,12,1791405304.4684947,2202074,worker_0,W009,IdentifyPrimaryObjects,step_completed,success,56.25,9,16
cp_tutorial_advanced_segmentation_final,2,12,1791405304.4695497,2202074,worker_0,W009,MeasureColocalization,step_started,started,56.25,9,16
cp_tutorial_advanced_segmentation_final,2,12,1791405304.487779,2202076,worker_1,W010,IdentifyPrimaryObjects,pattern_group,running,100.0,1,1
cp_tutorial_advanced_segmentation_final,2,12,1791405304.488356,2202076,worker_1,W010,IdentifyPrimaryObjects,step_completed,success,43.75,7,16
cp_tutorial_advanced_segmentation_final,2,12,1791405304.4893365,2202076,worker_1,W010,MaskImage,step_started,started,43.75,7,16
cp_tutorial_advanced_segmentation_final,2,12,1791405304.4986303,2202076,worker_1,W010,MaskImage,pattern_group,running,100.0,1,1
cp_tutorial_advanced_segmentation_final,2,12,1791405304.498797,2202076,worker_1,W010,MaskImage,step_completed,success,50.0,8,16
cp_tutorial_advanced_segmentation_final,2,12,1791405304.4994168,2202076,worker_1,W010,IdentifyPrimaryObjects,step_started,started,50.0,8,16
cp_tutorial_advanced_segmentation_final,2,12,1791405304.5940483,2202076,worker_1,W010,IdentifyPrimaryObjects,pattern_group,running,100.0,1,1
cp_tutorial_advanced_segmentation_final,2,12,1791405304.594607,2202076,worker_1,W010,IdentifyPrimaryObjects,step_completed,success,56.25,9,16
cp_tutorial_advanced_segmentation_final,2,12,1791405304.59558,2202076,worker_1,W010,MeasureColocalization,step_started,started,56.25,9,16
cp_tutorial_advanced_segmentation_final,2,12,1791405305.1840336,2202074,worker_0,W009,MeasureColocalization,pattern_group,running,50.0,1,2
cp_tutorial_advanced_segmentation_final,2,12,1791405305.2991846,2202076,worker_1,W010,MeasureColocalization,pattern_group,running,50.0,1,2
cp_tutorial_advanced_segmentation_final,2,12,1791405305.8731248,2202074,worker_0,W009,MeasureColocalization,pattern_group,running,100.0,2,2
cp_tutorial_advanced_segmentation_final,2,12,1791405305.8780646,2202074,worker_0,W009,MeasureColocalization,step_completed,success,62.5,10,16
cp_tutorial_advanced_segmentation_final,2,12,1791405305.8787484,2202074,worker_0,W009,MeasureObjectIntensity,step_started,started,62.5,10,16
cp_tutorial_advanced_segmentation_final,2,12,1791405305.9810107,2202076,worker_1,W010,MeasureColocalization,pattern_group,running,100.0,2,2
cp_tutorial_advanced_segmentation_final,2,12,1791405305.9865818,2202076,worker_1,W010,MeasureColocalization,step_completed,success,62.5,10,16
cp_tutorial_advanced_segmentation_final,2,12,1791405305.9876204,2202076,worker_1,W010,MeasureObjectIntensity,step_started,started,62.5,10,16
cp_tutorial_advanced_segmentation_final,2,12,1791405306.322638,2202074,worker_0,W009,MeasureObjectIntensity,pattern_group,running,50.0,1,2
cp_tutorial_advanced_segmentation_final,2,12,1791405306.4339607,2202074,worker_0,W009,MeasureObjectIntensity,pattern_group,running,100.0,2,2
cp_tutorial_advanced_segmentation_final,2,12,1791405306.4371512,2202074,worker_0,W009,MeasureObjectIntensity,step_completed,success,68.75,11,16
cp_tutorial_advanced_segmentation_final,2,12,1791405306.4380422,2202074,worker_0,W009,MeasureObjectIntensityDistribution,step_started,started,68.75,11,16
cp_tutorial_advanced_segmentation_final,2,12,1791405306.4444087,2202076,worker_1,W010,MeasureObjectIntensity,pattern_group,running,50.0,1,2
cp_tutorial_advanced_segmentation_final,2,12,1791405306.5491645,2202074,worker_0,W009,MeasureObjectIntensityDistribution,pattern_group,running,50.0,1,2
cp_tutorial_advanced_segmentation_final,2,12,1791405306.559443,2202076,worker_1,W010,MeasureObjectIntensity,pattern_group,running,100.0,2,2
cp_tutorial_advanced_segmentation_final,2,12,1791405306.5629582,2202076,worker_1,W010,MeasureObjectIntensity,step_completed,success,68.75,11,16
cp_tutorial_advanced_segmentation_final,2,12,1791405306.5646605,2202076,worker_1,W010,MeasureObjectIntensityDistribution,step_started,started,68.75,11,16
cp_tutorial_advanced_segmentation_final,2,12,1791405306.5984704,2202074,worker_0,W009,MeasureObjectIntensityDistribution,pattern_group,running,100.0,2,2
cp_tutorial_advanced_segmentation_final,2,12,1791405306.601135,2202074,worker_0,W009,MeasureObjectIntensityDistribution,step_completed,success,75.0,12,16
cp_tutorial_advanced_segmentation_final,2,12,1791405306.6020987,2202074,worker_0,W009,MeasureObjectSizeShape,step_started,started,75.0,12,16
cp_tutorial_advanced_segmentation_final,2,12,1791405306.674394,2202076,worker_1,W010,MeasureObjectIntensityDistribution,pattern_group,running,50.0,1,2
cp_tutorial_advanced_segmentation_final,2,12,1791405306.7211251,2202076,worker_1,W010,MeasureObjectIntensityDistribution,pattern_group,running,100.0,2,2
cp_tutorial_advanced_segmentation_final,2,12,1791405306.7237685,2202076,worker_1,W010,MeasureObjectIntensityDistribution,step_completed,success,75.0,12,16
cp_tutorial_advanced_segmentation_final,2,12,1791405306.7247105,2202076,worker_1,W010,MeasureObjectSizeShape,step_started,started,75.0,12,16
cp_tutorial_advanced_segmentation_final,2,12,1791405306.979613,2202074,worker_0,W009,MeasureObjectSizeShape,pattern_group,running,25.0,1,4
cp_tutorial_advanced_segmentation_final,2,12,1791405307.0744915,2202074,worker_0,W009,MeasureObjectSizeShape,pattern_group,running,50.0,2,4
cp_tutorial_advanced_segmentation_final,2,12,1791405307.0968199,2202076,worker_1,W010,MeasureObjectSizeShape,pattern_group,running,25.0,1,4
cp_tutorial_advanced_segmentation_final,2,12,1791405307.158188,2202074,worker_0,W009,MeasureObjectSizeShape,pattern_group,running,75.0,3,4
cp_tutorial_advanced_segmentation_final,2,12,1791405307.1962788,2202076,worker_1,W010,MeasureObjectSizeShape,pattern_group,running,50.0,2,4
cp_tutorial_advanced_segmentation_final,2,12,1791405307.2014368,2202074,worker_0,W009,MeasureObjectSizeShape,pattern_group,running,100.0,4,4
cp_tutorial_advanced_segmentation_final,2,12,1791405307.206438,2202074,worker_0,W009,MeasureObjectSizeShape,step_completed,success,81.25,13,16
cp_tutorial_advanced_segmentation_final,2,12,1791405307.2075126,2202074,worker_0,W009,MeasureObjectNeighbors,step_started,started,81.25,13,16
cp_tutorial_advanced_segmentation_final,2,12,1791405307.260767,2202074,worker_0,W009,MeasureObjectNeighbors,pattern_group,running,33.33333333333333,1,3
cp_tutorial_advanced_segmentation_final,2,12,1791405307.280038,2202076,worker_1,W010,MeasureObjectSizeShape,pattern_group,running,75.0,3,4
cp_tutorial_advanced_segmentation_final,2,12,1791405307.305971,2202074,worker_0,W009,MeasureObjectNeighbors,pattern_group,running,66.66666666666666,2,3
cp_tutorial_advanced_segmentation_final,2,12,1791405307.3217115,2202076,worker_1,W010,MeasureObjectSizeShape,pattern_group,running,100.0,4,4
cp_tutorial_advanced_segmentation_final,2,12,1791405307.326677,2202076,worker_1,W010,MeasureObjectSizeShape,step_completed,success,81.25,13,16
cp_tutorial_advanced_segmentation_final,2,12,1791405307.3276482,2202076,worker_1,W010,MeasureObjectNeighbors,step_started,started,81.25,13,16
cp_tutorial_advanced_segmentation_final,2,12,1791405307.3735113,2202074,worker_0,W009,MeasureObjectNeighbors,pattern_group,running,100.0,3,3
cp_tutorial_advanced_segmentation_final,2,12,1791405307.374793,2202074,worker_0,W009,MeasureObjectNeighbors,step_completed,success,87.5,14,16
cp_tutorial_advanced_segmentation_final,2,12,1791405307.375501,2202074,worker_0,W009,RelateObjects,step_started,started,87.5,14,16
cp_tutorial_advanced_segmentation_final,2,12,1791405307.3812888,2202076,worker_1,W010,MeasureObjectNeighbors,pattern_group,running,33.33333333333333,1,3
cp_tutorial_advanced_segmentation_final,2,12,1791405307.4251704,2202076,worker_1,W010,MeasureObjectNeighbors,pattern_group,running,66.66666666666666,2,3
cp_tutorial_advanced_segmentation_final,2,12,1791405307.490901,2202076,worker_1,W010,MeasureObjectNeighbors,pattern_group,running,100.0,3,3
cp_tutorial_advanced_segmentation_final,2,12,1791405307.4920018,2202076,worker_1,W010,MeasureObjectNeighbors,step_completed,success,87.5,14,16
cp_tutorial_advanced_segmentation_final,2,12,1791405307.4926684,2202076,worker_1,W010,RelateObjects,step_started,started,87.5,14,16
cp_tutorial_advanced_segmentation_final,2,12,1791405307.5700345,2202074,worker_0,W009,RelateObjects,pattern_group,running,50.0,1,2
cp_tutorial_advanced_segmentation_final,2,12,1791405307.6819139,2202076,worker_1,W010,RelateObjects,pattern_group,running,50.0,1,2
cp_tutorial_advanced_segmentation_final,2,12,1791405307.971264,2202074,worker_0,W009,RelateObjects,pattern_group,running,100.0,2,2
cp_tutorial_advanced_segmentation_final,2,12,1791405307.976234,2202074,worker_0,W009,RelateObjects,step_completed,success,93.75,15,16
cp_tutorial_advanced_segmentation_final,2,12,1791405307.9781554,2202074,worker_0,W009,pipeline,axis_completed,success,93.75,15,16
cp_tutorial_advanced_segmentation_final,2,12,1791405307.9782066,2202074,worker_0,W011,pipeline,axis_started,started,0.0,0,16
cp_tutorial_advanced_segmentation_final,2,12,1791405307.9821203,2202074,worker_0,W011,CorrectIlluminationApply,step_started,started,0.0,0,16
cp_tutorial_advanced_segmentation_final,2,12,1791405308.036077,2202074,worker_0,W011,CorrectIlluminationApply,pattern_group,running,20.0,1,5
cp_tutorial_advanced_segmentation_final,2,12,1791405308.0645502,2202074,worker_0,W011,CorrectIlluminationApply,pattern_group,running,40.0,2,5
cp_tutorial_advanced_segmentation_final,2,12,1791405308.0786374,2202076,worker_1,W010,RelateObjects,pattern_group,running,100.0,2,2
cp_tutorial_advanced_segmentation_final,2,12,1791405308.0835404,2202076,worker_1,W010,RelateObjects,step_completed,success,93.75,15,16
cp_tutorial_advanced_segmentation_final,2,12,1791405308.0856116,2202076,worker_1,W010,pipeline,axis_completed,success,93.75,15,16
cp_tutorial_advanced_segmentation_final,2,12,1791405308.0856802,2202076,worker_1,W012,pipeline,axis_started,started,0.0,0,16
cp_tutorial_advanced_segmentation_final,2,12,1791405308.0900047,2202076,worker_1,W012,CorrectIlluminationApply,step_started,started,0.0,0,16
cp_tutorial_advanced_segmentation_final,2,12,1791405308.0920024,2202074,worker_0,W011,CorrectIlluminationApply,pattern_group,running,60.0,3,5
cp_tutorial_advanced_segmentation_final,2,12,1791405308.1192353,2202074,worker_0,W011,CorrectIlluminationApply,pattern_group,running,80.0,4,5
cp_tutorial_advanced_segmentation_final,2,12,1791405308.1462164,2202076,worker_1,W012,CorrectIlluminationApply,pattern_group,running,20.0,1,5
cp_tutorial_advanced_segmentation_final,2,12,1791405308.1472807,2202074,worker_0,W011,CorrectIlluminationApply,pattern_group,running,100.0,5,5
cp_tutorial_advanced_segmentation_final,2,12,1791405308.147473,2202074,worker_0,W011,CorrectIlluminationApply,step_completed,success,6.25,1,16
cp_tutorial_advanced_segmentation_final,2,12,1791405308.14807,2202074,worker_0,W011,IdentifyPrimaryObjects,step_started,started,6.25,1,16
cp_tutorial_advanced_segmentation_final,2,12,1791405308.17737,2202076,worker_1,W012,CorrectIlluminationApply,pattern_group,running,40.0,2,5
cp_tutorial_advanced_segmentation_final,2,12,1791405308.2095876,2202076,worker_1,W012,CorrectIlluminationApply,pattern_group,running,60.0,3,5
cp_tutorial_advanced_segmentation_final,2,12,1791405308.2410047,2202076,worker_1,W012,CorrectIlluminationApply,pattern_group,running,80.0,4,5
cp_tutorial_advanced_segmentation_final,2,12,1791405308.2544017,2202074,worker_0,W011,IdentifyPrimaryObjects,pattern_group,running,100.0,1,1
cp_tutorial_advanced_segmentation_final,2,12,1791405308.254969,2202074,worker_0,W011,IdentifyPrimaryObjects,step_completed,success,12.5,2,16
cp_tutorial_advanced_segmentation_final,2,12,1791405308.2557924,2202074,worker_0,W011,IdentifySecondaryObjects,step_started,started,12.5,2,16
cp_tutorial_advanced_segmentation_final,2,12,1791405308.2718554,2202076,worker_1,W012,CorrectIlluminationApply,pattern_group,running,100.0,5,5
cp_tutorial_advanced_segmentation_final,2,12,1791405308.2720594,2202076,worker_1,W012,CorrectIlluminationApply,step_completed,success,6.25,1,16
cp_tutorial_advanced_segmentation_final,2,12,1791405308.2726135,2202076,worker_1,W012,IdentifyPrimaryObjects,step_started,started,6.25,1,16
cp_tutorial_advanced_segmentation_final,2,12,1791405308.3745177,2202076,worker_1,W012,IdentifyPrimaryObjects,pattern_group,running,100.0,1,1
cp_tutorial_advanced_segmentation_final,2,12,1791405308.3750958,2202076,worker_1,W012,IdentifyPrimaryObjects,step_completed,success,12.5,2,16
cp_tutorial_advanced_segmentation_final,2,12,1791405308.3759305,2202076,worker_1,W012,IdentifySecondaryObjects,step_started,started,12.5,2,16
cp_tutorial_advanced_segmentation_final,2,12,1791405308.4995914,2202074,worker_0,W011,IdentifySecondaryObjects,pattern_group,running,100.0,1,1
cp_tutorial_advanced_segmentation_final,2,12,1791405308.5001612,2202074,worker_0,W011,IdentifySecondaryObjects,step_completed,success,18.75,3,16
cp_tutorial_advanced_segmentation_final,2,12,1791405308.5008397,2202074,worker_0,W011,IdentifyTertiaryObjects,step_started,started,18.75,3,16
cp_tutorial_advanced_segmentation_final,2,12,1791405308.544584,2202074,worker_0,W011,IdentifyTertiaryObjects,pattern_group,running,100.0,1,1
cp_tutorial_advanced_segmentation_final,2,12,1791405308.5449522,2202074,worker_0,W011,IdentifyTertiaryObjects,step_completed,success,25.0,4,16
cp_tutorial_advanced_segmentation_final,2,12,1791405308.5456858,2202074,worker_0,W011,EnhanceOrSuppressFeatures,step_started,started,25.0,4,16
cp_tutorial_advanced_segmentation_final,2,12,1791405308.5553474,2202074,worker_0,W011,EnhanceOrSuppressFeatures,pattern_group,running,100.0,1,1
cp_tutorial_advanced_segmentation_final,2,12,1791405308.5554895,2202074,worker_0,W011,EnhanceOrSuppressFeatures,step_completed,success,31.25,5,16
cp_tutorial_advanced_segmentation_final,2,12,1791405308.5560405,2202074,worker_0,W011,MaskImage,step_started,started,31.25,5,16
cp_tutorial_advanced_segmentation_final,2,12,1791405308.5632288,2202074,worker_0,W011,MaskImage,pattern_group,running,100.0,1,1
cp_tutorial_advanced_segmentation_final,2,12,1791405308.5633833,2202074,worker_0,W011,MaskImage,step_completed,success,37.5,6,16
cp_tutorial_advanced_segmentation_final,2,12,1791405308.5641198,2202074,worker_0,W011,IdentifyPrimaryObjects,step_started,started,37.5,6,16
cp_tutorial_advanced_segmentation_final,2,12,1791405308.6235993,2202076,worker_1,W012,IdentifySecondaryObjects,pattern_group,running,100.0,1,1
cp_tutorial_advanced_segmentation_final,2,12,1791405308.6241994,2202076,worker_1,W012,IdentifySecondaryObjects,step_completed,success,18.75,3,16
cp_tutorial_advanced_segmentation_final,2,12,1791405308.6249225,2202076,worker_1,W012,IdentifyTertiaryObjects,step_started,started,18.75,3,16
cp_tutorial_advanced_segmentation_final,2,12,1791405308.6442113,2202074,worker_0,W011,IdentifyPrimaryObjects,pattern_group,running,100.0,1,1
cp_tutorial_advanced_segmentation_final,2,12,1791405308.64484,2202074,worker_0,W011,IdentifyPrimaryObjects,step_completed,success,43.75,7,16
cp_tutorial_advanced_segmentation_final,2,12,1791405308.6458652,2202074,worker_0,W011,MaskImage,step_started,started,43.75,7,16
cp_tutorial_advanced_segmentation_final,2,12,1791405308.6562023,2202074,worker_0,W011,MaskImage,pattern_group,running,100.0,1,1
cp_tutorial_advanced_segmentation_final,2,12,1791405308.656428,2202074,worker_0,W011,MaskImage,step_completed,success,50.0,8,16
cp_tutorial_advanced_segmentation_final,2,12,1791405308.657037,2202074,worker_0,W011,IdentifyPrimaryObjects,step_started,started,50.0,8,16
cp_tutorial_advanced_segmentation_final,2,12,1791405308.6720197,2202076,worker_1,W012,IdentifyTertiaryObjects,pattern_group,running,100.0,1,1
cp_tutorial_advanced_segmentation_final,2,12,1791405308.6724203,2202076,worker_1,W012,IdentifyTertiaryObjects,step_completed,success,25.0,4,16
cp_tutorial_advanced_segmentation_final,2,12,1791405308.673165,2202076,worker_1,W012,EnhanceOrSuppressFeatures,step_started,started,25.0,4,16
cp_tutorial_advanced_segmentation_final,2,12,1791405308.684599,2202076,worker_1,W012,EnhanceOrSuppressFeatures,pattern_group,running,100.0,1,1
cp_tutorial_advanced_segmentation_final,2,12,1791405308.684747,2202076,worker_1,W012,EnhanceOrSuppressFeatures,step_completed,success,31.25,5,16
cp_tutorial_advanced_segmentation_final,2,12,1791405308.6853192,2202076,worker_1,W012,MaskImage,step_started,started,31.25,5,16
cp_tutorial_advanced_segmentation_final,2,12,1791405308.693644,2202076,worker_1,W012,MaskImage,pattern_group,running,100.0,1,1
cp_tutorial_advanced_segmentation_final,2,12,1791405308.6937788,2202076,worker_1,W012,MaskImage,step_completed,success,37.5,6,16
cp_tutorial_advanced_segmentation_final,2,12,1791405308.694527,2202076,worker_1,W012,IdentifyPrimaryObjects,step_started,started,37.5,6,16
cp_tutorial_advanced_segmentation_final,2,12,1791405308.7552943,2202074,worker_0,W011,IdentifyPrimaryObjects,pattern_group,running,100.0,1,1
cp_tutorial_advanced_segmentation_final,2,12,1791405308.7558994,2202074,worker_0,W011,IdentifyPrimaryObjects,step_completed,success,56.25,9,16
cp_tutorial_advanced_segmentation_final,2,12,1791405308.7569659,2202074,worker_0,W011,MeasureColocalization,step_started,started,56.25,9,16
cp_tutorial_advanced_segmentation_final,2,12,1791405308.7788389,2202076,worker_1,W012,IdentifyPrimaryObjects,pattern_group,running,100.0,1,1
cp_tutorial_advanced_segmentation_final,2,12,1791405308.7794497,2202076,worker_1,W012,IdentifyPrimaryObjects,step_completed,success,43.75,7,16
cp_tutorial_advanced_segmentation_final,2,12,1791405308.7804656,2202076,worker_1,W012,MaskImage,step_started,started,43.75,7,16
cp_tutorial_advanced_segmentation_final,2,12,1791405308.7912147,2202076,worker_1,W012,MaskImage,pattern_group,running,100.0,1,1
cp_tutorial_advanced_segmentation_final,2,12,1791405308.7914102,2202076,worker_1,W012,MaskImage,step_completed,success,50.0,8,16
cp_tutorial_advanced_segmentation_final,2,12,1791405308.7919939,2202076,worker_1,W012,IdentifyPrimaryObjects,step_started,started,50.0,8,16
cp_tutorial_advanced_segmentation_final,2,12,1791405308.8901634,2202076,worker_1,W012,IdentifyPrimaryObjects,pattern_group,running,100.0,1,1
cp_tutorial_advanced_segmentation_final,2,12,1791405308.89075,2202076,worker_1,W012,IdentifyPrimaryObjects,step_completed,success,56.25,9,16
cp_tutorial_advanced_segmentation_final,2,12,1791405308.8917854,2202076,worker_1,W012,MeasureColocalization,step_started,started,56.25,9,16
cp_tutorial_advanced_segmentation_final,2,12,1791405309.489788,2202074,worker_0,W011,MeasureColocalization,pattern_group,running,50.0,1,2
cp_tutorial_advanced_segmentation_final,2,12,1791405309.5971713,2202076,worker_1,W012,MeasureColocalization,pattern_group,running,50.0,1,2
cp_tutorial_advanced_segmentation_final,2,12,1791405310.193373,2202074,worker_0,W011,MeasureColocalization,pattern_group,running,100.0,2,2
cp_tutorial_advanced_segmentation_final,2,12,1791405310.1981928,2202074,worker_0,W011,MeasureColocalization,step_completed,success,62.5,10,16
cp_tutorial_advanced_segmentation_final,2,12,1791405310.198885,2202074,worker_0,W011,MeasureObjectIntensity,step_started,started,62.5,10,16
cp_tutorial_advanced_segmentation_final,2,12,1791405310.2712498,2202076,worker_1,W012,MeasureColocalization,pattern_group,running,100.0,2,2
cp_tutorial_advanced_segmentation_final,2,12,1791405310.2761939,2202076,worker_1,W012,MeasureColocalization,step_completed,success,62.5,10,16
cp_tutorial_advanced_segmentation_final,2,12,1791405310.2769294,2202076,worker_1,W012,MeasureObjectIntensity,step_started,started,62.5,10,16
cp_tutorial_advanced_segmentation_final,2,12,1791405310.7359524,2202074,worker_0,W011,MeasureObjectIntensity,pattern_group,running,50.0,1,2
cp_tutorial_advanced_segmentation_final,2,12,1791405310.8173156,2202076,worker_1,W012,MeasureObjectIntensity,pattern_group,running,50.0,1,2
cp_tutorial_advanced_segmentation_final,2,12,1791405310.847491,2202074,worker_0,W011,MeasureObjectIntensity,pattern_group,running,100.0,2,2
cp_tutorial_advanced_segmentation_final,2,12,1791405310.8507273,2202074,worker_0,W011,MeasureObjectIntensity,step_completed,success,68.75,11,16
cp_tutorial_advanced_segmentation_final,2,12,1791405310.8516061,2202074,worker_0,W011,MeasureObjectIntensityDistribution,step_started,started,68.75,11,16
cp_tutorial_advanced_segmentation_final,2,12,1791405310.9320607,2202076,worker_1,W012,MeasureObjectIntensity,pattern_group,running,100.0,2,2
cp_tutorial_advanced_segmentation_final,2,12,1791405310.9354045,2202076,worker_1,W012,MeasureObjectIntensity,step_completed,success,68.75,11,16
cp_tutorial_advanced_segmentation_final,2,12,1791405310.936317,2202076,worker_1,W012,MeasureObjectIntensityDistribution,step_started,started,68.75,11,16
cp_tutorial_advanced_segmentation_final,2,12,1791405310.964566,2202074,worker_0,W011,MeasureObjectIntensityDistribution,pattern_group,running,50.0,1,2
cp_tutorial_advanced_segmentation_final,2,12,1791405311.0119708,2202074,worker_0,W011,MeasureObjectIntensityDistribution,pattern_group,running,100.0,2,2
cp_tutorial_advanced_segmentation_final,2,12,1791405311.0146868,2202074,worker_0,W011,MeasureObjectIntensityDistribution,step_completed,success,75.0,12,16
cp_tutorial_advanced_segmentation_final,2,12,1791405311.0156763,2202074,worker_0,W011,MeasureObjectSizeShape,step_started,started,75.0,12,16
cp_tutorial_advanced_segmentation_final,2,12,1791405311.0519092,2202076,worker_1,W012,MeasureObjectIntensityDistribution,pattern_group,running,50.0,1,2
cp_tutorial_advanced_segmentation_final,2,12,1791405311.0991402,2202076,worker_1,W012,MeasureObjectIntensityDistribution,pattern_group,running,100.0,2,2
cp_tutorial_advanced_segmentation_final,2,12,1791405311.1022444,2202076,worker_1,W012,MeasureObjectIntensityDistribution,step_completed,success,75.0,12,16
cp_tutorial_advanced_segmentation_final,2,12,1791405311.1032076,2202076,worker_1,W012,MeasureObjectSizeShape,step_started,started,75.0,12,16
cp_tutorial_advanced_segmentation_final,2,12,1791405311.3919377,2202074,worker_0,W011,MeasureObjectSizeShape,pattern_group,running,25.0,1,4
cp_tutorial_advanced_segmentation_final,2,12,1791405311.4795394,2202076,worker_1,W012,MeasureObjectSizeShape,pattern_group,running,25.0,1,4
cp_tutorial_advanced_segmentation_final,2,12,1791405311.4879446,2202074,worker_0,W011,MeasureObjectSizeShape,pattern_group,running,50.0,2,4
cp_tutorial_advanced_segmentation_final,2,12,1791405311.5721061,2202074,worker_0,W011,MeasureObjectSizeShape,pattern_group,running,75.0,3,4
cp_tutorial_advanced_segmentation_final,2,12,1791405311.5741508,2202076,worker_1,W012,MeasureObjectSizeShape,pattern_group,running,50.0,2,4
cp_tutorial_advanced_segmentation_final,2,12,1791405311.6144912,2202074,worker_0,W011,MeasureObjectSizeShape,pattern_group,running,100.0,4,4
cp_tutorial_advanced_segmentation_final,2,12,1791405311.6195207,2202074,worker_0,W011,MeasureObjectSizeShape,step_completed,success,81.25,13,16
cp_tutorial_advanced_segmentation_final,2,12,1791405311.6204956,2202074,worker_0,W011,MeasureObjectNeighbors,step_started,started,81.25,13,16
cp_tutorial_advanced_segmentation_final,2,12,1791405311.6580505,2202076,worker_1,W012,MeasureObjectSizeShape,pattern_group,running,75.0,3,4
cp_tutorial_advanced_segmentation_final,2,12,1791405311.6743805,2202074,worker_0,W011,MeasureObjectNeighbors,pattern_group,running,33.33333333333333,1,3
cp_tutorial_advanced_segmentation_final,2,12,1791405311.7003305,2202076,worker_1,W012,MeasureObjectSizeShape,pattern_group,running,100.0,4,4
cp_tutorial_advanced_segmentation_final,2,12,1791405311.7053308,2202076,worker_1,W012,MeasureObjectSizeShape,step_completed,success,81.25,13,16
cp_tutorial_advanced_segmentation_final,2,12,1791405311.7063215,2202076,worker_1,W012,MeasureObjectNeighbors,step_started,started,81.25,13,16
cp_tutorial_advanced_segmentation_final,2,12,1791405311.7186782,2202074,worker_0,W011,MeasureObjectNeighbors,pattern_group,running,66.66666666666666,2,3
cp_tutorial_advanced_segmentation_final,2,12,1791405311.7599928,2202076,worker_1,W012,MeasureObjectNeighbors,pattern_group,running,33.33333333333333,1,3
cp_tutorial_advanced_segmentation_final,2,12,1791405311.7861047,2202074,worker_0,W011,MeasureObjectNeighbors,pattern_group,running,100.0,3,3
cp_tutorial_advanced_segmentation_final,2,12,1791405311.787197,2202074,worker_0,W011,MeasureObjectNeighbors,step_completed,success,87.5,14,16
cp_tutorial_advanced_segmentation_final,2,12,1791405311.7878728,2202074,worker_0,W011,RelateObjects,step_started,started,87.5,14,16
cp_tutorial_advanced_segmentation_final,2,12,1791405311.8042111,2202076,worker_1,W012,MeasureObjectNeighbors,pattern_group,running,66.66666666666666,2,3
cp_tutorial_advanced_segmentation_final,2,12,1791405311.8689961,2202076,worker_1,W012,MeasureObjectNeighbors,pattern_group,running,100.0,3,3
cp_tutorial_advanced_segmentation_final,2,12,1791405311.8700645,2202076,worker_1,W012,MeasureObjectNeighbors,step_completed,success,87.5,14,16
cp_tutorial_advanced_segmentation_final,2,12,1791405311.8707268,2202076,worker_1,W012,RelateObjects,step_started,started,87.5,14,16
cp_tutorial_advanced_segmentation_final,2,12,1791405311.9801695,2202074,worker_0,W011,RelateObjects,pattern_group,running,50.0,1,2
cp_tutorial_advanced_segmentation_final,2,12,1791405312.0577626,2202076,worker_1,W012,RelateObjects,pattern_group,running,50.0,1,2
cp_tutorial_advanced_segmentation_final,2,12,1791405312.3745248,2202074,worker_0,W011,RelateObjects,pattern_group,running,100.0,2,2
cp_tutorial_advanced_segmentation_final,2,12,1791405312.3793118,2202074,worker_0,W011,RelateObjects,step_completed,success,93.75,15,16
cp_tutorial_advanced_segmentation_final,2,12,1791405312.3812895,2202074,worker_0,W011,pipeline,axis_completed,success,93.75,15,16
cp_tutorial_advanced_segmentation_final,2,12,1791405312.4496057,2202076,worker_1,W012,RelateObjects,pattern_group,running,100.0,2,2
cp_tutorial_advanced_segmentation_final,2,12,1791405312.4544988,2202076,worker_1,W012,RelateObjects,step_completed,success,93.75,15,16
cp_tutorial_advanced_segmentation_final,2,12,1791405312.4564655,2202076,worker_1,W012,pipeline,axis_completed,success,93.75,15,16
cp_tutorial_advanced_segmentation_final,2,12,1791405312.9725194,2166920,,,ExportToDatabase,step_started,started,93.75,15,16
cp_tutorial_advanced_segmentation_final,2,12,1791405314.9735525,2166920,,,ExportToDatabase,running,running,93.75,15,16
cp_tutorial_advanced_segmentation_final,2,12,1791405316.9741666,2166920,,,ExportToDatabase,running,running,93.75,15,16
cp_tutorial_advanced_segmentation_final,2,12,1791405319.0871954,2166920,,,ExportToDatabase,running,running,93.75,15,16
cp_tutorial_advanced_segmentation_final,2,12,1791405321.0903075,2166920,,,ExportToDatabase,running,running,93.75,15,16
cp_tutorial_advanced_segmentation_final,2,12,1791405323.0904195,2166920,,,ExportToDatabase,running,running,93.75,15,16
cp_tutorial_advanced_segmentation_final,2,12,1791405323.640906,2166920,,,ExportToDatabase,step_completed,success,100.0,16,16
cp_tutorial_advanced_segmentation_final,2,12,1791405323.682122,2166920,,,pipeline,success,success,100.0,16,16
