case_name,worker_count,well_count,timestamp,pid,worker_slot,axis_id,step_name,phase,status,percent,completed,total
ExampleImagingFlowCytometryObjectsInGrid,4,12,1791447130.8682816,805331,,,pipeline,compile,started,0.0,0,27
ExampleImagingFlowCytometryObjectsInGrid,4,12,1791447130.8995838,805331,,,,init,started,0.0,0,1
ExampleImagingFlowCytometryObjectsInGrid,4,12,1791447131.303617,805331,,W001,compilation,compile,running,8.333333333333332,1,12
ExampleImagingFlowCytometryObjectsInGrid,4,12,1791447131.3584306,805331,,W002,compilation,compile,running,16.666666666666664,2,12
ExampleImagingFlowCytometryObjectsInGrid,4,12,1791447131.4089985,805331,,W003,compilation,compile,running,25.0,3,12
ExampleImagingFlowCytometryObjectsInGrid,4,12,1791447131.4603093,805331,,W004,compilation,compile,running,33.33333333333333,4,12
ExampleImagingFlowCytometryObjectsInGrid,4,12,1791447131.5110848,805331,,W005,compilation,compile,running,41.66666666666667,5,12
ExampleImagingFlowCytometryObjectsInGrid,4,12,1791447131.5621731,805331,,W006,compilation,compile,running,50.0,6,12
ExampleImagingFlowCytometryObjectsInGrid,4,12,1791447131.612944,805331,,W007,compilation,compile,running,58.333333333333336,7,12
ExampleImagingFlowCytometryObjectsInGrid,4,12,1791447131.6632621,805331,,W008,compilation,compile,running,66.66666666666666,8,12
ExampleImagingFlowCytometryObjectsInGrid,4,12,1791447131.7139938,805331,,W009,compilation,compile,running,75.0,9,12
ExampleImagingFlowCytometryObjectsInGrid,4,12,1791447131.764647,805331,,W010,compilation,compile,running,83.33333333333334,10,12
ExampleImagingFlowCytometryObjectsInGrid,4,12,1791447131.815691,805331,,W011,compilation,compile,running,91.66666666666666,11,12
ExampleImagingFlowCytometryObjectsInGrid,4,12,1791447131.8664143,805331,,W012,compilation,compile,running,100.0,12,12
ExampleImagingFlowCytometryObjectsInGrid,4,12,1791447132.0273788,805331,,,,init,started,0.0,0,1
ExampleImagingFlowCytometryObjectsInGrid,4,12,1791447132.027467,805331,,,pipeline,compile,success,100.0,1,27
ExampleImagingFlowCytometryObjectsInGrid,4,12,1791447132.027519,805331,,W001,compilation,compile,success,100.0,1,1
ExampleImagingFlowCytometryObjectsInGrid,4,12,1791447132.027548,805331,,W002,compilation,compile,success,100.0,1,1
ExampleImagingFlowCytometryObjectsInGrid,4,12,1791447132.0275745,805331,,W003,compilation,compile,success,100.0,1,1
ExampleImagingFlowCytometryObjectsInGrid,4,12,1791447132.0275996,805331,,W004,compilation,compile,success,100.0,1,1
ExampleImagingFlowCytometryObjectsInGrid,4,12,1791447132.0276241,805331,,W005,compilation,compile,success,100.0,1,1
ExampleImagingFlowCytometryObjectsInGrid,4,12,1791447132.0276484,805331,,W006,compilation,compile,success,100.0,1,1
ExampleImagingFlowCytometryObjectsInGrid,4,12,1791447132.0276723,805331,,W007,compilation,compile,success,100.0,1,1
ExampleImagingFlowCytometryObjectsInGrid,4,12,1791447132.0276964,805331,,W008,compilation,compile,success,100.0,1,1
ExampleImagingFlowCytometryObjectsInGrid,4,12,1791447132.027721,805331,,W009,compilation,compile,success,100.0,1,1
ExampleImagingFlowCytometryObjectsInGrid,4,12,1791447132.0277455,805331,,W010,compilation,compile,success,100.0,1,1
ExampleImagingFlowCytometryObjectsInGrid,4,12,1791447132.02777,805331,,W011,compilation,compile,success,100.0,1,1
ExampleImagingFlowCytometryObjectsInGrid,4,12,1791447132.0277944,805331,,W012,compilation,compile,success,100.0,1,1
ExampleImagingFlowCytometryObjectsInGrid,4,12,1791447132.066135,805331,,,,init,started,0.0,0,1
ExampleImagingFlowCytometryObjectsInGrid,4,12,1791447132.118652,805773,worker_0,W001,pipeline,axis_started,started,0.0,0,27
ExampleImagingFlowCytometryObjectsInGrid,4,12,1791447132.1298265,805774,worker_1,W002,pipeline,axis_started,started,0.0,0,27
ExampleImagingFlowCytometryObjectsInGrid,4,12,1791447132.121379,805773,worker_0,W001,DefineGrid,step_started,started,0.0,0,27
ExampleImagingFlowCytometryObjectsInGrid,4,12,1791447132.1325753,805774,worker_1,W002,DefineGrid,step_started,started,0.0,0,27
ExampleImagingFlowCytometryObjectsInGrid,4,12,1791447132.1459763,805775,worker_2,W003,pipeline,axis_started,started,0.0,0,27
ExampleImagingFlowCytometryObjectsInGrid,4,12,1791447132.1489754,805775,worker_2,W003,DefineGrid,step_started,started,0.0,0,27
ExampleImagingFlowCytometryObjectsInGrid,4,12,1791447132.1610005,805776,worker_3,W004,pipeline,axis_started,started,0.0,0,27
ExampleImagingFlowCytometryObjectsInGrid,4,12,1791447132.1635723,805773,worker_0,W001,DefineGrid,pattern_group,running,100.0,1,1
ExampleImagingFlowCytometryObjectsInGrid,4,12,1791447132.1640651,805776,worker_3,W004,DefineGrid,step_started,started,0.0,0,27
ExampleImagingFlowCytometryObjectsInGrid,4,12,1791447132.1638563,805773,worker_0,W001,DefineGrid,step_completed,success,3.7037037037037033,1,27
ExampleImagingFlowCytometryObjectsInGrid,4,12,1791447132.1648686,805773,worker_0,W001,IdentifyObjectsInGrid,step_started,started,3.7037037037037033,1,27
ExampleImagingFlowCytometryObjectsInGrid,4,12,1791447132.1762245,805774,worker_1,W002,DefineGrid,pattern_group,running,100.0,1,1
ExampleImagingFlowCytometryObjectsInGrid,4,12,1791447132.1766708,805774,worker_1,W002,DefineGrid,step_completed,success,3.7037037037037033,1,27
ExampleImagingFlowCytometryObjectsInGrid,4,12,1791447132.1773493,805774,worker_1,W002,IdentifyObjectsInGrid,step_started,started,3.7037037037037033,1,27
ExampleImagingFlowCytometryObjectsInGrid,4,12,1791447132.2034657,805775,worker_2,W003,DefineGrid,pattern_group,running,100.0,1,1
ExampleImagingFlowCytometryObjectsInGrid,4,12,1791447132.2040772,805775,worker_2,W003,DefineGrid,step_completed,success,3.7037037037037033,1,27
ExampleImagingFlowCytometryObjectsInGrid,4,12,1791447132.204792,805775,worker_2,W003,IdentifyObjectsInGrid,step_started,started,3.7037037037037033,1,27
ExampleImagingFlowCytometryObjectsInGrid,4,12,1791447132.207991,805776,worker_3,W004,DefineGrid,pattern_group,running,100.0,1,1
ExampleImagingFlowCytometryObjectsInGrid,4,12,1791447132.208632,805776,worker_3,W004,DefineGrid,step_completed,success,3.7037037037037033,1,27
ExampleImagingFlowCytometryObjectsInGrid,4,12,1791447132.2095659,805776,worker_3,W004,IdentifyObjectsInGrid,step_started,started,3.7037037037037033,1,27
ExampleImagingFlowCytometryObjectsInGrid,4,12,1791447132.2609444,805773,worker_0,W001,IdentifyObjectsInGrid,pattern_group,running,100.0,1,1
ExampleImagingFlowCytometryObjectsInGrid,4,12,1791447132.26167,805773,worker_0,W001,IdentifyObjectsInGrid,step_completed,success,7.4074074074074066,2,27
ExampleImagingFlowCytometryObjectsInGrid,4,12,1791447132.2624197,805773,worker_0,W001,MeasureObjectIntensity,step_started,started,7.4074074074074066,2,27
ExampleImagingFlowCytometryObjectsInGrid,4,12,1791447132.3050346,805774,worker_1,W002,IdentifyObjectsInGrid,pattern_group,running,100.0,1,1
ExampleImagingFlowCytometryObjectsInGrid,4,12,1791447132.3056953,805774,worker_1,W002,IdentifyObjectsInGrid,step_completed,success,7.4074074074074066,2,27
ExampleImagingFlowCytometryObjectsInGrid,4,12,1791447132.3063765,805774,worker_1,W002,MeasureObjectIntensity,step_started,started,7.4074074074074066,2,27
ExampleImagingFlowCytometryObjectsInGrid,4,12,1791447132.3158143,805775,worker_2,W003,IdentifyObjectsInGrid,pattern_group,running,100.0,1,1
ExampleImagingFlowCytometryObjectsInGrid,4,12,1791447132.3167086,805775,worker_2,W003,IdentifyObjectsInGrid,step_completed,success,7.4074074074074066,2,27
ExampleImagingFlowCytometryObjectsInGrid,4,12,1791447132.3179336,805775,worker_2,W003,MeasureObjectIntensity,step_started,started,7.4074074074074066,2,27
ExampleImagingFlowCytometryObjectsInGrid,4,12,1791447132.3186839,805776,worker_3,W004,IdentifyObjectsInGrid,pattern_group,running,100.0,1,1
ExampleImagingFlowCytometryObjectsInGrid,4,12,1791447132.3195832,805776,worker_3,W004,IdentifyObjectsInGrid,step_completed,success,7.4074074074074066,2,27
ExampleImagingFlowCytometryObjectsInGrid,4,12,1791447132.3208225,805776,worker_3,W004,MeasureObjectIntensity,step_started,started,7.4074074074074066,2,27
ExampleImagingFlowCytometryObjectsInGrid,4,12,1791447132.8424945,805773,worker_0,W001,MeasureObjectIntensity,pattern_group,running,100.0,1,1
ExampleImagingFlowCytometryObjectsInGrid,4,12,1791447132.8438706,805773,worker_0,W001,MeasureObjectIntensity,step_completed,success,11.11111111111111,3,27
ExampleImagingFlowCytometryObjectsInGrid,4,12,1791447132.8463762,805773,worker_0,W001,FilterObjects,step_started,started,11.11111111111111,3,27
ExampleImagingFlowCytometryObjectsInGrid,4,12,1791447132.8540993,805774,worker_1,W002,MeasureObjectIntensity,pattern_group,running,100.0,1,1
ExampleImagingFlowCytometryObjectsInGrid,4,12,1791447132.8554041,805774,worker_1,W002,MeasureObjectIntensity,step_completed,success,11.11111111111111,3,27
ExampleImagingFlowCytometryObjectsInGrid,4,12,1791447132.858794,805774,worker_1,W002,FilterObjects,step_started,started,11.11111111111111,3,27
ExampleImagingFlowCytometryObjectsInGrid,4,12,1791447132.9535124,805776,worker_3,W004,MeasureObjectIntensity,pattern_group,running,100.0,1,1
ExampleImagingFlowCytometryObjectsInGrid,4,12,1791447132.9547966,805776,worker_3,W004,MeasureObjectIntensity,step_completed,success,11.11111111111111,3,27
ExampleImagingFlowCytometryObjectsInGrid,4,12,1791447132.957074,805776,worker_3,W004,FilterObjects,step_started,started,11.11111111111111,3,27
ExampleImagingFlowCytometryObjectsInGrid,4,12,1791447132.9606488,805775,worker_2,W003,MeasureObjectIntensity,pattern_group,running,100.0,1,1
ExampleImagingFlowCytometryObjectsInGrid,4,12,1791447132.9616017,805775,worker_2,W003,MeasureObjectIntensity,step_completed,success,11.11111111111111,3,27
ExampleImagingFlowCytometryObjectsInGrid,4,12,1791447132.963806,805775,worker_2,W003,FilterObjects,step_started,started,11.11111111111111,3,27
ExampleImagingFlowCytometryObjectsInGrid,4,12,1791447132.98307,805774,worker_1,W002,FilterObjects,pattern_group,running,100.0,1,1
ExampleImagingFlowCytometryObjectsInGrid,4,12,1791447132.9838142,805773,worker_0,W001,FilterObjects,pattern_group,running,100.0,1,1
ExampleImagingFlowCytometryObjectsInGrid,4,12,1791447132.9840174,805774,worker_1,W002,FilterObjects,step_completed,success,14.814814814814813,4,27
ExampleImagingFlowCytometryObjectsInGrid,4,12,1791447132.9846373,805773,worker_0,W001,FilterObjects,step_completed,success,14.814814814814813,4,27
ExampleImagingFlowCytometryObjectsInGrid,4,12,1791447132.9851334,805774,worker_1,W002,MaskImage,step_started,started,14.814814814814813,4,27
ExampleImagingFlowCytometryObjectsInGrid,4,12,1791447132.9866097,805773,worker_0,W001,MaskImage,step_started,started,14.814814814814813,4,27
ExampleImagingFlowCytometryObjectsInGrid,4,12,1791447133.0132792,805774,worker_1,W002,MaskImage,pattern_group,running,100.0,1,1
ExampleImagingFlowCytometryObjectsInGrid,4,12,1791447133.013905,805774,worker_1,W002,MaskImage,step_completed,success,18.51851851851852,5,27
ExampleImagingFlowCytometryObjectsInGrid,4,12,1791447133.0147583,805774,worker_1,W002,Smooth,step_started,started,18.51851851851852,5,27
ExampleImagingFlowCytometryObjectsInGrid,4,12,1791447133.0233374,805773,worker_0,W001,MaskImage,pattern_group,running,100.0,1,1
ExampleImagingFlowCytometryObjectsInGrid,4,12,1791447133.0240068,805773,worker_0,W001,MaskImage,step_completed,success,18.51851851851852,5,27
ExampleImagingFlowCytometryObjectsInGrid,4,12,1791447133.024862,805773,worker_0,W001,Smooth,step_started,started,18.51851851851852,5,27
ExampleImagingFlowCytometryObjectsInGrid,4,12,1791447133.1327753,805776,worker_3,W004,FilterObjects,pattern_group,running,100.0,1,1
ExampleImagingFlowCytometryObjectsInGrid,4,12,1791447133.1338062,805775,worker_2,W003,FilterObjects,pattern_group,running,100.0,1,1
ExampleImagingFlowCytometryObjectsInGrid,4,12,1791447133.1339004,805776,worker_3,W004,FilterObjects,step_completed,success,14.814814814814813,4,27
ExampleImagingFlowCytometryObjectsInGrid,4,12,1791447133.1345959,805775,worker_2,W003,FilterObjects,step_completed,success,14.814814814814813,4,27
ExampleImagingFlowCytometryObjectsInGrid,4,12,1791447133.135081,805776,worker_3,W004,MaskImage,step_started,started,14.814814814814813,4,27
ExampleImagingFlowCytometryObjectsInGrid,4,12,1791447133.1353693,805775,worker_2,W003,MaskImage,step_started,started,14.814814814814813,4,27
ExampleImagingFlowCytometryObjectsInGrid,4,12,1791447133.1664581,805776,worker_3,W004,MaskImage,pattern_group,running,100.0,1,1
ExampleImagingFlowCytometryObjectsInGrid,4,12,1791447133.1672504,805775,worker_2,W003,MaskImage,pattern_group,running,100.0,1,1
ExampleImagingFlowCytometryObjectsInGrid,4,12,1791447133.1668475,805776,worker_3,W004,MaskImage,step_completed,success,18.51851851851852,5,27
ExampleImagingFlowCytometryObjectsInGrid,4,12,1791447133.1675527,805775,worker_2,W003,MaskImage,step_completed,success,18.51851851851852,5,27
ExampleImagingFlowCytometryObjectsInGrid,4,12,1791447133.1674652,805776,worker_3,W004,Smooth,step_started,started,18.51851851851852,5,27
ExampleImagingFlowCytometryObjectsInGrid,4,12,1791447133.1681206,805775,worker_2,W003,Smooth,step_started,started,18.51851851851852,5,27
ExampleImagingFlowCytometryObjectsInGrid,4,12,1791447133.267104,805774,worker_1,W002,Smooth,pattern_group,running,100.0,1,1
ExampleImagingFlowCytometryObjectsInGrid,4,12,1791447133.2675812,805774,worker_1,W002,Smooth,step_completed,success,22.22222222222222,6,27
ExampleImagingFlowCytometryObjectsInGrid,4,12,1791447133.2683747,805774,worker_1,W002,EnhanceEdges,step_started,started,22.22222222222222,6,27
ExampleImagingFlowCytometryObjectsInGrid,4,12,1791447133.292955,805773,worker_0,W001,Smooth,pattern_group,running,100.0,1,1
ExampleImagingFlowCytometryObjectsInGrid,4,12,1791447133.2936845,805773,worker_0,W001,Smooth,step_completed,success,22.22222222222222,6,27
ExampleImagingFlowCytometryObjectsInGrid,4,12,1791447133.2947073,805773,worker_0,W001,EnhanceEdges,step_started,started,22.22222222222222,6,27
ExampleImagingFlowCytometryObjectsInGrid,4,12,1791447133.3125317,805774,worker_1,W002,EnhanceEdges,pattern_group,running,100.0,1,1
ExampleImagingFlowCytometryObjectsInGrid,4,12,1791447133.3129518,805774,worker_1,W002,EnhanceEdges,step_completed,success,25.925925925925924,7,27
ExampleImagingFlowCytometryObjectsInGrid,4,12,1791447133.3137336,805774,worker_1,W002,Closing,step_started,started,25.925925925925924,7,27
ExampleImagingFlowCytometryObjectsInGrid,4,12,1791447133.3412454,805773,worker_0,W001,EnhanceEdges,pattern_group,running,100.0,1,1
ExampleImagingFlowCytometryObjectsInGrid,4,12,1791447133.342026,805773,worker_0,W001,EnhanceEdges,step_completed,success,25.925925925925924,7,27
ExampleImagingFlowCytometryObjectsInGrid,4,12,1791447133.3432457,805773,worker_0,W001,Closing,step_started,started,25.925925925925924,7,27
ExampleImagingFlowCytometryObjectsInGrid,4,12,1791447133.426142,805776,worker_3,W004,Smooth,pattern_group,running,100.0,1,1
ExampleImagingFlowCytometryObjectsInGrid,4,12,1791447133.4268188,805776,worker_3,W004,Smooth,step_completed,success,22.22222222222222,6,27
ExampleImagingFlowCytometryObjectsInGrid,4,12,1791447133.4277952,805775,worker_2,W003,Smooth,pattern_group,running,100.0,1,1
ExampleImagingFlowCytometryObjectsInGrid,4,12,1791447133.4278803,805776,worker_3,W004,EnhanceEdges,step_started,started,22.22222222222222,6,27
ExampleImagingFlowCytometryObjectsInGrid,4,12,1791447133.428674,805775,worker_2,W003,Smooth,step_completed,success,22.22222222222222,6,27
ExampleImagingFlowCytometryObjectsInGrid,4,12,1791447133.4295824,805775,worker_2,W003,EnhanceEdges,step_started,started,22.22222222222222,6,27
ExampleImagingFlowCytometryObjectsInGrid,4,12,1791447133.4780972,805775,worker_2,W003,EnhanceEdges,pattern_group,running,100.0,1,1
ExampleImagingFlowCytometryObjectsInGrid,4,12,1791447133.478694,805776,worker_3,W004,EnhanceEdges,pattern_group,running,100.0,1,1
ExampleImagingFlowCytometryObjectsInGrid,4,12,1791447133.478731,805775,worker_2,W003,EnhanceEdges,step_completed,success,25.925925925925924,7,27
ExampleImagingFlowCytometryObjectsInGrid,4,12,1791447133.4792464,805776,worker_3,W004,EnhanceEdges,step_completed,success,25.925925925925924,7,27
ExampleImagingFlowCytometryObjectsInGrid,4,12,1791447133.4795294,805775,worker_2,W003,Closing,step_started,started,25.925925925925924,7,27
ExampleImagingFlowCytometryObjectsInGrid,4,12,1791447133.4806247,805776,worker_3,W004,Closing,step_started,started,25.925925925925924,7,27
ExampleImagingFlowCytometryObjectsInGrid,4,12,1791447133.894187,805774,worker_1,W002,Closing,pattern_group,running,100.0,1,1
ExampleImagingFlowCytometryObjectsInGrid,4,12,1791447133.8947837,805774,worker_1,W002,Closing,step_completed,success,29.629629629629626,8,27
ExampleImagingFlowCytometryObjectsInGrid,4,12,1791447133.8956695,805774,worker_1,W002,IdentifyPrimaryObjects,step_started,started,29.629629629629626,8,27
ExampleImagingFlowCytometryObjectsInGrid,4,12,1791447133.931217,805773,worker_0,W001,Closing,pattern_group,running,100.0,1,1
ExampleImagingFlowCytometryObjectsInGrid,4,12,1791447133.9324267,805773,worker_0,W001,Closing,step_completed,success,29.629629629629626,8,27
ExampleImagingFlowCytometryObjectsInGrid,4,12,1791447133.9340007,805773,worker_0,W001,IdentifyPrimaryObjects,step_started,started,29.629629629629626,8,27
ExampleImagingFlowCytometryObjectsInGrid,4,12,1791447134.1225095,805776,worker_3,W004,Closing,pattern_group,running,100.0,1,1
ExampleImagingFlowCytometryObjectsInGrid,4,12,1791447134.1230013,805776,worker_3,W004,Closing,step_completed,success,29.629629629629626,8,27
ExampleImagingFlowCytometryObjectsInGrid,4,12,1791447134.1238225,805776,worker_3,W004,IdentifyPrimaryObjects,step_started,started,29.629629629629626,8,27
ExampleImagingFlowCytometryObjectsInGrid,4,12,1791447134.1555912,805775,worker_2,W003,Closing,pattern_group,running,100.0,1,1
ExampleImagingFlowCytometryObjectsInGrid,4,12,1791447134.1562061,805775,worker_2,W003,Closing,step_completed,success,29.629629629629626,8,27
ExampleImagingFlowCytometryObjectsInGrid,4,12,1791447134.1570735,805775,worker_2,W003,IdentifyPrimaryObjects,step_started,started,29.629629629629626,8,27
ExampleImagingFlowCytometryObjectsInGrid,4,12,1791447134.824336,805774,worker_1,W002,IdentifyPrimaryObjects,pattern_group,running,100.0,1,1
ExampleImagingFlowCytometryObjectsInGrid,4,12,1791447134.8256068,805774,worker_1,W002,IdentifyPrimaryObjects,step_completed,success,33.33333333333333,9,27
ExampleImagingFlowCytometryObjectsInGrid,4,12,1791447134.8272815,805774,worker_1,W002,MeasureObjectSizeShape,step_started,started,33.33333333333333,9,27
ExampleImagingFlowCytometryObjectsInGrid,4,12,1791447134.8905127,805773,worker_0,W001,IdentifyPrimaryObjects,pattern_group,running,100.0,1,1
ExampleImagingFlowCytometryObjectsInGrid,4,12,1791447134.8921568,805773,worker_0,W001,IdentifyPrimaryObjects,step_completed,success,33.33333333333333,9,27
ExampleImagingFlowCytometryObjectsInGrid,4,12,1791447134.8942182,805773,worker_0,W001,MeasureObjectSizeShape,step_started,started,33.33333333333333,9,27
ExampleImagingFlowCytometryObjectsInGrid,4,12,1791447135.0128098,805774,worker_1,W002,MeasureObjectSizeShape,pattern_group,running,100.0,1,1
ExampleImagingFlowCytometryObjectsInGrid,4,12,1791447135.0142257,805774,worker_1,W002,MeasureObjectSizeShape,step_completed,success,37.03703703703704,10,27
ExampleImagingFlowCytometryObjectsInGrid,4,12,1791447135.0153909,805774,worker_1,W002,FilterObjects,step_started,started,37.03703703703704,10,27
ExampleImagingFlowCytometryObjectsInGrid,4,12,1791447135.1036174,805773,worker_0,W001,MeasureObjectSizeShape,pattern_group,running,100.0,1,1
ExampleImagingFlowCytometryObjectsInGrid,4,12,1791447135.1046638,805773,worker_0,W001,MeasureObjectSizeShape,step_completed,success,37.03703703703704,10,27
ExampleImagingFlowCytometryObjectsInGrid,4,12,1791447135.1057491,805773,worker_0,W001,FilterObjects,step_started,started,37.03703703703704,10,27
ExampleImagingFlowCytometryObjectsInGrid,4,12,1791447135.1118689,805775,worker_2,W003,IdentifyPrimaryObjects,pattern_group,running,100.0,1,1
ExampleImagingFlowCytometryObjectsInGrid,4,12,1791447135.1129692,805775,worker_2,W003,IdentifyPrimaryObjects,step_completed,success,33.33333333333333,9,27
ExampleImagingFlowCytometryObjectsInGrid,4,12,1791447135.1142647,805775,worker_2,W003,MeasureObjectSizeShape,step_started,started,33.33333333333333,9,27
ExampleImagingFlowCytometryObjectsInGrid,4,12,1791447135.1347544,805774,worker_1,W002,FilterObjects,pattern_group,running,100.0,1,1
ExampleImagingFlowCytometryObjectsInGrid,4,12,1791447135.1361232,805774,worker_1,W002,FilterObjects,step_completed,success,40.74074074074074,11,27
ExampleImagingFlowCytometryObjectsInGrid,4,12,1791447135.1402068,805776,worker_3,W004,IdentifyPrimaryObjects,pattern_group,running,100.0,1,1
ExampleImagingFlowCytometryObjectsInGrid,4,12,1791447135.141131,805776,worker_3,W004,IdentifyPrimaryObjects,step_completed,success,33.33333333333333,9,27
ExampleImagingFlowCytometryObjectsInGrid,4,12,1791447135.1421087,805776,worker_3,W004,MeasureObjectSizeShape,step_started,started,33.33333333333333,9,27
ExampleImagingFlowCytometryObjectsInGrid,4,12,1791447135.1465843,805774,worker_1,W002,MeasureObjectSizeShape,step_started,started,40.74074074074074,11,27
ExampleImagingFlowCytometryObjectsInGrid,4,12,1791447135.2149417,805773,worker_0,W001,FilterObjects,pattern_group,running,100.0,1,1
ExampleImagingFlowCytometryObjectsInGrid,4,12,1791447135.2156928,805773,worker_0,W001,FilterObjects,step_completed,success,40.74074074074074,11,27
ExampleImagingFlowCytometryObjectsInGrid,4,12,1791447135.2232969,805773,worker_0,W001,MeasureObjectSizeShape,step_started,started,40.74074074074074,11,27
ExampleImagingFlowCytometryObjectsInGrid,4,12,1791447135.2996798,805775,worker_2,W003,MeasureObjectSizeShape,pattern_group,running,100.0,1,1
ExampleImagingFlowCytometryObjectsInGrid,4,12,1791447135.3006263,805775,worker_2,W003,MeasureObjectSizeShape,step_completed,success,37.03703703703704,10,27
ExampleImagingFlowCytometryObjectsInGrid,4,12,1791447135.3014688,805775,worker_2,W003,FilterObjects,step_started,started,37.03703703703704,10,27
ExampleImagingFlowCytometryObjectsInGrid,4,12,1791447135.3266234,805776,worker_3,W004,MeasureObjectSizeShape,pattern_group,running,100.0,1,1
ExampleImagingFlowCytometryObjectsInGrid,4,12,1791447135.3276873,805776,worker_3,W004,MeasureObjectSizeShape,step_completed,success,37.03703703703704,10,27
ExampleImagingFlowCytometryObjectsInGrid,4,12,1791447135.3285472,805776,worker_3,W004,FilterObjects,step_started,started,37.03703703703704,10,27
ExampleImagingFlowCytometryObjectsInGrid,4,12,1791447135.3304772,805774,worker_1,W002,MeasureObjectSizeShape,pattern_group,running,100.0,1,1
ExampleImagingFlowCytometryObjectsInGrid,4,12,1791447135.3316708,805774,worker_1,W002,MeasureObjectSizeShape,step_completed,success,44.44444444444444,12,27
ExampleImagingFlowCytometryObjectsInGrid,4,12,1791447135.332643,805774,worker_1,W002,ExpandOrShrinkObjects,step_started,started,44.44444444444444,12,27
ExampleImagingFlowCytometryObjectsInGrid,4,12,1791447135.4173324,805773,worker_0,W001,MeasureObjectSizeShape,pattern_group,running,100.0,1,1
ExampleImagingFlowCytometryObjectsInGrid,4,12,1791447135.418217,805775,worker_2,W003,FilterObjects,pattern_group,running,100.0,1,1
ExampleImagingFlowCytometryObjectsInGrid,4,12,1791447135.4192362,805775,worker_2,W003,FilterObjects,step_completed,success,40.74074074074074,11,27
ExampleImagingFlowCytometryObjectsInGrid,4,12,1791447135.419419,805773,worker_0,W001,MeasureObjectSizeShape,step_completed,success,44.44444444444444,12,27
ExampleImagingFlowCytometryObjectsInGrid,4,12,1791447135.4205086,805775,worker_2,W003,MeasureObjectSizeShape,step_started,started,40.74074074074074,11,27
ExampleImagingFlowCytometryObjectsInGrid,4,12,1791447135.421066,805773,worker_0,W001,ExpandOrShrinkObjects,step_started,started,44.44444444444444,12,27
ExampleImagingFlowCytometryObjectsInGrid,4,12,1791447135.4698024,805776,worker_3,W004,FilterObjects,pattern_group,running,100.0,1,1
ExampleImagingFlowCytometryObjectsInGrid,4,12,1791447135.470814,805776,worker_3,W004,FilterObjects,step_completed,success,40.74074074074074,11,27
ExampleImagingFlowCytometryObjectsInGrid,4,12,1791447135.4871697,805776,worker_3,W004,MeasureObjectSizeShape,step_started,started,40.74074074074074,11,27
ExampleImagingFlowCytometryObjectsInGrid,4,12,1791447135.508183,805774,worker_1,W002,ExpandOrShrinkObjects,pattern_group,running,100.0,1,1
ExampleImagingFlowCytometryObjectsInGrid,4,12,1791447135.5094461,805774,worker_1,W002,ExpandOrShrinkObjects,step_completed,success,48.148148148148145,13,27
ExampleImagingFlowCytometryObjectsInGrid,4,12,1791447135.5105014,805774,worker_1,W002,RelateObjects,step_started,started,48.148148148148145,13,27
ExampleImagingFlowCytometryObjectsInGrid,4,12,1791447135.5675416,805774,worker_1,W002,RelateObjects,pattern_group,running,100.0,1,1
ExampleImagingFlowCytometryObjectsInGrid,4,12,1791447135.5683591,805774,worker_1,W002,RelateObjects,step_completed,success,51.85185185185185,14,27
ExampleImagingFlowCytometryObjectsInGrid,4,12,1791447135.569502,805774,worker_1,W002,FilterObjects,step_started,started,51.85185185185185,14,27
ExampleImagingFlowCytometryObjectsInGrid,4,12,1791447135.5827298,805773,worker_0,W001,ExpandOrShrinkObjects,pattern_group,running,100.0,1,1
ExampleImagingFlowCytometryObjectsInGrid,4,12,1791447135.583383,805773,worker_0,W001,ExpandOrShrinkObjects,step_completed,success,48.148148148148145,13,27
ExampleImagingFlowCytometryObjectsInGrid,4,12,1791447135.5843146,805773,worker_0,W001,RelateObjects,step_started,started,48.148148148148145,13,27
ExampleImagingFlowCytometryObjectsInGrid,4,12,1791447135.6465847,805773,worker_0,W001,RelateObjects,pattern_group,running,100.0,1,1
ExampleImagingFlowCytometryObjectsInGrid,4,12,1791447135.6476066,805773,worker_0,W001,RelateObjects,step_completed,success,51.85185185185185,14,27
ExampleImagingFlowCytometryObjectsInGrid,4,12,1791447135.6485837,805773,worker_0,W001,FilterObjects,step_started,started,51.85185185185185,14,27
ExampleImagingFlowCytometryObjectsInGrid,4,12,1791447135.655432,805775,worker_2,W003,MeasureObjectSizeShape,pattern_group,running,100.0,1,1
ExampleImagingFlowCytometryObjectsInGrid,4,12,1791447135.6568847,805775,worker_2,W003,MeasureObjectSizeShape,step_completed,success,44.44444444444444,12,27
ExampleImagingFlowCytometryObjectsInGrid,4,12,1791447135.658175,805775,worker_2,W003,ExpandOrShrinkObjects,step_started,started,44.44444444444444,12,27
ExampleImagingFlowCytometryObjectsInGrid,4,12,1791447135.716556,805776,worker_3,W004,MeasureObjectSizeShape,pattern_group,running,100.0,1,1
ExampleImagingFlowCytometryObjectsInGrid,4,12,1791447135.7180402,805776,worker_3,W004,MeasureObjectSizeShape,step_completed,success,44.44444444444444,12,27
ExampleImagingFlowCytometryObjectsInGrid,4,12,1791447135.719384,805776,worker_3,W004,ExpandOrShrinkObjects,step_started,started,44.44444444444444,12,27
ExampleImagingFlowCytometryObjectsInGrid,4,12,1791447135.8899188,805775,worker_2,W003,ExpandOrShrinkObjects,pattern_group,running,100.0,1,1
ExampleImagingFlowCytometryObjectsInGrid,4,12,1791447135.891399,805775,worker_2,W003,ExpandOrShrinkObjects,step_completed,success,48.148148148148145,13,27
ExampleImagingFlowCytometryObjectsInGrid,4,12,1791447135.892839,805775,worker_2,W003,RelateObjects,step_started,started,48.148148148148145,13,27
ExampleImagingFlowCytometryObjectsInGrid,4,12,1791447135.957099,805776,worker_3,W004,ExpandOrShrinkObjects,pattern_group,running,100.0,1,1
ExampleImagingFlowCytometryObjectsInGrid,4,12,1791447135.9581008,805776,worker_3,W004,ExpandOrShrinkObjects,step_completed,success,48.148148148148145,13,27
ExampleImagingFlowCytometryObjectsInGrid,4,12,1791447135.9591732,805776,worker_3,W004,RelateObjects,step_started,started,48.148148148148145,13,27
ExampleImagingFlowCytometryObjectsInGrid,4,12,1791447135.9798703,805775,worker_2,W003,RelateObjects,pattern_group,running,100.0,1,1
ExampleImagingFlowCytometryObjectsInGrid,4,12,1791447135.980763,805775,worker_2,W003,RelateObjects,step_completed,success,51.85185185185185,14,27
ExampleImagingFlowCytometryObjectsInGrid,4,12,1791447135.981626,805775,worker_2,W003,FilterObjects,step_started,started,51.85185185185185,14,27
ExampleImagingFlowCytometryObjectsInGrid,4,12,1791447136.028796,805776,worker_3,W004,RelateObjects,pattern_group,running,100.0,1,1
ExampleImagingFlowCytometryObjectsInGrid,4,12,1791447136.0295756,805776,worker_3,W004,RelateObjects,step_completed,success,51.85185185185185,14,27
ExampleImagingFlowCytometryObjectsInGrid,4,12,1791447136.0304239,805776,worker_3,W004,FilterObjects,step_started,started,51.85185185185185,14,27
ExampleImagingFlowCytometryObjectsInGrid,4,12,1791447136.5028431,805774,worker_1,W002,FilterObjects,pattern_group,running,100.0,1,1
ExampleImagingFlowCytometryObjectsInGrid,4,12,1791447136.5039685,805774,worker_1,W002,FilterObjects,step_completed,success,55.55555555555556,15,27
ExampleImagingFlowCytometryObjectsInGrid,4,12,1791447136.5056844,805774,worker_1,W002,IdentifyObjectsInGrid,step_started,started,55.55555555555556,15,27
ExampleImagingFlowCytometryObjectsInGrid,4,12,1791447136.6128523,805774,worker_1,W002,IdentifyObjectsInGrid,pattern_group,running,100.0,1,1
ExampleImagingFlowCytometryObjectsInGrid,4,12,1791447136.6142895,805774,worker_1,W002,IdentifyObjectsInGrid,step_completed,success,59.25925925925925,16,27
ExampleImagingFlowCytometryObjectsInGrid,4,12,1791447136.6162398,805774,worker_1,W002,ExpandOrShrinkObjects,step_started,started,59.25925925925925,16,27
ExampleImagingFlowCytometryObjectsInGrid,4,12,1791447136.6554985,805773,worker_0,W001,FilterObjects,pattern_group,running,100.0,1,1
ExampleImagingFlowCytometryObjectsInGrid,4,12,1791447136.65715,805773,worker_0,W001,FilterObjects,step_completed,success,55.55555555555556,15,27
ExampleImagingFlowCytometryObjectsInGrid,4,12,1791447136.6588118,805773,worker_0,W001,IdentifyObjectsInGrid,step_started,started,55.55555555555556,15,27
ExampleImagingFlowCytometryObjectsInGrid,4,12,1791447136.8039765,805773,worker_0,W001,IdentifyObjectsInGrid,pattern_group,running,100.0,1,1
ExampleImagingFlowCytometryObjectsInGrid,4,12,1791447136.8050344,805773,worker_0,W001,IdentifyObjectsInGrid,step_completed,success,59.25925925925925,16,27
ExampleImagingFlowCytometryObjectsInGrid,4,12,1791447136.8062215,805773,worker_0,W001,ExpandOrShrinkObjects,step_started,started,59.25925925925925,16,27
ExampleImagingFlowCytometryObjectsInGrid,4,12,1791447136.9653754,805775,worker_2,W003,FilterObjects,pattern_group,running,100.0,1,1
ExampleImagingFlowCytometryObjectsInGrid,4,12,1791447136.9667923,805775,worker_2,W003,FilterObjects,step_completed,success,55.55555555555556,15,27
ExampleImagingFlowCytometryObjectsInGrid,4,12,1791447136.968333,805775,worker_2,W003,IdentifyObjectsInGrid,step_started,started,55.55555555555556,15,27
ExampleImagingFlowCytometryObjectsInGrid,4,12,1791447136.97305,805774,worker_1,W002,ExpandOrShrinkObjects,pattern_group,running,100.0,1,1
ExampleImagingFlowCytometryObjectsInGrid,4,12,1791447136.9736905,805774,worker_1,W002,ExpandOrShrinkObjects,step_completed,success,62.96296296296296,17,27
ExampleImagingFlowCytometryObjectsInGrid,4,12,1791447136.9746485,805774,worker_1,W002,OverlayOutlines,step_started,started,62.96296296296296,17,27
ExampleImagingFlowCytometryObjectsInGrid,4,12,1791447137.0147,805776,worker_3,W004,FilterObjects,pattern_group,running,100.0,1,1
ExampleImagingFlowCytometryObjectsInGrid,4,12,1791447137.0156121,805776,worker_3,W004,FilterObjects,step_completed,success,55.55555555555556,15,27
ExampleImagingFlowCytometryObjectsInGrid,4,12,1791447137.0167964,805776,worker_3,W004,IdentifyObjectsInGrid,step_started,started,55.55555555555556,15,27
ExampleImagingFlowCytometryObjectsInGrid,4,12,1791447137.074095,805775,worker_2,W003,IdentifyObjectsInGrid,pattern_group,running,100.0,1,1
ExampleImagingFlowCytometryObjectsInGrid,4,12,1791447137.0749521,805775,worker_2,W003,IdentifyObjectsInGrid,step_completed,success,59.25925925925925,16,27
ExampleImagingFlowCytometryObjectsInGrid,4,12,1791447137.0913684,805775,worker_2,W003,ExpandOrShrinkObjects,step_started,started,59.25925925925925,16,27
ExampleImagingFlowCytometryObjectsInGrid,4,12,1791447137.1278276,805776,worker_3,W004,IdentifyObjectsInGrid,pattern_group,running,100.0,1,1
ExampleImagingFlowCytometryObjectsInGrid,4,12,1791447137.128524,805776,worker_3,W004,IdentifyObjectsInGrid,step_completed,success,59.25925925925925,16,27
ExampleImagingFlowCytometryObjectsInGrid,4,12,1791447137.130746,805774,worker_1,W002,OverlayOutlines,pattern_group,running,100.0,1,1
ExampleImagingFlowCytometryObjectsInGrid,4,12,1791447137.1312017,805774,worker_1,W002,OverlayOutlines,step_completed,success,66.66666666666666,18,27
ExampleImagingFlowCytometryObjectsInGrid,4,12,1791447137.138544,805774,worker_1,W002,MeasureObjectSizeShape,step_started,started,66.66666666666666,18,27
ExampleImagingFlowCytometryObjectsInGrid,4,12,1791447137.1420004,805776,worker_3,W004,ExpandOrShrinkObjects,step_started,started,59.25925925925925,16,27
ExampleImagingFlowCytometryObjectsInGrid,4,12,1791447137.1578197,805773,worker_0,W001,ExpandOrShrinkObjects,pattern_group,running,100.0,1,1
ExampleImagingFlowCytometryObjectsInGrid,4,12,1791447137.1588314,805773,worker_0,W001,ExpandOrShrinkObjects,step_completed,success,62.96296296296296,17,27
ExampleImagingFlowCytometryObjectsInGrid,4,12,1791447137.1600738,805773,worker_0,W001,OverlayOutlines,step_started,started,62.96296296296296,17,27
ExampleImagingFlowCytometryObjectsInGrid,4,12,1791447137.303546,805773,worker_0,W001,OverlayOutlines,pattern_group,running,100.0,1,1
ExampleImagingFlowCytometryObjectsInGrid,4,12,1791447137.3041456,805773,worker_0,W001,OverlayOutlines,step_completed,success,66.66666666666666,18,27
ExampleImagingFlowCytometryObjectsInGrid,4,12,1791447137.3052635,805773,worker_0,W001,MeasureObjectSizeShape,step_started,started,66.66666666666666,18,27
ExampleImagingFlowCytometryObjectsInGrid,4,12,1791447137.4808116,805774,worker_1,W002,MeasureObjectSizeShape,pattern_group,running,100.0,1,1
ExampleImagingFlowCytometryObjectsInGrid,4,12,1791447137.4826043,805774,worker_1,W002,MeasureObjectSizeShape,step_completed,success,70.37037037037037,19,27
ExampleImagingFlowCytometryObjectsInGrid,4,12,1791447137.4837892,805774,worker_1,W002,MeasureGranularity,step_started,started,70.37037037037037,19,27
ExampleImagingFlowCytometryObjectsInGrid,4,12,1791447137.4994688,805775,worker_2,W003,ExpandOrShrinkObjects,pattern_group,running,100.0,1,1
ExampleImagingFlowCytometryObjectsInGrid,4,12,1791447137.50014,805775,worker_2,W003,ExpandOrShrinkObjects,step_completed,success,62.96296296296296,17,27
ExampleImagingFlowCytometryObjectsInGrid,4,12,1791447137.500963,805775,worker_2,W003,OverlayOutlines,step_started,started,62.96296296296296,17,27
ExampleImagingFlowCytometryObjectsInGrid,4,12,1791447137.5320318,805776,worker_3,W004,ExpandOrShrinkObjects,pattern_group,running,100.0,1,1
ExampleImagingFlowCytometryObjectsInGrid,4,12,1791447137.5332232,805776,worker_3,W004,ExpandOrShrinkObjects,step_completed,success,62.96296296296296,17,27
ExampleImagingFlowCytometryObjectsInGrid,4,12,1791447137.5344493,805776,worker_3,W004,OverlayOutlines,step_started,started,62.96296296296296,17,27
ExampleImagingFlowCytometryObjectsInGrid,4,12,1791447137.6555471,805773,worker_0,W001,MeasureObjectSizeShape,pattern_group,running,100.0,1,1
ExampleImagingFlowCytometryObjectsInGrid,4,12,1791447137.6574533,805773,worker_0,W001,MeasureObjectSizeShape,step_completed,success,70.37037037037037,19,27
ExampleImagingFlowCytometryObjectsInGrid,4,12,1791447137.6585636,805773,worker_0,W001,MeasureGranularity,step_started,started,70.37037037037037,19,27
ExampleImagingFlowCytometryObjectsInGrid,4,12,1791447137.666744,805775,worker_2,W003,OverlayOutlines,pattern_group,running,100.0,1,1
ExampleImagingFlowCytometryObjectsInGrid,4,12,1791447137.6673043,805775,worker_2,W003,OverlayOutlines,step_completed,success,66.66666666666666,18,27
ExampleImagingFlowCytometryObjectsInGrid,4,12,1791447137.6744947,805775,worker_2,W003,MeasureObjectSizeShape,step_started,started,66.66666666666666,18,27
ExampleImagingFlowCytometryObjectsInGrid,4,12,1791447137.703839,805776,worker_3,W004,OverlayOutlines,pattern_group,running,100.0,1,1
ExampleImagingFlowCytometryObjectsInGrid,4,12,1791447137.7043016,805776,worker_3,W004,OverlayOutlines,step_completed,success,66.66666666666666,18,27
ExampleImagingFlowCytometryObjectsInGrid,4,12,1791447137.7108314,805776,worker_3,W004,MeasureObjectSizeShape,step_started,started,66.66666666666666,18,27
ExampleImagingFlowCytometryObjectsInGrid,4,12,1791447138.021402,805775,worker_2,W003,MeasureObjectSizeShape,pattern_group,running,100.0,1,1
ExampleImagingFlowCytometryObjectsInGrid,4,12,1791447138.0231721,805775,worker_2,W003,MeasureObjectSizeShape,step_completed,success,70.37037037037037,19,27
ExampleImagingFlowCytometryObjectsInGrid,4,12,1791447138.0243597,805775,worker_2,W003,MeasureGranularity,step_started,started,70.37037037037037,19,27
ExampleImagingFlowCytometryObjectsInGrid,4,12,1791447138.0584373,805776,worker_3,W004,MeasureObjectSizeShape,pattern_group,running,100.0,1,1
ExampleImagingFlowCytometryObjectsInGrid,4,12,1791447138.059976,805776,worker_3,W004,MeasureObjectSizeShape,step_completed,success,70.37037037037037,19,27
ExampleImagingFlowCytometryObjectsInGrid,4,12,1791447138.0611498,805776,worker_3,W004,MeasureGranularity,step_started,started,70.37037037037037,19,27
ExampleImagingFlowCytometryObjectsInGrid,4,12,1791447138.0980325,805774,worker_1,W002,MeasureGranularity,pattern_group,running,100.0,1,1
ExampleImagingFlowCytometryObjectsInGrid,4,12,1791447138.0992646,805774,worker_1,W002,MeasureGranularity,step_completed,success,74.07407407407408,20,27
ExampleImagingFlowCytometryObjectsInGrid,4,12,1791447138.1002564,805774,worker_1,W002,MeasureTexture,step_started,started,74.07407407407408,20,27
ExampleImagingFlowCytometryObjectsInGrid,4,12,1791447138.267593,805773,worker_0,W001,MeasureGranularity,pattern_group,running,100.0,1,1
ExampleImagingFlowCytometryObjectsInGrid,4,12,1791447138.2687883,805773,worker_0,W001,MeasureGranularity,step_completed,success,74.07407407407408,20,27
ExampleImagingFlowCytometryObjectsInGrid,4,12,1791447138.269684,805773,worker_0,W001,MeasureTexture,step_started,started,74.07407407407408,20,27
ExampleImagingFlowCytometryObjectsInGrid,4,12,1791447138.6540365,805775,worker_2,W003,MeasureGranularity,pattern_group,running,100.0,1,1
ExampleImagingFlowCytometryObjectsInGrid,4,12,1791447138.6551707,805775,worker_2,W003,MeasureGranularity,step_completed,success,74.07407407407408,20,27
ExampleImagingFlowCytometryObjectsInGrid,4,12,1791447138.656247,805775,worker_2,W003,MeasureTexture,step_started,started,74.07407407407408,20,27
ExampleImagingFlowCytometryObjectsInGrid,4,12,1791447138.6981957,805774,worker_1,W002,MeasureTexture,pattern_group,running,100.0,1,1
ExampleImagingFlowCytometryObjectsInGrid,4,12,1791447138.6999476,805774,worker_1,W002,MeasureTexture,step_completed,success,77.77777777777779,21,27
ExampleImagingFlowCytometryObjectsInGrid,4,12,1791447138.7024226,805774,worker_1,W002,MeasureTexture,step_started,started,77.77777777777779,21,27
ExampleImagingFlowCytometryObjectsInGrid,4,12,1791447138.7064793,805776,worker_3,W004,MeasureGranularity,pattern_group,running,100.0,1,1
ExampleImagingFlowCytometryObjectsInGrid,4,12,1791447138.7105296,805776,worker_3,W004,MeasureGranularity,step_completed,success,74.07407407407408,20,27
ExampleImagingFlowCytometryObjectsInGrid,4,12,1791447138.7113607,805776,worker_3,W004,MeasureTexture,step_started,started,74.07407407407408,20,27
ExampleImagingFlowCytometryObjectsInGrid,4,12,1791447138.8418105,805773,worker_0,W001,MeasureTexture,pattern_group,running,100.0,1,1
ExampleImagingFlowCytometryObjectsInGrid,4,12,1791447138.8437278,805773,worker_0,W001,MeasureTexture,step_completed,success,77.77777777777779,21,27
ExampleImagingFlowCytometryObjectsInGrid,4,12,1791447138.8447263,805773,worker_0,W001,MeasureTexture,step_started,started,77.77777777777779,21,27
ExampleImagingFlowCytometryObjectsInGrid,4,12,1791447138.96876,805774,worker_1,W002,MeasureTexture,pattern_group,running,100.0,1,1
ExampleImagingFlowCytometryObjectsInGrid,4,12,1791447138.9700885,805774,worker_1,W002,MeasureTexture,step_completed,success,81.48148148148148,22,27
ExampleImagingFlowCytometryObjectsInGrid,4,12,1791447138.9710047,805774,worker_1,W002,MeasureObjectIntensity,step_started,started,81.48148148148148,22,27
ExampleImagingFlowCytometryObjectsInGrid,4,12,1791447139.1021876,805773,worker_0,W001,MeasureTexture,pattern_group,running,100.0,1,1
ExampleImagingFlowCytometryObjectsInGrid,4,12,1791447139.1033814,805773,worker_0,W001,MeasureTexture,step_completed,success,81.48148148148148,22,27
ExampleImagingFlowCytometryObjectsInGrid,4,12,1791447139.1043136,805773,worker_0,W001,MeasureObjectIntensity,step_started,started,81.48148148148148,22,27
ExampleImagingFlowCytometryObjectsInGrid,4,12,1791447139.2206352,805774,worker_1,W002,MeasureObjectIntensity,pattern_group,running,100.0,1,1
ExampleImagingFlowCytometryObjectsInGrid,4,12,1791447139.22213,805774,worker_1,W002,MeasureObjectIntensity,step_completed,success,85.18518518518519,23,27
ExampleImagingFlowCytometryObjectsInGrid,4,12,1791447139.2231183,805774,worker_1,W002,MeasureObjectIntensity,step_started,started,85.18518518518519,23,27
ExampleImagingFlowCytometryObjectsInGrid,4,12,1791447139.2345161,805775,worker_2,W003,MeasureTexture,pattern_group,running,100.0,1,1
ExampleImagingFlowCytometryObjectsInGrid,4,12,1791447139.2364695,805775,worker_2,W003,MeasureTexture,step_completed,success,77.77777777777779,21,27
ExampleImagingFlowCytometryObjectsInGrid,4,12,1791447139.2375546,805775,worker_2,W003,MeasureTexture,step_started,started,77.77777777777779,21,27
ExampleImagingFlowCytometryObjectsInGrid,4,12,1791447139.2975204,805776,worker_3,W004,MeasureTexture,pattern_group,running,100.0,1,1
ExampleImagingFlowCytometryObjectsInGrid,4,12,1791447139.2991085,805776,worker_3,W004,MeasureTexture,step_completed,success,77.77777777777779,21,27
ExampleImagingFlowCytometryObjectsInGrid,4,12,1791447139.300072,805776,worker_3,W004,MeasureTexture,step_started,started,77.77777777777779,21,27
ExampleImagingFlowCytometryObjectsInGrid,4,12,1791447139.3781602,805773,worker_0,W001,MeasureObjectIntensity,pattern_group,running,100.0,1,1
ExampleImagingFlowCytometryObjectsInGrid,4,12,1791447139.3796172,805773,worker_0,W001,MeasureObjectIntensity,step_completed,success,85.18518518518519,23,27
ExampleImagingFlowCytometryObjectsInGrid,4,12,1791447139.3805997,805773,worker_0,W001,MeasureObjectIntensity,step_started,started,85.18518518518519,23,27
ExampleImagingFlowCytometryObjectsInGrid,4,12,1791447139.4289954,805774,worker_1,W002,MeasureObjectIntensity,pattern_group,running,100.0,1,1
ExampleImagingFlowCytometryObjectsInGrid,4,12,1791447139.4302597,805774,worker_1,W002,MeasureObjectIntensity,step_completed,success,88.88888888888889,24,27
ExampleImagingFlowCytometryObjectsInGrid,4,12,1791447139.432641,805774,worker_1,W002,MeasureObjectIntensityDistribution,step_started,started,88.88888888888889,24,27
ExampleImagingFlowCytometryObjectsInGrid,4,12,1791447139.508512,805775,worker_2,W003,MeasureTexture,pattern_group,running,100.0,1,1
ExampleImagingFlowCytometryObjectsInGrid,4,12,1791447139.5095575,805775,worker_2,W003,MeasureTexture,step_completed,success,81.48148148148148,22,27
ExampleImagingFlowCytometryObjectsInGrid,4,12,1791447139.510652,805775,worker_2,W003,MeasureObjectIntensity,step_started,started,81.48148148148148,22,27
ExampleImagingFlowCytometryObjectsInGrid,4,12,1791447139.5683289,805776,worker_3,W004,MeasureTexture,pattern_group,running,100.0,1,1
ExampleImagingFlowCytometryObjectsInGrid,4,12,1791447139.5693653,805776,worker_3,W004,MeasureTexture,step_completed,success,81.48148148148148,22,27
ExampleImagingFlowCytometryObjectsInGrid,4,12,1791447139.5703487,805776,worker_3,W004,MeasureObjectIntensity,step_started,started,81.48148148148148,22,27
ExampleImagingFlowCytometryObjectsInGrid,4,12,1791447139.5856457,805773,worker_0,W001,MeasureObjectIntensity,pattern_group,running,100.0,1,1
ExampleImagingFlowCytometryObjectsInGrid,4,12,1791447139.5871317,805773,worker_0,W001,MeasureObjectIntensity,step_completed,success,88.88888888888889,24,27
ExampleImagingFlowCytometryObjectsInGrid,4,12,1791447139.589664,805773,worker_0,W001,MeasureObjectIntensityDistribution,step_started,started,88.88888888888889,24,27
ExampleImagingFlowCytometryObjectsInGrid,4,12,1791447139.7606192,805774,worker_1,W002,MeasureObjectIntensityDistribution,pattern_group,running,100.0,1,1
ExampleImagingFlowCytometryObjectsInGrid,4,12,1791447139.7627017,805774,worker_1,W002,MeasureObjectIntensityDistribution,step_completed,success,92.5925925925926,25,27
ExampleImagingFlowCytometryObjectsInGrid,4,12,1791447139.7705905,805774,worker_1,W002,MeasureObjectIntensityDistribution,step_started,started,92.5925925925926,25,27
ExampleImagingFlowCytometryObjectsInGrid,4,12,1791447139.7731042,805775,worker_2,W003,MeasureObjectIntensity,pattern_group,running,100.0,1,1
ExampleImagingFlowCytometryObjectsInGrid,4,12,1791447139.774938,805775,worker_2,W003,MeasureObjectIntensity,step_completed,success,85.18518518518519,23,27
ExampleImagingFlowCytometryObjectsInGrid,4,12,1791447139.775983,805775,worker_2,W003,MeasureObjectIntensity,step_started,started,85.18518518518519,23,27
ExampleImagingFlowCytometryObjectsInGrid,4,12,1791447139.8458881,805776,worker_3,W004,MeasureObjectIntensity,pattern_group,running,100.0,1,1
ExampleImagingFlowCytometryObjectsInGrid,4,12,1791447139.8474772,805776,worker_3,W004,MeasureObjectIntensity,step_completed,success,85.18518518518519,23,27
ExampleImagingFlowCytometryObjectsInGrid,4,12,1791447139.8484893,805776,worker_3,W004,MeasureObjectIntensity,step_started,started,85.18518518518519,23,27
ExampleImagingFlowCytometryObjectsInGrid,4,12,1791447139.9414003,805773,worker_0,W001,MeasureObjectIntensityDistribution,pattern_group,running,100.0,1,1
ExampleImagingFlowCytometryObjectsInGrid,4,12,1791447139.9439604,805773,worker_0,W001,MeasureObjectIntensityDistribution,step_completed,success,92.5925925925926,25,27
ExampleImagingFlowCytometryObjectsInGrid,4,12,1791447139.957068,805773,worker_0,W001,MeasureObjectIntensityDistribution,step_started,started,92.5925925925926,25,27
ExampleImagingFlowCytometryObjectsInGrid,4,12,1791447139.9828157,805775,worker_2,W003,MeasureObjectIntensity,pattern_group,running,100.0,1,1
ExampleImagingFlowCytometryObjectsInGrid,4,12,1791447139.9842625,805775,worker_2,W003,MeasureObjectIntensity,step_completed,success,88.88888888888889,24,27
ExampleImagingFlowCytometryObjectsInGrid,4,12,1791447139.9874377,805775,worker_2,W003,MeasureObjectIntensityDistribution,step_started,started,88.88888888888889,24,27
ExampleImagingFlowCytometryObjectsInGrid,4,12,1791447140.0519338,805776,worker_3,W004,MeasureObjectIntensity,pattern_group,running,100.0,1,1
ExampleImagingFlowCytometryObjectsInGrid,4,12,1791447140.0530698,805776,worker_3,W004,MeasureObjectIntensity,step_completed,success,88.88888888888889,24,27
ExampleImagingFlowCytometryObjectsInGrid,4,12,1791447140.055543,805776,worker_3,W004,MeasureObjectIntensityDistribution,step_started,started,88.88888888888889,24,27
ExampleImagingFlowCytometryObjectsInGrid,4,12,1791447140.0958204,805774,worker_1,W002,MeasureObjectIntensityDistribution,pattern_group,running,100.0,1,1
ExampleImagingFlowCytometryObjectsInGrid,4,12,1791447140.097826,805774,worker_1,W002,MeasureObjectIntensityDistribution,step_completed,success,96.29629629629629,26,27
ExampleImagingFlowCytometryObjectsInGrid,4,12,1791447140.1041555,805774,worker_1,W002,pipeline,axis_completed,success,96.29629629629629,26,27
ExampleImagingFlowCytometryObjectsInGrid,4,12,1791447140.1042585,805774,worker_1,W006,pipeline,axis_started,started,0.0,0,27
ExampleImagingFlowCytometryObjectsInGrid,4,12,1791447140.1117494,805774,worker_1,W006,DefineGrid,step_started,started,0.0,0,27
ExampleImagingFlowCytometryObjectsInGrid,4,12,1791447140.1351125,805774,worker_1,W006,DefineGrid,pattern_group,running,100.0,1,1
ExampleImagingFlowCytometryObjectsInGrid,4,12,1791447140.135526,805774,worker_1,W006,DefineGrid,step_completed,success,3.7037037037037033,1,27
ExampleImagingFlowCytometryObjectsInGrid,4,12,1791447140.1361678,805774,worker_1,W006,IdentifyObjectsInGrid,step_started,started,3.7037037037037033,1,27
ExampleImagingFlowCytometryObjectsInGrid,4,12,1791447140.2044334,805774,worker_1,W006,IdentifyObjectsInGrid,pattern_group,running,100.0,1,1
ExampleImagingFlowCytometryObjectsInGrid,4,12,1791447140.2051911,805774,worker_1,W006,IdentifyObjectsInGrid,step_completed,success,7.4074074074074066,2,27
ExampleImagingFlowCytometryObjectsInGrid,4,12,1791447140.2059543,805774,worker_1,W006,MeasureObjectIntensity,step_started,started,7.4074074074074066,2,27
ExampleImagingFlowCytometryObjectsInGrid,4,12,1791447140.2751865,805773,worker_0,W001,MeasureObjectIntensityDistribution,pattern_group,running,100.0,1,1
ExampleImagingFlowCytometryObjectsInGrid,4,12,1791447140.2773252,805773,worker_0,W001,MeasureObjectIntensityDistribution,step_completed,success,96.29629629629629,26,27
ExampleImagingFlowCytometryObjectsInGrid,4,12,1791447140.2842264,805773,worker_0,W001,pipeline,axis_completed,success,96.29629629629629,26,27
ExampleImagingFlowCytometryObjectsInGrid,4,12,1791447140.284348,805773,worker_0,W005,pipeline,axis_started,started,0.0,0,27
ExampleImagingFlowCytometryObjectsInGrid,4,12,1791447140.2872255,805773,worker_0,W005,DefineGrid,step_started,started,0.0,0,27
ExampleImagingFlowCytometryObjectsInGrid,4,12,1791447140.312801,805773,worker_0,W005,DefineGrid,pattern_group,running,100.0,1,1
ExampleImagingFlowCytometryObjectsInGrid,4,12,1791447140.313221,805773,worker_0,W005,DefineGrid,step_completed,success,3.7037037037037033,1,27
ExampleImagingFlowCytometryObjectsInGrid,4,12,1791447140.3138762,805773,worker_0,W005,IdentifyObjectsInGrid,step_started,started,3.7037037037037033,1,27
ExampleImagingFlowCytometryObjectsInGrid,4,12,1791447140.3270736,805775,worker_2,W003,MeasureObjectIntensityDistribution,pattern_group,running,100.0,1,1
ExampleImagingFlowCytometryObjectsInGrid,4,12,1791447140.329525,805775,worker_2,W003,MeasureObjectIntensityDistribution,step_completed,success,92.5925925925926,25,27
ExampleImagingFlowCytometryObjectsInGrid,4,12,1791447140.3312252,805775,worker_2,W003,MeasureObjectIntensityDistribution,step_started,started,92.5925925925926,25,27
ExampleImagingFlowCytometryObjectsInGrid,4,12,1791447140.3899298,805776,worker_3,W004,MeasureObjectIntensityDistribution,pattern_group,running,100.0,1,1
ExampleImagingFlowCytometryObjectsInGrid,4,12,1791447140.3924518,805776,worker_3,W004,MeasureObjectIntensityDistribution,step_completed,success,92.5925925925926,25,27
ExampleImagingFlowCytometryObjectsInGrid,4,12,1791447140.3939545,805776,worker_3,W004,MeasureObjectIntensityDistribution,step_started,started,92.5925925925926,25,27
ExampleImagingFlowCytometryObjectsInGrid,4,12,1791447140.3982809,805773,worker_0,W005,IdentifyObjectsInGrid,pattern_group,running,100.0,1,1
ExampleImagingFlowCytometryObjectsInGrid,4,12,1791447140.3990738,805773,worker_0,W005,IdentifyObjectsInGrid,step_completed,success,7.4074074074074066,2,27
ExampleImagingFlowCytometryObjectsInGrid,4,12,1791447140.3998625,805773,worker_0,W005,MeasureObjectIntensity,step_started,started,7.4074074074074066,2,27
ExampleImagingFlowCytometryObjectsInGrid,4,12,1791447140.6489997,805775,worker_2,W003,MeasureObjectIntensityDistribution,pattern_group,running,100.0,1,1
ExampleImagingFlowCytometryObjectsInGrid,4,12,1791447140.65101,805775,worker_2,W003,MeasureObjectIntensityDistribution,step_completed,success,96.29629629629629,26,27
ExampleImagingFlowCytometryObjectsInGrid,4,12,1791447140.6678724,805775,worker_2,W003,pipeline,axis_completed,success,96.29629629629629,26,27
ExampleImagingFlowCytometryObjectsInGrid,4,12,1791447140.6679976,805775,worker_2,W007,pipeline,axis_started,started,0.0,0,27
ExampleImagingFlowCytometryObjectsInGrid,4,12,1791447140.6715443,805775,worker_2,W007,DefineGrid,step_started,started,0.0,0,27
ExampleImagingFlowCytometryObjectsInGrid,4,12,1791447140.714839,805775,worker_2,W007,DefineGrid,pattern_group,running,100.0,1,1
ExampleImagingFlowCytometryObjectsInGrid,4,12,1791447140.7154455,805775,worker_2,W007,DefineGrid,step_completed,success,3.7037037037037033,1,27
ExampleImagingFlowCytometryObjectsInGrid,4,12,1791447140.7161202,805775,worker_2,W007,IdentifyObjectsInGrid,step_started,started,3.7037037037037033,1,27
ExampleImagingFlowCytometryObjectsInGrid,4,12,1791447140.7290308,805776,worker_3,W004,MeasureObjectIntensityDistribution,pattern_group,running,100.0,1,1
ExampleImagingFlowCytometryObjectsInGrid,4,12,1791447140.730984,805776,worker_3,W004,MeasureObjectIntensityDistribution,step_completed,success,96.29629629629629,26,27
ExampleImagingFlowCytometryObjectsInGrid,4,12,1791447140.7425256,805776,worker_3,W004,pipeline,axis_completed,success,96.29629629629629,26,27
ExampleImagingFlowCytometryObjectsInGrid,4,12,1791447140.7426562,805776,worker_3,W008,pipeline,axis_started,started,0.0,0,27
ExampleImagingFlowCytometryObjectsInGrid,4,12,1791447140.745732,805776,worker_3,W008,DefineGrid,step_started,started,0.0,0,27
ExampleImagingFlowCytometryObjectsInGrid,4,12,1791447140.766807,805774,worker_1,W006,MeasureObjectIntensity,pattern_group,running,100.0,1,1
ExampleImagingFlowCytometryObjectsInGrid,4,12,1791447140.7679899,805774,worker_1,W006,MeasureObjectIntensity,step_completed,success,11.11111111111111,3,27
ExampleImagingFlowCytometryObjectsInGrid,4,12,1791447140.7715938,805774,worker_1,W006,FilterObjects,step_started,started,11.11111111111111,3,27
ExampleImagingFlowCytometryObjectsInGrid,4,12,1791447140.779302,805776,worker_3,W008,DefineGrid,pattern_group,running,100.0,1,1
ExampleImagingFlowCytometryObjectsInGrid,4,12,1791447140.7800825,805776,worker_3,W008,DefineGrid,step_completed,success,3.7037037037037033,1,27
ExampleImagingFlowCytometryObjectsInGrid,4,12,1791447140.7808847,805776,worker_3,W008,IdentifyObjectsInGrid,step_started,started,3.7037037037037033,1,27
ExampleImagingFlowCytometryObjectsInGrid,4,12,1791447140.8157296,805775,worker_2,W007,IdentifyObjectsInGrid,pattern_group,running,100.0,1,1
ExampleImagingFlowCytometryObjectsInGrid,4,12,1791447140.81659,805775,worker_2,W007,IdentifyObjectsInGrid,step_completed,success,7.4074074074074066,2,27
ExampleImagingFlowCytometryObjectsInGrid,4,12,1791447140.8178153,805775,worker_2,W007,MeasureObjectIntensity,step_started,started,7.4074074074074066,2,27
ExampleImagingFlowCytometryObjectsInGrid,4,12,1791447140.8952577,805776,worker_3,W008,IdentifyObjectsInGrid,pattern_group,running,100.0,1,1
ExampleImagingFlowCytometryObjectsInGrid,4,12,1791447140.895894,805776,worker_3,W008,IdentifyObjectsInGrid,step_completed,success,7.4074074074074066,2,27
ExampleImagingFlowCytometryObjectsInGrid,4,12,1791447140.8965683,805776,worker_3,W008,MeasureObjectIntensity,step_started,started,7.4074074074074066,2,27
ExampleImagingFlowCytometryObjectsInGrid,4,12,1791447140.902832,805774,worker_1,W006,FilterObjects,pattern_group,running,100.0,1,1
ExampleImagingFlowCytometryObjectsInGrid,4,12,1791447140.9038153,805774,worker_1,W006,FilterObjects,step_completed,success,14.814814814814813,4,27
ExampleImagingFlowCytometryObjectsInGrid,4,12,1791447140.9049313,805774,worker_1,W006,MaskImage,step_started,started,14.814814814814813,4,27
ExampleImagingFlowCytometryObjectsInGrid,4,12,1791447140.9332132,805774,worker_1,W006,MaskImage,pattern_group,running,100.0,1,1
ExampleImagingFlowCytometryObjectsInGrid,4,12,1791447140.9340787,805774,worker_1,W006,MaskImage,step_completed,success,18.51851851851852,5,27
ExampleImagingFlowCytometryObjectsInGrid,4,12,1791447140.9350963,805774,worker_1,W006,Smooth,step_started,started,18.51851851851852,5,27
ExampleImagingFlowCytometryObjectsInGrid,4,12,1791447140.9996815,805773,worker_0,W005,MeasureObjectIntensity,pattern_group,running,100.0,1,1
ExampleImagingFlowCytometryObjectsInGrid,4,12,1791447141.0007002,805773,worker_0,W005,MeasureObjectIntensity,step_completed,success,11.11111111111111,3,27
ExampleImagingFlowCytometryObjectsInGrid,4,12,1791447141.0028636,805773,worker_0,W005,FilterObjects,step_started,started,11.11111111111111,3,27
ExampleImagingFlowCytometryObjectsInGrid,4,12,1791447141.1247132,805773,worker_0,W005,FilterObjects,pattern_group,running,100.0,1,1
ExampleImagingFlowCytometryObjectsInGrid,4,12,1791447141.1255968,805773,worker_0,W005,FilterObjects,step_completed,success,14.814814814814813,4,27
ExampleImagingFlowCytometryObjectsInGrid,4,12,1791447141.126497,805773,worker_0,W005,MaskImage,step_started,started,14.814814814814813,4,27
ExampleImagingFlowCytometryObjectsInGrid,4,12,1791447141.1539135,805773,worker_0,W005,MaskImage,pattern_group,running,100.0,1,1
ExampleImagingFlowCytometryObjectsInGrid,4,12,1791447141.1543941,805773,worker_0,W005,MaskImage,step_completed,success,18.51851851851852,5,27
ExampleImagingFlowCytometryObjectsInGrid,4,12,1791447141.1553247,805773,worker_0,W005,Smooth,step_started,started,18.51851851851852,5,27
ExampleImagingFlowCytometryObjectsInGrid,4,12,1791447141.167305,805774,worker_1,W006,Smooth,pattern_group,running,100.0,1,1
ExampleImagingFlowCytometryObjectsInGrid,4,12,1791447141.167684,805774,worker_1,W006,Smooth,step_completed,success,22.22222222222222,6,27
ExampleImagingFlowCytometryObjectsInGrid,4,12,1791447141.1688914,805774,worker_1,W006,EnhanceEdges,step_started,started,22.22222222222222,6,27
ExampleImagingFlowCytometryObjectsInGrid,4,12,1791447141.209535,805774,worker_1,W006,EnhanceEdges,pattern_group,running,100.0,1,1
ExampleImagingFlowCytometryObjectsInGrid,4,12,1791447141.210126,805774,worker_1,W006,EnhanceEdges,step_completed,success,25.925925925925924,7,27
ExampleImagingFlowCytometryObjectsInGrid,4,12,1791447141.2110848,805774,worker_1,W006,Closing,step_started,started,25.925925925925924,7,27
ExampleImagingFlowCytometryObjectsInGrid,4,12,1791447141.3991146,805773,worker_0,W005,Smooth,pattern_group,running,100.0,1,1
ExampleImagingFlowCytometryObjectsInGrid,4,12,1791447141.3996234,805773,worker_0,W005,Smooth,step_completed,success,22.22222222222222,6,27
ExampleImagingFlowCytometryObjectsInGrid,4,12,1791447141.4004512,805773,worker_0,W005,EnhanceEdges,step_started,started,22.22222222222222,6,27
ExampleImagingFlowCytometryObjectsInGrid,4,12,1791447141.4433744,805773,worker_0,W005,EnhanceEdges,pattern_group,running,100.0,1,1
ExampleImagingFlowCytometryObjectsInGrid,4,12,1791447141.4436946,805773,worker_0,W005,EnhanceEdges,step_completed,success,25.925925925925924,7,27
ExampleImagingFlowCytometryObjectsInGrid,4,12,1791447141.444549,805773,worker_0,W005,Closing,step_started,started,25.925925925925924,7,27
ExampleImagingFlowCytometryObjectsInGrid,4,12,1791447141.476191,805775,worker_2,W007,MeasureObjectIntensity,pattern_group,running,100.0,1,1
ExampleImagingFlowCytometryObjectsInGrid,4,12,1791447141.4776084,805775,worker_2,W007,MeasureObjectIntensity,step_completed,success,11.11111111111111,3,27
ExampleImagingFlowCytometryObjectsInGrid,4,12,1791447141.480464,805775,worker_2,W007,FilterObjects,step_started,started,11.11111111111111,3,27
ExampleImagingFlowCytometryObjectsInGrid,4,12,1791447141.5626369,805776,worker_3,W008,MeasureObjectIntensity,pattern_group,running,100.0,1,1
ExampleImagingFlowCytometryObjectsInGrid,4,12,1791447141.56374,805776,worker_3,W008,MeasureObjectIntensity,step_completed,success,11.11111111111111,3,27
ExampleImagingFlowCytometryObjectsInGrid,4,12,1791447141.5663333,805776,worker_3,W008,FilterObjects,step_started,started,11.11111111111111,3,27
ExampleImagingFlowCytometryObjectsInGrid,4,12,1791447141.6420002,805775,worker_2,W007,FilterObjects,pattern_group,running,100.0,1,1
ExampleImagingFlowCytometryObjectsInGrid,4,12,1791447141.643378,805775,worker_2,W007,FilterObjects,step_completed,success,14.814814814814813,4,27
ExampleImagingFlowCytometryObjectsInGrid,4,12,1791447141.6452203,805775,worker_2,W007,MaskImage,step_started,started,14.814814814814813,4,27
ExampleImagingFlowCytometryObjectsInGrid,4,12,1791447141.6767178,805775,worker_2,W007,MaskImage,pattern_group,running,100.0,1,1
ExampleImagingFlowCytometryObjectsInGrid,4,12,1791447141.6771727,805775,worker_2,W007,MaskImage,step_completed,success,18.51851851851852,5,27
ExampleImagingFlowCytometryObjectsInGrid,4,12,1791447141.6780798,805775,worker_2,W007,Smooth,step_started,started,18.51851851851852,5,27
ExampleImagingFlowCytometryObjectsInGrid,4,12,1791447141.703326,805774,worker_1,W006,Closing,pattern_group,running,100.0,1,1
ExampleImagingFlowCytometryObjectsInGrid,4,12,1791447141.7044008,805774,worker_1,W006,Closing,step_completed,success,29.629629629629626,8,27
ExampleImagingFlowCytometryObjectsInGrid,4,12,1791447141.7055721,805774,worker_1,W006,IdentifyPrimaryObjects,step_started,started,29.629629629629626,8,27
ExampleImagingFlowCytometryObjectsInGrid,4,12,1791447141.7507339,805776,worker_3,W008,FilterObjects,pattern_group,running,100.0,1,1
ExampleImagingFlowCytometryObjectsInGrid,4,12,1791447141.752074,805776,worker_3,W008,FilterObjects,step_completed,success,14.814814814814813,4,27
ExampleImagingFlowCytometryObjectsInGrid,4,12,1791447141.7533894,805776,worker_3,W008,MaskImage,step_started,started,14.814814814814813,4,27
ExampleImagingFlowCytometryObjectsInGrid,4,12,1791447141.7897873,805776,worker_3,W008,MaskImage,pattern_group,running,100.0,1,1
ExampleImagingFlowCytometryObjectsInGrid,4,12,1791447141.7905996,805776,worker_3,W008,MaskImage,step_completed,success,18.51851851851852,5,27
ExampleImagingFlowCytometryObjectsInGrid,4,12,1791447141.7914753,805776,worker_3,W008,Smooth,step_started,started,18.51851851851852,5,27
ExampleImagingFlowCytometryObjectsInGrid,4,12,1791447141.94812,805775,worker_2,W007,Smooth,pattern_group,running,100.0,1,1
ExampleImagingFlowCytometryObjectsInGrid,4,12,1791447141.9487572,805775,worker_2,W007,Smooth,step_completed,success,22.22222222222222,6,27
ExampleImagingFlowCytometryObjectsInGrid,4,12,1791447141.9497287,805775,worker_2,W007,EnhanceEdges,step_started,started,22.22222222222222,6,27
ExampleImagingFlowCytometryObjectsInGrid,4,12,1791447141.992192,805775,worker_2,W007,EnhanceEdges,pattern_group,running,100.0,1,1
ExampleImagingFlowCytometryObjectsInGrid,4,12,1791447141.9926522,805775,worker_2,W007,EnhanceEdges,step_completed,success,25.925925925925924,7,27
ExampleImagingFlowCytometryObjectsInGrid,4,12,1791447141.993462,805775,worker_2,W007,Closing,step_started,started,25.925925925925924,7,27
ExampleImagingFlowCytometryObjectsInGrid,4,12,1791447141.9954515,805773,worker_0,W005,Closing,pattern_group,running,100.0,1,1
ExampleImagingFlowCytometryObjectsInGrid,4,12,1791447141.9960666,805773,worker_0,W005,Closing,step_completed,success,29.629629629629626,8,27
ExampleImagingFlowCytometryObjectsInGrid,4,12,1791447141.9970515,805773,worker_0,W005,IdentifyPrimaryObjects,step_started,started,29.629629629629626,8,27
ExampleImagingFlowCytometryObjectsInGrid,4,12,1791447142.050492,805776,worker_3,W008,Smooth,pattern_group,running,100.0,1,1
ExampleImagingFlowCytometryObjectsInGrid,4,12,1791447142.0509703,805776,worker_3,W008,Smooth,step_completed,success,22.22222222222222,6,27
ExampleImagingFlowCytometryObjectsInGrid,4,12,1791447142.0517557,805776,worker_3,W008,EnhanceEdges,step_started,started,22.22222222222222,6,27
ExampleImagingFlowCytometryObjectsInGrid,4,12,1791447142.095652,805776,worker_3,W008,EnhanceEdges,pattern_group,running,100.0,1,1
ExampleImagingFlowCytometryObjectsInGrid,4,12,1791447142.0960627,805776,worker_3,W008,EnhanceEdges,step_completed,success,25.925925925925924,7,27
ExampleImagingFlowCytometryObjectsInGrid,4,12,1791447142.0968175,805776,worker_3,W008,Closing,step_started,started,25.925925925925924,7,27
ExampleImagingFlowCytometryObjectsInGrid,4,12,1791447142.5307627,805775,worker_2,W007,Closing,pattern_group,running,100.0,1,1
ExampleImagingFlowCytometryObjectsInGrid,4,12,1791447142.5310626,805775,worker_2,W007,Closing,step_completed,success,29.629629629629626,8,27
ExampleImagingFlowCytometryObjectsInGrid,4,12,1791447142.5319567,805775,worker_2,W007,IdentifyPrimaryObjects,step_started,started,29.629629629629626,8,27
ExampleImagingFlowCytometryObjectsInGrid,4,12,1791447142.6738565,805776,worker_3,W008,Closing,pattern_group,running,100.0,1,1
ExampleImagingFlowCytometryObjectsInGrid,4,12,1791447142.6743839,805776,worker_3,W008,Closing,step_completed,success,29.629629629629626,8,27
ExampleImagingFlowCytometryObjectsInGrid,4,12,1791447142.6752477,805776,worker_3,W008,IdentifyPrimaryObjects,step_started,started,29.629629629629626,8,27
ExampleImagingFlowCytometryObjectsInGrid,4,12,1791447142.6937609,805774,worker_1,W006,IdentifyPrimaryObjects,pattern_group,running,100.0,1,1
ExampleImagingFlowCytometryObjectsInGrid,4,12,1791447142.694701,805774,worker_1,W006,IdentifyPrimaryObjects,step_completed,success,33.33333333333333,9,27
ExampleImagingFlowCytometryObjectsInGrid,4,12,1791447142.6960084,805774,worker_1,W006,MeasureObjectSizeShape,step_started,started,33.33333333333333,9,27
ExampleImagingFlowCytometryObjectsInGrid,4,12,1791447142.888496,805774,worker_1,W006,MeasureObjectSizeShape,pattern_group,running,100.0,1,1
ExampleImagingFlowCytometryObjectsInGrid,4,12,1791447142.8895924,805774,worker_1,W006,MeasureObjectSizeShape,step_completed,success,37.03703703703704,10,27
ExampleImagingFlowCytometryObjectsInGrid,4,12,1791447142.8905091,805774,worker_1,W006,FilterObjects,step_started,started,37.03703703703704,10,27
ExampleImagingFlowCytometryObjectsInGrid,4,12,1791447143.0015972,805774,worker_1,W006,FilterObjects,pattern_group,running,100.0,1,1
ExampleImagingFlowCytometryObjectsInGrid,4,12,1791447143.0024137,805774,worker_1,W006,FilterObjects,step_completed,success,40.74074074074074,11,27
ExampleImagingFlowCytometryObjectsInGrid,4,12,1791447143.0128443,805774,worker_1,W006,MeasureObjectSizeShape,step_started,started,40.74074074074074,11,27
ExampleImagingFlowCytometryObjectsInGrid,4,12,1791447143.0152862,805773,worker_0,W005,IdentifyPrimaryObjects,pattern_group,running,100.0,1,1
ExampleImagingFlowCytometryObjectsInGrid,4,12,1791447143.0164168,805773,worker_0,W005,IdentifyPrimaryObjects,step_completed,success,33.33333333333333,9,27
ExampleImagingFlowCytometryObjectsInGrid,4,12,1791447143.0176682,805773,worker_0,W005,MeasureObjectSizeShape,step_started,started,33.33333333333333,9,27
ExampleImagingFlowCytometryObjectsInGrid,4,12,1791447143.1999946,805774,worker_1,W006,MeasureObjectSizeShape,pattern_group,running,100.0,1,1
ExampleImagingFlowCytometryObjectsInGrid,4,12,1791447143.2011483,805774,worker_1,W006,MeasureObjectSizeShape,step_completed,success,44.44444444444444,12,27
ExampleImagingFlowCytometryObjectsInGrid,4,12,1791447143.2021432,805774,worker_1,W006,ExpandOrShrinkObjects,step_started,started,44.44444444444444,12,27
ExampleImagingFlowCytometryObjectsInGrid,4,12,1791447143.2228634,805773,worker_0,W005,MeasureObjectSizeShape,pattern_group,running,100.0,1,1
ExampleImagingFlowCytometryObjectsInGrid,4,12,1791447143.2247972,805773,worker_0,W005,MeasureObjectSizeShape,step_completed,success,37.03703703703704,10,27
ExampleImagingFlowCytometryObjectsInGrid,4,12,1791447143.2272651,805773,worker_0,W005,FilterObjects,step_started,started,37.03703703703704,10,27
ExampleImagingFlowCytometryObjectsInGrid,4,12,1791447143.3694272,805773,worker_0,W005,FilterObjects,pattern_group,running,100.0,1,1
ExampleImagingFlowCytometryObjectsInGrid,4,12,1791447143.370405,805773,worker_0,W005,FilterObjects,step_completed,success,40.74074074074074,11,27
ExampleImagingFlowCytometryObjectsInGrid,4,12,1791447143.3712304,805774,worker_1,W006,ExpandOrShrinkObjects,pattern_group,running,100.0,1,1
ExampleImagingFlowCytometryObjectsInGrid,4,12,1791447143.3718514,805774,worker_1,W006,ExpandOrShrinkObjects,step_completed,success,48.148148148148145,13,27
ExampleImagingFlowCytometryObjectsInGrid,4,12,1791447143.3726666,805774,worker_1,W006,RelateObjects,step_started,started,48.148148148148145,13,27
ExampleImagingFlowCytometryObjectsInGrid,4,12,1791447143.377889,805773,worker_0,W005,MeasureObjectSizeShape,step_started,started,40.74074074074074,11,27
ExampleImagingFlowCytometryObjectsInGrid,4,12,1791447143.4457588,805774,worker_1,W006,RelateObjects,pattern_group,running,100.0,1,1
ExampleImagingFlowCytometryObjectsInGrid,4,12,1791447143.446723,805774,worker_1,W006,RelateObjects,step_completed,success,51.85185185185185,14,27
ExampleImagingFlowCytometryObjectsInGrid,4,12,1791447143.4479303,805774,worker_1,W006,FilterObjects,step_started,started,51.85185185185185,14,27
ExampleImagingFlowCytometryObjectsInGrid,4,12,1791447143.455121,805775,worker_2,W007,IdentifyPrimaryObjects,pattern_group,running,100.0,1,1
ExampleImagingFlowCytometryObjectsInGrid,4,12,1791447143.456174,805775,worker_2,W007,IdentifyPrimaryObjects,step_completed,success,33.33333333333333,9,27
ExampleImagingFlowCytometryObjectsInGrid,4,12,1791447143.4577131,805775,worker_2,W007,MeasureObjectSizeShape,step_started,started,33.33333333333333,9,27
ExampleImagingFlowCytometryObjectsInGrid,4,12,1791447143.5887952,805773,worker_0,W005,MeasureObjectSizeShape,pattern_group,running,100.0,1,1
ExampleImagingFlowCytometryObjectsInGrid,4,12,1791447143.5906258,805773,worker_0,W005,MeasureObjectSizeShape,step_completed,success,44.44444444444444,12,27
ExampleImagingFlowCytometryObjectsInGrid,4,12,1791447143.5916133,805773,worker_0,W005,ExpandOrShrinkObjects,step_started,started,44.44444444444444,12,27
ExampleImagingFlowCytometryObjectsInGrid,4,12,1791447143.630006,805776,worker_3,W008,IdentifyPrimaryObjects,pattern_group,running,100.0,1,1
ExampleImagingFlowCytometryObjectsInGrid,4,12,1791447143.6310127,805776,worker_3,W008,IdentifyPrimaryObjects,step_completed,success,33.33333333333333,9,27
ExampleImagingFlowCytometryObjectsInGrid,4,12,1791447143.6322868,805776,worker_3,W008,MeasureObjectSizeShape,step_started,started,33.33333333333333,9,27
ExampleImagingFlowCytometryObjectsInGrid,4,12,1791447143.6648264,805775,worker_2,W007,MeasureObjectSizeShape,pattern_group,running,100.0,1,1
ExampleImagingFlowCytometryObjectsInGrid,4,12,1791447143.6662445,805775,worker_2,W007,MeasureObjectSizeShape,step_completed,success,37.03703703703704,10,27
ExampleImagingFlowCytometryObjectsInGrid,4,12,1791447143.667511,805775,worker_2,W007,FilterObjects,step_started,started,37.03703703703704,10,27
ExampleImagingFlowCytometryObjectsInGrid,4,12,1791447143.7567792,805773,worker_0,W005,ExpandOrShrinkObjects,pattern_group,running,100.0,1,1
ExampleImagingFlowCytometryObjectsInGrid,4,12,1791447143.7574825,805773,worker_0,W005,ExpandOrShrinkObjects,step_completed,success,48.148148148148145,13,27
ExampleImagingFlowCytometryObjectsInGrid,4,12,1791447143.758403,805773,worker_0,W005,RelateObjects,step_started,started,48.148148148148145,13,27
ExampleImagingFlowCytometryObjectsInGrid,4,12,1791447143.781937,805775,worker_2,W007,FilterObjects,pattern_group,running,100.0,1,1
ExampleImagingFlowCytometryObjectsInGrid,4,12,1791447143.782889,805775,worker_2,W007,FilterObjects,step_completed,success,40.74074074074074,11,27
ExampleImagingFlowCytometryObjectsInGrid,4,12,1791447143.7910137,805775,worker_2,W007,MeasureObjectSizeShape,step_started,started,40.74074074074074,11,27
ExampleImagingFlowCytometryObjectsInGrid,4,12,1791447143.8202085,805773,worker_0,W005,RelateObjects,pattern_group,running,100.0,1,1
ExampleImagingFlowCytometryObjectsInGrid,4,12,1791447143.8209038,805773,worker_0,W005,RelateObjects,step_completed,success,51.85185185185185,14,27
ExampleImagingFlowCytometryObjectsInGrid,4,12,1791447143.8216848,805773,worker_0,W005,FilterObjects,step_started,started,51.85185185185185,14,27
ExampleImagingFlowCytometryObjectsInGrid,4,12,1791447143.8626916,805776,worker_3,W008,MeasureObjectSizeShape,pattern_group,running,100.0,1,1
ExampleImagingFlowCytometryObjectsInGrid,4,12,1791447143.864227,805776,worker_3,W008,MeasureObjectSizeShape,step_completed,success,37.03703703703704,10,27
ExampleImagingFlowCytometryObjectsInGrid,4,12,1791447143.8654048,805776,worker_3,W008,FilterObjects,step_started,started,37.03703703703704,10,27
ExampleImagingFlowCytometryObjectsInGrid,4,12,1791447144.0269747,805775,worker_2,W007,MeasureObjectSizeShape,pattern_group,running,100.0,1,1
ExampleImagingFlowCytometryObjectsInGrid,4,12,1791447144.0284257,805775,worker_2,W007,MeasureObjectSizeShape,step_completed,success,44.44444444444444,12,27
ExampleImagingFlowCytometryObjectsInGrid,4,12,1791447144.0296533,805775,worker_2,W007,ExpandOrShrinkObjects,step_started,started,44.44444444444444,12,27
ExampleImagingFlowCytometryObjectsInGrid,4,12,1791447144.0485995,805776,worker_3,W008,FilterObjects,pattern_group,running,100.0,1,1
ExampleImagingFlowCytometryObjectsInGrid,4,12,1791447144.0506213,805776,worker_3,W008,FilterObjects,step_completed,success,40.74074074074074,11,27
ExampleImagingFlowCytometryObjectsInGrid,4,12,1791447144.0598905,805776,worker_3,W008,MeasureObjectSizeShape,step_started,started,40.74074074074074,11,27
ExampleImagingFlowCytometryObjectsInGrid,4,12,1791447144.186459,805775,worker_2,W007,ExpandOrShrinkObjects,pattern_group,running,100.0,1,1
ExampleImagingFlowCytometryObjectsInGrid,4,12,1791447144.1871808,805775,worker_2,W007,ExpandOrShrinkObjects,step_completed,success,48.148148148148145,13,27
ExampleImagingFlowCytometryObjectsInGrid,4,12,1791447144.188045,805775,worker_2,W007,RelateObjects,step_started,started,48.148148148148145,13,27
ExampleImagingFlowCytometryObjectsInGrid,4,12,1791447144.2082794,805774,worker_1,W006,FilterObjects,pattern_group,running,100.0,1,1
ExampleImagingFlowCytometryObjectsInGrid,4,12,1791447144.2094057,805774,worker_1,W006,FilterObjects,step_completed,success,55.55555555555556,15,27
ExampleImagingFlowCytometryObjectsInGrid,4,12,1791447144.2112854,805774,worker_1,W006,IdentifyObjectsInGrid,step_started,started,55.55555555555556,15,27
ExampleImagingFlowCytometryObjectsInGrid,4,12,1791447144.2499607,805775,worker_2,W007,RelateObjects,pattern_group,running,100.0,1,1
ExampleImagingFlowCytometryObjectsInGrid,4,12,1791447144.2508597,805775,worker_2,W007,RelateObjects,step_completed,success,51.85185185185185,14,27
ExampleImagingFlowCytometryObjectsInGrid,4,12,1791447144.2517517,805775,worker_2,W007,FilterObjects,step_started,started,51.85185185185185,14,27
ExampleImagingFlowCytometryObjectsInGrid,4,12,1791447144.2771657,805776,worker_3,W008,MeasureObjectSizeShape,pattern_group,running,100.0,1,1
ExampleImagingFlowCytometryObjectsInGrid,4,12,1791447144.2788842,805776,worker_3,W008,MeasureObjectSizeShape,step_completed,success,44.44444444444444,12,27
ExampleImagingFlowCytometryObjectsInGrid,4,12,1791447144.2802563,805776,worker_3,W008,ExpandOrShrinkObjects,step_started,started,44.44444444444444,12,27
ExampleImagingFlowCytometryObjectsInGrid,4,12,1791447144.318388,805774,worker_1,W006,IdentifyObjectsInGrid,pattern_group,running,100.0,1,1
ExampleImagingFlowCytometryObjectsInGrid,4,12,1791447144.3195283,805774,worker_1,W006,IdentifyObjectsInGrid,step_completed,success,59.25925925925925,16,27
ExampleImagingFlowCytometryObjectsInGrid,4,12,1791447144.328867,805774,worker_1,W006,ExpandOrShrinkObjects,step_started,started,59.25925925925925,16,27
ExampleImagingFlowCytometryObjectsInGrid,4,12,1791447144.5086107,805776,worker_3,W008,ExpandOrShrinkObjects,pattern_group,running,100.0,1,1
ExampleImagingFlowCytometryObjectsInGrid,4,12,1791447144.5097024,805776,worker_3,W008,ExpandOrShrinkObjects,step_completed,success,48.148148148148145,13,27
ExampleImagingFlowCytometryObjectsInGrid,4,12,1791447144.511499,805776,worker_3,W008,RelateObjects,step_started,started,48.148148148148145,13,27
ExampleImagingFlowCytometryObjectsInGrid,4,12,1791447144.598256,805776,worker_3,W008,RelateObjects,pattern_group,running,100.0,1,1
ExampleImagingFlowCytometryObjectsInGrid,4,12,1791447144.5992835,805776,worker_3,W008,RelateObjects,step_completed,success,51.85185185185185,14,27
ExampleImagingFlowCytometryObjectsInGrid,4,12,1791447144.6002057,805776,worker_3,W008,FilterObjects,step_started,started,51.85185185185185,14,27
ExampleImagingFlowCytometryObjectsInGrid,4,12,1791447144.681041,805773,worker_0,W005,FilterObjects,pattern_group,running,100.0,1,1
ExampleImagingFlowCytometryObjectsInGrid,4,12,1791447144.6819344,805773,worker_0,W005,FilterObjects,step_completed,success,55.55555555555556,15,27
ExampleImagingFlowCytometryObjectsInGrid,4,12,1791447144.6830685,805773,worker_0,W005,IdentifyObjectsInGrid,step_started,started,55.55555555555556,15,27
ExampleImagingFlowCytometryObjectsInGrid,4,12,1791447144.815457,805774,worker_1,W006,ExpandOrShrinkObjects,pattern_group,running,100.0,1,1
ExampleImagingFlowCytometryObjectsInGrid,4,12,1791447144.816464,805774,worker_1,W006,ExpandOrShrinkObjects,step_completed,success,62.96296296296296,17,27
ExampleImagingFlowCytometryObjectsInGrid,4,12,1791447144.8174384,805774,worker_1,W006,OverlayOutlines,step_started,started,62.96296296296296,17,27
ExampleImagingFlowCytometryObjectsInGrid,4,12,1791447144.8598156,805773,worker_0,W005,IdentifyObjectsInGrid,pattern_group,running,100.0,1,1
ExampleImagingFlowCytometryObjectsInGrid,4,12,1791447144.8608718,805773,worker_0,W005,IdentifyObjectsInGrid,step_completed,success,59.25925925925925,16,27
ExampleImagingFlowCytometryObjectsInGrid,4,12,1791447144.8620937,805773,worker_0,W005,ExpandOrShrinkObjects,step_started,started,59.25925925925925,16,27
ExampleImagingFlowCytometryObjectsInGrid,4,12,1791447145.014923,805774,worker_1,W006,OverlayOutlines,pattern_group,running,100.0,1,1
ExampleImagingFlowCytometryObjectsInGrid,4,12,1791447145.0154097,805774,worker_1,W006,OverlayOutlines,step_completed,success,66.66666666666666,18,27
ExampleImagingFlowCytometryObjectsInGrid,4,12,1791447145.022152,805774,worker_1,W006,MeasureObjectSizeShape,step_started,started,66.66666666666666,18,27
ExampleImagingFlowCytometryObjectsInGrid,4,12,1791447145.1310766,805775,worker_2,W007,FilterObjects,pattern_group,running,100.0,1,1
ExampleImagingFlowCytometryObjectsInGrid,4,12,1791447145.1321661,805775,worker_2,W007,FilterObjects,step_completed,success,55.55555555555556,15,27
ExampleImagingFlowCytometryObjectsInGrid,4,12,1791447145.1335812,805775,worker_2,W007,IdentifyObjectsInGrid,step_started,started,55.55555555555556,15,27
ExampleImagingFlowCytometryObjectsInGrid,4,12,1791447145.2341897,805773,worker_0,W005,ExpandOrShrinkObjects,pattern_group,running,100.0,1,1
ExampleImagingFlowCytometryObjectsInGrid,4,12,1791447145.2354643,805773,worker_0,W005,ExpandOrShrinkObjects,step_completed,success,62.96296296296296,17,27
ExampleImagingFlowCytometryObjectsInGrid,4,12,1791447145.2371361,805773,worker_0,W005,OverlayOutlines,step_started,started,62.96296296296296,17,27
ExampleImagingFlowCytometryObjectsInGrid,4,12,1791447145.2697685,805775,worker_2,W007,IdentifyObjectsInGrid,pattern_group,running,100.0,1,1
ExampleImagingFlowCytometryObjectsInGrid,4,12,1791447145.2712445,805775,worker_2,W007,IdentifyObjectsInGrid,step_completed,success,59.25925925925925,16,27
ExampleImagingFlowCytometryObjectsInGrid,4,12,1791447145.2813377,805775,worker_2,W007,ExpandOrShrinkObjects,step_started,started,59.25925925925925,16,27
ExampleImagingFlowCytometryObjectsInGrid,4,12,1791447145.414065,805773,worker_0,W005,OverlayOutlines,pattern_group,running,100.0,1,1
ExampleImagingFlowCytometryObjectsInGrid,4,12,1791447145.414825,805773,worker_0,W005,OverlayOutlines,step_completed,success,66.66666666666666,18,27
ExampleImagingFlowCytometryObjectsInGrid,4,12,1791447145.415598,805774,worker_1,W006,MeasureObjectSizeShape,pattern_group,running,100.0,1,1
ExampleImagingFlowCytometryObjectsInGrid,4,12,1791447145.4174569,805774,worker_1,W006,MeasureObjectSizeShape,step_completed,success,70.37037037037037,19,27
ExampleImagingFlowCytometryObjectsInGrid,4,12,1791447145.418845,805774,worker_1,W006,MeasureGranularity,step_started,started,70.37037037037037,19,27
ExampleImagingFlowCytometryObjectsInGrid,4,12,1791447145.4215934,805776,worker_3,W008,FilterObjects,pattern_group,running,100.0,1,1
ExampleImagingFlowCytometryObjectsInGrid,4,12,1791447145.422597,805776,worker_3,W008,FilterObjects,step_completed,success,55.55555555555556,15,27
ExampleImagingFlowCytometryObjectsInGrid,4,12,1791447145.4240127,805776,worker_3,W008,IdentifyObjectsInGrid,step_started,started,55.55555555555556,15,27
ExampleImagingFlowCytometryObjectsInGrid,4,12,1791447145.4247923,805773,worker_0,W005,MeasureObjectSizeShape,step_started,started,66.66666666666666,18,27
ExampleImagingFlowCytometryObjectsInGrid,4,12,1791447145.5441735,805776,worker_3,W008,IdentifyObjectsInGrid,pattern_group,running,100.0,1,1
ExampleImagingFlowCytometryObjectsInGrid,4,12,1791447145.546283,805776,worker_3,W008,IdentifyObjectsInGrid,step_completed,success,59.25925925925925,16,27
ExampleImagingFlowCytometryObjectsInGrid,4,12,1791447145.5571747,805776,worker_3,W008,ExpandOrShrinkObjects,step_started,started,59.25925925925925,16,27
ExampleImagingFlowCytometryObjectsInGrid,4,12,1791447145.7042625,805775,worker_2,W007,ExpandOrShrinkObjects,pattern_group,running,100.0,1,1
ExampleImagingFlowCytometryObjectsInGrid,4,12,1791447145.705106,805775,worker_2,W007,ExpandOrShrinkObjects,step_completed,success,62.96296296296296,17,27
ExampleImagingFlowCytometryObjectsInGrid,4,12,1791447145.7058783,805775,worker_2,W007,OverlayOutlines,step_started,started,62.96296296296296,17,27
ExampleImagingFlowCytometryObjectsInGrid,4,12,1791447145.813632,805773,worker_0,W005,MeasureObjectSizeShape,pattern_group,running,100.0,1,1
ExampleImagingFlowCytometryObjectsInGrid,4,12,1791447145.8151867,805773,worker_0,W005,MeasureObjectSizeShape,step_completed,success,70.37037037037037,19,27
ExampleImagingFlowCytometryObjectsInGrid,4,12,1791447145.8183012,805773,worker_0,W005,MeasureGranularity,step_started,started,70.37037037037037,19,27
ExampleImagingFlowCytometryObjectsInGrid,4,12,1791447145.8831031,805775,worker_2,W007,OverlayOutlines,pattern_group,running,100.0,1,1
ExampleImagingFlowCytometryObjectsInGrid,4,12,1791447145.8838706,805775,worker_2,W007,OverlayOutlines,step_completed,success,66.66666666666666,18,27
ExampleImagingFlowCytometryObjectsInGrid,4,12,1791447145.8919017,805775,worker_2,W007,MeasureObjectSizeShape,step_started,started,66.66666666666666,18,27
ExampleImagingFlowCytometryObjectsInGrid,4,12,1791447145.926096,805774,worker_1,W006,MeasureGranularity,pattern_group,running,100.0,1,1
ExampleImagingFlowCytometryObjectsInGrid,4,12,1791447145.9273236,805774,worker_1,W006,MeasureGranularity,step_completed,success,74.07407407407408,20,27
ExampleImagingFlowCytometryObjectsInGrid,4,12,1791447145.9280918,805774,worker_1,W006,MeasureTexture,step_started,started,74.07407407407408,20,27
ExampleImagingFlowCytometryObjectsInGrid,4,12,1791447145.9459682,805776,worker_3,W008,ExpandOrShrinkObjects,pattern_group,running,100.0,1,1
ExampleImagingFlowCytometryObjectsInGrid,4,12,1791447145.9471028,805776,worker_3,W008,ExpandOrShrinkObjects,step_completed,success,62.96296296296296,17,27
ExampleImagingFlowCytometryObjectsInGrid,4,12,1791447145.9483547,805776,worker_3,W008,OverlayOutlines,step_started,started,62.96296296296296,17,27
ExampleImagingFlowCytometryObjectsInGrid,4,12,1791447146.1197147,805776,worker_3,W008,OverlayOutlines,pattern_group,running,100.0,1,1
ExampleImagingFlowCytometryObjectsInGrid,4,12,1791447146.1201427,805776,worker_3,W008,OverlayOutlines,step_completed,success,66.66666666666666,18,27
ExampleImagingFlowCytometryObjectsInGrid,4,12,1791447146.1261332,805776,worker_3,W008,MeasureObjectSizeShape,step_started,started,66.66666666666666,18,27
ExampleImagingFlowCytometryObjectsInGrid,4,12,1791447146.2562304,805775,worker_2,W007,MeasureObjectSizeShape,pattern_group,running,100.0,1,1
ExampleImagingFlowCytometryObjectsInGrid,4,12,1791447146.257727,805775,worker_2,W007,MeasureObjectSizeShape,step_completed,success,70.37037037037037,19,27
ExampleImagingFlowCytometryObjectsInGrid,4,12,1791447146.2588484,805775,worker_2,W007,MeasureGranularity,step_started,started,70.37037037037037,19,27
ExampleImagingFlowCytometryObjectsInGrid,4,12,1791447146.2636964,805773,worker_0,W005,MeasureGranularity,pattern_group,running,100.0,1,1
ExampleImagingFlowCytometryObjectsInGrid,4,12,1791447146.2649257,805773,worker_0,W005,MeasureGranularity,step_completed,success,74.07407407407408,20,27
ExampleImagingFlowCytometryObjectsInGrid,4,12,1791447146.2670705,805773,worker_0,W005,MeasureTexture,step_started,started,74.07407407407408,20,27
ExampleImagingFlowCytometryObjectsInGrid,4,12,1791447146.46879,805776,worker_3,W008,MeasureObjectSizeShape,pattern_group,running,100.0,1,1
ExampleImagingFlowCytometryObjectsInGrid,4,12,1791447146.470405,805776,worker_3,W008,MeasureObjectSizeShape,step_completed,success,70.37037037037037,19,27
ExampleImagingFlowCytometryObjectsInGrid,4,12,1791447146.471545,805776,worker_3,W008,MeasureGranularity,step_started,started,70.37037037037037,19,27
ExampleImagingFlowCytometryObjectsInGrid,4,12,1791447146.517832,805774,worker_1,W006,MeasureTexture,pattern_group,running,100.0,1,1
ExampleImagingFlowCytometryObjectsInGrid,4,12,1791447146.5198703,805774,worker_1,W006,MeasureTexture,step_completed,success,77.77777777777779,21,27
ExampleImagingFlowCytometryObjectsInGrid,4,12,1791447146.52084,805774,worker_1,W006,MeasureTexture,step_started,started,77.77777777777779,21,27
ExampleImagingFlowCytometryObjectsInGrid,4,12,1791447146.6822326,805775,worker_2,W007,MeasureGranularity,pattern_group,running,100.0,1,1
ExampleImagingFlowCytometryObjectsInGrid,4,12,1791447146.6832466,805775,worker_2,W007,MeasureGranularity,step_completed,success,74.07407407407408,20,27
ExampleImagingFlowCytometryObjectsInGrid,4,12,1791447146.6841247,805775,worker_2,W007,MeasureTexture,step_started,started,74.07407407407408,20,27
ExampleImagingFlowCytometryObjectsInGrid,4,12,1791447146.7911122,805774,worker_1,W006,MeasureTexture,pattern_group,running,100.0,1,1
ExampleImagingFlowCytometryObjectsInGrid,4,12,1791447146.7921731,805774,worker_1,W006,MeasureTexture,step_completed,success,81.48148148148148,22,27
ExampleImagingFlowCytometryObjectsInGrid,4,12,1791447146.793155,805774,worker_1,W006,MeasureObjectIntensity,step_started,started,81.48148148148148,22,27
ExampleImagingFlowCytometryObjectsInGrid,4,12,1791447146.912569,805776,worker_3,W008,MeasureGranularity,pattern_group,running,100.0,1,1
ExampleImagingFlowCytometryObjectsInGrid,4,12,1791447146.913578,805776,worker_3,W008,MeasureGranularity,step_completed,success,74.07407407407408,20,27
ExampleImagingFlowCytometryObjectsInGrid,4,12,1791447146.9145722,805776,worker_3,W008,MeasureTexture,step_started,started,74.07407407407408,20,27
ExampleImagingFlowCytometryObjectsInGrid,4,12,1791447147.055258,805774,worker_1,W006,MeasureObjectIntensity,pattern_group,running,100.0,1,1
ExampleImagingFlowCytometryObjectsInGrid,4,12,1791447147.0568109,805774,worker_1,W006,MeasureObjectIntensity,step_completed,success,85.18518518518519,23,27
ExampleImagingFlowCytometryObjectsInGrid,4,12,1791447147.0578218,805774,worker_1,W006,MeasureObjectIntensity,step_started,started,85.18518518518519,23,27
ExampleImagingFlowCytometryObjectsInGrid,4,12,1791447147.1286683,805773,worker_0,W005,MeasureTexture,pattern_group,running,100.0,1,1
ExampleImagingFlowCytometryObjectsInGrid,4,12,1791447147.1304617,805773,worker_0,W005,MeasureTexture,step_completed,success,77.77777777777779,21,27
ExampleImagingFlowCytometryObjectsInGrid,4,12,1791447147.132948,805773,worker_0,W005,MeasureTexture,step_started,started,77.77777777777779,21,27
ExampleImagingFlowCytometryObjectsInGrid,4,12,1791447147.255403,805774,worker_1,W006,MeasureObjectIntensity,pattern_group,running,100.0,1,1
ExampleImagingFlowCytometryObjectsInGrid,4,12,1791447147.2568269,805774,worker_1,W006,MeasureObjectIntensity,step_completed,success,88.88888888888889,24,27
ExampleImagingFlowCytometryObjectsInGrid,4,12,1791447147.2614117,805774,worker_1,W006,MeasureObjectIntensityDistribution,step_started,started,88.88888888888889,24,27
ExampleImagingFlowCytometryObjectsInGrid,4,12,1791447147.430811,805773,worker_0,W005,MeasureTexture,pattern_group,running,100.0,1,1
ExampleImagingFlowCytometryObjectsInGrid,4,12,1791447147.4318511,805773,worker_0,W005,MeasureTexture,step_completed,success,81.48148148148148,22,27
ExampleImagingFlowCytometryObjectsInGrid,4,12,1791447147.4327755,805773,worker_0,W005,MeasureObjectIntensity,step_started,started,81.48148148148148,22,27
ExampleImagingFlowCytometryObjectsInGrid,4,12,1791447147.5441039,805775,worker_2,W007,MeasureTexture,pattern_group,running,100.0,1,1
ExampleImagingFlowCytometryObjectsInGrid,4,12,1791447147.5457685,805775,worker_2,W007,MeasureTexture,step_completed,success,77.77777777777779,21,27
ExampleImagingFlowCytometryObjectsInGrid,4,12,1791447147.5468488,805775,worker_2,W007,MeasureTexture,step_started,started,77.77777777777779,21,27
ExampleImagingFlowCytometryObjectsInGrid,4,12,1791447147.5918965,805774,worker_1,W006,MeasureObjectIntensityDistribution,pattern_group,running,100.0,1,1
ExampleImagingFlowCytometryObjectsInGrid,4,12,1791447147.5953572,805774,worker_1,W006,MeasureObjectIntensityDistribution,step_completed,success,92.5925925925926,25,27
ExampleImagingFlowCytometryObjectsInGrid,4,12,1791447147.5970116,805774,worker_1,W006,MeasureObjectIntensityDistribution,step_started,started,92.5925925925926,25,27
ExampleImagingFlowCytometryObjectsInGrid,4,12,1791447147.6927867,805773,worker_0,W005,MeasureObjectIntensity,pattern_group,running,100.0,1,1
ExampleImagingFlowCytometryObjectsInGrid,4,12,1791447147.694265,805773,worker_0,W005,MeasureObjectIntensity,step_completed,success,85.18518518518519,23,27
ExampleImagingFlowCytometryObjectsInGrid,4,12,1791447147.6953876,805773,worker_0,W005,MeasureObjectIntensity,step_started,started,85.18518518518519,23,27
ExampleImagingFlowCytometryObjectsInGrid,4,12,1791447147.7662482,805776,worker_3,W008,MeasureTexture,pattern_group,running,100.0,1,1
ExampleImagingFlowCytometryObjectsInGrid,4,12,1791447147.7679007,805776,worker_3,W008,MeasureTexture,step_completed,success,77.77777777777779,21,27
ExampleImagingFlowCytometryObjectsInGrid,4,12,1791447147.768929,805776,worker_3,W008,MeasureTexture,step_started,started,77.77777777777779,21,27
ExampleImagingFlowCytometryObjectsInGrid,4,12,1791447147.856403,805775,worker_2,W007,MeasureTexture,pattern_group,running,100.0,1,1
ExampleImagingFlowCytometryObjectsInGrid,4,12,1791447147.857524,805775,worker_2,W007,MeasureTexture,step_completed,success,81.48148148148148,22,27
ExampleImagingFlowCytometryObjectsInGrid,4,12,1791447147.8592916,805775,worker_2,W007,MeasureObjectIntensity,step_started,started,81.48148148148148,22,27
ExampleImagingFlowCytometryObjectsInGrid,4,12,1791447147.8934019,805773,worker_0,W005,MeasureObjectIntensity,pattern_group,running,100.0,1,1
ExampleImagingFlowCytometryObjectsInGrid,4,12,1791447147.8950708,805773,worker_0,W005,MeasureObjectIntensity,step_completed,success,88.88888888888889,24,27
ExampleImagingFlowCytometryObjectsInGrid,4,12,1791447147.8977444,805773,worker_0,W005,MeasureObjectIntensityDistribution,step_started,started,88.88888888888889,24,27
ExampleImagingFlowCytometryObjectsInGrid,4,12,1791447147.8995738,805774,worker_1,W006,MeasureObjectIntensityDistribution,pattern_group,running,100.0,1,1
ExampleImagingFlowCytometryObjectsInGrid,4,12,1791447147.9019134,805774,worker_1,W006,MeasureObjectIntensityDistribution,step_completed,success,96.29629629629629,26,27
ExampleImagingFlowCytometryObjectsInGrid,4,12,1791447147.913689,805774,worker_1,W006,pipeline,axis_completed,success,96.29629629629629,26,27
ExampleImagingFlowCytometryObjectsInGrid,4,12,1791447147.9138484,805774,worker_1,W010,pipeline,axis_started,started,0.0,0,27
ExampleImagingFlowCytometryObjectsInGrid,4,12,1791447147.9184628,805774,worker_1,W010,DefineGrid,step_started,started,0.0,0,27
ExampleImagingFlowCytometryObjectsInGrid,4,12,1791447147.9456518,805774,worker_1,W010,DefineGrid,pattern_group,running,100.0,1,1
ExampleImagingFlowCytometryObjectsInGrid,4,12,1791447147.946245,805774,worker_1,W010,DefineGrid,step_completed,success,3.7037037037037033,1,27
ExampleImagingFlowCytometryObjectsInGrid,4,12,1791447147.9471157,805774,worker_1,W010,IdentifyObjectsInGrid,step_started,started,3.7037037037037033,1,27
ExampleImagingFlowCytometryObjectsInGrid,4,12,1791447148.0202954,805774,worker_1,W010,IdentifyObjectsInGrid,pattern_group,running,100.0,1,1
ExampleImagingFlowCytometryObjectsInGrid,4,12,1791447148.0212278,805774,worker_1,W010,IdentifyObjectsInGrid,step_completed,success,7.4074074074074066,2,27
ExampleImagingFlowCytometryObjectsInGrid,4,12,1791447148.0224998,805774,worker_1,W010,MeasureObjectIntensity,step_started,started,7.4074074074074066,2,27
ExampleImagingFlowCytometryObjectsInGrid,4,12,1791447148.0945492,805776,worker_3,W008,MeasureTexture,pattern_group,running,100.0,1,1
ExampleImagingFlowCytometryObjectsInGrid,4,12,1791447148.0960643,805776,worker_3,W008,MeasureTexture,step_completed,success,81.48148148148148,22,27
ExampleImagingFlowCytometryObjectsInGrid,4,12,1791447148.0972977,805776,worker_3,W008,MeasureObjectIntensity,step_started,started,81.48148148148148,22,27
ExampleImagingFlowCytometryObjectsInGrid,4,12,1791447148.1353834,805775,worker_2,W007,MeasureObjectIntensity,pattern_group,running,100.0,1,1
ExampleImagingFlowCytometryObjectsInGrid,4,12,1791447148.1369193,805775,worker_2,W007,MeasureObjectIntensity,step_completed,success,85.18518518518519,23,27
ExampleImagingFlowCytometryObjectsInGrid,4,12,1791447148.1380212,805775,worker_2,W007,MeasureObjectIntensity,step_started,started,85.18518518518519,23,27
ExampleImagingFlowCytometryObjectsInGrid,4,12,1791447148.225431,805773,worker_0,W005,MeasureObjectIntensityDistribution,pattern_group,running,100.0,1,1
ExampleImagingFlowCytometryObjectsInGrid,4,12,1791447148.2277007,805773,worker_0,W005,MeasureObjectIntensityDistribution,step_completed,success,92.5925925925926,25,27
ExampleImagingFlowCytometryObjectsInGrid,4,12,1791447148.2363842,805773,worker_0,W005,MeasureObjectIntensityDistribution,step_started,started,92.5925925925926,25,27
ExampleImagingFlowCytometryObjectsInGrid,4,12,1791447148.3466985,805775,worker_2,W007,MeasureObjectIntensity,pattern_group,running,100.0,1,1
ExampleImagingFlowCytometryObjectsInGrid,4,12,1791447148.347854,805775,worker_2,W007,MeasureObjectIntensity,step_completed,success,88.88888888888889,24,27
ExampleImagingFlowCytometryObjectsInGrid,4,12,1791447148.3503926,805775,worker_2,W007,MeasureObjectIntensityDistribution,step_started,started,88.88888888888889,24,27
ExampleImagingFlowCytometryObjectsInGrid,4,12,1791447148.373667,805776,worker_3,W008,MeasureObjectIntensity,pattern_group,running,100.0,1,1
ExampleImagingFlowCytometryObjectsInGrid,4,12,1791447148.3753743,805776,worker_3,W008,MeasureObjectIntensity,step_completed,success,85.18518518518519,23,27
ExampleImagingFlowCytometryObjectsInGrid,4,12,1791447148.3764954,805776,worker_3,W008,MeasureObjectIntensity,step_started,started,85.18518518518519,23,27
ExampleImagingFlowCytometryObjectsInGrid,4,12,1791447148.5447912,805773,worker_0,W005,MeasureObjectIntensityDistribution,pattern_group,running,100.0,1,1
ExampleImagingFlowCytometryObjectsInGrid,4,12,1791447148.5468771,805773,worker_0,W005,MeasureObjectIntensityDistribution,step_completed,success,96.29629629629629,26,27
ExampleImagingFlowCytometryObjectsInGrid,4,12,1791447148.559582,805774,worker_1,W010,MeasureObjectIntensity,pattern_group,running,100.0,1,1
ExampleImagingFlowCytometryObjectsInGrid,4,12,1791447148.5626307,805773,worker_0,W005,pipeline,axis_completed,success,96.29629629629629,26,27
ExampleImagingFlowCytometryObjectsInGrid,4,12,1791447148.562764,805773,worker_0,W009,pipeline,axis_started,started,0.0,0,27
ExampleImagingFlowCytometryObjectsInGrid,4,12,1791447148.5658393,805773,worker_0,W009,DefineGrid,step_started,started,0.0,0,27
ExampleImagingFlowCytometryObjectsInGrid,4,12,1791447148.5604951,805774,worker_1,W010,MeasureObjectIntensity,step_completed,success,11.11111111111111,3,27
ExampleImagingFlowCytometryObjectsInGrid,4,12,1791447148.564972,805774,worker_1,W010,FilterObjects,step_started,started,11.11111111111111,3,27
ExampleImagingFlowCytometryObjectsInGrid,4,12,1791447148.5888076,805776,worker_3,W008,MeasureObjectIntensity,pattern_group,running,100.0,1,1
ExampleImagingFlowCytometryObjectsInGrid,4,12,1791447148.5906699,805776,worker_3,W008,MeasureObjectIntensity,step_completed,success,88.88888888888889,24,27
ExampleImagingFlowCytometryObjectsInGrid,4,12,1791447148.5934272,805776,worker_3,W008,MeasureObjectIntensityDistribution,step_started,started,88.88888888888889,24,27
ExampleImagingFlowCytometryObjectsInGrid,4,12,1791447148.5996919,805773,worker_0,W009,DefineGrid,pattern_group,running,100.0,1,1
ExampleImagingFlowCytometryObjectsInGrid,4,12,1791447148.6001763,805773,worker_0,W009,DefineGrid,step_completed,success,3.7037037037037033,1,27
ExampleImagingFlowCytometryObjectsInGrid,4,12,1791447148.6009042,805773,worker_0,W009,IdentifyObjectsInGrid,step_started,started,3.7037037037037033,1,27
ExampleImagingFlowCytometryObjectsInGrid,4,12,1791447148.6800287,805775,worker_2,W007,MeasureObjectIntensityDistribution,pattern_group,running,100.0,1,1
ExampleImagingFlowCytometryObjectsInGrid,4,12,1791447148.6822205,805775,worker_2,W007,MeasureObjectIntensityDistribution,step_completed,success,92.5925925925926,25,27
ExampleImagingFlowCytometryObjectsInGrid,4,12,1791447148.6836948,805775,worker_2,W007,MeasureObjectIntensityDistribution,step_started,started,92.5925925925926,25,27
ExampleImagingFlowCytometryObjectsInGrid,4,12,1791447148.6861777,805774,worker_1,W010,FilterObjects,pattern_group,running,100.0,1,1
ExampleImagingFlowCytometryObjectsInGrid,4,12,1791447148.6869361,805774,worker_1,W010,FilterObjects,step_completed,success,14.814814814814813,4,27
ExampleImagingFlowCytometryObjectsInGrid,4,12,1791447148.6878493,805774,worker_1,W010,MaskImage,step_started,started,14.814814814814813,4,27
ExampleImagingFlowCytometryObjectsInGrid,4,12,1791447148.71163,805773,worker_0,W009,IdentifyObjectsInGrid,pattern_group,running,100.0,1,1
ExampleImagingFlowCytometryObjectsInGrid,4,12,1791447148.7118754,805774,worker_1,W010,MaskImage,pattern_group,running,100.0,1,1
ExampleImagingFlowCytometryObjectsInGrid,4,12,1791447148.712157,805774,worker_1,W010,MaskImage,step_completed,success,18.51851851851852,5,27
ExampleImagingFlowCytometryObjectsInGrid,4,12,1791447148.712742,805774,worker_1,W010,Smooth,step_started,started,18.51851851851852,5,27
ExampleImagingFlowCytometryObjectsInGrid,4,12,1791447148.7131143,805773,worker_0,W009,IdentifyObjectsInGrid,step_completed,success,7.4074074074074066,2,27
ExampleImagingFlowCytometryObjectsInGrid,4,12,1791447148.7141984,805773,worker_0,W009,MeasureObjectIntensity,step_started,started,7.4074074074074066,2,27
ExampleImagingFlowCytometryObjectsInGrid,4,12,1791447148.931264,805774,worker_1,W010,Smooth,pattern_group,running,100.0,1,1
ExampleImagingFlowCytometryObjectsInGrid,4,12,1791447148.9317312,805774,worker_1,W010,Smooth,step_completed,success,22.22222222222222,6,27
ExampleImagingFlowCytometryObjectsInGrid,4,12,1791447148.9325495,805774,worker_1,W010,EnhanceEdges,step_started,started,22.22222222222222,6,27
ExampleImagingFlowCytometryObjectsInGrid,4,12,1791447148.9555683,805776,worker_3,W008,MeasureObjectIntensityDistribution,pattern_group,running,100.0,1,1
ExampleImagingFlowCytometryObjectsInGrid,4,12,1791447148.957827,805776,worker_3,W008,MeasureObjectIntensityDistribution,step_completed,success,92.5925925925926,25,27
ExampleImagingFlowCytometryObjectsInGrid,4,12,1791447148.959401,805776,worker_3,W008,MeasureObjectIntensityDistribution,step_started,started,92.5925925925926,25,27
ExampleImagingFlowCytometryObjectsInGrid,4,12,1791447148.970395,805774,worker_1,W010,EnhanceEdges,pattern_group,running,100.0,1,1
ExampleImagingFlowCytometryObjectsInGrid,4,12,1791447148.970817,805774,worker_1,W010,EnhanceEdges,step_completed,success,25.925925925925924,7,27
ExampleImagingFlowCytometryObjectsInGrid,4,12,1791447148.971611,805774,worker_1,W010,Closing,step_started,started,25.925925925925924,7,27
ExampleImagingFlowCytometryObjectsInGrid,4,12,1791447148.9887106,805775,worker_2,W007,MeasureObjectIntensityDistribution,pattern_group,running,100.0,1,1
ExampleImagingFlowCytometryObjectsInGrid,4,12,1791447148.991424,805775,worker_2,W007,MeasureObjectIntensityDistribution,step_completed,success,96.29629629629629,26,27
ExampleImagingFlowCytometryObjectsInGrid,4,12,1791447149.0126503,805775,worker_2,W007,pipeline,axis_completed,success,96.29629629629629,26,27
ExampleImagingFlowCytometryObjectsInGrid,4,12,1791447149.0128667,805775,worker_2,W011,pipeline,axis_started,started,0.0,0,27
ExampleImagingFlowCytometryObjectsInGrid,4,12,1791447149.0186317,805775,worker_2,W011,DefineGrid,step_started,started,0.0,0,27
ExampleImagingFlowCytometryObjectsInGrid,4,12,1791447149.0666466,805775,worker_2,W011,DefineGrid,pattern_group,running,100.0,1,1
ExampleImagingFlowCytometryObjectsInGrid,4,12,1791447149.0670729,805775,worker_2,W011,DefineGrid,step_completed,success,3.7037037037037033,1,27
ExampleImagingFlowCytometryObjectsInGrid,4,12,1791447149.067723,805775,worker_2,W011,IdentifyObjectsInGrid,step_started,started,3.7037037037037033,1,27
ExampleImagingFlowCytometryObjectsInGrid,4,12,1791447149.1634734,805775,worker_2,W011,IdentifyObjectsInGrid,pattern_group,running,100.0,1,1
ExampleImagingFlowCytometryObjectsInGrid,4,12,1791447149.164558,805775,worker_2,W011,IdentifyObjectsInGrid,step_completed,success,7.4074074074074066,2,27
ExampleImagingFlowCytometryObjectsInGrid,4,12,1791447149.165494,805775,worker_2,W011,MeasureObjectIntensity,step_started,started,7.4074074074074066,2,27
ExampleImagingFlowCytometryObjectsInGrid,4,12,1791447149.2829614,805776,worker_3,W008,MeasureObjectIntensityDistribution,pattern_group,running,100.0,1,1
ExampleImagingFlowCytometryObjectsInGrid,4,12,1791447149.2855208,805776,worker_3,W008,MeasureObjectIntensityDistribution,step_completed,success,96.29629629629629,26,27
ExampleImagingFlowCytometryObjectsInGrid,4,12,1791447149.3019493,805776,worker_3,W008,pipeline,axis_completed,success,96.29629629629629,26,27
ExampleImagingFlowCytometryObjectsInGrid,4,12,1791447149.3020573,805776,worker_3,W012,pipeline,axis_started,started,0.0,0,27
ExampleImagingFlowCytometryObjectsInGrid,4,12,1791447149.3081768,805776,worker_3,W012,DefineGrid,step_started,started,0.0,0,27
ExampleImagingFlowCytometryObjectsInGrid,4,12,1791447149.3124528,805773,worker_0,W009,MeasureObjectIntensity,pattern_group,running,100.0,1,1
ExampleImagingFlowCytometryObjectsInGrid,4,12,1791447149.3140628,805773,worker_0,W009,MeasureObjectIntensity,step_completed,success,11.11111111111111,3,27
ExampleImagingFlowCytometryObjectsInGrid,4,12,1791447149.3171492,805773,worker_0,W009,FilterObjects,step_started,started,11.11111111111111,3,27
ExampleImagingFlowCytometryObjectsInGrid,4,12,1791447149.344714,805776,worker_3,W012,DefineGrid,pattern_group,running,100.0,1,1
ExampleImagingFlowCytometryObjectsInGrid,4,12,1791447149.3453903,805776,worker_3,W012,DefineGrid,step_completed,success,3.7037037037037033,1,27
ExampleImagingFlowCytometryObjectsInGrid,4,12,1791447149.346177,805776,worker_3,W012,IdentifyObjectsInGrid,step_started,started,3.7037037037037033,1,27
ExampleImagingFlowCytometryObjectsInGrid,4,12,1791447149.4196432,805774,worker_1,W010,Closing,pattern_group,running,100.0,1,1
ExampleImagingFlowCytometryObjectsInGrid,4,12,1791447149.4201498,805774,worker_1,W010,Closing,step_completed,success,29.629629629629626,8,27
ExampleImagingFlowCytometryObjectsInGrid,4,12,1791447149.4210048,805774,worker_1,W010,IdentifyPrimaryObjects,step_started,started,29.629629629629626,8,27
ExampleImagingFlowCytometryObjectsInGrid,4,12,1791447149.4499338,805776,worker_3,W012,IdentifyObjectsInGrid,pattern_group,running,100.0,1,1
ExampleImagingFlowCytometryObjectsInGrid,4,12,1791447149.450832,805776,worker_3,W012,IdentifyObjectsInGrid,step_completed,success,7.4074074074074066,2,27
ExampleImagingFlowCytometryObjectsInGrid,4,12,1791447149.451718,805776,worker_3,W012,MeasureObjectIntensity,step_started,started,7.4074074074074066,2,27
ExampleImagingFlowCytometryObjectsInGrid,4,12,1791447149.4734795,805773,worker_0,W009,FilterObjects,pattern_group,running,100.0,1,1
ExampleImagingFlowCytometryObjectsInGrid,4,12,1791447149.4746554,805773,worker_0,W009,FilterObjects,step_completed,success,14.814814814814813,4,27
ExampleImagingFlowCytometryObjectsInGrid,4,12,1791447149.4759836,805773,worker_0,W009,MaskImage,step_started,started,14.814814814814813,4,27
ExampleImagingFlowCytometryObjectsInGrid,4,12,1791447149.5067625,805773,worker_0,W009,MaskImage,pattern_group,running,100.0,1,1
ExampleImagingFlowCytometryObjectsInGrid,4,12,1791447149.5072205,805773,worker_0,W009,MaskImage,step_completed,success,18.51851851851852,5,27
ExampleImagingFlowCytometryObjectsInGrid,4,12,1791447149.5078983,805773,worker_0,W009,Smooth,step_started,started,18.51851851851852,5,27
ExampleImagingFlowCytometryObjectsInGrid,4,12,1791447149.7337153,805773,worker_0,W009,Smooth,pattern_group,running,100.0,1,1
ExampleImagingFlowCytometryObjectsInGrid,4,12,1791447149.7341526,805773,worker_0,W009,Smooth,step_completed,success,22.22222222222222,6,27
ExampleImagingFlowCytometryObjectsInGrid,4,12,1791447149.7348835,805773,worker_0,W009,EnhanceEdges,step_started,started,22.22222222222222,6,27
ExampleImagingFlowCytometryObjectsInGrid,4,12,1791447149.7601254,805775,worker_2,W011,MeasureObjectIntensity,pattern_group,running,100.0,1,1
ExampleImagingFlowCytometryObjectsInGrid,4,12,1791447149.761618,805775,worker_2,W011,MeasureObjectIntensity,step_completed,success,11.11111111111111,3,27
ExampleImagingFlowCytometryObjectsInGrid,4,12,1791447149.76722,805775,worker_2,W011,FilterObjects,step_started,started,11.11111111111111,3,27
ExampleImagingFlowCytometryObjectsInGrid,4,12,1791447149.7704508,805773,worker_0,W009,EnhanceEdges,pattern_group,running,100.0,1,1
ExampleImagingFlowCytometryObjectsInGrid,4,12,1791447149.7709415,805773,worker_0,W009,EnhanceEdges,step_completed,success,25.925925925925924,7,27
ExampleImagingFlowCytometryObjectsInGrid,4,12,1791447149.7716942,805773,worker_0,W009,Closing,step_started,started,25.925925925925924,7,27
ExampleImagingFlowCytometryObjectsInGrid,4,12,1791447149.9083018,805775,worker_2,W011,FilterObjects,pattern_group,running,100.0,1,1
ExampleImagingFlowCytometryObjectsInGrid,4,12,1791447149.9105432,805775,worker_2,W011,FilterObjects,step_completed,success,14.814814814814813,4,27
ExampleImagingFlowCytometryObjectsInGrid,4,12,1791447149.912868,805775,worker_2,W011,MaskImage,step_started,started,14.814814814814813,4,27
ExampleImagingFlowCytometryObjectsInGrid,4,12,1791447149.9411302,805775,worker_2,W011,MaskImage,pattern_group,running,100.0,1,1
ExampleImagingFlowCytometryObjectsInGrid,4,12,1791447149.9418056,805775,worker_2,W011,MaskImage,step_completed,success,18.51851851851852,5,27
ExampleImagingFlowCytometryObjectsInGrid,4,12,1791447149.942708,805775,worker_2,W011,Smooth,step_started,started,18.51851851851852,5,27
ExampleImagingFlowCytometryObjectsInGrid,4,12,1791447150.0644,805776,worker_3,W012,MeasureObjectIntensity,pattern_group,running,100.0,1,1
ExampleImagingFlowCytometryObjectsInGrid,4,12,1791447150.0655649,805776,worker_3,W012,MeasureObjectIntensity,step_completed,success,11.11111111111111,3,27
ExampleImagingFlowCytometryObjectsInGrid,4,12,1791447150.0682578,805776,worker_3,W012,FilterObjects,step_started,started,11.11111111111111,3,27
ExampleImagingFlowCytometryObjectsInGrid,4,12,1791447150.21767,805776,worker_3,W012,FilterObjects,pattern_group,running,100.0,1,1
ExampleImagingFlowCytometryObjectsInGrid,4,12,1791447150.218963,805776,worker_3,W012,FilterObjects,step_completed,success,14.814814814814813,4,27
ExampleImagingFlowCytometryObjectsInGrid,4,12,1791447150.2191415,805775,worker_2,W011,Smooth,pattern_group,running,100.0,1,1
ExampleImagingFlowCytometryObjectsInGrid,4,12,1791447150.2196681,805775,worker_2,W011,Smooth,step_completed,success,22.22222222222222,6,27
ExampleImagingFlowCytometryObjectsInGrid,4,12,1791447150.2206163,805776,worker_3,W012,MaskImage,step_started,started,14.814814814814813,4,27
ExampleImagingFlowCytometryObjectsInGrid,4,12,1791447150.2210267,805775,worker_2,W011,EnhanceEdges,step_started,started,22.22222222222222,6,27
ExampleImagingFlowCytometryObjectsInGrid,4,12,1791447150.2575908,805776,worker_3,W012,MaskImage,pattern_group,running,100.0,1,1
ExampleImagingFlowCytometryObjectsInGrid,4,12,1791447150.2584422,805776,worker_3,W012,MaskImage,step_completed,success,18.51851851851852,5,27
ExampleImagingFlowCytometryObjectsInGrid,4,12,1791447150.259323,805776,worker_3,W012,Smooth,step_started,started,18.51851851851852,5,27
ExampleImagingFlowCytometryObjectsInGrid,4,12,1791447150.27398,805775,worker_2,W011,EnhanceEdges,pattern_group,running,100.0,1,1
ExampleImagingFlowCytometryObjectsInGrid,4,12,1791447150.2750244,805775,worker_2,W011,EnhanceEdges,step_completed,success,25.925925925925924,7,27
ExampleImagingFlowCytometryObjectsInGrid,4,12,1791447150.2759886,805775,worker_2,W011,Closing,step_started,started,25.925925925925924,7,27
ExampleImagingFlowCytometryObjectsInGrid,4,12,1791447150.3226078,805773,worker_0,W009,Closing,pattern_group,running,100.0,1,1
ExampleImagingFlowCytometryObjectsInGrid,4,12,1791447150.3230948,805773,worker_0,W009,Closing,step_completed,success,29.629629629629626,8,27
ExampleImagingFlowCytometryObjectsInGrid,4,12,1791447150.3239331,805773,worker_0,W009,IdentifyPrimaryObjects,step_started,started,29.629629629629626,8,27
ExampleImagingFlowCytometryObjectsInGrid,4,12,1791447150.3335187,805774,worker_1,W010,IdentifyPrimaryObjects,pattern_group,running,100.0,1,1
ExampleImagingFlowCytometryObjectsInGrid,4,12,1791447150.3345652,805774,worker_1,W010,IdentifyPrimaryObjects,step_completed,success,33.33333333333333,9,27
ExampleImagingFlowCytometryObjectsInGrid,4,12,1791447150.3358328,805774,worker_1,W010,MeasureObjectSizeShape,step_started,started,33.33333333333333,9,27
ExampleImagingFlowCytometryObjectsInGrid,4,12,1791447150.5176556,805776,worker_3,W012,Smooth,pattern_group,running,100.0,1,1
ExampleImagingFlowCytometryObjectsInGrid,4,12,1791447150.5180593,805776,worker_3,W012,Smooth,step_completed,success,22.22222222222222,6,27
ExampleImagingFlowCytometryObjectsInGrid,4,12,1791447150.5188081,805776,worker_3,W012,EnhanceEdges,step_started,started,22.22222222222222,6,27
ExampleImagingFlowCytometryObjectsInGrid,4,12,1791447150.5349984,805774,worker_1,W010,MeasureObjectSizeShape,pattern_group,running,100.0,1,1
ExampleImagingFlowCytometryObjectsInGrid,4,12,1791447150.5360146,805774,worker_1,W010,MeasureObjectSizeShape,step_completed,success,37.03703703703704,10,27
ExampleImagingFlowCytometryObjectsInGrid,4,12,1791447150.536705,805774,worker_1,W010,FilterObjects,step_started,started,37.03703703703704,10,27
ExampleImagingFlowCytometryObjectsInGrid,4,12,1791447150.5655923,805776,worker_3,W012,EnhanceEdges,pattern_group,running,100.0,1,1
ExampleImagingFlowCytometryObjectsInGrid,4,12,1791447150.5665736,805776,worker_3,W012,EnhanceEdges,step_completed,success,25.925925925925924,7,27
ExampleImagingFlowCytometryObjectsInGrid,4,12,1791447150.5677156,805776,worker_3,W012,Closing,step_started,started,25.925925925925924,7,27
ExampleImagingFlowCytometryObjectsInGrid,4,12,1791447150.6661592,805774,worker_1,W010,FilterObjects,pattern_group,running,100.0,1,1
ExampleImagingFlowCytometryObjectsInGrid,4,12,1791447150.6670394,805774,worker_1,W010,FilterObjects,step_completed,success,40.74074074074074,11,27
ExampleImagingFlowCytometryObjectsInGrid,4,12,1791447150.6765115,805774,worker_1,W010,MeasureObjectSizeShape,step_started,started,40.74074074074074,11,27
ExampleImagingFlowCytometryObjectsInGrid,4,12,1791447150.7867942,805775,worker_2,W011,Closing,pattern_group,running,100.0,1,1
ExampleImagingFlowCytometryObjectsInGrid,4,12,1791447150.7873638,805775,worker_2,W011,Closing,step_completed,success,29.629629629629626,8,27
ExampleImagingFlowCytometryObjectsInGrid,4,12,1791447150.7881017,805775,worker_2,W011,IdentifyPrimaryObjects,step_started,started,29.629629629629626,8,27
ExampleImagingFlowCytometryObjectsInGrid,4,12,1791447150.886176,805774,worker_1,W010,MeasureObjectSizeShape,pattern_group,running,100.0,1,1
ExampleImagingFlowCytometryObjectsInGrid,4,12,1791447150.8874588,805774,worker_1,W010,MeasureObjectSizeShape,step_completed,success,44.44444444444444,12,27
ExampleImagingFlowCytometryObjectsInGrid,4,12,1791447150.8896065,805774,worker_1,W010,ExpandOrShrinkObjects,step_started,started,44.44444444444444,12,27
ExampleImagingFlowCytometryObjectsInGrid,4,12,1791447151.0647316,805774,worker_1,W010,ExpandOrShrinkObjects,pattern_group,running,100.0,1,1
ExampleImagingFlowCytometryObjectsInGrid,4,12,1791447151.065946,805774,worker_1,W010,ExpandOrShrinkObjects,step_completed,success,48.148148148148145,13,27
ExampleImagingFlowCytometryObjectsInGrid,4,12,1791447151.067441,805774,worker_1,W010,RelateObjects,step_started,started,48.148148148148145,13,27
ExampleImagingFlowCytometryObjectsInGrid,4,12,1791447151.1076124,805776,worker_3,W012,Closing,pattern_group,running,100.0,1,1
ExampleImagingFlowCytometryObjectsInGrid,4,12,1791447151.1080716,805776,worker_3,W012,Closing,step_completed,success,29.629629629629626,8,27
ExampleImagingFlowCytometryObjectsInGrid,4,12,1791447151.1088626,805776,worker_3,W012,IdentifyPrimaryObjects,step_started,started,29.629629629629626,8,27
ExampleImagingFlowCytometryObjectsInGrid,4,12,1791447151.125642,805774,worker_1,W010,RelateObjects,pattern_group,running,100.0,1,1
ExampleImagingFlowCytometryObjectsInGrid,4,12,1791447151.126786,805774,worker_1,W010,RelateObjects,step_completed,success,51.85185185185185,14,27
ExampleImagingFlowCytometryObjectsInGrid,4,12,1791447151.1280808,805774,worker_1,W010,FilterObjects,step_started,started,51.85185185185185,14,27
ExampleImagingFlowCytometryObjectsInGrid,4,12,1791447151.388187,805773,worker_0,W009,IdentifyPrimaryObjects,pattern_group,running,100.0,1,1
ExampleImagingFlowCytometryObjectsInGrid,4,12,1791447151.3891332,805773,worker_0,W009,IdentifyPrimaryObjects,step_completed,success,33.33333333333333,9,27
ExampleImagingFlowCytometryObjectsInGrid,4,12,1791447151.390311,805773,worker_0,W009,MeasureObjectSizeShape,step_started,started,33.33333333333333,9,27
ExampleImagingFlowCytometryObjectsInGrid,4,12,1791447151.6003828,805773,worker_0,W009,MeasureObjectSizeShape,pattern_group,running,100.0,1,1
ExampleImagingFlowCytometryObjectsInGrid,4,12,1791447151.6015878,805773,worker_0,W009,MeasureObjectSizeShape,step_completed,success,37.03703703703704,10,27
ExampleImagingFlowCytometryObjectsInGrid,4,12,1791447151.6027856,805773,worker_0,W009,FilterObjects,step_started,started,37.03703703703704,10,27
ExampleImagingFlowCytometryObjectsInGrid,4,12,1791447151.7406173,805773,worker_0,W009,FilterObjects,pattern_group,running,100.0,1,1
ExampleImagingFlowCytometryObjectsInGrid,4,12,1791447151.74154,805773,worker_0,W009,FilterObjects,step_completed,success,40.74074074074074,11,27
ExampleImagingFlowCytometryObjectsInGrid,4,12,1791447151.7428274,805773,worker_0,W009,MeasureObjectSizeShape,step_started,started,40.74074074074074,11,27
ExampleImagingFlowCytometryObjectsInGrid,4,12,1791447151.8095324,805774,worker_1,W010,FilterObjects,pattern_group,running,100.0,1,1
ExampleImagingFlowCytometryObjectsInGrid,4,12,1791447151.8109214,805774,worker_1,W010,FilterObjects,step_completed,success,55.55555555555556,15,27
ExampleImagingFlowCytometryObjectsInGrid,4,12,1791447151.8122613,805774,worker_1,W010,IdentifyObjectsInGrid,step_started,started,55.55555555555556,15,27
ExampleImagingFlowCytometryObjectsInGrid,4,12,1791447151.8294308,805775,worker_2,W011,IdentifyPrimaryObjects,pattern_group,running,100.0,1,1
ExampleImagingFlowCytometryObjectsInGrid,4,12,1791447151.8304393,805775,worker_2,W011,IdentifyPrimaryObjects,step_completed,success,33.33333333333333,9,27
ExampleImagingFlowCytometryObjectsInGrid,4,12,1791447151.8316183,805775,worker_2,W011,MeasureObjectSizeShape,step_started,started,33.33333333333333,9,27
ExampleImagingFlowCytometryObjectsInGrid,4,12,1791447151.8928046,805774,worker_1,W010,IdentifyObjectsInGrid,pattern_group,running,100.0,1,1
ExampleImagingFlowCytometryObjectsInGrid,4,12,1791447151.8937438,805774,worker_1,W010,IdentifyObjectsInGrid,step_completed,success,59.25925925925925,16,27
ExampleImagingFlowCytometryObjectsInGrid,4,12,1791447151.9015136,805774,worker_1,W010,ExpandOrShrinkObjects,step_started,started,59.25925925925925,16,27
ExampleImagingFlowCytometryObjectsInGrid,4,12,1791447151.9675622,805773,worker_0,W009,MeasureObjectSizeShape,pattern_group,running,100.0,1,1
ExampleImagingFlowCytometryObjectsInGrid,4,12,1791447151.9686005,805773,worker_0,W009,MeasureObjectSizeShape,step_completed,success,44.44444444444444,12,27
ExampleImagingFlowCytometryObjectsInGrid,4,12,1791447151.9697618,805773,worker_0,W009,ExpandOrShrinkObjects,step_started,started,44.44444444444444,12,27
ExampleImagingFlowCytometryObjectsInGrid,4,12,1791447152.0400002,805775,worker_2,W011,MeasureObjectSizeShape,pattern_group,running,100.0,1,1
ExampleImagingFlowCytometryObjectsInGrid,4,12,1791447152.0413752,805775,worker_2,W011,MeasureObjectSizeShape,step_completed,success,37.03703703703704,10,27
ExampleImagingFlowCytometryObjectsInGrid,4,12,1791447152.0426476,805775,worker_2,W011,FilterObjects,step_started,started,37.03703703703704,10,27
ExampleImagingFlowCytometryObjectsInGrid,4,12,1791447152.1703045,805776,worker_3,W012,IdentifyPrimaryObjects,pattern_group,running,100.0,1,1
ExampleImagingFlowCytometryObjectsInGrid,4,12,1791447152.1711304,805773,worker_0,W009,ExpandOrShrinkObjects,pattern_group,running,100.0,1,1
ExampleImagingFlowCytometryObjectsInGrid,4,12,1791447152.1714706,805776,worker_3,W012,IdentifyPrimaryObjects,step_completed,success,33.33333333333333,9,27
ExampleImagingFlowCytometryObjectsInGrid,4,12,1791447152.1720004,805773,worker_0,W009,ExpandOrShrinkObjects,step_completed,success,48.148148148148145,13,27
ExampleImagingFlowCytometryObjectsInGrid,4,12,1791447152.1733055,805773,worker_0,W009,RelateObjects,step_started,started,48.148148148148145,13,27
ExampleImagingFlowCytometryObjectsInGrid,4,12,1791447152.1737065,805776,worker_3,W012,MeasureObjectSizeShape,step_started,started,33.33333333333333,9,27
ExampleImagingFlowCytometryObjectsInGrid,4,12,1791447152.1994762,805775,worker_2,W011,FilterObjects,pattern_group,running,100.0,1,1
ExampleImagingFlowCytometryObjectsInGrid,4,12,1791447152.2008145,805775,worker_2,W011,FilterObjects,step_completed,success,40.74074074074074,11,27
ExampleImagingFlowCytometryObjectsInGrid,4,12,1791447152.201888,805775,worker_2,W011,MeasureObjectSizeShape,step_started,started,40.74074074074074,11,27
ExampleImagingFlowCytometryObjectsInGrid,4,12,1791447152.249263,805773,worker_0,W009,RelateObjects,pattern_group,running,100.0,1,1
ExampleImagingFlowCytometryObjectsInGrid,4,12,1791447152.250287,805773,worker_0,W009,RelateObjects,step_completed,success,51.85185185185185,14,27
ExampleImagingFlowCytometryObjectsInGrid,4,12,1791447152.2520611,805773,worker_0,W009,FilterObjects,step_started,started,51.85185185185185,14,27
ExampleImagingFlowCytometryObjectsInGrid,4,12,1791447152.2982104,805774,worker_1,W010,ExpandOrShrinkObjects,pattern_group,running,100.0,1,1
ExampleImagingFlowCytometryObjectsInGrid,4,12,1791447152.2989142,805774,worker_1,W010,ExpandOrShrinkObjects,step_completed,success,62.96296296296296,17,27
ExampleImagingFlowCytometryObjectsInGrid,4,12,1791447152.2997139,805774,worker_1,W010,OverlayOutlines,step_started,started,62.96296296296296,17,27
ExampleImagingFlowCytometryObjectsInGrid,4,12,1791447152.387466,805776,worker_3,W012,MeasureObjectSizeShape,pattern_group,running,100.0,1,1
ExampleImagingFlowCytometryObjectsInGrid,4,12,1791447152.3886516,805776,worker_3,W012,MeasureObjectSizeShape,step_completed,success,37.03703703703704,10,27
ExampleImagingFlowCytometryObjectsInGrid,4,12,1791447152.3910491,805776,worker_3,W012,FilterObjects,step_started,started,37.03703703703704,10,27
ExampleImagingFlowCytometryObjectsInGrid,4,12,1791447152.4207964,805775,worker_2,W011,MeasureObjectSizeShape,pattern_group,running,100.0,1,1
ExampleImagingFlowCytometryObjectsInGrid,4,12,1791447152.4223316,805775,worker_2,W011,MeasureObjectSizeShape,step_completed,success,44.44444444444444,12,27
ExampleImagingFlowCytometryObjectsInGrid,4,12,1791447152.423382,805775,worker_2,W011,ExpandOrShrinkObjects,step_started,started,44.44444444444444,12,27
ExampleImagingFlowCytometryObjectsInGrid,4,12,1791447152.4991155,805774,worker_1,W010,OverlayOutlines,pattern_group,running,100.0,1,1
ExampleImagingFlowCytometryObjectsInGrid,4,12,1791447152.4997811,805774,worker_1,W010,OverlayOutlines,step_completed,success,66.66666666666666,18,27
ExampleImagingFlowCytometryObjectsInGrid,4,12,1791447152.5068932,805774,worker_1,W010,MeasureObjectSizeShape,step_started,started,66.66666666666666,18,27
ExampleImagingFlowCytometryObjectsInGrid,4,12,1791447152.5553625,805776,worker_3,W012,FilterObjects,pattern_group,running,100.0,1,1
ExampleImagingFlowCytometryObjectsInGrid,4,12,1791447152.55611,805776,worker_3,W012,FilterObjects,step_completed,success,40.74074074074074,11,27
ExampleImagingFlowCytometryObjectsInGrid,4,12,1791447152.5568633,805775,worker_2,W011,ExpandOrShrinkObjects,pattern_group,running,100.0,1,1
ExampleImagingFlowCytometryObjectsInGrid,4,12,1791447152.5575464,805775,worker_2,W011,ExpandOrShrinkObjects,step_completed,success,48.148148148148145,13,27
ExampleImagingFlowCytometryObjectsInGrid,4,12,1791447152.5584815,805775,worker_2,W011,RelateObjects,step_started,started,48.148148148148145,13,27
ExampleImagingFlowCytometryObjectsInGrid,4,12,1791447152.5702899,805776,worker_3,W012,MeasureObjectSizeShape,step_started,started,40.74074074074074,11,27
ExampleImagingFlowCytometryObjectsInGrid,4,12,1791447152.616986,805775,worker_2,W011,RelateObjects,pattern_group,running,100.0,1,1
ExampleImagingFlowCytometryObjectsInGrid,4,12,1791447152.6176698,805775,worker_2,W011,RelateObjects,step_completed,success,51.85185185185185,14,27
ExampleImagingFlowCytometryObjectsInGrid,4,12,1791447152.6184042,805775,worker_2,W011,FilterObjects,step_started,started,51.85185185185185,14,27
ExampleImagingFlowCytometryObjectsInGrid,4,12,1791447152.808881,805776,worker_3,W012,MeasureObjectSizeShape,pattern_group,running,100.0,1,1
ExampleImagingFlowCytometryObjectsInGrid,4,12,1791447152.810642,805776,worker_3,W012,MeasureObjectSizeShape,step_completed,success,44.44444444444444,12,27
ExampleImagingFlowCytometryObjectsInGrid,4,12,1791447152.8120625,805776,worker_3,W012,ExpandOrShrinkObjects,step_started,started,44.44444444444444,12,27
ExampleImagingFlowCytometryObjectsInGrid,4,12,1791447152.893265,805774,worker_1,W010,MeasureObjectSizeShape,pattern_group,running,100.0,1,1
ExampleImagingFlowCytometryObjectsInGrid,4,12,1791447152.8952675,805774,worker_1,W010,MeasureObjectSizeShape,step_completed,success,70.37037037037037,19,27
ExampleImagingFlowCytometryObjectsInGrid,4,12,1791447152.8969772,805774,worker_1,W010,MeasureGranularity,step_started,started,70.37037037037037,19,27
ExampleImagingFlowCytometryObjectsInGrid,4,12,1791447152.9880316,805776,worker_3,W012,ExpandOrShrinkObjects,pattern_group,running,100.0,1,1
ExampleImagingFlowCytometryObjectsInGrid,4,12,1791447152.98885,805776,worker_3,W012,ExpandOrShrinkObjects,step_completed,success,48.148148148148145,13,27
ExampleImagingFlowCytometryObjectsInGrid,4,12,1791447152.989829,805776,worker_3,W012,RelateObjects,step_started,started,48.148148148148145,13,27
ExampleImagingFlowCytometryObjectsInGrid,4,12,1791447153.0378518,805773,worker_0,W009,FilterObjects,pattern_group,running,100.0,1,1
ExampleImagingFlowCytometryObjectsInGrid,4,12,1791447153.0387442,805773,worker_0,W009,FilterObjects,step_completed,success,55.55555555555556,15,27
ExampleImagingFlowCytometryObjectsInGrid,4,12,1791447153.040917,805773,worker_0,W009,IdentifyObjectsInGrid,step_started,started,55.55555555555556,15,27
ExampleImagingFlowCytometryObjectsInGrid,4,12,1791447153.0689564,805776,worker_3,W012,RelateObjects,pattern_group,running,100.0,1,1
ExampleImagingFlowCytometryObjectsInGrid,4,12,1791447153.0701644,805776,worker_3,W012,RelateObjects,step_completed,success,51.85185185185185,14,27
ExampleImagingFlowCytometryObjectsInGrid,4,12,1791447153.0714436,805776,worker_3,W012,FilterObjects,step_started,started,51.85185185185185,14,27
ExampleImagingFlowCytometryObjectsInGrid,4,12,1791447153.1856992,805773,worker_0,W009,IdentifyObjectsInGrid,pattern_group,running,100.0,1,1
ExampleImagingFlowCytometryObjectsInGrid,4,12,1791447153.1871424,805773,worker_0,W009,IdentifyObjectsInGrid,step_completed,success,59.25925925925925,16,27
ExampleImagingFlowCytometryObjectsInGrid,4,12,1791447153.2074869,805773,worker_0,W009,ExpandOrShrinkObjects,step_started,started,59.25925925925925,16,27
ExampleImagingFlowCytometryObjectsInGrid,4,12,1791447153.40861,805775,worker_2,W011,FilterObjects,pattern_group,running,100.0,1,1
ExampleImagingFlowCytometryObjectsInGrid,4,12,1791447153.4097264,805775,worker_2,W011,FilterObjects,step_completed,success,55.55555555555556,15,27
ExampleImagingFlowCytometryObjectsInGrid,4,12,1791447153.4115782,805775,worker_2,W011,IdentifyObjectsInGrid,step_started,started,55.55555555555556,15,27
ExampleImagingFlowCytometryObjectsInGrid,4,12,1791447153.4668796,805774,worker_1,W010,MeasureGranularity,pattern_group,running,100.0,1,1
ExampleImagingFlowCytometryObjectsInGrid,4,12,1791447153.4685695,805774,worker_1,W010,MeasureGranularity,step_completed,success,74.07407407407408,20,27
ExampleImagingFlowCytometryObjectsInGrid,4,12,1791447153.4697971,805774,worker_1,W010,MeasureTexture,step_started,started,74.07407407407408,20,27
ExampleImagingFlowCytometryObjectsInGrid,4,12,1791447153.5130484,805775,worker_2,W011,IdentifyObjectsInGrid,pattern_group,running,100.0,1,1
ExampleImagingFlowCytometryObjectsInGrid,4,12,1791447153.5137777,805775,worker_2,W011,IdentifyObjectsInGrid,step_completed,success,59.25925925925925,16,27
ExampleImagingFlowCytometryObjectsInGrid,4,12,1791447153.5196,805775,worker_2,W011,ExpandOrShrinkObjects,step_started,started,59.25925925925925,16,27
ExampleImagingFlowCytometryObjectsInGrid,4,12,1791447153.6714668,805773,worker_0,W009,ExpandOrShrinkObjects,pattern_group,running,100.0,1,1
ExampleImagingFlowCytometryObjectsInGrid,4,12,1791447153.6728818,805773,worker_0,W009,ExpandOrShrinkObjects,step_completed,success,62.96296296296296,17,27
ExampleImagingFlowCytometryObjectsInGrid,4,12,1791447153.6745925,805773,worker_0,W009,OverlayOutlines,step_started,started,62.96296296296296,17,27
ExampleImagingFlowCytometryObjectsInGrid,4,12,1791447153.8411944,805776,worker_3,W012,FilterObjects,pattern_group,running,100.0,1,1
ExampleImagingFlowCytometryObjectsInGrid,4,12,1791447153.8422902,805776,worker_3,W012,FilterObjects,step_completed,success,55.55555555555556,15,27
ExampleImagingFlowCytometryObjectsInGrid,4,12,1791447153.8437822,805776,worker_3,W012,IdentifyObjectsInGrid,step_started,started,55.55555555555556,15,27
ExampleImagingFlowCytometryObjectsInGrid,4,12,1791447153.863221,805775,worker_2,W011,ExpandOrShrinkObjects,pattern_group,running,100.0,1,1
ExampleImagingFlowCytometryObjectsInGrid,4,12,1791447153.8639138,805775,worker_2,W011,ExpandOrShrinkObjects,step_completed,success,62.96296296296296,17,27
ExampleImagingFlowCytometryObjectsInGrid,4,12,1791447153.8648567,805775,worker_2,W011,OverlayOutlines,step_started,started,62.96296296296296,17,27
ExampleImagingFlowCytometryObjectsInGrid,4,12,1791447153.8699434,805773,worker_0,W009,OverlayOutlines,pattern_group,running,100.0,1,1
ExampleImagingFlowCytometryObjectsInGrid,4,12,1791447153.8703806,805773,worker_0,W009,OverlayOutlines,step_completed,success,66.66666666666666,18,27
ExampleImagingFlowCytometryObjectsInGrid,4,12,1791447153.878668,805773,worker_0,W009,MeasureObjectSizeShape,step_started,started,66.66666666666666,18,27
ExampleImagingFlowCytometryObjectsInGrid,4,12,1791447153.9353278,805776,worker_3,W012,IdentifyObjectsInGrid,pattern_group,running,100.0,1,1
ExampleImagingFlowCytometryObjectsInGrid,4,12,1791447153.9362128,805776,worker_3,W012,IdentifyObjectsInGrid,step_completed,success,59.25925925925925,16,27
ExampleImagingFlowCytometryObjectsInGrid,4,12,1791447153.9439976,805776,worker_3,W012,ExpandOrShrinkObjects,step_started,started,59.25925925925925,16,27
ExampleImagingFlowCytometryObjectsInGrid,4,12,1791447154.0263176,805775,worker_2,W011,OverlayOutlines,pattern_group,running,100.0,1,1
ExampleImagingFlowCytometryObjectsInGrid,4,12,1791447154.0266917,805775,worker_2,W011,OverlayOutlines,step_completed,success,66.66666666666666,18,27
ExampleImagingFlowCytometryObjectsInGrid,4,12,1791447154.0324514,805775,worker_2,W011,MeasureObjectSizeShape,step_started,started,66.66666666666666,18,27
ExampleImagingFlowCytometryObjectsInGrid,4,12,1791447154.2384222,805773,worker_0,W009,MeasureObjectSizeShape,pattern_group,running,100.0,1,1
ExampleImagingFlowCytometryObjectsInGrid,4,12,1791447154.241081,805773,worker_0,W009,MeasureObjectSizeShape,step_completed,success,70.37037037037037,19,27
ExampleImagingFlowCytometryObjectsInGrid,4,12,1791447154.2429564,805773,worker_0,W009,MeasureGranularity,step_started,started,70.37037037037037,19,27
ExampleImagingFlowCytometryObjectsInGrid,4,12,1791447154.2985382,805776,worker_3,W012,ExpandOrShrinkObjects,pattern_group,running,100.0,1,1
ExampleImagingFlowCytometryObjectsInGrid,4,12,1791447154.2993646,805776,worker_3,W012,ExpandOrShrinkObjects,step_completed,success,62.96296296296296,17,27
ExampleImagingFlowCytometryObjectsInGrid,4,12,1791447154.3002467,805776,worker_3,W012,OverlayOutlines,step_started,started,62.96296296296296,17,27
ExampleImagingFlowCytometryObjectsInGrid,4,12,1791447154.3787243,805774,worker_1,W010,MeasureTexture,pattern_group,running,100.0,1,1
ExampleImagingFlowCytometryObjectsInGrid,4,12,1791447154.3795931,805775,worker_2,W011,MeasureObjectSizeShape,pattern_group,running,100.0,1,1
ExampleImagingFlowCytometryObjectsInGrid,4,12,1791447154.3803458,805774,worker_1,W010,MeasureTexture,step_completed,success,77.77777777777779,21,27
ExampleImagingFlowCytometryObjectsInGrid,4,12,1791447154.3809931,805775,worker_2,W011,MeasureObjectSizeShape,step_completed,success,70.37037037037037,19,27
ExampleImagingFlowCytometryObjectsInGrid,4,12,1791447154.3813217,805774,worker_1,W010,MeasureTexture,step_started,started,77.77777777777779,21,27
ExampleImagingFlowCytometryObjectsInGrid,4,12,1791447154.382041,805775,worker_2,W011,MeasureGranularity,step_started,started,70.37037037037037,19,27
ExampleImagingFlowCytometryObjectsInGrid,4,12,1791447154.4797642,805776,worker_3,W012,OverlayOutlines,pattern_group,running,100.0,1,1
ExampleImagingFlowCytometryObjectsInGrid,4,12,1791447154.480184,805776,worker_3,W012,OverlayOutlines,step_completed,success,66.66666666666666,18,27
ExampleImagingFlowCytometryObjectsInGrid,4,12,1791447154.486627,805776,worker_3,W012,MeasureObjectSizeShape,step_started,started,66.66666666666666,18,27
ExampleImagingFlowCytometryObjectsInGrid,4,12,1791447154.6823215,805774,worker_1,W010,MeasureTexture,pattern_group,running,100.0,1,1
ExampleImagingFlowCytometryObjectsInGrid,4,12,1791447154.6836426,805774,worker_1,W010,MeasureTexture,step_completed,success,81.48148148148148,22,27
ExampleImagingFlowCytometryObjectsInGrid,4,12,1791447154.6847184,805774,worker_1,W010,MeasureObjectIntensity,step_started,started,81.48148148148148,22,27
ExampleImagingFlowCytometryObjectsInGrid,4,12,1791447154.6995056,805773,worker_0,W009,MeasureGranularity,pattern_group,running,100.0,1,1
ExampleImagingFlowCytometryObjectsInGrid,4,12,1791447154.7007434,805773,worker_0,W009,MeasureGranularity,step_completed,success,74.07407407407408,20,27
ExampleImagingFlowCytometryObjectsInGrid,4,12,1791447154.7017012,805773,worker_0,W009,MeasureTexture,step_started,started,74.07407407407408,20,27
ExampleImagingFlowCytometryObjectsInGrid,4,12,1791447154.8494658,805775,worker_2,W011,MeasureGranularity,pattern_group,running,100.0,1,1
ExampleImagingFlowCytometryObjectsInGrid,4,12,1791447154.8509178,805775,worker_2,W011,MeasureGranularity,step_completed,success,74.07407407407408,20,27
ExampleImagingFlowCytometryObjectsInGrid,4,12,1791447154.8509796,805776,worker_3,W012,MeasureObjectSizeShape,pattern_group,running,100.0,1,1
ExampleImagingFlowCytometryObjectsInGrid,4,12,1791447154.8520591,805775,worker_2,W011,MeasureTexture,step_started,started,74.07407407407408,20,27
ExampleImagingFlowCytometryObjectsInGrid,4,12,1791447154.8526053,805776,worker_3,W012,MeasureObjectSizeShape,step_completed,success,70.37037037037037,19,27
ExampleImagingFlowCytometryObjectsInGrid,4,12,1791447154.8537562,805776,worker_3,W012,MeasureGranularity,step_started,started,70.37037037037037,19,27
ExampleImagingFlowCytometryObjectsInGrid,4,12,1791447154.9579964,805774,worker_1,W010,MeasureObjectIntensity,pattern_group,running,100.0,1,1
ExampleImagingFlowCytometryObjectsInGrid,4,12,1791447154.9597251,805774,worker_1,W010,MeasureObjectIntensity,step_completed,success,85.18518518518519,23,27
ExampleImagingFlowCytometryObjectsInGrid,4,12,1791447154.9624336,805774,worker_1,W010,MeasureObjectIntensity,step_started,started,85.18518518518519,23,27
ExampleImagingFlowCytometryObjectsInGrid,4,12,1791447155.1621943,805774,worker_1,W010,MeasureObjectIntensity,pattern_group,running,100.0,1,1
ExampleImagingFlowCytometryObjectsInGrid,4,12,1791447155.1637843,805774,worker_1,W010,MeasureObjectIntensity,step_completed,success,88.88888888888889,24,27
ExampleImagingFlowCytometryObjectsInGrid,4,12,1791447155.1665947,805774,worker_1,W010,MeasureObjectIntensityDistribution,step_started,started,88.88888888888889,24,27
ExampleImagingFlowCytometryObjectsInGrid,4,12,1791447155.3024218,805776,worker_3,W012,MeasureGranularity,pattern_group,running,100.0,1,1
ExampleImagingFlowCytometryObjectsInGrid,4,12,1791447155.3039865,805776,worker_3,W012,MeasureGranularity,step_completed,success,74.07407407407408,20,27
ExampleImagingFlowCytometryObjectsInGrid,4,12,1791447155.3053014,805776,worker_3,W012,MeasureTexture,step_started,started,74.07407407407408,20,27
ExampleImagingFlowCytometryObjectsInGrid,4,12,1791447155.3337579,805773,worker_0,W009,MeasureTexture,pattern_group,running,100.0,1,1
ExampleImagingFlowCytometryObjectsInGrid,4,12,1791447155.335449,805773,worker_0,W009,MeasureTexture,step_completed,success,77.77777777777779,21,27
ExampleImagingFlowCytometryObjectsInGrid,4,12,1791447155.336559,805773,worker_0,W009,MeasureTexture,step_started,started,77.77777777777779,21,27
ExampleImagingFlowCytometryObjectsInGrid,4,12,1791447155.4763727,805775,worker_2,W011,MeasureTexture,pattern_group,running,100.0,1,1
ExampleImagingFlowCytometryObjectsInGrid,4,12,1791447155.4780061,805775,worker_2,W011,MeasureTexture,step_completed,success,77.77777777777779,21,27
ExampleImagingFlowCytometryObjectsInGrid,4,12,1791447155.4789662,805775,worker_2,W011,MeasureTexture,step_started,started,77.77777777777779,21,27
ExampleImagingFlowCytometryObjectsInGrid,4,12,1791447155.5073872,805774,worker_1,W010,MeasureObjectIntensityDistribution,pattern_group,running,100.0,1,1
ExampleImagingFlowCytometryObjectsInGrid,4,12,1791447155.5096724,805774,worker_1,W010,MeasureObjectIntensityDistribution,step_completed,success,92.5925925925926,25,27
ExampleImagingFlowCytometryObjectsInGrid,4,12,1791447155.513203,805774,worker_1,W010,MeasureObjectIntensityDistribution,step_started,started,92.5925925925926,25,27
ExampleImagingFlowCytometryObjectsInGrid,4,12,1791447155.6045191,805773,worker_0,W009,MeasureTexture,pattern_group,running,100.0,1,1
ExampleImagingFlowCytometryObjectsInGrid,4,12,1791447155.605588,805773,worker_0,W009,MeasureTexture,step_completed,success,81.48148148148148,22,27
ExampleImagingFlowCytometryObjectsInGrid,4,12,1791447155.6066287,805773,worker_0,W009,MeasureObjectIntensity,step_started,started,81.48148148148148,22,27
ExampleImagingFlowCytometryObjectsInGrid,4,12,1791447155.7468839,805775,worker_2,W011,MeasureTexture,pattern_group,running,100.0,1,1
ExampleImagingFlowCytometryObjectsInGrid,4,12,1791447155.748766,805775,worker_2,W011,MeasureTexture,step_completed,success,81.48148148148148,22,27
ExampleImagingFlowCytometryObjectsInGrid,4,12,1791447155.749995,805775,worker_2,W011,MeasureObjectIntensity,step_started,started,81.48148148148148,22,27
ExampleImagingFlowCytometryObjectsInGrid,4,12,1791447155.8042803,805774,worker_1,W010,MeasureObjectIntensityDistribution,pattern_group,running,100.0,1,1
ExampleImagingFlowCytometryObjectsInGrid,4,12,1791447155.8062809,805774,worker_1,W010,MeasureObjectIntensityDistribution,step_completed,success,96.29629629629629,26,27
ExampleImagingFlowCytometryObjectsInGrid,4,12,1791447155.8212116,805774,worker_1,W010,pipeline,axis_completed,success,96.29629629629629,26,27
ExampleImagingFlowCytometryObjectsInGrid,4,12,1791447155.8643005,805773,worker_0,W009,MeasureObjectIntensity,pattern_group,running,100.0,1,1
ExampleImagingFlowCytometryObjectsInGrid,4,12,1791447155.8660183,805773,worker_0,W009,MeasureObjectIntensity,step_completed,success,85.18518518518519,23,27
ExampleImagingFlowCytometryObjectsInGrid,4,12,1791447155.868652,805773,worker_0,W009,MeasureObjectIntensity,step_started,started,85.18518518518519,23,27
ExampleImagingFlowCytometryObjectsInGrid,4,12,1791447155.9240148,805776,worker_3,W012,MeasureTexture,pattern_group,running,100.0,1,1
ExampleImagingFlowCytometryObjectsInGrid,4,12,1791447155.925557,805776,worker_3,W012,MeasureTexture,step_completed,success,77.77777777777779,21,27
ExampleImagingFlowCytometryObjectsInGrid,4,12,1791447155.926355,805776,worker_3,W012,MeasureTexture,step_started,started,77.77777777777779,21,27
ExampleImagingFlowCytometryObjectsInGrid,4,12,1791447156.025817,805775,worker_2,W011,MeasureObjectIntensity,pattern_group,running,100.0,1,1
ExampleImagingFlowCytometryObjectsInGrid,4,12,1791447156.0275407,805775,worker_2,W011,MeasureObjectIntensity,step_completed,success,85.18518518518519,23,27
ExampleImagingFlowCytometryObjectsInGrid,4,12,1791447156.028555,805775,worker_2,W011,MeasureObjectIntensity,step_started,started,85.18518518518519,23,27
ExampleImagingFlowCytometryObjectsInGrid,4,12,1791447156.0703068,805773,worker_0,W009,MeasureObjectIntensity,pattern_group,running,100.0,1,1
ExampleImagingFlowCytometryObjectsInGrid,4,12,1791447156.0713098,805773,worker_0,W009,MeasureObjectIntensity,step_completed,success,88.88888888888889,24,27
ExampleImagingFlowCytometryObjectsInGrid,4,12,1791447156.0732481,805773,worker_0,W009,MeasureObjectIntensityDistribution,step_started,started,88.88888888888889,24,27
ExampleImagingFlowCytometryObjectsInGrid,4,12,1791447156.1899152,805776,worker_3,W012,MeasureTexture,pattern_group,running,100.0,1,1
ExampleImagingFlowCytometryObjectsInGrid,4,12,1791447156.1908367,805776,worker_3,W012,MeasureTexture,step_completed,success,81.48148148148148,22,27
ExampleImagingFlowCytometryObjectsInGrid,4,12,1791447156.1915987,805776,worker_3,W012,MeasureObjectIntensity,step_started,started,81.48148148148148,22,27
ExampleImagingFlowCytometryObjectsInGrid,4,12,1791447156.2214732,805775,worker_2,W011,MeasureObjectIntensity,pattern_group,running,100.0,1,1
ExampleImagingFlowCytometryObjectsInGrid,4,12,1791447156.2227266,805775,worker_2,W011,MeasureObjectIntensity,step_completed,success,88.88888888888889,24,27
ExampleImagingFlowCytometryObjectsInGrid,4,12,1791447156.2252243,805775,worker_2,W011,MeasureObjectIntensityDistribution,step_started,started,88.88888888888889,24,27
ExampleImagingFlowCytometryObjectsInGrid,4,12,1791447156.3830676,805773,worker_0,W009,MeasureObjectIntensityDistribution,pattern_group,running,100.0,1,1
ExampleImagingFlowCytometryObjectsInGrid,4,12,1791447156.3850653,805773,worker_0,W009,MeasureObjectIntensityDistribution,step_completed,success,92.5925925925926,25,27
ExampleImagingFlowCytometryObjectsInGrid,4,12,1791447156.3862424,805773,worker_0,W009,MeasureObjectIntensityDistribution,step_started,started,92.5925925925926,25,27
ExampleImagingFlowCytometryObjectsInGrid,4,12,1791447156.4362364,805776,worker_3,W012,MeasureObjectIntensity,pattern_group,running,100.0,1,1
ExampleImagingFlowCytometryObjectsInGrid,4,12,1791447156.437825,805776,worker_3,W012,MeasureObjectIntensity,step_completed,success,85.18518518518519,23,27
ExampleImagingFlowCytometryObjectsInGrid,4,12,1791447156.4387097,805776,worker_3,W012,MeasureObjectIntensity,step_started,started,85.18518518518519,23,27
ExampleImagingFlowCytometryObjectsInGrid,4,12,1791447156.5359795,805775,worker_2,W011,MeasureObjectIntensityDistribution,pattern_group,running,100.0,1,1
ExampleImagingFlowCytometryObjectsInGrid,4,12,1791447156.5381799,805775,worker_2,W011,MeasureObjectIntensityDistribution,step_completed,success,92.5925925925926,25,27
ExampleImagingFlowCytometryObjectsInGrid,4,12,1791447156.545038,805775,worker_2,W011,MeasureObjectIntensityDistribution,step_started,started,92.5925925925926,25,27
ExampleImagingFlowCytometryObjectsInGrid,4,12,1791447156.6261494,805776,worker_3,W012,MeasureObjectIntensity,pattern_group,running,100.0,1,1
ExampleImagingFlowCytometryObjectsInGrid,4,12,1791447156.6270847,805776,worker_3,W012,MeasureObjectIntensity,step_completed,success,88.88888888888889,24,27
ExampleImagingFlowCytometryObjectsInGrid,4,12,1791447156.6290755,805776,worker_3,W012,MeasureObjectIntensityDistribution,step_started,started,88.88888888888889,24,27
ExampleImagingFlowCytometryObjectsInGrid,4,12,1791447156.6744192,805773,worker_0,W009,MeasureObjectIntensityDistribution,pattern_group,running,100.0,1,1
ExampleImagingFlowCytometryObjectsInGrid,4,12,1791447156.676359,805773,worker_0,W009,MeasureObjectIntensityDistribution,step_completed,success,96.29629629629629,26,27
ExampleImagingFlowCytometryObjectsInGrid,4,12,1791447156.687698,805773,worker_0,W009,pipeline,axis_completed,success,96.29629629629629,26,27
ExampleImagingFlowCytometryObjectsInGrid,4,12,1791447156.830781,805775,worker_2,W011,MeasureObjectIntensityDistribution,pattern_group,running,100.0,1,1
ExampleImagingFlowCytometryObjectsInGrid,4,12,1791447156.8326595,805775,worker_2,W011,MeasureObjectIntensityDistribution,step_completed,success,96.29629629629629,26,27
ExampleImagingFlowCytometryObjectsInGrid,4,12,1791447156.8449676,805775,worker_2,W011,pipeline,axis_completed,success,96.29629629629629,26,27
ExampleImagingFlowCytometryObjectsInGrid,4,12,1791447156.940489,805776,worker_3,W012,MeasureObjectIntensityDistribution,pattern_group,running,100.0,1,1
ExampleImagingFlowCytometryObjectsInGrid,4,12,1791447156.9441137,805776,worker_3,W012,MeasureObjectIntensityDistribution,step_completed,success,92.5925925925926,25,27
ExampleImagingFlowCytometryObjectsInGrid,4,12,1791447156.945872,805776,worker_3,W012,MeasureObjectIntensityDistribution,step_started,started,92.5925925925926,25,27
ExampleImagingFlowCytometryObjectsInGrid,4,12,1791447157.2261405,805776,worker_3,W012,MeasureObjectIntensityDistribution,pattern_group,running,100.0,1,1
ExampleImagingFlowCytometryObjectsInGrid,4,12,1791447157.2279532,805776,worker_3,W012,MeasureObjectIntensityDistribution,step_completed,success,96.29629629629629,26,27
ExampleImagingFlowCytometryObjectsInGrid,4,12,1791447157.2375138,805776,worker_3,W012,pipeline,axis_completed,success,96.29629629629629,26,27
ExampleImagingFlowCytometryObjectsInGrid,4,12,1791447157.4025052,805331,,,ExportToSpreadsheet,step_started,started,96.29629629629629,26,27
ExampleImagingFlowCytometryObjectsInGrid,4,12,1791447159.4033208,805331,,,ExportToSpreadsheet,running,running,96.29629629629629,26,27
ExampleImagingFlowCytometryObjectsInGrid,4,12,1791447161.3676093,805331,,,ExportToSpreadsheet,step_completed,success,100.0,27,27
ExampleImagingFlowCytometryObjectsInGrid,4,12,1791447161.3726962,805331,,,pipeline,success,success,100.0,27,27
