case_name,worker_count,well_count,timestamp,pid,worker_slot,axis_id,step_name,phase,status,percent,completed,total
cp_tutorial_3d_monolayer,1,12,1791399923.1060789,1717600,,,pipeline,compile,started,0.0,0,31
cp_tutorial_3d_monolayer,1,12,1791399923.6264277,1717600,,,,init,started,0.0,0,1
cp_tutorial_3d_monolayer,1,12,1791399924.155595,1717600,,W001,compilation,compile,running,8.333333333333332,1,12
cp_tutorial_3d_monolayer,1,12,1791399924.2106202,1717600,,W002,compilation,compile,running,16.666666666666664,2,12
cp_tutorial_3d_monolayer,1,12,1791399924.2640402,1717600,,W003,compilation,compile,running,25.0,3,12
cp_tutorial_3d_monolayer,1,12,1791399924.3170724,1717600,,W004,compilation,compile,running,33.33333333333333,4,12
cp_tutorial_3d_monolayer,1,12,1791399924.3700175,1717600,,W005,compilation,compile,running,41.66666666666667,5,12
cp_tutorial_3d_monolayer,1,12,1791399924.4223397,1717600,,W006,compilation,compile,running,50.0,6,12
cp_tutorial_3d_monolayer,1,12,1791399924.4752474,1717600,,W007,compilation,compile,running,58.333333333333336,7,12
cp_tutorial_3d_monolayer,1,12,1791399924.5274074,1717600,,W008,compilation,compile,running,66.66666666666666,8,12
cp_tutorial_3d_monolayer,1,12,1791399924.5791492,1717600,,W009,compilation,compile,running,75.0,9,12
cp_tutorial_3d_monolayer,1,12,1791399924.6333869,1717600,,W010,compilation,compile,running,83.33333333333334,10,12
cp_tutorial_3d_monolayer,1,12,1791399924.6854837,1717600,,W011,compilation,compile,running,91.66666666666666,11,12
cp_tutorial_3d_monolayer,1,12,1791399924.7717493,1717600,,W012,compilation,compile,running,100.0,12,12
cp_tutorial_3d_monolayer,1,12,1791399924.7933671,1717600,,,,init,started,0.0,0,1
cp_tutorial_3d_monolayer,1,12,1791399924.793454,1717600,,,pipeline,compile,success,100.0,1,31
cp_tutorial_3d_monolayer,1,12,1791399924.7935014,1717600,,W001,compilation,compile,success,100.0,1,1
cp_tutorial_3d_monolayer,1,12,1791399924.7935305,1717600,,W002,compilation,compile,success,100.0,1,1
cp_tutorial_3d_monolayer,1,12,1791399924.7935555,1717600,,W003,compilation,compile,success,100.0,1,1
cp_tutorial_3d_monolayer,1,12,1791399924.7935798,1717600,,W004,compilation,compile,success,100.0,1,1
cp_tutorial_3d_monolayer,1,12,1791399924.793604,1717600,,W005,compilation,compile,success,100.0,1,1
cp_tutorial_3d_monolayer,1,12,1791399924.7936282,1717600,,W006,compilation,compile,success,100.0,1,1
cp_tutorial_3d_monolayer,1,12,1791399924.7936518,1717600,,W007,compilation,compile,success,100.0,1,1
cp_tutorial_3d_monolayer,1,12,1791399924.7936752,1717600,,W008,compilation,compile,success,100.0,1,1
cp_tutorial_3d_monolayer,1,12,1791399924.7936985,1717600,,W009,compilation,compile,success,100.0,1,1
cp_tutorial_3d_monolayer,1,12,1791399924.7937224,1717600,,W010,compilation,compile,success,100.0,1,1
cp_tutorial_3d_monolayer,1,12,1791399924.793746,1717600,,W011,compilation,compile,success,100.0,1,1
cp_tutorial_3d_monolayer,1,12,1791399924.7937686,1717600,,W012,compilation,compile,success,100.0,1,1
cp_tutorial_3d_monolayer,1,12,1791399924.8455513,1717600,,,,init,started,0.0,0,1
cp_tutorial_3d_monolayer,1,12,1791399924.8633401,1717600,worker_0,W001,pipeline,axis_started,started,0.0,0,31
cp_tutorial_3d_monolayer,1,12,1791399924.8663435,1717600,worker_0,W001,RescaleIntensity,step_started,started,0.0,0,31
cp_tutorial_3d_monolayer,1,12,1791399925.1168494,1717600,worker_0,W001,RescaleIntensity,pattern_group,running,100.0,1,1
cp_tutorial_3d_monolayer,1,12,1791399925.116987,1717600,worker_0,W001,RescaleIntensity,step_completed,success,3.225806451612903,1,31
cp_tutorial_3d_monolayer,1,12,1791399925.1172776,1717600,worker_0,W001,Resize,step_started,started,3.225806451612903,1,31
cp_tutorial_3d_monolayer,1,12,1791399925.1718125,1717600,worker_0,W001,Resize,pattern_group,running,100.0,1,1
cp_tutorial_3d_monolayer,1,12,1791399925.171974,1717600,worker_0,W001,Resize,step_completed,success,6.451612903225806,2,31
cp_tutorial_3d_monolayer,1,12,1791399925.1723032,1717600,worker_0,W001,MedianFilter,step_started,started,6.451612903225806,2,31
cp_tutorial_3d_monolayer,1,12,1791399925.334785,1717600,worker_0,W001,MedianFilter,pattern_group,running,100.0,1,1
cp_tutorial_3d_monolayer,1,12,1791399925.3349295,1717600,worker_0,W001,MedianFilter,step_completed,success,9.67741935483871,3,31
cp_tutorial_3d_monolayer,1,12,1791399925.3353171,1717600,worker_0,W001,Threshold,step_started,started,9.67741935483871,3,31
cp_tutorial_3d_monolayer,1,12,1791399925.387011,1717600,worker_0,W001,Threshold,pattern_group,running,100.0,1,1
cp_tutorial_3d_monolayer,1,12,1791399925.3872368,1717600,worker_0,W001,Threshold,step_completed,success,12.903225806451612,4,31
cp_tutorial_3d_monolayer,1,12,1791399925.387672,1717600,worker_0,W001,RemoveHoles,step_started,started,12.903225806451612,4,31
cp_tutorial_3d_monolayer,1,12,1791399925.4043064,1717600,worker_0,W001,RemoveHoles,pattern_group,running,100.0,1,1
cp_tutorial_3d_monolayer,1,12,1791399925.4044366,1717600,worker_0,W001,RemoveHoles,step_completed,success,16.129032258064516,5,31
cp_tutorial_3d_monolayer,1,12,1791399925.404797,1717600,worker_0,W001,Watershed,step_started,started,16.129032258064516,5,31
cp_tutorial_3d_monolayer,1,12,1791399925.4929326,1717600,worker_0,W001,Watershed,pattern_group,running,100.0,1,1
cp_tutorial_3d_monolayer,1,12,1791399925.4933326,1717600,worker_0,W001,Watershed,step_completed,success,19.35483870967742,6,31
cp_tutorial_3d_monolayer,1,12,1791399925.4937472,1717600,worker_0,W001,ResizeObjects,step_started,started,19.35483870967742,6,31
cp_tutorial_3d_monolayer,1,12,1791399925.6353357,1717600,worker_0,W001,ResizeObjects,pattern_group,running,100.0,1,1
cp_tutorial_3d_monolayer,1,12,1791399925.6357882,1717600,worker_0,W001,ResizeObjects,step_completed,success,22.58064516129032,7,31
cp_tutorial_3d_monolayer,1,12,1791399925.636212,1717600,worker_0,W001,ErodeObjects,step_started,started,22.58064516129032,7,31
cp_tutorial_3d_monolayer,1,12,1791399925.693626,1717600,worker_0,W001,ErodeObjects,pattern_group,running,100.0,1,1
cp_tutorial_3d_monolayer,1,12,1791399925.694093,1717600,worker_0,W001,ErodeObjects,step_completed,success,25.806451612903224,8,31
cp_tutorial_3d_monolayer,1,12,1791399925.6945884,1717600,worker_0,W001,ResizeObjects,step_started,started,25.806451612903224,8,31
cp_tutorial_3d_monolayer,1,12,1791399925.7770443,1717600,worker_0,W001,ResizeObjects,pattern_group,running,100.0,1,1
cp_tutorial_3d_monolayer,1,12,1791399925.7774894,1717600,worker_0,W001,ResizeObjects,step_completed,success,29.03225806451613,9,31
cp_tutorial_3d_monolayer,1,12,1791399925.7779686,1717600,worker_0,W001,ConvertObjectsToImage,step_started,started,29.03225806451613,9,31
cp_tutorial_3d_monolayer,1,12,1791399925.8078132,1717600,worker_0,W001,ConvertObjectsToImage,pattern_group,running,100.0,1,1
cp_tutorial_3d_monolayer,1,12,1791399925.8079512,1717600,worker_0,W001,ConvertObjectsToImage,step_completed,success,32.25806451612903,10,31
cp_tutorial_3d_monolayer,1,12,1791399925.8084142,1717600,worker_0,W001,Threshold,step_started,started,32.25806451612903,10,31
cp_tutorial_3d_monolayer,1,12,1791399926.07814,1717600,worker_0,W001,Threshold,pattern_group,running,100.0,1,1
cp_tutorial_3d_monolayer,1,12,1791399926.0783906,1717600,worker_0,W001,Threshold,step_completed,success,35.483870967741936,11,31
cp_tutorial_3d_monolayer,1,12,1791399926.0787218,1717600,worker_0,W001,ImageMath,step_started,started,35.483870967741936,11,31
cp_tutorial_3d_monolayer,1,12,1791399926.118573,1717600,worker_0,W001,ImageMath,pattern_group,running,100.0,1,1
cp_tutorial_3d_monolayer,1,12,1791399926.118713,1717600,worker_0,W001,ImageMath,step_completed,success,38.70967741935484,12,31
cp_tutorial_3d_monolayer,1,12,1791399926.1192062,1717600,worker_0,W001,RemoveHoles,step_started,started,38.70967741935484,12,31
cp_tutorial_3d_monolayer,1,12,1791399926.2175384,1717600,worker_0,W001,RemoveHoles,pattern_group,running,100.0,1,1
cp_tutorial_3d_monolayer,1,12,1791399926.2176723,1717600,worker_0,W001,RemoveHoles,step_completed,success,41.935483870967744,13,31
cp_tutorial_3d_monolayer,1,12,1791399926.2181628,1717600,worker_0,W001,ImageMath,step_started,started,41.935483870967744,13,31
cp_tutorial_3d_monolayer,1,12,1791399926.6623821,1717600,worker_0,W001,ImageMath,pattern_group,running,100.0,1,1
cp_tutorial_3d_monolayer,1,12,1791399926.6625245,1717600,worker_0,W001,ImageMath,step_completed,success,45.16129032258064,14,31
cp_tutorial_3d_monolayer,1,12,1791399926.6628664,1717600,worker_0,W001,Resize,step_started,started,45.16129032258064,14,31
cp_tutorial_3d_monolayer,1,12,1791399926.7207608,1717600,worker_0,W001,Resize,pattern_group,running,100.0,1,1
cp_tutorial_3d_monolayer,1,12,1791399926.7208934,1717600,worker_0,W001,Resize,step_completed,success,48.38709677419355,15,31
cp_tutorial_3d_monolayer,1,12,1791399926.724795,1717600,worker_0,W001,Closing,step_started,started,48.38709677419355,15,31
cp_tutorial_3d_monolayer,1,12,1791399926.8017566,1717600,worker_0,W001,Closing,pattern_group,running,100.0,1,1
cp_tutorial_3d_monolayer,1,12,1791399926.8018935,1717600,worker_0,W001,Closing,step_completed,success,51.61290322580645,16,31
cp_tutorial_3d_monolayer,1,12,1791399926.8024013,1717600,worker_0,W001,Resize,step_started,started,51.61290322580645,16,31
cp_tutorial_3d_monolayer,1,12,1791399926.8499863,1717600,worker_0,W001,Resize,pattern_group,running,100.0,1,1
cp_tutorial_3d_monolayer,1,12,1791399926.8501186,1717600,worker_0,W001,Resize,step_completed,success,54.83870967741935,17,31
cp_tutorial_3d_monolayer,1,12,1791399926.8506198,1717600,worker_0,W001,Threshold,step_started,started,54.83870967741935,17,31
cp_tutorial_3d_monolayer,1,12,1791399926.9711971,1717600,worker_0,W001,Threshold,pattern_group,running,100.0,1,1
cp_tutorial_3d_monolayer,1,12,1791399926.9714315,1717600,worker_0,W001,Threshold,step_completed,success,58.06451612903226,18,31
cp_tutorial_3d_monolayer,1,12,1791399926.971932,1717600,worker_0,W001,MaskImage,step_started,started,58.06451612903226,18,31
cp_tutorial_3d_monolayer,1,12,1791399927.0153222,1717600,worker_0,W001,MaskImage,pattern_group,running,100.0,1,1
cp_tutorial_3d_monolayer,1,12,1791399927.0154657,1717600,worker_0,W001,MaskImage,step_completed,success,61.29032258064516,19,31
cp_tutorial_3d_monolayer,1,12,1791399927.01607,1717600,worker_0,W001,ErodeImage,step_started,started,61.29032258064516,19,31
cp_tutorial_3d_monolayer,1,12,1791399927.046148,1717600,worker_0,W001,ErodeImage,pattern_group,running,100.0,1,1
cp_tutorial_3d_monolayer,1,12,1791399927.04629,1717600,worker_0,W001,ErodeImage,step_completed,success,64.51612903225806,20,31
cp_tutorial_3d_monolayer,1,12,1791399927.0467968,1717600,worker_0,W001,Watershed,step_started,started,64.51612903225806,20,31
cp_tutorial_3d_monolayer,1,12,1791399927.1318636,1717600,worker_0,W001,Watershed,pattern_group,running,100.0,1,1
cp_tutorial_3d_monolayer,1,12,1791399927.1322432,1717600,worker_0,W001,Watershed,step_completed,success,67.74193548387096,21,31
cp_tutorial_3d_monolayer,1,12,1791399927.1372597,1717600,worker_0,W001,MeasureObjectIntensity,step_started,started,67.74193548387096,21,31
cp_tutorial_3d_monolayer,1,12,1791399927.436134,1717600,worker_0,W001,MeasureObjectIntensity,pattern_group,running,50.0,1,2
cp_tutorial_3d_monolayer,1,12,1791399927.7576032,1717600,worker_0,W001,MeasureObjectIntensity,pattern_group,running,100.0,2,2
cp_tutorial_3d_monolayer,1,12,1791399927.7601788,1717600,worker_0,W001,MeasureObjectIntensity,step_completed,success,70.96774193548387,22,31
cp_tutorial_3d_monolayer,1,12,1791399927.7605653,1717600,worker_0,W001,MeasureObjectSizeShape,step_started,started,70.96774193548387,22,31
cp_tutorial_3d_monolayer,1,12,1791399927.9032383,1717600,worker_0,W001,MeasureObjectSizeShape,pattern_group,running,50.0,1,2
cp_tutorial_3d_monolayer,1,12,1791399928.020639,1717600,worker_0,W001,MeasureObjectSizeShape,pattern_group,running,100.0,2,2
cp_tutorial_3d_monolayer,1,12,1791399928.0211856,1717600,worker_0,W001,MeasureObjectSizeShape,step_completed,success,74.19354838709677,23,31
cp_tutorial_3d_monolayer,1,12,1791399928.021573,1717600,worker_0,W001,OverlayObjects,step_started,started,74.19354838709677,23,31
cp_tutorial_3d_monolayer,1,12,1791399928.071531,1717600,worker_0,W001,OverlayObjects,pattern_group,running,100.0,1,1
cp_tutorial_3d_monolayer,1,12,1791399928.0716352,1717600,worker_0,W001,OverlayObjects,step_completed,success,77.41935483870968,24,31
cp_tutorial_3d_monolayer,1,12,1791399928.0722141,1717600,worker_0,W001,RescaleIntensity,step_started,started,77.41935483870968,24,31
cp_tutorial_3d_monolayer,1,12,1791399928.1644735,1717600,worker_0,W001,RescaleIntensity,pattern_group,running,100.0,1,1
cp_tutorial_3d_monolayer,1,12,1791399928.1646152,1717600,worker_0,W001,RescaleIntensity,step_completed,success,80.64516129032258,25,31
cp_tutorial_3d_monolayer,1,12,1791399928.1649826,1717600,worker_0,W001,OverlayObjects,step_started,started,80.64516129032258,25,31
cp_tutorial_3d_monolayer,1,12,1791399928.2326167,1717600,worker_0,W001,OverlayObjects,pattern_group,running,100.0,1,1
cp_tutorial_3d_monolayer,1,12,1791399928.2327094,1717600,worker_0,W001,OverlayObjects,step_completed,success,83.87096774193549,26,31
cp_tutorial_3d_monolayer,1,12,1791399928.2333019,1717600,worker_0,W001,ConvertObjectsToImage,step_started,started,83.87096774193549,26,31
cp_tutorial_3d_monolayer,1,12,1791399928.273652,1717600,worker_0,W001,ConvertObjectsToImage,pattern_group,running,100.0,1,1
cp_tutorial_3d_monolayer,1,12,1791399928.2737892,1717600,worker_0,W001,ConvertObjectsToImage,step_completed,success,87.09677419354838,27,31
cp_tutorial_3d_monolayer,1,12,1791399928.2743793,1717600,worker_0,W001,SaveImages,step_started,started,87.09677419354838,27,31
cp_tutorial_3d_monolayer,1,12,1791399928.3228283,1717600,worker_0,W001,SaveImages,pattern_group,running,100.0,1,1
cp_tutorial_3d_monolayer,1,12,1791399928.3302352,1717600,worker_0,W001,SaveImages,step_completed,success,90.32258064516128,28,31
cp_tutorial_3d_monolayer,1,12,1791399928.3308427,1717600,worker_0,W001,ConvertObjectsToImage,step_started,started,90.32258064516128,28,31
cp_tutorial_3d_monolayer,1,12,1791399928.3661625,1717600,worker_0,W001,ConvertObjectsToImage,pattern_group,running,100.0,1,1
cp_tutorial_3d_monolayer,1,12,1791399928.3663301,1717600,worker_0,W001,ConvertObjectsToImage,step_completed,success,93.54838709677419,29,31
cp_tutorial_3d_monolayer,1,12,1791399928.37119,1717600,worker_0,W001,SaveImages,step_started,started,93.54838709677419,29,31
cp_tutorial_3d_monolayer,1,12,1791399928.4197714,1717600,worker_0,W001,SaveImages,pattern_group,running,100.0,1,1
cp_tutorial_3d_monolayer,1,12,1791399928.4276454,1717600,worker_0,W001,SaveImages,step_completed,success,96.7741935483871,30,31
cp_tutorial_3d_monolayer,1,12,1791399928.4295008,1717600,worker_0,W001,pipeline,axis_completed,success,96.7741935483871,30,31
cp_tutorial_3d_monolayer,1,12,1791399928.42957,1717600,worker_0,W002,pipeline,axis_started,started,0.0,0,31
cp_tutorial_3d_monolayer,1,12,1791399928.4324753,1717600,worker_0,W002,RescaleIntensity,step_started,started,0.0,0,31
cp_tutorial_3d_monolayer,1,12,1791399928.678035,1717600,worker_0,W002,RescaleIntensity,pattern_group,running,100.0,1,1
cp_tutorial_3d_monolayer,1,12,1791399928.6781907,1717600,worker_0,W002,RescaleIntensity,step_completed,success,3.225806451612903,1,31
cp_tutorial_3d_monolayer,1,12,1791399928.6785028,1717600,worker_0,W002,Resize,step_started,started,3.225806451612903,1,31
cp_tutorial_3d_monolayer,1,12,1791399928.7339315,1717600,worker_0,W002,Resize,pattern_group,running,100.0,1,1
cp_tutorial_3d_monolayer,1,12,1791399928.7340622,1717600,worker_0,W002,Resize,step_completed,success,6.451612903225806,2,31
cp_tutorial_3d_monolayer,1,12,1791399928.7343602,1717600,worker_0,W002,MedianFilter,step_started,started,6.451612903225806,2,31
cp_tutorial_3d_monolayer,1,12,1791399928.897003,1717600,worker_0,W002,MedianFilter,pattern_group,running,100.0,1,1
cp_tutorial_3d_monolayer,1,12,1791399928.8971367,1717600,worker_0,W002,MedianFilter,step_completed,success,9.67741935483871,3,31
cp_tutorial_3d_monolayer,1,12,1791399928.897501,1717600,worker_0,W002,Threshold,step_started,started,9.67741935483871,3,31
cp_tutorial_3d_monolayer,1,12,1791399928.9337301,1717600,worker_0,W002,Threshold,pattern_group,running,100.0,1,1
cp_tutorial_3d_monolayer,1,12,1791399928.9339716,1717600,worker_0,W002,Threshold,step_completed,success,12.903225806451612,4,31
cp_tutorial_3d_monolayer,1,12,1791399928.9344182,1717600,worker_0,W002,RemoveHoles,step_started,started,12.903225806451612,4,31
cp_tutorial_3d_monolayer,1,12,1791399928.9513078,1717600,worker_0,W002,RemoveHoles,pattern_group,running,100.0,1,1
cp_tutorial_3d_monolayer,1,12,1791399928.9514382,1717600,worker_0,W002,RemoveHoles,step_completed,success,16.129032258064516,5,31
cp_tutorial_3d_monolayer,1,12,1791399928.9517958,1717600,worker_0,W002,Watershed,step_started,started,16.129032258064516,5,31
cp_tutorial_3d_monolayer,1,12,1791399929.0352352,1717600,worker_0,W002,Watershed,pattern_group,running,100.0,1,1
cp_tutorial_3d_monolayer,1,12,1791399929.0356133,1717600,worker_0,W002,Watershed,step_completed,success,19.35483870967742,6,31
cp_tutorial_3d_monolayer,1,12,1791399929.0360024,1717600,worker_0,W002,ResizeObjects,step_started,started,19.35483870967742,6,31
cp_tutorial_3d_monolayer,1,12,1791399929.1784747,1717600,worker_0,W002,ResizeObjects,pattern_group,running,100.0,1,1
cp_tutorial_3d_monolayer,1,12,1791399929.1789567,1717600,worker_0,W002,ResizeObjects,step_completed,success,22.58064516129032,7,31
cp_tutorial_3d_monolayer,1,12,1791399929.1794026,1717600,worker_0,W002,ErodeObjects,step_started,started,22.58064516129032,7,31
cp_tutorial_3d_monolayer,1,12,1791399929.2284932,1717600,worker_0,W002,ErodeObjects,pattern_group,running,100.0,1,1
cp_tutorial_3d_monolayer,1,12,1791399929.228928,1717600,worker_0,W002,ErodeObjects,step_completed,success,25.806451612903224,8,31
cp_tutorial_3d_monolayer,1,12,1791399929.2293994,1717600,worker_0,W002,ResizeObjects,step_started,started,25.806451612903224,8,31
cp_tutorial_3d_monolayer,1,12,1791399929.296421,1717600,worker_0,W002,ResizeObjects,pattern_group,running,100.0,1,1
cp_tutorial_3d_monolayer,1,12,1791399929.29687,1717600,worker_0,W002,ResizeObjects,step_completed,success,29.03225806451613,9,31
cp_tutorial_3d_monolayer,1,12,1791399929.2973745,1717600,worker_0,W002,ConvertObjectsToImage,step_started,started,29.03225806451613,9,31
cp_tutorial_3d_monolayer,1,12,1791399929.3261268,1717600,worker_0,W002,ConvertObjectsToImage,pattern_group,running,100.0,1,1
cp_tutorial_3d_monolayer,1,12,1791399929.3262618,1717600,worker_0,W002,ConvertObjectsToImage,step_completed,success,32.25806451612903,10,31
cp_tutorial_3d_monolayer,1,12,1791399929.3267155,1717600,worker_0,W002,Threshold,step_started,started,32.25806451612903,10,31
cp_tutorial_3d_monolayer,1,12,1791399929.5211258,1717600,worker_0,W002,Threshold,pattern_group,running,100.0,1,1
cp_tutorial_3d_monolayer,1,12,1791399929.521369,1717600,worker_0,W002,Threshold,step_completed,success,35.483870967741936,11,31
cp_tutorial_3d_monolayer,1,12,1791399929.521702,1717600,worker_0,W002,ImageMath,step_started,started,35.483870967741936,11,31
cp_tutorial_3d_monolayer,1,12,1791399929.606996,1717600,worker_0,W002,ImageMath,pattern_group,running,100.0,1,1
cp_tutorial_3d_monolayer,1,12,1791399929.607133,1717600,worker_0,W002,ImageMath,step_completed,success,38.70967741935484,12,31
cp_tutorial_3d_monolayer,1,12,1791399929.6101558,1717600,worker_0,W002,RemoveHoles,step_started,started,38.70967741935484,12,31
cp_tutorial_3d_monolayer,1,12,1791399929.782523,1717600,worker_0,W002,RemoveHoles,pattern_group,running,100.0,1,1
cp_tutorial_3d_monolayer,1,12,1791399929.7826846,1717600,worker_0,W002,RemoveHoles,step_completed,success,41.935483870967744,13,31
cp_tutorial_3d_monolayer,1,12,1791399929.783184,1717600,worker_0,W002,ImageMath,step_started,started,41.935483870967744,13,31
cp_tutorial_3d_monolayer,1,12,1791399930.0645516,1717600,worker_0,W002,ImageMath,pattern_group,running,100.0,1,1
cp_tutorial_3d_monolayer,1,12,1791399930.0646923,1717600,worker_0,W002,ImageMath,step_completed,success,45.16129032258064,14,31
cp_tutorial_3d_monolayer,1,12,1791399930.0650291,1717600,worker_0,W002,Resize,step_started,started,45.16129032258064,14,31
cp_tutorial_3d_monolayer,1,12,1791399930.1226165,1717600,worker_0,W002,Resize,pattern_group,running,100.0,1,1
cp_tutorial_3d_monolayer,1,12,1791399930.122744,1717600,worker_0,W002,Resize,step_completed,success,48.38709677419355,15,31
cp_tutorial_3d_monolayer,1,12,1791399930.125733,1717600,worker_0,W002,Closing,step_started,started,48.38709677419355,15,31
cp_tutorial_3d_monolayer,1,12,1791399930.2027705,1717600,worker_0,W002,Closing,pattern_group,running,100.0,1,1
cp_tutorial_3d_monolayer,1,12,1791399930.202901,1717600,worker_0,W002,Closing,step_completed,success,51.61290322580645,16,31
cp_tutorial_3d_monolayer,1,12,1791399930.203403,1717600,worker_0,W002,Resize,step_started,started,51.61290322580645,16,31
cp_tutorial_3d_monolayer,1,12,1791399930.251618,1717600,worker_0,W002,Resize,pattern_group,running,100.0,1,1
cp_tutorial_3d_monolayer,1,12,1791399930.251751,1717600,worker_0,W002,Resize,step_completed,success,54.83870967741935,17,31
cp_tutorial_3d_monolayer,1,12,1791399930.2522395,1717600,worker_0,W002,Threshold,step_started,started,54.83870967741935,17,31
cp_tutorial_3d_monolayer,1,12,1791399930.3832753,1717600,worker_0,W002,Threshold,pattern_group,running,100.0,1,1
cp_tutorial_3d_monolayer,1,12,1791399930.3835104,1717600,worker_0,W002,Threshold,step_completed,success,58.06451612903226,18,31
cp_tutorial_3d_monolayer,1,12,1791399930.3840258,1717600,worker_0,W002,MaskImage,step_started,started,58.06451612903226,18,31
cp_tutorial_3d_monolayer,1,12,1791399930.4265766,1717600,worker_0,W002,MaskImage,pattern_group,running,100.0,1,1
cp_tutorial_3d_monolayer,1,12,1791399930.426717,1717600,worker_0,W002,MaskImage,step_completed,success,61.29032258064516,19,31
cp_tutorial_3d_monolayer,1,12,1791399930.4273129,1717600,worker_0,W002,ErodeImage,step_started,started,61.29032258064516,19,31
cp_tutorial_3d_monolayer,1,12,1791399930.4572995,1717600,worker_0,W002,ErodeImage,pattern_group,running,100.0,1,1
cp_tutorial_3d_monolayer,1,12,1791399930.4574358,1717600,worker_0,W002,ErodeImage,step_completed,success,64.51612903225806,20,31
cp_tutorial_3d_monolayer,1,12,1791399930.4579422,1717600,worker_0,W002,Watershed,step_started,started,64.51612903225806,20,31
cp_tutorial_3d_monolayer,1,12,1791399930.58615,1717600,worker_0,W002,Watershed,pattern_group,running,100.0,1,1
cp_tutorial_3d_monolayer,1,12,1791399930.5865345,1717600,worker_0,W002,Watershed,step_completed,success,67.74193548387096,21,31
cp_tutorial_3d_monolayer,1,12,1791399930.5871115,1717600,worker_0,W002,MeasureObjectIntensity,step_started,started,67.74193548387096,21,31
cp_tutorial_3d_monolayer,1,12,1791399930.825541,1717600,worker_0,W002,MeasureObjectIntensity,pattern_group,running,50.0,1,2
cp_tutorial_3d_monolayer,1,12,1791399931.0994024,1717600,worker_0,W002,MeasureObjectIntensity,pattern_group,running,100.0,2,2
cp_tutorial_3d_monolayer,1,12,1791399931.1016116,1717600,worker_0,W002,MeasureObjectIntensity,step_completed,success,70.96774193548387,22,31
cp_tutorial_3d_monolayer,1,12,1791399931.1019812,1717600,worker_0,W002,MeasureObjectSizeShape,step_started,started,70.96774193548387,22,31
cp_tutorial_3d_monolayer,1,12,1791399931.192975,1717600,worker_0,W002,MeasureObjectSizeShape,pattern_group,running,50.0,1,2
cp_tutorial_3d_monolayer,1,12,1791399931.28664,1717600,worker_0,W002,MeasureObjectSizeShape,pattern_group,running,100.0,2,2
cp_tutorial_3d_monolayer,1,12,1791399931.2871878,1717600,worker_0,W002,MeasureObjectSizeShape,step_completed,success,74.19354838709677,23,31
cp_tutorial_3d_monolayer,1,12,1791399931.2875664,1717600,worker_0,W002,OverlayObjects,step_started,started,74.19354838709677,23,31
cp_tutorial_3d_monolayer,1,12,1791399931.3218203,1717600,worker_0,W002,OverlayObjects,pattern_group,running,100.0,1,1
cp_tutorial_3d_monolayer,1,12,1791399931.3219254,1717600,worker_0,W002,OverlayObjects,step_completed,success,77.41935483870968,24,31
cp_tutorial_3d_monolayer,1,12,1791399931.3225145,1717600,worker_0,W002,RescaleIntensity,step_started,started,77.41935483870968,24,31
cp_tutorial_3d_monolayer,1,12,1791399931.4146829,1717600,worker_0,W002,RescaleIntensity,pattern_group,running,100.0,1,1
cp_tutorial_3d_monolayer,1,12,1791399931.4148166,1717600,worker_0,W002,RescaleIntensity,step_completed,success,80.64516129032258,25,31
cp_tutorial_3d_monolayer,1,12,1791399931.4151676,1717600,worker_0,W002,OverlayObjects,step_started,started,80.64516129032258,25,31
cp_tutorial_3d_monolayer,1,12,1791399931.447615,1717600,worker_0,W002,OverlayObjects,pattern_group,running,100.0,1,1
cp_tutorial_3d_monolayer,1,12,1791399931.4477072,1717600,worker_0,W002,OverlayObjects,step_completed,success,83.87096774193549,26,31
cp_tutorial_3d_monolayer,1,12,1791399931.4482949,1717600,worker_0,W002,ConvertObjectsToImage,step_started,started,83.87096774193549,26,31
cp_tutorial_3d_monolayer,1,12,1791399931.4806044,1717600,worker_0,W002,ConvertObjectsToImage,pattern_group,running,100.0,1,1
cp_tutorial_3d_monolayer,1,12,1791399931.4807384,1717600,worker_0,W002,ConvertObjectsToImage,step_completed,success,87.09677419354838,27,31
cp_tutorial_3d_monolayer,1,12,1791399931.4813042,1717600,worker_0,W002,SaveImages,step_started,started,87.09677419354838,27,31
cp_tutorial_3d_monolayer,1,12,1791399931.5292225,1717600,worker_0,W002,SaveImages,pattern_group,running,100.0,1,1
cp_tutorial_3d_monolayer,1,12,1791399931.5357723,1717600,worker_0,W002,SaveImages,step_completed,success,90.32258064516128,28,31
cp_tutorial_3d_monolayer,1,12,1791399931.5363486,1717600,worker_0,W002,ConvertObjectsToImage,step_started,started,90.32258064516128,28,31
cp_tutorial_3d_monolayer,1,12,1791399931.5663462,1717600,worker_0,W002,ConvertObjectsToImage,pattern_group,running,100.0,1,1
cp_tutorial_3d_monolayer,1,12,1791399931.5665052,1717600,worker_0,W002,ConvertObjectsToImage,step_completed,success,93.54838709677419,29,31
cp_tutorial_3d_monolayer,1,12,1791399931.5716436,1717600,worker_0,W002,SaveImages,step_started,started,93.54838709677419,29,31
cp_tutorial_3d_monolayer,1,12,1791399931.6208458,1717600,worker_0,W002,SaveImages,pattern_group,running,100.0,1,1
cp_tutorial_3d_monolayer,1,12,1791399931.6282232,1717600,worker_0,W002,SaveImages,step_completed,success,96.7741935483871,30,31
cp_tutorial_3d_monolayer,1,12,1791399931.629331,1717600,worker_0,W002,pipeline,axis_completed,success,96.7741935483871,30,31
cp_tutorial_3d_monolayer,1,12,1791399931.6294005,1717600,worker_0,W003,pipeline,axis_started,started,0.0,0,31
cp_tutorial_3d_monolayer,1,12,1791399931.6322865,1717600,worker_0,W003,RescaleIntensity,step_started,started,0.0,0,31
cp_tutorial_3d_monolayer,1,12,1791399931.8784413,1717600,worker_0,W003,RescaleIntensity,pattern_group,running,100.0,1,1
cp_tutorial_3d_monolayer,1,12,1791399931.8785744,1717600,worker_0,W003,RescaleIntensity,step_completed,success,3.225806451612903,1,31
cp_tutorial_3d_monolayer,1,12,1791399931.8788567,1717600,worker_0,W003,Resize,step_started,started,3.225806451612903,1,31
cp_tutorial_3d_monolayer,1,12,1791399931.93452,1717600,worker_0,W003,Resize,pattern_group,running,100.0,1,1
cp_tutorial_3d_monolayer,1,12,1791399931.934686,1717600,worker_0,W003,Resize,step_completed,success,6.451612903225806,2,31
cp_tutorial_3d_monolayer,1,12,1791399931.9350324,1717600,worker_0,W003,MedianFilter,step_started,started,6.451612903225806,2,31
cp_tutorial_3d_monolayer,1,12,1791399932.0981803,1717600,worker_0,W003,MedianFilter,pattern_group,running,100.0,1,1
cp_tutorial_3d_monolayer,1,12,1791399932.0983164,1717600,worker_0,W003,MedianFilter,step_completed,success,9.67741935483871,3,31
cp_tutorial_3d_monolayer,1,12,1791399932.0986662,1717600,worker_0,W003,Threshold,step_started,started,9.67741935483871,3,31
cp_tutorial_3d_monolayer,1,12,1791399932.134874,1717600,worker_0,W003,Threshold,pattern_group,running,100.0,1,1
cp_tutorial_3d_monolayer,1,12,1791399932.1351097,1717600,worker_0,W003,Threshold,step_completed,success,12.903225806451612,4,31
cp_tutorial_3d_monolayer,1,12,1791399932.135506,1717600,worker_0,W003,RemoveHoles,step_started,started,12.903225806451612,4,31
cp_tutorial_3d_monolayer,1,12,1791399932.150926,1717600,worker_0,W003,RemoveHoles,pattern_group,running,100.0,1,1
cp_tutorial_3d_monolayer,1,12,1791399932.1510446,1717600,worker_0,W003,RemoveHoles,step_completed,success,16.129032258064516,5,31
cp_tutorial_3d_monolayer,1,12,1791399932.151451,1717600,worker_0,W003,Watershed,step_started,started,16.129032258064516,5,31
cp_tutorial_3d_monolayer,1,12,1791399932.2396846,1717600,worker_0,W003,Watershed,pattern_group,running,100.0,1,1
cp_tutorial_3d_monolayer,1,12,1791399932.2400453,1717600,worker_0,W003,Watershed,step_completed,success,19.35483870967742,6,31
cp_tutorial_3d_monolayer,1,12,1791399932.2404437,1717600,worker_0,W003,ResizeObjects,step_started,started,19.35483870967742,6,31
cp_tutorial_3d_monolayer,1,12,1791399932.2690432,1717600,worker_0,W003,ResizeObjects,pattern_group,running,100.0,1,1
cp_tutorial_3d_monolayer,1,12,1791399932.269511,1717600,worker_0,W003,ResizeObjects,step_completed,success,22.58064516129032,7,31
cp_tutorial_3d_monolayer,1,12,1791399932.269931,1717600,worker_0,W003,ErodeObjects,step_started,started,22.58064516129032,7,31
cp_tutorial_3d_monolayer,1,12,1791399932.32339,1717600,worker_0,W003,ErodeObjects,pattern_group,running,100.0,1,1
cp_tutorial_3d_monolayer,1,12,1791399932.3238378,1717600,worker_0,W003,ErodeObjects,step_completed,success,25.806451612903224,8,31
cp_tutorial_3d_monolayer,1,12,1791399932.3243165,1717600,worker_0,W003,ResizeObjects,step_started,started,25.806451612903224,8,31
cp_tutorial_3d_monolayer,1,12,1791399932.3508608,1717600,worker_0,W003,ResizeObjects,pattern_group,running,100.0,1,1
cp_tutorial_3d_monolayer,1,12,1791399932.3513188,1717600,worker_0,W003,ResizeObjects,step_completed,success,29.03225806451613,9,31
cp_tutorial_3d_monolayer,1,12,1791399932.3518126,1717600,worker_0,W003,ConvertObjectsToImage,step_started,started,29.03225806451613,9,31
cp_tutorial_3d_monolayer,1,12,1791399932.3706224,1717600,worker_0,W003,ConvertObjectsToImage,pattern_group,running,100.0,1,1
cp_tutorial_3d_monolayer,1,12,1791399932.37076,1717600,worker_0,W003,ConvertObjectsToImage,step_completed,success,32.25806451612903,10,31
cp_tutorial_3d_monolayer,1,12,1791399932.3715699,1717600,worker_0,W003,Threshold,step_started,started,32.25806451612903,10,31
cp_tutorial_3d_monolayer,1,12,1791399932.5520895,1717600,worker_0,W003,Threshold,pattern_group,running,100.0,1,1
cp_tutorial_3d_monolayer,1,12,1791399932.552356,1717600,worker_0,W003,Threshold,step_completed,success,35.483870967741936,11,31
cp_tutorial_3d_monolayer,1,12,1791399932.5526984,1717600,worker_0,W003,ImageMath,step_started,started,35.483870967741936,11,31
cp_tutorial_3d_monolayer,1,12,1791399932.583607,1717600,worker_0,W003,ImageMath,pattern_group,running,100.0,1,1
cp_tutorial_3d_monolayer,1,12,1791399932.5837486,1717600,worker_0,W003,ImageMath,step_completed,success,38.70967741935484,12,31
cp_tutorial_3d_monolayer,1,12,1791399932.5846112,1717600,worker_0,W003,RemoveHoles,step_started,started,38.70967741935484,12,31
cp_tutorial_3d_monolayer,1,12,1791399932.6388228,1717600,worker_0,W003,RemoveHoles,pattern_group,running,100.0,1,1
cp_tutorial_3d_monolayer,1,12,1791399932.638961,1717600,worker_0,W003,RemoveHoles,step_completed,success,41.935483870967744,13,31
cp_tutorial_3d_monolayer,1,12,1791399932.6394472,1717600,worker_0,W003,ImageMath,step_started,started,41.935483870967744,13,31
cp_tutorial_3d_monolayer,1,12,1791399933.0029347,1717600,worker_0,W003,ImageMath,pattern_group,running,100.0,1,1
cp_tutorial_3d_monolayer,1,12,1791399933.0030766,1717600,worker_0,W003,ImageMath,step_completed,success,45.16129032258064,14,31
cp_tutorial_3d_monolayer,1,12,1791399933.0034208,1717600,worker_0,W003,Resize,step_started,started,45.16129032258064,14,31
cp_tutorial_3d_monolayer,1,12,1791399933.0615773,1717600,worker_0,W003,Resize,pattern_group,running,100.0,1,1
cp_tutorial_3d_monolayer,1,12,1791399933.0617104,1717600,worker_0,W003,Resize,step_completed,success,48.38709677419355,15,31
cp_tutorial_3d_monolayer,1,12,1791399933.0645192,1717600,worker_0,W003,Closing,step_started,started,48.38709677419355,15,31
cp_tutorial_3d_monolayer,1,12,1791399933.1404443,1717600,worker_0,W003,Closing,pattern_group,running,100.0,1,1
cp_tutorial_3d_monolayer,1,12,1791399933.140574,1717600,worker_0,W003,Closing,step_completed,success,51.61290322580645,16,31
cp_tutorial_3d_monolayer,1,12,1791399933.1412053,1717600,worker_0,W003,Resize,step_started,started,51.61290322580645,16,31
cp_tutorial_3d_monolayer,1,12,1791399933.1895237,1717600,worker_0,W003,Resize,pattern_group,running,100.0,1,1
cp_tutorial_3d_monolayer,1,12,1791399933.18969,1717600,worker_0,W003,Resize,step_completed,success,54.83870967741935,17,31
cp_tutorial_3d_monolayer,1,12,1791399933.1902106,1717600,worker_0,W003,Threshold,step_started,started,54.83870967741935,17,31
cp_tutorial_3d_monolayer,1,12,1791399933.3106577,1717600,worker_0,W003,Threshold,pattern_group,running,100.0,1,1
cp_tutorial_3d_monolayer,1,12,1791399933.3108892,1717600,worker_0,W003,Threshold,step_completed,success,58.06451612903226,18,31
cp_tutorial_3d_monolayer,1,12,1791399933.3114045,1717600,worker_0,W003,MaskImage,step_started,started,58.06451612903226,18,31
cp_tutorial_3d_monolayer,1,12,1791399933.3537385,1717600,worker_0,W003,MaskImage,pattern_group,running,100.0,1,1
cp_tutorial_3d_monolayer,1,12,1791399933.3538797,1717600,worker_0,W003,MaskImage,step_completed,success,61.29032258064516,19,31
cp_tutorial_3d_monolayer,1,12,1791399933.354504,1717600,worker_0,W003,ErodeImage,step_started,started,61.29032258064516,19,31
cp_tutorial_3d_monolayer,1,12,1791399933.3851259,1717600,worker_0,W003,ErodeImage,pattern_group,running,100.0,1,1
cp_tutorial_3d_monolayer,1,12,1791399933.3852592,1717600,worker_0,W003,ErodeImage,step_completed,success,64.51612903225806,20,31
cp_tutorial_3d_monolayer,1,12,1791399933.3857822,1717600,worker_0,W003,Watershed,step_started,started,64.51612903225806,20,31
cp_tutorial_3d_monolayer,1,12,1791399933.4620585,1717600,worker_0,W003,Watershed,pattern_group,running,100.0,1,1
cp_tutorial_3d_monolayer,1,12,1791399933.4624465,1717600,worker_0,W003,Watershed,step_completed,success,67.74193548387096,21,31
cp_tutorial_3d_monolayer,1,12,1791399933.4630265,1717600,worker_0,W003,MeasureObjectIntensity,step_started,started,67.74193548387096,21,31
cp_tutorial_3d_monolayer,1,12,1791399933.7103527,1717600,worker_0,W003,MeasureObjectIntensity,pattern_group,running,50.0,1,2
cp_tutorial_3d_monolayer,1,12,1791399933.9946132,1717600,worker_0,W003,MeasureObjectIntensity,pattern_group,running,100.0,2,2
cp_tutorial_3d_monolayer,1,12,1791399933.9967442,1717600,worker_0,W003,MeasureObjectIntensity,step_completed,success,70.96774193548387,22,31
cp_tutorial_3d_monolayer,1,12,1791399933.997106,1717600,worker_0,W003,MeasureObjectSizeShape,step_started,started,70.96774193548387,22,31
cp_tutorial_3d_monolayer,1,12,1791399934.0876217,1717600,worker_0,W003,MeasureObjectSizeShape,pattern_group,running,50.0,1,2
cp_tutorial_3d_monolayer,1,12,1791399934.1808043,1717600,worker_0,W003,MeasureObjectSizeShape,pattern_group,running,100.0,2,2
cp_tutorial_3d_monolayer,1,12,1791399934.1813626,1717600,worker_0,W003,MeasureObjectSizeShape,step_completed,success,74.19354838709677,23,31
cp_tutorial_3d_monolayer,1,12,1791399934.1817362,1717600,worker_0,W003,OverlayObjects,step_started,started,74.19354838709677,23,31
cp_tutorial_3d_monolayer,1,12,1791399934.2121978,1717600,worker_0,W003,OverlayObjects,pattern_group,running,100.0,1,1
cp_tutorial_3d_monolayer,1,12,1791399934.2123125,1717600,worker_0,W003,OverlayObjects,step_completed,success,77.41935483870968,24,31
cp_tutorial_3d_monolayer,1,12,1791399934.2128906,1717600,worker_0,W003,RescaleIntensity,step_started,started,77.41935483870968,24,31
cp_tutorial_3d_monolayer,1,12,1791399934.3037007,1717600,worker_0,W003,RescaleIntensity,pattern_group,running,100.0,1,1
cp_tutorial_3d_monolayer,1,12,1791399934.3038375,1717600,worker_0,W003,RescaleIntensity,step_completed,success,80.64516129032258,25,31
cp_tutorial_3d_monolayer,1,12,1791399934.3042002,1717600,worker_0,W003,OverlayObjects,step_started,started,80.64516129032258,25,31
cp_tutorial_3d_monolayer,1,12,1791399934.3340418,1717600,worker_0,W003,OverlayObjects,pattern_group,running,100.0,1,1
cp_tutorial_3d_monolayer,1,12,1791399934.3341343,1717600,worker_0,W003,OverlayObjects,step_completed,success,83.87096774193549,26,31
cp_tutorial_3d_monolayer,1,12,1791399934.334731,1717600,worker_0,W003,ConvertObjectsToImage,step_started,started,83.87096774193549,26,31
cp_tutorial_3d_monolayer,1,12,1791399934.367137,1717600,worker_0,W003,ConvertObjectsToImage,pattern_group,running,100.0,1,1
cp_tutorial_3d_monolayer,1,12,1791399934.3672829,1717600,worker_0,W003,ConvertObjectsToImage,step_completed,success,87.09677419354838,27,31
cp_tutorial_3d_monolayer,1,12,1791399934.3678637,1717600,worker_0,W003,SaveImages,step_started,started,87.09677419354838,27,31
cp_tutorial_3d_monolayer,1,12,1791399934.4160397,1717600,worker_0,W003,SaveImages,pattern_group,running,100.0,1,1
cp_tutorial_3d_monolayer,1,12,1791399934.4226878,1717600,worker_0,W003,SaveImages,step_completed,success,90.32258064516128,28,31
cp_tutorial_3d_monolayer,1,12,1791399934.423258,1717600,worker_0,W003,ConvertObjectsToImage,step_started,started,90.32258064516128,28,31
cp_tutorial_3d_monolayer,1,12,1791399934.4537137,1717600,worker_0,W003,ConvertObjectsToImage,pattern_group,running,100.0,1,1
cp_tutorial_3d_monolayer,1,12,1791399934.4538672,1717600,worker_0,W003,ConvertObjectsToImage,step_completed,success,93.54838709677419,29,31
cp_tutorial_3d_monolayer,1,12,1791399934.4553282,1717600,worker_0,W003,SaveImages,step_started,started,93.54838709677419,29,31
cp_tutorial_3d_monolayer,1,12,1791399934.5045917,1717600,worker_0,W003,SaveImages,pattern_group,running,100.0,1,1
cp_tutorial_3d_monolayer,1,12,1791399934.5117986,1717600,worker_0,W003,SaveImages,step_completed,success,96.7741935483871,30,31
cp_tutorial_3d_monolayer,1,12,1791399934.512877,1717600,worker_0,W003,pipeline,axis_completed,success,96.7741935483871,30,31
cp_tutorial_3d_monolayer,1,12,1791399934.5129423,1717600,worker_0,W004,pipeline,axis_started,started,0.0,0,31
cp_tutorial_3d_monolayer,1,12,1791399934.515806,1717600,worker_0,W004,RescaleIntensity,step_started,started,0.0,0,31
cp_tutorial_3d_monolayer,1,12,1791399934.7619448,1717600,worker_0,W004,RescaleIntensity,pattern_group,running,100.0,1,1
cp_tutorial_3d_monolayer,1,12,1791399934.762083,1717600,worker_0,W004,RescaleIntensity,step_completed,success,3.225806451612903,1,31
cp_tutorial_3d_monolayer,1,12,1791399934.7623816,1717600,worker_0,W004,Resize,step_started,started,3.225806451612903,1,31
cp_tutorial_3d_monolayer,1,12,1791399934.8174012,1717600,worker_0,W004,Resize,pattern_group,running,100.0,1,1
cp_tutorial_3d_monolayer,1,12,1791399934.817535,1717600,worker_0,W004,Resize,step_completed,success,6.451612903225806,2,31
cp_tutorial_3d_monolayer,1,12,1791399934.8178213,1717600,worker_0,W004,MedianFilter,step_started,started,6.451612903225806,2,31
cp_tutorial_3d_monolayer,1,12,1791399934.980999,1717600,worker_0,W004,MedianFilter,pattern_group,running,100.0,1,1
cp_tutorial_3d_monolayer,1,12,1791399934.981129,1717600,worker_0,W004,MedianFilter,step_completed,success,9.67741935483871,3,31
cp_tutorial_3d_monolayer,1,12,1791399934.9814835,1717600,worker_0,W004,Threshold,step_started,started,9.67741935483871,3,31
cp_tutorial_3d_monolayer,1,12,1791399935.0170488,1717600,worker_0,W004,Threshold,pattern_group,running,100.0,1,1
cp_tutorial_3d_monolayer,1,12,1791399935.0172825,1717600,worker_0,W004,Threshold,step_completed,success,12.903225806451612,4,31
cp_tutorial_3d_monolayer,1,12,1791399935.0176628,1717600,worker_0,W004,RemoveHoles,step_started,started,12.903225806451612,4,31
cp_tutorial_3d_monolayer,1,12,1791399935.0338106,1717600,worker_0,W004,RemoveHoles,pattern_group,running,100.0,1,1
cp_tutorial_3d_monolayer,1,12,1791399935.0339365,1717600,worker_0,W004,RemoveHoles,step_completed,success,16.129032258064516,5,31
cp_tutorial_3d_monolayer,1,12,1791399935.0343034,1717600,worker_0,W004,Watershed,step_started,started,16.129032258064516,5,31
cp_tutorial_3d_monolayer,1,12,1791399935.1222894,1717600,worker_0,W004,Watershed,pattern_group,running,100.0,1,1
cp_tutorial_3d_monolayer,1,12,1791399935.1226602,1717600,worker_0,W004,Watershed,step_completed,success,19.35483870967742,6,31
cp_tutorial_3d_monolayer,1,12,1791399935.123052,1717600,worker_0,W004,ResizeObjects,step_started,started,19.35483870967742,6,31
cp_tutorial_3d_monolayer,1,12,1791399935.150136,1717600,worker_0,W004,ResizeObjects,pattern_group,running,100.0,1,1
cp_tutorial_3d_monolayer,1,12,1791399935.1505983,1717600,worker_0,W004,ResizeObjects,step_completed,success,22.58064516129032,7,31
cp_tutorial_3d_monolayer,1,12,1791399935.1510146,1717600,worker_0,W004,ErodeObjects,step_started,started,22.58064516129032,7,31
cp_tutorial_3d_monolayer,1,12,1791399935.2032652,1717600,worker_0,W004,ErodeObjects,pattern_group,running,100.0,1,1
cp_tutorial_3d_monolayer,1,12,1791399935.2037082,1717600,worker_0,W004,ErodeObjects,step_completed,success,25.806451612903224,8,31
cp_tutorial_3d_monolayer,1,12,1791399935.2041783,1717600,worker_0,W004,ResizeObjects,step_started,started,25.806451612903224,8,31
cp_tutorial_3d_monolayer,1,12,1791399935.2292988,1717600,worker_0,W004,ResizeObjects,pattern_group,running,100.0,1,1
cp_tutorial_3d_monolayer,1,12,1791399935.2297745,1717600,worker_0,W004,ResizeObjects,step_completed,success,29.03225806451613,9,31
cp_tutorial_3d_monolayer,1,12,1791399935.230292,1717600,worker_0,W004,ConvertObjectsToImage,step_started,started,29.03225806451613,9,31
cp_tutorial_3d_monolayer,1,12,1791399935.2492566,1717600,worker_0,W004,ConvertObjectsToImage,pattern_group,running,100.0,1,1
cp_tutorial_3d_monolayer,1,12,1791399935.2494016,1717600,worker_0,W004,ConvertObjectsToImage,step_completed,success,32.25806451612903,10,31
cp_tutorial_3d_monolayer,1,12,1791399935.2502034,1717600,worker_0,W004,Threshold,step_started,started,32.25806451612903,10,31
cp_tutorial_3d_monolayer,1,12,1791399935.4304981,1717600,worker_0,W004,Threshold,pattern_group,running,100.0,1,1
cp_tutorial_3d_monolayer,1,12,1791399935.4307876,1717600,worker_0,W004,Threshold,step_completed,success,35.483870967741936,11,31
cp_tutorial_3d_monolayer,1,12,1791399935.4311423,1717600,worker_0,W004,ImageMath,step_started,started,35.483870967741936,11,31
cp_tutorial_3d_monolayer,1,12,1791399935.4616616,1717600,worker_0,W004,ImageMath,pattern_group,running,100.0,1,1
cp_tutorial_3d_monolayer,1,12,1791399935.4618013,1717600,worker_0,W004,ImageMath,step_completed,success,38.70967741935484,12,31
cp_tutorial_3d_monolayer,1,12,1791399935.462712,1717600,worker_0,W004,RemoveHoles,step_started,started,38.70967741935484,12,31
cp_tutorial_3d_monolayer,1,12,1791399935.5109637,1717600,worker_0,W004,RemoveHoles,pattern_group,running,100.0,1,1
cp_tutorial_3d_monolayer,1,12,1791399935.5110984,1717600,worker_0,W004,RemoveHoles,step_completed,success,41.935483870967744,13,31
cp_tutorial_3d_monolayer,1,12,1791399935.5116808,1717600,worker_0,W004,ImageMath,step_started,started,41.935483870967744,13,31
cp_tutorial_3d_monolayer,1,12,1791399935.7869945,1717600,worker_0,W004,ImageMath,pattern_group,running,100.0,1,1
cp_tutorial_3d_monolayer,1,12,1791399935.787135,1717600,worker_0,W004,ImageMath,step_completed,success,45.16129032258064,14,31
cp_tutorial_3d_monolayer,1,12,1791399935.7874827,1717600,worker_0,W004,Resize,step_started,started,45.16129032258064,14,31
cp_tutorial_3d_monolayer,1,12,1791399935.8454742,1717600,worker_0,W004,Resize,pattern_group,running,100.0,1,1
cp_tutorial_3d_monolayer,1,12,1791399935.845601,1717600,worker_0,W004,Resize,step_completed,success,48.38709677419355,15,31
cp_tutorial_3d_monolayer,1,12,1791399935.8477726,1717600,worker_0,W004,Closing,step_started,started,48.38709677419355,15,31
cp_tutorial_3d_monolayer,1,12,1791399935.923518,1717600,worker_0,W004,Closing,pattern_group,running,100.0,1,1
cp_tutorial_3d_monolayer,1,12,1791399935.9236465,1717600,worker_0,W004,Closing,step_completed,success,51.61290322580645,16,31
cp_tutorial_3d_monolayer,1,12,1791399935.9241276,1717600,worker_0,W004,Resize,step_started,started,51.61290322580645,16,31
cp_tutorial_3d_monolayer,1,12,1791399935.9743578,1717600,worker_0,W004,Resize,pattern_group,running,100.0,1,1
cp_tutorial_3d_monolayer,1,12,1791399935.9744918,1717600,worker_0,W004,Resize,step_completed,success,54.83870967741935,17,31
cp_tutorial_3d_monolayer,1,12,1791399935.9749863,1717600,worker_0,W004,Threshold,step_started,started,54.83870967741935,17,31
cp_tutorial_3d_monolayer,1,12,1791399936.0956607,1717600,worker_0,W004,Threshold,pattern_group,running,100.0,1,1
cp_tutorial_3d_monolayer,1,12,1791399936.0958982,1717600,worker_0,W004,Threshold,step_completed,success,58.06451612903226,18,31
cp_tutorial_3d_monolayer,1,12,1791399936.096419,1717600,worker_0,W004,MaskImage,step_started,started,58.06451612903226,18,31
cp_tutorial_3d_monolayer,1,12,1791399936.1385195,1717600,worker_0,W004,MaskImage,pattern_group,running,100.0,1,1
cp_tutorial_3d_monolayer,1,12,1791399936.1386573,1717600,worker_0,W004,MaskImage,step_completed,success,61.29032258064516,19,31
cp_tutorial_3d_monolayer,1,12,1791399936.139232,1717600,worker_0,W004,ErodeImage,step_started,started,61.29032258064516,19,31
cp_tutorial_3d_monolayer,1,12,1791399936.1707659,1717600,worker_0,W004,ErodeImage,pattern_group,running,100.0,1,1
cp_tutorial_3d_monolayer,1,12,1791399936.1709182,1717600,worker_0,W004,ErodeImage,step_completed,success,64.51612903225806,20,31
cp_tutorial_3d_monolayer,1,12,1791399936.1714635,1717600,worker_0,W004,Watershed,step_started,started,64.51612903225806,20,31
cp_tutorial_3d_monolayer,1,12,1791399936.2486298,1717600,worker_0,W004,Watershed,pattern_group,running,100.0,1,1
cp_tutorial_3d_monolayer,1,12,1791399936.2491107,1717600,worker_0,W004,Watershed,step_completed,success,67.74193548387096,21,31
cp_tutorial_3d_monolayer,1,12,1791399936.2497036,1717600,worker_0,W004,MeasureObjectIntensity,step_started,started,67.74193548387096,21,31
cp_tutorial_3d_monolayer,1,12,1791399936.4976153,1717600,worker_0,W004,MeasureObjectIntensity,pattern_group,running,50.0,1,2
cp_tutorial_3d_monolayer,1,12,1791399936.7891293,1717600,worker_0,W004,MeasureObjectIntensity,pattern_group,running,100.0,2,2
cp_tutorial_3d_monolayer,1,12,1791399936.7912593,1717600,worker_0,W004,MeasureObjectIntensity,step_completed,success,70.96774193548387,22,31
cp_tutorial_3d_monolayer,1,12,1791399936.7916265,1717600,worker_0,W004,MeasureObjectSizeShape,step_started,started,70.96774193548387,22,31
cp_tutorial_3d_monolayer,1,12,1791399936.882197,1717600,worker_0,W004,MeasureObjectSizeShape,pattern_group,running,50.0,1,2
cp_tutorial_3d_monolayer,1,12,1791399936.9767206,1717600,worker_0,W004,MeasureObjectSizeShape,pattern_group,running,100.0,2,2
cp_tutorial_3d_monolayer,1,12,1791399936.9772847,1717600,worker_0,W004,MeasureObjectSizeShape,step_completed,success,74.19354838709677,23,31
cp_tutorial_3d_monolayer,1,12,1791399936.9776554,1717600,worker_0,W004,OverlayObjects,step_started,started,74.19354838709677,23,31
cp_tutorial_3d_monolayer,1,12,1791399937.0053036,1717600,worker_0,W004,OverlayObjects,pattern_group,running,100.0,1,1
cp_tutorial_3d_monolayer,1,12,1791399937.005413,1717600,worker_0,W004,OverlayObjects,step_completed,success,77.41935483870968,24,31
cp_tutorial_3d_monolayer,1,12,1791399937.0059962,1717600,worker_0,W004,RescaleIntensity,step_started,started,77.41935483870968,24,31
cp_tutorial_3d_monolayer,1,12,1791399937.0981927,1717600,worker_0,W004,RescaleIntensity,pattern_group,running,100.0,1,1
cp_tutorial_3d_monolayer,1,12,1791399937.0983377,1717600,worker_0,W004,RescaleIntensity,step_completed,success,80.64516129032258,25,31
cp_tutorial_3d_monolayer,1,12,1791399937.098698,1717600,worker_0,W004,OverlayObjects,step_started,started,80.64516129032258,25,31
cp_tutorial_3d_monolayer,1,12,1791399937.1253064,1717600,worker_0,W004,OverlayObjects,pattern_group,running,100.0,1,1
cp_tutorial_3d_monolayer,1,12,1791399937.1254025,1717600,worker_0,W004,OverlayObjects,step_completed,success,83.87096774193549,26,31
cp_tutorial_3d_monolayer,1,12,1791399937.1259904,1717600,worker_0,W004,ConvertObjectsToImage,step_started,started,83.87096774193549,26,31
cp_tutorial_3d_monolayer,1,12,1791399937.158364,1717600,worker_0,W004,ConvertObjectsToImage,pattern_group,running,100.0,1,1
cp_tutorial_3d_monolayer,1,12,1791399937.1585007,1717600,worker_0,W004,ConvertObjectsToImage,step_completed,success,87.09677419354838,27,31
cp_tutorial_3d_monolayer,1,12,1791399937.159068,1717600,worker_0,W004,SaveImages,step_started,started,87.09677419354838,27,31
cp_tutorial_3d_monolayer,1,12,1791399937.2075763,1717600,worker_0,W004,SaveImages,pattern_group,running,100.0,1,1
cp_tutorial_3d_monolayer,1,12,1791399937.2140536,1717600,worker_0,W004,SaveImages,step_completed,success,90.32258064516128,28,31
cp_tutorial_3d_monolayer,1,12,1791399937.2146575,1717600,worker_0,W004,ConvertObjectsToImage,step_started,started,90.32258064516128,28,31
cp_tutorial_3d_monolayer,1,12,1791399937.2455614,1717600,worker_0,W004,ConvertObjectsToImage,pattern_group,running,100.0,1,1
cp_tutorial_3d_monolayer,1,12,1791399937.2457294,1717600,worker_0,W004,ConvertObjectsToImage,step_completed,success,93.54838709677419,29,31
cp_tutorial_3d_monolayer,1,12,1791399937.2471142,1717600,worker_0,W004,SaveImages,step_started,started,93.54838709677419,29,31
cp_tutorial_3d_monolayer,1,12,1791399937.2963314,1717600,worker_0,W004,SaveImages,pattern_group,running,100.0,1,1
cp_tutorial_3d_monolayer,1,12,1791399937.3034194,1717600,worker_0,W004,SaveImages,step_completed,success,96.7741935483871,30,31
cp_tutorial_3d_monolayer,1,12,1791399937.3045163,1717600,worker_0,W004,pipeline,axis_completed,success,96.7741935483871,30,31
cp_tutorial_3d_monolayer,1,12,1791399937.3045788,1717600,worker_0,W005,pipeline,axis_started,started,0.0,0,31
cp_tutorial_3d_monolayer,1,12,1791399937.3073714,1717600,worker_0,W005,RescaleIntensity,step_started,started,0.0,0,31
cp_tutorial_3d_monolayer,1,12,1791399937.6240776,1717600,worker_0,W005,RescaleIntensity,pattern_group,running,100.0,1,1
cp_tutorial_3d_monolayer,1,12,1791399937.6242168,1717600,worker_0,W005,RescaleIntensity,step_completed,success,3.225806451612903,1,31
cp_tutorial_3d_monolayer,1,12,1791399937.624507,1717600,worker_0,W005,Resize,step_started,started,3.225806451612903,1,31
cp_tutorial_3d_monolayer,1,12,1791399937.6801097,1717600,worker_0,W005,Resize,pattern_group,running,100.0,1,1
cp_tutorial_3d_monolayer,1,12,1791399937.6802402,1717600,worker_0,W005,Resize,step_completed,success,6.451612903225806,2,31
cp_tutorial_3d_monolayer,1,12,1791399937.6805308,1717600,worker_0,W005,MedianFilter,step_started,started,6.451612903225806,2,31
cp_tutorial_3d_monolayer,1,12,1791399937.8440037,1717600,worker_0,W005,MedianFilter,pattern_group,running,100.0,1,1
cp_tutorial_3d_monolayer,1,12,1791399937.8441362,1717600,worker_0,W005,MedianFilter,step_completed,success,9.67741935483871,3,31
cp_tutorial_3d_monolayer,1,12,1791399937.8444915,1717600,worker_0,W005,Threshold,step_started,started,9.67741935483871,3,31
cp_tutorial_3d_monolayer,1,12,1791399937.8801007,1717600,worker_0,W005,Threshold,pattern_group,running,100.0,1,1
cp_tutorial_3d_monolayer,1,12,1791399937.8803382,1717600,worker_0,W005,Threshold,step_completed,success,12.903225806451612,4,31
cp_tutorial_3d_monolayer,1,12,1791399937.880699,1717600,worker_0,W005,RemoveHoles,step_started,started,12.903225806451612,4,31
cp_tutorial_3d_monolayer,1,12,1791399937.8960168,1717600,worker_0,W005,RemoveHoles,pattern_group,running,100.0,1,1
cp_tutorial_3d_monolayer,1,12,1791399937.8961446,1717600,worker_0,W005,RemoveHoles,step_completed,success,16.129032258064516,5,31
cp_tutorial_3d_monolayer,1,12,1791399937.8965118,1717600,worker_0,W005,Watershed,step_started,started,16.129032258064516,5,31
cp_tutorial_3d_monolayer,1,12,1791399937.9853618,1717600,worker_0,W005,Watershed,pattern_group,running,100.0,1,1
cp_tutorial_3d_monolayer,1,12,1791399937.9857342,1717600,worker_0,W005,Watershed,step_completed,success,19.35483870967742,6,31
cp_tutorial_3d_monolayer,1,12,1791399937.9861271,1717600,worker_0,W005,ResizeObjects,step_started,started,19.35483870967742,6,31
cp_tutorial_3d_monolayer,1,12,1791399938.0120656,1717600,worker_0,W005,ResizeObjects,pattern_group,running,100.0,1,1
cp_tutorial_3d_monolayer,1,12,1791399938.0125334,1717600,worker_0,W005,ResizeObjects,step_completed,success,22.58064516129032,7,31
cp_tutorial_3d_monolayer,1,12,1791399938.0129504,1717600,worker_0,W005,ErodeObjects,step_started,started,22.58064516129032,7,31
cp_tutorial_3d_monolayer,1,12,1791399938.0657942,1717600,worker_0,W005,ErodeObjects,pattern_group,running,100.0,1,1
cp_tutorial_3d_monolayer,1,12,1791399938.0662477,1717600,worker_0,W005,ErodeObjects,step_completed,success,25.806451612903224,8,31
cp_tutorial_3d_monolayer,1,12,1791399938.0667398,1717600,worker_0,W005,ResizeObjects,step_started,started,25.806451612903224,8,31
cp_tutorial_3d_monolayer,1,12,1791399938.093055,1717600,worker_0,W005,ResizeObjects,pattern_group,running,100.0,1,1
cp_tutorial_3d_monolayer,1,12,1791399938.0935173,1717600,worker_0,W005,ResizeObjects,step_completed,success,29.03225806451613,9,31
cp_tutorial_3d_monolayer,1,12,1791399938.094018,1717600,worker_0,W005,ConvertObjectsToImage,step_started,started,29.03225806451613,9,31
cp_tutorial_3d_monolayer,1,12,1791399938.111955,1717600,worker_0,W005,ConvertObjectsToImage,pattern_group,running,100.0,1,1
cp_tutorial_3d_monolayer,1,12,1791399938.1120834,1717600,worker_0,W005,ConvertObjectsToImage,step_completed,success,32.25806451612903,10,31
cp_tutorial_3d_monolayer,1,12,1791399938.112883,1717600,worker_0,W005,Threshold,step_started,started,32.25806451612903,10,31
cp_tutorial_3d_monolayer,1,12,1791399938.2955213,1717600,worker_0,W005,Threshold,pattern_group,running,100.0,1,1
cp_tutorial_3d_monolayer,1,12,1791399938.2957602,1717600,worker_0,W005,Threshold,step_completed,success,35.483870967741936,11,31
cp_tutorial_3d_monolayer,1,12,1791399938.2960918,1717600,worker_0,W005,ImageMath,step_started,started,35.483870967741936,11,31
cp_tutorial_3d_monolayer,1,12,1791399938.326565,1717600,worker_0,W005,ImageMath,pattern_group,running,100.0,1,1
cp_tutorial_3d_monolayer,1,12,1791399938.3267055,1717600,worker_0,W005,ImageMath,step_completed,success,38.70967741935484,12,31
cp_tutorial_3d_monolayer,1,12,1791399938.3275743,1717600,worker_0,W005,RemoveHoles,step_started,started,38.70967741935484,12,31
cp_tutorial_3d_monolayer,1,12,1791399938.3759346,1717600,worker_0,W005,RemoveHoles,pattern_group,running,100.0,1,1
cp_tutorial_3d_monolayer,1,12,1791399938.3760676,1717600,worker_0,W005,RemoveHoles,step_completed,success,41.935483870967744,13,31
cp_tutorial_3d_monolayer,1,12,1791399938.3765476,1717600,worker_0,W005,ImageMath,step_started,started,41.935483870967744,13,31
cp_tutorial_3d_monolayer,1,12,1791399938.6538005,1717600,worker_0,W005,ImageMath,pattern_group,running,100.0,1,1
cp_tutorial_3d_monolayer,1,12,1791399938.6539397,1717600,worker_0,W005,ImageMath,step_completed,success,45.16129032258064,14,31
cp_tutorial_3d_monolayer,1,12,1791399938.6542807,1717600,worker_0,W005,Resize,step_started,started,45.16129032258064,14,31
cp_tutorial_3d_monolayer,1,12,1791399938.7116275,1717600,worker_0,W005,Resize,pattern_group,running,100.0,1,1
cp_tutorial_3d_monolayer,1,12,1791399938.7117598,1717600,worker_0,W005,Resize,step_completed,success,48.38709677419355,15,31
cp_tutorial_3d_monolayer,1,12,1791399938.713955,1717600,worker_0,W005,Closing,step_started,started,48.38709677419355,15,31
cp_tutorial_3d_monolayer,1,12,1791399938.7896342,1717600,worker_0,W005,Closing,pattern_group,running,100.0,1,1
cp_tutorial_3d_monolayer,1,12,1791399938.7897816,1717600,worker_0,W005,Closing,step_completed,success,51.61290322580645,16,31
cp_tutorial_3d_monolayer,1,12,1791399938.7902994,1717600,worker_0,W005,Resize,step_started,started,51.61290322580645,16,31
cp_tutorial_3d_monolayer,1,12,1791399938.8381763,1717600,worker_0,W005,Resize,pattern_group,running,100.0,1,1
cp_tutorial_3d_monolayer,1,12,1791399938.8383172,1717600,worker_0,W005,Resize,step_completed,success,54.83870967741935,17,31
cp_tutorial_3d_monolayer,1,12,1791399938.838809,1717600,worker_0,W005,Threshold,step_started,started,54.83870967741935,17,31
cp_tutorial_3d_monolayer,1,12,1791399938.9596817,1717600,worker_0,W005,Threshold,pattern_group,running,100.0,1,1
cp_tutorial_3d_monolayer,1,12,1791399938.9599159,1717600,worker_0,W005,Threshold,step_completed,success,58.06451612903226,18,31
cp_tutorial_3d_monolayer,1,12,1791399938.9604287,1717600,worker_0,W005,MaskImage,step_started,started,58.06451612903226,18,31
cp_tutorial_3d_monolayer,1,12,1791399939.002368,1717600,worker_0,W005,MaskImage,pattern_group,running,100.0,1,1
cp_tutorial_3d_monolayer,1,12,1791399939.0025096,1717600,worker_0,W005,MaskImage,step_completed,success,61.29032258064516,19,31
cp_tutorial_3d_monolayer,1,12,1791399939.0031006,1717600,worker_0,W005,ErodeImage,step_started,started,61.29032258064516,19,31
cp_tutorial_3d_monolayer,1,12,1791399939.033525,1717600,worker_0,W005,ErodeImage,pattern_group,running,100.0,1,1
cp_tutorial_3d_monolayer,1,12,1791399939.0336707,1717600,worker_0,W005,ErodeImage,step_completed,success,64.51612903225806,20,31
cp_tutorial_3d_monolayer,1,12,1791399939.034185,1717600,worker_0,W005,Watershed,step_started,started,64.51612903225806,20,31
cp_tutorial_3d_monolayer,1,12,1791399939.1097133,1717600,worker_0,W005,Watershed,pattern_group,running,100.0,1,1
cp_tutorial_3d_monolayer,1,12,1791399939.1100943,1717600,worker_0,W005,Watershed,step_completed,success,67.74193548387096,21,31
cp_tutorial_3d_monolayer,1,12,1791399939.1106687,1717600,worker_0,W005,MeasureObjectIntensity,step_started,started,67.74193548387096,21,31
cp_tutorial_3d_monolayer,1,12,1791399939.349113,1717600,worker_0,W005,MeasureObjectIntensity,pattern_group,running,50.0,1,2
cp_tutorial_3d_monolayer,1,12,1791399939.6264162,1717600,worker_0,W005,MeasureObjectIntensity,pattern_group,running,100.0,2,2
cp_tutorial_3d_monolayer,1,12,1791399939.6285448,1717600,worker_0,W005,MeasureObjectIntensity,step_completed,success,70.96774193548387,22,31
cp_tutorial_3d_monolayer,1,12,1791399939.628908,1717600,worker_0,W005,MeasureObjectSizeShape,step_started,started,70.96774193548387,22,31
cp_tutorial_3d_monolayer,1,12,1791399939.7196426,1717600,worker_0,W005,MeasureObjectSizeShape,pattern_group,running,50.0,1,2
cp_tutorial_3d_monolayer,1,12,1791399939.8129873,1717600,worker_0,W005,MeasureObjectSizeShape,pattern_group,running,100.0,2,2
cp_tutorial_3d_monolayer,1,12,1791399939.8135455,1717600,worker_0,W005,MeasureObjectSizeShape,step_completed,success,74.19354838709677,23,31
cp_tutorial_3d_monolayer,1,12,1791399939.8139148,1717600,worker_0,W005,OverlayObjects,step_started,started,74.19354838709677,23,31
cp_tutorial_3d_monolayer,1,12,1791399939.8411005,1717600,worker_0,W005,OverlayObjects,pattern_group,running,100.0,1,1
cp_tutorial_3d_monolayer,1,12,1791399939.8412075,1717600,worker_0,W005,OverlayObjects,step_completed,success,77.41935483870968,24,31
cp_tutorial_3d_monolayer,1,12,1791399939.841793,1717600,worker_0,W005,RescaleIntensity,step_started,started,77.41935483870968,24,31
cp_tutorial_3d_monolayer,1,12,1791399939.9334548,1717600,worker_0,W005,RescaleIntensity,pattern_group,running,100.0,1,1
cp_tutorial_3d_monolayer,1,12,1791399939.9336047,1717600,worker_0,W005,RescaleIntensity,step_completed,success,80.64516129032258,25,31
cp_tutorial_3d_monolayer,1,12,1791399939.9339693,1717600,worker_0,W005,OverlayObjects,step_started,started,80.64516129032258,25,31
cp_tutorial_3d_monolayer,1,12,1791399939.9627604,1717600,worker_0,W005,OverlayObjects,pattern_group,running,100.0,1,1
cp_tutorial_3d_monolayer,1,12,1791399939.962853,1717600,worker_0,W005,OverlayObjects,step_completed,success,83.87096774193549,26,31
cp_tutorial_3d_monolayer,1,12,1791399939.9634347,1717600,worker_0,W005,ConvertObjectsToImage,step_started,started,83.87096774193549,26,31
cp_tutorial_3d_monolayer,1,12,1791399939.9959855,1717600,worker_0,W005,ConvertObjectsToImage,pattern_group,running,100.0,1,1
cp_tutorial_3d_monolayer,1,12,1791399939.9961395,1717600,worker_0,W005,ConvertObjectsToImage,step_completed,success,87.09677419354838,27,31
cp_tutorial_3d_monolayer,1,12,1791399939.9967632,1717600,worker_0,W005,SaveImages,step_started,started,87.09677419354838,27,31
cp_tutorial_3d_monolayer,1,12,1791399940.0452614,1717600,worker_0,W005,SaveImages,pattern_group,running,100.0,1,1
cp_tutorial_3d_monolayer,1,12,1791399940.051771,1717600,worker_0,W005,SaveImages,step_completed,success,90.32258064516128,28,31
cp_tutorial_3d_monolayer,1,12,1791399940.0523632,1717600,worker_0,W005,ConvertObjectsToImage,step_started,started,90.32258064516128,28,31
cp_tutorial_3d_monolayer,1,12,1791399940.083006,1717600,worker_0,W005,ConvertObjectsToImage,pattern_group,running,100.0,1,1
cp_tutorial_3d_monolayer,1,12,1791399940.0831742,1717600,worker_0,W005,ConvertObjectsToImage,step_completed,success,93.54838709677419,29,31
cp_tutorial_3d_monolayer,1,12,1791399940.0845165,1717600,worker_0,W005,SaveImages,step_started,started,93.54838709677419,29,31
cp_tutorial_3d_monolayer,1,12,1791399940.1347919,1717600,worker_0,W005,SaveImages,pattern_group,running,100.0,1,1
cp_tutorial_3d_monolayer,1,12,1791399940.1419277,1717600,worker_0,W005,SaveImages,step_completed,success,96.7741935483871,30,31
cp_tutorial_3d_monolayer,1,12,1791399940.1430418,1717600,worker_0,W005,pipeline,axis_completed,success,96.7741935483871,30,31
cp_tutorial_3d_monolayer,1,12,1791399940.1431074,1717600,worker_0,W006,pipeline,axis_started,started,0.0,0,31
cp_tutorial_3d_monolayer,1,12,1791399940.1460083,1717600,worker_0,W006,RescaleIntensity,step_started,started,0.0,0,31
cp_tutorial_3d_monolayer,1,12,1791399940.4769561,1717600,worker_0,W006,RescaleIntensity,pattern_group,running,100.0,1,1
cp_tutorial_3d_monolayer,1,12,1791399940.4770951,1717600,worker_0,W006,RescaleIntensity,step_completed,success,3.225806451612903,1,31
cp_tutorial_3d_monolayer,1,12,1791399940.4773986,1717600,worker_0,W006,Resize,step_started,started,3.225806451612903,1,31
cp_tutorial_3d_monolayer,1,12,1791399940.5327199,1717600,worker_0,W006,Resize,pattern_group,running,100.0,1,1
cp_tutorial_3d_monolayer,1,12,1791399940.5328505,1717600,worker_0,W006,Resize,step_completed,success,6.451612903225806,2,31
cp_tutorial_3d_monolayer,1,12,1791399940.533132,1717600,worker_0,W006,MedianFilter,step_started,started,6.451612903225806,2,31
cp_tutorial_3d_monolayer,1,12,1791399940.6961205,1717600,worker_0,W006,MedianFilter,pattern_group,running,100.0,1,1
cp_tutorial_3d_monolayer,1,12,1791399940.696277,1717600,worker_0,W006,MedianFilter,step_completed,success,9.67741935483871,3,31
cp_tutorial_3d_monolayer,1,12,1791399940.696658,1717600,worker_0,W006,Threshold,step_started,started,9.67741935483871,3,31
cp_tutorial_3d_monolayer,1,12,1791399940.7323945,1717600,worker_0,W006,Threshold,pattern_group,running,100.0,1,1
cp_tutorial_3d_monolayer,1,12,1791399940.7326238,1717600,worker_0,W006,Threshold,step_completed,success,12.903225806451612,4,31
cp_tutorial_3d_monolayer,1,12,1791399940.732986,1717600,worker_0,W006,RemoveHoles,step_started,started,12.903225806451612,4,31
cp_tutorial_3d_monolayer,1,12,1791399940.7484562,1717600,worker_0,W006,RemoveHoles,pattern_group,running,100.0,1,1
cp_tutorial_3d_monolayer,1,12,1791399940.7485797,1717600,worker_0,W006,RemoveHoles,step_completed,success,16.129032258064516,5,31
cp_tutorial_3d_monolayer,1,12,1791399940.7489421,1717600,worker_0,W006,Watershed,step_started,started,16.129032258064516,5,31
cp_tutorial_3d_monolayer,1,12,1791399940.8362296,1717600,worker_0,W006,Watershed,pattern_group,running,100.0,1,1
cp_tutorial_3d_monolayer,1,12,1791399940.8366058,1717600,worker_0,W006,Watershed,step_completed,success,19.35483870967742,6,31
cp_tutorial_3d_monolayer,1,12,1791399940.8370042,1717600,worker_0,W006,ResizeObjects,step_started,started,19.35483870967742,6,31
cp_tutorial_3d_monolayer,1,12,1791399940.8629751,1717600,worker_0,W006,ResizeObjects,pattern_group,running,100.0,1,1
cp_tutorial_3d_monolayer,1,12,1791399940.8634388,1717600,worker_0,W006,ResizeObjects,step_completed,success,22.58064516129032,7,31
cp_tutorial_3d_monolayer,1,12,1791399940.863868,1717600,worker_0,W006,ErodeObjects,step_started,started,22.58064516129032,7,31
cp_tutorial_3d_monolayer,1,12,1791399940.9175174,1717600,worker_0,W006,ErodeObjects,pattern_group,running,100.0,1,1
cp_tutorial_3d_monolayer,1,12,1791399940.9179666,1717600,worker_0,W006,ErodeObjects,step_completed,success,25.806451612903224,8,31
cp_tutorial_3d_monolayer,1,12,1791399940.9184494,1717600,worker_0,W006,ResizeObjects,step_started,started,25.806451612903224,8,31
cp_tutorial_3d_monolayer,1,12,1791399940.9455776,1717600,worker_0,W006,ResizeObjects,pattern_group,running,100.0,1,1
cp_tutorial_3d_monolayer,1,12,1791399940.9460618,1717600,worker_0,W006,ResizeObjects,step_completed,success,29.03225806451613,9,31
cp_tutorial_3d_monolayer,1,12,1791399940.9466407,1717600,worker_0,W006,ConvertObjectsToImage,step_started,started,29.03225806451613,9,31
cp_tutorial_3d_monolayer,1,12,1791399940.9654083,1717600,worker_0,W006,ConvertObjectsToImage,pattern_group,running,100.0,1,1
cp_tutorial_3d_monolayer,1,12,1791399940.9655468,1717600,worker_0,W006,ConvertObjectsToImage,step_completed,success,32.25806451612903,10,31
cp_tutorial_3d_monolayer,1,12,1791399940.9663706,1717600,worker_0,W006,Threshold,step_started,started,32.25806451612903,10,31
cp_tutorial_3d_monolayer,1,12,1791399941.149928,1717600,worker_0,W006,Threshold,pattern_group,running,100.0,1,1
cp_tutorial_3d_monolayer,1,12,1791399941.1501677,1717600,worker_0,W006,Threshold,step_completed,success,35.483870967741936,11,31
cp_tutorial_3d_monolayer,1,12,1791399941.1505075,1717600,worker_0,W006,ImageMath,step_started,started,35.483870967741936,11,31
cp_tutorial_3d_monolayer,1,12,1791399941.1830976,1717600,worker_0,W006,ImageMath,pattern_group,running,100.0,1,1
cp_tutorial_3d_monolayer,1,12,1791399941.1832414,1717600,worker_0,W006,ImageMath,step_completed,success,38.70967741935484,12,31
cp_tutorial_3d_monolayer,1,12,1791399941.1843038,1717600,worker_0,W006,RemoveHoles,step_started,started,38.70967741935484,12,31
cp_tutorial_3d_monolayer,1,12,1791399941.2319143,1717600,worker_0,W006,RemoveHoles,pattern_group,running,100.0,1,1
cp_tutorial_3d_monolayer,1,12,1791399941.2320478,1717600,worker_0,W006,RemoveHoles,step_completed,success,41.935483870967744,13,31
cp_tutorial_3d_monolayer,1,12,1791399941.2325385,1717600,worker_0,W006,ImageMath,step_started,started,41.935483870967744,13,31
cp_tutorial_3d_monolayer,1,12,1791399941.5162761,1717600,worker_0,W006,ImageMath,pattern_group,running,100.0,1,1
cp_tutorial_3d_monolayer,1,12,1791399941.5164301,1717600,worker_0,W006,ImageMath,step_completed,success,45.16129032258064,14,31
cp_tutorial_3d_monolayer,1,12,1791399941.5167751,1717600,worker_0,W006,Resize,step_started,started,45.16129032258064,14,31
cp_tutorial_3d_monolayer,1,12,1791399941.576346,1717600,worker_0,W006,Resize,pattern_group,running,100.0,1,1
cp_tutorial_3d_monolayer,1,12,1791399941.5765443,1717600,worker_0,W006,Resize,step_completed,success,48.38709677419355,15,31
cp_tutorial_3d_monolayer,1,12,1791399941.5791888,1717600,worker_0,W006,Closing,step_started,started,48.38709677419355,15,31
cp_tutorial_3d_monolayer,1,12,1791399941.6557038,1717600,worker_0,W006,Closing,pattern_group,running,100.0,1,1
cp_tutorial_3d_monolayer,1,12,1791399941.6558325,1717600,worker_0,W006,Closing,step_completed,success,51.61290322580645,16,31
cp_tutorial_3d_monolayer,1,12,1791399941.6563277,1717600,worker_0,W006,Resize,step_started,started,51.61290322580645,16,31
cp_tutorial_3d_monolayer,1,12,1791399941.7047565,1717600,worker_0,W006,Resize,pattern_group,running,100.0,1,1
cp_tutorial_3d_monolayer,1,12,1791399941.7048843,1717600,worker_0,W006,Resize,step_completed,success,54.83870967741935,17,31
cp_tutorial_3d_monolayer,1,12,1791399941.7053835,1717600,worker_0,W006,Threshold,step_started,started,54.83870967741935,17,31
cp_tutorial_3d_monolayer,1,12,1791399941.8413644,1717600,worker_0,W006,Threshold,pattern_group,running,100.0,1,1
cp_tutorial_3d_monolayer,1,12,1791399941.841595,1717600,worker_0,W006,Threshold,step_completed,success,58.06451612903226,18,31
cp_tutorial_3d_monolayer,1,12,1791399941.8420966,1717600,worker_0,W006,MaskImage,step_started,started,58.06451612903226,18,31
cp_tutorial_3d_monolayer,1,12,1791399941.8846672,1717600,worker_0,W006,MaskImage,pattern_group,running,100.0,1,1
cp_tutorial_3d_monolayer,1,12,1791399941.8848124,1717600,worker_0,W006,MaskImage,step_completed,success,61.29032258064516,19,31
cp_tutorial_3d_monolayer,1,12,1791399941.8856235,1717600,worker_0,W006,ErodeImage,step_started,started,61.29032258064516,19,31
cp_tutorial_3d_monolayer,1,12,1791399941.9166079,1717600,worker_0,W006,ErodeImage,pattern_group,running,100.0,1,1
cp_tutorial_3d_monolayer,1,12,1791399941.9167411,1717600,worker_0,W006,ErodeImage,step_completed,success,64.51612903225806,20,31
cp_tutorial_3d_monolayer,1,12,1791399941.917239,1717600,worker_0,W006,Watershed,step_started,started,64.51612903225806,20,31
cp_tutorial_3d_monolayer,1,12,1791399941.9989703,1717600,worker_0,W006,Watershed,pattern_group,running,100.0,1,1
cp_tutorial_3d_monolayer,1,12,1791399941.9993582,1717600,worker_0,W006,Watershed,step_completed,success,67.74193548387096,21,31
cp_tutorial_3d_monolayer,1,12,1791399941.9999325,1717600,worker_0,W006,MeasureObjectIntensity,step_started,started,67.74193548387096,21,31
cp_tutorial_3d_monolayer,1,12,1791399942.2364526,1717600,worker_0,W006,MeasureObjectIntensity,pattern_group,running,50.0,1,2
cp_tutorial_3d_monolayer,1,12,1791399942.5098376,1717600,worker_0,W006,MeasureObjectIntensity,pattern_group,running,100.0,2,2
cp_tutorial_3d_monolayer,1,12,1791399942.511975,1717600,worker_0,W006,MeasureObjectIntensity,step_completed,success,70.96774193548387,22,31
cp_tutorial_3d_monolayer,1,12,1791399942.5123572,1717600,worker_0,W006,MeasureObjectSizeShape,step_started,started,70.96774193548387,22,31
cp_tutorial_3d_monolayer,1,12,1791399942.6042798,1717600,worker_0,W006,MeasureObjectSizeShape,pattern_group,running,50.0,1,2
cp_tutorial_3d_monolayer,1,12,1791399942.6998014,1717600,worker_0,W006,MeasureObjectSizeShape,pattern_group,running,100.0,2,2
cp_tutorial_3d_monolayer,1,12,1791399942.7003493,1717600,worker_0,W006,MeasureObjectSizeShape,step_completed,success,74.19354838709677,23,31
cp_tutorial_3d_monolayer,1,12,1791399942.7007132,1717600,worker_0,W006,OverlayObjects,step_started,started,74.19354838709677,23,31
cp_tutorial_3d_monolayer,1,12,1791399942.731575,1717600,worker_0,W006,OverlayObjects,pattern_group,running,100.0,1,1
cp_tutorial_3d_monolayer,1,12,1791399942.7317293,1717600,worker_0,W006,OverlayObjects,step_completed,success,77.41935483870968,24,31
cp_tutorial_3d_monolayer,1,12,1791399942.7325208,1717600,worker_0,W006,RescaleIntensity,step_started,started,77.41935483870968,24,31
cp_tutorial_3d_monolayer,1,12,1791399942.825057,1717600,worker_0,W006,RescaleIntensity,pattern_group,running,100.0,1,1
cp_tutorial_3d_monolayer,1,12,1791399942.825192,1717600,worker_0,W006,RescaleIntensity,step_completed,success,80.64516129032258,25,31
cp_tutorial_3d_monolayer,1,12,1791399942.8255548,1717600,worker_0,W006,OverlayObjects,step_started,started,80.64516129032258,25,31
cp_tutorial_3d_monolayer,1,12,1791399942.8547502,1717600,worker_0,W006,OverlayObjects,pattern_group,running,100.0,1,1
cp_tutorial_3d_monolayer,1,12,1791399942.8548412,1717600,worker_0,W006,OverlayObjects,step_completed,success,83.87096774193549,26,31
cp_tutorial_3d_monolayer,1,12,1791399942.855438,1717600,worker_0,W006,ConvertObjectsToImage,step_started,started,83.87096774193549,26,31
cp_tutorial_3d_monolayer,1,12,1791399942.8886993,1717600,worker_0,W006,ConvertObjectsToImage,pattern_group,running,100.0,1,1
cp_tutorial_3d_monolayer,1,12,1791399942.8888361,1717600,worker_0,W006,ConvertObjectsToImage,step_completed,success,87.09677419354838,27,31
cp_tutorial_3d_monolayer,1,12,1791399942.8894193,1717600,worker_0,W006,SaveImages,step_started,started,87.09677419354838,27,31
cp_tutorial_3d_monolayer,1,12,1791399942.938007,1717600,worker_0,W006,SaveImages,pattern_group,running,100.0,1,1
cp_tutorial_3d_monolayer,1,12,1791399942.945234,1717600,worker_0,W006,SaveImages,step_completed,success,90.32258064516128,28,31
cp_tutorial_3d_monolayer,1,12,1791399942.9458544,1717600,worker_0,W006,ConvertObjectsToImage,step_started,started,90.32258064516128,28,31
cp_tutorial_3d_monolayer,1,12,1791399942.9778888,1717600,worker_0,W006,ConvertObjectsToImage,pattern_group,running,100.0,1,1
cp_tutorial_3d_monolayer,1,12,1791399942.9780552,1717600,worker_0,W006,ConvertObjectsToImage,step_completed,success,93.54838709677419,29,31
cp_tutorial_3d_monolayer,1,12,1791399942.9794192,1717600,worker_0,W006,SaveImages,step_started,started,93.54838709677419,29,31
cp_tutorial_3d_monolayer,1,12,1791399943.0287786,1717600,worker_0,W006,SaveImages,pattern_group,running,100.0,1,1
cp_tutorial_3d_monolayer,1,12,1791399943.0366604,1717600,worker_0,W006,SaveImages,step_completed,success,96.7741935483871,30,31
cp_tutorial_3d_monolayer,1,12,1791399943.0377991,1717600,worker_0,W006,pipeline,axis_completed,success,96.7741935483871,30,31
cp_tutorial_3d_monolayer,1,12,1791399943.0378706,1717600,worker_0,W007,pipeline,axis_started,started,0.0,0,31
cp_tutorial_3d_monolayer,1,12,1791399943.0408623,1717600,worker_0,W007,RescaleIntensity,step_started,started,0.0,0,31
cp_tutorial_3d_monolayer,1,12,1791399943.2910335,1717600,worker_0,W007,RescaleIntensity,pattern_group,running,100.0,1,1
cp_tutorial_3d_monolayer,1,12,1791399943.291201,1717600,worker_0,W007,RescaleIntensity,step_completed,success,3.225806451612903,1,31
cp_tutorial_3d_monolayer,1,12,1791399943.2917073,1717600,worker_0,W007,Resize,step_started,started,3.225806451612903,1,31
cp_tutorial_3d_monolayer,1,12,1791399943.3476377,1717600,worker_0,W007,Resize,pattern_group,running,100.0,1,1
cp_tutorial_3d_monolayer,1,12,1791399943.347772,1717600,worker_0,W007,Resize,step_completed,success,6.451612903225806,2,31
cp_tutorial_3d_monolayer,1,12,1791399943.348059,1717600,worker_0,W007,MedianFilter,step_started,started,6.451612903225806,2,31
cp_tutorial_3d_monolayer,1,12,1791399943.5130603,1717600,worker_0,W007,MedianFilter,pattern_group,running,100.0,1,1
cp_tutorial_3d_monolayer,1,12,1791399943.51319,1717600,worker_0,W007,MedianFilter,step_completed,success,9.67741935483871,3,31
cp_tutorial_3d_monolayer,1,12,1791399943.5135465,1717600,worker_0,W007,Threshold,step_started,started,9.67741935483871,3,31
cp_tutorial_3d_monolayer,1,12,1791399943.549619,1717600,worker_0,W007,Threshold,pattern_group,running,100.0,1,1
cp_tutorial_3d_monolayer,1,12,1791399943.5498464,1717600,worker_0,W007,Threshold,step_completed,success,12.903225806451612,4,31
cp_tutorial_3d_monolayer,1,12,1791399943.5503109,1717600,worker_0,W007,RemoveHoles,step_started,started,12.903225806451612,4,31
cp_tutorial_3d_monolayer,1,12,1791399943.5661135,1717600,worker_0,W007,RemoveHoles,pattern_group,running,100.0,1,1
cp_tutorial_3d_monolayer,1,12,1791399943.566242,1717600,worker_0,W007,RemoveHoles,step_completed,success,16.129032258064516,5,31
cp_tutorial_3d_monolayer,1,12,1791399943.5666099,1717600,worker_0,W007,Watershed,step_started,started,16.129032258064516,5,31
cp_tutorial_3d_monolayer,1,12,1791399943.6544447,1717600,worker_0,W007,Watershed,pattern_group,running,100.0,1,1
cp_tutorial_3d_monolayer,1,12,1791399943.65481,1717600,worker_0,W007,Watershed,step_completed,success,19.35483870967742,6,31
cp_tutorial_3d_monolayer,1,12,1791399943.6552043,1717600,worker_0,W007,ResizeObjects,step_started,started,19.35483870967742,6,31
cp_tutorial_3d_monolayer,1,12,1791399943.6815627,1717600,worker_0,W007,ResizeObjects,pattern_group,running,100.0,1,1
cp_tutorial_3d_monolayer,1,12,1791399943.682018,1717600,worker_0,W007,ResizeObjects,step_completed,success,22.58064516129032,7,31
cp_tutorial_3d_monolayer,1,12,1791399943.6824434,1717600,worker_0,W007,ErodeObjects,step_started,started,22.58064516129032,7,31
cp_tutorial_3d_monolayer,1,12,1791399943.7374623,1717600,worker_0,W007,ErodeObjects,pattern_group,running,100.0,1,1
cp_tutorial_3d_monolayer,1,12,1791399943.7379134,1717600,worker_0,W007,ErodeObjects,step_completed,success,25.806451612903224,8,31
cp_tutorial_3d_monolayer,1,12,1791399943.7384045,1717600,worker_0,W007,ResizeObjects,step_started,started,25.806451612903224,8,31
cp_tutorial_3d_monolayer,1,12,1791399943.7635758,1717600,worker_0,W007,ResizeObjects,pattern_group,running,100.0,1,1
cp_tutorial_3d_monolayer,1,12,1791399943.7640276,1717600,worker_0,W007,ResizeObjects,step_completed,success,29.03225806451613,9,31
cp_tutorial_3d_monolayer,1,12,1791399943.7645328,1717600,worker_0,W007,ConvertObjectsToImage,step_started,started,29.03225806451613,9,31
cp_tutorial_3d_monolayer,1,12,1791399943.7842884,1717600,worker_0,W007,ConvertObjectsToImage,pattern_group,running,100.0,1,1
cp_tutorial_3d_monolayer,1,12,1791399943.7844524,1717600,worker_0,W007,ConvertObjectsToImage,step_completed,success,32.25806451612903,10,31
cp_tutorial_3d_monolayer,1,12,1791399943.7852993,1717600,worker_0,W007,Threshold,step_started,started,32.25806451612903,10,31
cp_tutorial_3d_monolayer,1,12,1791399943.9675786,1717600,worker_0,W007,Threshold,pattern_group,running,100.0,1,1
cp_tutorial_3d_monolayer,1,12,1791399943.967815,1717600,worker_0,W007,Threshold,step_completed,success,35.483870967741936,11,31
cp_tutorial_3d_monolayer,1,12,1791399943.9681447,1717600,worker_0,W007,ImageMath,step_started,started,35.483870967741936,11,31
cp_tutorial_3d_monolayer,1,12,1791399943.999467,1717600,worker_0,W007,ImageMath,pattern_group,running,100.0,1,1
cp_tutorial_3d_monolayer,1,12,1791399943.9996083,1717600,worker_0,W007,ImageMath,step_completed,success,38.70967741935484,12,31
cp_tutorial_3d_monolayer,1,12,1791399944.0004861,1717600,worker_0,W007,RemoveHoles,step_started,started,38.70967741935484,12,31
cp_tutorial_3d_monolayer,1,12,1791399944.0475533,1717600,worker_0,W007,RemoveHoles,pattern_group,running,100.0,1,1
cp_tutorial_3d_monolayer,1,12,1791399944.0476868,1717600,worker_0,W007,RemoveHoles,step_completed,success,41.935483870967744,13,31
cp_tutorial_3d_monolayer,1,12,1791399944.0481634,1717600,worker_0,W007,ImageMath,step_started,started,41.935483870967744,13,31
cp_tutorial_3d_monolayer,1,12,1791399944.3324306,1717600,worker_0,W007,ImageMath,pattern_group,running,100.0,1,1
cp_tutorial_3d_monolayer,1,12,1791399944.3325698,1717600,worker_0,W007,ImageMath,step_completed,success,45.16129032258064,14,31
cp_tutorial_3d_monolayer,1,12,1791399944.3329053,1717600,worker_0,W007,Resize,step_started,started,45.16129032258064,14,31
cp_tutorial_3d_monolayer,1,12,1791399944.3914557,1717600,worker_0,W007,Resize,pattern_group,running,100.0,1,1
cp_tutorial_3d_monolayer,1,12,1791399944.3915865,1717600,worker_0,W007,Resize,step_completed,success,48.38709677419355,15,31
cp_tutorial_3d_monolayer,1,12,1791399944.3947513,1717600,worker_0,W007,Closing,step_started,started,48.38709677419355,15,31
cp_tutorial_3d_monolayer,1,12,1791399944.470807,1717600,worker_0,W007,Closing,pattern_group,running,100.0,1,1
cp_tutorial_3d_monolayer,1,12,1791399944.4710007,1717600,worker_0,W007,Closing,step_completed,success,51.61290322580645,16,31
cp_tutorial_3d_monolayer,1,12,1791399944.4717655,1717600,worker_0,W007,Resize,step_started,started,51.61290322580645,16,31
cp_tutorial_3d_monolayer,1,12,1791399944.5198655,1717600,worker_0,W007,Resize,pattern_group,running,100.0,1,1
cp_tutorial_3d_monolayer,1,12,1791399944.519994,1717600,worker_0,W007,Resize,step_completed,success,54.83870967741935,17,31
cp_tutorial_3d_monolayer,1,12,1791399944.520494,1717600,worker_0,W007,Threshold,step_started,started,54.83870967741935,17,31
cp_tutorial_3d_monolayer,1,12,1791399944.657893,1717600,worker_0,W007,Threshold,pattern_group,running,100.0,1,1
cp_tutorial_3d_monolayer,1,12,1791399944.6581244,1717600,worker_0,W007,Threshold,step_completed,success,58.06451612903226,18,31
cp_tutorial_3d_monolayer,1,12,1791399944.6586368,1717600,worker_0,W007,MaskImage,step_started,started,58.06451612903226,18,31
cp_tutorial_3d_monolayer,1,12,1791399944.7021804,1717600,worker_0,W007,MaskImage,pattern_group,running,100.0,1,1
cp_tutorial_3d_monolayer,1,12,1791399944.70233,1717600,worker_0,W007,MaskImage,step_completed,success,61.29032258064516,19,31
cp_tutorial_3d_monolayer,1,12,1791399944.702921,1717600,worker_0,W007,ErodeImage,step_started,started,61.29032258064516,19,31
cp_tutorial_3d_monolayer,1,12,1791399944.7331018,1717600,worker_0,W007,ErodeImage,pattern_group,running,100.0,1,1
cp_tutorial_3d_monolayer,1,12,1791399944.7332368,1717600,worker_0,W007,ErodeImage,step_completed,success,64.51612903225806,20,31
cp_tutorial_3d_monolayer,1,12,1791399944.7337449,1717600,worker_0,W007,Watershed,step_started,started,64.51612903225806,20,31
cp_tutorial_3d_monolayer,1,12,1791399944.812104,1717600,worker_0,W007,Watershed,pattern_group,running,100.0,1,1
cp_tutorial_3d_monolayer,1,12,1791399944.812493,1717600,worker_0,W007,Watershed,step_completed,success,67.74193548387096,21,31
cp_tutorial_3d_monolayer,1,12,1791399944.813066,1717600,worker_0,W007,MeasureObjectIntensity,step_started,started,67.74193548387096,21,31
cp_tutorial_3d_monolayer,1,12,1791399945.051455,1717600,worker_0,W007,MeasureObjectIntensity,pattern_group,running,50.0,1,2
cp_tutorial_3d_monolayer,1,12,1791399945.325564,1717600,worker_0,W007,MeasureObjectIntensity,pattern_group,running,100.0,2,2
cp_tutorial_3d_monolayer,1,12,1791399945.3276985,1717600,worker_0,W007,MeasureObjectIntensity,step_completed,success,70.96774193548387,22,31
cp_tutorial_3d_monolayer,1,12,1791399945.3280613,1717600,worker_0,W007,MeasureObjectSizeShape,step_started,started,70.96774193548387,22,31
cp_tutorial_3d_monolayer,1,12,1791399945.4202154,1717600,worker_0,W007,MeasureObjectSizeShape,pattern_group,running,50.0,1,2
cp_tutorial_3d_monolayer,1,12,1791399945.5153725,1717600,worker_0,W007,MeasureObjectSizeShape,pattern_group,running,100.0,2,2
cp_tutorial_3d_monolayer,1,12,1791399945.5159414,1717600,worker_0,W007,MeasureObjectSizeShape,step_completed,success,74.19354838709677,23,31
cp_tutorial_3d_monolayer,1,12,1791399945.5163302,1717600,worker_0,W007,OverlayObjects,step_started,started,74.19354838709677,23,31
cp_tutorial_3d_monolayer,1,12,1791399945.5504787,1717600,worker_0,W007,OverlayObjects,pattern_group,running,100.0,1,1
cp_tutorial_3d_monolayer,1,12,1791399945.5506065,1717600,worker_0,W007,OverlayObjects,step_completed,success,77.41935483870968,24,31
cp_tutorial_3d_monolayer,1,12,1791399945.551284,1717600,worker_0,W007,RescaleIntensity,step_started,started,77.41935483870968,24,31
cp_tutorial_3d_monolayer,1,12,1791399945.6439426,1717600,worker_0,W007,RescaleIntensity,pattern_group,running,100.0,1,1
cp_tutorial_3d_monolayer,1,12,1791399945.6440854,1717600,worker_0,W007,RescaleIntensity,step_completed,success,80.64516129032258,25,31
cp_tutorial_3d_monolayer,1,12,1791399945.6444602,1717600,worker_0,W007,OverlayObjects,step_started,started,80.64516129032258,25,31
cp_tutorial_3d_monolayer,1,12,1791399945.6781368,1717600,worker_0,W007,OverlayObjects,pattern_group,running,100.0,1,1
cp_tutorial_3d_monolayer,1,12,1791399945.6782303,1717600,worker_0,W007,OverlayObjects,step_completed,success,83.87096774193549,26,31
cp_tutorial_3d_monolayer,1,12,1791399945.678824,1717600,worker_0,W007,ConvertObjectsToImage,step_started,started,83.87096774193549,26,31
cp_tutorial_3d_monolayer,1,12,1791399945.7107124,1717600,worker_0,W007,ConvertObjectsToImage,pattern_group,running,100.0,1,1
cp_tutorial_3d_monolayer,1,12,1791399945.7108471,1717600,worker_0,W007,ConvertObjectsToImage,step_completed,success,87.09677419354838,27,31
cp_tutorial_3d_monolayer,1,12,1791399945.7114177,1717600,worker_0,W007,SaveImages,step_started,started,87.09677419354838,27,31
cp_tutorial_3d_monolayer,1,12,1791399945.7590926,1717600,worker_0,W007,SaveImages,pattern_group,running,100.0,1,1
cp_tutorial_3d_monolayer,1,12,1791399945.7655678,1717600,worker_0,W007,SaveImages,step_completed,success,90.32258064516128,28,31
cp_tutorial_3d_monolayer,1,12,1791399945.7661376,1717600,worker_0,W007,ConvertObjectsToImage,step_started,started,90.32258064516128,28,31
cp_tutorial_3d_monolayer,1,12,1791399945.7965772,1717600,worker_0,W007,ConvertObjectsToImage,pattern_group,running,100.0,1,1
cp_tutorial_3d_monolayer,1,12,1791399945.7967403,1717600,worker_0,W007,ConvertObjectsToImage,step_completed,success,93.54838709677419,29,31
cp_tutorial_3d_monolayer,1,12,1791399945.7982955,1717600,worker_0,W007,SaveImages,step_started,started,93.54838709677419,29,31
cp_tutorial_3d_monolayer,1,12,1791399945.8486068,1717600,worker_0,W007,SaveImages,pattern_group,running,100.0,1,1
cp_tutorial_3d_monolayer,1,12,1791399945.8565824,1717600,worker_0,W007,SaveImages,step_completed,success,96.7741935483871,30,31
cp_tutorial_3d_monolayer,1,12,1791399945.8578804,1717600,worker_0,W007,pipeline,axis_completed,success,96.7741935483871,30,31
cp_tutorial_3d_monolayer,1,12,1791399945.8579454,1717600,worker_0,W008,pipeline,axis_started,started,0.0,0,31
cp_tutorial_3d_monolayer,1,12,1791399945.860883,1717600,worker_0,W008,RescaleIntensity,step_started,started,0.0,0,31
cp_tutorial_3d_monolayer,1,12,1791399946.210791,1717600,worker_0,W008,RescaleIntensity,pattern_group,running,100.0,1,1
cp_tutorial_3d_monolayer,1,12,1791399946.2109988,1717600,worker_0,W008,RescaleIntensity,step_completed,success,3.225806451612903,1,31
cp_tutorial_3d_monolayer,1,12,1791399946.2115154,1717600,worker_0,W008,Resize,step_started,started,3.225806451612903,1,31
cp_tutorial_3d_monolayer,1,12,1791399946.2680676,1717600,worker_0,W008,Resize,pattern_group,running,100.0,1,1
cp_tutorial_3d_monolayer,1,12,1791399946.2681987,1717600,worker_0,W008,Resize,step_completed,success,6.451612903225806,2,31
cp_tutorial_3d_monolayer,1,12,1791399946.2684913,1717600,worker_0,W008,MedianFilter,step_started,started,6.451612903225806,2,31
cp_tutorial_3d_monolayer,1,12,1791399946.4325955,1717600,worker_0,W008,MedianFilter,pattern_group,running,100.0,1,1
cp_tutorial_3d_monolayer,1,12,1791399946.4327257,1717600,worker_0,W008,MedianFilter,step_completed,success,9.67741935483871,3,31
cp_tutorial_3d_monolayer,1,12,1791399946.4330757,1717600,worker_0,W008,Threshold,step_started,started,9.67741935483871,3,31
cp_tutorial_3d_monolayer,1,12,1791399946.46965,1717600,worker_0,W008,Threshold,pattern_group,running,100.0,1,1
cp_tutorial_3d_monolayer,1,12,1791399946.469876,1717600,worker_0,W008,Threshold,step_completed,success,12.903225806451612,4,31
cp_tutorial_3d_monolayer,1,12,1791399946.470237,1717600,worker_0,W008,RemoveHoles,step_started,started,12.903225806451612,4,31
cp_tutorial_3d_monolayer,1,12,1791399946.48625,1717600,worker_0,W008,RemoveHoles,pattern_group,running,100.0,1,1
cp_tutorial_3d_monolayer,1,12,1791399946.486384,1717600,worker_0,W008,RemoveHoles,step_completed,success,16.129032258064516,5,31
cp_tutorial_3d_monolayer,1,12,1791399946.4867413,1717600,worker_0,W008,Watershed,step_started,started,16.129032258064516,5,31
cp_tutorial_3d_monolayer,1,12,1791399946.5739613,1717600,worker_0,W008,Watershed,pattern_group,running,100.0,1,1
cp_tutorial_3d_monolayer,1,12,1791399946.5743463,1717600,worker_0,W008,Watershed,step_completed,success,19.35483870967742,6,31
cp_tutorial_3d_monolayer,1,12,1791399946.5747318,1717600,worker_0,W008,ResizeObjects,step_started,started,19.35483870967742,6,31
cp_tutorial_3d_monolayer,1,12,1791399946.6014705,1717600,worker_0,W008,ResizeObjects,pattern_group,running,100.0,1,1
cp_tutorial_3d_monolayer,1,12,1791399946.601928,1717600,worker_0,W008,ResizeObjects,step_completed,success,22.58064516129032,7,31
cp_tutorial_3d_monolayer,1,12,1791399946.6023486,1717600,worker_0,W008,ErodeObjects,step_started,started,22.58064516129032,7,31
cp_tutorial_3d_monolayer,1,12,1791399946.656606,1717600,worker_0,W008,ErodeObjects,pattern_group,running,100.0,1,1
cp_tutorial_3d_monolayer,1,12,1791399946.657057,1717600,worker_0,W008,ErodeObjects,step_completed,success,25.806451612903224,8,31
cp_tutorial_3d_monolayer,1,12,1791399946.6575274,1717600,worker_0,W008,ResizeObjects,step_started,started,25.806451612903224,8,31
cp_tutorial_3d_monolayer,1,12,1791399946.6831148,1717600,worker_0,W008,ResizeObjects,pattern_group,running,100.0,1,1
cp_tutorial_3d_monolayer,1,12,1791399946.6836658,1717600,worker_0,W008,ResizeObjects,step_completed,success,29.03225806451613,9,31
cp_tutorial_3d_monolayer,1,12,1791399946.6841948,1717600,worker_0,W008,ConvertObjectsToImage,step_started,started,29.03225806451613,9,31
cp_tutorial_3d_monolayer,1,12,1791399946.7022774,1717600,worker_0,W008,ConvertObjectsToImage,pattern_group,running,100.0,1,1
cp_tutorial_3d_monolayer,1,12,1791399946.7024097,1717600,worker_0,W008,ConvertObjectsToImage,step_completed,success,32.25806451612903,10,31
cp_tutorial_3d_monolayer,1,12,1791399946.703216,1717600,worker_0,W008,Threshold,step_started,started,32.25806451612903,10,31
cp_tutorial_3d_monolayer,1,12,1791399946.886913,1717600,worker_0,W008,Threshold,pattern_group,running,100.0,1,1
cp_tutorial_3d_monolayer,1,12,1791399946.8871539,1717600,worker_0,W008,Threshold,step_completed,success,35.483870967741936,11,31
cp_tutorial_3d_monolayer,1,12,1791399946.887494,1717600,worker_0,W008,ImageMath,step_started,started,35.483870967741936,11,31
cp_tutorial_3d_monolayer,1,12,1791399946.9198825,1717600,worker_0,W008,ImageMath,pattern_group,running,100.0,1,1
cp_tutorial_3d_monolayer,1,12,1791399946.9200256,1717600,worker_0,W008,ImageMath,step_completed,success,38.70967741935484,12,31
cp_tutorial_3d_monolayer,1,12,1791399946.920924,1717600,worker_0,W008,RemoveHoles,step_started,started,38.70967741935484,12,31
cp_tutorial_3d_monolayer,1,12,1791399946.968521,1717600,worker_0,W008,RemoveHoles,pattern_group,running,100.0,1,1
cp_tutorial_3d_monolayer,1,12,1791399946.9686518,1717600,worker_0,W008,RemoveHoles,step_completed,success,41.935483870967744,13,31
cp_tutorial_3d_monolayer,1,12,1791399946.9691236,1717600,worker_0,W008,ImageMath,step_started,started,41.935483870967744,13,31
cp_tutorial_3d_monolayer,1,12,1791399947.2560263,1717600,worker_0,W008,ImageMath,pattern_group,running,100.0,1,1
cp_tutorial_3d_monolayer,1,12,1791399947.2561672,1717600,worker_0,W008,ImageMath,step_completed,success,45.16129032258064,14,31
cp_tutorial_3d_monolayer,1,12,1791399947.256512,1717600,worker_0,W008,Resize,step_started,started,45.16129032258064,14,31
cp_tutorial_3d_monolayer,1,12,1791399947.3148067,1717600,worker_0,W008,Resize,pattern_group,running,100.0,1,1
cp_tutorial_3d_monolayer,1,12,1791399947.314939,1717600,worker_0,W008,Resize,step_completed,success,48.38709677419355,15,31
cp_tutorial_3d_monolayer,1,12,1791399947.317822,1717600,worker_0,W008,Closing,step_started,started,48.38709677419355,15,31
cp_tutorial_3d_monolayer,1,12,1791399947.3942926,1717600,worker_0,W008,Closing,pattern_group,running,100.0,1,1
cp_tutorial_3d_monolayer,1,12,1791399947.3944252,1717600,worker_0,W008,Closing,step_completed,success,51.61290322580645,16,31
cp_tutorial_3d_monolayer,1,12,1791399947.394915,1717600,worker_0,W008,Resize,step_started,started,51.61290322580645,16,31
cp_tutorial_3d_monolayer,1,12,1791399947.4431646,1717600,worker_0,W008,Resize,pattern_group,running,100.0,1,1
cp_tutorial_3d_monolayer,1,12,1791399947.4432998,1717600,worker_0,W008,Resize,step_completed,success,54.83870967741935,17,31
cp_tutorial_3d_monolayer,1,12,1791399947.4437826,1717600,worker_0,W008,Threshold,step_started,started,54.83870967741935,17,31
cp_tutorial_3d_monolayer,1,12,1791399947.5711696,1717600,worker_0,W008,Threshold,pattern_group,running,100.0,1,1
cp_tutorial_3d_monolayer,1,12,1791399947.5714042,1717600,worker_0,W008,Threshold,step_completed,success,58.06451612903226,18,31
cp_tutorial_3d_monolayer,1,12,1791399947.5719037,1717600,worker_0,W008,MaskImage,step_started,started,58.06451612903226,18,31
cp_tutorial_3d_monolayer,1,12,1791399947.6149714,1717600,worker_0,W008,MaskImage,pattern_group,running,100.0,1,1
cp_tutorial_3d_monolayer,1,12,1791399947.6151137,1717600,worker_0,W008,MaskImage,step_completed,success,61.29032258064516,19,31
cp_tutorial_3d_monolayer,1,12,1791399947.6164699,1717600,worker_0,W008,ErodeImage,step_started,started,61.29032258064516,19,31
cp_tutorial_3d_monolayer,1,12,1791399947.6489875,1717600,worker_0,W008,ErodeImage,pattern_group,running,100.0,1,1
cp_tutorial_3d_monolayer,1,12,1791399947.64912,1717600,worker_0,W008,ErodeImage,step_completed,success,64.51612903225806,20,31
cp_tutorial_3d_monolayer,1,12,1791399947.6496284,1717600,worker_0,W008,Watershed,step_started,started,64.51612903225806,20,31
cp_tutorial_3d_monolayer,1,12,1791399947.7442033,1717600,worker_0,W008,Watershed,pattern_group,running,100.0,1,1
cp_tutorial_3d_monolayer,1,12,1791399947.7445846,1717600,worker_0,W008,Watershed,step_completed,success,67.74193548387096,21,31
cp_tutorial_3d_monolayer,1,12,1791399947.746009,1717600,worker_0,W008,MeasureObjectIntensity,step_started,started,67.74193548387096,21,31
cp_tutorial_3d_monolayer,1,12,1791399947.9868195,1717600,worker_0,W008,MeasureObjectIntensity,pattern_group,running,50.0,1,2
cp_tutorial_3d_monolayer,1,12,1791399948.2670565,1717600,worker_0,W008,MeasureObjectIntensity,pattern_group,running,100.0,2,2
cp_tutorial_3d_monolayer,1,12,1791399948.2691822,1717600,worker_0,W008,MeasureObjectIntensity,step_completed,success,70.96774193548387,22,31
cp_tutorial_3d_monolayer,1,12,1791399948.2695591,1717600,worker_0,W008,MeasureObjectSizeShape,step_started,started,70.96774193548387,22,31
cp_tutorial_3d_monolayer,1,12,1791399948.3631306,1717600,worker_0,W008,MeasureObjectSizeShape,pattern_group,running,50.0,1,2
cp_tutorial_3d_monolayer,1,12,1791399948.4626727,1717600,worker_0,W008,MeasureObjectSizeShape,pattern_group,running,100.0,2,2
cp_tutorial_3d_monolayer,1,12,1791399948.46322,1717600,worker_0,W008,MeasureObjectSizeShape,step_completed,success,74.19354838709677,23,31
cp_tutorial_3d_monolayer,1,12,1791399948.4635992,1717600,worker_0,W008,OverlayObjects,step_started,started,74.19354838709677,23,31
cp_tutorial_3d_monolayer,1,12,1791399948.4857016,1717600,worker_0,W008,OverlayObjects,pattern_group,running,100.0,1,1
cp_tutorial_3d_monolayer,1,12,1791399948.485808,1717600,worker_0,W008,OverlayObjects,step_completed,success,77.41935483870968,24,31
cp_tutorial_3d_monolayer,1,12,1791399948.486393,1717600,worker_0,W008,RescaleIntensity,step_started,started,77.41935483870968,24,31
cp_tutorial_3d_monolayer,1,12,1791399948.5797563,1717600,worker_0,W008,RescaleIntensity,pattern_group,running,100.0,1,1
cp_tutorial_3d_monolayer,1,12,1791399948.579887,1717600,worker_0,W008,RescaleIntensity,step_completed,success,80.64516129032258,25,31
cp_tutorial_3d_monolayer,1,12,1791399948.5802405,1717600,worker_0,W008,OverlayObjects,step_started,started,80.64516129032258,25,31
cp_tutorial_3d_monolayer,1,12,1791399948.6025603,1717600,worker_0,W008,OverlayObjects,pattern_group,running,100.0,1,1
cp_tutorial_3d_monolayer,1,12,1791399948.602655,1717600,worker_0,W008,OverlayObjects,step_completed,success,83.87096774193549,26,31
cp_tutorial_3d_monolayer,1,12,1791399948.6032975,1717600,worker_0,W008,ConvertObjectsToImage,step_started,started,83.87096774193549,26,31
cp_tutorial_3d_monolayer,1,12,1791399948.6373556,1717600,worker_0,W008,ConvertObjectsToImage,pattern_group,running,100.0,1,1
cp_tutorial_3d_monolayer,1,12,1791399948.6374867,1717600,worker_0,W008,ConvertObjectsToImage,step_completed,success,87.09677419354838,27,31
cp_tutorial_3d_monolayer,1,12,1791399948.638048,1717600,worker_0,W008,SaveImages,step_started,started,87.09677419354838,27,31
cp_tutorial_3d_monolayer,1,12,1791399948.6861763,1717600,worker_0,W008,SaveImages,pattern_group,running,100.0,1,1
cp_tutorial_3d_monolayer,1,12,1791399948.6935267,1717600,worker_0,W008,SaveImages,step_completed,success,90.32258064516128,28,31
cp_tutorial_3d_monolayer,1,12,1791399948.6941435,1717600,worker_0,W008,ConvertObjectsToImage,step_started,started,90.32258064516128,28,31
cp_tutorial_3d_monolayer,1,12,1791399948.7276616,1717600,worker_0,W008,ConvertObjectsToImage,pattern_group,running,100.0,1,1
cp_tutorial_3d_monolayer,1,12,1791399948.7278304,1717600,worker_0,W008,ConvertObjectsToImage,step_completed,success,93.54838709677419,29,31
cp_tutorial_3d_monolayer,1,12,1791399948.7284198,1717600,worker_0,W008,SaveImages,step_started,started,93.54838709677419,29,31
cp_tutorial_3d_monolayer,1,12,1791399948.7781541,1717600,worker_0,W008,SaveImages,pattern_group,running,100.0,1,1
cp_tutorial_3d_monolayer,1,12,1791399948.7860205,1717600,worker_0,W008,SaveImages,step_completed,success,96.7741935483871,30,31
cp_tutorial_3d_monolayer,1,12,1791399948.7871535,1717600,worker_0,W008,pipeline,axis_completed,success,96.7741935483871,30,31
cp_tutorial_3d_monolayer,1,12,1791399948.7872179,1717600,worker_0,W009,pipeline,axis_started,started,0.0,0,31
cp_tutorial_3d_monolayer,1,12,1791399948.7901602,1717600,worker_0,W009,RescaleIntensity,step_started,started,0.0,0,31
cp_tutorial_3d_monolayer,1,12,1791399949.0389657,1717600,worker_0,W009,RescaleIntensity,pattern_group,running,100.0,1,1
cp_tutorial_3d_monolayer,1,12,1791399949.0391014,1717600,worker_0,W009,RescaleIntensity,step_completed,success,3.225806451612903,1,31
cp_tutorial_3d_monolayer,1,12,1791399949.0393946,1717600,worker_0,W009,Resize,step_started,started,3.225806451612903,1,31
cp_tutorial_3d_monolayer,1,12,1791399949.0947497,1717600,worker_0,W009,Resize,pattern_group,running,100.0,1,1
cp_tutorial_3d_monolayer,1,12,1791399949.0948844,1717600,worker_0,W009,Resize,step_completed,success,6.451612903225806,2,31
cp_tutorial_3d_monolayer,1,12,1791399949.0951686,1717600,worker_0,W009,MedianFilter,step_started,started,6.451612903225806,2,31
cp_tutorial_3d_monolayer,1,12,1791399949.258574,1717600,worker_0,W009,MedianFilter,pattern_group,running,100.0,1,1
cp_tutorial_3d_monolayer,1,12,1791399949.2587051,1717600,worker_0,W009,MedianFilter,step_completed,success,9.67741935483871,3,31
cp_tutorial_3d_monolayer,1,12,1791399949.2590508,1717600,worker_0,W009,Threshold,step_started,started,9.67741935483871,3,31
cp_tutorial_3d_monolayer,1,12,1791399949.2963989,1717600,worker_0,W009,Threshold,pattern_group,running,100.0,1,1
cp_tutorial_3d_monolayer,1,12,1791399949.2966378,1717600,worker_0,W009,Threshold,step_completed,success,12.903225806451612,4,31
cp_tutorial_3d_monolayer,1,12,1791399949.2970083,1717600,worker_0,W009,RemoveHoles,step_started,started,12.903225806451612,4,31
cp_tutorial_3d_monolayer,1,12,1791399949.3127162,1717600,worker_0,W009,RemoveHoles,pattern_group,running,100.0,1,1
cp_tutorial_3d_monolayer,1,12,1791399949.3128455,1717600,worker_0,W009,RemoveHoles,step_completed,success,16.129032258064516,5,31
cp_tutorial_3d_monolayer,1,12,1791399949.313203,1717600,worker_0,W009,Watershed,step_started,started,16.129032258064516,5,31
cp_tutorial_3d_monolayer,1,12,1791399949.4009402,1717600,worker_0,W009,Watershed,pattern_group,running,100.0,1,1
cp_tutorial_3d_monolayer,1,12,1791399949.4013095,1717600,worker_0,W009,Watershed,step_completed,success,19.35483870967742,6,31
cp_tutorial_3d_monolayer,1,12,1791399949.4016974,1717600,worker_0,W009,ResizeObjects,step_started,started,19.35483870967742,6,31
cp_tutorial_3d_monolayer,1,12,1791399949.428121,1717600,worker_0,W009,ResizeObjects,pattern_group,running,100.0,1,1
cp_tutorial_3d_monolayer,1,12,1791399949.4285808,1717600,worker_0,W009,ResizeObjects,step_completed,success,22.58064516129032,7,31
cp_tutorial_3d_monolayer,1,12,1791399949.428994,1717600,worker_0,W009,ErodeObjects,step_started,started,22.58064516129032,7,31
cp_tutorial_3d_monolayer,1,12,1791399949.4811375,1717600,worker_0,W009,ErodeObjects,pattern_group,running,100.0,1,1
cp_tutorial_3d_monolayer,1,12,1791399949.481596,1717600,worker_0,W009,ErodeObjects,step_completed,success,25.806451612903224,8,31
cp_tutorial_3d_monolayer,1,12,1791399949.482059,1717600,worker_0,W009,ResizeObjects,step_started,started,25.806451612903224,8,31
cp_tutorial_3d_monolayer,1,12,1791399949.507543,1717600,worker_0,W009,ResizeObjects,pattern_group,running,100.0,1,1
cp_tutorial_3d_monolayer,1,12,1791399949.5079885,1717600,worker_0,W009,ResizeObjects,step_completed,success,29.03225806451613,9,31
cp_tutorial_3d_monolayer,1,12,1791399949.508496,1717600,worker_0,W009,ConvertObjectsToImage,step_started,started,29.03225806451613,9,31
cp_tutorial_3d_monolayer,1,12,1791399949.526831,1717600,worker_0,W009,ConvertObjectsToImage,pattern_group,running,100.0,1,1
cp_tutorial_3d_monolayer,1,12,1791399949.526972,1717600,worker_0,W009,ConvertObjectsToImage,step_completed,success,32.25806451612903,10,31
cp_tutorial_3d_monolayer,1,12,1791399949.5277946,1717600,worker_0,W009,Threshold,step_started,started,32.25806451612903,10,31
cp_tutorial_3d_monolayer,1,12,1791399949.7097964,1717600,worker_0,W009,Threshold,pattern_group,running,100.0,1,1
cp_tutorial_3d_monolayer,1,12,1791399949.7100384,1717600,worker_0,W009,Threshold,step_completed,success,35.483870967741936,11,31
cp_tutorial_3d_monolayer,1,12,1791399949.7103837,1717600,worker_0,W009,ImageMath,step_started,started,35.483870967741936,11,31
cp_tutorial_3d_monolayer,1,12,1791399949.7421634,1717600,worker_0,W009,ImageMath,pattern_group,running,100.0,1,1
cp_tutorial_3d_monolayer,1,12,1791399949.7423136,1717600,worker_0,W009,ImageMath,step_completed,success,38.70967741935484,12,31
cp_tutorial_3d_monolayer,1,12,1791399949.7431662,1717600,worker_0,W009,RemoveHoles,step_started,started,38.70967741935484,12,31
cp_tutorial_3d_monolayer,1,12,1791399949.7910001,1717600,worker_0,W009,RemoveHoles,pattern_group,running,100.0,1,1
cp_tutorial_3d_monolayer,1,12,1791399949.7911375,1717600,worker_0,W009,RemoveHoles,step_completed,success,41.935483870967744,13,31
cp_tutorial_3d_monolayer,1,12,1791399949.7916245,1717600,worker_0,W009,ImageMath,step_started,started,41.935483870967744,13,31
cp_tutorial_3d_monolayer,1,12,1791399950.071545,1717600,worker_0,W009,ImageMath,pattern_group,running,100.0,1,1
cp_tutorial_3d_monolayer,1,12,1791399950.0716841,1717600,worker_0,W009,ImageMath,step_completed,success,45.16129032258064,14,31
cp_tutorial_3d_monolayer,1,12,1791399950.0720203,1717600,worker_0,W009,Resize,step_started,started,45.16129032258064,14,31
cp_tutorial_3d_monolayer,1,12,1791399950.1303132,1717600,worker_0,W009,Resize,pattern_group,running,100.0,1,1
cp_tutorial_3d_monolayer,1,12,1791399950.1304429,1717600,worker_0,W009,Resize,step_completed,success,48.38709677419355,15,31
cp_tutorial_3d_monolayer,1,12,1791399950.133525,1717600,worker_0,W009,Closing,step_started,started,48.38709677419355,15,31
cp_tutorial_3d_monolayer,1,12,1791399950.210211,1717600,worker_0,W009,Closing,pattern_group,running,100.0,1,1
cp_tutorial_3d_monolayer,1,12,1791399950.2104185,1717600,worker_0,W009,Closing,step_completed,success,51.61290322580645,16,31
cp_tutorial_3d_monolayer,1,12,1791399950.2109094,1717600,worker_0,W009,Resize,step_started,started,51.61290322580645,16,31
cp_tutorial_3d_monolayer,1,12,1791399950.259252,1717600,worker_0,W009,Resize,pattern_group,running,100.0,1,1
cp_tutorial_3d_monolayer,1,12,1791399950.259389,1717600,worker_0,W009,Resize,step_completed,success,54.83870967741935,17,31
cp_tutorial_3d_monolayer,1,12,1791399950.259876,1717600,worker_0,W009,Threshold,step_started,started,54.83870967741935,17,31
cp_tutorial_3d_monolayer,1,12,1791399950.386491,1717600,worker_0,W009,Threshold,pattern_group,running,100.0,1,1
cp_tutorial_3d_monolayer,1,12,1791399950.3867226,1717600,worker_0,W009,Threshold,step_completed,success,58.06451612903226,18,31
cp_tutorial_3d_monolayer,1,12,1791399950.3872283,1717600,worker_0,W009,MaskImage,step_started,started,58.06451612903226,18,31
cp_tutorial_3d_monolayer,1,12,1791399950.4289424,1717600,worker_0,W009,MaskImage,pattern_group,running,100.0,1,1
cp_tutorial_3d_monolayer,1,12,1791399950.429084,1717600,worker_0,W009,MaskImage,step_completed,success,61.29032258064516,19,31
cp_tutorial_3d_monolayer,1,12,1791399950.429678,1717600,worker_0,W009,ErodeImage,step_started,started,61.29032258064516,19,31
cp_tutorial_3d_monolayer,1,12,1791399950.4600503,1717600,worker_0,W009,ErodeImage,pattern_group,running,100.0,1,1
cp_tutorial_3d_monolayer,1,12,1791399950.4601843,1717600,worker_0,W009,ErodeImage,step_completed,success,64.51612903225806,20,31
cp_tutorial_3d_monolayer,1,12,1791399950.4606888,1717600,worker_0,W009,Watershed,step_started,started,64.51612903225806,20,31
cp_tutorial_3d_monolayer,1,12,1791399950.5359771,1717600,worker_0,W009,Watershed,pattern_group,running,100.0,1,1
cp_tutorial_3d_monolayer,1,12,1791399950.5363622,1717600,worker_0,W009,Watershed,step_completed,success,67.74193548387096,21,31
cp_tutorial_3d_monolayer,1,12,1791399950.536942,1717600,worker_0,W009,MeasureObjectIntensity,step_started,started,67.74193548387096,21,31
cp_tutorial_3d_monolayer,1,12,1791399950.771346,1717600,worker_0,W009,MeasureObjectIntensity,pattern_group,running,50.0,1,2
cp_tutorial_3d_monolayer,1,12,1791399951.0455506,1717600,worker_0,W009,MeasureObjectIntensity,pattern_group,running,100.0,2,2
cp_tutorial_3d_monolayer,1,12,1791399951.0477386,1717600,worker_0,W009,MeasureObjectIntensity,step_completed,success,70.96774193548387,22,31
cp_tutorial_3d_monolayer,1,12,1791399951.0481093,1717600,worker_0,W009,MeasureObjectSizeShape,step_started,started,70.96774193548387,22,31
cp_tutorial_3d_monolayer,1,12,1791399951.1390202,1717600,worker_0,W009,MeasureObjectSizeShape,pattern_group,running,50.0,1,2
cp_tutorial_3d_monolayer,1,12,1791399951.2344782,1717600,worker_0,W009,MeasureObjectSizeShape,pattern_group,running,100.0,2,2
cp_tutorial_3d_monolayer,1,12,1791399951.2350368,1717600,worker_0,W009,MeasureObjectSizeShape,step_completed,success,74.19354838709677,23,31
cp_tutorial_3d_monolayer,1,12,1791399951.2354162,1717600,worker_0,W009,OverlayObjects,step_started,started,74.19354838709677,23,31
cp_tutorial_3d_monolayer,1,12,1791399951.2676291,1717600,worker_0,W009,OverlayObjects,pattern_group,running,100.0,1,1
cp_tutorial_3d_monolayer,1,12,1791399951.26774,1717600,worker_0,W009,OverlayObjects,step_completed,success,77.41935483870968,24,31
cp_tutorial_3d_monolayer,1,12,1791399951.2683263,1717600,worker_0,W009,RescaleIntensity,step_started,started,77.41935483870968,24,31
cp_tutorial_3d_monolayer,1,12,1791399951.3607962,1717600,worker_0,W009,RescaleIntensity,pattern_group,running,100.0,1,1
cp_tutorial_3d_monolayer,1,12,1791399951.3609285,1717600,worker_0,W009,RescaleIntensity,step_completed,success,80.64516129032258,25,31
cp_tutorial_3d_monolayer,1,12,1791399951.3612998,1717600,worker_0,W009,OverlayObjects,step_started,started,80.64516129032258,25,31
cp_tutorial_3d_monolayer,1,12,1791399951.393255,1717600,worker_0,W009,OverlayObjects,pattern_group,running,100.0,1,1
cp_tutorial_3d_monolayer,1,12,1791399951.393358,1717600,worker_0,W009,OverlayObjects,step_completed,success,83.87096774193549,26,31
cp_tutorial_3d_monolayer,1,12,1791399951.3939724,1717600,worker_0,W009,ConvertObjectsToImage,step_started,started,83.87096774193549,26,31
cp_tutorial_3d_monolayer,1,12,1791399951.425848,1717600,worker_0,W009,ConvertObjectsToImage,pattern_group,running,100.0,1,1
cp_tutorial_3d_monolayer,1,12,1791399951.4259746,1717600,worker_0,W009,ConvertObjectsToImage,step_completed,success,87.09677419354838,27,31
cp_tutorial_3d_monolayer,1,12,1791399951.4265404,1717600,worker_0,W009,SaveImages,step_started,started,87.09677419354838,27,31
cp_tutorial_3d_monolayer,1,12,1791399951.4741821,1717600,worker_0,W009,SaveImages,pattern_group,running,100.0,1,1
cp_tutorial_3d_monolayer,1,12,1791399951.480825,1717600,worker_0,W009,SaveImages,step_completed,success,90.32258064516128,28,31
cp_tutorial_3d_monolayer,1,12,1791399951.48148,1717600,worker_0,W009,ConvertObjectsToImage,step_started,started,90.32258064516128,28,31
cp_tutorial_3d_monolayer,1,12,1791399951.5130308,1717600,worker_0,W009,ConvertObjectsToImage,pattern_group,running,100.0,1,1
cp_tutorial_3d_monolayer,1,12,1791399951.5131938,1717600,worker_0,W009,ConvertObjectsToImage,step_completed,success,93.54838709677419,29,31
cp_tutorial_3d_monolayer,1,12,1791399951.5144918,1717600,worker_0,W009,SaveImages,step_started,started,93.54838709677419,29,31
cp_tutorial_3d_monolayer,1,12,1791399951.5636706,1717600,worker_0,W009,SaveImages,pattern_group,running,100.0,1,1
cp_tutorial_3d_monolayer,1,12,1791399951.5708802,1717600,worker_0,W009,SaveImages,step_completed,success,96.7741935483871,30,31
cp_tutorial_3d_monolayer,1,12,1791399951.5719738,1717600,worker_0,W009,pipeline,axis_completed,success,96.7741935483871,30,31
cp_tutorial_3d_monolayer,1,12,1791399951.5720413,1717600,worker_0,W010,pipeline,axis_started,started,0.0,0,31
cp_tutorial_3d_monolayer,1,12,1791399951.574936,1717600,worker_0,W010,RescaleIntensity,step_started,started,0.0,0,31
cp_tutorial_3d_monolayer,1,12,1791399951.931361,1717600,worker_0,W010,RescaleIntensity,pattern_group,running,100.0,1,1
cp_tutorial_3d_monolayer,1,12,1791399951.9315057,1717600,worker_0,W010,RescaleIntensity,step_completed,success,3.225806451612903,1,31
cp_tutorial_3d_monolayer,1,12,1791399951.931792,1717600,worker_0,W010,Resize,step_started,started,3.225806451612903,1,31
cp_tutorial_3d_monolayer,1,12,1791399951.9891145,1717600,worker_0,W010,Resize,pattern_group,running,100.0,1,1
cp_tutorial_3d_monolayer,1,12,1791399951.9892464,1717600,worker_0,W010,Resize,step_completed,success,6.451612903225806,2,31
cp_tutorial_3d_monolayer,1,12,1791399951.9895437,1717600,worker_0,W010,MedianFilter,step_started,started,6.451612903225806,2,31
cp_tutorial_3d_monolayer,1,12,1791399952.155314,1717600,worker_0,W010,MedianFilter,pattern_group,running,100.0,1,1
cp_tutorial_3d_monolayer,1,12,1791399952.1554484,1717600,worker_0,W010,MedianFilter,step_completed,success,9.67741935483871,3,31
cp_tutorial_3d_monolayer,1,12,1791399952.1557927,1717600,worker_0,W010,Threshold,step_started,started,9.67741935483871,3,31
cp_tutorial_3d_monolayer,1,12,1791399952.1933048,1717600,worker_0,W010,Threshold,pattern_group,running,100.0,1,1
cp_tutorial_3d_monolayer,1,12,1791399952.1935341,1717600,worker_0,W010,Threshold,step_completed,success,12.903225806451612,4,31
cp_tutorial_3d_monolayer,1,12,1791399952.1939,1717600,worker_0,W010,RemoveHoles,step_started,started,12.903225806451612,4,31
cp_tutorial_3d_monolayer,1,12,1791399952.2104363,1717600,worker_0,W010,RemoveHoles,pattern_group,running,100.0,1,1
cp_tutorial_3d_monolayer,1,12,1791399952.210566,1717600,worker_0,W010,RemoveHoles,step_completed,success,16.129032258064516,5,31
cp_tutorial_3d_monolayer,1,12,1791399952.2109263,1717600,worker_0,W010,Watershed,step_started,started,16.129032258064516,5,31
cp_tutorial_3d_monolayer,1,12,1791399952.2990224,1717600,worker_0,W010,Watershed,pattern_group,running,100.0,1,1
cp_tutorial_3d_monolayer,1,12,1791399952.2993968,1717600,worker_0,W010,Watershed,step_completed,success,19.35483870967742,6,31
cp_tutorial_3d_monolayer,1,12,1791399952.2997863,1717600,worker_0,W010,ResizeObjects,step_started,started,19.35483870967742,6,31
cp_tutorial_3d_monolayer,1,12,1791399952.326567,1717600,worker_0,W010,ResizeObjects,pattern_group,running,100.0,1,1
cp_tutorial_3d_monolayer,1,12,1791399952.3270183,1717600,worker_0,W010,ResizeObjects,step_completed,success,22.58064516129032,7,31
cp_tutorial_3d_monolayer,1,12,1791399952.327436,1717600,worker_0,W010,ErodeObjects,step_started,started,22.58064516129032,7,31
cp_tutorial_3d_monolayer,1,12,1791399952.3810773,1717600,worker_0,W010,ErodeObjects,pattern_group,running,100.0,1,1
cp_tutorial_3d_monolayer,1,12,1791399952.381527,1717600,worker_0,W010,ErodeObjects,step_completed,success,25.806451612903224,8,31
cp_tutorial_3d_monolayer,1,12,1791399952.3819978,1717600,worker_0,W010,ResizeObjects,step_started,started,25.806451612903224,8,31
cp_tutorial_3d_monolayer,1,12,1791399952.4092326,1717600,worker_0,W010,ResizeObjects,pattern_group,running,100.0,1,1
cp_tutorial_3d_monolayer,1,12,1791399952.4096916,1717600,worker_0,W010,ResizeObjects,step_completed,success,29.03225806451613,9,31
cp_tutorial_3d_monolayer,1,12,1791399952.4101872,1717600,worker_0,W010,ConvertObjectsToImage,step_started,started,29.03225806451613,9,31
cp_tutorial_3d_monolayer,1,12,1791399952.4287386,1717600,worker_0,W010,ConvertObjectsToImage,pattern_group,running,100.0,1,1
cp_tutorial_3d_monolayer,1,12,1791399952.4288766,1717600,worker_0,W010,ConvertObjectsToImage,step_completed,success,32.25806451612903,10,31
cp_tutorial_3d_monolayer,1,12,1791399952.429725,1717600,worker_0,W010,Threshold,step_started,started,32.25806451612903,10,31
cp_tutorial_3d_monolayer,1,12,1791399952.6110897,1717600,worker_0,W010,Threshold,pattern_group,running,100.0,1,1
cp_tutorial_3d_monolayer,1,12,1791399952.611334,1717600,worker_0,W010,Threshold,step_completed,success,35.483870967741936,11,31
cp_tutorial_3d_monolayer,1,12,1791399952.611663,1717600,worker_0,W010,ImageMath,step_started,started,35.483870967741936,11,31
cp_tutorial_3d_monolayer,1,12,1791399952.6424515,1717600,worker_0,W010,ImageMath,pattern_group,running,100.0,1,1
cp_tutorial_3d_monolayer,1,12,1791399952.642587,1717600,worker_0,W010,ImageMath,step_completed,success,38.70967741935484,12,31
cp_tutorial_3d_monolayer,1,12,1791399952.6434944,1717600,worker_0,W010,RemoveHoles,step_started,started,38.70967741935484,12,31
cp_tutorial_3d_monolayer,1,12,1791399952.6916037,1717600,worker_0,W010,RemoveHoles,pattern_group,running,100.0,1,1
cp_tutorial_3d_monolayer,1,12,1791399952.6917424,1717600,worker_0,W010,RemoveHoles,step_completed,success,41.935483870967744,13,31
cp_tutorial_3d_monolayer,1,12,1791399952.6922605,1717600,worker_0,W010,ImageMath,step_started,started,41.935483870967744,13,31
cp_tutorial_3d_monolayer,1,12,1791399952.9761631,1717600,worker_0,W010,ImageMath,pattern_group,running,100.0,1,1
cp_tutorial_3d_monolayer,1,12,1791399952.9763126,1717600,worker_0,W010,ImageMath,step_completed,success,45.16129032258064,14,31
cp_tutorial_3d_monolayer,1,12,1791399952.976644,1717600,worker_0,W010,Resize,step_started,started,45.16129032258064,14,31
cp_tutorial_3d_monolayer,1,12,1791399953.0338502,1717600,worker_0,W010,Resize,pattern_group,running,100.0,1,1
cp_tutorial_3d_monolayer,1,12,1791399953.033979,1717600,worker_0,W010,Resize,step_completed,success,48.38709677419355,15,31
cp_tutorial_3d_monolayer,1,12,1791399953.0377746,1717600,worker_0,W010,Closing,step_started,started,48.38709677419355,15,31
cp_tutorial_3d_monolayer,1,12,1791399953.113772,1717600,worker_0,W010,Closing,pattern_group,running,100.0,1,1
cp_tutorial_3d_monolayer,1,12,1791399953.1139007,1717600,worker_0,W010,Closing,step_completed,success,51.61290322580645,16,31
cp_tutorial_3d_monolayer,1,12,1791399953.1145136,1717600,worker_0,W010,Resize,step_started,started,51.61290322580645,16,31
cp_tutorial_3d_monolayer,1,12,1791399953.162471,1717600,worker_0,W010,Resize,pattern_group,running,100.0,1,1
cp_tutorial_3d_monolayer,1,12,1791399953.1626222,1717600,worker_0,W010,Resize,step_completed,success,54.83870967741935,17,31
cp_tutorial_3d_monolayer,1,12,1791399953.1631424,1717600,worker_0,W010,Threshold,step_started,started,54.83870967741935,17,31
cp_tutorial_3d_monolayer,1,12,1791399953.3101833,1717600,worker_0,W010,Threshold,pattern_group,running,100.0,1,1
cp_tutorial_3d_monolayer,1,12,1791399953.310425,1717600,worker_0,W010,Threshold,step_completed,success,58.06451612903226,18,31
cp_tutorial_3d_monolayer,1,12,1791399953.310928,1717600,worker_0,W010,MaskImage,step_started,started,58.06451612903226,18,31
cp_tutorial_3d_monolayer,1,12,1791399953.3521304,1717600,worker_0,W010,MaskImage,pattern_group,running,100.0,1,1
cp_tutorial_3d_monolayer,1,12,1791399953.3522792,1717600,worker_0,W010,MaskImage,step_completed,success,61.29032258064516,19,31
cp_tutorial_3d_monolayer,1,12,1791399953.3528688,1717600,worker_0,W010,ErodeImage,step_started,started,61.29032258064516,19,31
cp_tutorial_3d_monolayer,1,12,1791399953.3846824,1717600,worker_0,W010,ErodeImage,pattern_group,running,100.0,1,1
cp_tutorial_3d_monolayer,1,12,1791399953.3848155,1717600,worker_0,W010,ErodeImage,step_completed,success,64.51612903225806,20,31
cp_tutorial_3d_monolayer,1,12,1791399953.3853207,1717600,worker_0,W010,Watershed,step_started,started,64.51612903225806,20,31
cp_tutorial_3d_monolayer,1,12,1791399953.4615276,1717600,worker_0,W010,Watershed,pattern_group,running,100.0,1,1
cp_tutorial_3d_monolayer,1,12,1791399953.4619038,1717600,worker_0,W010,Watershed,step_completed,success,67.74193548387096,21,31
cp_tutorial_3d_monolayer,1,12,1791399953.462487,1717600,worker_0,W010,MeasureObjectIntensity,step_started,started,67.74193548387096,21,31
cp_tutorial_3d_monolayer,1,12,1791399953.6961572,1717600,worker_0,W010,MeasureObjectIntensity,pattern_group,running,50.0,1,2
cp_tutorial_3d_monolayer,1,12,1791399953.9669719,1717600,worker_0,W010,MeasureObjectIntensity,pattern_group,running,100.0,2,2
cp_tutorial_3d_monolayer,1,12,1791399953.9692032,1717600,worker_0,W010,MeasureObjectIntensity,step_completed,success,70.96774193548387,22,31
cp_tutorial_3d_monolayer,1,12,1791399953.9695704,1717600,worker_0,W010,MeasureObjectSizeShape,step_started,started,70.96774193548387,22,31
cp_tutorial_3d_monolayer,1,12,1791399954.060179,1717600,worker_0,W010,MeasureObjectSizeShape,pattern_group,running,50.0,1,2
cp_tutorial_3d_monolayer,1,12,1791399954.1525245,1717600,worker_0,W010,MeasureObjectSizeShape,pattern_group,running,100.0,2,2
cp_tutorial_3d_monolayer,1,12,1791399954.1530778,1717600,worker_0,W010,MeasureObjectSizeShape,step_completed,success,74.19354838709677,23,31
cp_tutorial_3d_monolayer,1,12,1791399954.1534653,1717600,worker_0,W010,OverlayObjects,step_started,started,74.19354838709677,23,31
cp_tutorial_3d_monolayer,1,12,1791399954.191414,1717600,worker_0,W010,OverlayObjects,pattern_group,running,100.0,1,1
cp_tutorial_3d_monolayer,1,12,1791399954.1915276,1717600,worker_0,W010,OverlayObjects,step_completed,success,77.41935483870968,24,31
cp_tutorial_3d_monolayer,1,12,1791399954.1921065,1717600,worker_0,W010,RescaleIntensity,step_started,started,77.41935483870968,24,31
cp_tutorial_3d_monolayer,1,12,1791399954.291475,1717600,worker_0,W010,RescaleIntensity,pattern_group,running,100.0,1,1
cp_tutorial_3d_monolayer,1,12,1791399954.291613,1717600,worker_0,W010,RescaleIntensity,step_completed,success,80.64516129032258,25,31
cp_tutorial_3d_monolayer,1,12,1791399954.2919786,1717600,worker_0,W010,OverlayObjects,step_started,started,80.64516129032258,25,31
cp_tutorial_3d_monolayer,1,12,1791399954.3268836,1717600,worker_0,W010,OverlayObjects,pattern_group,running,100.0,1,1
cp_tutorial_3d_monolayer,1,12,1791399954.3269799,1717600,worker_0,W010,OverlayObjects,step_completed,success,83.87096774193549,26,31
cp_tutorial_3d_monolayer,1,12,1791399954.327572,1717600,worker_0,W010,ConvertObjectsToImage,step_started,started,83.87096774193549,26,31
cp_tutorial_3d_monolayer,1,12,1791399954.3591712,1717600,worker_0,W010,ConvertObjectsToImage,pattern_group,running,100.0,1,1
cp_tutorial_3d_monolayer,1,12,1791399954.3593132,1717600,worker_0,W010,ConvertObjectsToImage,step_completed,success,87.09677419354838,27,31
cp_tutorial_3d_monolayer,1,12,1791399954.3598766,1717600,worker_0,W010,SaveImages,step_started,started,87.09677419354838,27,31
cp_tutorial_3d_monolayer,1,12,1791399954.4074645,1717600,worker_0,W010,SaveImages,pattern_group,running,100.0,1,1
cp_tutorial_3d_monolayer,1,12,1791399954.413895,1717600,worker_0,W010,SaveImages,step_completed,success,90.32258064516128,28,31
cp_tutorial_3d_monolayer,1,12,1791399954.41448,1717600,worker_0,W010,ConvertObjectsToImage,step_started,started,90.32258064516128,28,31
cp_tutorial_3d_monolayer,1,12,1791399954.4442594,1717600,worker_0,W010,ConvertObjectsToImage,pattern_group,running,100.0,1,1
cp_tutorial_3d_monolayer,1,12,1791399954.4444132,1717600,worker_0,W010,ConvertObjectsToImage,step_completed,success,93.54838709677419,29,31
cp_tutorial_3d_monolayer,1,12,1791399954.4457943,1717600,worker_0,W010,SaveImages,step_started,started,93.54838709677419,29,31
cp_tutorial_3d_monolayer,1,12,1791399954.4944756,1717600,worker_0,W010,SaveImages,pattern_group,running,100.0,1,1
cp_tutorial_3d_monolayer,1,12,1791399954.5020692,1717600,worker_0,W010,SaveImages,step_completed,success,96.7741935483871,30,31
cp_tutorial_3d_monolayer,1,12,1791399954.5031912,1717600,worker_0,W010,pipeline,axis_completed,success,96.7741935483871,30,31
cp_tutorial_3d_monolayer,1,12,1791399954.503261,1717600,worker_0,W011,pipeline,axis_started,started,0.0,0,31
cp_tutorial_3d_monolayer,1,12,1791399954.5062854,1717600,worker_0,W011,RescaleIntensity,step_started,started,0.0,0,31
cp_tutorial_3d_monolayer,1,12,1791399954.7521515,1717600,worker_0,W011,RescaleIntensity,pattern_group,running,100.0,1,1
cp_tutorial_3d_monolayer,1,12,1791399954.7523024,1717600,worker_0,W011,RescaleIntensity,step_completed,success,3.225806451612903,1,31
cp_tutorial_3d_monolayer,1,12,1791399954.752589,1717600,worker_0,W011,Resize,step_started,started,3.225806451612903,1,31
cp_tutorial_3d_monolayer,1,12,1791399954.8083034,1717600,worker_0,W011,Resize,pattern_group,running,100.0,1,1
cp_tutorial_3d_monolayer,1,12,1791399954.8084376,1717600,worker_0,W011,Resize,step_completed,success,6.451612903225806,2,31
cp_tutorial_3d_monolayer,1,12,1791399954.8087227,1717600,worker_0,W011,MedianFilter,step_started,started,6.451612903225806,2,31
cp_tutorial_3d_monolayer,1,12,1791399954.9721699,1717600,worker_0,W011,MedianFilter,pattern_group,running,100.0,1,1
cp_tutorial_3d_monolayer,1,12,1791399954.9723084,1717600,worker_0,W011,MedianFilter,step_completed,success,9.67741935483871,3,31
cp_tutorial_3d_monolayer,1,12,1791399954.9726598,1717600,worker_0,W011,Threshold,step_started,started,9.67741935483871,3,31
cp_tutorial_3d_monolayer,1,12,1791399955.0090723,1717600,worker_0,W011,Threshold,pattern_group,running,100.0,1,1
cp_tutorial_3d_monolayer,1,12,1791399955.0093238,1717600,worker_0,W011,Threshold,step_completed,success,12.903225806451612,4,31
cp_tutorial_3d_monolayer,1,12,1791399955.009756,1717600,worker_0,W011,RemoveHoles,step_started,started,12.903225806451612,4,31
cp_tutorial_3d_monolayer,1,12,1791399955.025132,1717600,worker_0,W011,RemoveHoles,pattern_group,running,100.0,1,1
cp_tutorial_3d_monolayer,1,12,1791399955.0252554,1717600,worker_0,W011,RemoveHoles,step_completed,success,16.129032258064516,5,31
cp_tutorial_3d_monolayer,1,12,1791399955.0256214,1717600,worker_0,W011,Watershed,step_started,started,16.129032258064516,5,31
cp_tutorial_3d_monolayer,1,12,1791399955.1116598,1717600,worker_0,W011,Watershed,pattern_group,running,100.0,1,1
cp_tutorial_3d_monolayer,1,12,1791399955.1120234,1717600,worker_0,W011,Watershed,step_completed,success,19.35483870967742,6,31
cp_tutorial_3d_monolayer,1,12,1791399955.1124158,1717600,worker_0,W011,ResizeObjects,step_started,started,19.35483870967742,6,31
cp_tutorial_3d_monolayer,1,12,1791399955.1384625,1717600,worker_0,W011,ResizeObjects,pattern_group,running,100.0,1,1
cp_tutorial_3d_monolayer,1,12,1791399955.1389244,1717600,worker_0,W011,ResizeObjects,step_completed,success,22.58064516129032,7,31
cp_tutorial_3d_monolayer,1,12,1791399955.1393409,1717600,worker_0,W011,ErodeObjects,step_started,started,22.58064516129032,7,31
cp_tutorial_3d_monolayer,1,12,1791399955.1931503,1717600,worker_0,W011,ErodeObjects,pattern_group,running,100.0,1,1
cp_tutorial_3d_monolayer,1,12,1791399955.1936057,1717600,worker_0,W011,ErodeObjects,step_completed,success,25.806451612903224,8,31
cp_tutorial_3d_monolayer,1,12,1791399955.194077,1717600,worker_0,W011,ResizeObjects,step_started,started,25.806451612903224,8,31
cp_tutorial_3d_monolayer,1,12,1791399955.2195935,1717600,worker_0,W011,ResizeObjects,pattern_group,running,100.0,1,1
cp_tutorial_3d_monolayer,1,12,1791399955.2200406,1717600,worker_0,W011,ResizeObjects,step_completed,success,29.03225806451613,9,31
cp_tutorial_3d_monolayer,1,12,1791399955.220536,1717600,worker_0,W011,ConvertObjectsToImage,step_started,started,29.03225806451613,9,31
cp_tutorial_3d_monolayer,1,12,1791399955.2393973,1717600,worker_0,W011,ConvertObjectsToImage,pattern_group,running,100.0,1,1
cp_tutorial_3d_monolayer,1,12,1791399955.2395337,1717600,worker_0,W011,ConvertObjectsToImage,step_completed,success,32.25806451612903,10,31
cp_tutorial_3d_monolayer,1,12,1791399955.2403436,1717600,worker_0,W011,Threshold,step_started,started,32.25806451612903,10,31
cp_tutorial_3d_monolayer,1,12,1791399955.4207401,1717600,worker_0,W011,Threshold,pattern_group,running,100.0,1,1
cp_tutorial_3d_monolayer,1,12,1791399955.4209788,1717600,worker_0,W011,Threshold,step_completed,success,35.483870967741936,11,31
cp_tutorial_3d_monolayer,1,12,1791399955.4213147,1717600,worker_0,W011,ImageMath,step_started,started,35.483870967741936,11,31
cp_tutorial_3d_monolayer,1,12,1791399955.4519486,1717600,worker_0,W011,ImageMath,pattern_group,running,100.0,1,1
cp_tutorial_3d_monolayer,1,12,1791399955.45209,1717600,worker_0,W011,ImageMath,step_completed,success,38.70967741935484,12,31
cp_tutorial_3d_monolayer,1,12,1791399955.4525802,1717600,worker_0,W011,RemoveHoles,step_started,started,38.70967741935484,12,31
cp_tutorial_3d_monolayer,1,12,1791399955.505366,1717600,worker_0,W011,RemoveHoles,pattern_group,running,100.0,1,1
cp_tutorial_3d_monolayer,1,12,1791399955.505504,1717600,worker_0,W011,RemoveHoles,step_completed,success,41.935483870967744,13,31
cp_tutorial_3d_monolayer,1,12,1791399955.5059822,1717600,worker_0,W011,ImageMath,step_started,started,41.935483870967744,13,31
cp_tutorial_3d_monolayer,1,12,1791399955.8014047,1717600,worker_0,W011,ImageMath,pattern_group,running,100.0,1,1
cp_tutorial_3d_monolayer,1,12,1791399955.801546,1717600,worker_0,W011,ImageMath,step_completed,success,45.16129032258064,14,31
cp_tutorial_3d_monolayer,1,12,1791399955.801877,1717600,worker_0,W011,Resize,step_started,started,45.16129032258064,14,31
cp_tutorial_3d_monolayer,1,12,1791399955.8594034,1717600,worker_0,W011,Resize,pattern_group,running,100.0,1,1
cp_tutorial_3d_monolayer,1,12,1791399955.8595338,1717600,worker_0,W011,Resize,step_completed,success,48.38709677419355,15,31
cp_tutorial_3d_monolayer,1,12,1791399955.8636243,1717600,worker_0,W011,Closing,step_started,started,48.38709677419355,15,31
cp_tutorial_3d_monolayer,1,12,1791399955.9401803,1717600,worker_0,W011,Closing,pattern_group,running,100.0,1,1
cp_tutorial_3d_monolayer,1,12,1791399955.940326,1717600,worker_0,W011,Closing,step_completed,success,51.61290322580645,16,31
cp_tutorial_3d_monolayer,1,12,1791399955.9408782,1717600,worker_0,W011,Resize,step_started,started,51.61290322580645,16,31
cp_tutorial_3d_monolayer,1,12,1791399955.9903512,1717600,worker_0,W011,Resize,pattern_group,running,100.0,1,1
cp_tutorial_3d_monolayer,1,12,1791399955.9904928,1717600,worker_0,W011,Resize,step_completed,success,54.83870967741935,17,31
cp_tutorial_3d_monolayer,1,12,1791399955.990989,1717600,worker_0,W011,Threshold,step_started,started,54.83870967741935,17,31
cp_tutorial_3d_monolayer,1,12,1791399956.1721406,1717600,worker_0,W011,Threshold,pattern_group,running,100.0,1,1
cp_tutorial_3d_monolayer,1,12,1791399956.1724062,1717600,worker_0,W011,Threshold,step_completed,success,58.06451612903226,18,31
cp_tutorial_3d_monolayer,1,12,1791399956.172962,1717600,worker_0,W011,MaskImage,step_started,started,58.06451612903226,18,31
cp_tutorial_3d_monolayer,1,12,1791399956.2167861,1717600,worker_0,W011,MaskImage,pattern_group,running,100.0,1,1
cp_tutorial_3d_monolayer,1,12,1791399956.216926,1717600,worker_0,W011,MaskImage,step_completed,success,61.29032258064516,19,31
cp_tutorial_3d_monolayer,1,12,1791399956.217514,1717600,worker_0,W011,ErodeImage,step_started,started,61.29032258064516,19,31
cp_tutorial_3d_monolayer,1,12,1791399956.2502189,1717600,worker_0,W011,ErodeImage,pattern_group,running,100.0,1,1
cp_tutorial_3d_monolayer,1,12,1791399956.25036,1717600,worker_0,W011,ErodeImage,step_completed,success,64.51612903225806,20,31
cp_tutorial_3d_monolayer,1,12,1791399956.2517138,1717600,worker_0,W011,Watershed,step_started,started,64.51612903225806,20,31
cp_tutorial_3d_monolayer,1,12,1791399956.3630242,1717600,worker_0,W011,Watershed,pattern_group,running,100.0,1,1
cp_tutorial_3d_monolayer,1,12,1791399956.363421,1717600,worker_0,W011,Watershed,step_completed,success,67.74193548387096,21,31
cp_tutorial_3d_monolayer,1,12,1791399956.3639934,1717600,worker_0,W011,MeasureObjectIntensity,step_started,started,67.74193548387096,21,31
cp_tutorial_3d_monolayer,1,12,1791399956.601201,1717600,worker_0,W011,MeasureObjectIntensity,pattern_group,running,50.0,1,2
cp_tutorial_3d_monolayer,1,12,1791399956.8742974,1717600,worker_0,W011,MeasureObjectIntensity,pattern_group,running,100.0,2,2
cp_tutorial_3d_monolayer,1,12,1791399956.876432,1717600,worker_0,W011,MeasureObjectIntensity,step_completed,success,70.96774193548387,22,31
cp_tutorial_3d_monolayer,1,12,1791399956.8767982,1717600,worker_0,W011,MeasureObjectSizeShape,step_started,started,70.96774193548387,22,31
cp_tutorial_3d_monolayer,1,12,1791399956.9689853,1717600,worker_0,W011,MeasureObjectSizeShape,pattern_group,running,50.0,1,2
cp_tutorial_3d_monolayer,1,12,1791399957.066778,1717600,worker_0,W011,MeasureObjectSizeShape,pattern_group,running,100.0,2,2
cp_tutorial_3d_monolayer,1,12,1791399957.0673475,1717600,worker_0,W011,MeasureObjectSizeShape,step_completed,success,74.19354838709677,23,31
cp_tutorial_3d_monolayer,1,12,1791399957.0677192,1717600,worker_0,W011,OverlayObjects,step_started,started,74.19354838709677,23,31
cp_tutorial_3d_monolayer,1,12,1791399957.0902648,1717600,worker_0,W011,OverlayObjects,pattern_group,running,100.0,1,1
cp_tutorial_3d_monolayer,1,12,1791399957.0903895,1717600,worker_0,W011,OverlayObjects,step_completed,success,77.41935483870968,24,31
cp_tutorial_3d_monolayer,1,12,1791399957.0909705,1717600,worker_0,W011,RescaleIntensity,step_started,started,77.41935483870968,24,31
cp_tutorial_3d_monolayer,1,12,1791399957.1825078,1717600,worker_0,W011,RescaleIntensity,pattern_group,running,100.0,1,1
cp_tutorial_3d_monolayer,1,12,1791399957.1827092,1717600,worker_0,W011,RescaleIntensity,step_completed,success,80.64516129032258,25,31
cp_tutorial_3d_monolayer,1,12,1791399957.1833422,1717600,worker_0,W011,OverlayObjects,step_started,started,80.64516129032258,25,31
cp_tutorial_3d_monolayer,1,12,1791399957.2050114,1717600,worker_0,W011,OverlayObjects,pattern_group,running,100.0,1,1
cp_tutorial_3d_monolayer,1,12,1791399957.2051215,1717600,worker_0,W011,OverlayObjects,step_completed,success,83.87096774193549,26,31
cp_tutorial_3d_monolayer,1,12,1791399957.2057674,1717600,worker_0,W011,ConvertObjectsToImage,step_started,started,83.87096774193549,26,31
cp_tutorial_3d_monolayer,1,12,1791399957.238816,1717600,worker_0,W011,ConvertObjectsToImage,pattern_group,running,100.0,1,1
cp_tutorial_3d_monolayer,1,12,1791399957.2389479,1717600,worker_0,W011,ConvertObjectsToImage,step_completed,success,87.09677419354838,27,31
cp_tutorial_3d_monolayer,1,12,1791399957.2395256,1717600,worker_0,W011,SaveImages,step_started,started,87.09677419354838,27,31
cp_tutorial_3d_monolayer,1,12,1791399957.2890382,1717600,worker_0,W011,SaveImages,pattern_group,running,100.0,1,1
cp_tutorial_3d_monolayer,1,12,1791399957.295951,1717600,worker_0,W011,SaveImages,step_completed,success,90.32258064516128,28,31
cp_tutorial_3d_monolayer,1,12,1791399957.2965457,1717600,worker_0,W011,ConvertObjectsToImage,step_started,started,90.32258064516128,28,31
cp_tutorial_3d_monolayer,1,12,1791399957.3289201,1717600,worker_0,W011,ConvertObjectsToImage,pattern_group,running,100.0,1,1
cp_tutorial_3d_monolayer,1,12,1791399957.3290923,1717600,worker_0,W011,ConvertObjectsToImage,step_completed,success,93.54838709677419,29,31
cp_tutorial_3d_monolayer,1,12,1791399957.3296819,1717600,worker_0,W011,SaveImages,step_started,started,93.54838709677419,29,31
cp_tutorial_3d_monolayer,1,12,1791399957.3779545,1717600,worker_0,W011,SaveImages,pattern_group,running,100.0,1,1
cp_tutorial_3d_monolayer,1,12,1791399957.3849823,1717600,worker_0,W011,SaveImages,step_completed,success,96.7741935483871,30,31
cp_tutorial_3d_monolayer,1,12,1791399957.3861334,1717600,worker_0,W011,pipeline,axis_completed,success,96.7741935483871,30,31
cp_tutorial_3d_monolayer,1,12,1791399957.3861978,1717600,worker_0,W012,pipeline,axis_started,started,0.0,0,31
cp_tutorial_3d_monolayer,1,12,1791399957.3891203,1717600,worker_0,W012,RescaleIntensity,step_started,started,0.0,0,31
cp_tutorial_3d_monolayer,1,12,1791399957.7594032,1717600,worker_0,W012,RescaleIntensity,pattern_group,running,100.0,1,1
cp_tutorial_3d_monolayer,1,12,1791399957.7595437,1717600,worker_0,W012,RescaleIntensity,step_completed,success,3.225806451612903,1,31
cp_tutorial_3d_monolayer,1,12,1791399957.7598295,1717600,worker_0,W012,Resize,step_started,started,3.225806451612903,1,31
cp_tutorial_3d_monolayer,1,12,1791399957.81568,1717600,worker_0,W012,Resize,pattern_group,running,100.0,1,1
cp_tutorial_3d_monolayer,1,12,1791399957.8158145,1717600,worker_0,W012,Resize,step_completed,success,6.451612903225806,2,31
cp_tutorial_3d_monolayer,1,12,1791399957.8161833,1717600,worker_0,W012,MedianFilter,step_started,started,6.451612903225806,2,31
cp_tutorial_3d_monolayer,1,12,1791399957.9795704,1717600,worker_0,W012,MedianFilter,pattern_group,running,100.0,1,1
cp_tutorial_3d_monolayer,1,12,1791399957.979705,1717600,worker_0,W012,MedianFilter,step_completed,success,9.67741935483871,3,31
cp_tutorial_3d_monolayer,1,12,1791399957.9800603,1717600,worker_0,W012,Threshold,step_started,started,9.67741935483871,3,31
cp_tutorial_3d_monolayer,1,12,1791399958.0161116,1717600,worker_0,W012,Threshold,pattern_group,running,100.0,1,1
cp_tutorial_3d_monolayer,1,12,1791399958.016345,1717600,worker_0,W012,Threshold,step_completed,success,12.903225806451612,4,31
cp_tutorial_3d_monolayer,1,12,1791399958.0167048,1717600,worker_0,W012,RemoveHoles,step_started,started,12.903225806451612,4,31
cp_tutorial_3d_monolayer,1,12,1791399958.0327017,1717600,worker_0,W012,RemoveHoles,pattern_group,running,100.0,1,1
cp_tutorial_3d_monolayer,1,12,1791399958.0328307,1717600,worker_0,W012,RemoveHoles,step_completed,success,16.129032258064516,5,31
cp_tutorial_3d_monolayer,1,12,1791399958.0331903,1717600,worker_0,W012,Watershed,step_started,started,16.129032258064516,5,31
cp_tutorial_3d_monolayer,1,12,1791399958.119357,1717600,worker_0,W012,Watershed,pattern_group,running,100.0,1,1
cp_tutorial_3d_monolayer,1,12,1791399958.119721,1717600,worker_0,W012,Watershed,step_completed,success,19.35483870967742,6,31
cp_tutorial_3d_monolayer,1,12,1791399958.1201081,1717600,worker_0,W012,ResizeObjects,step_started,started,19.35483870967742,6,31
cp_tutorial_3d_monolayer,1,12,1791399958.1461096,1717600,worker_0,W012,ResizeObjects,pattern_group,running,100.0,1,1
cp_tutorial_3d_monolayer,1,12,1791399958.1465602,1717600,worker_0,W012,ResizeObjects,step_completed,success,22.58064516129032,7,31
cp_tutorial_3d_monolayer,1,12,1791399958.146972,1717600,worker_0,W012,ErodeObjects,step_started,started,22.58064516129032,7,31
cp_tutorial_3d_monolayer,1,12,1791399958.200252,1717600,worker_0,W012,ErodeObjects,pattern_group,running,100.0,1,1
cp_tutorial_3d_monolayer,1,12,1791399958.200718,1717600,worker_0,W012,ErodeObjects,step_completed,success,25.806451612903224,8,31
cp_tutorial_3d_monolayer,1,12,1791399958.2012186,1717600,worker_0,W012,ResizeObjects,step_started,started,25.806451612903224,8,31
cp_tutorial_3d_monolayer,1,12,1791399958.2263577,1717600,worker_0,W012,ResizeObjects,pattern_group,running,100.0,1,1
cp_tutorial_3d_monolayer,1,12,1791399958.2268045,1717600,worker_0,W012,ResizeObjects,step_completed,success,29.03225806451613,9,31
cp_tutorial_3d_monolayer,1,12,1791399958.2272956,1717600,worker_0,W012,ConvertObjectsToImage,step_started,started,29.03225806451613,9,31
cp_tutorial_3d_monolayer,1,12,1791399958.2464437,1717600,worker_0,W012,ConvertObjectsToImage,pattern_group,running,100.0,1,1
cp_tutorial_3d_monolayer,1,12,1791399958.2465801,1717600,worker_0,W012,ConvertObjectsToImage,step_completed,success,32.25806451612903,10,31
cp_tutorial_3d_monolayer,1,12,1791399958.2474198,1717600,worker_0,W012,Threshold,step_started,started,32.25806451612903,10,31
cp_tutorial_3d_monolayer,1,12,1791399958.4322479,1717600,worker_0,W012,Threshold,pattern_group,running,100.0,1,1
cp_tutorial_3d_monolayer,1,12,1791399958.432488,1717600,worker_0,W012,Threshold,step_completed,success,35.483870967741936,11,31
cp_tutorial_3d_monolayer,1,12,1791399958.4328136,1717600,worker_0,W012,ImageMath,step_started,started,35.483870967741936,11,31
cp_tutorial_3d_monolayer,1,12,1791399958.4630392,1717600,worker_0,W012,ImageMath,pattern_group,running,100.0,1,1
cp_tutorial_3d_monolayer,1,12,1791399958.463178,1717600,worker_0,W012,ImageMath,step_completed,success,38.70967741935484,12,31
cp_tutorial_3d_monolayer,1,12,1791399958.463669,1717600,worker_0,W012,RemoveHoles,step_started,started,38.70967741935484,12,31
cp_tutorial_3d_monolayer,1,12,1791399958.51207,1717600,worker_0,W012,RemoveHoles,pattern_group,running,100.0,1,1
cp_tutorial_3d_monolayer,1,12,1791399958.5122027,1717600,worker_0,W012,RemoveHoles,step_completed,success,41.935483870967744,13,31
cp_tutorial_3d_monolayer,1,12,1791399958.5126827,1717600,worker_0,W012,ImageMath,step_started,started,41.935483870967744,13,31
cp_tutorial_3d_monolayer,1,12,1791399958.7958188,1717600,worker_0,W012,ImageMath,pattern_group,running,100.0,1,1
cp_tutorial_3d_monolayer,1,12,1791399958.7959707,1717600,worker_0,W012,ImageMath,step_completed,success,45.16129032258064,14,31
cp_tutorial_3d_monolayer,1,12,1791399958.7963252,1717600,worker_0,W012,Resize,step_started,started,45.16129032258064,14,31
cp_tutorial_3d_monolayer,1,12,1791399958.8536954,1717600,worker_0,W012,Resize,pattern_group,running,100.0,1,1
cp_tutorial_3d_monolayer,1,12,1791399958.8538227,1717600,worker_0,W012,Resize,step_completed,success,48.38709677419355,15,31
cp_tutorial_3d_monolayer,1,12,1791399958.8573449,1717600,worker_0,W012,Closing,step_started,started,48.38709677419355,15,31
cp_tutorial_3d_monolayer,1,12,1791399958.9330902,1717600,worker_0,W012,Closing,pattern_group,running,100.0,1,1
cp_tutorial_3d_monolayer,1,12,1791399958.9332323,1717600,worker_0,W012,Closing,step_completed,success,51.61290322580645,16,31
cp_tutorial_3d_monolayer,1,12,1791399958.933824,1717600,worker_0,W012,Resize,step_started,started,51.61290322580645,16,31
cp_tutorial_3d_monolayer,1,12,1791399958.9818554,1717600,worker_0,W012,Resize,pattern_group,running,100.0,1,1
cp_tutorial_3d_monolayer,1,12,1791399958.9819875,1717600,worker_0,W012,Resize,step_completed,success,54.83870967741935,17,31
cp_tutorial_3d_monolayer,1,12,1791399958.9824858,1717600,worker_0,W012,Threshold,step_started,started,54.83870967741935,17,31
cp_tutorial_3d_monolayer,1,12,1791399959.1068425,1717600,worker_0,W012,Threshold,pattern_group,running,100.0,1,1
cp_tutorial_3d_monolayer,1,12,1791399959.1070743,1717600,worker_0,W012,Threshold,step_completed,success,58.06451612903226,18,31
cp_tutorial_3d_monolayer,1,12,1791399959.107586,1717600,worker_0,W012,MaskImage,step_started,started,58.06451612903226,18,31
cp_tutorial_3d_monolayer,1,12,1791399959.1488438,1717600,worker_0,W012,MaskImage,pattern_group,running,100.0,1,1
cp_tutorial_3d_monolayer,1,12,1791399959.148988,1717600,worker_0,W012,MaskImage,step_completed,success,61.29032258064516,19,31
cp_tutorial_3d_monolayer,1,12,1791399959.1496,1717600,worker_0,W012,ErodeImage,step_started,started,61.29032258064516,19,31
cp_tutorial_3d_monolayer,1,12,1791399959.1825955,1717600,worker_0,W012,ErodeImage,pattern_group,running,100.0,1,1
cp_tutorial_3d_monolayer,1,12,1791399959.182733,1717600,worker_0,W012,ErodeImage,step_completed,success,64.51612903225806,20,31
cp_tutorial_3d_monolayer,1,12,1791399959.1841214,1717600,worker_0,W012,Watershed,step_started,started,64.51612903225806,20,31
cp_tutorial_3d_monolayer,1,12,1791399959.2842805,1717600,worker_0,W012,Watershed,pattern_group,running,100.0,1,1
cp_tutorial_3d_monolayer,1,12,1791399959.284663,1717600,worker_0,W012,Watershed,step_completed,success,67.74193548387096,21,31
cp_tutorial_3d_monolayer,1,12,1791399959.2852328,1717600,worker_0,W012,MeasureObjectIntensity,step_started,started,67.74193548387096,21,31
cp_tutorial_3d_monolayer,1,12,1791399959.5203054,1717600,worker_0,W012,MeasureObjectIntensity,pattern_group,running,50.0,1,2
cp_tutorial_3d_monolayer,1,12,1791399959.7947748,1717600,worker_0,W012,MeasureObjectIntensity,pattern_group,running,100.0,2,2
cp_tutorial_3d_monolayer,1,12,1791399959.7969096,1717600,worker_0,W012,MeasureObjectIntensity,step_completed,success,70.96774193548387,22,31
cp_tutorial_3d_monolayer,1,12,1791399959.7972941,1717600,worker_0,W012,MeasureObjectSizeShape,step_started,started,70.96774193548387,22,31
cp_tutorial_3d_monolayer,1,12,1791399959.8894918,1717600,worker_0,W012,MeasureObjectSizeShape,pattern_group,running,50.0,1,2
cp_tutorial_3d_monolayer,1,12,1791399959.988232,1717600,worker_0,W012,MeasureObjectSizeShape,pattern_group,running,100.0,2,2
cp_tutorial_3d_monolayer,1,12,1791399959.9887936,1717600,worker_0,W012,MeasureObjectSizeShape,step_completed,success,74.19354838709677,23,31
cp_tutorial_3d_monolayer,1,12,1791399959.9891658,1717600,worker_0,W012,OverlayObjects,step_started,started,74.19354838709677,23,31
cp_tutorial_3d_monolayer,1,12,1791399960.014167,1717600,worker_0,W012,OverlayObjects,pattern_group,running,100.0,1,1
cp_tutorial_3d_monolayer,1,12,1791399960.014281,1717600,worker_0,W012,OverlayObjects,step_completed,success,77.41935483870968,24,31
cp_tutorial_3d_monolayer,1,12,1791399960.014855,1717600,worker_0,W012,RescaleIntensity,step_started,started,77.41935483870968,24,31
cp_tutorial_3d_monolayer,1,12,1791399960.104478,1717600,worker_0,W012,RescaleIntensity,pattern_group,running,100.0,1,1
cp_tutorial_3d_monolayer,1,12,1791399960.1046128,1717600,worker_0,W012,RescaleIntensity,step_completed,success,80.64516129032258,25,31
cp_tutorial_3d_monolayer,1,12,1791399960.10497,1717600,worker_0,W012,OverlayObjects,step_started,started,80.64516129032258,25,31
cp_tutorial_3d_monolayer,1,12,1791399960.1269686,1717600,worker_0,W012,OverlayObjects,pattern_group,running,100.0,1,1
cp_tutorial_3d_monolayer,1,12,1791399960.1270604,1717600,worker_0,W012,OverlayObjects,step_completed,success,83.87096774193549,26,31
cp_tutorial_3d_monolayer,1,12,1791399960.1276572,1717600,worker_0,W012,ConvertObjectsToImage,step_started,started,83.87096774193549,26,31
cp_tutorial_3d_monolayer,1,12,1791399960.1614547,1717600,worker_0,W012,ConvertObjectsToImage,pattern_group,running,100.0,1,1
cp_tutorial_3d_monolayer,1,12,1791399960.1615908,1717600,worker_0,W012,ConvertObjectsToImage,step_completed,success,87.09677419354838,27,31
cp_tutorial_3d_monolayer,1,12,1791399960.1622071,1717600,worker_0,W012,SaveImages,step_started,started,87.09677419354838,27,31
cp_tutorial_3d_monolayer,1,12,1791399960.2108235,1717600,worker_0,W012,SaveImages,pattern_group,running,100.0,1,1
cp_tutorial_3d_monolayer,1,12,1791399960.217129,1717600,worker_0,W012,SaveImages,step_completed,success,90.32258064516128,28,31
cp_tutorial_3d_monolayer,1,12,1791399960.217708,1717600,worker_0,W012,ConvertObjectsToImage,step_started,started,90.32258064516128,28,31
cp_tutorial_3d_monolayer,1,12,1791399960.2497108,1717600,worker_0,W012,ConvertObjectsToImage,pattern_group,running,100.0,1,1
cp_tutorial_3d_monolayer,1,12,1791399960.2498734,1717600,worker_0,W012,ConvertObjectsToImage,step_completed,success,93.54838709677419,29,31
cp_tutorial_3d_monolayer,1,12,1791399960.2504563,1717600,worker_0,W012,SaveImages,step_started,started,93.54838709677419,29,31
cp_tutorial_3d_monolayer,1,12,1791399960.300089,1717600,worker_0,W012,SaveImages,pattern_group,running,100.0,1,1
cp_tutorial_3d_monolayer,1,12,1791399960.3073685,1717600,worker_0,W012,SaveImages,step_completed,success,96.7741935483871,30,31
cp_tutorial_3d_monolayer,1,12,1791399960.308454,1717600,worker_0,W012,pipeline,axis_completed,success,96.7741935483871,30,31
cp_tutorial_3d_monolayer,1,12,1791399960.3177826,1717600,,,ExportToSpreadsheet,step_started,started,96.7741935483871,30,31
cp_tutorial_3d_monolayer,1,12,1791399960.5511155,1717600,,,ExportToSpreadsheet,step_completed,success,100.0,31,31
cp_tutorial_3d_monolayer,1,12,1791399961.1178424,1717600,,,pipeline,success,success,100.0,31,31
