case_name,worker_count,well_count,timestamp,pid,worker_slot,axis_id,step_name,phase,status,percent,completed,total
cp_tutorial_3d_monolayer,1,16,1791284961.4758492,414554,,,pipeline,compile,started,0.0,0,31
cp_tutorial_3d_monolayer,1,16,1791284962.9644334,414554,,,,init,started,0.0,0,1
cp_tutorial_3d_monolayer,1,16,1791284963.8130527,414554,,W001,compilation,compile,running,6.25,1,16
cp_tutorial_3d_monolayer,1,16,1791284963.9630215,414554,,W002,compilation,compile,running,12.5,2,16
cp_tutorial_3d_monolayer,1,16,1791284964.111829,414554,,W003,compilation,compile,running,18.75,3,16
cp_tutorial_3d_monolayer,1,16,1791284964.2579043,414554,,W004,compilation,compile,running,25.0,4,16
cp_tutorial_3d_monolayer,1,16,1791284964.40061,414554,,W005,compilation,compile,running,31.25,5,16
cp_tutorial_3d_monolayer,1,16,1791284964.5448983,414554,,W006,compilation,compile,running,37.5,6,16
cp_tutorial_3d_monolayer,1,16,1791284964.6882746,414554,,W007,compilation,compile,running,43.75,7,16
cp_tutorial_3d_monolayer,1,16,1791284964.8379562,414554,,W008,compilation,compile,running,50.0,8,16
cp_tutorial_3d_monolayer,1,16,1791284964.9795876,414554,,,pipeline,compile,running,0.0,0,31
cp_tutorial_3d_monolayer,1,16,1791284964.987069,414554,,W009,compilation,compile,running,56.25,9,16
cp_tutorial_3d_monolayer,1,16,1791284965.131637,414554,,W010,compilation,compile,running,62.5,10,16
cp_tutorial_3d_monolayer,1,16,1791284965.2761333,414554,,W011,compilation,compile,running,68.75,11,16
cp_tutorial_3d_monolayer,1,16,1791284965.4198182,414554,,W012,compilation,compile,running,75.0,12,16
cp_tutorial_3d_monolayer,1,16,1791284965.6116688,414554,,W013,compilation,compile,running,81.25,13,16
cp_tutorial_3d_monolayer,1,16,1791284965.755897,414554,,W014,compilation,compile,running,87.5,14,16
cp_tutorial_3d_monolayer,1,16,1791284965.899639,414554,,W015,compilation,compile,running,93.75,15,16
cp_tutorial_3d_monolayer,1,16,1791284966.049754,414554,,W016,compilation,compile,running,100.0,16,16
cp_tutorial_3d_monolayer,1,16,1791284966.0905519,414554,,,,init,started,0.0,0,1
cp_tutorial_3d_monolayer,1,16,1791284966.0907638,414554,,,pipeline,compile,success,100.0,1,31
cp_tutorial_3d_monolayer,1,16,1791284966.090821,414554,,W001,compilation,compile,success,100.0,1,1
cp_tutorial_3d_monolayer,1,16,1791284966.0908518,414554,,W002,compilation,compile,success,100.0,1,1
cp_tutorial_3d_monolayer,1,16,1791284966.090878,414554,,W003,compilation,compile,success,100.0,1,1
cp_tutorial_3d_monolayer,1,16,1791284966.0909038,414554,,W004,compilation,compile,success,100.0,1,1
cp_tutorial_3d_monolayer,1,16,1791284966.0909283,414554,,W005,compilation,compile,success,100.0,1,1
cp_tutorial_3d_monolayer,1,16,1791284966.0909526,414554,,W006,compilation,compile,success,100.0,1,1
cp_tutorial_3d_monolayer,1,16,1791284966.0909765,414554,,W007,compilation,compile,success,100.0,1,1
cp_tutorial_3d_monolayer,1,16,1791284966.0910003,414554,,W008,compilation,compile,success,100.0,1,1
cp_tutorial_3d_monolayer,1,16,1791284966.0910234,414554,,W009,compilation,compile,success,100.0,1,1
cp_tutorial_3d_monolayer,1,16,1791284966.0910587,414554,,W010,compilation,compile,success,100.0,1,1
cp_tutorial_3d_monolayer,1,16,1791284966.0910833,414554,,W011,compilation,compile,success,100.0,1,1
cp_tutorial_3d_monolayer,1,16,1791284966.0911074,414554,,W012,compilation,compile,success,100.0,1,1
cp_tutorial_3d_monolayer,1,16,1791284966.0911312,414554,,W013,compilation,compile,success,100.0,1,1
cp_tutorial_3d_monolayer,1,16,1791284966.0911553,414554,,W014,compilation,compile,success,100.0,1,1
cp_tutorial_3d_monolayer,1,16,1791284966.0911782,414554,,W015,compilation,compile,success,100.0,1,1
cp_tutorial_3d_monolayer,1,16,1791284966.091201,414554,,W016,compilation,compile,success,100.0,1,1
cp_tutorial_3d_monolayer,1,16,1791284966.1488864,414554,,,,init,started,0.0,0,1
cp_tutorial_3d_monolayer,1,16,1791284966.2884934,414554,worker_0,W001,pipeline,axis_started,started,0.0,0,31
cp_tutorial_3d_monolayer,1,16,1791284966.2916758,414554,worker_0,W001,RescaleIntensity,step_started,started,0.0,0,31
cp_tutorial_3d_monolayer,1,16,1791284966.874206,414554,worker_0,W001,RescaleIntensity,pattern_group,running,100.0,1,1
cp_tutorial_3d_monolayer,1,16,1791284966.8780935,414554,worker_0,W001,RescaleIntensity,step_completed,success,3.225806451612903,1,31
cp_tutorial_3d_monolayer,1,16,1791284966.878557,414554,worker_0,W001,Resize,step_started,started,3.225806451612903,1,31
cp_tutorial_3d_monolayer,1,16,1791284966.9955988,414554,worker_0,W001,Resize,pattern_group,running,100.0,1,1
cp_tutorial_3d_monolayer,1,16,1791284966.995732,414554,worker_0,W001,Resize,step_completed,success,6.451612903225806,2,31
cp_tutorial_3d_monolayer,1,16,1791284966.995752,414554,worker_0,W001,MedianFilter,step_started,started,6.451612903225806,2,31
cp_tutorial_3d_monolayer,1,16,1791284967.1838603,414554,worker_0,W001,MedianFilter,pattern_group,running,100.0,1,1
cp_tutorial_3d_monolayer,1,16,1791284967.1840038,414554,worker_0,W001,MedianFilter,step_completed,success,9.67741935483871,3,31
cp_tutorial_3d_monolayer,1,16,1791284967.1840246,414554,worker_0,W001,Threshold,step_started,started,9.67741935483871,3,31
cp_tutorial_3d_monolayer,1,16,1791284967.277127,414554,worker_0,W001,Threshold,pattern_group,running,100.0,1,1
cp_tutorial_3d_monolayer,1,16,1791284967.277877,414554,worker_0,W001,Threshold,step_completed,success,12.903225806451612,4,31
cp_tutorial_3d_monolayer,1,16,1791284967.2778988,414554,worker_0,W001,RemoveHoles,step_started,started,12.903225806451612,4,31
cp_tutorial_3d_monolayer,1,16,1791284967.3329163,414554,worker_0,W001,RemoveHoles,pattern_group,running,100.0,1,1
cp_tutorial_3d_monolayer,1,16,1791284967.333065,414554,worker_0,W001,RemoveHoles,step_completed,success,16.129032258064516,5,31
cp_tutorial_3d_monolayer,1,16,1791284967.3330889,414554,worker_0,W001,Watershed,step_started,started,16.129032258064516,5,31
cp_tutorial_3d_monolayer,1,16,1791284967.504026,414554,worker_0,W001,Watershed,pattern_group,running,100.0,1,1
cp_tutorial_3d_monolayer,1,16,1791284967.504433,414554,worker_0,W001,Watershed,step_completed,success,19.35483870967742,6,31
cp_tutorial_3d_monolayer,1,16,1791284967.5044544,414554,worker_0,W001,ResizeObjects,step_started,started,19.35483870967742,6,31
cp_tutorial_3d_monolayer,1,16,1791284967.5507042,414554,worker_0,W001,ResizeObjects,pattern_group,running,100.0,1,1
cp_tutorial_3d_monolayer,1,16,1791284967.551175,414554,worker_0,W001,ResizeObjects,step_completed,success,22.58064516129032,7,31
cp_tutorial_3d_monolayer,1,16,1791284967.5511966,414554,worker_0,W001,ErodeObjects,step_started,started,22.58064516129032,7,31
cp_tutorial_3d_monolayer,1,16,1791284967.6141138,414554,worker_0,W001,ErodeObjects,pattern_group,running,100.0,1,1
cp_tutorial_3d_monolayer,1,16,1791284967.6145766,414554,worker_0,W001,ErodeObjects,step_completed,success,25.806451612903224,8,31
cp_tutorial_3d_monolayer,1,16,1791284967.614598,414554,worker_0,W001,ResizeObjects,step_started,started,25.806451612903224,8,31
cp_tutorial_3d_monolayer,1,16,1791284967.6420188,414554,worker_0,W001,ResizeObjects,pattern_group,running,100.0,1,1
cp_tutorial_3d_monolayer,1,16,1791284967.6424928,414554,worker_0,W001,ResizeObjects,step_completed,success,29.03225806451613,9,31
cp_tutorial_3d_monolayer,1,16,1791284967.6425157,414554,worker_0,W001,ConvertObjectsToImage,step_started,started,29.03225806451613,9,31
cp_tutorial_3d_monolayer,1,16,1791284967.6690156,414554,worker_0,W001,ConvertObjectsToImage,pattern_group,running,100.0,1,1
cp_tutorial_3d_monolayer,1,16,1791284967.669172,414554,worker_0,W001,ConvertObjectsToImage,step_completed,success,32.25806451612903,10,31
cp_tutorial_3d_monolayer,1,16,1791284967.6691937,414554,worker_0,W001,Threshold,step_started,started,32.25806451612903,10,31
cp_tutorial_3d_monolayer,1,16,1791284967.93911,414554,worker_0,W001,Threshold,pattern_group,running,100.0,1,1
cp_tutorial_3d_monolayer,1,16,1791284967.9393642,414554,worker_0,W001,Threshold,step_completed,success,35.483870967741936,11,31
cp_tutorial_3d_monolayer,1,16,1791284967.9393857,414554,worker_0,W001,ImageMath,step_started,started,35.483870967741936,11,31
cp_tutorial_3d_monolayer,1,16,1791284967.9839919,414554,worker_0,W001,ImageMath,pattern_group,running,100.0,1,1
cp_tutorial_3d_monolayer,1,16,1791284967.9841473,414554,worker_0,W001,ImageMath,step_completed,success,38.70967741935484,12,31
cp_tutorial_3d_monolayer,1,16,1791284967.9841683,414554,worker_0,W001,RemoveHoles,step_started,started,38.70967741935484,12,31
cp_tutorial_3d_monolayer,1,16,1791284968.0326507,414554,worker_0,W001,RemoveHoles,pattern_group,running,100.0,1,1
cp_tutorial_3d_monolayer,1,16,1791284968.0328004,414554,worker_0,W001,RemoveHoles,step_completed,success,41.935483870967744,13,31
cp_tutorial_3d_monolayer,1,16,1791284968.0328212,414554,worker_0,W001,ImageMath,step_started,started,41.935483870967744,13,31
cp_tutorial_3d_monolayer,1,16,1791284968.384843,414554,worker_0,W001,ImageMath,pattern_group,running,100.0,1,1
cp_tutorial_3d_monolayer,1,16,1791284968.3849986,414554,worker_0,W001,ImageMath,step_completed,success,45.16129032258064,14,31
cp_tutorial_3d_monolayer,1,16,1791284968.3850222,414554,worker_0,W001,Resize,step_started,started,45.16129032258064,14,31
cp_tutorial_3d_monolayer,1,16,1791284968.4501405,414554,worker_0,W001,Resize,pattern_group,running,100.0,1,1
cp_tutorial_3d_monolayer,1,16,1791284968.4502902,414554,worker_0,W001,Resize,step_completed,success,48.38709677419355,15,31
cp_tutorial_3d_monolayer,1,16,1791284968.4503112,414554,worker_0,W001,Closing,step_started,started,48.38709677419355,15,31
cp_tutorial_3d_monolayer,1,16,1791284968.5325413,414554,worker_0,W001,Closing,pattern_group,running,100.0,1,1
cp_tutorial_3d_monolayer,1,16,1791284968.5326848,414554,worker_0,W001,Closing,step_completed,success,51.61290322580645,16,31
cp_tutorial_3d_monolayer,1,16,1791284968.5327058,414554,worker_0,W001,Resize,step_started,started,51.61290322580645,16,31
cp_tutorial_3d_monolayer,1,16,1791284968.5819223,414554,worker_0,W001,Resize,pattern_group,running,100.0,1,1
cp_tutorial_3d_monolayer,1,16,1791284968.582071,414554,worker_0,W001,Resize,step_completed,success,54.83870967741935,17,31
cp_tutorial_3d_monolayer,1,16,1791284968.5820923,414554,worker_0,W001,Threshold,step_started,started,54.83870967741935,17,31
cp_tutorial_3d_monolayer,1,16,1791284968.7514708,414554,worker_0,W001,Threshold,pattern_group,running,100.0,1,1
cp_tutorial_3d_monolayer,1,16,1791284968.751718,414554,worker_0,W001,Threshold,step_completed,success,58.06451612903226,18,31
cp_tutorial_3d_monolayer,1,16,1791284968.751739,414554,worker_0,W001,MaskImage,step_started,started,58.06451612903226,18,31
cp_tutorial_3d_monolayer,1,16,1791284968.805656,414554,worker_0,W001,MaskImage,pattern_group,running,100.0,1,1
cp_tutorial_3d_monolayer,1,16,1791284968.8058114,414554,worker_0,W001,MaskImage,step_completed,success,61.29032258064516,19,31
cp_tutorial_3d_monolayer,1,16,1791284968.805832,414554,worker_0,W001,ErodeImage,step_started,started,61.29032258064516,19,31
cp_tutorial_3d_monolayer,1,16,1791284968.842471,414554,worker_0,W001,ErodeImage,pattern_group,running,100.0,1,1
cp_tutorial_3d_monolayer,1,16,1791284968.8426192,414554,worker_0,W001,ErodeImage,step_completed,success,64.51612903225806,20,31
cp_tutorial_3d_monolayer,1,16,1791284968.84264,414554,worker_0,W001,Watershed,step_started,started,64.51612903225806,20,31
cp_tutorial_3d_monolayer,1,16,1791284968.9399152,414554,worker_0,W001,Watershed,pattern_group,running,100.0,1,1
cp_tutorial_3d_monolayer,1,16,1791284968.940313,414554,worker_0,W001,Watershed,step_completed,success,67.74193548387096,21,31
cp_tutorial_3d_monolayer,1,16,1791284968.940336,414554,worker_0,W001,MeasureObjectIntensity,step_started,started,67.74193548387096,21,31
cp_tutorial_3d_monolayer,1,16,1791284969.2016,414554,worker_0,W001,MeasureObjectIntensity,pattern_group,running,50.0,1,2
cp_tutorial_3d_monolayer,1,16,1791284969.4768229,414554,worker_0,W001,MeasureObjectIntensity,pattern_group,running,100.0,2,2
cp_tutorial_3d_monolayer,1,16,1791284969.4791524,414554,worker_0,W001,MeasureObjectIntensity,step_completed,success,70.96774193548387,22,31
cp_tutorial_3d_monolayer,1,16,1791284969.4791765,414554,worker_0,W001,MeasureObjectSizeShape,step_started,started,70.96774193548387,22,31
cp_tutorial_3d_monolayer,1,16,1791284969.5939176,414554,worker_0,W001,MeasureObjectSizeShape,pattern_group,running,50.0,1,2
cp_tutorial_3d_monolayer,1,16,1791284969.6898408,414554,worker_0,W001,MeasureObjectSizeShape,pattern_group,running,100.0,2,2
cp_tutorial_3d_monolayer,1,16,1791284969.690489,414554,worker_0,W001,MeasureObjectSizeShape,step_completed,success,74.19354838709677,23,31
cp_tutorial_3d_monolayer,1,16,1791284969.690515,414554,worker_0,W001,OverlayObjects,step_started,started,74.19354838709677,23,31
cp_tutorial_3d_monolayer,1,16,1791284969.7202296,414554,worker_0,W001,OverlayObjects,pattern_group,running,100.0,1,1
cp_tutorial_3d_monolayer,1,16,1791284969.7203484,414554,worker_0,W001,OverlayObjects,step_completed,success,77.41935483870968,24,31
cp_tutorial_3d_monolayer,1,16,1791284969.7203705,414554,worker_0,W001,RescaleIntensity,step_started,started,77.41935483870968,24,31
cp_tutorial_3d_monolayer,1,16,1791284969.8234334,414554,worker_0,W001,RescaleIntensity,pattern_group,running,100.0,1,1
cp_tutorial_3d_monolayer,1,16,1791284969.8235826,414554,worker_0,W001,RescaleIntensity,step_completed,success,80.64516129032258,25,31
cp_tutorial_3d_monolayer,1,16,1791284969.8236034,414554,worker_0,W001,OverlayObjects,step_started,started,80.64516129032258,25,31
cp_tutorial_3d_monolayer,1,16,1791284969.8423896,414554,worker_0,W001,OverlayObjects,pattern_group,running,100.0,1,1
cp_tutorial_3d_monolayer,1,16,1791284969.8424933,414554,worker_0,W001,OverlayObjects,step_completed,success,83.87096774193549,26,31
cp_tutorial_3d_monolayer,1,16,1791284969.8425136,414554,worker_0,W001,ConvertObjectsToImage,step_started,started,83.87096774193549,26,31
cp_tutorial_3d_monolayer,1,16,1791284969.8806117,414554,worker_0,W001,ConvertObjectsToImage,pattern_group,running,100.0,1,1
cp_tutorial_3d_monolayer,1,16,1791284969.880805,414554,worker_0,W001,ConvertObjectsToImage,step_completed,success,87.09677419354838,27,31
cp_tutorial_3d_monolayer,1,16,1791284969.880831,414554,worker_0,W001,SaveImages,step_started,started,87.09677419354838,27,31
cp_tutorial_3d_monolayer,1,16,1791284969.9339242,414554,worker_0,W001,SaveImages,pattern_group,running,100.0,1,1
cp_tutorial_3d_monolayer,1,16,1791284969.9589965,414554,worker_0,W001,SaveImages,step_completed,success,90.32258064516128,28,31
cp_tutorial_3d_monolayer,1,16,1791284969.95904,414554,worker_0,W001,ConvertObjectsToImage,step_started,started,90.32258064516128,28,31
cp_tutorial_3d_monolayer,1,16,1791284969.991744,414554,worker_0,W001,ConvertObjectsToImage,pattern_group,running,100.0,1,1
cp_tutorial_3d_monolayer,1,16,1791284969.991926,414554,worker_0,W001,ConvertObjectsToImage,step_completed,success,93.54838709677419,29,31
cp_tutorial_3d_monolayer,1,16,1791284969.9919486,414554,worker_0,W001,SaveImages,step_started,started,93.54838709677419,29,31
cp_tutorial_3d_monolayer,1,16,1791284970.0425017,414554,worker_0,W001,SaveImages,pattern_group,running,100.0,1,1
cp_tutorial_3d_monolayer,1,16,1791284970.049251,414554,worker_0,W001,SaveImages,step_completed,success,96.7741935483871,30,31
cp_tutorial_3d_monolayer,1,16,1791284970.0534766,414554,worker_0,W001,pipeline,axis_completed,success,96.7741935483871,30,31
cp_tutorial_3d_monolayer,1,16,1791284970.0536427,414554,worker_0,W002,pipeline,axis_started,started,0.0,0,31
cp_tutorial_3d_monolayer,1,16,1791284970.0536773,414554,worker_0,W002,RescaleIntensity,step_started,started,0.0,0,31
cp_tutorial_3d_monolayer,1,16,1791284970.4033518,414554,worker_0,W002,RescaleIntensity,pattern_group,running,100.0,1,1
cp_tutorial_3d_monolayer,1,16,1791284970.4034984,414554,worker_0,W002,RescaleIntensity,step_completed,success,3.225806451612903,1,31
cp_tutorial_3d_monolayer,1,16,1791284970.4035194,414554,worker_0,W002,Resize,step_started,started,3.225806451612903,1,31
cp_tutorial_3d_monolayer,1,16,1791284970.459348,414554,worker_0,W002,Resize,pattern_group,running,100.0,1,1
cp_tutorial_3d_monolayer,1,16,1791284970.4597538,414554,worker_0,W002,Resize,step_completed,success,6.451612903225806,2,31
cp_tutorial_3d_monolayer,1,16,1791284970.459783,414554,worker_0,W002,MedianFilter,step_started,started,6.451612903225806,2,31
cp_tutorial_3d_monolayer,1,16,1791284970.6252172,414554,worker_0,W002,MedianFilter,pattern_group,running,100.0,1,1
cp_tutorial_3d_monolayer,1,16,1791284970.6253645,414554,worker_0,W002,MedianFilter,step_completed,success,9.67741935483871,3,31
cp_tutorial_3d_monolayer,1,16,1791284970.6253853,414554,worker_0,W002,Threshold,step_started,started,9.67741935483871,3,31
cp_tutorial_3d_monolayer,1,16,1791284970.662422,414554,worker_0,W002,Threshold,pattern_group,running,100.0,1,1
cp_tutorial_3d_monolayer,1,16,1791284970.6631842,414554,worker_0,W002,Threshold,step_completed,success,12.903225806451612,4,31
cp_tutorial_3d_monolayer,1,16,1791284970.6632168,414554,worker_0,W002,RemoveHoles,step_started,started,12.903225806451612,4,31
cp_tutorial_3d_monolayer,1,16,1791284970.6804721,414554,worker_0,W002,RemoveHoles,pattern_group,running,100.0,1,1
cp_tutorial_3d_monolayer,1,16,1791284970.6806188,414554,worker_0,W002,RemoveHoles,step_completed,success,16.129032258064516,5,31
cp_tutorial_3d_monolayer,1,16,1791284970.6806388,414554,worker_0,W002,Watershed,step_started,started,16.129032258064516,5,31
cp_tutorial_3d_monolayer,1,16,1791284970.7683797,414554,worker_0,W002,Watershed,pattern_group,running,100.0,1,1
cp_tutorial_3d_monolayer,1,16,1791284970.7687588,414554,worker_0,W002,Watershed,step_completed,success,19.35483870967742,6,31
cp_tutorial_3d_monolayer,1,16,1791284970.76878,414554,worker_0,W002,ResizeObjects,step_started,started,19.35483870967742,6,31
cp_tutorial_3d_monolayer,1,16,1791284970.7974567,414554,worker_0,W002,ResizeObjects,pattern_group,running,100.0,1,1
cp_tutorial_3d_monolayer,1,16,1791284970.797916,414554,worker_0,W002,ResizeObjects,step_completed,success,22.58064516129032,7,31
cp_tutorial_3d_monolayer,1,16,1791284970.7979376,414554,worker_0,W002,ErodeObjects,step_started,started,22.58064516129032,7,31
cp_tutorial_3d_monolayer,1,16,1791284970.8486714,414554,worker_0,W002,ErodeObjects,pattern_group,running,100.0,1,1
cp_tutorial_3d_monolayer,1,16,1791284970.849116,414554,worker_0,W002,ErodeObjects,step_completed,success,25.806451612903224,8,31
cp_tutorial_3d_monolayer,1,16,1791284970.8491373,414554,worker_0,W002,ResizeObjects,step_started,started,25.806451612903224,8,31
cp_tutorial_3d_monolayer,1,16,1791284970.8729618,414554,worker_0,W002,ResizeObjects,pattern_group,running,100.0,1,1
cp_tutorial_3d_monolayer,1,16,1791284970.8734305,414554,worker_0,W002,ResizeObjects,step_completed,success,29.03225806451613,9,31
cp_tutorial_3d_monolayer,1,16,1791284970.8734524,414554,worker_0,W002,ConvertObjectsToImage,step_started,started,29.03225806451613,9,31
cp_tutorial_3d_monolayer,1,16,1791284970.8962252,414554,worker_0,W002,ConvertObjectsToImage,pattern_group,running,100.0,1,1
cp_tutorial_3d_monolayer,1,16,1791284970.8963819,414554,worker_0,W002,ConvertObjectsToImage,step_completed,success,32.25806451612903,10,31
cp_tutorial_3d_monolayer,1,16,1791284970.8964026,414554,worker_0,W002,Threshold,step_started,started,32.25806451612903,10,31
cp_tutorial_3d_monolayer,1,16,1791284971.091606,414554,worker_0,W002,Threshold,pattern_group,running,100.0,1,1
cp_tutorial_3d_monolayer,1,16,1791284971.0918553,414554,worker_0,W002,Threshold,step_completed,success,35.483870967741936,11,31
cp_tutorial_3d_monolayer,1,16,1791284971.0918765,414554,worker_0,W002,ImageMath,step_started,started,35.483870967741936,11,31
cp_tutorial_3d_monolayer,1,16,1791284971.1249223,414554,worker_0,W002,ImageMath,pattern_group,running,100.0,1,1
cp_tutorial_3d_monolayer,1,16,1791284971.1250792,414554,worker_0,W002,ImageMath,step_completed,success,38.70967741935484,12,31
cp_tutorial_3d_monolayer,1,16,1791284971.1251018,414554,worker_0,W002,RemoveHoles,step_started,started,38.70967741935484,12,31
cp_tutorial_3d_monolayer,1,16,1791284971.1755123,414554,worker_0,W002,RemoveHoles,pattern_group,running,100.0,1,1
cp_tutorial_3d_monolayer,1,16,1791284971.1756592,414554,worker_0,W002,RemoveHoles,step_completed,success,41.935483870967744,13,31
cp_tutorial_3d_monolayer,1,16,1791284971.1756804,414554,worker_0,W002,ImageMath,step_started,started,41.935483870967744,13,31
cp_tutorial_3d_monolayer,1,16,1791284971.4557815,414554,worker_0,W002,ImageMath,pattern_group,running,100.0,1,1
cp_tutorial_3d_monolayer,1,16,1791284971.455927,414554,worker_0,W002,ImageMath,step_completed,success,45.16129032258064,14,31
cp_tutorial_3d_monolayer,1,16,1791284971.4559479,414554,worker_0,W002,Resize,step_started,started,45.16129032258064,14,31
cp_tutorial_3d_monolayer,1,16,1791284971.518068,414554,worker_0,W002,Resize,pattern_group,running,100.0,1,1
cp_tutorial_3d_monolayer,1,16,1791284971.5182104,414554,worker_0,W002,Resize,step_completed,success,48.38709677419355,15,31
cp_tutorial_3d_monolayer,1,16,1791284971.5182304,414554,worker_0,W002,Closing,step_started,started,48.38709677419355,15,31
cp_tutorial_3d_monolayer,1,16,1791284971.5972037,414554,worker_0,W002,Closing,pattern_group,running,100.0,1,1
cp_tutorial_3d_monolayer,1,16,1791284971.5973554,414554,worker_0,W002,Closing,step_completed,success,51.61290322580645,16,31
cp_tutorial_3d_monolayer,1,16,1791284971.5973754,414554,worker_0,W002,Resize,step_started,started,51.61290322580645,16,31
cp_tutorial_3d_monolayer,1,16,1791284971.6457505,414554,worker_0,W002,Resize,pattern_group,running,100.0,1,1
cp_tutorial_3d_monolayer,1,16,1791284971.6458943,414554,worker_0,W002,Resize,step_completed,success,54.83870967741935,17,31
cp_tutorial_3d_monolayer,1,16,1791284971.6459138,414554,worker_0,W002,Threshold,step_started,started,54.83870967741935,17,31
cp_tutorial_3d_monolayer,1,16,1791284971.8023179,414554,worker_0,W002,Threshold,pattern_group,running,100.0,1,1
cp_tutorial_3d_monolayer,1,16,1791284971.8025615,414554,worker_0,W002,Threshold,step_completed,success,58.06451612903226,18,31
cp_tutorial_3d_monolayer,1,16,1791284971.802582,414554,worker_0,W002,MaskImage,step_started,started,58.06451612903226,18,31
cp_tutorial_3d_monolayer,1,16,1791284971.8493927,414554,worker_0,W002,MaskImage,pattern_group,running,100.0,1,1
cp_tutorial_3d_monolayer,1,16,1791284971.8495314,414554,worker_0,W002,MaskImage,step_completed,success,61.29032258064516,19,31
cp_tutorial_3d_monolayer,1,16,1791284971.8495522,414554,worker_0,W002,ErodeImage,step_started,started,61.29032258064516,19,31
cp_tutorial_3d_monolayer,1,16,1791284971.8828948,414554,worker_0,W002,ErodeImage,pattern_group,running,100.0,1,1
cp_tutorial_3d_monolayer,1,16,1791284971.8830419,414554,worker_0,W002,ErodeImage,step_completed,success,64.51612903225806,20,31
cp_tutorial_3d_monolayer,1,16,1791284971.883063,414554,worker_0,W002,Watershed,step_started,started,64.51612903225806,20,31
cp_tutorial_3d_monolayer,1,16,1791284971.9700024,414554,worker_0,W002,Watershed,pattern_group,running,100.0,1,1
cp_tutorial_3d_monolayer,1,16,1791284971.970399,414554,worker_0,W002,Watershed,step_completed,success,67.74193548387096,21,31
cp_tutorial_3d_monolayer,1,16,1791284971.97042,414554,worker_0,W002,MeasureObjectIntensity,step_started,started,67.74193548387096,21,31
cp_tutorial_3d_monolayer,1,16,1791284972.2057295,414554,worker_0,W002,MeasureObjectIntensity,pattern_group,running,50.0,1,2
cp_tutorial_3d_monolayer,1,16,1791284972.4867318,414554,worker_0,W002,MeasureObjectIntensity,pattern_group,running,100.0,2,2
cp_tutorial_3d_monolayer,1,16,1791284972.4889488,414554,worker_0,W002,MeasureObjectIntensity,step_completed,success,70.96774193548387,22,31
cp_tutorial_3d_monolayer,1,16,1791284972.4889731,414554,worker_0,W002,MeasureObjectSizeShape,step_started,started,70.96774193548387,22,31
cp_tutorial_3d_monolayer,1,16,1791284972.5838747,414554,worker_0,W002,MeasureObjectSizeShape,pattern_group,running,50.0,1,2
cp_tutorial_3d_monolayer,1,16,1791284972.6782737,414554,worker_0,W002,MeasureObjectSizeShape,pattern_group,running,100.0,2,2
cp_tutorial_3d_monolayer,1,16,1791284972.6788518,414554,worker_0,W002,MeasureObjectSizeShape,step_completed,success,74.19354838709677,23,31
cp_tutorial_3d_monolayer,1,16,1791284972.678874,414554,worker_0,W002,OverlayObjects,step_started,started,74.19354838709677,23,31
cp_tutorial_3d_monolayer,1,16,1791284972.701742,414554,worker_0,W002,OverlayObjects,pattern_group,running,100.0,1,1
cp_tutorial_3d_monolayer,1,16,1791284972.701862,414554,worker_0,W002,OverlayObjects,step_completed,success,77.41935483870968,24,31
cp_tutorial_3d_monolayer,1,16,1791284972.7018828,414554,worker_0,W002,RescaleIntensity,step_started,started,77.41935483870968,24,31
cp_tutorial_3d_monolayer,1,16,1791284972.8048477,414554,worker_0,W002,RescaleIntensity,pattern_group,running,100.0,1,1
cp_tutorial_3d_monolayer,1,16,1791284972.8049915,414554,worker_0,W002,RescaleIntensity,step_completed,success,80.64516129032258,25,31
cp_tutorial_3d_monolayer,1,16,1791284972.8050127,414554,worker_0,W002,OverlayObjects,step_started,started,80.64516129032258,25,31
cp_tutorial_3d_monolayer,1,16,1791284972.8238857,414554,worker_0,W002,OverlayObjects,pattern_group,running,100.0,1,1
cp_tutorial_3d_monolayer,1,16,1791284972.8239894,414554,worker_0,W002,OverlayObjects,step_completed,success,83.87096774193549,26,31
cp_tutorial_3d_monolayer,1,16,1791284972.8240101,414554,worker_0,W002,ConvertObjectsToImage,step_started,started,83.87096774193549,26,31
cp_tutorial_3d_monolayer,1,16,1791284972.8569221,414554,worker_0,W002,ConvertObjectsToImage,pattern_group,running,100.0,1,1
cp_tutorial_3d_monolayer,1,16,1791284972.8570619,414554,worker_0,W002,ConvertObjectsToImage,step_completed,success,87.09677419354838,27,31
cp_tutorial_3d_monolayer,1,16,1791284972.8570833,414554,worker_0,W002,SaveImages,step_started,started,87.09677419354838,27,31
cp_tutorial_3d_monolayer,1,16,1791284972.9067605,414554,worker_0,W002,SaveImages,pattern_group,running,100.0,1,1
cp_tutorial_3d_monolayer,1,16,1791284972.9153104,414554,worker_0,W002,SaveImages,step_completed,success,90.32258064516128,28,31
cp_tutorial_3d_monolayer,1,16,1791284972.915349,414554,worker_0,W002,ConvertObjectsToImage,step_started,started,90.32258064516128,28,31
cp_tutorial_3d_monolayer,1,16,1791284972.9485135,414554,worker_0,W002,ConvertObjectsToImage,pattern_group,running,100.0,1,1
cp_tutorial_3d_monolayer,1,16,1791284972.9487221,414554,worker_0,W002,ConvertObjectsToImage,step_completed,success,93.54838709677419,29,31
cp_tutorial_3d_monolayer,1,16,1791284972.9487464,414554,worker_0,W002,SaveImages,step_started,started,93.54838709677419,29,31
cp_tutorial_3d_monolayer,1,16,1791284972.9984167,414554,worker_0,W002,SaveImages,pattern_group,running,100.0,1,1
cp_tutorial_3d_monolayer,1,16,1791284973.005394,414554,worker_0,W002,SaveImages,step_completed,success,96.7741935483871,30,31
cp_tutorial_3d_monolayer,1,16,1791284973.008926,414554,worker_0,W002,pipeline,axis_completed,success,96.7741935483871,30,31
cp_tutorial_3d_monolayer,1,16,1791284973.009036,414554,worker_0,W003,pipeline,axis_started,started,0.0,0,31
cp_tutorial_3d_monolayer,1,16,1791284973.009078,414554,worker_0,W003,RescaleIntensity,step_started,started,0.0,0,31
cp_tutorial_3d_monolayer,1,16,1791284973.3695395,414554,worker_0,W003,RescaleIntensity,pattern_group,running,100.0,1,1
cp_tutorial_3d_monolayer,1,16,1791284973.3696854,414554,worker_0,W003,RescaleIntensity,step_completed,success,3.225806451612903,1,31
cp_tutorial_3d_monolayer,1,16,1791284973.3697064,414554,worker_0,W003,Resize,step_started,started,3.225806451612903,1,31
cp_tutorial_3d_monolayer,1,16,1791284973.4255617,414554,worker_0,W003,Resize,pattern_group,running,100.0,1,1
cp_tutorial_3d_monolayer,1,16,1791284973.4257045,414554,worker_0,W003,Resize,step_completed,success,6.451612903225806,2,31
cp_tutorial_3d_monolayer,1,16,1791284973.4257245,414554,worker_0,W003,MedianFilter,step_started,started,6.451612903225806,2,31
cp_tutorial_3d_monolayer,1,16,1791284973.590976,414554,worker_0,W003,MedianFilter,pattern_group,running,100.0,1,1
cp_tutorial_3d_monolayer,1,16,1791284973.5911164,414554,worker_0,W003,MedianFilter,step_completed,success,9.67741935483871,3,31
cp_tutorial_3d_monolayer,1,16,1791284973.5911367,414554,worker_0,W003,Threshold,step_started,started,9.67741935483871,3,31
cp_tutorial_3d_monolayer,1,16,1791284973.6280677,414554,worker_0,W003,Threshold,pattern_group,running,100.0,1,1
cp_tutorial_3d_monolayer,1,16,1791284973.628319,414554,worker_0,W003,Threshold,step_completed,success,12.903225806451612,4,31
cp_tutorial_3d_monolayer,1,16,1791284973.6283402,414554,worker_0,W003,RemoveHoles,step_started,started,12.903225806451612,4,31
cp_tutorial_3d_monolayer,1,16,1791284973.6461976,414554,worker_0,W003,RemoveHoles,pattern_group,running,100.0,1,1
cp_tutorial_3d_monolayer,1,16,1791284973.6463501,414554,worker_0,W003,RemoveHoles,step_completed,success,16.129032258064516,5,31
cp_tutorial_3d_monolayer,1,16,1791284973.6463706,414554,worker_0,W003,Watershed,step_started,started,16.129032258064516,5,31
cp_tutorial_3d_monolayer,1,16,1791284973.7345676,414554,worker_0,W003,Watershed,pattern_group,running,100.0,1,1
cp_tutorial_3d_monolayer,1,16,1791284973.734947,414554,worker_0,W003,Watershed,step_completed,success,19.35483870967742,6,31
cp_tutorial_3d_monolayer,1,16,1791284973.7349677,414554,worker_0,W003,ResizeObjects,step_started,started,19.35483870967742,6,31
cp_tutorial_3d_monolayer,1,16,1791284973.7627347,414554,worker_0,W003,ResizeObjects,pattern_group,running,100.0,1,1
cp_tutorial_3d_monolayer,1,16,1791284973.7632043,414554,worker_0,W003,ResizeObjects,step_completed,success,22.58064516129032,7,31
cp_tutorial_3d_monolayer,1,16,1791284973.763227,414554,worker_0,W003,ErodeObjects,step_started,started,22.58064516129032,7,31
cp_tutorial_3d_monolayer,1,16,1791284973.8142295,414554,worker_0,W003,ErodeObjects,pattern_group,running,100.0,1,1
cp_tutorial_3d_monolayer,1,16,1791284973.814698,414554,worker_0,W003,ErodeObjects,step_completed,success,25.806451612903224,8,31
cp_tutorial_3d_monolayer,1,16,1791284973.8147197,414554,worker_0,W003,ResizeObjects,step_started,started,25.806451612903224,8,31
cp_tutorial_3d_monolayer,1,16,1791284973.8387198,414554,worker_0,W003,ResizeObjects,pattern_group,running,100.0,1,1
cp_tutorial_3d_monolayer,1,16,1791284973.8391852,414554,worker_0,W003,ResizeObjects,step_completed,success,29.03225806451613,9,31
cp_tutorial_3d_monolayer,1,16,1791284973.8392074,414554,worker_0,W003,ConvertObjectsToImage,step_started,started,29.03225806451613,9,31
cp_tutorial_3d_monolayer,1,16,1791284973.8614066,414554,worker_0,W003,ConvertObjectsToImage,pattern_group,running,100.0,1,1
cp_tutorial_3d_monolayer,1,16,1791284973.8615675,414554,worker_0,W003,ConvertObjectsToImage,step_completed,success,32.25806451612903,10,31
cp_tutorial_3d_monolayer,1,16,1791284973.8615904,414554,worker_0,W003,Threshold,step_started,started,32.25806451612903,10,31
cp_tutorial_3d_monolayer,1,16,1791284974.0552647,414554,worker_0,W003,Threshold,pattern_group,running,100.0,1,1
cp_tutorial_3d_monolayer,1,16,1791284974.0555215,414554,worker_0,W003,Threshold,step_completed,success,35.483870967741936,11,31
cp_tutorial_3d_monolayer,1,16,1791284974.0555425,414554,worker_0,W003,ImageMath,step_started,started,35.483870967741936,11,31
cp_tutorial_3d_monolayer,1,16,1791284974.087251,414554,worker_0,W003,ImageMath,pattern_group,running,100.0,1,1
cp_tutorial_3d_monolayer,1,16,1791284974.0874114,414554,worker_0,W003,ImageMath,step_completed,success,38.70967741935484,12,31
cp_tutorial_3d_monolayer,1,16,1791284974.0874329,414554,worker_0,W003,RemoveHoles,step_started,started,38.70967741935484,12,31
cp_tutorial_3d_monolayer,1,16,1791284974.1351104,414554,worker_0,W003,RemoveHoles,pattern_group,running,100.0,1,1
cp_tutorial_3d_monolayer,1,16,1791284974.1352599,414554,worker_0,W003,RemoveHoles,step_completed,success,41.935483870967744,13,31
cp_tutorial_3d_monolayer,1,16,1791284974.1353042,414554,worker_0,W003,ImageMath,step_started,started,41.935483870967744,13,31
cp_tutorial_3d_monolayer,1,16,1791284974.4141939,414554,worker_0,W003,ImageMath,pattern_group,running,100.0,1,1
cp_tutorial_3d_monolayer,1,16,1791284974.414352,414554,worker_0,W003,ImageMath,step_completed,success,45.16129032258064,14,31
cp_tutorial_3d_monolayer,1,16,1791284974.4143748,414554,worker_0,W003,Resize,step_started,started,45.16129032258064,14,31
cp_tutorial_3d_monolayer,1,16,1791284974.4759219,414554,worker_0,W003,Resize,pattern_group,running,100.0,1,1
cp_tutorial_3d_monolayer,1,16,1791284974.4761186,414554,worker_0,W003,Resize,step_completed,success,48.38709677419355,15,31
cp_tutorial_3d_monolayer,1,16,1791284974.4761415,414554,worker_0,W003,Closing,step_started,started,48.38709677419355,15,31
cp_tutorial_3d_monolayer,1,16,1791284974.5544016,414554,worker_0,W003,Closing,pattern_group,running,100.0,1,1
cp_tutorial_3d_monolayer,1,16,1791284974.5545375,414554,worker_0,W003,Closing,step_completed,success,51.61290322580645,16,31
cp_tutorial_3d_monolayer,1,16,1791284974.5545578,414554,worker_0,W003,Resize,step_started,started,51.61290322580645,16,31
cp_tutorial_3d_monolayer,1,16,1791284974.6039033,414554,worker_0,W003,Resize,pattern_group,running,100.0,1,1
cp_tutorial_3d_monolayer,1,16,1791284974.604048,414554,worker_0,W003,Resize,step_completed,success,54.83870967741935,17,31
cp_tutorial_3d_monolayer,1,16,1791284974.6040685,414554,worker_0,W003,Threshold,step_started,started,54.83870967741935,17,31
cp_tutorial_3d_monolayer,1,16,1791284974.7611518,414554,worker_0,W003,Threshold,pattern_group,running,100.0,1,1
cp_tutorial_3d_monolayer,1,16,1791284974.761402,414554,worker_0,W003,Threshold,step_completed,success,58.06451612903226,18,31
cp_tutorial_3d_monolayer,1,16,1791284974.7614224,414554,worker_0,W003,MaskImage,step_started,started,58.06451612903226,18,31
cp_tutorial_3d_monolayer,1,16,1791284974.8075435,414554,worker_0,W003,MaskImage,pattern_group,running,100.0,1,1
cp_tutorial_3d_monolayer,1,16,1791284974.8077006,414554,worker_0,W003,MaskImage,step_completed,success,61.29032258064516,19,31
cp_tutorial_3d_monolayer,1,16,1791284974.8077214,414554,worker_0,W003,ErodeImage,step_started,started,61.29032258064516,19,31
cp_tutorial_3d_monolayer,1,16,1791284974.8773832,414554,worker_0,W003,ErodeImage,pattern_group,running,100.0,1,1
cp_tutorial_3d_monolayer,1,16,1791284974.8775299,414554,worker_0,W003,ErodeImage,step_completed,success,64.51612903225806,20,31
cp_tutorial_3d_monolayer,1,16,1791284974.8775504,414554,worker_0,W003,Watershed,step_started,started,64.51612903225806,20,31
cp_tutorial_3d_monolayer,1,16,1791284974.9656048,414554,worker_0,W003,Watershed,pattern_group,running,100.0,1,1
cp_tutorial_3d_monolayer,1,16,1791284974.9659834,414554,worker_0,W003,Watershed,step_completed,success,67.74193548387096,21,31
cp_tutorial_3d_monolayer,1,16,1791284974.9660053,414554,worker_0,W003,MeasureObjectIntensity,step_started,started,67.74193548387096,21,31
cp_tutorial_3d_monolayer,1,16,1791284975.2025766,414554,worker_0,W003,MeasureObjectIntensity,pattern_group,running,50.0,1,2
cp_tutorial_3d_monolayer,1,16,1791284975.4845285,414554,worker_0,W003,MeasureObjectIntensity,pattern_group,running,100.0,2,2
cp_tutorial_3d_monolayer,1,16,1791284975.4867241,414554,worker_0,W003,MeasureObjectIntensity,step_completed,success,70.96774193548387,22,31
cp_tutorial_3d_monolayer,1,16,1791284975.4867477,414554,worker_0,W003,MeasureObjectSizeShape,step_started,started,70.96774193548387,22,31
cp_tutorial_3d_monolayer,1,16,1791284975.5827575,414554,worker_0,W003,MeasureObjectSizeShape,pattern_group,running,50.0,1,2
cp_tutorial_3d_monolayer,1,16,1791284975.67768,414554,worker_0,W003,MeasureObjectSizeShape,pattern_group,running,100.0,2,2
cp_tutorial_3d_monolayer,1,16,1791284975.6782472,414554,worker_0,W003,MeasureObjectSizeShape,step_completed,success,74.19354838709677,23,31
cp_tutorial_3d_monolayer,1,16,1791284975.6782734,414554,worker_0,W003,OverlayObjects,step_started,started,74.19354838709677,23,31
cp_tutorial_3d_monolayer,1,16,1791284975.7018929,414554,worker_0,W003,OverlayObjects,pattern_group,running,100.0,1,1
cp_tutorial_3d_monolayer,1,16,1791284975.7020123,414554,worker_0,W003,OverlayObjects,step_completed,success,77.41935483870968,24,31
cp_tutorial_3d_monolayer,1,16,1791284975.702033,414554,worker_0,W003,RescaleIntensity,step_started,started,77.41935483870968,24,31
cp_tutorial_3d_monolayer,1,16,1791284975.8052275,414554,worker_0,W003,RescaleIntensity,pattern_group,running,100.0,1,1
cp_tutorial_3d_monolayer,1,16,1791284975.8054008,414554,worker_0,W003,RescaleIntensity,step_completed,success,80.64516129032258,25,31
cp_tutorial_3d_monolayer,1,16,1791284975.8054218,414554,worker_0,W003,OverlayObjects,step_started,started,80.64516129032258,25,31
cp_tutorial_3d_monolayer,1,16,1791284975.8245914,414554,worker_0,W003,OverlayObjects,pattern_group,running,100.0,1,1
cp_tutorial_3d_monolayer,1,16,1791284975.8246956,414554,worker_0,W003,OverlayObjects,step_completed,success,83.87096774193549,26,31
cp_tutorial_3d_monolayer,1,16,1791284975.8247156,414554,worker_0,W003,ConvertObjectsToImage,step_started,started,83.87096774193549,26,31
cp_tutorial_3d_monolayer,1,16,1791284975.856439,414554,worker_0,W003,ConvertObjectsToImage,pattern_group,running,100.0,1,1
cp_tutorial_3d_monolayer,1,16,1791284975.8573217,414554,worker_0,W003,ConvertObjectsToImage,step_completed,success,87.09677419354838,27,31
cp_tutorial_3d_monolayer,1,16,1791284975.857354,414554,worker_0,W003,SaveImages,step_started,started,87.09677419354838,27,31
cp_tutorial_3d_monolayer,1,16,1791284975.9059074,414554,worker_0,W003,SaveImages,pattern_group,running,100.0,1,1
cp_tutorial_3d_monolayer,1,16,1791284975.9132218,414554,worker_0,W003,SaveImages,step_completed,success,90.32258064516128,28,31
cp_tutorial_3d_monolayer,1,16,1791284975.9132597,414554,worker_0,W003,ConvertObjectsToImage,step_started,started,90.32258064516128,28,31
cp_tutorial_3d_monolayer,1,16,1791284975.9482245,414554,worker_0,W003,ConvertObjectsToImage,pattern_group,running,100.0,1,1
cp_tutorial_3d_monolayer,1,16,1791284975.9484591,414554,worker_0,W003,ConvertObjectsToImage,step_completed,success,93.54838709677419,29,31
cp_tutorial_3d_monolayer,1,16,1791284975.9484828,414554,worker_0,W003,SaveImages,step_started,started,93.54838709677419,29,31
cp_tutorial_3d_monolayer,1,16,1791284975.998118,414554,worker_0,W003,SaveImages,pattern_group,running,100.0,1,1
cp_tutorial_3d_monolayer,1,16,1791284976.0056293,414554,worker_0,W003,SaveImages,step_completed,success,96.7741935483871,30,31
cp_tutorial_3d_monolayer,1,16,1791284976.0095766,414554,worker_0,W003,pipeline,axis_completed,success,96.7741935483871,30,31
cp_tutorial_3d_monolayer,1,16,1791284976.0096762,414554,worker_0,W004,pipeline,axis_started,started,0.0,0,31
cp_tutorial_3d_monolayer,1,16,1791284976.0097182,414554,worker_0,W004,RescaleIntensity,step_started,started,0.0,0,31
cp_tutorial_3d_monolayer,1,16,1791284976.383858,414554,worker_0,W004,RescaleIntensity,pattern_group,running,100.0,1,1
cp_tutorial_3d_monolayer,1,16,1791284976.3840015,414554,worker_0,W004,RescaleIntensity,step_completed,success,3.225806451612903,1,31
cp_tutorial_3d_monolayer,1,16,1791284976.384023,414554,worker_0,W004,Resize,step_started,started,3.225806451612903,1,31
cp_tutorial_3d_monolayer,1,16,1791284976.4398966,414554,worker_0,W004,Resize,pattern_group,running,100.0,1,1
cp_tutorial_3d_monolayer,1,16,1791284976.4400349,414554,worker_0,W004,Resize,step_completed,success,6.451612903225806,2,31
cp_tutorial_3d_monolayer,1,16,1791284976.4400554,414554,worker_0,W004,MedianFilter,step_started,started,6.451612903225806,2,31
cp_tutorial_3d_monolayer,1,16,1791284976.6060343,414554,worker_0,W004,MedianFilter,pattern_group,running,100.0,1,1
cp_tutorial_3d_monolayer,1,16,1791284976.6061754,414554,worker_0,W004,MedianFilter,step_completed,success,9.67741935483871,3,31
cp_tutorial_3d_monolayer,1,16,1791284976.6061962,414554,worker_0,W004,Threshold,step_started,started,9.67741935483871,3,31
cp_tutorial_3d_monolayer,1,16,1791284976.6436646,414554,worker_0,W004,Threshold,pattern_group,running,100.0,1,1
cp_tutorial_3d_monolayer,1,16,1791284976.643932,414554,worker_0,W004,Threshold,step_completed,success,12.903225806451612,4,31
cp_tutorial_3d_monolayer,1,16,1791284976.6439543,414554,worker_0,W004,RemoveHoles,step_started,started,12.903225806451612,4,31
cp_tutorial_3d_monolayer,1,16,1791284976.6609378,414554,worker_0,W004,RemoveHoles,pattern_group,running,100.0,1,1
cp_tutorial_3d_monolayer,1,16,1791284976.6611094,414554,worker_0,W004,RemoveHoles,step_completed,success,16.129032258064516,5,31
cp_tutorial_3d_monolayer,1,16,1791284976.6611319,414554,worker_0,W004,Watershed,step_started,started,16.129032258064516,5,31
cp_tutorial_3d_monolayer,1,16,1791284976.7493677,414554,worker_0,W004,Watershed,pattern_group,running,100.0,1,1
cp_tutorial_3d_monolayer,1,16,1791284976.749754,414554,worker_0,W004,Watershed,step_completed,success,19.35483870967742,6,31
cp_tutorial_3d_monolayer,1,16,1791284976.7497766,414554,worker_0,W004,ResizeObjects,step_started,started,19.35483870967742,6,31
cp_tutorial_3d_monolayer,1,16,1791284976.776934,414554,worker_0,W004,ResizeObjects,pattern_group,running,100.0,1,1
cp_tutorial_3d_monolayer,1,16,1791284976.7774084,414554,worker_0,W004,ResizeObjects,step_completed,success,22.58064516129032,7,31
cp_tutorial_3d_monolayer,1,16,1791284976.7774305,414554,worker_0,W004,ErodeObjects,step_started,started,22.58064516129032,7,31
cp_tutorial_3d_monolayer,1,16,1791284976.827888,414554,worker_0,W004,ErodeObjects,pattern_group,running,100.0,1,1
cp_tutorial_3d_monolayer,1,16,1791284976.8283532,414554,worker_0,W004,ErodeObjects,step_completed,success,25.806451612903224,8,31
cp_tutorial_3d_monolayer,1,16,1791284976.828376,414554,worker_0,W004,ResizeObjects,step_started,started,25.806451612903224,8,31
cp_tutorial_3d_monolayer,1,16,1791284976.852513,414554,worker_0,W004,ResizeObjects,pattern_group,running,100.0,1,1
cp_tutorial_3d_monolayer,1,16,1791284976.8529792,414554,worker_0,W004,ResizeObjects,step_completed,success,29.03225806451613,9,31
cp_tutorial_3d_monolayer,1,16,1791284976.8530035,414554,worker_0,W004,ConvertObjectsToImage,step_started,started,29.03225806451613,9,31
cp_tutorial_3d_monolayer,1,16,1791284976.873872,414554,worker_0,W004,ConvertObjectsToImage,pattern_group,running,100.0,1,1
cp_tutorial_3d_monolayer,1,16,1791284976.8745847,414554,worker_0,W004,ConvertObjectsToImage,step_completed,success,32.25806451612903,10,31
cp_tutorial_3d_monolayer,1,16,1791284976.8746176,414554,worker_0,W004,Threshold,step_started,started,32.25806451612903,10,31
cp_tutorial_3d_monolayer,1,16,1791284977.0688877,414554,worker_0,W004,Threshold,pattern_group,running,100.0,1,1
cp_tutorial_3d_monolayer,1,16,1791284977.0691354,414554,worker_0,W004,Threshold,step_completed,success,35.483870967741936,11,31
cp_tutorial_3d_monolayer,1,16,1791284977.0691564,414554,worker_0,W004,ImageMath,step_started,started,35.483870967741936,11,31
cp_tutorial_3d_monolayer,1,16,1791284977.1010227,414554,worker_0,W004,ImageMath,pattern_group,running,100.0,1,1
cp_tutorial_3d_monolayer,1,16,1791284977.1011784,414554,worker_0,W004,ImageMath,step_completed,success,38.70967741935484,12,31
cp_tutorial_3d_monolayer,1,16,1791284977.1011996,414554,worker_0,W004,RemoveHoles,step_started,started,38.70967741935484,12,31
cp_tutorial_3d_monolayer,1,16,1791284977.149536,414554,worker_0,W004,RemoveHoles,pattern_group,running,100.0,1,1
cp_tutorial_3d_monolayer,1,16,1791284977.149686,414554,worker_0,W004,RemoveHoles,step_completed,success,41.935483870967744,13,31
cp_tutorial_3d_monolayer,1,16,1791284977.1497068,414554,worker_0,W004,ImageMath,step_started,started,41.935483870967744,13,31
cp_tutorial_3d_monolayer,1,16,1791284977.4275038,414554,worker_0,W004,ImageMath,pattern_group,running,100.0,1,1
cp_tutorial_3d_monolayer,1,16,1791284977.4276547,414554,worker_0,W004,ImageMath,step_completed,success,45.16129032258064,14,31
cp_tutorial_3d_monolayer,1,16,1791284977.4276762,414554,worker_0,W004,Resize,step_started,started,45.16129032258064,14,31
cp_tutorial_3d_monolayer,1,16,1791284977.4896262,414554,worker_0,W004,Resize,pattern_group,running,100.0,1,1
cp_tutorial_3d_monolayer,1,16,1791284977.4897738,414554,worker_0,W004,Resize,step_completed,success,48.38709677419355,15,31
cp_tutorial_3d_monolayer,1,16,1791284977.489795,414554,worker_0,W004,Closing,step_started,started,48.38709677419355,15,31
cp_tutorial_3d_monolayer,1,16,1791284977.5672593,414554,worker_0,W004,Closing,pattern_group,running,100.0,1,1
cp_tutorial_3d_monolayer,1,16,1791284977.5674179,414554,worker_0,W004,Closing,step_completed,success,51.61290322580645,16,31
cp_tutorial_3d_monolayer,1,16,1791284977.5674393,414554,worker_0,W004,Resize,step_started,started,51.61290322580645,16,31
cp_tutorial_3d_monolayer,1,16,1791284977.6162512,414554,worker_0,W004,Resize,pattern_group,running,100.0,1,1
cp_tutorial_3d_monolayer,1,16,1791284977.616398,414554,worker_0,W004,Resize,step_completed,success,54.83870967741935,17,31
cp_tutorial_3d_monolayer,1,16,1791284977.616418,414554,worker_0,W004,Threshold,step_started,started,54.83870967741935,17,31
cp_tutorial_3d_monolayer,1,16,1791284977.7719111,414554,worker_0,W004,Threshold,pattern_group,running,100.0,1,1
cp_tutorial_3d_monolayer,1,16,1791284977.7721422,414554,worker_0,W004,Threshold,step_completed,success,58.06451612903226,18,31
cp_tutorial_3d_monolayer,1,16,1791284977.7721636,414554,worker_0,W004,MaskImage,step_started,started,58.06451612903226,18,31
cp_tutorial_3d_monolayer,1,16,1791284977.8172522,414554,worker_0,W004,MaskImage,pattern_group,running,100.0,1,1
cp_tutorial_3d_monolayer,1,16,1791284977.8174124,414554,worker_0,W004,MaskImage,step_completed,success,61.29032258064516,19,31
cp_tutorial_3d_monolayer,1,16,1791284977.8174334,414554,worker_0,W004,ErodeImage,step_started,started,61.29032258064516,19,31
cp_tutorial_3d_monolayer,1,16,1791284977.8867364,414554,worker_0,W004,ErodeImage,pattern_group,running,100.0,1,1
cp_tutorial_3d_monolayer,1,16,1791284977.8868845,414554,worker_0,W004,ErodeImage,step_completed,success,64.51612903225806,20,31
cp_tutorial_3d_monolayer,1,16,1791284977.8869038,414554,worker_0,W004,Watershed,step_started,started,64.51612903225806,20,31
cp_tutorial_3d_monolayer,1,16,1791284977.9747467,414554,worker_0,W004,Watershed,pattern_group,running,100.0,1,1
cp_tutorial_3d_monolayer,1,16,1791284977.975136,414554,worker_0,W004,Watershed,step_completed,success,67.74193548387096,21,31
cp_tutorial_3d_monolayer,1,16,1791284977.9751575,414554,worker_0,W004,MeasureObjectIntensity,step_started,started,67.74193548387096,21,31
cp_tutorial_3d_monolayer,1,16,1791284978.2106204,414554,worker_0,W004,MeasureObjectIntensity,pattern_group,running,50.0,1,2
cp_tutorial_3d_monolayer,1,16,1791284978.4883287,414554,worker_0,W004,MeasureObjectIntensity,pattern_group,running,100.0,2,2
cp_tutorial_3d_monolayer,1,16,1791284978.490503,414554,worker_0,W004,MeasureObjectIntensity,step_completed,success,70.96774193548387,22,31
cp_tutorial_3d_monolayer,1,16,1791284978.4905267,414554,worker_0,W004,MeasureObjectSizeShape,step_started,started,70.96774193548387,22,31
cp_tutorial_3d_monolayer,1,16,1791284978.5855937,414554,worker_0,W004,MeasureObjectSizeShape,pattern_group,running,50.0,1,2
cp_tutorial_3d_monolayer,1,16,1791284978.680372,414554,worker_0,W004,MeasureObjectSizeShape,pattern_group,running,100.0,2,2
cp_tutorial_3d_monolayer,1,16,1791284978.6809397,414554,worker_0,W004,MeasureObjectSizeShape,step_completed,success,74.19354838709677,23,31
cp_tutorial_3d_monolayer,1,16,1791284978.6809616,414554,worker_0,W004,OverlayObjects,step_started,started,74.19354838709677,23,31
cp_tutorial_3d_monolayer,1,16,1791284978.7035263,414554,worker_0,W004,OverlayObjects,pattern_group,running,100.0,1,1
cp_tutorial_3d_monolayer,1,16,1791284978.7036448,414554,worker_0,W004,OverlayObjects,step_completed,success,77.41935483870968,24,31
cp_tutorial_3d_monolayer,1,16,1791284978.7036664,414554,worker_0,W004,RescaleIntensity,step_started,started,77.41935483870968,24,31
cp_tutorial_3d_monolayer,1,16,1791284978.8063998,414554,worker_0,W004,RescaleIntensity,pattern_group,running,100.0,1,1
cp_tutorial_3d_monolayer,1,16,1791284978.8065464,414554,worker_0,W004,RescaleIntensity,step_completed,success,80.64516129032258,25,31
cp_tutorial_3d_monolayer,1,16,1791284978.806567,414554,worker_0,W004,OverlayObjects,step_started,started,80.64516129032258,25,31
cp_tutorial_3d_monolayer,1,16,1791284978.825291,414554,worker_0,W004,OverlayObjects,pattern_group,running,100.0,1,1
cp_tutorial_3d_monolayer,1,16,1791284978.825393,414554,worker_0,W004,OverlayObjects,step_completed,success,83.87096774193549,26,31
cp_tutorial_3d_monolayer,1,16,1791284978.825414,414554,worker_0,W004,ConvertObjectsToImage,step_started,started,83.87096774193549,26,31
cp_tutorial_3d_monolayer,1,16,1791284978.8574944,414554,worker_0,W004,ConvertObjectsToImage,pattern_group,running,100.0,1,1
cp_tutorial_3d_monolayer,1,16,1791284978.8581448,414554,worker_0,W004,ConvertObjectsToImage,step_completed,success,87.09677419354838,27,31
cp_tutorial_3d_monolayer,1,16,1791284978.858176,414554,worker_0,W004,SaveImages,step_started,started,87.09677419354838,27,31
cp_tutorial_3d_monolayer,1,16,1791284978.9062538,414554,worker_0,W004,SaveImages,pattern_group,running,100.0,1,1
cp_tutorial_3d_monolayer,1,16,1791284978.914541,414554,worker_0,W004,SaveImages,step_completed,success,90.32258064516128,28,31
cp_tutorial_3d_monolayer,1,16,1791284978.914584,414554,worker_0,W004,ConvertObjectsToImage,step_started,started,90.32258064516128,28,31
cp_tutorial_3d_monolayer,1,16,1791284978.9490728,414554,worker_0,W004,ConvertObjectsToImage,pattern_group,running,100.0,1,1
cp_tutorial_3d_monolayer,1,16,1791284978.949262,414554,worker_0,W004,ConvertObjectsToImage,step_completed,success,93.54838709677419,29,31
cp_tutorial_3d_monolayer,1,16,1791284978.9492898,414554,worker_0,W004,SaveImages,step_started,started,93.54838709677419,29,31
cp_tutorial_3d_monolayer,1,16,1791284978.9984925,414554,worker_0,W004,SaveImages,pattern_group,running,100.0,1,1
cp_tutorial_3d_monolayer,1,16,1791284979.005496,414554,worker_0,W004,SaveImages,step_completed,success,96.7741935483871,30,31
cp_tutorial_3d_monolayer,1,16,1791284979.009496,414554,worker_0,W004,pipeline,axis_completed,success,96.7741935483871,30,31
cp_tutorial_3d_monolayer,1,16,1791284979.0095942,414554,worker_0,W005,pipeline,axis_started,started,0.0,0,31
cp_tutorial_3d_monolayer,1,16,1791284979.0096323,414554,worker_0,W005,RescaleIntensity,step_started,started,0.0,0,31
cp_tutorial_3d_monolayer,1,16,1791284979.2908773,414554,worker_0,W005,RescaleIntensity,pattern_group,running,100.0,1,1
cp_tutorial_3d_monolayer,1,16,1791284979.2910259,414554,worker_0,W005,RescaleIntensity,step_completed,success,3.225806451612903,1,31
cp_tutorial_3d_monolayer,1,16,1791284979.2910476,414554,worker_0,W005,Resize,step_started,started,3.225806451612903,1,31
cp_tutorial_3d_monolayer,1,16,1791284979.3470912,414554,worker_0,W005,Resize,pattern_group,running,100.0,1,1
cp_tutorial_3d_monolayer,1,16,1791284979.3472307,414554,worker_0,W005,Resize,step_completed,success,6.451612903225806,2,31
cp_tutorial_3d_monolayer,1,16,1791284979.3472524,414554,worker_0,W005,MedianFilter,step_started,started,6.451612903225806,2,31
cp_tutorial_3d_monolayer,1,16,1791284979.5129588,414554,worker_0,W005,MedianFilter,pattern_group,running,100.0,1,1
cp_tutorial_3d_monolayer,1,16,1791284979.5131023,414554,worker_0,W005,MedianFilter,step_completed,success,9.67741935483871,3,31
cp_tutorial_3d_monolayer,1,16,1791284979.5131228,414554,worker_0,W005,Threshold,step_started,started,9.67741935483871,3,31
cp_tutorial_3d_monolayer,1,16,1791284979.5506315,414554,worker_0,W005,Threshold,pattern_group,running,100.0,1,1
cp_tutorial_3d_monolayer,1,16,1791284979.5508718,414554,worker_0,W005,Threshold,step_completed,success,12.903225806451612,4,31
cp_tutorial_3d_monolayer,1,16,1791284979.5508926,414554,worker_0,W005,RemoveHoles,step_started,started,12.903225806451612,4,31
cp_tutorial_3d_monolayer,1,16,1791284979.5674884,414554,worker_0,W005,RemoveHoles,pattern_group,running,100.0,1,1
cp_tutorial_3d_monolayer,1,16,1791284979.5676377,414554,worker_0,W005,RemoveHoles,step_completed,success,16.129032258064516,5,31
cp_tutorial_3d_monolayer,1,16,1791284979.5676582,414554,worker_0,W005,Watershed,step_started,started,16.129032258064516,5,31
cp_tutorial_3d_monolayer,1,16,1791284979.6564074,414554,worker_0,W005,Watershed,pattern_group,running,100.0,1,1
cp_tutorial_3d_monolayer,1,16,1791284979.6567929,414554,worker_0,W005,Watershed,step_completed,success,19.35483870967742,6,31
cp_tutorial_3d_monolayer,1,16,1791284979.6568139,414554,worker_0,W005,ResizeObjects,step_started,started,19.35483870967742,6,31
cp_tutorial_3d_monolayer,1,16,1791284979.6840801,414554,worker_0,W005,ResizeObjects,pattern_group,running,100.0,1,1
cp_tutorial_3d_monolayer,1,16,1791284979.6845646,414554,worker_0,W005,ResizeObjects,step_completed,success,22.58064516129032,7,31
cp_tutorial_3d_monolayer,1,16,1791284979.6845872,414554,worker_0,W005,ErodeObjects,step_started,started,22.58064516129032,7,31
cp_tutorial_3d_monolayer,1,16,1791284979.7354198,414554,worker_0,W005,ErodeObjects,pattern_group,running,100.0,1,1
cp_tutorial_3d_monolayer,1,16,1791284979.7358763,414554,worker_0,W005,ErodeObjects,step_completed,success,25.806451612903224,8,31
cp_tutorial_3d_monolayer,1,16,1791284979.7358978,414554,worker_0,W005,ResizeObjects,step_started,started,25.806451612903224,8,31
cp_tutorial_3d_monolayer,1,16,1791284979.7598624,414554,worker_0,W005,ResizeObjects,pattern_group,running,100.0,1,1
cp_tutorial_3d_monolayer,1,16,1791284979.7603354,414554,worker_0,W005,ResizeObjects,step_completed,success,29.03225806451613,9,31
cp_tutorial_3d_monolayer,1,16,1791284979.760358,414554,worker_0,W005,ConvertObjectsToImage,step_started,started,29.03225806451613,9,31
cp_tutorial_3d_monolayer,1,16,1791284979.781904,414554,worker_0,W005,ConvertObjectsToImage,pattern_group,running,100.0,1,1
cp_tutorial_3d_monolayer,1,16,1791284979.7820451,414554,worker_0,W005,ConvertObjectsToImage,step_completed,success,32.25806451612903,10,31
cp_tutorial_3d_monolayer,1,16,1791284979.782066,414554,worker_0,W005,Threshold,step_started,started,32.25806451612903,10,31
cp_tutorial_3d_monolayer,1,16,1791284979.972352,414554,worker_0,W005,Threshold,pattern_group,running,100.0,1,1
cp_tutorial_3d_monolayer,1,16,1791284979.97262,414554,worker_0,W005,Threshold,step_completed,success,35.483870967741936,11,31
cp_tutorial_3d_monolayer,1,16,1791284979.972645,414554,worker_0,W005,ImageMath,step_started,started,35.483870967741936,11,31
cp_tutorial_3d_monolayer,1,16,1791284980.00491,414554,worker_0,W005,ImageMath,pattern_group,running,100.0,1,1
cp_tutorial_3d_monolayer,1,16,1791284980.0050766,414554,worker_0,W005,ImageMath,step_completed,success,38.70967741935484,12,31
cp_tutorial_3d_monolayer,1,16,1791284980.0050995,414554,worker_0,W005,RemoveHoles,step_started,started,38.70967741935484,12,31
cp_tutorial_3d_monolayer,1,16,1791284980.0532908,414554,worker_0,W005,RemoveHoles,pattern_group,running,100.0,1,1
cp_tutorial_3d_monolayer,1,16,1791284980.053441,414554,worker_0,W005,RemoveHoles,step_completed,success,41.935483870967744,13,31
cp_tutorial_3d_monolayer,1,16,1791284980.053463,414554,worker_0,W005,ImageMath,step_started,started,41.935483870967744,13,31
cp_tutorial_3d_monolayer,1,16,1791284980.3324945,414554,worker_0,W005,ImageMath,pattern_group,running,100.0,1,1
cp_tutorial_3d_monolayer,1,16,1791284980.3326445,414554,worker_0,W005,ImageMath,step_completed,success,45.16129032258064,14,31
cp_tutorial_3d_monolayer,1,16,1791284980.3326654,414554,worker_0,W005,Resize,step_started,started,45.16129032258064,14,31
cp_tutorial_3d_monolayer,1,16,1791284980.394564,414554,worker_0,W005,Resize,pattern_group,running,100.0,1,1
cp_tutorial_3d_monolayer,1,16,1791284980.3947096,414554,worker_0,W005,Resize,step_completed,success,48.38709677419355,15,31
cp_tutorial_3d_monolayer,1,16,1791284980.3947313,414554,worker_0,W005,Closing,step_started,started,48.38709677419355,15,31
cp_tutorial_3d_monolayer,1,16,1791284980.4738746,414554,worker_0,W005,Closing,pattern_group,running,100.0,1,1
cp_tutorial_3d_monolayer,1,16,1791284980.474021,414554,worker_0,W005,Closing,step_completed,success,51.61290322580645,16,31
cp_tutorial_3d_monolayer,1,16,1791284980.4740422,414554,worker_0,W005,Resize,step_started,started,51.61290322580645,16,31
cp_tutorial_3d_monolayer,1,16,1791284980.5224066,414554,worker_0,W005,Resize,pattern_group,running,100.0,1,1
cp_tutorial_3d_monolayer,1,16,1791284980.5225465,414554,worker_0,W005,Resize,step_completed,success,54.83870967741935,17,31
cp_tutorial_3d_monolayer,1,16,1791284980.5225673,414554,worker_0,W005,Threshold,step_started,started,54.83870967741935,17,31
cp_tutorial_3d_monolayer,1,16,1791284980.6793184,414554,worker_0,W005,Threshold,pattern_group,running,100.0,1,1
cp_tutorial_3d_monolayer,1,16,1791284980.67956,414554,worker_0,W005,Threshold,step_completed,success,58.06451612903226,18,31
cp_tutorial_3d_monolayer,1,16,1791284980.6795807,414554,worker_0,W005,MaskImage,step_started,started,58.06451612903226,18,31
cp_tutorial_3d_monolayer,1,16,1791284980.7246265,414554,worker_0,W005,MaskImage,pattern_group,running,100.0,1,1
cp_tutorial_3d_monolayer,1,16,1791284980.7247813,414554,worker_0,W005,MaskImage,step_completed,success,61.29032258064516,19,31
cp_tutorial_3d_monolayer,1,16,1791284980.7248015,414554,worker_0,W005,ErodeImage,step_started,started,61.29032258064516,19,31
cp_tutorial_3d_monolayer,1,16,1791284980.7941215,414554,worker_0,W005,ErodeImage,pattern_group,running,100.0,1,1
cp_tutorial_3d_monolayer,1,16,1791284980.7942734,414554,worker_0,W005,ErodeImage,step_completed,success,64.51612903225806,20,31
cp_tutorial_3d_monolayer,1,16,1791284980.7942936,414554,worker_0,W005,Watershed,step_started,started,64.51612903225806,20,31
cp_tutorial_3d_monolayer,1,16,1791284980.8796334,414554,worker_0,W005,Watershed,pattern_group,running,100.0,1,1
cp_tutorial_3d_monolayer,1,16,1791284980.8800194,414554,worker_0,W005,Watershed,step_completed,success,67.74193548387096,21,31
cp_tutorial_3d_monolayer,1,16,1791284980.880041,414554,worker_0,W005,MeasureObjectIntensity,step_started,started,67.74193548387096,21,31
cp_tutorial_3d_monolayer,1,16,1791284981.1173663,414554,worker_0,W005,MeasureObjectIntensity,pattern_group,running,50.0,1,2
cp_tutorial_3d_monolayer,1,16,1791284981.3949618,414554,worker_0,W005,MeasureObjectIntensity,pattern_group,running,100.0,2,2
cp_tutorial_3d_monolayer,1,16,1791284981.3971395,414554,worker_0,W005,MeasureObjectIntensity,step_completed,success,70.96774193548387,22,31
cp_tutorial_3d_monolayer,1,16,1791284981.3971624,414554,worker_0,W005,MeasureObjectSizeShape,step_started,started,70.96774193548387,22,31
cp_tutorial_3d_monolayer,1,16,1791284981.492367,414554,worker_0,W005,MeasureObjectSizeShape,pattern_group,running,50.0,1,2
cp_tutorial_3d_monolayer,1,16,1791284981.5868638,414554,worker_0,W005,MeasureObjectSizeShape,pattern_group,running,100.0,2,2
cp_tutorial_3d_monolayer,1,16,1791284981.5874512,414554,worker_0,W005,MeasureObjectSizeShape,step_completed,success,74.19354838709677,23,31
cp_tutorial_3d_monolayer,1,16,1791284981.5874739,414554,worker_0,W005,OverlayObjects,step_started,started,74.19354838709677,23,31
cp_tutorial_3d_monolayer,1,16,1791284981.6103957,414554,worker_0,W005,OverlayObjects,pattern_group,running,100.0,1,1
cp_tutorial_3d_monolayer,1,16,1791284981.61051,414554,worker_0,W005,OverlayObjects,step_completed,success,77.41935483870968,24,31
cp_tutorial_3d_monolayer,1,16,1791284981.6105304,414554,worker_0,W005,RescaleIntensity,step_started,started,77.41935483870968,24,31
cp_tutorial_3d_monolayer,1,16,1791284981.7137694,414554,worker_0,W005,RescaleIntensity,pattern_group,running,100.0,1,1
cp_tutorial_3d_monolayer,1,16,1791284981.7139175,414554,worker_0,W005,RescaleIntensity,step_completed,success,80.64516129032258,25,31
cp_tutorial_3d_monolayer,1,16,1791284981.7139378,414554,worker_0,W005,OverlayObjects,step_started,started,80.64516129032258,25,31
cp_tutorial_3d_monolayer,1,16,1791284981.7329042,414554,worker_0,W005,OverlayObjects,pattern_group,running,100.0,1,1
cp_tutorial_3d_monolayer,1,16,1791284981.7330296,414554,worker_0,W005,OverlayObjects,step_completed,success,83.87096774193549,26,31
cp_tutorial_3d_monolayer,1,16,1791284981.7330523,414554,worker_0,W005,ConvertObjectsToImage,step_started,started,83.87096774193549,26,31
cp_tutorial_3d_monolayer,1,16,1791284981.765436,414554,worker_0,W005,ConvertObjectsToImage,pattern_group,running,100.0,1,1
cp_tutorial_3d_monolayer,1,16,1791284981.7655811,414554,worker_0,W005,ConvertObjectsToImage,step_completed,success,87.09677419354838,27,31
cp_tutorial_3d_monolayer,1,16,1791284981.7656019,414554,worker_0,W005,SaveImages,step_started,started,87.09677419354838,27,31
cp_tutorial_3d_monolayer,1,16,1791284981.8150024,414554,worker_0,W005,SaveImages,pattern_group,running,100.0,1,1
cp_tutorial_3d_monolayer,1,16,1791284981.8225868,414554,worker_0,W005,SaveImages,step_completed,success,90.32258064516128,28,31
cp_tutorial_3d_monolayer,1,16,1791284981.822627,414554,worker_0,W005,ConvertObjectsToImage,step_started,started,90.32258064516128,28,31
cp_tutorial_3d_monolayer,1,16,1791284981.8547506,414554,worker_0,W005,ConvertObjectsToImage,pattern_group,running,100.0,1,1
cp_tutorial_3d_monolayer,1,16,1791284981.8549273,414554,worker_0,W005,ConvertObjectsToImage,step_completed,success,93.54838709677419,29,31
cp_tutorial_3d_monolayer,1,16,1791284981.8549492,414554,worker_0,W005,SaveImages,step_started,started,93.54838709677419,29,31
cp_tutorial_3d_monolayer,1,16,1791284982.0067716,414554,worker_0,W005,SaveImages,pattern_group,running,100.0,1,1
cp_tutorial_3d_monolayer,1,16,1791284982.0141168,414554,worker_0,W005,SaveImages,step_completed,success,96.7741935483871,30,31
cp_tutorial_3d_monolayer,1,16,1791284982.0176907,414554,worker_0,W005,pipeline,axis_completed,success,96.7741935483871,30,31
cp_tutorial_3d_monolayer,1,16,1791284982.0177698,414554,worker_0,W006,pipeline,axis_started,started,0.0,0,31
cp_tutorial_3d_monolayer,1,16,1791284982.0178027,414554,worker_0,W006,RescaleIntensity,step_started,started,0.0,0,31
cp_tutorial_3d_monolayer,1,16,1791284982.3040776,414554,worker_0,W006,RescaleIntensity,pattern_group,running,100.0,1,1
cp_tutorial_3d_monolayer,1,16,1791284982.3042274,414554,worker_0,W006,RescaleIntensity,step_completed,success,3.225806451612903,1,31
cp_tutorial_3d_monolayer,1,16,1791284982.3042495,414554,worker_0,W006,Resize,step_started,started,3.225806451612903,1,31
cp_tutorial_3d_monolayer,1,16,1791284982.36066,414554,worker_0,W006,Resize,pattern_group,running,100.0,1,1
cp_tutorial_3d_monolayer,1,16,1791284982.3607998,414554,worker_0,W006,Resize,step_completed,success,6.451612903225806,2,31
cp_tutorial_3d_monolayer,1,16,1791284982.3608205,414554,worker_0,W006,MedianFilter,step_started,started,6.451612903225806,2,31
cp_tutorial_3d_monolayer,1,16,1791284982.5256073,414554,worker_0,W006,MedianFilter,pattern_group,running,100.0,1,1
cp_tutorial_3d_monolayer,1,16,1791284982.5257502,414554,worker_0,W006,MedianFilter,step_completed,success,9.67741935483871,3,31
cp_tutorial_3d_monolayer,1,16,1791284982.5257704,414554,worker_0,W006,Threshold,step_started,started,9.67741935483871,3,31
cp_tutorial_3d_monolayer,1,16,1791284982.5626507,414554,worker_0,W006,Threshold,pattern_group,running,100.0,1,1
cp_tutorial_3d_monolayer,1,16,1791284982.5628939,414554,worker_0,W006,Threshold,step_completed,success,12.903225806451612,4,31
cp_tutorial_3d_monolayer,1,16,1791284982.5629144,414554,worker_0,W006,RemoveHoles,step_started,started,12.903225806451612,4,31
cp_tutorial_3d_monolayer,1,16,1791284982.579781,414554,worker_0,W006,RemoveHoles,pattern_group,running,100.0,1,1
cp_tutorial_3d_monolayer,1,16,1791284982.579934,414554,worker_0,W006,RemoveHoles,step_completed,success,16.129032258064516,5,31
cp_tutorial_3d_monolayer,1,16,1791284982.5799534,414554,worker_0,W006,Watershed,step_started,started,16.129032258064516,5,31
cp_tutorial_3d_monolayer,1,16,1791284982.6680768,414554,worker_0,W006,Watershed,pattern_group,running,100.0,1,1
cp_tutorial_3d_monolayer,1,16,1791284982.668466,414554,worker_0,W006,Watershed,step_completed,success,19.35483870967742,6,31
cp_tutorial_3d_monolayer,1,16,1791284982.6684866,414554,worker_0,W006,ResizeObjects,step_started,started,19.35483870967742,6,31
cp_tutorial_3d_monolayer,1,16,1791284982.6961584,414554,worker_0,W006,ResizeObjects,pattern_group,running,100.0,1,1
cp_tutorial_3d_monolayer,1,16,1791284982.6966333,414554,worker_0,W006,ResizeObjects,step_completed,success,22.58064516129032,7,31
cp_tutorial_3d_monolayer,1,16,1791284982.6966567,414554,worker_0,W006,ErodeObjects,step_started,started,22.58064516129032,7,31
cp_tutorial_3d_monolayer,1,16,1791284982.7467377,414554,worker_0,W006,ErodeObjects,pattern_group,running,100.0,1,1
cp_tutorial_3d_monolayer,1,16,1791284982.7472985,414554,worker_0,W006,ErodeObjects,step_completed,success,25.806451612903224,8,31
cp_tutorial_3d_monolayer,1,16,1791284982.7473211,414554,worker_0,W006,ResizeObjects,step_started,started,25.806451612903224,8,31
cp_tutorial_3d_monolayer,1,16,1791284982.7714398,414554,worker_0,W006,ResizeObjects,pattern_group,running,100.0,1,1
cp_tutorial_3d_monolayer,1,16,1791284982.7719076,414554,worker_0,W006,ResizeObjects,step_completed,success,29.03225806451613,9,31
cp_tutorial_3d_monolayer,1,16,1791284982.7719293,414554,worker_0,W006,ConvertObjectsToImage,step_started,started,29.03225806451613,9,31
cp_tutorial_3d_monolayer,1,16,1791284982.7935317,414554,worker_0,W006,ConvertObjectsToImage,pattern_group,running,100.0,1,1
cp_tutorial_3d_monolayer,1,16,1791284982.7936807,414554,worker_0,W006,ConvertObjectsToImage,step_completed,success,32.25806451612903,10,31
cp_tutorial_3d_monolayer,1,16,1791284982.7937016,414554,worker_0,W006,Threshold,step_started,started,32.25806451612903,10,31
cp_tutorial_3d_monolayer,1,16,1791284982.984773,414554,worker_0,W006,Threshold,pattern_group,running,100.0,1,1
cp_tutorial_3d_monolayer,1,16,1791284982.9850175,414554,worker_0,W006,Threshold,step_completed,success,35.483870967741936,11,31
cp_tutorial_3d_monolayer,1,16,1791284982.98504,414554,worker_0,W006,ImageMath,step_started,started,35.483870967741936,11,31
cp_tutorial_3d_monolayer,1,16,1791284983.0165558,414554,worker_0,W006,ImageMath,pattern_group,running,100.0,1,1
cp_tutorial_3d_monolayer,1,16,1791284983.01671,414554,worker_0,W006,ImageMath,step_completed,success,38.70967741935484,12,31
cp_tutorial_3d_monolayer,1,16,1791284983.0167317,414554,worker_0,W006,RemoveHoles,step_started,started,38.70967741935484,12,31
cp_tutorial_3d_monolayer,1,16,1791284983.0647235,414554,worker_0,W006,RemoveHoles,pattern_group,running,100.0,1,1
cp_tutorial_3d_monolayer,1,16,1791284983.0648704,414554,worker_0,W006,RemoveHoles,step_completed,success,41.935483870967744,13,31
cp_tutorial_3d_monolayer,1,16,1791284983.0648913,414554,worker_0,W006,ImageMath,step_started,started,41.935483870967744,13,31
cp_tutorial_3d_monolayer,1,16,1791284983.3430696,414554,worker_0,W006,ImageMath,pattern_group,running,100.0,1,1
cp_tutorial_3d_monolayer,1,16,1791284983.3432274,414554,worker_0,W006,ImageMath,step_completed,success,45.16129032258064,14,31
cp_tutorial_3d_monolayer,1,16,1791284983.3432488,414554,worker_0,W006,Resize,step_started,started,45.16129032258064,14,31
cp_tutorial_3d_monolayer,1,16,1791284983.4047675,414554,worker_0,W006,Resize,pattern_group,running,100.0,1,1
cp_tutorial_3d_monolayer,1,16,1791284983.4049096,414554,worker_0,W006,Resize,step_completed,success,48.38709677419355,15,31
cp_tutorial_3d_monolayer,1,16,1791284983.4049299,414554,worker_0,W006,Closing,step_started,started,48.38709677419355,15,31
cp_tutorial_3d_monolayer,1,16,1791284983.4824276,414554,worker_0,W006,Closing,pattern_group,running,100.0,1,1
cp_tutorial_3d_monolayer,1,16,1791284983.4825704,414554,worker_0,W006,Closing,step_completed,success,51.61290322580645,16,31
cp_tutorial_3d_monolayer,1,16,1791284983.482591,414554,worker_0,W006,Resize,step_started,started,51.61290322580645,16,31
cp_tutorial_3d_monolayer,1,16,1791284983.5311286,414554,worker_0,W006,Resize,pattern_group,running,100.0,1,1
cp_tutorial_3d_monolayer,1,16,1791284983.5312762,414554,worker_0,W006,Resize,step_completed,success,54.83870967741935,17,31
cp_tutorial_3d_monolayer,1,16,1791284983.5312967,414554,worker_0,W006,Threshold,step_started,started,54.83870967741935,17,31
cp_tutorial_3d_monolayer,1,16,1791284983.6867616,414554,worker_0,W006,Threshold,pattern_group,running,100.0,1,1
cp_tutorial_3d_monolayer,1,16,1791284983.6870067,414554,worker_0,W006,Threshold,step_completed,success,58.06451612903226,18,31
cp_tutorial_3d_monolayer,1,16,1791284983.6870277,414554,worker_0,W006,MaskImage,step_started,started,58.06451612903226,18,31
cp_tutorial_3d_monolayer,1,16,1791284983.732179,414554,worker_0,W006,MaskImage,pattern_group,running,100.0,1,1
cp_tutorial_3d_monolayer,1,16,1791284983.7323418,414554,worker_0,W006,MaskImage,step_completed,success,61.29032258064516,19,31
cp_tutorial_3d_monolayer,1,16,1791284983.732362,414554,worker_0,W006,ErodeImage,step_started,started,61.29032258064516,19,31
cp_tutorial_3d_monolayer,1,16,1791284983.8016026,414554,worker_0,W006,ErodeImage,pattern_group,running,100.0,1,1
cp_tutorial_3d_monolayer,1,16,1791284983.8017383,414554,worker_0,W006,ErodeImage,step_completed,success,64.51612903225806,20,31
cp_tutorial_3d_monolayer,1,16,1791284983.8017583,414554,worker_0,W006,Watershed,step_started,started,64.51612903225806,20,31
cp_tutorial_3d_monolayer,1,16,1791284983.8881354,414554,worker_0,W006,Watershed,pattern_group,running,100.0,1,1
cp_tutorial_3d_monolayer,1,16,1791284983.8885353,414554,worker_0,W006,Watershed,step_completed,success,67.74193548387096,21,31
cp_tutorial_3d_monolayer,1,16,1791284983.8885572,414554,worker_0,W006,MeasureObjectIntensity,step_started,started,67.74193548387096,21,31
cp_tutorial_3d_monolayer,1,16,1791284984.123867,414554,worker_0,W006,MeasureObjectIntensity,pattern_group,running,50.0,1,2
cp_tutorial_3d_monolayer,1,16,1791284984.4017012,414554,worker_0,W006,MeasureObjectIntensity,pattern_group,running,100.0,2,2
cp_tutorial_3d_monolayer,1,16,1791284984.4038692,414554,worker_0,W006,MeasureObjectIntensity,step_completed,success,70.96774193548387,22,31
cp_tutorial_3d_monolayer,1,16,1791284984.4038925,414554,worker_0,W006,MeasureObjectSizeShape,step_started,started,70.96774193548387,22,31
cp_tutorial_3d_monolayer,1,16,1791284984.4995935,414554,worker_0,W006,MeasureObjectSizeShape,pattern_group,running,50.0,1,2
cp_tutorial_3d_monolayer,1,16,1791284984.5941796,414554,worker_0,W006,MeasureObjectSizeShape,pattern_group,running,100.0,2,2
cp_tutorial_3d_monolayer,1,16,1791284984.5947592,414554,worker_0,W006,MeasureObjectSizeShape,step_completed,success,74.19354838709677,23,31
cp_tutorial_3d_monolayer,1,16,1791284984.5947807,414554,worker_0,W006,OverlayObjects,step_started,started,74.19354838709677,23,31
cp_tutorial_3d_monolayer,1,16,1791284984.6181521,414554,worker_0,W006,OverlayObjects,pattern_group,running,100.0,1,1
cp_tutorial_3d_monolayer,1,16,1791284984.6182754,414554,worker_0,W006,OverlayObjects,step_completed,success,77.41935483870968,24,31
cp_tutorial_3d_monolayer,1,16,1791284984.6182973,414554,worker_0,W006,RescaleIntensity,step_started,started,77.41935483870968,24,31
cp_tutorial_3d_monolayer,1,16,1791284984.7203584,414554,worker_0,W006,RescaleIntensity,pattern_group,running,100.0,1,1
cp_tutorial_3d_monolayer,1,16,1791284984.7205079,414554,worker_0,W006,RescaleIntensity,step_completed,success,80.64516129032258,25,31
cp_tutorial_3d_monolayer,1,16,1791284984.7205288,414554,worker_0,W006,OverlayObjects,step_started,started,80.64516129032258,25,31
cp_tutorial_3d_monolayer,1,16,1791284984.7400389,414554,worker_0,W006,OverlayObjects,pattern_group,running,100.0,1,1
cp_tutorial_3d_monolayer,1,16,1791284984.740144,414554,worker_0,W006,OverlayObjects,step_completed,success,83.87096774193549,26,31
cp_tutorial_3d_monolayer,1,16,1791284984.7401636,414554,worker_0,W006,ConvertObjectsToImage,step_started,started,83.87096774193549,26,31
cp_tutorial_3d_monolayer,1,16,1791284984.7719138,414554,worker_0,W006,ConvertObjectsToImage,pattern_group,running,100.0,1,1
cp_tutorial_3d_monolayer,1,16,1791284984.7720609,414554,worker_0,W006,ConvertObjectsToImage,step_completed,success,87.09677419354838,27,31
cp_tutorial_3d_monolayer,1,16,1791284984.772082,414554,worker_0,W006,SaveImages,step_started,started,87.09677419354838,27,31
cp_tutorial_3d_monolayer,1,16,1791284984.8212156,414554,worker_0,W006,SaveImages,pattern_group,running,100.0,1,1
cp_tutorial_3d_monolayer,1,16,1791284984.8289669,414554,worker_0,W006,SaveImages,step_completed,success,90.32258064516128,28,31
cp_tutorial_3d_monolayer,1,16,1791284984.8290038,414554,worker_0,W006,ConvertObjectsToImage,step_started,started,90.32258064516128,28,31
cp_tutorial_3d_monolayer,1,16,1791284984.8617725,414554,worker_0,W006,ConvertObjectsToImage,pattern_group,running,100.0,1,1
cp_tutorial_3d_monolayer,1,16,1791284984.8619561,414554,worker_0,W006,ConvertObjectsToImage,step_completed,success,93.54838709677419,29,31
cp_tutorial_3d_monolayer,1,16,1791284984.861978,414554,worker_0,W006,SaveImages,step_started,started,93.54838709677419,29,31
cp_tutorial_3d_monolayer,1,16,1791284984.91076,414554,worker_0,W006,SaveImages,pattern_group,running,100.0,1,1
cp_tutorial_3d_monolayer,1,16,1791284984.9180763,414554,worker_0,W006,SaveImages,step_completed,success,96.7741935483871,30,31
cp_tutorial_3d_monolayer,1,16,1791284984.9207737,414554,worker_0,W006,pipeline,axis_completed,success,96.7741935483871,30,31
cp_tutorial_3d_monolayer,1,16,1791284984.920849,414554,worker_0,W007,pipeline,axis_started,started,0.0,0,31
cp_tutorial_3d_monolayer,1,16,1791284984.920882,414554,worker_0,W007,RescaleIntensity,step_started,started,0.0,0,31
cp_tutorial_3d_monolayer,1,16,1791284985.3228679,414554,worker_0,W007,RescaleIntensity,pattern_group,running,100.0,1,1
cp_tutorial_3d_monolayer,1,16,1791284985.323016,414554,worker_0,W007,RescaleIntensity,step_completed,success,3.225806451612903,1,31
cp_tutorial_3d_monolayer,1,16,1791284985.323037,414554,worker_0,W007,Resize,step_started,started,3.225806451612903,1,31
cp_tutorial_3d_monolayer,1,16,1791284985.3788655,414554,worker_0,W007,Resize,pattern_group,running,100.0,1,1
cp_tutorial_3d_monolayer,1,16,1791284985.379008,414554,worker_0,W007,Resize,step_completed,success,6.451612903225806,2,31
cp_tutorial_3d_monolayer,1,16,1791284985.3790286,414554,worker_0,W007,MedianFilter,step_started,started,6.451612903225806,2,31
cp_tutorial_3d_monolayer,1,16,1791284985.543993,414554,worker_0,W007,MedianFilter,pattern_group,running,100.0,1,1
cp_tutorial_3d_monolayer,1,16,1791284985.544135,414554,worker_0,W007,MedianFilter,step_completed,success,9.67741935483871,3,31
cp_tutorial_3d_monolayer,1,16,1791284985.5441546,414554,worker_0,W007,Threshold,step_started,started,9.67741935483871,3,31
cp_tutorial_3d_monolayer,1,16,1791284985.5815916,414554,worker_0,W007,Threshold,pattern_group,running,100.0,1,1
cp_tutorial_3d_monolayer,1,16,1791284985.5818315,414554,worker_0,W007,Threshold,step_completed,success,12.903225806451612,4,31
cp_tutorial_3d_monolayer,1,16,1791284985.581852,414554,worker_0,W007,RemoveHoles,step_started,started,12.903225806451612,4,31
cp_tutorial_3d_monolayer,1,16,1791284985.5987003,414554,worker_0,W007,RemoveHoles,pattern_group,running,100.0,1,1
cp_tutorial_3d_monolayer,1,16,1791284985.598848,414554,worker_0,W007,RemoveHoles,step_completed,success,16.129032258064516,5,31
cp_tutorial_3d_monolayer,1,16,1791284985.598868,414554,worker_0,W007,Watershed,step_started,started,16.129032258064516,5,31
cp_tutorial_3d_monolayer,1,16,1791284985.6868951,414554,worker_0,W007,Watershed,pattern_group,running,100.0,1,1
cp_tutorial_3d_monolayer,1,16,1791284985.687282,414554,worker_0,W007,Watershed,step_completed,success,19.35483870967742,6,31
cp_tutorial_3d_monolayer,1,16,1791284985.6873038,414554,worker_0,W007,ResizeObjects,step_started,started,19.35483870967742,6,31
cp_tutorial_3d_monolayer,1,16,1791284985.713897,414554,worker_0,W007,ResizeObjects,pattern_group,running,100.0,1,1
cp_tutorial_3d_monolayer,1,16,1791284985.7143707,414554,worker_0,W007,ResizeObjects,step_completed,success,22.58064516129032,7,31
cp_tutorial_3d_monolayer,1,16,1791284985.7143927,414554,worker_0,W007,ErodeObjects,step_started,started,22.58064516129032,7,31
cp_tutorial_3d_monolayer,1,16,1791284985.765211,414554,worker_0,W007,ErodeObjects,pattern_group,running,100.0,1,1
cp_tutorial_3d_monolayer,1,16,1791284985.7656791,414554,worker_0,W007,ErodeObjects,step_completed,success,25.806451612903224,8,31
cp_tutorial_3d_monolayer,1,16,1791284985.765701,414554,worker_0,W007,ResizeObjects,step_started,started,25.806451612903224,8,31
cp_tutorial_3d_monolayer,1,16,1791284985.7894413,414554,worker_0,W007,ResizeObjects,pattern_group,running,100.0,1,1
cp_tutorial_3d_monolayer,1,16,1791284985.7899218,414554,worker_0,W007,ResizeObjects,step_completed,success,29.03225806451613,9,31
cp_tutorial_3d_monolayer,1,16,1791284985.7899442,414554,worker_0,W007,ConvertObjectsToImage,step_started,started,29.03225806451613,9,31
cp_tutorial_3d_monolayer,1,16,1791284985.811775,414554,worker_0,W007,ConvertObjectsToImage,pattern_group,running,100.0,1,1
cp_tutorial_3d_monolayer,1,16,1791284985.8119323,414554,worker_0,W007,ConvertObjectsToImage,step_completed,success,32.25806451612903,10,31
cp_tutorial_3d_monolayer,1,16,1791284985.8119543,414554,worker_0,W007,Threshold,step_started,started,32.25806451612903,10,31
cp_tutorial_3d_monolayer,1,16,1791284986.0045211,414554,worker_0,W007,Threshold,pattern_group,running,100.0,1,1
cp_tutorial_3d_monolayer,1,16,1791284986.0047781,414554,worker_0,W007,Threshold,step_completed,success,35.483870967741936,11,31
cp_tutorial_3d_monolayer,1,16,1791284986.0048013,414554,worker_0,W007,ImageMath,step_started,started,35.483870967741936,11,31
cp_tutorial_3d_monolayer,1,16,1791284986.0363824,414554,worker_0,W007,ImageMath,pattern_group,running,100.0,1,1
cp_tutorial_3d_monolayer,1,16,1791284986.0365374,414554,worker_0,W007,ImageMath,step_completed,success,38.70967741935484,12,31
cp_tutorial_3d_monolayer,1,16,1791284986.0365582,414554,worker_0,W007,RemoveHoles,step_started,started,38.70967741935484,12,31
cp_tutorial_3d_monolayer,1,16,1791284986.0841508,414554,worker_0,W007,RemoveHoles,pattern_group,running,100.0,1,1
cp_tutorial_3d_monolayer,1,16,1791284986.0843153,414554,worker_0,W007,RemoveHoles,step_completed,success,41.935483870967744,13,31
cp_tutorial_3d_monolayer,1,16,1791284986.0843384,414554,worker_0,W007,ImageMath,step_started,started,41.935483870967744,13,31
cp_tutorial_3d_monolayer,1,16,1791284986.3592982,414554,worker_0,W007,ImageMath,pattern_group,running,100.0,1,1
cp_tutorial_3d_monolayer,1,16,1791284986.3594415,414554,worker_0,W007,ImageMath,step_completed,success,45.16129032258064,14,31
cp_tutorial_3d_monolayer,1,16,1791284986.3594778,414554,worker_0,W007,Resize,step_started,started,45.16129032258064,14,31
cp_tutorial_3d_monolayer,1,16,1791284986.4209006,414554,worker_0,W007,Resize,pattern_group,running,100.0,1,1
cp_tutorial_3d_monolayer,1,16,1791284986.4210494,414554,worker_0,W007,Resize,step_completed,success,48.38709677419355,15,31
cp_tutorial_3d_monolayer,1,16,1791284986.4210708,414554,worker_0,W007,Closing,step_started,started,48.38709677419355,15,31
cp_tutorial_3d_monolayer,1,16,1791284986.4991927,414554,worker_0,W007,Closing,pattern_group,running,100.0,1,1
cp_tutorial_3d_monolayer,1,16,1791284986.4993474,414554,worker_0,W007,Closing,step_completed,success,51.61290322580645,16,31
cp_tutorial_3d_monolayer,1,16,1791284986.499368,414554,worker_0,W007,Resize,step_started,started,51.61290322580645,16,31
cp_tutorial_3d_monolayer,1,16,1791284986.5485568,414554,worker_0,W007,Resize,pattern_group,running,100.0,1,1
cp_tutorial_3d_monolayer,1,16,1791284986.5486987,414554,worker_0,W007,Resize,step_completed,success,54.83870967741935,17,31
cp_tutorial_3d_monolayer,1,16,1791284986.5487187,414554,worker_0,W007,Threshold,step_started,started,54.83870967741935,17,31
cp_tutorial_3d_monolayer,1,16,1791284986.7068608,414554,worker_0,W007,Threshold,pattern_group,running,100.0,1,1
cp_tutorial_3d_monolayer,1,16,1791284986.7071054,414554,worker_0,W007,Threshold,step_completed,success,58.06451612903226,18,31
cp_tutorial_3d_monolayer,1,16,1791284986.7071264,414554,worker_0,W007,MaskImage,step_started,started,58.06451612903226,18,31
cp_tutorial_3d_monolayer,1,16,1791284986.755128,414554,worker_0,W007,MaskImage,pattern_group,running,100.0,1,1
cp_tutorial_3d_monolayer,1,16,1791284986.7552903,414554,worker_0,W007,MaskImage,step_completed,success,61.29032258064516,19,31
cp_tutorial_3d_monolayer,1,16,1791284986.7553108,414554,worker_0,W007,ErodeImage,step_started,started,61.29032258064516,19,31
cp_tutorial_3d_monolayer,1,16,1791284986.825073,414554,worker_0,W007,ErodeImage,pattern_group,running,100.0,1,1
cp_tutorial_3d_monolayer,1,16,1791284986.8252108,414554,worker_0,W007,ErodeImage,step_completed,success,64.51612903225806,20,31
cp_tutorial_3d_monolayer,1,16,1791284986.8252366,414554,worker_0,W007,Watershed,step_started,started,64.51612903225806,20,31
cp_tutorial_3d_monolayer,1,16,1791284986.910565,414554,worker_0,W007,Watershed,pattern_group,running,100.0,1,1
cp_tutorial_3d_monolayer,1,16,1791284986.910962,414554,worker_0,W007,Watershed,step_completed,success,67.74193548387096,21,31
cp_tutorial_3d_monolayer,1,16,1791284986.910984,414554,worker_0,W007,MeasureObjectIntensity,step_started,started,67.74193548387096,21,31
cp_tutorial_3d_monolayer,1,16,1791284987.1511483,414554,worker_0,W007,MeasureObjectIntensity,pattern_group,running,50.0,1,2
cp_tutorial_3d_monolayer,1,16,1791284987.428448,414554,worker_0,W007,MeasureObjectIntensity,pattern_group,running,100.0,2,2
cp_tutorial_3d_monolayer,1,16,1791284987.4306617,414554,worker_0,W007,MeasureObjectIntensity,step_completed,success,70.96774193548387,22,31
cp_tutorial_3d_monolayer,1,16,1791284987.4306853,414554,worker_0,W007,MeasureObjectSizeShape,step_started,started,70.96774193548387,22,31
cp_tutorial_3d_monolayer,1,16,1791284987.5253093,414554,worker_0,W007,MeasureObjectSizeShape,pattern_group,running,50.0,1,2
cp_tutorial_3d_monolayer,1,16,1791284987.6194835,414554,worker_0,W007,MeasureObjectSizeShape,pattern_group,running,100.0,2,2
cp_tutorial_3d_monolayer,1,16,1791284987.620056,414554,worker_0,W007,MeasureObjectSizeShape,step_completed,success,74.19354838709677,23,31
cp_tutorial_3d_monolayer,1,16,1791284987.620078,414554,worker_0,W007,OverlayObjects,step_started,started,74.19354838709677,23,31
cp_tutorial_3d_monolayer,1,16,1791284987.640968,414554,worker_0,W007,OverlayObjects,pattern_group,running,100.0,1,1
cp_tutorial_3d_monolayer,1,16,1791284987.64152,414554,worker_0,W007,OverlayObjects,step_completed,success,77.41935483870968,24,31
cp_tutorial_3d_monolayer,1,16,1791284987.6417243,414554,worker_0,W007,RescaleIntensity,step_started,started,77.41935483870968,24,31
cp_tutorial_3d_monolayer,1,16,1791284987.7442346,414554,worker_0,W007,RescaleIntensity,pattern_group,running,100.0,1,1
cp_tutorial_3d_monolayer,1,16,1791284987.7446418,414554,worker_0,W007,RescaleIntensity,step_completed,success,80.64516129032258,25,31
cp_tutorial_3d_monolayer,1,16,1791284987.7446663,414554,worker_0,W007,OverlayObjects,step_started,started,80.64516129032258,25,31
cp_tutorial_3d_monolayer,1,16,1791284987.7641664,414554,worker_0,W007,OverlayObjects,pattern_group,running,100.0,1,1
cp_tutorial_3d_monolayer,1,16,1791284987.764272,414554,worker_0,W007,OverlayObjects,step_completed,success,83.87096774193549,26,31
cp_tutorial_3d_monolayer,1,16,1791284987.764294,414554,worker_0,W007,ConvertObjectsToImage,step_started,started,83.87096774193549,26,31
cp_tutorial_3d_monolayer,1,16,1791284987.7960246,414554,worker_0,W007,ConvertObjectsToImage,pattern_group,running,100.0,1,1
cp_tutorial_3d_monolayer,1,16,1791284987.7961745,414554,worker_0,W007,ConvertObjectsToImage,step_completed,success,87.09677419354838,27,31
cp_tutorial_3d_monolayer,1,16,1791284987.796197,414554,worker_0,W007,SaveImages,step_started,started,87.09677419354838,27,31
cp_tutorial_3d_monolayer,1,16,1791284987.845116,414554,worker_0,W007,SaveImages,pattern_group,running,100.0,1,1
cp_tutorial_3d_monolayer,1,16,1791284987.8532534,414554,worker_0,W007,SaveImages,step_completed,success,90.32258064516128,28,31
cp_tutorial_3d_monolayer,1,16,1791284987.8532994,414554,worker_0,W007,ConvertObjectsToImage,step_started,started,90.32258064516128,28,31
cp_tutorial_3d_monolayer,1,16,1791284987.886082,414554,worker_0,W007,ConvertObjectsToImage,pattern_group,running,100.0,1,1
cp_tutorial_3d_monolayer,1,16,1791284987.886267,414554,worker_0,W007,ConvertObjectsToImage,step_completed,success,93.54838709677419,29,31
cp_tutorial_3d_monolayer,1,16,1791284987.8862941,414554,worker_0,W007,SaveImages,step_started,started,93.54838709677419,29,31
cp_tutorial_3d_monolayer,1,16,1791284987.9358656,414554,worker_0,W007,SaveImages,pattern_group,running,100.0,1,1
cp_tutorial_3d_monolayer,1,16,1791284987.9429126,414554,worker_0,W007,SaveImages,step_completed,success,96.7741935483871,30,31
cp_tutorial_3d_monolayer,1,16,1791284987.9458554,414554,worker_0,W007,pipeline,axis_completed,success,96.7741935483871,30,31
cp_tutorial_3d_monolayer,1,16,1791284987.9459472,414554,worker_0,W008,pipeline,axis_started,started,0.0,0,31
cp_tutorial_3d_monolayer,1,16,1791284987.945987,414554,worker_0,W008,RescaleIntensity,step_started,started,0.0,0,31
cp_tutorial_3d_monolayer,1,16,1791284988.2284157,414554,worker_0,W008,RescaleIntensity,pattern_group,running,100.0,1,1
cp_tutorial_3d_monolayer,1,16,1791284988.2285674,414554,worker_0,W008,RescaleIntensity,step_completed,success,3.225806451612903,1,31
cp_tutorial_3d_monolayer,1,16,1791284988.228589,414554,worker_0,W008,Resize,step_started,started,3.225806451612903,1,31
cp_tutorial_3d_monolayer,1,16,1791284988.2837257,414554,worker_0,W008,Resize,pattern_group,running,100.0,1,1
cp_tutorial_3d_monolayer,1,16,1791284988.2838745,414554,worker_0,W008,Resize,step_completed,success,6.451612903225806,2,31
cp_tutorial_3d_monolayer,1,16,1791284988.2838972,414554,worker_0,W008,MedianFilter,step_started,started,6.451612903225806,2,31
cp_tutorial_3d_monolayer,1,16,1791284988.4491553,414554,worker_0,W008,MedianFilter,pattern_group,running,100.0,1,1
cp_tutorial_3d_monolayer,1,16,1791284988.4493008,414554,worker_0,W008,MedianFilter,step_completed,success,9.67741935483871,3,31
cp_tutorial_3d_monolayer,1,16,1791284988.4493215,414554,worker_0,W008,Threshold,step_started,started,9.67741935483871,3,31
cp_tutorial_3d_monolayer,1,16,1791284988.4862168,414554,worker_0,W008,Threshold,pattern_group,running,100.0,1,1
cp_tutorial_3d_monolayer,1,16,1791284988.4864676,414554,worker_0,W008,Threshold,step_completed,success,12.903225806451612,4,31
cp_tutorial_3d_monolayer,1,16,1791284988.4864893,414554,worker_0,W008,RemoveHoles,step_started,started,12.903225806451612,4,31
cp_tutorial_3d_monolayer,1,16,1791284988.5034375,414554,worker_0,W008,RemoveHoles,pattern_group,running,100.0,1,1
cp_tutorial_3d_monolayer,1,16,1791284988.5035787,414554,worker_0,W008,RemoveHoles,step_completed,success,16.129032258064516,5,31
cp_tutorial_3d_monolayer,1,16,1791284988.5035985,414554,worker_0,W008,Watershed,step_started,started,16.129032258064516,5,31
cp_tutorial_3d_monolayer,1,16,1791284988.5912595,414554,worker_0,W008,Watershed,pattern_group,running,100.0,1,1
cp_tutorial_3d_monolayer,1,16,1791284988.5916448,414554,worker_0,W008,Watershed,step_completed,success,19.35483870967742,6,31
cp_tutorial_3d_monolayer,1,16,1791284988.5916653,414554,worker_0,W008,ResizeObjects,step_started,started,19.35483870967742,6,31
cp_tutorial_3d_monolayer,1,16,1791284988.6189888,414554,worker_0,W008,ResizeObjects,pattern_group,running,100.0,1,1
cp_tutorial_3d_monolayer,1,16,1791284988.619475,414554,worker_0,W008,ResizeObjects,step_completed,success,22.58064516129032,7,31
cp_tutorial_3d_monolayer,1,16,1791284988.6194983,414554,worker_0,W008,ErodeObjects,step_started,started,22.58064516129032,7,31
cp_tutorial_3d_monolayer,1,16,1791284988.6767697,414554,worker_0,W008,ErodeObjects,pattern_group,running,100.0,1,1
cp_tutorial_3d_monolayer,1,16,1791284988.6772425,414554,worker_0,W008,ErodeObjects,step_completed,success,25.806451612903224,8,31
cp_tutorial_3d_monolayer,1,16,1791284988.677266,414554,worker_0,W008,ResizeObjects,step_started,started,25.806451612903224,8,31
cp_tutorial_3d_monolayer,1,16,1791284988.7014997,414554,worker_0,W008,ResizeObjects,pattern_group,running,100.0,1,1
cp_tutorial_3d_monolayer,1,16,1791284988.701965,414554,worker_0,W008,ResizeObjects,step_completed,success,29.03225806451613,9,31
cp_tutorial_3d_monolayer,1,16,1791284988.7019906,414554,worker_0,W008,ConvertObjectsToImage,step_started,started,29.03225806451613,9,31
cp_tutorial_3d_monolayer,1,16,1791284988.7239072,414554,worker_0,W008,ConvertObjectsToImage,pattern_group,running,100.0,1,1
cp_tutorial_3d_monolayer,1,16,1791284988.7240546,414554,worker_0,W008,ConvertObjectsToImage,step_completed,success,32.25806451612903,10,31
cp_tutorial_3d_monolayer,1,16,1791284988.7240772,414554,worker_0,W008,Threshold,step_started,started,32.25806451612903,10,31
cp_tutorial_3d_monolayer,1,16,1791284988.9134426,414554,worker_0,W008,Threshold,pattern_group,running,100.0,1,1
cp_tutorial_3d_monolayer,1,16,1791284988.9136953,414554,worker_0,W008,Threshold,step_completed,success,35.483870967741936,11,31
cp_tutorial_3d_monolayer,1,16,1791284988.913718,414554,worker_0,W008,ImageMath,step_started,started,35.483870967741936,11,31
cp_tutorial_3d_monolayer,1,16,1791284988.9491613,414554,worker_0,W008,ImageMath,pattern_group,running,100.0,1,1
cp_tutorial_3d_monolayer,1,16,1791284988.949365,414554,worker_0,W008,ImageMath,step_completed,success,38.70967741935484,12,31
cp_tutorial_3d_monolayer,1,16,1791284988.9493876,414554,worker_0,W008,RemoveHoles,step_started,started,38.70967741935484,12,31
cp_tutorial_3d_monolayer,1,16,1791284988.994823,414554,worker_0,W008,RemoveHoles,pattern_group,running,100.0,1,1
cp_tutorial_3d_monolayer,1,16,1791284988.9949684,414554,worker_0,W008,RemoveHoles,step_completed,success,41.935483870967744,13,31
cp_tutorial_3d_monolayer,1,16,1791284988.9949894,414554,worker_0,W008,ImageMath,step_started,started,41.935483870967744,13,31
cp_tutorial_3d_monolayer,1,16,1791284989.2695284,414554,worker_0,W008,ImageMath,pattern_group,running,100.0,1,1
cp_tutorial_3d_monolayer,1,16,1791284989.2696807,414554,worker_0,W008,ImageMath,step_completed,success,45.16129032258064,14,31
cp_tutorial_3d_monolayer,1,16,1791284989.2697022,414554,worker_0,W008,Resize,step_started,started,45.16129032258064,14,31
cp_tutorial_3d_monolayer,1,16,1791284989.3313339,414554,worker_0,W008,Resize,pattern_group,running,100.0,1,1
cp_tutorial_3d_monolayer,1,16,1791284989.3314805,414554,worker_0,W008,Resize,step_completed,success,48.38709677419355,15,31
cp_tutorial_3d_monolayer,1,16,1791284989.3315015,414554,worker_0,W008,Closing,step_started,started,48.38709677419355,15,31
cp_tutorial_3d_monolayer,1,16,1791284989.4107091,414554,worker_0,W008,Closing,pattern_group,running,100.0,1,1
cp_tutorial_3d_monolayer,1,16,1791284989.4108536,414554,worker_0,W008,Closing,step_completed,success,51.61290322580645,16,31
cp_tutorial_3d_monolayer,1,16,1791284989.4108746,414554,worker_0,W008,Resize,step_started,started,51.61290322580645,16,31
cp_tutorial_3d_monolayer,1,16,1791284989.4592962,414554,worker_0,W008,Resize,pattern_group,running,100.0,1,1
cp_tutorial_3d_monolayer,1,16,1791284989.4594362,414554,worker_0,W008,Resize,step_completed,success,54.83870967741935,17,31
cp_tutorial_3d_monolayer,1,16,1791284989.4594557,414554,worker_0,W008,Threshold,step_started,started,54.83870967741935,17,31
cp_tutorial_3d_monolayer,1,16,1791284989.6142354,414554,worker_0,W008,Threshold,pattern_group,running,100.0,1,1
cp_tutorial_3d_monolayer,1,16,1791284989.6144729,414554,worker_0,W008,Threshold,step_completed,success,58.06451612903226,18,31
cp_tutorial_3d_monolayer,1,16,1791284989.6144936,414554,worker_0,W008,MaskImage,step_started,started,58.06451612903226,18,31
cp_tutorial_3d_monolayer,1,16,1791284989.6577168,414554,worker_0,W008,MaskImage,pattern_group,running,100.0,1,1
cp_tutorial_3d_monolayer,1,16,1791284989.657866,414554,worker_0,W008,MaskImage,step_completed,success,61.29032258064516,19,31
cp_tutorial_3d_monolayer,1,16,1791284989.657887,414554,worker_0,W008,ErodeImage,step_started,started,61.29032258064516,19,31
cp_tutorial_3d_monolayer,1,16,1791284989.6890476,414554,worker_0,W008,ErodeImage,pattern_group,running,100.0,1,1
cp_tutorial_3d_monolayer,1,16,1791284989.6891952,414554,worker_0,W008,ErodeImage,step_completed,success,64.51612903225806,20,31
cp_tutorial_3d_monolayer,1,16,1791284989.6892166,414554,worker_0,W008,Watershed,step_started,started,64.51612903225806,20,31
cp_tutorial_3d_monolayer,1,16,1791284989.771529,414554,worker_0,W008,Watershed,pattern_group,running,100.0,1,1
cp_tutorial_3d_monolayer,1,16,1791284989.7719197,414554,worker_0,W008,Watershed,step_completed,success,67.74193548387096,21,31
cp_tutorial_3d_monolayer,1,16,1791284989.7719412,414554,worker_0,W008,MeasureObjectIntensity,step_started,started,67.74193548387096,21,31
cp_tutorial_3d_monolayer,1,16,1791284990.0067422,414554,worker_0,W008,MeasureObjectIntensity,pattern_group,running,50.0,1,2
cp_tutorial_3d_monolayer,1,16,1791284990.27782,414554,worker_0,W008,MeasureObjectIntensity,pattern_group,running,100.0,2,2
cp_tutorial_3d_monolayer,1,16,1791284990.2800164,414554,worker_0,W008,MeasureObjectIntensity,step_completed,success,70.96774193548387,22,31
cp_tutorial_3d_monolayer,1,16,1791284990.2800393,414554,worker_0,W008,MeasureObjectSizeShape,step_started,started,70.96774193548387,22,31
cp_tutorial_3d_monolayer,1,16,1791284990.3776722,414554,worker_0,W008,MeasureObjectSizeShape,pattern_group,running,50.0,1,2
cp_tutorial_3d_monolayer,1,16,1791284990.4722288,414554,worker_0,W008,MeasureObjectSizeShape,pattern_group,running,100.0,2,2
cp_tutorial_3d_monolayer,1,16,1791284990.472803,414554,worker_0,W008,MeasureObjectSizeShape,step_completed,success,74.19354838709677,23,31
cp_tutorial_3d_monolayer,1,16,1791284990.4728253,414554,worker_0,W008,OverlayObjects,step_started,started,74.19354838709677,23,31
cp_tutorial_3d_monolayer,1,16,1791284990.4983792,414554,worker_0,W008,OverlayObjects,pattern_group,running,100.0,1,1
cp_tutorial_3d_monolayer,1,16,1791284990.498499,414554,worker_0,W008,OverlayObjects,step_completed,success,77.41935483870968,24,31
cp_tutorial_3d_monolayer,1,16,1791284990.4985197,414554,worker_0,W008,RescaleIntensity,step_started,started,77.41935483870968,24,31
cp_tutorial_3d_monolayer,1,16,1791284990.6005173,414554,worker_0,W008,RescaleIntensity,pattern_group,running,100.0,1,1
cp_tutorial_3d_monolayer,1,16,1791284990.6006644,414554,worker_0,W008,RescaleIntensity,step_completed,success,80.64516129032258,25,31
cp_tutorial_3d_monolayer,1,16,1791284990.6006851,414554,worker_0,W008,OverlayObjects,step_started,started,80.64516129032258,25,31
cp_tutorial_3d_monolayer,1,16,1791284990.6221852,414554,worker_0,W008,OverlayObjects,pattern_group,running,100.0,1,1
cp_tutorial_3d_monolayer,1,16,1791284990.6223,414554,worker_0,W008,OverlayObjects,step_completed,success,83.87096774193549,26,31
cp_tutorial_3d_monolayer,1,16,1791284990.6223202,414554,worker_0,W008,ConvertObjectsToImage,step_started,started,83.87096774193549,26,31
cp_tutorial_3d_monolayer,1,16,1791284990.6564536,414554,worker_0,W008,ConvertObjectsToImage,pattern_group,running,100.0,1,1
cp_tutorial_3d_monolayer,1,16,1791284990.6566036,414554,worker_0,W008,ConvertObjectsToImage,step_completed,success,87.09677419354838,27,31
cp_tutorial_3d_monolayer,1,16,1791284990.6566262,414554,worker_0,W008,SaveImages,step_started,started,87.09677419354838,27,31
cp_tutorial_3d_monolayer,1,16,1791284990.7054887,414554,worker_0,W008,SaveImages,pattern_group,running,100.0,1,1
cp_tutorial_3d_monolayer,1,16,1791284990.7125788,414554,worker_0,W008,SaveImages,step_completed,success,90.32258064516128,28,31
cp_tutorial_3d_monolayer,1,16,1791284990.7126184,414554,worker_0,W008,ConvertObjectsToImage,step_started,started,90.32258064516128,28,31
cp_tutorial_3d_monolayer,1,16,1791284990.7452278,414554,worker_0,W008,ConvertObjectsToImage,pattern_group,running,100.0,1,1
cp_tutorial_3d_monolayer,1,16,1791284990.745411,414554,worker_0,W008,ConvertObjectsToImage,step_completed,success,93.54838709677419,29,31
cp_tutorial_3d_monolayer,1,16,1791284990.745432,414554,worker_0,W008,SaveImages,step_started,started,93.54838709677419,29,31
cp_tutorial_3d_monolayer,1,16,1791284990.7943327,414554,worker_0,W008,SaveImages,pattern_group,running,100.0,1,1
cp_tutorial_3d_monolayer,1,16,1791284990.8014333,414554,worker_0,W008,SaveImages,step_completed,success,96.7741935483871,30,31
cp_tutorial_3d_monolayer,1,16,1791284990.8034909,414554,worker_0,W008,pipeline,axis_completed,success,96.7741935483871,30,31
cp_tutorial_3d_monolayer,1,16,1791284990.8035603,414554,worker_0,W009,pipeline,axis_started,started,0.0,0,31
cp_tutorial_3d_monolayer,1,16,1791284990.8035915,414554,worker_0,W009,RescaleIntensity,step_started,started,0.0,0,31
cp_tutorial_3d_monolayer,1,16,1791284991.2251556,414554,worker_0,W009,RescaleIntensity,pattern_group,running,100.0,1,1
cp_tutorial_3d_monolayer,1,16,1791284991.2253225,414554,worker_0,W009,RescaleIntensity,step_completed,success,3.225806451612903,1,31
cp_tutorial_3d_monolayer,1,16,1791284991.2253506,414554,worker_0,W009,Resize,step_started,started,3.225806451612903,1,31
cp_tutorial_3d_monolayer,1,16,1791284991.282131,414554,worker_0,W009,Resize,pattern_group,running,100.0,1,1
cp_tutorial_3d_monolayer,1,16,1791284991.2822847,414554,worker_0,W009,Resize,step_completed,success,6.451612903225806,2,31
cp_tutorial_3d_monolayer,1,16,1791284991.2823067,414554,worker_0,W009,MedianFilter,step_started,started,6.451612903225806,2,31
cp_tutorial_3d_monolayer,1,16,1791284991.44787,414554,worker_0,W009,MedianFilter,pattern_group,running,100.0,1,1
cp_tutorial_3d_monolayer,1,16,1791284991.4480104,414554,worker_0,W009,MedianFilter,step_completed,success,9.67741935483871,3,31
cp_tutorial_3d_monolayer,1,16,1791284991.4480307,414554,worker_0,W009,Threshold,step_started,started,9.67741935483871,3,31
cp_tutorial_3d_monolayer,1,16,1791284991.4855444,414554,worker_0,W009,Threshold,pattern_group,running,100.0,1,1
cp_tutorial_3d_monolayer,1,16,1791284991.485801,414554,worker_0,W009,Threshold,step_completed,success,12.903225806451612,4,31
cp_tutorial_3d_monolayer,1,16,1791284991.485823,414554,worker_0,W009,RemoveHoles,step_started,started,12.903225806451612,4,31
cp_tutorial_3d_monolayer,1,16,1791284991.5037344,414554,worker_0,W009,RemoveHoles,pattern_group,running,100.0,1,1
cp_tutorial_3d_monolayer,1,16,1791284991.5038679,414554,worker_0,W009,RemoveHoles,step_completed,success,16.129032258064516,5,31
cp_tutorial_3d_monolayer,1,16,1791284991.5038888,414554,worker_0,W009,Watershed,step_started,started,16.129032258064516,5,31
cp_tutorial_3d_monolayer,1,16,1791284991.5913658,414554,worker_0,W009,Watershed,pattern_group,running,100.0,1,1
cp_tutorial_3d_monolayer,1,16,1791284991.5917509,414554,worker_0,W009,Watershed,step_completed,success,19.35483870967742,6,31
cp_tutorial_3d_monolayer,1,16,1791284991.591771,414554,worker_0,W009,ResizeObjects,step_started,started,19.35483870967742,6,31
cp_tutorial_3d_monolayer,1,16,1791284991.6195529,414554,worker_0,W009,ResizeObjects,pattern_group,running,100.0,1,1
cp_tutorial_3d_monolayer,1,16,1791284991.6200202,414554,worker_0,W009,ResizeObjects,step_completed,success,22.58064516129032,7,31
cp_tutorial_3d_monolayer,1,16,1791284991.6200428,414554,worker_0,W009,ErodeObjects,step_started,started,22.58064516129032,7,31
cp_tutorial_3d_monolayer,1,16,1791284991.6788228,414554,worker_0,W009,ErodeObjects,pattern_group,running,100.0,1,1
cp_tutorial_3d_monolayer,1,16,1791284991.6793058,414554,worker_0,W009,ErodeObjects,step_completed,success,25.806451612903224,8,31
cp_tutorial_3d_monolayer,1,16,1791284991.6793318,414554,worker_0,W009,ResizeObjects,step_started,started,25.806451612903224,8,31
cp_tutorial_3d_monolayer,1,16,1791284991.703328,414554,worker_0,W009,ResizeObjects,pattern_group,running,100.0,1,1
cp_tutorial_3d_monolayer,1,16,1791284991.7038016,414554,worker_0,W009,ResizeObjects,step_completed,success,29.03225806451613,9,31
cp_tutorial_3d_monolayer,1,16,1791284991.703827,414554,worker_0,W009,ConvertObjectsToImage,step_started,started,29.03225806451613,9,31
cp_tutorial_3d_monolayer,1,16,1791284991.7249076,414554,worker_0,W009,ConvertObjectsToImage,pattern_group,running,100.0,1,1
cp_tutorial_3d_monolayer,1,16,1791284991.725058,414554,worker_0,W009,ConvertObjectsToImage,step_completed,success,32.25806451612903,10,31
cp_tutorial_3d_monolayer,1,16,1791284991.725079,414554,worker_0,W009,Threshold,step_started,started,32.25806451612903,10,31
cp_tutorial_3d_monolayer,1,16,1791284991.9167938,414554,worker_0,W009,Threshold,pattern_group,running,100.0,1,1
cp_tutorial_3d_monolayer,1,16,1791284991.9170513,414554,worker_0,W009,Threshold,step_completed,success,35.483870967741936,11,31
cp_tutorial_3d_monolayer,1,16,1791284991.9170744,414554,worker_0,W009,ImageMath,step_started,started,35.483870967741936,11,31
cp_tutorial_3d_monolayer,1,16,1791284991.950351,414554,worker_0,W009,ImageMath,pattern_group,running,100.0,1,1
cp_tutorial_3d_monolayer,1,16,1791284991.9505084,414554,worker_0,W009,ImageMath,step_completed,success,38.70967741935484,12,31
cp_tutorial_3d_monolayer,1,16,1791284991.95053,414554,worker_0,W009,RemoveHoles,step_started,started,38.70967741935484,12,31
cp_tutorial_3d_monolayer,1,16,1791284991.9983923,414554,worker_0,W009,RemoveHoles,pattern_group,running,100.0,1,1
cp_tutorial_3d_monolayer,1,16,1791284991.9985363,414554,worker_0,W009,RemoveHoles,step_completed,success,41.935483870967744,13,31
cp_tutorial_3d_monolayer,1,16,1791284991.9985583,414554,worker_0,W009,ImageMath,step_started,started,41.935483870967744,13,31
cp_tutorial_3d_monolayer,1,16,1791284992.2808459,414554,worker_0,W009,ImageMath,pattern_group,running,100.0,1,1
cp_tutorial_3d_monolayer,1,16,1791284992.2810001,414554,worker_0,W009,ImageMath,step_completed,success,45.16129032258064,14,31
cp_tutorial_3d_monolayer,1,16,1791284992.2810223,414554,worker_0,W009,Resize,step_started,started,45.16129032258064,14,31
cp_tutorial_3d_monolayer,1,16,1791284992.3452675,414554,worker_0,W009,Resize,pattern_group,running,100.0,1,1
cp_tutorial_3d_monolayer,1,16,1791284992.3454201,414554,worker_0,W009,Resize,step_completed,success,48.38709677419355,15,31
cp_tutorial_3d_monolayer,1,16,1791284992.34544,414554,worker_0,W009,Closing,step_started,started,48.38709677419355,15,31
cp_tutorial_3d_monolayer,1,16,1791284992.423673,414554,worker_0,W009,Closing,pattern_group,running,100.0,1,1
cp_tutorial_3d_monolayer,1,16,1791284992.4238088,414554,worker_0,W009,Closing,step_completed,success,51.61290322580645,16,31
cp_tutorial_3d_monolayer,1,16,1791284992.4238293,414554,worker_0,W009,Resize,step_started,started,51.61290322580645,16,31
cp_tutorial_3d_monolayer,1,16,1791284992.4719956,414554,worker_0,W009,Resize,pattern_group,running,100.0,1,1
cp_tutorial_3d_monolayer,1,16,1791284992.4721363,414554,worker_0,W009,Resize,step_completed,success,54.83870967741935,17,31
cp_tutorial_3d_monolayer,1,16,1791284992.4721565,414554,worker_0,W009,Threshold,step_started,started,54.83870967741935,17,31
cp_tutorial_3d_monolayer,1,16,1791284992.626457,414554,worker_0,W009,Threshold,pattern_group,running,100.0,1,1
cp_tutorial_3d_monolayer,1,16,1791284992.626699,414554,worker_0,W009,Threshold,step_completed,success,58.06451612903226,18,31
cp_tutorial_3d_monolayer,1,16,1791284992.6267202,414554,worker_0,W009,MaskImage,step_started,started,58.06451612903226,18,31
cp_tutorial_3d_monolayer,1,16,1791284992.6723127,414554,worker_0,W009,MaskImage,pattern_group,running,100.0,1,1
cp_tutorial_3d_monolayer,1,16,1791284992.6724699,414554,worker_0,W009,MaskImage,step_completed,success,61.29032258064516,19,31
cp_tutorial_3d_monolayer,1,16,1791284992.6724908,414554,worker_0,W009,ErodeImage,step_started,started,61.29032258064516,19,31
cp_tutorial_3d_monolayer,1,16,1791284992.7423944,414554,worker_0,W009,ErodeImage,pattern_group,running,100.0,1,1
cp_tutorial_3d_monolayer,1,16,1791284992.7425323,414554,worker_0,W009,ErodeImage,step_completed,success,64.51612903225806,20,31
cp_tutorial_3d_monolayer,1,16,1791284992.7425516,414554,worker_0,W009,Watershed,step_started,started,64.51612903225806,20,31
cp_tutorial_3d_monolayer,1,16,1791284992.8259957,414554,worker_0,W009,Watershed,pattern_group,running,100.0,1,1
cp_tutorial_3d_monolayer,1,16,1791284992.8263915,414554,worker_0,W009,Watershed,step_completed,success,67.74193548387096,21,31
cp_tutorial_3d_monolayer,1,16,1791284992.826413,414554,worker_0,W009,MeasureObjectIntensity,step_started,started,67.74193548387096,21,31
cp_tutorial_3d_monolayer,1,16,1791284993.0615566,414554,worker_0,W009,MeasureObjectIntensity,pattern_group,running,50.0,1,2
cp_tutorial_3d_monolayer,1,16,1791284993.3368747,414554,worker_0,W009,MeasureObjectIntensity,pattern_group,running,100.0,2,2
cp_tutorial_3d_monolayer,1,16,1791284993.3390822,414554,worker_0,W009,MeasureObjectIntensity,step_completed,success,70.96774193548387,22,31
cp_tutorial_3d_monolayer,1,16,1791284993.3391063,414554,worker_0,W009,MeasureObjectSizeShape,step_started,started,70.96774193548387,22,31
cp_tutorial_3d_monolayer,1,16,1791284993.435985,414554,worker_0,W009,MeasureObjectSizeShape,pattern_group,running,50.0,1,2
cp_tutorial_3d_monolayer,1,16,1791284993.5305848,414554,worker_0,W009,MeasureObjectSizeShape,pattern_group,running,100.0,2,2
cp_tutorial_3d_monolayer,1,16,1791284993.5311608,414554,worker_0,W009,MeasureObjectSizeShape,step_completed,success,74.19354838709677,23,31
cp_tutorial_3d_monolayer,1,16,1791284993.5311828,414554,worker_0,W009,OverlayObjects,step_started,started,74.19354838709677,23,31
cp_tutorial_3d_monolayer,1,16,1791284993.5568585,414554,worker_0,W009,OverlayObjects,pattern_group,running,100.0,1,1
cp_tutorial_3d_monolayer,1,16,1791284993.5569782,414554,worker_0,W009,OverlayObjects,step_completed,success,77.41935483870968,24,31
cp_tutorial_3d_monolayer,1,16,1791284993.5569997,414554,worker_0,W009,RescaleIntensity,step_started,started,77.41935483870968,24,31
cp_tutorial_3d_monolayer,1,16,1791284993.6622922,414554,worker_0,W009,RescaleIntensity,pattern_group,running,100.0,1,1
cp_tutorial_3d_monolayer,1,16,1791284993.662438,414554,worker_0,W009,RescaleIntensity,step_completed,success,80.64516129032258,25,31
cp_tutorial_3d_monolayer,1,16,1791284993.6624582,414554,worker_0,W009,OverlayObjects,step_started,started,80.64516129032258,25,31
cp_tutorial_3d_monolayer,1,16,1791284993.6846645,414554,worker_0,W009,OverlayObjects,pattern_group,running,100.0,1,1
cp_tutorial_3d_monolayer,1,16,1791284993.6847696,414554,worker_0,W009,OverlayObjects,step_completed,success,83.87096774193549,26,31
cp_tutorial_3d_monolayer,1,16,1791284993.6847904,414554,worker_0,W009,ConvertObjectsToImage,step_started,started,83.87096774193549,26,31
cp_tutorial_3d_monolayer,1,16,1791284993.717652,414554,worker_0,W009,ConvertObjectsToImage,pattern_group,running,100.0,1,1
cp_tutorial_3d_monolayer,1,16,1791284993.717807,414554,worker_0,W009,ConvertObjectsToImage,step_completed,success,87.09677419354838,27,31
cp_tutorial_3d_monolayer,1,16,1791284993.7178292,414554,worker_0,W009,SaveImages,step_started,started,87.09677419354838,27,31
cp_tutorial_3d_monolayer,1,16,1791284993.7673516,414554,worker_0,W009,SaveImages,pattern_group,running,100.0,1,1
cp_tutorial_3d_monolayer,1,16,1791284993.7761405,414554,worker_0,W009,SaveImages,step_completed,success,90.32258064516128,28,31
cp_tutorial_3d_monolayer,1,16,1791284993.7761838,414554,worker_0,W009,ConvertObjectsToImage,step_started,started,90.32258064516128,28,31
cp_tutorial_3d_monolayer,1,16,1791284993.8094525,414554,worker_0,W009,ConvertObjectsToImage,pattern_group,running,100.0,1,1
cp_tutorial_3d_monolayer,1,16,1791284993.8096333,414554,worker_0,W009,ConvertObjectsToImage,step_completed,success,93.54838709677419,29,31
cp_tutorial_3d_monolayer,1,16,1791284993.8096561,414554,worker_0,W009,SaveImages,step_started,started,93.54838709677419,29,31
cp_tutorial_3d_monolayer,1,16,1791284993.8601937,414554,worker_0,W009,SaveImages,pattern_group,running,100.0,1,1
cp_tutorial_3d_monolayer,1,16,1791284993.8670166,414554,worker_0,W009,SaveImages,step_completed,success,96.7741935483871,30,31
cp_tutorial_3d_monolayer,1,16,1791284993.8692403,414554,worker_0,W009,pipeline,axis_completed,success,96.7741935483871,30,31
cp_tutorial_3d_monolayer,1,16,1791284993.8693192,414554,worker_0,W010,pipeline,axis_started,started,0.0,0,31
cp_tutorial_3d_monolayer,1,16,1791284993.8693528,414554,worker_0,W010,RescaleIntensity,step_started,started,0.0,0,31
cp_tutorial_3d_monolayer,1,16,1791284994.1607234,414554,worker_0,W010,RescaleIntensity,pattern_group,running,100.0,1,1
cp_tutorial_3d_monolayer,1,16,1791284994.160872,414554,worker_0,W010,RescaleIntensity,step_completed,success,3.225806451612903,1,31
cp_tutorial_3d_monolayer,1,16,1791284994.1608937,414554,worker_0,W010,Resize,step_started,started,3.225806451612903,1,31
cp_tutorial_3d_monolayer,1,16,1791284994.2172024,414554,worker_0,W010,Resize,pattern_group,running,100.0,1,1
cp_tutorial_3d_monolayer,1,16,1791284994.2173595,414554,worker_0,W010,Resize,step_completed,success,6.451612903225806,2,31
cp_tutorial_3d_monolayer,1,16,1791284994.217384,414554,worker_0,W010,MedianFilter,step_started,started,6.451612903225806,2,31
cp_tutorial_3d_monolayer,1,16,1791284994.3837433,414554,worker_0,W010,MedianFilter,pattern_group,running,100.0,1,1
cp_tutorial_3d_monolayer,1,16,1791284994.383884,414554,worker_0,W010,MedianFilter,step_completed,success,9.67741935483871,3,31
cp_tutorial_3d_monolayer,1,16,1791284994.3839037,414554,worker_0,W010,Threshold,step_started,started,9.67741935483871,3,31
cp_tutorial_3d_monolayer,1,16,1791284994.4213943,414554,worker_0,W010,Threshold,pattern_group,running,100.0,1,1
cp_tutorial_3d_monolayer,1,16,1791284994.4217117,414554,worker_0,W010,Threshold,step_completed,success,12.903225806451612,4,31
cp_tutorial_3d_monolayer,1,16,1791284994.4219182,414554,worker_0,W010,RemoveHoles,step_started,started,12.903225806451612,4,31
cp_tutorial_3d_monolayer,1,16,1791284994.4387937,414554,worker_0,W010,RemoveHoles,pattern_group,running,100.0,1,1
cp_tutorial_3d_monolayer,1,16,1791284994.4389453,414554,worker_0,W010,RemoveHoles,step_completed,success,16.129032258064516,5,31
cp_tutorial_3d_monolayer,1,16,1791284994.438966,414554,worker_0,W010,Watershed,step_started,started,16.129032258064516,5,31
cp_tutorial_3d_monolayer,1,16,1791284994.5270593,414554,worker_0,W010,Watershed,pattern_group,running,100.0,1,1
cp_tutorial_3d_monolayer,1,16,1791284994.527449,414554,worker_0,W010,Watershed,step_completed,success,19.35483870967742,6,31
cp_tutorial_3d_monolayer,1,16,1791284994.52747,414554,worker_0,W010,ResizeObjects,step_started,started,19.35483870967742,6,31
cp_tutorial_3d_monolayer,1,16,1791284994.5549524,414554,worker_0,W010,ResizeObjects,pattern_group,running,100.0,1,1
cp_tutorial_3d_monolayer,1,16,1791284994.555438,414554,worker_0,W010,ResizeObjects,step_completed,success,22.58064516129032,7,31
cp_tutorial_3d_monolayer,1,16,1791284994.555461,414554,worker_0,W010,ErodeObjects,step_started,started,22.58064516129032,7,31
cp_tutorial_3d_monolayer,1,16,1791284994.6125216,414554,worker_0,W010,ErodeObjects,pattern_group,running,100.0,1,1
cp_tutorial_3d_monolayer,1,16,1791284994.6129813,414554,worker_0,W010,ErodeObjects,step_completed,success,25.806451612903224,8,31
cp_tutorial_3d_monolayer,1,16,1791284994.6130023,414554,worker_0,W010,ResizeObjects,step_started,started,25.806451612903224,8,31
cp_tutorial_3d_monolayer,1,16,1791284994.6370492,414554,worker_0,W010,ResizeObjects,pattern_group,running,100.0,1,1
cp_tutorial_3d_monolayer,1,16,1791284994.637526,414554,worker_0,W010,ResizeObjects,step_completed,success,29.03225806451613,9,31
cp_tutorial_3d_monolayer,1,16,1791284994.637548,414554,worker_0,W010,ConvertObjectsToImage,step_started,started,29.03225806451613,9,31
cp_tutorial_3d_monolayer,1,16,1791284994.659077,414554,worker_0,W010,ConvertObjectsToImage,pattern_group,running,100.0,1,1
cp_tutorial_3d_monolayer,1,16,1791284994.659233,414554,worker_0,W010,ConvertObjectsToImage,step_completed,success,32.25806451612903,10,31
cp_tutorial_3d_monolayer,1,16,1791284994.6592548,414554,worker_0,W010,Threshold,step_started,started,32.25806451612903,10,31
cp_tutorial_3d_monolayer,1,16,1791284994.8513825,414554,worker_0,W010,Threshold,pattern_group,running,100.0,1,1
cp_tutorial_3d_monolayer,1,16,1791284994.851638,414554,worker_0,W010,Threshold,step_completed,success,35.483870967741936,11,31
cp_tutorial_3d_monolayer,1,16,1791284994.8516626,414554,worker_0,W010,ImageMath,step_started,started,35.483870967741936,11,31
cp_tutorial_3d_monolayer,1,16,1791284994.883758,414554,worker_0,W010,ImageMath,pattern_group,running,100.0,1,1
cp_tutorial_3d_monolayer,1,16,1791284994.8839154,414554,worker_0,W010,ImageMath,step_completed,success,38.70967741935484,12,31
cp_tutorial_3d_monolayer,1,16,1791284994.8839364,414554,worker_0,W010,RemoveHoles,step_started,started,38.70967741935484,12,31
cp_tutorial_3d_monolayer,1,16,1791284994.931647,414554,worker_0,W010,RemoveHoles,pattern_group,running,100.0,1,1
cp_tutorial_3d_monolayer,1,16,1791284994.9318016,414554,worker_0,W010,RemoveHoles,step_completed,success,41.935483870967744,13,31
cp_tutorial_3d_monolayer,1,16,1791284994.9318247,414554,worker_0,W010,ImageMath,step_started,started,41.935483870967744,13,31
cp_tutorial_3d_monolayer,1,16,1791284995.2141297,414554,worker_0,W010,ImageMath,pattern_group,running,100.0,1,1
cp_tutorial_3d_monolayer,1,16,1791284995.2142856,414554,worker_0,W010,ImageMath,step_completed,success,45.16129032258064,14,31
cp_tutorial_3d_monolayer,1,16,1791284995.2143154,414554,worker_0,W010,Resize,step_started,started,45.16129032258064,14,31
cp_tutorial_3d_monolayer,1,16,1791284995.2754588,414554,worker_0,W010,Resize,pattern_group,running,100.0,1,1
cp_tutorial_3d_monolayer,1,16,1791284995.2756016,414554,worker_0,W010,Resize,step_completed,success,48.38709677419355,15,31
cp_tutorial_3d_monolayer,1,16,1791284995.2756212,414554,worker_0,W010,Closing,step_started,started,48.38709677419355,15,31
cp_tutorial_3d_monolayer,1,16,1791284995.3553996,414554,worker_0,W010,Closing,pattern_group,running,100.0,1,1
cp_tutorial_3d_monolayer,1,16,1791284995.3555443,414554,worker_0,W010,Closing,step_completed,success,51.61290322580645,16,31
cp_tutorial_3d_monolayer,1,16,1791284995.3555655,414554,worker_0,W010,Resize,step_started,started,51.61290322580645,16,31
cp_tutorial_3d_monolayer,1,16,1791284995.40456,414554,worker_0,W010,Resize,pattern_group,running,100.0,1,1
cp_tutorial_3d_monolayer,1,16,1791284995.4046993,414554,worker_0,W010,Resize,step_completed,success,54.83870967741935,17,31
cp_tutorial_3d_monolayer,1,16,1791284995.4047198,414554,worker_0,W010,Threshold,step_started,started,54.83870967741935,17,31
cp_tutorial_3d_monolayer,1,16,1791284995.5590506,414554,worker_0,W010,Threshold,pattern_group,running,100.0,1,1
cp_tutorial_3d_monolayer,1,16,1791284995.5593028,414554,worker_0,W010,Threshold,step_completed,success,58.06451612903226,18,31
cp_tutorial_3d_monolayer,1,16,1791284995.5593238,414554,worker_0,W010,MaskImage,step_started,started,58.06451612903226,18,31
cp_tutorial_3d_monolayer,1,16,1791284995.6063607,414554,worker_0,W010,MaskImage,pattern_group,running,100.0,1,1
cp_tutorial_3d_monolayer,1,16,1791284995.606516,414554,worker_0,W010,MaskImage,step_completed,success,61.29032258064516,19,31
cp_tutorial_3d_monolayer,1,16,1791284995.6065369,414554,worker_0,W010,ErodeImage,step_started,started,61.29032258064516,19,31
cp_tutorial_3d_monolayer,1,16,1791284995.6761851,414554,worker_0,W010,ErodeImage,pattern_group,running,100.0,1,1
cp_tutorial_3d_monolayer,1,16,1791284995.6763365,414554,worker_0,W010,ErodeImage,step_completed,success,64.51612903225806,20,31
cp_tutorial_3d_monolayer,1,16,1791284995.676358,414554,worker_0,W010,Watershed,step_started,started,64.51612903225806,20,31
cp_tutorial_3d_monolayer,1,16,1791284995.7588842,414554,worker_0,W010,Watershed,pattern_group,running,100.0,1,1
cp_tutorial_3d_monolayer,1,16,1791284995.7592766,414554,worker_0,W010,Watershed,step_completed,success,67.74193548387096,21,31
cp_tutorial_3d_monolayer,1,16,1791284995.7592986,414554,worker_0,W010,MeasureObjectIntensity,step_started,started,67.74193548387096,21,31
cp_tutorial_3d_monolayer,1,16,1791284995.9928741,414554,worker_0,W010,MeasureObjectIntensity,pattern_group,running,50.0,1,2
cp_tutorial_3d_monolayer,1,16,1791284996.266945,414554,worker_0,W010,MeasureObjectIntensity,pattern_group,running,100.0,2,2
cp_tutorial_3d_monolayer,1,16,1791284996.2691298,414554,worker_0,W010,MeasureObjectIntensity,step_completed,success,70.96774193548387,22,31
cp_tutorial_3d_monolayer,1,16,1791284996.2691538,414554,worker_0,W010,MeasureObjectSizeShape,step_started,started,70.96774193548387,22,31
cp_tutorial_3d_monolayer,1,16,1791284996.3647492,414554,worker_0,W010,MeasureObjectSizeShape,pattern_group,running,50.0,1,2
cp_tutorial_3d_monolayer,1,16,1791284996.4590073,414554,worker_0,W010,MeasureObjectSizeShape,pattern_group,running,100.0,2,2
cp_tutorial_3d_monolayer,1,16,1791284996.4595861,414554,worker_0,W010,MeasureObjectSizeShape,step_completed,success,74.19354838709677,23,31
cp_tutorial_3d_monolayer,1,16,1791284996.4596078,414554,worker_0,W010,OverlayObjects,step_started,started,74.19354838709677,23,31
cp_tutorial_3d_monolayer,1,16,1791284996.4831512,414554,worker_0,W010,OverlayObjects,pattern_group,running,100.0,1,1
cp_tutorial_3d_monolayer,1,16,1791284996.4832752,414554,worker_0,W010,OverlayObjects,step_completed,success,77.41935483870968,24,31
cp_tutorial_3d_monolayer,1,16,1791284996.4832973,414554,worker_0,W010,RescaleIntensity,step_started,started,77.41935483870968,24,31
cp_tutorial_3d_monolayer,1,16,1791284996.5867405,414554,worker_0,W010,RescaleIntensity,pattern_group,running,100.0,1,1
cp_tutorial_3d_monolayer,1,16,1791284996.5868857,414554,worker_0,W010,RescaleIntensity,step_completed,success,80.64516129032258,25,31
cp_tutorial_3d_monolayer,1,16,1791284996.5869067,414554,worker_0,W010,OverlayObjects,step_started,started,80.64516129032258,25,31
cp_tutorial_3d_monolayer,1,16,1791284996.6086175,414554,worker_0,W010,OverlayObjects,pattern_group,running,100.0,1,1
cp_tutorial_3d_monolayer,1,16,1791284996.6087196,414554,worker_0,W010,OverlayObjects,step_completed,success,83.87096774193549,26,31
cp_tutorial_3d_monolayer,1,16,1791284996.6087408,414554,worker_0,W010,ConvertObjectsToImage,step_started,started,83.87096774193549,26,31
cp_tutorial_3d_monolayer,1,16,1791284996.6409156,414554,worker_0,W010,ConvertObjectsToImage,pattern_group,running,100.0,1,1
cp_tutorial_3d_monolayer,1,16,1791284996.6410677,414554,worker_0,W010,ConvertObjectsToImage,step_completed,success,87.09677419354838,27,31
cp_tutorial_3d_monolayer,1,16,1791284996.6410892,414554,worker_0,W010,SaveImages,step_started,started,87.09677419354838,27,31
cp_tutorial_3d_monolayer,1,16,1791284996.6890514,414554,worker_0,W010,SaveImages,pattern_group,running,100.0,1,1
cp_tutorial_3d_monolayer,1,16,1791284996.6971447,414554,worker_0,W010,SaveImages,step_completed,success,90.32258064516128,28,31
cp_tutorial_3d_monolayer,1,16,1791284996.6971858,414554,worker_0,W010,ConvertObjectsToImage,step_started,started,90.32258064516128,28,31
cp_tutorial_3d_monolayer,1,16,1791284996.7296581,414554,worker_0,W010,ConvertObjectsToImage,pattern_group,running,100.0,1,1
cp_tutorial_3d_monolayer,1,16,1791284996.7298374,414554,worker_0,W010,ConvertObjectsToImage,step_completed,success,93.54838709677419,29,31
cp_tutorial_3d_monolayer,1,16,1791284996.729859,414554,worker_0,W010,SaveImages,step_started,started,93.54838709677419,29,31
cp_tutorial_3d_monolayer,1,16,1791284996.7791073,414554,worker_0,W010,SaveImages,pattern_group,running,100.0,1,1
cp_tutorial_3d_monolayer,1,16,1791284996.7860744,414554,worker_0,W010,SaveImages,step_completed,success,96.7741935483871,30,31
cp_tutorial_3d_monolayer,1,16,1791284996.7881522,414554,worker_0,W010,pipeline,axis_completed,success,96.7741935483871,30,31
cp_tutorial_3d_monolayer,1,16,1791284996.7882233,414554,worker_0,W011,pipeline,axis_started,started,0.0,0,31
cp_tutorial_3d_monolayer,1,16,1791284996.7882535,414554,worker_0,W011,RescaleIntensity,step_started,started,0.0,0,31
cp_tutorial_3d_monolayer,1,16,1791284997.2276158,414554,worker_0,W011,RescaleIntensity,pattern_group,running,100.0,1,1
cp_tutorial_3d_monolayer,1,16,1791284997.2277637,414554,worker_0,W011,RescaleIntensity,step_completed,success,3.225806451612903,1,31
cp_tutorial_3d_monolayer,1,16,1791284997.2277842,414554,worker_0,W011,Resize,step_started,started,3.225806451612903,1,31
cp_tutorial_3d_monolayer,1,16,1791284997.2843993,414554,worker_0,W011,Resize,pattern_group,running,100.0,1,1
cp_tutorial_3d_monolayer,1,16,1791284997.284541,414554,worker_0,W011,Resize,step_completed,success,6.451612903225806,2,31
cp_tutorial_3d_monolayer,1,16,1791284997.284561,414554,worker_0,W011,MedianFilter,step_started,started,6.451612903225806,2,31
cp_tutorial_3d_monolayer,1,16,1791284997.4499226,414554,worker_0,W011,MedianFilter,pattern_group,running,100.0,1,1
cp_tutorial_3d_monolayer,1,16,1791284997.4500642,414554,worker_0,W011,MedianFilter,step_completed,success,9.67741935483871,3,31
cp_tutorial_3d_monolayer,1,16,1791284997.4500847,414554,worker_0,W011,Threshold,step_started,started,9.67741935483871,3,31
cp_tutorial_3d_monolayer,1,16,1791284997.4873598,414554,worker_0,W011,Threshold,pattern_group,running,100.0,1,1
cp_tutorial_3d_monolayer,1,16,1791284997.4876044,414554,worker_0,W011,Threshold,step_completed,success,12.903225806451612,4,31
cp_tutorial_3d_monolayer,1,16,1791284997.4876263,414554,worker_0,W011,RemoveHoles,step_started,started,12.903225806451612,4,31
cp_tutorial_3d_monolayer,1,16,1791284997.505072,414554,worker_0,W011,RemoveHoles,pattern_group,running,100.0,1,1
cp_tutorial_3d_monolayer,1,16,1791284997.5052075,414554,worker_0,W011,RemoveHoles,step_completed,success,16.129032258064516,5,31
cp_tutorial_3d_monolayer,1,16,1791284997.5052269,414554,worker_0,W011,Watershed,step_started,started,16.129032258064516,5,31
cp_tutorial_3d_monolayer,1,16,1791284997.5924385,414554,worker_0,W011,Watershed,pattern_group,running,100.0,1,1
cp_tutorial_3d_monolayer,1,16,1791284997.593294,414554,worker_0,W011,Watershed,step_completed,success,19.35483870967742,6,31
cp_tutorial_3d_monolayer,1,16,1791284997.5933177,414554,worker_0,W011,ResizeObjects,step_started,started,19.35483870967742,6,31
cp_tutorial_3d_monolayer,1,16,1791284997.6205862,414554,worker_0,W011,ResizeObjects,pattern_group,running,100.0,1,1
cp_tutorial_3d_monolayer,1,16,1791284997.621071,414554,worker_0,W011,ResizeObjects,step_completed,success,22.58064516129032,7,31
cp_tutorial_3d_monolayer,1,16,1791284997.621095,414554,worker_0,W011,ErodeObjects,step_started,started,22.58064516129032,7,31
cp_tutorial_3d_monolayer,1,16,1791284997.678706,414554,worker_0,W011,ErodeObjects,pattern_group,running,100.0,1,1
cp_tutorial_3d_monolayer,1,16,1791284997.6791785,414554,worker_0,W011,ErodeObjects,step_completed,success,25.806451612903224,8,31
cp_tutorial_3d_monolayer,1,16,1791284997.6792037,414554,worker_0,W011,ResizeObjects,step_started,started,25.806451612903224,8,31
cp_tutorial_3d_monolayer,1,16,1791284997.7027225,414554,worker_0,W011,ResizeObjects,pattern_group,running,100.0,1,1
cp_tutorial_3d_monolayer,1,16,1791284997.7031932,414554,worker_0,W011,ResizeObjects,step_completed,success,29.03225806451613,9,31
cp_tutorial_3d_monolayer,1,16,1791284997.7032168,414554,worker_0,W011,ConvertObjectsToImage,step_started,started,29.03225806451613,9,31
cp_tutorial_3d_monolayer,1,16,1791284997.7244213,414554,worker_0,W011,ConvertObjectsToImage,pattern_group,running,100.0,1,1
cp_tutorial_3d_monolayer,1,16,1791284997.7245712,414554,worker_0,W011,ConvertObjectsToImage,step_completed,success,32.25806451612903,10,31
cp_tutorial_3d_monolayer,1,16,1791284997.7245927,414554,worker_0,W011,Threshold,step_started,started,32.25806451612903,10,31
cp_tutorial_3d_monolayer,1,16,1791284997.9166088,414554,worker_0,W011,Threshold,pattern_group,running,100.0,1,1
cp_tutorial_3d_monolayer,1,16,1791284997.9168608,414554,worker_0,W011,Threshold,step_completed,success,35.483870967741936,11,31
cp_tutorial_3d_monolayer,1,16,1791284997.9168832,414554,worker_0,W011,ImageMath,step_started,started,35.483870967741936,11,31
cp_tutorial_3d_monolayer,1,16,1791284997.9497359,414554,worker_0,W011,ImageMath,pattern_group,running,100.0,1,1
cp_tutorial_3d_monolayer,1,16,1791284997.9498923,414554,worker_0,W011,ImageMath,step_completed,success,38.70967741935484,12,31
cp_tutorial_3d_monolayer,1,16,1791284997.9499128,414554,worker_0,W011,RemoveHoles,step_started,started,38.70967741935484,12,31
cp_tutorial_3d_monolayer,1,16,1791284997.9981394,414554,worker_0,W011,RemoveHoles,pattern_group,running,100.0,1,1
cp_tutorial_3d_monolayer,1,16,1791284997.9982963,414554,worker_0,W011,RemoveHoles,step_completed,success,41.935483870967744,13,31
cp_tutorial_3d_monolayer,1,16,1791284997.9983177,414554,worker_0,W011,ImageMath,step_started,started,41.935483870967744,13,31
cp_tutorial_3d_monolayer,1,16,1791284998.2793844,414554,worker_0,W011,ImageMath,pattern_group,running,100.0,1,1
cp_tutorial_3d_monolayer,1,16,1791284998.2795348,414554,worker_0,W011,ImageMath,step_completed,success,45.16129032258064,14,31
cp_tutorial_3d_monolayer,1,16,1791284998.2795575,414554,worker_0,W011,Resize,step_started,started,45.16129032258064,14,31
cp_tutorial_3d_monolayer,1,16,1791284998.3414838,414554,worker_0,W011,Resize,pattern_group,running,100.0,1,1
cp_tutorial_3d_monolayer,1,16,1791284998.3416317,414554,worker_0,W011,Resize,step_completed,success,48.38709677419355,15,31
cp_tutorial_3d_monolayer,1,16,1791284998.341662,414554,worker_0,W011,Closing,step_started,started,48.38709677419355,15,31
cp_tutorial_3d_monolayer,1,16,1791284998.42135,414554,worker_0,W011,Closing,pattern_group,running,100.0,1,1
cp_tutorial_3d_monolayer,1,16,1791284998.4214914,414554,worker_0,W011,Closing,step_completed,success,51.61290322580645,16,31
cp_tutorial_3d_monolayer,1,16,1791284998.4215112,414554,worker_0,W011,Resize,step_started,started,51.61290322580645,16,31
cp_tutorial_3d_monolayer,1,16,1791284998.470082,414554,worker_0,W011,Resize,pattern_group,running,100.0,1,1
cp_tutorial_3d_monolayer,1,16,1791284998.4702258,414554,worker_0,W011,Resize,step_completed,success,54.83870967741935,17,31
cp_tutorial_3d_monolayer,1,16,1791284998.4702463,414554,worker_0,W011,Threshold,step_started,started,54.83870967741935,17,31
cp_tutorial_3d_monolayer,1,16,1791284998.6236365,414554,worker_0,W011,Threshold,pattern_group,running,100.0,1,1
cp_tutorial_3d_monolayer,1,16,1791284998.6238723,414554,worker_0,W011,Threshold,step_completed,success,58.06451612903226,18,31
cp_tutorial_3d_monolayer,1,16,1791284998.623893,414554,worker_0,W011,MaskImage,step_started,started,58.06451612903226,18,31
cp_tutorial_3d_monolayer,1,16,1791284998.670126,414554,worker_0,W011,MaskImage,pattern_group,running,100.0,1,1
cp_tutorial_3d_monolayer,1,16,1791284998.670301,414554,worker_0,W011,MaskImage,step_completed,success,61.29032258064516,19,31
cp_tutorial_3d_monolayer,1,16,1791284998.670322,414554,worker_0,W011,ErodeImage,step_started,started,61.29032258064516,19,31
cp_tutorial_3d_monolayer,1,16,1791284998.7400007,414554,worker_0,W011,ErodeImage,pattern_group,running,100.0,1,1
cp_tutorial_3d_monolayer,1,16,1791284998.7401495,414554,worker_0,W011,ErodeImage,step_completed,success,64.51612903225806,20,31
cp_tutorial_3d_monolayer,1,16,1791284998.7401705,414554,worker_0,W011,Watershed,step_started,started,64.51612903225806,20,31
cp_tutorial_3d_monolayer,1,16,1791284998.823755,414554,worker_0,W011,Watershed,pattern_group,running,100.0,1,1
cp_tutorial_3d_monolayer,1,16,1791284998.8241417,414554,worker_0,W011,Watershed,step_completed,success,67.74193548387096,21,31
cp_tutorial_3d_monolayer,1,16,1791284998.8241637,414554,worker_0,W011,MeasureObjectIntensity,step_started,started,67.74193548387096,21,31
cp_tutorial_3d_monolayer,1,16,1791284999.0589252,414554,worker_0,W011,MeasureObjectIntensity,pattern_group,running,50.0,1,2
cp_tutorial_3d_monolayer,1,16,1791284999.3307872,414554,worker_0,W011,MeasureObjectIntensity,pattern_group,running,100.0,2,2
cp_tutorial_3d_monolayer,1,16,1791284999.3329923,414554,worker_0,W011,MeasureObjectIntensity,step_completed,success,70.96774193548387,22,31
cp_tutorial_3d_monolayer,1,16,1791284999.3330152,414554,worker_0,W011,MeasureObjectSizeShape,step_started,started,70.96774193548387,22,31
cp_tutorial_3d_monolayer,1,16,1791284999.4276295,414554,worker_0,W011,MeasureObjectSizeShape,pattern_group,running,50.0,1,2
cp_tutorial_3d_monolayer,1,16,1791284999.5218084,414554,worker_0,W011,MeasureObjectSizeShape,pattern_group,running,100.0,2,2
cp_tutorial_3d_monolayer,1,16,1791284999.5223918,414554,worker_0,W011,MeasureObjectSizeShape,step_completed,success,74.19354838709677,23,31
cp_tutorial_3d_monolayer,1,16,1791284999.5224147,414554,worker_0,W011,OverlayObjects,step_started,started,74.19354838709677,23,31
cp_tutorial_3d_monolayer,1,16,1791284999.5466971,414554,worker_0,W011,OverlayObjects,pattern_group,running,100.0,1,1
cp_tutorial_3d_monolayer,1,16,1791284999.5468209,414554,worker_0,W011,OverlayObjects,step_completed,success,77.41935483870968,24,31
cp_tutorial_3d_monolayer,1,16,1791284999.5468466,414554,worker_0,W011,RescaleIntensity,step_started,started,77.41935483870968,24,31
cp_tutorial_3d_monolayer,1,16,1791284999.650675,414554,worker_0,W011,RescaleIntensity,pattern_group,running,100.0,1,1
cp_tutorial_3d_monolayer,1,16,1791284999.6508236,414554,worker_0,W011,RescaleIntensity,step_completed,success,80.64516129032258,25,31
cp_tutorial_3d_monolayer,1,16,1791284999.6508439,414554,worker_0,W011,OverlayObjects,step_started,started,80.64516129032258,25,31
cp_tutorial_3d_monolayer,1,16,1791284999.6736612,414554,worker_0,W011,OverlayObjects,pattern_group,running,100.0,1,1
cp_tutorial_3d_monolayer,1,16,1791284999.6737828,414554,worker_0,W011,OverlayObjects,step_completed,success,83.87096774193549,26,31
cp_tutorial_3d_monolayer,1,16,1791284999.6738029,414554,worker_0,W011,ConvertObjectsToImage,step_started,started,83.87096774193549,26,31
cp_tutorial_3d_monolayer,1,16,1791284999.7054799,414554,worker_0,W011,ConvertObjectsToImage,pattern_group,running,100.0,1,1
cp_tutorial_3d_monolayer,1,16,1791284999.7056177,414554,worker_0,W011,ConvertObjectsToImage,step_completed,success,87.09677419354838,27,31
cp_tutorial_3d_monolayer,1,16,1791284999.7056394,414554,worker_0,W011,SaveImages,step_started,started,87.09677419354838,27,31
cp_tutorial_3d_monolayer,1,16,1791284999.7547143,414554,worker_0,W011,SaveImages,pattern_group,running,100.0,1,1
cp_tutorial_3d_monolayer,1,16,1791284999.76248,414554,worker_0,W011,SaveImages,step_completed,success,90.32258064516128,28,31
cp_tutorial_3d_monolayer,1,16,1791284999.762518,414554,worker_0,W011,ConvertObjectsToImage,step_started,started,90.32258064516128,28,31
cp_tutorial_3d_monolayer,1,16,1791284999.795527,414554,worker_0,W011,ConvertObjectsToImage,pattern_group,running,100.0,1,1
cp_tutorial_3d_monolayer,1,16,1791284999.7957072,414554,worker_0,W011,ConvertObjectsToImage,step_completed,success,93.54838709677419,29,31
cp_tutorial_3d_monolayer,1,16,1791284999.795729,414554,worker_0,W011,SaveImages,step_started,started,93.54838709677419,29,31
cp_tutorial_3d_monolayer,1,16,1791284999.8445818,414554,worker_0,W011,SaveImages,pattern_group,running,100.0,1,1
cp_tutorial_3d_monolayer,1,16,1791284999.8513262,414554,worker_0,W011,SaveImages,step_completed,success,96.7741935483871,30,31
cp_tutorial_3d_monolayer,1,16,1791284999.8534229,414554,worker_0,W011,pipeline,axis_completed,success,96.7741935483871,30,31
cp_tutorial_3d_monolayer,1,16,1791284999.8534954,414554,worker_0,W012,pipeline,axis_started,started,0.0,0,31
cp_tutorial_3d_monolayer,1,16,1791284999.8535266,414554,worker_0,W012,RescaleIntensity,step_started,started,0.0,0,31
cp_tutorial_3d_monolayer,1,16,1791285000.1417303,414554,worker_0,W012,RescaleIntensity,pattern_group,running,100.0,1,1
cp_tutorial_3d_monolayer,1,16,1791285000.1418805,414554,worker_0,W012,RescaleIntensity,step_completed,success,3.225806451612903,1,31
cp_tutorial_3d_monolayer,1,16,1791285000.1419034,414554,worker_0,W012,Resize,step_started,started,3.225806451612903,1,31
cp_tutorial_3d_monolayer,1,16,1791285000.197681,414554,worker_0,W012,Resize,pattern_group,running,100.0,1,1
cp_tutorial_3d_monolayer,1,16,1791285000.197825,414554,worker_0,W012,Resize,step_completed,success,6.451612903225806,2,31
cp_tutorial_3d_monolayer,1,16,1791285000.1978471,414554,worker_0,W012,MedianFilter,step_started,started,6.451612903225806,2,31
cp_tutorial_3d_monolayer,1,16,1791285000.3645208,414554,worker_0,W012,MedianFilter,pattern_group,running,100.0,1,1
cp_tutorial_3d_monolayer,1,16,1791285000.3646615,414554,worker_0,W012,MedianFilter,step_completed,success,9.67741935483871,3,31
cp_tutorial_3d_monolayer,1,16,1791285000.3646822,414554,worker_0,W012,Threshold,step_started,started,9.67741935483871,3,31
cp_tutorial_3d_monolayer,1,16,1791285000.402138,414554,worker_0,W012,Threshold,pattern_group,running,100.0,1,1
cp_tutorial_3d_monolayer,1,16,1791285000.4023967,414554,worker_0,W012,Threshold,step_completed,success,12.903225806451612,4,31
cp_tutorial_3d_monolayer,1,16,1791285000.402418,414554,worker_0,W012,RemoveHoles,step_started,started,12.903225806451612,4,31
cp_tutorial_3d_monolayer,1,16,1791285000.4192944,414554,worker_0,W012,RemoveHoles,pattern_group,running,100.0,1,1
cp_tutorial_3d_monolayer,1,16,1791285000.4194365,414554,worker_0,W012,RemoveHoles,step_completed,success,16.129032258064516,5,31
cp_tutorial_3d_monolayer,1,16,1791285000.4194572,414554,worker_0,W012,Watershed,step_started,started,16.129032258064516,5,31
cp_tutorial_3d_monolayer,1,16,1791285000.5080035,414554,worker_0,W012,Watershed,pattern_group,running,100.0,1,1
cp_tutorial_3d_monolayer,1,16,1791285000.5084047,414554,worker_0,W012,Watershed,step_completed,success,19.35483870967742,6,31
cp_tutorial_3d_monolayer,1,16,1791285000.5084267,414554,worker_0,W012,ResizeObjects,step_started,started,19.35483870967742,6,31
cp_tutorial_3d_monolayer,1,16,1791285000.5355709,414554,worker_0,W012,ResizeObjects,pattern_group,running,100.0,1,1
cp_tutorial_3d_monolayer,1,16,1791285000.5360448,414554,worker_0,W012,ResizeObjects,step_completed,success,22.58064516129032,7,31
cp_tutorial_3d_monolayer,1,16,1791285000.5360672,414554,worker_0,W012,ErodeObjects,step_started,started,22.58064516129032,7,31
cp_tutorial_3d_monolayer,1,16,1791285000.593774,414554,worker_0,W012,ErodeObjects,pattern_group,running,100.0,1,1
cp_tutorial_3d_monolayer,1,16,1791285000.5942464,414554,worker_0,W012,ErodeObjects,step_completed,success,25.806451612903224,8,31
cp_tutorial_3d_monolayer,1,16,1791285000.5942762,414554,worker_0,W012,ResizeObjects,step_started,started,25.806451612903224,8,31
cp_tutorial_3d_monolayer,1,16,1791285000.6187708,414554,worker_0,W012,ResizeObjects,pattern_group,running,100.0,1,1
cp_tutorial_3d_monolayer,1,16,1791285000.6192489,414554,worker_0,W012,ResizeObjects,step_completed,success,29.03225806451613,9,31
cp_tutorial_3d_monolayer,1,16,1791285000.6192799,414554,worker_0,W012,ConvertObjectsToImage,step_started,started,29.03225806451613,9,31
cp_tutorial_3d_monolayer,1,16,1791285000.640731,414554,worker_0,W012,ConvertObjectsToImage,pattern_group,running,100.0,1,1
cp_tutorial_3d_monolayer,1,16,1791285000.6408825,414554,worker_0,W012,ConvertObjectsToImage,step_completed,success,32.25806451612903,10,31
cp_tutorial_3d_monolayer,1,16,1791285000.6409047,414554,worker_0,W012,Threshold,step_started,started,32.25806451612903,10,31
cp_tutorial_3d_monolayer,1,16,1791285000.836724,414554,worker_0,W012,Threshold,pattern_group,running,100.0,1,1
cp_tutorial_3d_monolayer,1,16,1791285000.8369753,414554,worker_0,W012,Threshold,step_completed,success,35.483870967741936,11,31
cp_tutorial_3d_monolayer,1,16,1791285000.8369966,414554,worker_0,W012,ImageMath,step_started,started,35.483870967741936,11,31
cp_tutorial_3d_monolayer,1,16,1791285000.8690412,414554,worker_0,W012,ImageMath,pattern_group,running,100.0,1,1
cp_tutorial_3d_monolayer,1,16,1791285000.8691971,414554,worker_0,W012,ImageMath,step_completed,success,38.70967741935484,12,31
cp_tutorial_3d_monolayer,1,16,1791285000.869218,414554,worker_0,W012,RemoveHoles,step_started,started,38.70967741935484,12,31
cp_tutorial_3d_monolayer,1,16,1791285000.916775,414554,worker_0,W012,RemoveHoles,pattern_group,running,100.0,1,1
cp_tutorial_3d_monolayer,1,16,1791285000.9169233,414554,worker_0,W012,RemoveHoles,step_completed,success,41.935483870967744,13,31
cp_tutorial_3d_monolayer,1,16,1791285000.9169447,414554,worker_0,W012,ImageMath,step_started,started,41.935483870967744,13,31
cp_tutorial_3d_monolayer,1,16,1791285001.1966484,414554,worker_0,W012,ImageMath,pattern_group,running,100.0,1,1
cp_tutorial_3d_monolayer,1,16,1791285001.1967998,414554,worker_0,W012,ImageMath,step_completed,success,45.16129032258064,14,31
cp_tutorial_3d_monolayer,1,16,1791285001.1968207,414554,worker_0,W012,Resize,step_started,started,45.16129032258064,14,31
cp_tutorial_3d_monolayer,1,16,1791285001.2586286,414554,worker_0,W012,Resize,pattern_group,running,100.0,1,1
cp_tutorial_3d_monolayer,1,16,1791285001.2587712,414554,worker_0,W012,Resize,step_completed,success,48.38709677419355,15,31
cp_tutorial_3d_monolayer,1,16,1791285001.2587917,414554,worker_0,W012,Closing,step_started,started,48.38709677419355,15,31
cp_tutorial_3d_monolayer,1,16,1791285001.3366568,414554,worker_0,W012,Closing,pattern_group,running,100.0,1,1
cp_tutorial_3d_monolayer,1,16,1791285001.3367984,414554,worker_0,W012,Closing,step_completed,success,51.61290322580645,16,31
cp_tutorial_3d_monolayer,1,16,1791285001.3368185,414554,worker_0,W012,Resize,step_started,started,51.61290322580645,16,31
cp_tutorial_3d_monolayer,1,16,1791285001.3856304,414554,worker_0,W012,Resize,pattern_group,running,100.0,1,1
cp_tutorial_3d_monolayer,1,16,1791285001.3857758,414554,worker_0,W012,Resize,step_completed,success,54.83870967741935,17,31
cp_tutorial_3d_monolayer,1,16,1791285001.385796,414554,worker_0,W012,Threshold,step_started,started,54.83870967741935,17,31
cp_tutorial_3d_monolayer,1,16,1791285001.5463886,414554,worker_0,W012,Threshold,pattern_group,running,100.0,1,1
cp_tutorial_3d_monolayer,1,16,1791285001.5466325,414554,worker_0,W012,Threshold,step_completed,success,58.06451612903226,18,31
cp_tutorial_3d_monolayer,1,16,1791285001.5466537,414554,worker_0,W012,MaskImage,step_started,started,58.06451612903226,18,31
cp_tutorial_3d_monolayer,1,16,1791285001.597132,414554,worker_0,W012,MaskImage,pattern_group,running,100.0,1,1
cp_tutorial_3d_monolayer,1,16,1791285001.5972946,414554,worker_0,W012,MaskImage,step_completed,success,61.29032258064516,19,31
cp_tutorial_3d_monolayer,1,16,1791285001.5973158,414554,worker_0,W012,ErodeImage,step_started,started,61.29032258064516,19,31
cp_tutorial_3d_monolayer,1,16,1791285001.667159,414554,worker_0,W012,ErodeImage,pattern_group,running,100.0,1,1
cp_tutorial_3d_monolayer,1,16,1791285001.667313,414554,worker_0,W012,ErodeImage,step_completed,success,64.51612903225806,20,31
cp_tutorial_3d_monolayer,1,16,1791285001.6673336,414554,worker_0,W012,Watershed,step_started,started,64.51612903225806,20,31
cp_tutorial_3d_monolayer,1,16,1791285001.7516432,414554,worker_0,W012,Watershed,pattern_group,running,100.0,1,1
cp_tutorial_3d_monolayer,1,16,1791285001.752033,414554,worker_0,W012,Watershed,step_completed,success,67.74193548387096,21,31
cp_tutorial_3d_monolayer,1,16,1791285001.7520556,414554,worker_0,W012,MeasureObjectIntensity,step_started,started,67.74193548387096,21,31
cp_tutorial_3d_monolayer,1,16,1791285001.9861338,414554,worker_0,W012,MeasureObjectIntensity,pattern_group,running,50.0,1,2
cp_tutorial_3d_monolayer,1,16,1791285002.2593997,414554,worker_0,W012,MeasureObjectIntensity,pattern_group,running,100.0,2,2
cp_tutorial_3d_monolayer,1,16,1791285002.2615905,414554,worker_0,W012,MeasureObjectIntensity,step_completed,success,70.96774193548387,22,31
cp_tutorial_3d_monolayer,1,16,1791285002.2616136,414554,worker_0,W012,MeasureObjectSizeShape,step_started,started,70.96774193548387,22,31
cp_tutorial_3d_monolayer,1,16,1791285002.3569646,414554,worker_0,W012,MeasureObjectSizeShape,pattern_group,running,50.0,1,2
cp_tutorial_3d_monolayer,1,16,1791285002.451423,414554,worker_0,W012,MeasureObjectSizeShape,pattern_group,running,100.0,2,2
cp_tutorial_3d_monolayer,1,16,1791285002.4519994,414554,worker_0,W012,MeasureObjectSizeShape,step_completed,success,74.19354838709677,23,31
cp_tutorial_3d_monolayer,1,16,1791285002.4520216,414554,worker_0,W012,OverlayObjects,step_started,started,74.19354838709677,23,31
cp_tutorial_3d_monolayer,1,16,1791285002.4760523,414554,worker_0,W012,OverlayObjects,pattern_group,running,100.0,1,1
cp_tutorial_3d_monolayer,1,16,1791285002.4761772,414554,worker_0,W012,OverlayObjects,step_completed,success,77.41935483870968,24,31
cp_tutorial_3d_monolayer,1,16,1791285002.4761994,414554,worker_0,W012,RescaleIntensity,step_started,started,77.41935483870968,24,31
cp_tutorial_3d_monolayer,1,16,1791285002.5787902,414554,worker_0,W012,RescaleIntensity,pattern_group,running,100.0,1,1
cp_tutorial_3d_monolayer,1,16,1791285002.5789402,414554,worker_0,W012,RescaleIntensity,step_completed,success,80.64516129032258,25,31
cp_tutorial_3d_monolayer,1,16,1791285002.578961,414554,worker_0,W012,OverlayObjects,step_started,started,80.64516129032258,25,31
cp_tutorial_3d_monolayer,1,16,1791285002.6014817,414554,worker_0,W012,OverlayObjects,pattern_group,running,100.0,1,1
cp_tutorial_3d_monolayer,1,16,1791285002.6015854,414554,worker_0,W012,OverlayObjects,step_completed,success,83.87096774193549,26,31
cp_tutorial_3d_monolayer,1,16,1791285002.6016057,414554,worker_0,W012,ConvertObjectsToImage,step_started,started,83.87096774193549,26,31
cp_tutorial_3d_monolayer,1,16,1791285002.6333213,414554,worker_0,W012,ConvertObjectsToImage,pattern_group,running,100.0,1,1
cp_tutorial_3d_monolayer,1,16,1791285002.6334693,414554,worker_0,W012,ConvertObjectsToImage,step_completed,success,87.09677419354838,27,31
cp_tutorial_3d_monolayer,1,16,1791285002.633491,414554,worker_0,W012,SaveImages,step_started,started,87.09677419354838,27,31
cp_tutorial_3d_monolayer,1,16,1791285002.682563,414554,worker_0,W012,SaveImages,pattern_group,running,100.0,1,1
cp_tutorial_3d_monolayer,1,16,1791285002.6901245,414554,worker_0,W012,SaveImages,step_completed,success,90.32258064516128,28,31
cp_tutorial_3d_monolayer,1,16,1791285002.6901658,414554,worker_0,W012,ConvertObjectsToImage,step_started,started,90.32258064516128,28,31
cp_tutorial_3d_monolayer,1,16,1791285002.7231765,414554,worker_0,W012,ConvertObjectsToImage,pattern_group,running,100.0,1,1
cp_tutorial_3d_monolayer,1,16,1791285002.7233603,414554,worker_0,W012,ConvertObjectsToImage,step_completed,success,93.54838709677419,29,31
cp_tutorial_3d_monolayer,1,16,1791285002.7233827,414554,worker_0,W012,SaveImages,step_started,started,93.54838709677419,29,31
cp_tutorial_3d_monolayer,1,16,1791285002.772217,414554,worker_0,W012,SaveImages,pattern_group,running,100.0,1,1
cp_tutorial_3d_monolayer,1,16,1791285002.7790115,414554,worker_0,W012,SaveImages,step_completed,success,96.7741935483871,30,31
cp_tutorial_3d_monolayer,1,16,1791285002.7810721,414554,worker_0,W012,pipeline,axis_completed,success,96.7741935483871,30,31
cp_tutorial_3d_monolayer,1,16,1791285002.7811453,414554,worker_0,W013,pipeline,axis_started,started,0.0,0,31
cp_tutorial_3d_monolayer,1,16,1791285002.7811768,414554,worker_0,W013,RescaleIntensity,step_started,started,0.0,0,31
cp_tutorial_3d_monolayer,1,16,1791285003.0659773,414554,worker_0,W013,RescaleIntensity,pattern_group,running,100.0,1,1
cp_tutorial_3d_monolayer,1,16,1791285003.0661197,414554,worker_0,W013,RescaleIntensity,step_completed,success,3.225806451612903,1,31
cp_tutorial_3d_monolayer,1,16,1791285003.0661418,414554,worker_0,W013,Resize,step_started,started,3.225806451612903,1,31
cp_tutorial_3d_monolayer,1,16,1791285003.1223648,414554,worker_0,W013,Resize,pattern_group,running,100.0,1,1
cp_tutorial_3d_monolayer,1,16,1791285003.1225119,414554,worker_0,W013,Resize,step_completed,success,6.451612903225806,2,31
cp_tutorial_3d_monolayer,1,16,1791285003.122533,414554,worker_0,W013,MedianFilter,step_started,started,6.451612903225806,2,31
cp_tutorial_3d_monolayer,1,16,1791285003.2887666,414554,worker_0,W013,MedianFilter,pattern_group,running,100.0,1,1
cp_tutorial_3d_monolayer,1,16,1791285003.2889066,414554,worker_0,W013,MedianFilter,step_completed,success,9.67741935483871,3,31
cp_tutorial_3d_monolayer,1,16,1791285003.2889266,414554,worker_0,W013,Threshold,step_started,started,9.67741935483871,3,31
cp_tutorial_3d_monolayer,1,16,1791285003.3256361,414554,worker_0,W013,Threshold,pattern_group,running,100.0,1,1
cp_tutorial_3d_monolayer,1,16,1791285003.325877,414554,worker_0,W013,Threshold,step_completed,success,12.903225806451612,4,31
cp_tutorial_3d_monolayer,1,16,1791285003.3258972,414554,worker_0,W013,RemoveHoles,step_started,started,12.903225806451612,4,31
cp_tutorial_3d_monolayer,1,16,1791285003.3429456,414554,worker_0,W013,RemoveHoles,pattern_group,running,100.0,1,1
cp_tutorial_3d_monolayer,1,16,1791285003.3430939,414554,worker_0,W013,RemoveHoles,step_completed,success,16.129032258064516,5,31
cp_tutorial_3d_monolayer,1,16,1791285003.343114,414554,worker_0,W013,Watershed,step_started,started,16.129032258064516,5,31
cp_tutorial_3d_monolayer,1,16,1791285003.4307375,414554,worker_0,W013,Watershed,pattern_group,running,100.0,1,1
cp_tutorial_3d_monolayer,1,16,1791285003.4311152,414554,worker_0,W013,Watershed,step_completed,success,19.35483870967742,6,31
cp_tutorial_3d_monolayer,1,16,1791285003.431136,414554,worker_0,W013,ResizeObjects,step_started,started,19.35483870967742,6,31
cp_tutorial_3d_monolayer,1,16,1791285003.458666,414554,worker_0,W013,ResizeObjects,pattern_group,running,100.0,1,1
cp_tutorial_3d_monolayer,1,16,1791285003.4591355,414554,worker_0,W013,ResizeObjects,step_completed,success,22.58064516129032,7,31
cp_tutorial_3d_monolayer,1,16,1791285003.459158,414554,worker_0,W013,ErodeObjects,step_started,started,22.58064516129032,7,31
cp_tutorial_3d_monolayer,1,16,1791285003.5166247,414554,worker_0,W013,ErodeObjects,pattern_group,running,100.0,1,1
cp_tutorial_3d_monolayer,1,16,1791285003.517098,414554,worker_0,W013,ErodeObjects,step_completed,success,25.806451612903224,8,31
cp_tutorial_3d_monolayer,1,16,1791285003.5171306,414554,worker_0,W013,ResizeObjects,step_started,started,25.806451612903224,8,31
cp_tutorial_3d_monolayer,1,16,1791285003.5415277,414554,worker_0,W013,ResizeObjects,pattern_group,running,100.0,1,1
cp_tutorial_3d_monolayer,1,16,1791285003.5419931,414554,worker_0,W013,ResizeObjects,step_completed,success,29.03225806451613,9,31
cp_tutorial_3d_monolayer,1,16,1791285003.5420175,414554,worker_0,W013,ConvertObjectsToImage,step_started,started,29.03225806451613,9,31
cp_tutorial_3d_monolayer,1,16,1791285003.5628324,414554,worker_0,W013,ConvertObjectsToImage,pattern_group,running,100.0,1,1
cp_tutorial_3d_monolayer,1,16,1791285003.562976,414554,worker_0,W013,ConvertObjectsToImage,step_completed,success,32.25806451612903,10,31
cp_tutorial_3d_monolayer,1,16,1791285003.5629983,414554,worker_0,W013,Threshold,step_started,started,32.25806451612903,10,31
cp_tutorial_3d_monolayer,1,16,1791285003.7543883,414554,worker_0,W013,Threshold,pattern_group,running,100.0,1,1
cp_tutorial_3d_monolayer,1,16,1791285003.7546396,414554,worker_0,W013,Threshold,step_completed,success,35.483870967741936,11,31
cp_tutorial_3d_monolayer,1,16,1791285003.7546606,414554,worker_0,W013,ImageMath,step_started,started,35.483870967741936,11,31
cp_tutorial_3d_monolayer,1,16,1791285003.786706,414554,worker_0,W013,ImageMath,pattern_group,running,100.0,1,1
cp_tutorial_3d_monolayer,1,16,1791285003.7868605,414554,worker_0,W013,ImageMath,step_completed,success,38.70967741935484,12,31
cp_tutorial_3d_monolayer,1,16,1791285003.7868807,414554,worker_0,W013,RemoveHoles,step_started,started,38.70967741935484,12,31
cp_tutorial_3d_monolayer,1,16,1791285003.8346953,414554,worker_0,W013,RemoveHoles,pattern_group,running,100.0,1,1
cp_tutorial_3d_monolayer,1,16,1791285003.83484,414554,worker_0,W013,RemoveHoles,step_completed,success,41.935483870967744,13,31
cp_tutorial_3d_monolayer,1,16,1791285003.8348608,414554,worker_0,W013,ImageMath,step_started,started,41.935483870967744,13,31
cp_tutorial_3d_monolayer,1,16,1791285004.1119933,414554,worker_0,W013,ImageMath,pattern_group,running,100.0,1,1
cp_tutorial_3d_monolayer,1,16,1791285004.1121464,414554,worker_0,W013,ImageMath,step_completed,success,45.16129032258064,14,31
cp_tutorial_3d_monolayer,1,16,1791285004.1121676,414554,worker_0,W013,Resize,step_started,started,45.16129032258064,14,31
cp_tutorial_3d_monolayer,1,16,1791285004.1717534,414554,worker_0,W013,Resize,pattern_group,running,100.0,1,1
cp_tutorial_3d_monolayer,1,16,1791285004.1719015,414554,worker_0,W013,Resize,step_completed,success,48.38709677419355,15,31
cp_tutorial_3d_monolayer,1,16,1791285004.1719224,414554,worker_0,W013,Closing,step_started,started,48.38709677419355,15,31
cp_tutorial_3d_monolayer,1,16,1791285004.2502382,414554,worker_0,W013,Closing,pattern_group,running,100.0,1,1
cp_tutorial_3d_monolayer,1,16,1791285004.2503855,414554,worker_0,W013,Closing,step_completed,success,51.61290322580645,16,31
cp_tutorial_3d_monolayer,1,16,1791285004.250406,414554,worker_0,W013,Resize,step_started,started,51.61290322580645,16,31
cp_tutorial_3d_monolayer,1,16,1791285004.299182,414554,worker_0,W013,Resize,pattern_group,running,100.0,1,1
cp_tutorial_3d_monolayer,1,16,1791285004.2993314,414554,worker_0,W013,Resize,step_completed,success,54.83870967741935,17,31
cp_tutorial_3d_monolayer,1,16,1791285004.299351,414554,worker_0,W013,Threshold,step_started,started,54.83870967741935,17,31
cp_tutorial_3d_monolayer,1,16,1791285004.4527702,414554,worker_0,W013,Threshold,pattern_group,running,100.0,1,1
cp_tutorial_3d_monolayer,1,16,1791285004.4530065,414554,worker_0,W013,Threshold,step_completed,success,58.06451612903226,18,31
cp_tutorial_3d_monolayer,1,16,1791285004.4530282,414554,worker_0,W013,MaskImage,step_started,started,58.06451612903226,18,31
cp_tutorial_3d_monolayer,1,16,1791285004.6603608,414554,worker_0,W013,MaskImage,pattern_group,running,100.0,1,1
cp_tutorial_3d_monolayer,1,16,1791285004.660508,414554,worker_0,W013,MaskImage,step_completed,success,61.29032258064516,19,31
cp_tutorial_3d_monolayer,1,16,1791285004.6605277,414554,worker_0,W013,ErodeImage,step_started,started,61.29032258064516,19,31
cp_tutorial_3d_monolayer,1,16,1791285004.691925,414554,worker_0,W013,ErodeImage,pattern_group,running,100.0,1,1
cp_tutorial_3d_monolayer,1,16,1791285004.6920745,414554,worker_0,W013,ErodeImage,step_completed,success,64.51612903225806,20,31
cp_tutorial_3d_monolayer,1,16,1791285004.6920955,414554,worker_0,W013,Watershed,step_started,started,64.51612903225806,20,31
cp_tutorial_3d_monolayer,1,16,1791285004.7765584,414554,worker_0,W013,Watershed,pattern_group,running,100.0,1,1
cp_tutorial_3d_monolayer,1,16,1791285004.7769468,414554,worker_0,W013,Watershed,step_completed,success,67.74193548387096,21,31
cp_tutorial_3d_monolayer,1,16,1791285004.7769692,414554,worker_0,W013,MeasureObjectIntensity,step_started,started,67.74193548387096,21,31
cp_tutorial_3d_monolayer,1,16,1791285005.0126705,414554,worker_0,W013,MeasureObjectIntensity,pattern_group,running,50.0,1,2
cp_tutorial_3d_monolayer,1,16,1791285005.2847273,414554,worker_0,W013,MeasureObjectIntensity,pattern_group,running,100.0,2,2
cp_tutorial_3d_monolayer,1,16,1791285005.286922,414554,worker_0,W013,MeasureObjectIntensity,step_completed,success,70.96774193548387,22,31
cp_tutorial_3d_monolayer,1,16,1791285005.286945,414554,worker_0,W013,MeasureObjectSizeShape,step_started,started,70.96774193548387,22,31
cp_tutorial_3d_monolayer,1,16,1791285005.3819766,414554,worker_0,W013,MeasureObjectSizeShape,pattern_group,running,50.0,1,2
cp_tutorial_3d_monolayer,1,16,1791285005.4791453,414554,worker_0,W013,MeasureObjectSizeShape,pattern_group,running,100.0,2,2
cp_tutorial_3d_monolayer,1,16,1791285005.4797337,414554,worker_0,W013,MeasureObjectSizeShape,step_completed,success,74.19354838709677,23,31
cp_tutorial_3d_monolayer,1,16,1791285005.4797554,414554,worker_0,W013,OverlayObjects,step_started,started,74.19354838709677,23,31
cp_tutorial_3d_monolayer,1,16,1791285005.5005708,414554,worker_0,W013,OverlayObjects,pattern_group,running,100.0,1,1
cp_tutorial_3d_monolayer,1,16,1791285005.5006845,414554,worker_0,W013,OverlayObjects,step_completed,success,77.41935483870968,24,31
cp_tutorial_3d_monolayer,1,16,1791285005.5007043,414554,worker_0,W013,RescaleIntensity,step_started,started,77.41935483870968,24,31
cp_tutorial_3d_monolayer,1,16,1791285005.6030164,414554,worker_0,W013,RescaleIntensity,pattern_group,running,100.0,1,1
cp_tutorial_3d_monolayer,1,16,1791285005.6031647,414554,worker_0,W013,RescaleIntensity,step_completed,success,80.64516129032258,25,31
cp_tutorial_3d_monolayer,1,16,1791285005.603186,414554,worker_0,W013,OverlayObjects,step_started,started,80.64516129032258,25,31
cp_tutorial_3d_monolayer,1,16,1791285005.6223197,414554,worker_0,W013,OverlayObjects,pattern_group,running,100.0,1,1
cp_tutorial_3d_monolayer,1,16,1791285005.6224148,414554,worker_0,W013,OverlayObjects,step_completed,success,83.87096774193549,26,31
cp_tutorial_3d_monolayer,1,16,1791285005.6224358,414554,worker_0,W013,ConvertObjectsToImage,step_started,started,83.87096774193549,26,31
cp_tutorial_3d_monolayer,1,16,1791285005.65412,414554,worker_0,W013,ConvertObjectsToImage,pattern_group,running,100.0,1,1
cp_tutorial_3d_monolayer,1,16,1791285005.6542683,414554,worker_0,W013,ConvertObjectsToImage,step_completed,success,87.09677419354838,27,31
cp_tutorial_3d_monolayer,1,16,1791285005.6542938,414554,worker_0,W013,SaveImages,step_started,started,87.09677419354838,27,31
cp_tutorial_3d_monolayer,1,16,1791285005.7035027,414554,worker_0,W013,SaveImages,pattern_group,running,100.0,1,1
cp_tutorial_3d_monolayer,1,16,1791285005.7100055,414554,worker_0,W013,SaveImages,step_completed,success,90.32258064516128,28,31
cp_tutorial_3d_monolayer,1,16,1791285005.7100446,414554,worker_0,W013,ConvertObjectsToImage,step_started,started,90.32258064516128,28,31
cp_tutorial_3d_monolayer,1,16,1791285005.7431507,414554,worker_0,W013,ConvertObjectsToImage,pattern_group,running,100.0,1,1
cp_tutorial_3d_monolayer,1,16,1791285005.7433352,414554,worker_0,W013,ConvertObjectsToImage,step_completed,success,93.54838709677419,29,31
cp_tutorial_3d_monolayer,1,16,1791285005.7433572,414554,worker_0,W013,SaveImages,step_started,started,93.54838709677419,29,31
cp_tutorial_3d_monolayer,1,16,1791285005.7932537,414554,worker_0,W013,SaveImages,pattern_group,running,100.0,1,1
cp_tutorial_3d_monolayer,1,16,1791285005.8008401,414554,worker_0,W013,SaveImages,step_completed,success,96.7741935483871,30,31
cp_tutorial_3d_monolayer,1,16,1791285005.8035603,414554,worker_0,W013,pipeline,axis_completed,success,96.7741935483871,30,31
cp_tutorial_3d_monolayer,1,16,1791285005.803632,414554,worker_0,W014,pipeline,axis_started,started,0.0,0,31
cp_tutorial_3d_monolayer,1,16,1791285005.8036633,414554,worker_0,W014,RescaleIntensity,step_started,started,0.0,0,31
cp_tutorial_3d_monolayer,1,16,1791285006.0908263,414554,worker_0,W014,RescaleIntensity,pattern_group,running,100.0,1,1
cp_tutorial_3d_monolayer,1,16,1791285006.0909684,414554,worker_0,W014,RescaleIntensity,step_completed,success,3.225806451612903,1,31
cp_tutorial_3d_monolayer,1,16,1791285006.0909903,414554,worker_0,W014,Resize,step_started,started,3.225806451612903,1,31
cp_tutorial_3d_monolayer,1,16,1791285006.1466691,414554,worker_0,W014,Resize,pattern_group,running,100.0,1,1
cp_tutorial_3d_monolayer,1,16,1791285006.1468194,414554,worker_0,W014,Resize,step_completed,success,6.451612903225806,2,31
cp_tutorial_3d_monolayer,1,16,1791285006.1468403,414554,worker_0,W014,MedianFilter,step_started,started,6.451612903225806,2,31
cp_tutorial_3d_monolayer,1,16,1791285006.3127706,414554,worker_0,W014,MedianFilter,pattern_group,running,100.0,1,1
cp_tutorial_3d_monolayer,1,16,1791285006.312914,414554,worker_0,W014,MedianFilter,step_completed,success,9.67741935483871,3,31
cp_tutorial_3d_monolayer,1,16,1791285006.3129337,414554,worker_0,W014,Threshold,step_started,started,9.67741935483871,3,31
cp_tutorial_3d_monolayer,1,16,1791285006.3504872,414554,worker_0,W014,Threshold,pattern_group,running,100.0,1,1
cp_tutorial_3d_monolayer,1,16,1791285006.3507335,414554,worker_0,W014,Threshold,step_completed,success,12.903225806451612,4,31
cp_tutorial_3d_monolayer,1,16,1791285006.3507547,414554,worker_0,W014,RemoveHoles,step_started,started,12.903225806451612,4,31
cp_tutorial_3d_monolayer,1,16,1791285006.367515,414554,worker_0,W014,RemoveHoles,pattern_group,running,100.0,1,1
cp_tutorial_3d_monolayer,1,16,1791285006.3676682,414554,worker_0,W014,RemoveHoles,step_completed,success,16.129032258064516,5,31
cp_tutorial_3d_monolayer,1,16,1791285006.3676887,414554,worker_0,W014,Watershed,step_started,started,16.129032258064516,5,31
cp_tutorial_3d_monolayer,1,16,1791285006.4549415,414554,worker_0,W014,Watershed,pattern_group,running,100.0,1,1
cp_tutorial_3d_monolayer,1,16,1791285006.4553397,414554,worker_0,W014,Watershed,step_completed,success,19.35483870967742,6,31
cp_tutorial_3d_monolayer,1,16,1791285006.4553616,414554,worker_0,W014,ResizeObjects,step_started,started,19.35483870967742,6,31
cp_tutorial_3d_monolayer,1,16,1791285006.482584,414554,worker_0,W014,ResizeObjects,pattern_group,running,100.0,1,1
cp_tutorial_3d_monolayer,1,16,1791285006.483056,414554,worker_0,W014,ResizeObjects,step_completed,success,22.58064516129032,7,31
cp_tutorial_3d_monolayer,1,16,1791285006.4830787,414554,worker_0,W014,ErodeObjects,step_started,started,22.58064516129032,7,31
cp_tutorial_3d_monolayer,1,16,1791285006.540443,414554,worker_0,W014,ErodeObjects,pattern_group,running,100.0,1,1
cp_tutorial_3d_monolayer,1,16,1791285006.5409133,414554,worker_0,W014,ErodeObjects,step_completed,success,25.806451612903224,8,31
cp_tutorial_3d_monolayer,1,16,1791285006.540937,414554,worker_0,W014,ResizeObjects,step_started,started,25.806451612903224,8,31
cp_tutorial_3d_monolayer,1,16,1791285006.5651114,414554,worker_0,W014,ResizeObjects,pattern_group,running,100.0,1,1
cp_tutorial_3d_monolayer,1,16,1791285006.565587,414554,worker_0,W014,ResizeObjects,step_completed,success,29.03225806451613,9,31
cp_tutorial_3d_monolayer,1,16,1791285006.5656087,414554,worker_0,W014,ConvertObjectsToImage,step_started,started,29.03225806451613,9,31
cp_tutorial_3d_monolayer,1,16,1791285006.5877004,414554,worker_0,W014,ConvertObjectsToImage,pattern_group,running,100.0,1,1
cp_tutorial_3d_monolayer,1,16,1791285006.5878487,414554,worker_0,W014,ConvertObjectsToImage,step_completed,success,32.25806451612903,10,31
cp_tutorial_3d_monolayer,1,16,1791285006.5878701,414554,worker_0,W014,Threshold,step_started,started,32.25806451612903,10,31
cp_tutorial_3d_monolayer,1,16,1791285006.7792978,414554,worker_0,W014,Threshold,pattern_group,running,100.0,1,1
cp_tutorial_3d_monolayer,1,16,1791285006.7795393,414554,worker_0,W014,Threshold,step_completed,success,35.483870967741936,11,31
cp_tutorial_3d_monolayer,1,16,1791285006.7795615,414554,worker_0,W014,ImageMath,step_started,started,35.483870967741936,11,31
cp_tutorial_3d_monolayer,1,16,1791285006.8112984,414554,worker_0,W014,ImageMath,pattern_group,running,100.0,1,1
cp_tutorial_3d_monolayer,1,16,1791285006.811451,414554,worker_0,W014,ImageMath,step_completed,success,38.70967741935484,12,31
cp_tutorial_3d_monolayer,1,16,1791285006.8114722,414554,worker_0,W014,RemoveHoles,step_started,started,38.70967741935484,12,31
cp_tutorial_3d_monolayer,1,16,1791285006.859415,414554,worker_0,W014,RemoveHoles,pattern_group,running,100.0,1,1
cp_tutorial_3d_monolayer,1,16,1791285006.8595622,414554,worker_0,W014,RemoveHoles,step_completed,success,41.935483870967744,13,31
cp_tutorial_3d_monolayer,1,16,1791285006.8595834,414554,worker_0,W014,ImageMath,step_started,started,41.935483870967744,13,31
cp_tutorial_3d_monolayer,1,16,1791285007.1396716,414554,worker_0,W014,ImageMath,pattern_group,running,100.0,1,1
cp_tutorial_3d_monolayer,1,16,1791285007.1398616,414554,worker_0,W014,ImageMath,step_completed,success,45.16129032258064,14,31
cp_tutorial_3d_monolayer,1,16,1791285007.1398911,414554,worker_0,W014,Resize,step_started,started,45.16129032258064,14,31
cp_tutorial_3d_monolayer,1,16,1791285007.2008054,414554,worker_0,W014,Resize,pattern_group,running,100.0,1,1
cp_tutorial_3d_monolayer,1,16,1791285007.2009559,414554,worker_0,W014,Resize,step_completed,success,48.38709677419355,15,31
cp_tutorial_3d_monolayer,1,16,1791285007.2009768,414554,worker_0,W014,Closing,step_started,started,48.38709677419355,15,31
cp_tutorial_3d_monolayer,1,16,1791285007.2790961,414554,worker_0,W014,Closing,pattern_group,running,100.0,1,1
cp_tutorial_3d_monolayer,1,16,1791285007.2792406,414554,worker_0,W014,Closing,step_completed,success,51.61290322580645,16,31
cp_tutorial_3d_monolayer,1,16,1791285007.2792606,414554,worker_0,W014,Resize,step_started,started,51.61290322580645,16,31
cp_tutorial_3d_monolayer,1,16,1791285007.3280256,414554,worker_0,W014,Resize,pattern_group,running,100.0,1,1
cp_tutorial_3d_monolayer,1,16,1791285007.3281672,414554,worker_0,W014,Resize,step_completed,success,54.83870967741935,17,31
cp_tutorial_3d_monolayer,1,16,1791285007.3281877,414554,worker_0,W014,Threshold,step_started,started,54.83870967741935,17,31
cp_tutorial_3d_monolayer,1,16,1791285007.4811723,414554,worker_0,W014,Threshold,pattern_group,running,100.0,1,1
cp_tutorial_3d_monolayer,1,16,1791285007.481419,414554,worker_0,W014,Threshold,step_completed,success,58.06451612903226,18,31
cp_tutorial_3d_monolayer,1,16,1791285007.4814403,414554,worker_0,W014,MaskImage,step_started,started,58.06451612903226,18,31
cp_tutorial_3d_monolayer,1,16,1791285007.5274887,414554,worker_0,W014,MaskImage,pattern_group,running,100.0,1,1
cp_tutorial_3d_monolayer,1,16,1791285007.527638,414554,worker_0,W014,MaskImage,step_completed,success,61.29032258064516,19,31
cp_tutorial_3d_monolayer,1,16,1791285007.5276582,414554,worker_0,W014,ErodeImage,step_started,started,61.29032258064516,19,31
cp_tutorial_3d_monolayer,1,16,1791285007.5588288,414554,worker_0,W014,ErodeImage,pattern_group,running,100.0,1,1
cp_tutorial_3d_monolayer,1,16,1791285007.5589762,414554,worker_0,W014,ErodeImage,step_completed,success,64.51612903225806,20,31
cp_tutorial_3d_monolayer,1,16,1791285007.558997,414554,worker_0,W014,Watershed,step_started,started,64.51612903225806,20,31
cp_tutorial_3d_monolayer,1,16,1791285007.643295,414554,worker_0,W014,Watershed,pattern_group,running,100.0,1,1
cp_tutorial_3d_monolayer,1,16,1791285007.643676,414554,worker_0,W014,Watershed,step_completed,success,67.74193548387096,21,31
cp_tutorial_3d_monolayer,1,16,1791285007.6436977,414554,worker_0,W014,MeasureObjectIntensity,step_started,started,67.74193548387096,21,31
cp_tutorial_3d_monolayer,1,16,1791285007.879035,414554,worker_0,W014,MeasureObjectIntensity,pattern_group,running,50.0,1,2
cp_tutorial_3d_monolayer,1,16,1791285008.1518984,414554,worker_0,W014,MeasureObjectIntensity,pattern_group,running,100.0,2,2
cp_tutorial_3d_monolayer,1,16,1791285008.154088,414554,worker_0,W014,MeasureObjectIntensity,step_completed,success,70.96774193548387,22,31
cp_tutorial_3d_monolayer,1,16,1791285008.1541119,414554,worker_0,W014,MeasureObjectSizeShape,step_started,started,70.96774193548387,22,31
cp_tutorial_3d_monolayer,1,16,1791285008.2488482,414554,worker_0,W014,MeasureObjectSizeShape,pattern_group,running,50.0,1,2
cp_tutorial_3d_monolayer,1,16,1791285008.3457754,414554,worker_0,W014,MeasureObjectSizeShape,pattern_group,running,100.0,2,2
cp_tutorial_3d_monolayer,1,16,1791285008.3463614,414554,worker_0,W014,MeasureObjectSizeShape,step_completed,success,74.19354838709677,23,31
cp_tutorial_3d_monolayer,1,16,1791285008.3463838,414554,worker_0,W014,OverlayObjects,step_started,started,74.19354838709677,23,31
cp_tutorial_3d_monolayer,1,16,1791285008.3667307,414554,worker_0,W014,OverlayObjects,pattern_group,running,100.0,1,1
cp_tutorial_3d_monolayer,1,16,1791285008.3670006,414554,worker_0,W014,OverlayObjects,step_completed,success,77.41935483870968,24,31
cp_tutorial_3d_monolayer,1,16,1791285008.3670218,414554,worker_0,W014,RescaleIntensity,step_started,started,77.41935483870968,24,31
cp_tutorial_3d_monolayer,1,16,1791285008.4710202,414554,worker_0,W014,RescaleIntensity,pattern_group,running,100.0,1,1
cp_tutorial_3d_monolayer,1,16,1791285008.4711683,414554,worker_0,W014,RescaleIntensity,step_completed,success,80.64516129032258,25,31
cp_tutorial_3d_monolayer,1,16,1791285008.4711893,414554,worker_0,W014,OverlayObjects,step_started,started,80.64516129032258,25,31
cp_tutorial_3d_monolayer,1,16,1791285008.4901578,414554,worker_0,W014,OverlayObjects,pattern_group,running,100.0,1,1
cp_tutorial_3d_monolayer,1,16,1791285008.4902647,414554,worker_0,W014,OverlayObjects,step_completed,success,83.87096774193549,26,31
cp_tutorial_3d_monolayer,1,16,1791285008.4902897,414554,worker_0,W014,ConvertObjectsToImage,step_started,started,83.87096774193549,26,31
cp_tutorial_3d_monolayer,1,16,1791285008.5226297,414554,worker_0,W014,ConvertObjectsToImage,pattern_group,running,100.0,1,1
cp_tutorial_3d_monolayer,1,16,1791285008.5227818,414554,worker_0,W014,ConvertObjectsToImage,step_completed,success,87.09677419354838,27,31
cp_tutorial_3d_monolayer,1,16,1791285008.5228028,414554,worker_0,W014,SaveImages,step_started,started,87.09677419354838,27,31
cp_tutorial_3d_monolayer,1,16,1791285008.571556,414554,worker_0,W014,SaveImages,pattern_group,running,100.0,1,1
cp_tutorial_3d_monolayer,1,16,1791285008.577929,414554,worker_0,W014,SaveImages,step_completed,success,90.32258064516128,28,31
cp_tutorial_3d_monolayer,1,16,1791285008.5779607,414554,worker_0,W014,ConvertObjectsToImage,step_started,started,90.32258064516128,28,31
cp_tutorial_3d_monolayer,1,16,1791285008.6102526,414554,worker_0,W014,ConvertObjectsToImage,pattern_group,running,100.0,1,1
cp_tutorial_3d_monolayer,1,16,1791285008.610437,414554,worker_0,W014,ConvertObjectsToImage,step_completed,success,93.54838709677419,29,31
cp_tutorial_3d_monolayer,1,16,1791285008.6104586,414554,worker_0,W014,SaveImages,step_started,started,93.54838709677419,29,31
cp_tutorial_3d_monolayer,1,16,1791285008.6591587,414554,worker_0,W014,SaveImages,pattern_group,running,100.0,1,1
cp_tutorial_3d_monolayer,1,16,1791285008.6666117,414554,worker_0,W014,SaveImages,step_completed,success,96.7741935483871,30,31
cp_tutorial_3d_monolayer,1,16,1791285008.6693423,414554,worker_0,W014,pipeline,axis_completed,success,96.7741935483871,30,31
cp_tutorial_3d_monolayer,1,16,1791285008.6694174,414554,worker_0,W015,pipeline,axis_started,started,0.0,0,31
cp_tutorial_3d_monolayer,1,16,1791285008.6694493,414554,worker_0,W015,RescaleIntensity,step_started,started,0.0,0,31
cp_tutorial_3d_monolayer,1,16,1791285008.95265,414554,worker_0,W015,RescaleIntensity,pattern_group,running,100.0,1,1
cp_tutorial_3d_monolayer,1,16,1791285008.9528046,414554,worker_0,W015,RescaleIntensity,step_completed,success,3.225806451612903,1,31
cp_tutorial_3d_monolayer,1,16,1791285008.9528275,414554,worker_0,W015,Resize,step_started,started,3.225806451612903,1,31
cp_tutorial_3d_monolayer,1,16,1791285009.008282,414554,worker_0,W015,Resize,pattern_group,running,100.0,1,1
cp_tutorial_3d_monolayer,1,16,1791285009.0084321,414554,worker_0,W015,Resize,step_completed,success,6.451612903225806,2,31
cp_tutorial_3d_monolayer,1,16,1791285009.0084538,414554,worker_0,W015,MedianFilter,step_started,started,6.451612903225806,2,31
cp_tutorial_3d_monolayer,1,16,1791285009.1751935,414554,worker_0,W015,MedianFilter,pattern_group,running,100.0,1,1
cp_tutorial_3d_monolayer,1,16,1791285009.1753423,414554,worker_0,W015,MedianFilter,step_completed,success,9.67741935483871,3,31
cp_tutorial_3d_monolayer,1,16,1791285009.1753626,414554,worker_0,W015,Threshold,step_started,started,9.67741935483871,3,31
cp_tutorial_3d_monolayer,1,16,1791285009.2130058,414554,worker_0,W015,Threshold,pattern_group,running,100.0,1,1
cp_tutorial_3d_monolayer,1,16,1791285009.2132475,414554,worker_0,W015,Threshold,step_completed,success,12.903225806451612,4,31
cp_tutorial_3d_monolayer,1,16,1791285009.2132761,414554,worker_0,W015,RemoveHoles,step_started,started,12.903225806451612,4,31
cp_tutorial_3d_monolayer,1,16,1791285009.2300816,414554,worker_0,W015,RemoveHoles,pattern_group,running,100.0,1,1
cp_tutorial_3d_monolayer,1,16,1791285009.2302325,414554,worker_0,W015,RemoveHoles,step_completed,success,16.129032258064516,5,31
cp_tutorial_3d_monolayer,1,16,1791285009.2302532,414554,worker_0,W015,Watershed,step_started,started,16.129032258064516,5,31
cp_tutorial_3d_monolayer,1,16,1791285009.318286,414554,worker_0,W015,Watershed,pattern_group,running,100.0,1,1
cp_tutorial_3d_monolayer,1,16,1791285009.318665,414554,worker_0,W015,Watershed,step_completed,success,19.35483870967742,6,31
cp_tutorial_3d_monolayer,1,16,1791285009.3186865,414554,worker_0,W015,ResizeObjects,step_started,started,19.35483870967742,6,31
cp_tutorial_3d_monolayer,1,16,1791285009.3505979,414554,worker_0,W015,ResizeObjects,pattern_group,running,100.0,1,1
cp_tutorial_3d_monolayer,1,16,1791285009.351226,414554,worker_0,W015,ResizeObjects,step_completed,success,22.58064516129032,7,31
cp_tutorial_3d_monolayer,1,16,1791285009.3512793,414554,worker_0,W015,ErodeObjects,step_started,started,22.58064516129032,7,31
cp_tutorial_3d_monolayer,1,16,1791285009.4211407,414554,worker_0,W015,ErodeObjects,pattern_group,running,100.0,1,1
cp_tutorial_3d_monolayer,1,16,1791285009.4219286,414554,worker_0,W015,ErodeObjects,step_completed,success,25.806451612903224,8,31
cp_tutorial_3d_monolayer,1,16,1791285009.4219525,414554,worker_0,W015,ResizeObjects,step_started,started,25.806451612903224,8,31
cp_tutorial_3d_monolayer,1,16,1791285009.452799,414554,worker_0,W015,ResizeObjects,pattern_group,running,100.0,1,1
cp_tutorial_3d_monolayer,1,16,1791285009.4535406,414554,worker_0,W015,ResizeObjects,step_completed,success,29.03225806451613,9,31
cp_tutorial_3d_monolayer,1,16,1791285009.453564,414554,worker_0,W015,ConvertObjectsToImage,step_started,started,29.03225806451613,9,31
cp_tutorial_3d_monolayer,1,16,1791285009.4803727,414554,worker_0,W015,ConvertObjectsToImage,pattern_group,running,100.0,1,1
cp_tutorial_3d_monolayer,1,16,1791285009.4805684,414554,worker_0,W015,ConvertObjectsToImage,step_completed,success,32.25806451612903,10,31
cp_tutorial_3d_monolayer,1,16,1791285009.4806085,414554,worker_0,W015,Threshold,step_started,started,32.25806451612903,10,31
cp_tutorial_3d_monolayer,1,16,1791285009.742305,414554,worker_0,W015,Threshold,pattern_group,running,100.0,1,1
cp_tutorial_3d_monolayer,1,16,1791285009.742674,414554,worker_0,W015,Threshold,step_completed,success,35.483870967741936,11,31
cp_tutorial_3d_monolayer,1,16,1791285009.7427013,414554,worker_0,W015,ImageMath,step_started,started,35.483870967741936,11,31
cp_tutorial_3d_monolayer,1,16,1791285009.788497,414554,worker_0,W015,ImageMath,pattern_group,running,100.0,1,1
cp_tutorial_3d_monolayer,1,16,1791285009.7887158,414554,worker_0,W015,ImageMath,step_completed,success,38.70967741935484,12,31
cp_tutorial_3d_monolayer,1,16,1791285009.7887385,414554,worker_0,W015,RemoveHoles,step_started,started,38.70967741935484,12,31
cp_tutorial_3d_monolayer,1,16,1791285009.8482175,414554,worker_0,W015,RemoveHoles,pattern_group,running,100.0,1,1
cp_tutorial_3d_monolayer,1,16,1791285009.8484495,414554,worker_0,W015,RemoveHoles,step_completed,success,41.935483870967744,13,31
cp_tutorial_3d_monolayer,1,16,1791285009.8484719,414554,worker_0,W015,ImageMath,step_started,started,41.935483870967744,13,31
cp_tutorial_3d_monolayer,1,16,1791285010.252556,414554,worker_0,W015,ImageMath,pattern_group,running,100.0,1,1
cp_tutorial_3d_monolayer,1,16,1791285010.2527423,414554,worker_0,W015,ImageMath,step_completed,success,45.16129032258064,14,31
cp_tutorial_3d_monolayer,1,16,1791285010.2527647,414554,worker_0,W015,Resize,step_started,started,45.16129032258064,14,31
cp_tutorial_3d_monolayer,1,16,1791285010.3292744,414554,worker_0,W015,Resize,pattern_group,running,100.0,1,1
cp_tutorial_3d_monolayer,1,16,1791285010.3295014,414554,worker_0,W015,Resize,step_completed,success,48.38709677419355,15,31
cp_tutorial_3d_monolayer,1,16,1791285010.3295236,414554,worker_0,W015,Closing,step_started,started,48.38709677419355,15,31
cp_tutorial_3d_monolayer,1,16,1791285010.43276,414554,worker_0,W015,Closing,pattern_group,running,100.0,1,1
cp_tutorial_3d_monolayer,1,16,1791285010.4329307,414554,worker_0,W015,Closing,step_completed,success,51.61290322580645,16,31
cp_tutorial_3d_monolayer,1,16,1791285010.4329746,414554,worker_0,W015,Resize,step_started,started,51.61290322580645,16,31
cp_tutorial_3d_monolayer,1,16,1791285010.4937255,414554,worker_0,W015,Resize,pattern_group,running,100.0,1,1
cp_tutorial_3d_monolayer,1,16,1791285010.4939547,414554,worker_0,W015,Resize,step_completed,success,54.83870967741935,17,31
cp_tutorial_3d_monolayer,1,16,1791285010.493977,414554,worker_0,W015,Threshold,step_started,started,54.83870967741935,17,31
cp_tutorial_3d_monolayer,1,16,1791285010.6950185,414554,worker_0,W015,Threshold,pattern_group,running,100.0,1,1
cp_tutorial_3d_monolayer,1,16,1791285010.6954675,414554,worker_0,W015,Threshold,step_completed,success,58.06451612903226,18,31
cp_tutorial_3d_monolayer,1,16,1791285010.6954923,414554,worker_0,W015,MaskImage,step_started,started,58.06451612903226,18,31
cp_tutorial_3d_monolayer,1,16,1791285010.7646136,414554,worker_0,W015,MaskImage,pattern_group,running,100.0,1,1
cp_tutorial_3d_monolayer,1,16,1791285010.7648137,414554,worker_0,W015,MaskImage,step_completed,success,61.29032258064516,19,31
cp_tutorial_3d_monolayer,1,16,1791285010.764903,414554,worker_0,W015,ErodeImage,step_started,started,61.29032258064516,19,31
cp_tutorial_3d_monolayer,1,16,1791285010.806157,414554,worker_0,W015,ErodeImage,pattern_group,running,100.0,1,1
cp_tutorial_3d_monolayer,1,16,1791285010.8064156,414554,worker_0,W015,ErodeImage,step_completed,success,64.51612903225806,20,31
cp_tutorial_3d_monolayer,1,16,1791285010.8064384,414554,worker_0,W015,Watershed,step_started,started,64.51612903225806,20,31
cp_tutorial_3d_monolayer,1,16,1791285010.916571,414554,worker_0,W015,Watershed,pattern_group,running,100.0,1,1
cp_tutorial_3d_monolayer,1,16,1791285010.917339,414554,worker_0,W015,Watershed,step_completed,success,67.74193548387096,21,31
cp_tutorial_3d_monolayer,1,16,1791285010.9173632,414554,worker_0,W015,MeasureObjectIntensity,step_started,started,67.74193548387096,21,31
cp_tutorial_3d_monolayer,1,16,1791285011.2459798,414554,worker_0,W015,MeasureObjectIntensity,pattern_group,running,50.0,1,2
cp_tutorial_3d_monolayer,1,16,1791285011.663854,414554,worker_0,W015,MeasureObjectIntensity,pattern_group,running,100.0,2,2
cp_tutorial_3d_monolayer,1,16,1791285011.6660354,414554,worker_0,W015,MeasureObjectIntensity,step_completed,success,70.96774193548387,22,31
cp_tutorial_3d_monolayer,1,16,1791285011.66606,414554,worker_0,W015,MeasureObjectSizeShape,step_started,started,70.96774193548387,22,31
cp_tutorial_3d_monolayer,1,16,1791285011.760581,414554,worker_0,W015,MeasureObjectSizeShape,pattern_group,running,50.0,1,2
cp_tutorial_3d_monolayer,1,16,1791285011.8583345,414554,worker_0,W015,MeasureObjectSizeShape,pattern_group,running,100.0,2,2
cp_tutorial_3d_monolayer,1,16,1791285011.8588974,414554,worker_0,W015,MeasureObjectSizeShape,step_completed,success,74.19354838709677,23,31
cp_tutorial_3d_monolayer,1,16,1791285011.858919,414554,worker_0,W015,OverlayObjects,step_started,started,74.19354838709677,23,31
cp_tutorial_3d_monolayer,1,16,1791285011.8794308,414554,worker_0,W015,OverlayObjects,pattern_group,running,100.0,1,1
cp_tutorial_3d_monolayer,1,16,1791285011.87955,414554,worker_0,W015,OverlayObjects,step_completed,success,77.41935483870968,24,31
cp_tutorial_3d_monolayer,1,16,1791285011.8795707,414554,worker_0,W015,RescaleIntensity,step_started,started,77.41935483870968,24,31
cp_tutorial_3d_monolayer,1,16,1791285011.9841971,414554,worker_0,W015,RescaleIntensity,pattern_group,running,100.0,1,1
cp_tutorial_3d_monolayer,1,16,1791285011.9843504,414554,worker_0,W015,RescaleIntensity,step_completed,success,80.64516129032258,25,31
cp_tutorial_3d_monolayer,1,16,1791285011.9843717,414554,worker_0,W015,OverlayObjects,step_started,started,80.64516129032258,25,31
cp_tutorial_3d_monolayer,1,16,1791285012.005076,414554,worker_0,W015,OverlayObjects,pattern_group,running,100.0,1,1
cp_tutorial_3d_monolayer,1,16,1791285012.0051868,414554,worker_0,W015,OverlayObjects,step_completed,success,83.87096774193549,26,31
cp_tutorial_3d_monolayer,1,16,1791285012.0052078,414554,worker_0,W015,ConvertObjectsToImage,step_started,started,83.87096774193549,26,31
cp_tutorial_3d_monolayer,1,16,1791285012.037502,414554,worker_0,W015,ConvertObjectsToImage,pattern_group,running,100.0,1,1
cp_tutorial_3d_monolayer,1,16,1791285012.037655,414554,worker_0,W015,ConvertObjectsToImage,step_completed,success,87.09677419354838,27,31
cp_tutorial_3d_monolayer,1,16,1791285012.0376763,414554,worker_0,W015,SaveImages,step_started,started,87.09677419354838,27,31
cp_tutorial_3d_monolayer,1,16,1791285012.0870152,414554,worker_0,W015,SaveImages,pattern_group,running,100.0,1,1
cp_tutorial_3d_monolayer,1,16,1791285012.0938525,414554,worker_0,W015,SaveImages,step_completed,success,90.32258064516128,28,31
cp_tutorial_3d_monolayer,1,16,1791285012.0938907,414554,worker_0,W015,ConvertObjectsToImage,step_started,started,90.32258064516128,28,31
cp_tutorial_3d_monolayer,1,16,1791285012.125907,414554,worker_0,W015,ConvertObjectsToImage,pattern_group,running,100.0,1,1
cp_tutorial_3d_monolayer,1,16,1791285012.1260874,414554,worker_0,W015,ConvertObjectsToImage,step_completed,success,93.54838709677419,29,31
cp_tutorial_3d_monolayer,1,16,1791285012.1261098,414554,worker_0,W015,SaveImages,step_started,started,93.54838709677419,29,31
cp_tutorial_3d_monolayer,1,16,1791285012.1755636,414554,worker_0,W015,SaveImages,pattern_group,running,100.0,1,1
cp_tutorial_3d_monolayer,1,16,1791285012.183084,414554,worker_0,W015,SaveImages,step_completed,success,96.7741935483871,30,31
cp_tutorial_3d_monolayer,1,16,1791285012.1856415,414554,worker_0,W015,pipeline,axis_completed,success,96.7741935483871,30,31
cp_tutorial_3d_monolayer,1,16,1791285012.1857126,414554,worker_0,W016,pipeline,axis_started,started,0.0,0,31
cp_tutorial_3d_monolayer,1,16,1791285012.1857438,414554,worker_0,W016,RescaleIntensity,step_started,started,0.0,0,31
cp_tutorial_3d_monolayer,1,16,1791285012.6588802,414554,worker_0,W016,RescaleIntensity,pattern_group,running,100.0,1,1
cp_tutorial_3d_monolayer,1,16,1791285012.6590261,414554,worker_0,W016,RescaleIntensity,step_completed,success,3.225806451612903,1,31
cp_tutorial_3d_monolayer,1,16,1791285012.6590466,414554,worker_0,W016,Resize,step_started,started,3.225806451612903,1,31
cp_tutorial_3d_monolayer,1,16,1791285012.7144594,414554,worker_0,W016,Resize,pattern_group,running,100.0,1,1
cp_tutorial_3d_monolayer,1,16,1791285012.7146106,414554,worker_0,W016,Resize,step_completed,success,6.451612903225806,2,31
cp_tutorial_3d_monolayer,1,16,1791285012.7146306,414554,worker_0,W016,MedianFilter,step_started,started,6.451612903225806,2,31
cp_tutorial_3d_monolayer,1,16,1791285012.8803616,414554,worker_0,W016,MedianFilter,pattern_group,running,100.0,1,1
cp_tutorial_3d_monolayer,1,16,1791285012.8805058,414554,worker_0,W016,MedianFilter,step_completed,success,9.67741935483871,3,31
cp_tutorial_3d_monolayer,1,16,1791285012.880526,414554,worker_0,W016,Threshold,step_started,started,9.67741935483871,3,31
cp_tutorial_3d_monolayer,1,16,1791285012.9174142,414554,worker_0,W016,Threshold,pattern_group,running,100.0,1,1
cp_tutorial_3d_monolayer,1,16,1791285012.9182417,414554,worker_0,W016,Threshold,step_completed,success,12.903225806451612,4,31
cp_tutorial_3d_monolayer,1,16,1791285012.9182787,414554,worker_0,W016,RemoveHoles,step_started,started,12.903225806451612,4,31
cp_tutorial_3d_monolayer,1,16,1791285012.9363074,414554,worker_0,W016,RemoveHoles,pattern_group,running,100.0,1,1
cp_tutorial_3d_monolayer,1,16,1791285012.9364624,414554,worker_0,W016,RemoveHoles,step_completed,success,16.129032258064516,5,31
cp_tutorial_3d_monolayer,1,16,1791285012.936485,414554,worker_0,W016,Watershed,step_started,started,16.129032258064516,5,31
cp_tutorial_3d_monolayer,1,16,1791285013.0246174,414554,worker_0,W016,Watershed,pattern_group,running,100.0,1,1
cp_tutorial_3d_monolayer,1,16,1791285013.025001,414554,worker_0,W016,Watershed,step_completed,success,19.35483870967742,6,31
cp_tutorial_3d_monolayer,1,16,1791285013.0250225,414554,worker_0,W016,ResizeObjects,step_started,started,19.35483870967742,6,31
cp_tutorial_3d_monolayer,1,16,1791285013.0522854,414554,worker_0,W016,ResizeObjects,pattern_group,running,100.0,1,1
cp_tutorial_3d_monolayer,1,16,1791285013.0527585,414554,worker_0,W016,ResizeObjects,step_completed,success,22.58064516129032,7,31
cp_tutorial_3d_monolayer,1,16,1791285013.0527809,414554,worker_0,W016,ErodeObjects,step_started,started,22.58064516129032,7,31
cp_tutorial_3d_monolayer,1,16,1791285013.1099,414554,worker_0,W016,ErodeObjects,pattern_group,running,100.0,1,1
cp_tutorial_3d_monolayer,1,16,1791285013.11038,414554,worker_0,W016,ErodeObjects,step_completed,success,25.806451612903224,8,31
cp_tutorial_3d_monolayer,1,16,1791285013.1104038,414554,worker_0,W016,ResizeObjects,step_started,started,25.806451612903224,8,31
cp_tutorial_3d_monolayer,1,16,1791285013.1349432,414554,worker_0,W016,ResizeObjects,pattern_group,running,100.0,1,1
cp_tutorial_3d_monolayer,1,16,1791285013.135423,414554,worker_0,W016,ResizeObjects,step_completed,success,29.03225806451613,9,31
cp_tutorial_3d_monolayer,1,16,1791285013.1354475,414554,worker_0,W016,ConvertObjectsToImage,step_started,started,29.03225806451613,9,31
cp_tutorial_3d_monolayer,1,16,1791285013.1577723,414554,worker_0,W016,ConvertObjectsToImage,pattern_group,running,100.0,1,1
cp_tutorial_3d_monolayer,1,16,1791285013.1579242,414554,worker_0,W016,ConvertObjectsToImage,step_completed,success,32.25806451612903,10,31
cp_tutorial_3d_monolayer,1,16,1791285013.157946,414554,worker_0,W016,Threshold,step_started,started,32.25806451612903,10,31
cp_tutorial_3d_monolayer,1,16,1791285013.3501482,414554,worker_0,W016,Threshold,pattern_group,running,100.0,1,1
cp_tutorial_3d_monolayer,1,16,1791285013.3504045,414554,worker_0,W016,Threshold,step_completed,success,35.483870967741936,11,31
cp_tutorial_3d_monolayer,1,16,1791285013.3504255,414554,worker_0,W016,ImageMath,step_started,started,35.483870967741936,11,31
cp_tutorial_3d_monolayer,1,16,1791285013.382652,414554,worker_0,W016,ImageMath,pattern_group,running,100.0,1,1
cp_tutorial_3d_monolayer,1,16,1791285013.3828075,414554,worker_0,W016,ImageMath,step_completed,success,38.70967741935484,12,31
cp_tutorial_3d_monolayer,1,16,1791285013.3828285,414554,worker_0,W016,RemoveHoles,step_started,started,38.70967741935484,12,31
cp_tutorial_3d_monolayer,1,16,1791285013.4309192,414554,worker_0,W016,RemoveHoles,pattern_group,running,100.0,1,1
cp_tutorial_3d_monolayer,1,16,1791285013.4310644,414554,worker_0,W016,RemoveHoles,step_completed,success,41.935483870967744,13,31
cp_tutorial_3d_monolayer,1,16,1791285013.431084,414554,worker_0,W016,ImageMath,step_started,started,41.935483870967744,13,31
cp_tutorial_3d_monolayer,1,16,1791285013.716864,414554,worker_0,W016,ImageMath,pattern_group,running,100.0,1,1
cp_tutorial_3d_monolayer,1,16,1791285013.7170162,414554,worker_0,W016,ImageMath,step_completed,success,45.16129032258064,14,31
cp_tutorial_3d_monolayer,1,16,1791285013.717037,414554,worker_0,W016,Resize,step_started,started,45.16129032258064,14,31
cp_tutorial_3d_monolayer,1,16,1791285013.776277,414554,worker_0,W016,Resize,pattern_group,running,100.0,1,1
cp_tutorial_3d_monolayer,1,16,1791285013.7764177,414554,worker_0,W016,Resize,step_completed,success,48.38709677419355,15,31
cp_tutorial_3d_monolayer,1,16,1791285013.776483,414554,worker_0,W016,Closing,step_started,started,48.38709677419355,15,31
cp_tutorial_3d_monolayer,1,16,1791285013.8542285,414554,worker_0,W016,Closing,pattern_group,running,100.0,1,1
cp_tutorial_3d_monolayer,1,16,1791285013.8543766,414554,worker_0,W016,Closing,step_completed,success,51.61290322580645,16,31
cp_tutorial_3d_monolayer,1,16,1791285013.8543963,414554,worker_0,W016,Resize,step_started,started,51.61290322580645,16,31
cp_tutorial_3d_monolayer,1,16,1791285013.9036424,414554,worker_0,W016,Resize,pattern_group,running,100.0,1,1
cp_tutorial_3d_monolayer,1,16,1791285013.903787,414554,worker_0,W016,Resize,step_completed,success,54.83870967741935,17,31
cp_tutorial_3d_monolayer,1,16,1791285013.903807,414554,worker_0,W016,Threshold,step_started,started,54.83870967741935,17,31
cp_tutorial_3d_monolayer,1,16,1791285014.06472,414554,worker_0,W016,Threshold,pattern_group,running,100.0,1,1
cp_tutorial_3d_monolayer,1,16,1791285014.0649674,414554,worker_0,W016,Threshold,step_completed,success,58.06451612903226,18,31
cp_tutorial_3d_monolayer,1,16,1791285014.0649889,414554,worker_0,W016,MaskImage,step_started,started,58.06451612903226,18,31
cp_tutorial_3d_monolayer,1,16,1791285014.112751,414554,worker_0,W016,MaskImage,pattern_group,running,100.0,1,1
cp_tutorial_3d_monolayer,1,16,1791285014.1129045,414554,worker_0,W016,MaskImage,step_completed,success,61.29032258064516,19,31
cp_tutorial_3d_monolayer,1,16,1791285014.1129246,414554,worker_0,W016,ErodeImage,step_started,started,61.29032258064516,19,31
cp_tutorial_3d_monolayer,1,16,1791285014.145788,414554,worker_0,W016,ErodeImage,pattern_group,running,100.0,1,1
cp_tutorial_3d_monolayer,1,16,1791285014.145936,414554,worker_0,W016,ErodeImage,step_completed,success,64.51612903225806,20,31
cp_tutorial_3d_monolayer,1,16,1791285014.1459565,414554,worker_0,W016,Watershed,step_started,started,64.51612903225806,20,31
cp_tutorial_3d_monolayer,1,16,1791285014.2303617,414554,worker_0,W016,Watershed,pattern_group,running,100.0,1,1
cp_tutorial_3d_monolayer,1,16,1791285014.2307482,414554,worker_0,W016,Watershed,step_completed,success,67.74193548387096,21,31
cp_tutorial_3d_monolayer,1,16,1791285014.2307694,414554,worker_0,W016,MeasureObjectIntensity,step_started,started,67.74193548387096,21,31
cp_tutorial_3d_monolayer,1,16,1791285014.469315,414554,worker_0,W016,MeasureObjectIntensity,pattern_group,running,50.0,1,2
cp_tutorial_3d_monolayer,1,16,1791285014.7405076,414554,worker_0,W016,MeasureObjectIntensity,pattern_group,running,100.0,2,2
cp_tutorial_3d_monolayer,1,16,1791285014.742693,414554,worker_0,W016,MeasureObjectIntensity,step_completed,success,70.96774193548387,22,31
cp_tutorial_3d_monolayer,1,16,1791285014.7427173,414554,worker_0,W016,MeasureObjectSizeShape,step_started,started,70.96774193548387,22,31
cp_tutorial_3d_monolayer,1,16,1791285014.837165,414554,worker_0,W016,MeasureObjectSizeShape,pattern_group,running,50.0,1,2
cp_tutorial_3d_monolayer,1,16,1791285014.934622,414554,worker_0,W016,MeasureObjectSizeShape,pattern_group,running,100.0,2,2
cp_tutorial_3d_monolayer,1,16,1791285014.935238,414554,worker_0,W016,MeasureObjectSizeShape,step_completed,success,74.19354838709677,23,31
cp_tutorial_3d_monolayer,1,16,1791285014.9352617,414554,worker_0,W016,OverlayObjects,step_started,started,74.19354838709677,23,31
cp_tutorial_3d_monolayer,1,16,1791285014.9568462,414554,worker_0,W016,OverlayObjects,pattern_group,running,100.0,1,1
cp_tutorial_3d_monolayer,1,16,1791285014.9569657,414554,worker_0,W016,OverlayObjects,step_completed,success,77.41935483870968,24,31
cp_tutorial_3d_monolayer,1,16,1791285014.9569874,414554,worker_0,W016,RescaleIntensity,step_started,started,77.41935483870968,24,31
cp_tutorial_3d_monolayer,1,16,1791285015.060895,414554,worker_0,W016,RescaleIntensity,pattern_group,running,100.0,1,1
cp_tutorial_3d_monolayer,1,16,1791285015.0610416,414554,worker_0,W016,RescaleIntensity,step_completed,success,80.64516129032258,25,31
cp_tutorial_3d_monolayer,1,16,1791285015.0610626,414554,worker_0,W016,OverlayObjects,step_started,started,80.64516129032258,25,31
cp_tutorial_3d_monolayer,1,16,1791285015.0796037,414554,worker_0,W016,OverlayObjects,pattern_group,running,100.0,1,1
cp_tutorial_3d_monolayer,1,16,1791285015.0797005,414554,worker_0,W016,OverlayObjects,step_completed,success,83.87096774193549,26,31
cp_tutorial_3d_monolayer,1,16,1791285015.0797205,414554,worker_0,W016,ConvertObjectsToImage,step_started,started,83.87096774193549,26,31
cp_tutorial_3d_monolayer,1,16,1791285015.1123638,414554,worker_0,W016,ConvertObjectsToImage,pattern_group,running,100.0,1,1
cp_tutorial_3d_monolayer,1,16,1791285015.1125114,414554,worker_0,W016,ConvertObjectsToImage,step_completed,success,87.09677419354838,27,31
cp_tutorial_3d_monolayer,1,16,1791285015.1125329,414554,worker_0,W016,SaveImages,step_started,started,87.09677419354838,27,31
cp_tutorial_3d_monolayer,1,16,1791285015.162106,414554,worker_0,W016,SaveImages,pattern_group,running,100.0,1,1
cp_tutorial_3d_monolayer,1,16,1791285015.1690137,414554,worker_0,W016,SaveImages,step_completed,success,90.32258064516128,28,31
cp_tutorial_3d_monolayer,1,16,1791285015.1690543,414554,worker_0,W016,ConvertObjectsToImage,step_started,started,90.32258064516128,28,31
cp_tutorial_3d_monolayer,1,16,1791285015.201496,414554,worker_0,W016,ConvertObjectsToImage,pattern_group,running,100.0,1,1
cp_tutorial_3d_monolayer,1,16,1791285015.2016773,414554,worker_0,W016,ConvertObjectsToImage,step_completed,success,93.54838709677419,29,31
cp_tutorial_3d_monolayer,1,16,1791285015.201699,414554,worker_0,W016,SaveImages,step_started,started,93.54838709677419,29,31
cp_tutorial_3d_monolayer,1,16,1791285015.251678,414554,worker_0,W016,SaveImages,pattern_group,running,100.0,1,1
cp_tutorial_3d_monolayer,1,16,1791285015.259805,414554,worker_0,W016,SaveImages,step_completed,success,96.7741935483871,30,31
cp_tutorial_3d_monolayer,1,16,1791285015.2625005,414554,worker_0,W016,pipeline,axis_completed,success,96.7741935483871,30,31
cp_tutorial_3d_monolayer,1,16,1791285015.2774935,414554,,,ExportToSpreadsheet,step_started,started,96.7741935483871,30,31
cp_tutorial_3d_monolayer,1,16,1791285015.5907924,414554,,,ExportToSpreadsheet,step_completed,success,100.0,31,31
cp_tutorial_3d_monolayer,1,16,1791285016.3953738,414554,,,pipeline,success,success,100.0,31,31
