case_name,worker_count,well_count,timestamp,pid,worker_slot,axis_id,step_name,phase,status,percent,completed,total
cp_tutorial_3d_monolayer,1,16,1791301636.6163998,1392522,,,pipeline,compile,started,0.0,0,31
cp_tutorial_3d_monolayer,1,16,1791301637.2246914,1392522,,,,init,started,0.0,0,1
cp_tutorial_3d_monolayer,1,16,1791301637.8240864,1392522,,W001,compilation,compile,running,6.25,1,16
cp_tutorial_3d_monolayer,1,16,1791301637.8787594,1392522,,W002,compilation,compile,running,12.5,2,16
cp_tutorial_3d_monolayer,1,16,1791301637.9318905,1392522,,W003,compilation,compile,running,18.75,3,16
cp_tutorial_3d_monolayer,1,16,1791301637.9883733,1392522,,W004,compilation,compile,running,25.0,4,16
cp_tutorial_3d_monolayer,1,16,1791301638.041804,1392522,,W005,compilation,compile,running,31.25,5,16
cp_tutorial_3d_monolayer,1,16,1791301638.0944564,1392522,,W006,compilation,compile,running,37.5,6,16
cp_tutorial_3d_monolayer,1,16,1791301638.147604,1392522,,W007,compilation,compile,running,43.75,7,16
cp_tutorial_3d_monolayer,1,16,1791301638.202452,1392522,,W008,compilation,compile,running,50.0,8,16
cp_tutorial_3d_monolayer,1,16,1791301638.255628,1392522,,W009,compilation,compile,running,56.25,9,16
cp_tutorial_3d_monolayer,1,16,1791301638.3080862,1392522,,W010,compilation,compile,running,62.5,10,16
cp_tutorial_3d_monolayer,1,16,1791301638.3608518,1392522,,W011,compilation,compile,running,68.75,11,16
cp_tutorial_3d_monolayer,1,16,1791301638.4135559,1392522,,W012,compilation,compile,running,75.0,12,16
cp_tutorial_3d_monolayer,1,16,1791301638.4662561,1392522,,W013,compilation,compile,running,81.25,13,16
cp_tutorial_3d_monolayer,1,16,1791301638.5193095,1392522,,W014,compilation,compile,running,87.5,14,16
cp_tutorial_3d_monolayer,1,16,1791301638.5718741,1392522,,W015,compilation,compile,running,93.75,15,16
cp_tutorial_3d_monolayer,1,16,1791301638.6773162,1392522,,W016,compilation,compile,running,100.0,16,16
cp_tutorial_3d_monolayer,1,16,1791301638.707707,1392522,,,,init,started,0.0,0,1
cp_tutorial_3d_monolayer,1,16,1791301638.7077909,1392522,,,pipeline,compile,success,100.0,1,31
cp_tutorial_3d_monolayer,1,16,1791301638.7078424,1392522,,W001,compilation,compile,success,100.0,1,1
cp_tutorial_3d_monolayer,1,16,1791301638.7078707,1392522,,W002,compilation,compile,success,100.0,1,1
cp_tutorial_3d_monolayer,1,16,1791301638.7078953,1392522,,W003,compilation,compile,success,100.0,1,1
cp_tutorial_3d_monolayer,1,16,1791301638.7079194,1392522,,W004,compilation,compile,success,100.0,1,1
cp_tutorial_3d_monolayer,1,16,1791301638.7079425,1392522,,W005,compilation,compile,success,100.0,1,1
cp_tutorial_3d_monolayer,1,16,1791301638.7079654,1392522,,W006,compilation,compile,success,100.0,1,1
cp_tutorial_3d_monolayer,1,16,1791301638.7079883,1392522,,W007,compilation,compile,success,100.0,1,1
cp_tutorial_3d_monolayer,1,16,1791301638.708011,1392522,,W008,compilation,compile,success,100.0,1,1
cp_tutorial_3d_monolayer,1,16,1791301638.7080343,1392522,,W009,compilation,compile,success,100.0,1,1
cp_tutorial_3d_monolayer,1,16,1791301638.7080572,1392522,,W010,compilation,compile,success,100.0,1,1
cp_tutorial_3d_monolayer,1,16,1791301638.70808,1392522,,W011,compilation,compile,success,100.0,1,1
cp_tutorial_3d_monolayer,1,16,1791301638.708103,1392522,,W012,compilation,compile,success,100.0,1,1
cp_tutorial_3d_monolayer,1,16,1791301638.7081256,1392522,,W013,compilation,compile,success,100.0,1,1
cp_tutorial_3d_monolayer,1,16,1791301638.7081485,1392522,,W014,compilation,compile,success,100.0,1,1
cp_tutorial_3d_monolayer,1,16,1791301638.7081714,1392522,,W015,compilation,compile,success,100.0,1,1
cp_tutorial_3d_monolayer,1,16,1791301638.7081943,1392522,,W016,compilation,compile,success,100.0,1,1
cp_tutorial_3d_monolayer,1,16,1791301638.762963,1392522,,,,init,started,0.0,0,1
cp_tutorial_3d_monolayer,1,16,1791301638.784455,1392522,worker_0,W001,pipeline,axis_started,started,0.0,0,31
cp_tutorial_3d_monolayer,1,16,1791301638.784593,1392522,worker_0,W001,RescaleIntensity,step_started,started,0.0,0,31
cp_tutorial_3d_monolayer,1,16,1791301639.068683,1392522,worker_0,W001,RescaleIntensity,pattern_group,running,100.0,1,1
cp_tutorial_3d_monolayer,1,16,1791301639.068832,1392522,worker_0,W001,RescaleIntensity,step_completed,success,3.225806451612903,1,31
cp_tutorial_3d_monolayer,1,16,1791301639.068853,1392522,worker_0,W001,Resize,step_started,started,3.225806451612903,1,31
cp_tutorial_3d_monolayer,1,16,1791301639.1252365,1392522,worker_0,W001,Resize,pattern_group,running,100.0,1,1
cp_tutorial_3d_monolayer,1,16,1791301639.1253824,1392522,worker_0,W001,Resize,step_completed,success,6.451612903225806,2,31
cp_tutorial_3d_monolayer,1,16,1791301639.125404,1392522,worker_0,W001,MedianFilter,step_started,started,6.451612903225806,2,31
cp_tutorial_3d_monolayer,1,16,1791301639.2906895,1392522,worker_0,W001,MedianFilter,pattern_group,running,100.0,1,1
cp_tutorial_3d_monolayer,1,16,1791301639.2908282,1392522,worker_0,W001,MedianFilter,step_completed,success,9.67741935483871,3,31
cp_tutorial_3d_monolayer,1,16,1791301639.2908504,1392522,worker_0,W001,Threshold,step_started,started,9.67741935483871,3,31
cp_tutorial_3d_monolayer,1,16,1791301639.3435664,1392522,worker_0,W001,Threshold,pattern_group,running,100.0,1,1
cp_tutorial_3d_monolayer,1,16,1791301639.3438141,1392522,worker_0,W001,Threshold,step_completed,success,12.903225806451612,4,31
cp_tutorial_3d_monolayer,1,16,1791301639.3438358,1392522,worker_0,W001,RemoveHoles,step_started,started,12.903225806451612,4,31
cp_tutorial_3d_monolayer,1,16,1791301639.361412,1392522,worker_0,W001,RemoveHoles,pattern_group,running,100.0,1,1
cp_tutorial_3d_monolayer,1,16,1791301639.3615568,1392522,worker_0,W001,RemoveHoles,step_completed,success,16.129032258064516,5,31
cp_tutorial_3d_monolayer,1,16,1791301639.3615782,1392522,worker_0,W001,Watershed,step_started,started,16.129032258064516,5,31
cp_tutorial_3d_monolayer,1,16,1791301639.4517188,1392522,worker_0,W001,Watershed,pattern_group,running,100.0,1,1
cp_tutorial_3d_monolayer,1,16,1791301639.4520907,1392522,worker_0,W001,Watershed,step_completed,success,19.35483870967742,6,31
cp_tutorial_3d_monolayer,1,16,1791301639.452112,1392522,worker_0,W001,ResizeObjects,step_started,started,19.35483870967742,6,31
cp_tutorial_3d_monolayer,1,16,1791301639.4821913,1392522,worker_0,W001,ResizeObjects,pattern_group,running,100.0,1,1
cp_tutorial_3d_monolayer,1,16,1791301639.4826684,1392522,worker_0,W001,ResizeObjects,step_completed,success,22.58064516129032,7,31
cp_tutorial_3d_monolayer,1,16,1791301639.4826913,1392522,worker_0,W001,ErodeObjects,step_started,started,22.58064516129032,7,31
cp_tutorial_3d_monolayer,1,16,1791301639.539438,1392522,worker_0,W001,ErodeObjects,pattern_group,running,100.0,1,1
cp_tutorial_3d_monolayer,1,16,1791301639.5398865,1392522,worker_0,W001,ErodeObjects,step_completed,success,25.806451612903224,8,31
cp_tutorial_3d_monolayer,1,16,1791301639.539909,1392522,worker_0,W001,ResizeObjects,step_started,started,25.806451612903224,8,31
cp_tutorial_3d_monolayer,1,16,1791301639.6303825,1392522,worker_0,W001,ResizeObjects,pattern_group,running,100.0,1,1
cp_tutorial_3d_monolayer,1,16,1791301639.6308436,1392522,worker_0,W001,ResizeObjects,step_completed,success,29.03225806451613,9,31
cp_tutorial_3d_monolayer,1,16,1791301639.6308665,1392522,worker_0,W001,ConvertObjectsToImage,step_started,started,29.03225806451613,9,31
cp_tutorial_3d_monolayer,1,16,1791301639.655633,1392522,worker_0,W001,ConvertObjectsToImage,pattern_group,running,100.0,1,1
cp_tutorial_3d_monolayer,1,16,1791301639.655783,1392522,worker_0,W001,ConvertObjectsToImage,step_completed,success,32.25806451612903,10,31
cp_tutorial_3d_monolayer,1,16,1791301639.6558049,1392522,worker_0,W001,Threshold,step_started,started,32.25806451612903,10,31
cp_tutorial_3d_monolayer,1,16,1791301639.9156,1392522,worker_0,W001,Threshold,pattern_group,running,100.0,1,1
cp_tutorial_3d_monolayer,1,16,1791301639.915853,1392522,worker_0,W001,Threshold,step_completed,success,35.483870967741936,11,31
cp_tutorial_3d_monolayer,1,16,1791301639.9158747,1392522,worker_0,W001,ImageMath,step_started,started,35.483870967741936,11,31
cp_tutorial_3d_monolayer,1,16,1791301639.949688,1392522,worker_0,W001,ImageMath,pattern_group,running,100.0,1,1
cp_tutorial_3d_monolayer,1,16,1791301639.9498434,1392522,worker_0,W001,ImageMath,step_completed,success,38.70967741935484,12,31
cp_tutorial_3d_monolayer,1,16,1791301639.9498646,1392522,worker_0,W001,RemoveHoles,step_started,started,38.70967741935484,12,31
cp_tutorial_3d_monolayer,1,16,1791301639.998424,1392522,worker_0,W001,RemoveHoles,pattern_group,running,100.0,1,1
cp_tutorial_3d_monolayer,1,16,1791301639.9985678,1392522,worker_0,W001,RemoveHoles,step_completed,success,41.935483870967744,13,31
cp_tutorial_3d_monolayer,1,16,1791301639.9985893,1392522,worker_0,W001,ImageMath,step_started,started,41.935483870967744,13,31
cp_tutorial_3d_monolayer,1,16,1791301640.285129,1392522,worker_0,W001,ImageMath,pattern_group,running,100.0,1,1
cp_tutorial_3d_monolayer,1,16,1791301640.2853034,1392522,worker_0,W001,ImageMath,step_completed,success,45.16129032258064,14,31
cp_tutorial_3d_monolayer,1,16,1791301640.285325,1392522,worker_0,W001,Resize,step_started,started,45.16129032258064,14,31
cp_tutorial_3d_monolayer,1,16,1791301640.3474944,1392522,worker_0,W001,Resize,pattern_group,running,100.0,1,1
cp_tutorial_3d_monolayer,1,16,1791301640.3476348,1392522,worker_0,W001,Resize,step_completed,success,48.38709677419355,15,31
cp_tutorial_3d_monolayer,1,16,1791301640.347655,1392522,worker_0,W001,Closing,step_started,started,48.38709677419355,15,31
cp_tutorial_3d_monolayer,1,16,1791301640.4253333,1392522,worker_0,W001,Closing,pattern_group,running,100.0,1,1
cp_tutorial_3d_monolayer,1,16,1791301640.4254735,1392522,worker_0,W001,Closing,step_completed,success,51.61290322580645,16,31
cp_tutorial_3d_monolayer,1,16,1791301640.4254944,1392522,worker_0,W001,Resize,step_started,started,51.61290322580645,16,31
cp_tutorial_3d_monolayer,1,16,1791301640.506592,1392522,worker_0,W001,Resize,pattern_group,running,100.0,1,1
cp_tutorial_3d_monolayer,1,16,1791301640.5067315,1392522,worker_0,W001,Resize,step_completed,success,54.83870967741935,17,31
cp_tutorial_3d_monolayer,1,16,1791301640.506752,1392522,worker_0,W001,Threshold,step_started,started,54.83870967741935,17,31
cp_tutorial_3d_monolayer,1,16,1791301640.660054,1392522,worker_0,W001,Threshold,pattern_group,running,100.0,1,1
cp_tutorial_3d_monolayer,1,16,1791301640.6603074,1392522,worker_0,W001,Threshold,step_completed,success,58.06451612903226,18,31
cp_tutorial_3d_monolayer,1,16,1791301640.660328,1392522,worker_0,W001,MaskImage,step_started,started,58.06451612903226,18,31
cp_tutorial_3d_monolayer,1,16,1791301640.703899,1392522,worker_0,W001,MaskImage,pattern_group,running,100.0,1,1
cp_tutorial_3d_monolayer,1,16,1791301640.7040527,1392522,worker_0,W001,MaskImage,step_completed,success,61.29032258064516,19,31
cp_tutorial_3d_monolayer,1,16,1791301640.704074,1392522,worker_0,W001,ErodeImage,step_started,started,61.29032258064516,19,31
cp_tutorial_3d_monolayer,1,16,1791301640.7352564,1392522,worker_0,W001,ErodeImage,pattern_group,running,100.0,1,1
cp_tutorial_3d_monolayer,1,16,1791301640.7354062,1392522,worker_0,W001,ErodeImage,step_completed,success,64.51612903225806,20,31
cp_tutorial_3d_monolayer,1,16,1791301640.7354271,1392522,worker_0,W001,Watershed,step_started,started,64.51612903225806,20,31
cp_tutorial_3d_monolayer,1,16,1791301640.8215778,1392522,worker_0,W001,Watershed,pattern_group,running,100.0,1,1
cp_tutorial_3d_monolayer,1,16,1791301640.8219702,1392522,worker_0,W001,Watershed,step_completed,success,67.74193548387096,21,31
cp_tutorial_3d_monolayer,1,16,1791301640.821992,1392522,worker_0,W001,MeasureObjectIntensity,step_started,started,67.74193548387096,21,31
cp_tutorial_3d_monolayer,1,16,1791301641.0622468,1392522,worker_0,W001,MeasureObjectIntensity,pattern_group,running,50.0,1,2
cp_tutorial_3d_monolayer,1,16,1791301641.3363984,1392522,worker_0,W001,MeasureObjectIntensity,pattern_group,running,100.0,2,2
cp_tutorial_3d_monolayer,1,16,1791301641.3386166,1392522,worker_0,W001,MeasureObjectIntensity,step_completed,success,70.96774193548387,22,31
cp_tutorial_3d_monolayer,1,16,1791301641.3386405,1392522,worker_0,W001,MeasureObjectSizeShape,step_started,started,70.96774193548387,22,31
cp_tutorial_3d_monolayer,1,16,1791301641.4340336,1392522,worker_0,W001,MeasureObjectSizeShape,pattern_group,running,50.0,1,2
cp_tutorial_3d_monolayer,1,16,1791301641.5290413,1392522,worker_0,W001,MeasureObjectSizeShape,pattern_group,running,100.0,2,2
cp_tutorial_3d_monolayer,1,16,1791301641.5296326,1392522,worker_0,W001,MeasureObjectSizeShape,step_completed,success,74.19354838709677,23,31
cp_tutorial_3d_monolayer,1,16,1791301641.5296557,1392522,worker_0,W001,OverlayObjects,step_started,started,74.19354838709677,23,31
cp_tutorial_3d_monolayer,1,16,1791301641.554424,1392522,worker_0,W001,OverlayObjects,pattern_group,running,100.0,1,1
cp_tutorial_3d_monolayer,1,16,1791301641.5545456,1392522,worker_0,W001,OverlayObjects,step_completed,success,77.41935483870968,24,31
cp_tutorial_3d_monolayer,1,16,1791301641.5545673,1392522,worker_0,W001,RescaleIntensity,step_started,started,77.41935483870968,24,31
cp_tutorial_3d_monolayer,1,16,1791301641.656305,1392522,worker_0,W001,RescaleIntensity,pattern_group,running,100.0,1,1
cp_tutorial_3d_monolayer,1,16,1791301641.6564476,1392522,worker_0,W001,RescaleIntensity,step_completed,success,80.64516129032258,25,31
cp_tutorial_3d_monolayer,1,16,1791301641.6564696,1392522,worker_0,W001,OverlayObjects,step_started,started,80.64516129032258,25,31
cp_tutorial_3d_monolayer,1,16,1791301641.679651,1392522,worker_0,W001,OverlayObjects,pattern_group,running,100.0,1,1
cp_tutorial_3d_monolayer,1,16,1791301641.6797535,1392522,worker_0,W001,OverlayObjects,step_completed,success,83.87096774193549,26,31
cp_tutorial_3d_monolayer,1,16,1791301641.6797748,1392522,worker_0,W001,ConvertObjectsToImage,step_started,started,83.87096774193549,26,31
cp_tutorial_3d_monolayer,1,16,1791301641.7120576,1392522,worker_0,W001,ConvertObjectsToImage,pattern_group,running,100.0,1,1
cp_tutorial_3d_monolayer,1,16,1791301641.7122023,1392522,worker_0,W001,ConvertObjectsToImage,step_completed,success,87.09677419354838,27,31
cp_tutorial_3d_monolayer,1,16,1791301641.7122235,1392522,worker_0,W001,SaveImages,step_started,started,87.09677419354838,27,31
cp_tutorial_3d_monolayer,1,16,1791301641.7606256,1392522,worker_0,W001,SaveImages,pattern_group,running,100.0,1,1
cp_tutorial_3d_monolayer,1,16,1791301641.7676115,1392522,worker_0,W001,SaveImages,step_completed,success,90.32258064516128,28,31
cp_tutorial_3d_monolayer,1,16,1791301641.7676516,1392522,worker_0,W001,ConvertObjectsToImage,step_started,started,90.32258064516128,28,31
cp_tutorial_3d_monolayer,1,16,1791301641.8009543,1392522,worker_0,W001,ConvertObjectsToImage,pattern_group,running,100.0,1,1
cp_tutorial_3d_monolayer,1,16,1791301641.8011346,1392522,worker_0,W001,ConvertObjectsToImage,step_completed,success,93.54838709677419,29,31
cp_tutorial_3d_monolayer,1,16,1791301641.8011577,1392522,worker_0,W001,SaveImages,step_started,started,93.54838709677419,29,31
cp_tutorial_3d_monolayer,1,16,1791301641.8509204,1392522,worker_0,W001,SaveImages,pattern_group,running,100.0,1,1
cp_tutorial_3d_monolayer,1,16,1791301641.8572102,1392522,worker_0,W001,SaveImages,step_completed,success,96.7741935483871,30,31
cp_tutorial_3d_monolayer,1,16,1791301641.861585,1392522,worker_0,W001,pipeline,axis_completed,success,96.7741935483871,30,31
cp_tutorial_3d_monolayer,1,16,1791301641.8616674,1392522,worker_0,W002,pipeline,axis_started,started,0.0,0,31
cp_tutorial_3d_monolayer,1,16,1791301641.8617003,1392522,worker_0,W002,RescaleIntensity,step_started,started,0.0,0,31
cp_tutorial_3d_monolayer,1,16,1791301642.212928,1392522,worker_0,W002,RescaleIntensity,pattern_group,running,100.0,1,1
cp_tutorial_3d_monolayer,1,16,1791301642.2130752,1392522,worker_0,W002,RescaleIntensity,step_completed,success,3.225806451612903,1,31
cp_tutorial_3d_monolayer,1,16,1791301642.213096,1392522,worker_0,W002,Resize,step_started,started,3.225806451612903,1,31
cp_tutorial_3d_monolayer,1,16,1791301642.2803147,1392522,worker_0,W002,Resize,pattern_group,running,100.0,1,1
cp_tutorial_3d_monolayer,1,16,1791301642.2807007,1392522,worker_0,W002,Resize,step_completed,success,6.451612903225806,2,31
cp_tutorial_3d_monolayer,1,16,1791301642.2807298,1392522,worker_0,W002,MedianFilter,step_started,started,6.451612903225806,2,31
cp_tutorial_3d_monolayer,1,16,1791301642.4455314,1392522,worker_0,W002,MedianFilter,pattern_group,running,100.0,1,1
cp_tutorial_3d_monolayer,1,16,1791301642.4456725,1392522,worker_0,W002,MedianFilter,step_completed,success,9.67741935483871,3,31
cp_tutorial_3d_monolayer,1,16,1791301642.4456933,1392522,worker_0,W002,Threshold,step_started,started,9.67741935483871,3,31
cp_tutorial_3d_monolayer,1,16,1791301642.482762,1392522,worker_0,W002,Threshold,pattern_group,running,100.0,1,1
cp_tutorial_3d_monolayer,1,16,1791301642.4832606,1392522,worker_0,W002,Threshold,step_completed,success,12.903225806451612,4,31
cp_tutorial_3d_monolayer,1,16,1791301642.4832914,1392522,worker_0,W002,RemoveHoles,step_started,started,12.903225806451612,4,31
cp_tutorial_3d_monolayer,1,16,1791301642.4999058,1392522,worker_0,W002,RemoveHoles,pattern_group,running,100.0,1,1
cp_tutorial_3d_monolayer,1,16,1791301642.500051,1392522,worker_0,W002,RemoveHoles,step_completed,success,16.129032258064516,5,31
cp_tutorial_3d_monolayer,1,16,1791301642.5000725,1392522,worker_0,W002,Watershed,step_started,started,16.129032258064516,5,31
cp_tutorial_3d_monolayer,1,16,1791301642.5921257,1392522,worker_0,W002,Watershed,pattern_group,running,100.0,1,1
cp_tutorial_3d_monolayer,1,16,1791301642.5925102,1392522,worker_0,W002,Watershed,step_completed,success,19.35483870967742,6,31
cp_tutorial_3d_monolayer,1,16,1791301642.5925317,1392522,worker_0,W002,ResizeObjects,step_started,started,19.35483870967742,6,31
cp_tutorial_3d_monolayer,1,16,1791301642.6186445,1392522,worker_0,W002,ResizeObjects,pattern_group,running,100.0,1,1
cp_tutorial_3d_monolayer,1,16,1791301642.6191127,1392522,worker_0,W002,ResizeObjects,step_completed,success,22.58064516129032,7,31
cp_tutorial_3d_monolayer,1,16,1791301642.6191359,1392522,worker_0,W002,ErodeObjects,step_started,started,22.58064516129032,7,31
cp_tutorial_3d_monolayer,1,16,1791301642.6762314,1392522,worker_0,W002,ErodeObjects,pattern_group,running,100.0,1,1
cp_tutorial_3d_monolayer,1,16,1791301642.6766968,1392522,worker_0,W002,ErodeObjects,step_completed,success,25.806451612903224,8,31
cp_tutorial_3d_monolayer,1,16,1791301642.6767209,1392522,worker_0,W002,ResizeObjects,step_started,started,25.806451612903224,8,31
cp_tutorial_3d_monolayer,1,16,1791301642.7017534,1392522,worker_0,W002,ResizeObjects,pattern_group,running,100.0,1,1
cp_tutorial_3d_monolayer,1,16,1791301642.7022247,1392522,worker_0,W002,ResizeObjects,step_completed,success,29.03225806451613,9,31
cp_tutorial_3d_monolayer,1,16,1791301642.7022476,1392522,worker_0,W002,ConvertObjectsToImage,step_started,started,29.03225806451613,9,31
cp_tutorial_3d_monolayer,1,16,1791301642.7263594,1392522,worker_0,W002,ConvertObjectsToImage,pattern_group,running,100.0,1,1
cp_tutorial_3d_monolayer,1,16,1791301642.7265108,1392522,worker_0,W002,ConvertObjectsToImage,step_completed,success,32.25806451612903,10,31
cp_tutorial_3d_monolayer,1,16,1791301642.726533,1392522,worker_0,W002,Threshold,step_started,started,32.25806451612903,10,31
cp_tutorial_3d_monolayer,1,16,1791301642.9198642,1392522,worker_0,W002,Threshold,pattern_group,running,100.0,1,1
cp_tutorial_3d_monolayer,1,16,1791301642.9201126,1392522,worker_0,W002,Threshold,step_completed,success,35.483870967741936,11,31
cp_tutorial_3d_monolayer,1,16,1791301642.920134,1392522,worker_0,W002,ImageMath,step_started,started,35.483870967741936,11,31
cp_tutorial_3d_monolayer,1,16,1791301642.9534469,1392522,worker_0,W002,ImageMath,pattern_group,running,100.0,1,1
cp_tutorial_3d_monolayer,1,16,1791301642.9535983,1392522,worker_0,W002,ImageMath,step_completed,success,38.70967741935484,12,31
cp_tutorial_3d_monolayer,1,16,1791301642.9536197,1392522,worker_0,W002,RemoveHoles,step_started,started,38.70967741935484,12,31
cp_tutorial_3d_monolayer,1,16,1791301643.000935,1392522,worker_0,W002,RemoveHoles,pattern_group,running,100.0,1,1
cp_tutorial_3d_monolayer,1,16,1791301643.001075,1392522,worker_0,W002,RemoveHoles,step_completed,success,41.935483870967744,13,31
cp_tutorial_3d_monolayer,1,16,1791301643.001095,1392522,worker_0,W002,ImageMath,step_started,started,41.935483870967744,13,31
cp_tutorial_3d_monolayer,1,16,1791301643.2868426,1392522,worker_0,W002,ImageMath,pattern_group,running,100.0,1,1
cp_tutorial_3d_monolayer,1,16,1791301643.2869935,1392522,worker_0,W002,ImageMath,step_completed,success,45.16129032258064,14,31
cp_tutorial_3d_monolayer,1,16,1791301643.287015,1392522,worker_0,W002,Resize,step_started,started,45.16129032258064,14,31
cp_tutorial_3d_monolayer,1,16,1791301643.3463993,1392522,worker_0,W002,Resize,pattern_group,running,100.0,1,1
cp_tutorial_3d_monolayer,1,16,1791301643.3465395,1392522,worker_0,W002,Resize,step_completed,success,48.38709677419355,15,31
cp_tutorial_3d_monolayer,1,16,1791301643.3465605,1392522,worker_0,W002,Closing,step_started,started,48.38709677419355,15,31
cp_tutorial_3d_monolayer,1,16,1791301643.4238749,1392522,worker_0,W002,Closing,pattern_group,running,100.0,1,1
cp_tutorial_3d_monolayer,1,16,1791301643.4240246,1392522,worker_0,W002,Closing,step_completed,success,51.61290322580645,16,31
cp_tutorial_3d_monolayer,1,16,1791301643.4240513,1392522,worker_0,W002,Resize,step_started,started,51.61290322580645,16,31
cp_tutorial_3d_monolayer,1,16,1791301643.4730937,1392522,worker_0,W002,Resize,pattern_group,running,100.0,1,1
cp_tutorial_3d_monolayer,1,16,1791301643.4732337,1392522,worker_0,W002,Resize,step_completed,success,54.83870967741935,17,31
cp_tutorial_3d_monolayer,1,16,1791301643.4732544,1392522,worker_0,W002,Threshold,step_started,started,54.83870967741935,17,31
cp_tutorial_3d_monolayer,1,16,1791301643.6278803,1392522,worker_0,W002,Threshold,pattern_group,running,100.0,1,1
cp_tutorial_3d_monolayer,1,16,1791301643.6281288,1392522,worker_0,W002,Threshold,step_completed,success,58.06451612903226,18,31
cp_tutorial_3d_monolayer,1,16,1791301643.6281505,1392522,worker_0,W002,MaskImage,step_started,started,58.06451612903226,18,31
cp_tutorial_3d_monolayer,1,16,1791301643.673289,1392522,worker_0,W002,MaskImage,pattern_group,running,100.0,1,1
cp_tutorial_3d_monolayer,1,16,1791301643.673653,1392522,worker_0,W002,MaskImage,step_completed,success,61.29032258064516,19,31
cp_tutorial_3d_monolayer,1,16,1791301643.6736846,1392522,worker_0,W002,ErodeImage,step_started,started,61.29032258064516,19,31
cp_tutorial_3d_monolayer,1,16,1791301643.7045872,1392522,worker_0,W002,ErodeImage,pattern_group,running,100.0,1,1
cp_tutorial_3d_monolayer,1,16,1791301643.7047315,1392522,worker_0,W002,ErodeImage,step_completed,success,64.51612903225806,20,31
cp_tutorial_3d_monolayer,1,16,1791301643.7047527,1392522,worker_0,W002,Watershed,step_started,started,64.51612903225806,20,31
cp_tutorial_3d_monolayer,1,16,1791301643.790009,1392522,worker_0,W002,Watershed,pattern_group,running,100.0,1,1
cp_tutorial_3d_monolayer,1,16,1791301643.790403,1392522,worker_0,W002,Watershed,step_completed,success,67.74193548387096,21,31
cp_tutorial_3d_monolayer,1,16,1791301643.790424,1392522,worker_0,W002,MeasureObjectIntensity,step_started,started,67.74193548387096,21,31
cp_tutorial_3d_monolayer,1,16,1791301644.0376444,1392522,worker_0,W002,MeasureObjectIntensity,pattern_group,running,50.0,1,2
cp_tutorial_3d_monolayer,1,16,1791301644.3125432,1392522,worker_0,W002,MeasureObjectIntensity,pattern_group,running,100.0,2,2
cp_tutorial_3d_monolayer,1,16,1791301644.3147523,1392522,worker_0,W002,MeasureObjectIntensity,step_completed,success,70.96774193548387,22,31
cp_tutorial_3d_monolayer,1,16,1791301644.3147764,1392522,worker_0,W002,MeasureObjectSizeShape,step_started,started,70.96774193548387,22,31
cp_tutorial_3d_monolayer,1,16,1791301644.4133544,1392522,worker_0,W002,MeasureObjectSizeShape,pattern_group,running,50.0,1,2
cp_tutorial_3d_monolayer,1,16,1791301644.5078335,1392522,worker_0,W002,MeasureObjectSizeShape,pattern_group,running,100.0,2,2
cp_tutorial_3d_monolayer,1,16,1791301644.5084162,1392522,worker_0,W002,MeasureObjectSizeShape,step_completed,success,74.19354838709677,23,31
cp_tutorial_3d_monolayer,1,16,1791301644.5084386,1392522,worker_0,W002,OverlayObjects,step_started,started,74.19354838709677,23,31
cp_tutorial_3d_monolayer,1,16,1791301644.5322628,1392522,worker_0,W002,OverlayObjects,pattern_group,running,100.0,1,1
cp_tutorial_3d_monolayer,1,16,1791301644.5323856,1392522,worker_0,W002,OverlayObjects,step_completed,success,77.41935483870968,24,31
cp_tutorial_3d_monolayer,1,16,1791301644.532407,1392522,worker_0,W002,RescaleIntensity,step_started,started,77.41935483870968,24,31
cp_tutorial_3d_monolayer,1,16,1791301644.6350732,1392522,worker_0,W002,RescaleIntensity,pattern_group,running,100.0,1,1
cp_tutorial_3d_monolayer,1,16,1791301644.6352167,1392522,worker_0,W002,RescaleIntensity,step_completed,success,80.64516129032258,25,31
cp_tutorial_3d_monolayer,1,16,1791301644.6352386,1392522,worker_0,W002,OverlayObjects,step_started,started,80.64516129032258,25,31
cp_tutorial_3d_monolayer,1,16,1791301644.6597722,1392522,worker_0,W002,OverlayObjects,pattern_group,running,100.0,1,1
cp_tutorial_3d_monolayer,1,16,1791301644.6598732,1392522,worker_0,W002,OverlayObjects,step_completed,success,83.87096774193549,26,31
cp_tutorial_3d_monolayer,1,16,1791301644.6598945,1392522,worker_0,W002,ConvertObjectsToImage,step_started,started,83.87096774193549,26,31
cp_tutorial_3d_monolayer,1,16,1791301644.6941512,1392522,worker_0,W002,ConvertObjectsToImage,pattern_group,running,100.0,1,1
cp_tutorial_3d_monolayer,1,16,1791301644.6942973,1392522,worker_0,W002,ConvertObjectsToImage,step_completed,success,87.09677419354838,27,31
cp_tutorial_3d_monolayer,1,16,1791301644.694319,1392522,worker_0,W002,SaveImages,step_started,started,87.09677419354838,27,31
cp_tutorial_3d_monolayer,1,16,1791301644.742299,1392522,worker_0,W002,SaveImages,pattern_group,running,100.0,1,1
cp_tutorial_3d_monolayer,1,16,1791301644.7486508,1392522,worker_0,W002,SaveImages,step_completed,success,90.32258064516128,28,31
cp_tutorial_3d_monolayer,1,16,1791301644.7486897,1392522,worker_0,W002,ConvertObjectsToImage,step_started,started,90.32258064516128,28,31
cp_tutorial_3d_monolayer,1,16,1791301644.7821958,1392522,worker_0,W002,ConvertObjectsToImage,pattern_group,running,100.0,1,1
cp_tutorial_3d_monolayer,1,16,1791301644.7823825,1392522,worker_0,W002,ConvertObjectsToImage,step_completed,success,93.54838709677419,29,31
cp_tutorial_3d_monolayer,1,16,1791301644.7824054,1392522,worker_0,W002,SaveImages,step_started,started,93.54838709677419,29,31
cp_tutorial_3d_monolayer,1,16,1791301644.831203,1392522,worker_0,W002,SaveImages,pattern_group,running,100.0,1,1
cp_tutorial_3d_monolayer,1,16,1791301644.8375454,1392522,worker_0,W002,SaveImages,step_completed,success,96.7741935483871,30,31
cp_tutorial_3d_monolayer,1,16,1791301644.840234,1392522,worker_0,W002,pipeline,axis_completed,success,96.7741935483871,30,31
cp_tutorial_3d_monolayer,1,16,1791301644.8403118,1392522,worker_0,W003,pipeline,axis_started,started,0.0,0,31
cp_tutorial_3d_monolayer,1,16,1791301644.8403432,1392522,worker_0,W003,RescaleIntensity,step_started,started,0.0,0,31
cp_tutorial_3d_monolayer,1,16,1791301645.120029,1392522,worker_0,W003,RescaleIntensity,pattern_group,running,100.0,1,1
cp_tutorial_3d_monolayer,1,16,1791301645.1201777,1392522,worker_0,W003,RescaleIntensity,step_completed,success,3.225806451612903,1,31
cp_tutorial_3d_monolayer,1,16,1791301645.1201987,1392522,worker_0,W003,Resize,step_started,started,3.225806451612903,1,31
cp_tutorial_3d_monolayer,1,16,1791301645.1763573,1392522,worker_0,W003,Resize,pattern_group,running,100.0,1,1
cp_tutorial_3d_monolayer,1,16,1791301645.1765063,1392522,worker_0,W003,Resize,step_completed,success,6.451612903225806,2,31
cp_tutorial_3d_monolayer,1,16,1791301645.1765285,1392522,worker_0,W003,MedianFilter,step_started,started,6.451612903225806,2,31
cp_tutorial_3d_monolayer,1,16,1791301645.3416362,1392522,worker_0,W003,MedianFilter,pattern_group,running,100.0,1,1
cp_tutorial_3d_monolayer,1,16,1791301645.3417654,1392522,worker_0,W003,MedianFilter,step_completed,success,9.67741935483871,3,31
cp_tutorial_3d_monolayer,1,16,1791301645.3417857,1392522,worker_0,W003,Threshold,step_started,started,9.67741935483871,3,31
cp_tutorial_3d_monolayer,1,16,1791301645.3789322,1392522,worker_0,W003,Threshold,pattern_group,running,100.0,1,1
cp_tutorial_3d_monolayer,1,16,1791301645.3791778,1392522,worker_0,W003,Threshold,step_completed,success,12.903225806451612,4,31
cp_tutorial_3d_monolayer,1,16,1791301645.3791993,1392522,worker_0,W003,RemoveHoles,step_started,started,12.903225806451612,4,31
cp_tutorial_3d_monolayer,1,16,1791301645.395548,1392522,worker_0,W003,RemoveHoles,pattern_group,running,100.0,1,1
cp_tutorial_3d_monolayer,1,16,1791301645.3956952,1392522,worker_0,W003,RemoveHoles,step_completed,success,16.129032258064516,5,31
cp_tutorial_3d_monolayer,1,16,1791301645.3957162,1392522,worker_0,W003,Watershed,step_started,started,16.129032258064516,5,31
cp_tutorial_3d_monolayer,1,16,1791301645.4879527,1392522,worker_0,W003,Watershed,pattern_group,running,100.0,1,1
cp_tutorial_3d_monolayer,1,16,1791301645.4883392,1392522,worker_0,W003,Watershed,step_completed,success,19.35483870967742,6,31
cp_tutorial_3d_monolayer,1,16,1791301645.488361,1392522,worker_0,W003,ResizeObjects,step_started,started,19.35483870967742,6,31
cp_tutorial_3d_monolayer,1,16,1791301645.5145798,1392522,worker_0,W003,ResizeObjects,pattern_group,running,100.0,1,1
cp_tutorial_3d_monolayer,1,16,1791301645.515052,1392522,worker_0,W003,ResizeObjects,step_completed,success,22.58064516129032,7,31
cp_tutorial_3d_monolayer,1,16,1791301645.5150747,1392522,worker_0,W003,ErodeObjects,step_started,started,22.58064516129032,7,31
cp_tutorial_3d_monolayer,1,16,1791301645.5717247,1392522,worker_0,W003,ErodeObjects,pattern_group,running,100.0,1,1
cp_tutorial_3d_monolayer,1,16,1791301645.5721753,1392522,worker_0,W003,ErodeObjects,step_completed,success,25.806451612903224,8,31
cp_tutorial_3d_monolayer,1,16,1791301645.5722003,1392522,worker_0,W003,ResizeObjects,step_started,started,25.806451612903224,8,31
cp_tutorial_3d_monolayer,1,16,1791301645.5953958,1392522,worker_0,W003,ResizeObjects,pattern_group,running,100.0,1,1
cp_tutorial_3d_monolayer,1,16,1791301645.5958807,1392522,worker_0,W003,ResizeObjects,step_completed,success,29.03225806451613,9,31
cp_tutorial_3d_monolayer,1,16,1791301645.59591,1392522,worker_0,W003,ConvertObjectsToImage,step_started,started,29.03225806451613,9,31
cp_tutorial_3d_monolayer,1,16,1791301645.6142933,1392522,worker_0,W003,ConvertObjectsToImage,pattern_group,running,100.0,1,1
cp_tutorial_3d_monolayer,1,16,1791301645.6144392,1392522,worker_0,W003,ConvertObjectsToImage,step_completed,success,32.25806451612903,10,31
cp_tutorial_3d_monolayer,1,16,1791301645.6144612,1392522,worker_0,W003,Threshold,step_started,started,32.25806451612903,10,31
cp_tutorial_3d_monolayer,1,16,1791301645.8862333,1392522,worker_0,W003,Threshold,pattern_group,running,100.0,1,1
cp_tutorial_3d_monolayer,1,16,1791301645.8864915,1392522,worker_0,W003,Threshold,step_completed,success,35.483870967741936,11,31
cp_tutorial_3d_monolayer,1,16,1791301645.886515,1392522,worker_0,W003,ImageMath,step_started,started,35.483870967741936,11,31
cp_tutorial_3d_monolayer,1,16,1791301645.918065,1392522,worker_0,W003,ImageMath,pattern_group,running,100.0,1,1
cp_tutorial_3d_monolayer,1,16,1791301645.9182065,1392522,worker_0,W003,ImageMath,step_completed,success,38.70967741935484,12,31
cp_tutorial_3d_monolayer,1,16,1791301645.9182293,1392522,worker_0,W003,RemoveHoles,step_started,started,38.70967741935484,12,31
cp_tutorial_3d_monolayer,1,16,1791301645.9648829,1392522,worker_0,W003,RemoveHoles,pattern_group,running,100.0,1,1
cp_tutorial_3d_monolayer,1,16,1791301645.9650335,1392522,worker_0,W003,RemoveHoles,step_completed,success,41.935483870967744,13,31
cp_tutorial_3d_monolayer,1,16,1791301645.9650562,1392522,worker_0,W003,ImageMath,step_started,started,41.935483870967744,13,31
cp_tutorial_3d_monolayer,1,16,1791301646.2413967,1392522,worker_0,W003,ImageMath,pattern_group,running,100.0,1,1
cp_tutorial_3d_monolayer,1,16,1791301646.2415457,1392522,worker_0,W003,ImageMath,step_completed,success,45.16129032258064,14,31
cp_tutorial_3d_monolayer,1,16,1791301646.2415671,1392522,worker_0,W003,Resize,step_started,started,45.16129032258064,14,31
cp_tutorial_3d_monolayer,1,16,1791301646.300965,1392522,worker_0,W003,Resize,pattern_group,running,100.0,1,1
cp_tutorial_3d_monolayer,1,16,1791301646.301108,1392522,worker_0,W003,Resize,step_completed,success,48.38709677419355,15,31
cp_tutorial_3d_monolayer,1,16,1791301646.3011286,1392522,worker_0,W003,Closing,step_started,started,48.38709677419355,15,31
cp_tutorial_3d_monolayer,1,16,1791301646.378716,1392522,worker_0,W003,Closing,pattern_group,running,100.0,1,1
cp_tutorial_3d_monolayer,1,16,1791301646.3788567,1392522,worker_0,W003,Closing,step_completed,success,51.61290322580645,16,31
cp_tutorial_3d_monolayer,1,16,1791301646.3788776,1392522,worker_0,W003,Resize,step_started,started,51.61290322580645,16,31
cp_tutorial_3d_monolayer,1,16,1791301646.4274106,1392522,worker_0,W003,Resize,pattern_group,running,100.0,1,1
cp_tutorial_3d_monolayer,1,16,1791301646.427549,1392522,worker_0,W003,Resize,step_completed,success,54.83870967741935,17,31
cp_tutorial_3d_monolayer,1,16,1791301646.4275694,1392522,worker_0,W003,Threshold,step_started,started,54.83870967741935,17,31
cp_tutorial_3d_monolayer,1,16,1791301646.5908763,1392522,worker_0,W003,Threshold,pattern_group,running,100.0,1,1
cp_tutorial_3d_monolayer,1,16,1791301646.5911245,1392522,worker_0,W003,Threshold,step_completed,success,58.06451612903226,18,31
cp_tutorial_3d_monolayer,1,16,1791301646.5911458,1392522,worker_0,W003,MaskImage,step_started,started,58.06451612903226,18,31
cp_tutorial_3d_monolayer,1,16,1791301646.6370437,1392522,worker_0,W003,MaskImage,pattern_group,running,100.0,1,1
cp_tutorial_3d_monolayer,1,16,1791301646.6372006,1392522,worker_0,W003,MaskImage,step_completed,success,61.29032258064516,19,31
cp_tutorial_3d_monolayer,1,16,1791301646.637222,1392522,worker_0,W003,ErodeImage,step_started,started,61.29032258064516,19,31
cp_tutorial_3d_monolayer,1,16,1791301646.6686842,1392522,worker_0,W003,ErodeImage,pattern_group,running,100.0,1,1
cp_tutorial_3d_monolayer,1,16,1791301646.6688454,1392522,worker_0,W003,ErodeImage,step_completed,success,64.51612903225806,20,31
cp_tutorial_3d_monolayer,1,16,1791301646.668868,1392522,worker_0,W003,Watershed,step_started,started,64.51612903225806,20,31
cp_tutorial_3d_monolayer,1,16,1791301646.7533753,1392522,worker_0,W003,Watershed,pattern_group,running,100.0,1,1
cp_tutorial_3d_monolayer,1,16,1791301646.7537658,1392522,worker_0,W003,Watershed,step_completed,success,67.74193548387096,21,31
cp_tutorial_3d_monolayer,1,16,1791301646.7537878,1392522,worker_0,W003,MeasureObjectIntensity,step_started,started,67.74193548387096,21,31
cp_tutorial_3d_monolayer,1,16,1791301646.9965212,1392522,worker_0,W003,MeasureObjectIntensity,pattern_group,running,50.0,1,2
cp_tutorial_3d_monolayer,1,16,1791301647.2741654,1392522,worker_0,W003,MeasureObjectIntensity,pattern_group,running,100.0,2,2
cp_tutorial_3d_monolayer,1,16,1791301647.2763853,1392522,worker_0,W003,MeasureObjectIntensity,step_completed,success,70.96774193548387,22,31
cp_tutorial_3d_monolayer,1,16,1791301647.2764099,1392522,worker_0,W003,MeasureObjectSizeShape,step_started,started,70.96774193548387,22,31
cp_tutorial_3d_monolayer,1,16,1791301647.3731208,1392522,worker_0,W003,MeasureObjectSizeShape,pattern_group,running,50.0,1,2
cp_tutorial_3d_monolayer,1,16,1791301647.467221,1392522,worker_0,W003,MeasureObjectSizeShape,pattern_group,running,100.0,2,2
cp_tutorial_3d_monolayer,1,16,1791301647.4680367,1392522,worker_0,W003,MeasureObjectSizeShape,step_completed,success,74.19354838709677,23,31
cp_tutorial_3d_monolayer,1,16,1791301647.4680681,1392522,worker_0,W003,OverlayObjects,step_started,started,74.19354838709677,23,31
cp_tutorial_3d_monolayer,1,16,1791301647.4919379,1392522,worker_0,W003,OverlayObjects,pattern_group,running,100.0,1,1
cp_tutorial_3d_monolayer,1,16,1791301647.492051,1392522,worker_0,W003,OverlayObjects,step_completed,success,77.41935483870968,24,31
cp_tutorial_3d_monolayer,1,16,1791301647.4920723,1392522,worker_0,W003,RescaleIntensity,step_started,started,77.41935483870968,24,31
cp_tutorial_3d_monolayer,1,16,1791301647.5946186,1392522,worker_0,W003,RescaleIntensity,pattern_group,running,100.0,1,1
cp_tutorial_3d_monolayer,1,16,1791301647.5947628,1392522,worker_0,W003,RescaleIntensity,step_completed,success,80.64516129032258,25,31
cp_tutorial_3d_monolayer,1,16,1791301647.594784,1392522,worker_0,W003,OverlayObjects,step_started,started,80.64516129032258,25,31
cp_tutorial_3d_monolayer,1,16,1791301647.6162608,1392522,worker_0,W003,OverlayObjects,pattern_group,running,100.0,1,1
cp_tutorial_3d_monolayer,1,16,1791301647.6163712,1392522,worker_0,W003,OverlayObjects,step_completed,success,83.87096774193549,26,31
cp_tutorial_3d_monolayer,1,16,1791301647.6163933,1392522,worker_0,W003,ConvertObjectsToImage,step_started,started,83.87096774193549,26,31
cp_tutorial_3d_monolayer,1,16,1791301647.6495428,1392522,worker_0,W003,ConvertObjectsToImage,pattern_group,running,100.0,1,1
cp_tutorial_3d_monolayer,1,16,1791301647.6496875,1392522,worker_0,W003,ConvertObjectsToImage,step_completed,success,87.09677419354838,27,31
cp_tutorial_3d_monolayer,1,16,1791301647.6497092,1392522,worker_0,W003,SaveImages,step_started,started,87.09677419354838,27,31
cp_tutorial_3d_monolayer,1,16,1791301647.6976962,1392522,worker_0,W003,SaveImages,pattern_group,running,100.0,1,1
cp_tutorial_3d_monolayer,1,16,1791301647.7050908,1392522,worker_0,W003,SaveImages,step_completed,success,90.32258064516128,28,31
cp_tutorial_3d_monolayer,1,16,1791301647.7051342,1392522,worker_0,W003,ConvertObjectsToImage,step_started,started,90.32258064516128,28,31
cp_tutorial_3d_monolayer,1,16,1791301647.7380848,1392522,worker_0,W003,ConvertObjectsToImage,pattern_group,running,100.0,1,1
cp_tutorial_3d_monolayer,1,16,1791301647.7382622,1392522,worker_0,W003,ConvertObjectsToImage,step_completed,success,93.54838709677419,29,31
cp_tutorial_3d_monolayer,1,16,1791301647.7382925,1392522,worker_0,W003,SaveImages,step_started,started,93.54838709677419,29,31
cp_tutorial_3d_monolayer,1,16,1791301647.7867806,1392522,worker_0,W003,SaveImages,pattern_group,running,100.0,1,1
cp_tutorial_3d_monolayer,1,16,1791301647.7930484,1392522,worker_0,W003,SaveImages,step_completed,success,96.7741935483871,30,31
cp_tutorial_3d_monolayer,1,16,1791301647.795826,1392522,worker_0,W003,pipeline,axis_completed,success,96.7741935483871,30,31
cp_tutorial_3d_monolayer,1,16,1791301647.7958965,1392522,worker_0,W004,pipeline,axis_started,started,0.0,0,31
cp_tutorial_3d_monolayer,1,16,1791301647.795927,1392522,worker_0,W004,RescaleIntensity,step_started,started,0.0,0,31
cp_tutorial_3d_monolayer,1,16,1791301648.0771945,1392522,worker_0,W004,RescaleIntensity,pattern_group,running,100.0,1,1
cp_tutorial_3d_monolayer,1,16,1791301648.077346,1392522,worker_0,W004,RescaleIntensity,step_completed,success,3.225806451612903,1,31
cp_tutorial_3d_monolayer,1,16,1791301648.0773673,1392522,worker_0,W004,Resize,step_started,started,3.225806451612903,1,31
cp_tutorial_3d_monolayer,1,16,1791301648.1325312,1392522,worker_0,W004,Resize,pattern_group,running,100.0,1,1
cp_tutorial_3d_monolayer,1,16,1791301648.1326733,1392522,worker_0,W004,Resize,step_completed,success,6.451612903225806,2,31
cp_tutorial_3d_monolayer,1,16,1791301648.1326945,1392522,worker_0,W004,MedianFilter,step_started,started,6.451612903225806,2,31
cp_tutorial_3d_monolayer,1,16,1791301648.2983663,1392522,worker_0,W004,MedianFilter,pattern_group,running,100.0,1,1
cp_tutorial_3d_monolayer,1,16,1791301648.2985022,1392522,worker_0,W004,MedianFilter,step_completed,success,9.67741935483871,3,31
cp_tutorial_3d_monolayer,1,16,1791301648.2985227,1392522,worker_0,W004,Threshold,step_started,started,9.67741935483871,3,31
cp_tutorial_3d_monolayer,1,16,1791301648.3358777,1392522,worker_0,W004,Threshold,pattern_group,running,100.0,1,1
cp_tutorial_3d_monolayer,1,16,1791301648.3366933,1392522,worker_0,W004,Threshold,step_completed,success,12.903225806451612,4,31
cp_tutorial_3d_monolayer,1,16,1791301648.3367257,1392522,worker_0,W004,RemoveHoles,step_started,started,12.903225806451612,4,31
cp_tutorial_3d_monolayer,1,16,1791301648.352596,1392522,worker_0,W004,RemoveHoles,pattern_group,running,100.0,1,1
cp_tutorial_3d_monolayer,1,16,1791301648.3527427,1392522,worker_0,W004,RemoveHoles,step_completed,success,16.129032258064516,5,31
cp_tutorial_3d_monolayer,1,16,1791301648.3527641,1392522,worker_0,W004,Watershed,step_started,started,16.129032258064516,5,31
cp_tutorial_3d_monolayer,1,16,1791301648.4445672,1392522,worker_0,W004,Watershed,pattern_group,running,100.0,1,1
cp_tutorial_3d_monolayer,1,16,1791301648.4449542,1392522,worker_0,W004,Watershed,step_completed,success,19.35483870967742,6,31
cp_tutorial_3d_monolayer,1,16,1791301648.444976,1392522,worker_0,W004,ResizeObjects,step_started,started,19.35483870967742,6,31
cp_tutorial_3d_monolayer,1,16,1791301648.4720185,1392522,worker_0,W004,ResizeObjects,pattern_group,running,100.0,1,1
cp_tutorial_3d_monolayer,1,16,1791301648.4724948,1392522,worker_0,W004,ResizeObjects,step_completed,success,22.58064516129032,7,31
cp_tutorial_3d_monolayer,1,16,1791301648.472518,1392522,worker_0,W004,ErodeObjects,step_started,started,22.58064516129032,7,31
cp_tutorial_3d_monolayer,1,16,1791301648.529193,1392522,worker_0,W004,ErodeObjects,pattern_group,running,100.0,1,1
cp_tutorial_3d_monolayer,1,16,1791301648.5296724,1392522,worker_0,W004,ErodeObjects,step_completed,success,25.806451612903224,8,31
cp_tutorial_3d_monolayer,1,16,1791301648.5296965,1392522,worker_0,W004,ResizeObjects,step_started,started,25.806451612903224,8,31
cp_tutorial_3d_monolayer,1,16,1791301648.5534937,1392522,worker_0,W004,ResizeObjects,pattern_group,running,100.0,1,1
cp_tutorial_3d_monolayer,1,16,1791301648.5539613,1392522,worker_0,W004,ResizeObjects,step_completed,success,29.03225806451613,9,31
cp_tutorial_3d_monolayer,1,16,1791301648.553985,1392522,worker_0,W004,ConvertObjectsToImage,step_started,started,29.03225806451613,9,31
cp_tutorial_3d_monolayer,1,16,1791301648.5717986,1392522,worker_0,W004,ConvertObjectsToImage,pattern_group,running,100.0,1,1
cp_tutorial_3d_monolayer,1,16,1791301648.571947,1392522,worker_0,W004,ConvertObjectsToImage,step_completed,success,32.25806451612903,10,31
cp_tutorial_3d_monolayer,1,16,1791301648.5719695,1392522,worker_0,W004,Threshold,step_started,started,32.25806451612903,10,31
cp_tutorial_3d_monolayer,1,16,1791301648.761994,1392522,worker_0,W004,Threshold,pattern_group,running,100.0,1,1
cp_tutorial_3d_monolayer,1,16,1791301648.7622483,1392522,worker_0,W004,Threshold,step_completed,success,35.483870967741936,11,31
cp_tutorial_3d_monolayer,1,16,1791301648.7622783,1392522,worker_0,W004,ImageMath,step_started,started,35.483870967741936,11,31
cp_tutorial_3d_monolayer,1,16,1791301648.7938826,1392522,worker_0,W004,ImageMath,pattern_group,running,100.0,1,1
cp_tutorial_3d_monolayer,1,16,1791301648.794031,1392522,worker_0,W004,ImageMath,step_completed,success,38.70967741935484,12,31
cp_tutorial_3d_monolayer,1,16,1791301648.794053,1392522,worker_0,W004,RemoveHoles,step_started,started,38.70967741935484,12,31
cp_tutorial_3d_monolayer,1,16,1791301648.8395326,1392522,worker_0,W004,RemoveHoles,pattern_group,running,100.0,1,1
cp_tutorial_3d_monolayer,1,16,1791301648.8396819,1392522,worker_0,W004,RemoveHoles,step_completed,success,41.935483870967744,13,31
cp_tutorial_3d_monolayer,1,16,1791301648.8397052,1392522,worker_0,W004,ImageMath,step_started,started,41.935483870967744,13,31
cp_tutorial_3d_monolayer,1,16,1791301649.1162593,1392522,worker_0,W004,ImageMath,pattern_group,running,100.0,1,1
cp_tutorial_3d_monolayer,1,16,1791301649.116414,1392522,worker_0,W004,ImageMath,step_completed,success,45.16129032258064,14,31
cp_tutorial_3d_monolayer,1,16,1791301649.1164355,1392522,worker_0,W004,Resize,step_started,started,45.16129032258064,14,31
cp_tutorial_3d_monolayer,1,16,1791301649.178399,1392522,worker_0,W004,Resize,pattern_group,running,100.0,1,1
cp_tutorial_3d_monolayer,1,16,1791301649.178565,1392522,worker_0,W004,Resize,step_completed,success,48.38709677419355,15,31
cp_tutorial_3d_monolayer,1,16,1791301649.178587,1392522,worker_0,W004,Closing,step_started,started,48.38709677419355,15,31
cp_tutorial_3d_monolayer,1,16,1791301649.256592,1392522,worker_0,W004,Closing,pattern_group,running,100.0,1,1
cp_tutorial_3d_monolayer,1,16,1791301649.2567337,1392522,worker_0,W004,Closing,step_completed,success,51.61290322580645,16,31
cp_tutorial_3d_monolayer,1,16,1791301649.2567546,1392522,worker_0,W004,Resize,step_started,started,51.61290322580645,16,31
cp_tutorial_3d_monolayer,1,16,1791301649.3052146,1392522,worker_0,W004,Resize,pattern_group,running,100.0,1,1
cp_tutorial_3d_monolayer,1,16,1791301649.3053608,1392522,worker_0,W004,Resize,step_completed,success,54.83870967741935,17,31
cp_tutorial_3d_monolayer,1,16,1791301649.3053813,1392522,worker_0,W004,Threshold,step_started,started,54.83870967741935,17,31
cp_tutorial_3d_monolayer,1,16,1791301649.4680972,1392522,worker_0,W004,Threshold,pattern_group,running,100.0,1,1
cp_tutorial_3d_monolayer,1,16,1791301649.4683383,1392522,worker_0,W004,Threshold,step_completed,success,58.06451612903226,18,31
cp_tutorial_3d_monolayer,1,16,1791301649.4683595,1392522,worker_0,W004,MaskImage,step_started,started,58.06451612903226,18,31
cp_tutorial_3d_monolayer,1,16,1791301649.51405,1392522,worker_0,W004,MaskImage,pattern_group,running,100.0,1,1
cp_tutorial_3d_monolayer,1,16,1791301649.5142024,1392522,worker_0,W004,MaskImage,step_completed,success,61.29032258064516,19,31
cp_tutorial_3d_monolayer,1,16,1791301649.5142233,1392522,worker_0,W004,ErodeImage,step_started,started,61.29032258064516,19,31
cp_tutorial_3d_monolayer,1,16,1791301649.5454557,1392522,worker_0,W004,ErodeImage,pattern_group,running,100.0,1,1
cp_tutorial_3d_monolayer,1,16,1791301649.5455987,1392522,worker_0,W004,ErodeImage,step_completed,success,64.51612903225806,20,31
cp_tutorial_3d_monolayer,1,16,1791301649.54562,1392522,worker_0,W004,Watershed,step_started,started,64.51612903225806,20,31
cp_tutorial_3d_monolayer,1,16,1791301649.7171154,1392522,worker_0,W004,Watershed,pattern_group,running,100.0,1,1
cp_tutorial_3d_monolayer,1,16,1791301649.7175047,1392522,worker_0,W004,Watershed,step_completed,success,67.74193548387096,21,31
cp_tutorial_3d_monolayer,1,16,1791301649.7175262,1392522,worker_0,W004,MeasureObjectIntensity,step_started,started,67.74193548387096,21,31
cp_tutorial_3d_monolayer,1,16,1791301649.9628305,1392522,worker_0,W004,MeasureObjectIntensity,pattern_group,running,50.0,1,2
cp_tutorial_3d_monolayer,1,16,1791301650.2411206,1392522,worker_0,W004,MeasureObjectIntensity,pattern_group,running,100.0,2,2
cp_tutorial_3d_monolayer,1,16,1791301650.2433565,1392522,worker_0,W004,MeasureObjectIntensity,step_completed,success,70.96774193548387,22,31
cp_tutorial_3d_monolayer,1,16,1791301650.2433808,1392522,worker_0,W004,MeasureObjectSizeShape,step_started,started,70.96774193548387,22,31
cp_tutorial_3d_monolayer,1,16,1791301650.3402162,1392522,worker_0,W004,MeasureObjectSizeShape,pattern_group,running,50.0,1,2
cp_tutorial_3d_monolayer,1,16,1791301650.434636,1392522,worker_0,W004,MeasureObjectSizeShape,pattern_group,running,100.0,2,2
cp_tutorial_3d_monolayer,1,16,1791301650.4352078,1392522,worker_0,W004,MeasureObjectSizeShape,step_completed,success,74.19354838709677,23,31
cp_tutorial_3d_monolayer,1,16,1791301650.4352312,1392522,worker_0,W004,OverlayObjects,step_started,started,74.19354838709677,23,31
cp_tutorial_3d_monolayer,1,16,1791301650.4592824,1392522,worker_0,W004,OverlayObjects,pattern_group,running,100.0,1,1
cp_tutorial_3d_monolayer,1,16,1791301650.4593987,1392522,worker_0,W004,OverlayObjects,step_completed,success,77.41935483870968,24,31
cp_tutorial_3d_monolayer,1,16,1791301650.4594202,1392522,worker_0,W004,RescaleIntensity,step_started,started,77.41935483870968,24,31
cp_tutorial_3d_monolayer,1,16,1791301650.5622377,1392522,worker_0,W004,RescaleIntensity,pattern_group,running,100.0,1,1
cp_tutorial_3d_monolayer,1,16,1791301650.5623863,1392522,worker_0,W004,RescaleIntensity,step_completed,success,80.64516129032258,25,31
cp_tutorial_3d_monolayer,1,16,1791301650.5624084,1392522,worker_0,W004,OverlayObjects,step_started,started,80.64516129032258,25,31
cp_tutorial_3d_monolayer,1,16,1791301650.584875,1392522,worker_0,W004,OverlayObjects,pattern_group,running,100.0,1,1
cp_tutorial_3d_monolayer,1,16,1791301650.58498,1392522,worker_0,W004,OverlayObjects,step_completed,success,83.87096774193549,26,31
cp_tutorial_3d_monolayer,1,16,1791301650.585003,1392522,worker_0,W004,ConvertObjectsToImage,step_started,started,83.87096774193549,26,31
cp_tutorial_3d_monolayer,1,16,1791301650.6174502,1392522,worker_0,W004,ConvertObjectsToImage,pattern_group,running,100.0,1,1
cp_tutorial_3d_monolayer,1,16,1791301650.617596,1392522,worker_0,W004,ConvertObjectsToImage,step_completed,success,87.09677419354838,27,31
cp_tutorial_3d_monolayer,1,16,1791301650.617618,1392522,worker_0,W004,SaveImages,step_started,started,87.09677419354838,27,31
cp_tutorial_3d_monolayer,1,16,1791301650.6661825,1392522,worker_0,W004,SaveImages,pattern_group,running,100.0,1,1
cp_tutorial_3d_monolayer,1,16,1791301650.6735122,1392522,worker_0,W004,SaveImages,step_completed,success,90.32258064516128,28,31
cp_tutorial_3d_monolayer,1,16,1791301650.6735559,1392522,worker_0,W004,ConvertObjectsToImage,step_started,started,90.32258064516128,28,31
cp_tutorial_3d_monolayer,1,16,1791301650.7071507,1392522,worker_0,W004,ConvertObjectsToImage,pattern_group,running,100.0,1,1
cp_tutorial_3d_monolayer,1,16,1791301650.7073352,1392522,worker_0,W004,ConvertObjectsToImage,step_completed,success,93.54838709677419,29,31
cp_tutorial_3d_monolayer,1,16,1791301650.707358,1392522,worker_0,W004,SaveImages,step_started,started,93.54838709677419,29,31
cp_tutorial_3d_monolayer,1,16,1791301650.756515,1392522,worker_0,W004,SaveImages,pattern_group,running,100.0,1,1
cp_tutorial_3d_monolayer,1,16,1791301650.7629404,1392522,worker_0,W004,SaveImages,step_completed,success,96.7741935483871,30,31
cp_tutorial_3d_monolayer,1,16,1791301650.7657197,1392522,worker_0,W004,pipeline,axis_completed,success,96.7741935483871,30,31
cp_tutorial_3d_monolayer,1,16,1791301650.765791,1392522,worker_0,W005,pipeline,axis_started,started,0.0,0,31
cp_tutorial_3d_monolayer,1,16,1791301650.7658226,1392522,worker_0,W005,RescaleIntensity,step_started,started,0.0,0,31
cp_tutorial_3d_monolayer,1,16,1791301651.0472937,1392522,worker_0,W005,RescaleIntensity,pattern_group,running,100.0,1,1
cp_tutorial_3d_monolayer,1,16,1791301651.0474403,1392522,worker_0,W005,RescaleIntensity,step_completed,success,3.225806451612903,1,31
cp_tutorial_3d_monolayer,1,16,1791301651.0474617,1392522,worker_0,W005,Resize,step_started,started,3.225806451612903,1,31
cp_tutorial_3d_monolayer,1,16,1791301651.1030838,1392522,worker_0,W005,Resize,pattern_group,running,100.0,1,1
cp_tutorial_3d_monolayer,1,16,1791301651.1032243,1392522,worker_0,W005,Resize,step_completed,success,6.451612903225806,2,31
cp_tutorial_3d_monolayer,1,16,1791301651.103246,1392522,worker_0,W005,MedianFilter,step_started,started,6.451612903225806,2,31
cp_tutorial_3d_monolayer,1,16,1791301651.2694077,1392522,worker_0,W005,MedianFilter,pattern_group,running,100.0,1,1
cp_tutorial_3d_monolayer,1,16,1791301651.2695453,1392522,worker_0,W005,MedianFilter,step_completed,success,9.67741935483871,3,31
cp_tutorial_3d_monolayer,1,16,1791301651.2695656,1392522,worker_0,W005,Threshold,step_started,started,9.67741935483871,3,31
cp_tutorial_3d_monolayer,1,16,1791301651.30644,1392522,worker_0,W005,Threshold,pattern_group,running,100.0,1,1
cp_tutorial_3d_monolayer,1,16,1791301651.3072197,1392522,worker_0,W005,Threshold,step_completed,success,12.903225806451612,4,31
cp_tutorial_3d_monolayer,1,16,1791301651.307249,1392522,worker_0,W005,RemoveHoles,step_started,started,12.903225806451612,4,31
cp_tutorial_3d_monolayer,1,16,1791301651.324079,1392522,worker_0,W005,RemoveHoles,pattern_group,running,100.0,1,1
cp_tutorial_3d_monolayer,1,16,1791301651.3242276,1392522,worker_0,W005,RemoveHoles,step_completed,success,16.129032258064516,5,31
cp_tutorial_3d_monolayer,1,16,1791301651.3242488,1392522,worker_0,W005,Watershed,step_started,started,16.129032258064516,5,31
cp_tutorial_3d_monolayer,1,16,1791301651.4152834,1392522,worker_0,W005,Watershed,pattern_group,running,100.0,1,1
cp_tutorial_3d_monolayer,1,16,1791301651.415665,1392522,worker_0,W005,Watershed,step_completed,success,19.35483870967742,6,31
cp_tutorial_3d_monolayer,1,16,1791301651.4156861,1392522,worker_0,W005,ResizeObjects,step_started,started,19.35483870967742,6,31
cp_tutorial_3d_monolayer,1,16,1791301651.4425669,1392522,worker_0,W005,ResizeObjects,pattern_group,running,100.0,1,1
cp_tutorial_3d_monolayer,1,16,1791301651.4430387,1392522,worker_0,W005,ResizeObjects,step_completed,success,22.58064516129032,7,31
cp_tutorial_3d_monolayer,1,16,1791301651.4430616,1392522,worker_0,W005,ErodeObjects,step_started,started,22.58064516129032,7,31
cp_tutorial_3d_monolayer,1,16,1791301651.4999096,1392522,worker_0,W005,ErodeObjects,pattern_group,running,100.0,1,1
cp_tutorial_3d_monolayer,1,16,1791301651.5003877,1392522,worker_0,W005,ErodeObjects,step_completed,success,25.806451612903224,8,31
cp_tutorial_3d_monolayer,1,16,1791301651.500413,1392522,worker_0,W005,ResizeObjects,step_started,started,25.806451612903224,8,31
cp_tutorial_3d_monolayer,1,16,1791301651.5240176,1392522,worker_0,W005,ResizeObjects,pattern_group,running,100.0,1,1
cp_tutorial_3d_monolayer,1,16,1791301651.5245013,1392522,worker_0,W005,ResizeObjects,step_completed,success,29.03225806451613,9,31
cp_tutorial_3d_monolayer,1,16,1791301651.5245268,1392522,worker_0,W005,ConvertObjectsToImage,step_started,started,29.03225806451613,9,31
cp_tutorial_3d_monolayer,1,16,1791301651.5431948,1392522,worker_0,W005,ConvertObjectsToImage,pattern_group,running,100.0,1,1
cp_tutorial_3d_monolayer,1,16,1791301651.543347,1392522,worker_0,W005,ConvertObjectsToImage,step_completed,success,32.25806451612903,10,31
cp_tutorial_3d_monolayer,1,16,1791301651.5433702,1392522,worker_0,W005,Threshold,step_started,started,32.25806451612903,10,31
cp_tutorial_3d_monolayer,1,16,1791301651.7333326,1392522,worker_0,W005,Threshold,pattern_group,running,100.0,1,1
cp_tutorial_3d_monolayer,1,16,1791301651.7335756,1392522,worker_0,W005,Threshold,step_completed,success,35.483870967741936,11,31
cp_tutorial_3d_monolayer,1,16,1791301651.7335985,1392522,worker_0,W005,ImageMath,step_started,started,35.483870967741936,11,31
cp_tutorial_3d_monolayer,1,16,1791301651.764858,1392522,worker_0,W005,ImageMath,pattern_group,running,100.0,1,1
cp_tutorial_3d_monolayer,1,16,1791301651.7650034,1392522,worker_0,W005,ImageMath,step_completed,success,38.70967741935484,12,31
cp_tutorial_3d_monolayer,1,16,1791301651.7650256,1392522,worker_0,W005,RemoveHoles,step_started,started,38.70967741935484,12,31
cp_tutorial_3d_monolayer,1,16,1791301651.8099482,1392522,worker_0,W005,RemoveHoles,pattern_group,running,100.0,1,1
cp_tutorial_3d_monolayer,1,16,1791301651.8100936,1392522,worker_0,W005,RemoveHoles,step_completed,success,41.935483870967744,13,31
cp_tutorial_3d_monolayer,1,16,1791301651.8101163,1392522,worker_0,W005,ImageMath,step_started,started,41.935483870967744,13,31
cp_tutorial_3d_monolayer,1,16,1791301652.0861366,1392522,worker_0,W005,ImageMath,pattern_group,running,100.0,1,1
cp_tutorial_3d_monolayer,1,16,1791301652.0862925,1392522,worker_0,W005,ImageMath,step_completed,success,45.16129032258064,14,31
cp_tutorial_3d_monolayer,1,16,1791301652.0863147,1392522,worker_0,W005,Resize,step_started,started,45.16129032258064,14,31
cp_tutorial_3d_monolayer,1,16,1791301652.145569,1392522,worker_0,W005,Resize,pattern_group,running,100.0,1,1
cp_tutorial_3d_monolayer,1,16,1791301652.1457112,1392522,worker_0,W005,Resize,step_completed,success,48.38709677419355,15,31
cp_tutorial_3d_monolayer,1,16,1791301652.145732,1392522,worker_0,W005,Closing,step_started,started,48.38709677419355,15,31
cp_tutorial_3d_monolayer,1,16,1791301652.223981,1392522,worker_0,W005,Closing,pattern_group,running,100.0,1,1
cp_tutorial_3d_monolayer,1,16,1791301652.2241254,1392522,worker_0,W005,Closing,step_completed,success,51.61290322580645,16,31
cp_tutorial_3d_monolayer,1,16,1791301652.2241468,1392522,worker_0,W005,Resize,step_started,started,51.61290322580645,16,31
cp_tutorial_3d_monolayer,1,16,1791301652.2728488,1392522,worker_0,W005,Resize,pattern_group,running,100.0,1,1
cp_tutorial_3d_monolayer,1,16,1791301652.2729893,1392522,worker_0,W005,Resize,step_completed,success,54.83870967741935,17,31
cp_tutorial_3d_monolayer,1,16,1791301652.2730103,1392522,worker_0,W005,Threshold,step_started,started,54.83870967741935,17,31
cp_tutorial_3d_monolayer,1,16,1791301652.4364386,1392522,worker_0,W005,Threshold,pattern_group,running,100.0,1,1
cp_tutorial_3d_monolayer,1,16,1791301652.4366817,1392522,worker_0,W005,Threshold,step_completed,success,58.06451612903226,18,31
cp_tutorial_3d_monolayer,1,16,1791301652.4367025,1392522,worker_0,W005,MaskImage,step_started,started,58.06451612903226,18,31
cp_tutorial_3d_monolayer,1,16,1791301652.4819643,1392522,worker_0,W005,MaskImage,pattern_group,running,100.0,1,1
cp_tutorial_3d_monolayer,1,16,1791301652.482114,1392522,worker_0,W005,MaskImage,step_completed,success,61.29032258064516,19,31
cp_tutorial_3d_monolayer,1,16,1791301652.4821353,1392522,worker_0,W005,ErodeImage,step_started,started,61.29032258064516,19,31
cp_tutorial_3d_monolayer,1,16,1791301652.5132446,1392522,worker_0,W005,ErodeImage,pattern_group,running,100.0,1,1
cp_tutorial_3d_monolayer,1,16,1791301652.5133953,1392522,worker_0,W005,ErodeImage,step_completed,success,64.51612903225806,20,31
cp_tutorial_3d_monolayer,1,16,1791301652.5134165,1392522,worker_0,W005,Watershed,step_started,started,64.51612903225806,20,31
cp_tutorial_3d_monolayer,1,16,1791301652.5986848,1392522,worker_0,W005,Watershed,pattern_group,running,100.0,1,1
cp_tutorial_3d_monolayer,1,16,1791301652.5990736,1392522,worker_0,W005,Watershed,step_completed,success,67.74193548387096,21,31
cp_tutorial_3d_monolayer,1,16,1791301652.5990946,1392522,worker_0,W005,MeasureObjectIntensity,step_started,started,67.74193548387096,21,31
cp_tutorial_3d_monolayer,1,16,1791301652.8418572,1392522,worker_0,W005,MeasureObjectIntensity,pattern_group,running,50.0,1,2
cp_tutorial_3d_monolayer,1,16,1791301653.1198812,1392522,worker_0,W005,MeasureObjectIntensity,pattern_group,running,100.0,2,2
cp_tutorial_3d_monolayer,1,16,1791301653.1220915,1392522,worker_0,W005,MeasureObjectIntensity,step_completed,success,70.96774193548387,22,31
cp_tutorial_3d_monolayer,1,16,1791301653.122117,1392522,worker_0,W005,MeasureObjectSizeShape,step_started,started,70.96774193548387,22,31
cp_tutorial_3d_monolayer,1,16,1791301653.2190864,1392522,worker_0,W005,MeasureObjectSizeShape,pattern_group,running,50.0,1,2
cp_tutorial_3d_monolayer,1,16,1791301653.3132567,1392522,worker_0,W005,MeasureObjectSizeShape,pattern_group,running,100.0,2,2
cp_tutorial_3d_monolayer,1,16,1791301653.3138368,1392522,worker_0,W005,MeasureObjectSizeShape,step_completed,success,74.19354838709677,23,31
cp_tutorial_3d_monolayer,1,16,1791301653.3138604,1392522,worker_0,W005,OverlayObjects,step_started,started,74.19354838709677,23,31
cp_tutorial_3d_monolayer,1,16,1791301653.3370297,1392522,worker_0,W005,OverlayObjects,pattern_group,running,100.0,1,1
cp_tutorial_3d_monolayer,1,16,1791301653.3371415,1392522,worker_0,W005,OverlayObjects,step_completed,success,77.41935483870968,24,31
cp_tutorial_3d_monolayer,1,16,1791301653.3371632,1392522,worker_0,W005,RescaleIntensity,step_started,started,77.41935483870968,24,31
cp_tutorial_3d_monolayer,1,16,1791301653.4403682,1392522,worker_0,W005,RescaleIntensity,pattern_group,running,100.0,1,1
cp_tutorial_3d_monolayer,1,16,1791301653.4405124,1392522,worker_0,W005,RescaleIntensity,step_completed,success,80.64516129032258,25,31
cp_tutorial_3d_monolayer,1,16,1791301653.440534,1392522,worker_0,W005,OverlayObjects,step_started,started,80.64516129032258,25,31
cp_tutorial_3d_monolayer,1,16,1791301653.462453,1392522,worker_0,W005,OverlayObjects,pattern_group,running,100.0,1,1
cp_tutorial_3d_monolayer,1,16,1791301653.4625566,1392522,worker_0,W005,OverlayObjects,step_completed,success,83.87096774193549,26,31
cp_tutorial_3d_monolayer,1,16,1791301653.462578,1392522,worker_0,W005,ConvertObjectsToImage,step_started,started,83.87096774193549,26,31
cp_tutorial_3d_monolayer,1,16,1791301653.4954033,1392522,worker_0,W005,ConvertObjectsToImage,pattern_group,running,100.0,1,1
cp_tutorial_3d_monolayer,1,16,1791301653.4955494,1392522,worker_0,W005,ConvertObjectsToImage,step_completed,success,87.09677419354838,27,31
cp_tutorial_3d_monolayer,1,16,1791301653.4955726,1392522,worker_0,W005,SaveImages,step_started,started,87.09677419354838,27,31
cp_tutorial_3d_monolayer,1,16,1791301653.5445251,1392522,worker_0,W005,SaveImages,pattern_group,running,100.0,1,1
cp_tutorial_3d_monolayer,1,16,1791301653.5513773,1392522,worker_0,W005,SaveImages,step_completed,success,90.32258064516128,28,31
cp_tutorial_3d_monolayer,1,16,1791301653.5514178,1392522,worker_0,W005,ConvertObjectsToImage,step_started,started,90.32258064516128,28,31
cp_tutorial_3d_monolayer,1,16,1791301653.5846574,1392522,worker_0,W005,ConvertObjectsToImage,pattern_group,running,100.0,1,1
cp_tutorial_3d_monolayer,1,16,1791301653.584836,1392522,worker_0,W005,ConvertObjectsToImage,step_completed,success,93.54838709677419,29,31
cp_tutorial_3d_monolayer,1,16,1791301653.5848598,1392522,worker_0,W005,SaveImages,step_started,started,93.54838709677419,29,31
cp_tutorial_3d_monolayer,1,16,1791301653.6327055,1392522,worker_0,W005,SaveImages,pattern_group,running,100.0,1,1
cp_tutorial_3d_monolayer,1,16,1791301653.6395257,1392522,worker_0,W005,SaveImages,step_completed,success,96.7741935483871,30,31
cp_tutorial_3d_monolayer,1,16,1791301653.6422758,1392522,worker_0,W005,pipeline,axis_completed,success,96.7741935483871,30,31
cp_tutorial_3d_monolayer,1,16,1791301653.642348,1392522,worker_0,W006,pipeline,axis_started,started,0.0,0,31
cp_tutorial_3d_monolayer,1,16,1791301653.6423793,1392522,worker_0,W006,RescaleIntensity,step_started,started,0.0,0,31
cp_tutorial_3d_monolayer,1,16,1791301654.0249815,1392522,worker_0,W006,RescaleIntensity,pattern_group,running,100.0,1,1
cp_tutorial_3d_monolayer,1,16,1791301654.0251281,1392522,worker_0,W006,RescaleIntensity,step_completed,success,3.225806451612903,1,31
cp_tutorial_3d_monolayer,1,16,1791301654.0251505,1392522,worker_0,W006,Resize,step_started,started,3.225806451612903,1,31
cp_tutorial_3d_monolayer,1,16,1791301654.0807962,1392522,worker_0,W006,Resize,pattern_group,running,100.0,1,1
cp_tutorial_3d_monolayer,1,16,1791301654.0809362,1392522,worker_0,W006,Resize,step_completed,success,6.451612903225806,2,31
cp_tutorial_3d_monolayer,1,16,1791301654.0809572,1392522,worker_0,W006,MedianFilter,step_started,started,6.451612903225806,2,31
cp_tutorial_3d_monolayer,1,16,1791301654.2470112,1392522,worker_0,W006,MedianFilter,pattern_group,running,100.0,1,1
cp_tutorial_3d_monolayer,1,16,1791301654.247151,1392522,worker_0,W006,MedianFilter,step_completed,success,9.67741935483871,3,31
cp_tutorial_3d_monolayer,1,16,1791301654.2471719,1392522,worker_0,W006,Threshold,step_started,started,9.67741935483871,3,31
cp_tutorial_3d_monolayer,1,16,1791301654.2842302,1392522,worker_0,W006,Threshold,pattern_group,running,100.0,1,1
cp_tutorial_3d_monolayer,1,16,1791301654.2844827,1392522,worker_0,W006,Threshold,step_completed,success,12.903225806451612,4,31
cp_tutorial_3d_monolayer,1,16,1791301654.2845051,1392522,worker_0,W006,RemoveHoles,step_started,started,12.903225806451612,4,31
cp_tutorial_3d_monolayer,1,16,1791301654.3018126,1392522,worker_0,W006,RemoveHoles,pattern_group,running,100.0,1,1
cp_tutorial_3d_monolayer,1,16,1791301654.301955,1392522,worker_0,W006,RemoveHoles,step_completed,success,16.129032258064516,5,31
cp_tutorial_3d_monolayer,1,16,1791301654.3019772,1392522,worker_0,W006,Watershed,step_started,started,16.129032258064516,5,31
cp_tutorial_3d_monolayer,1,16,1791301654.3935518,1392522,worker_0,W006,Watershed,pattern_group,running,100.0,1,1
cp_tutorial_3d_monolayer,1,16,1791301654.3939338,1392522,worker_0,W006,Watershed,step_completed,success,19.35483870967742,6,31
cp_tutorial_3d_monolayer,1,16,1791301654.393955,1392522,worker_0,W006,ResizeObjects,step_started,started,19.35483870967742,6,31
cp_tutorial_3d_monolayer,1,16,1791301654.4209917,1392522,worker_0,W006,ResizeObjects,pattern_group,running,100.0,1,1
cp_tutorial_3d_monolayer,1,16,1791301654.4214756,1392522,worker_0,W006,ResizeObjects,step_completed,success,22.58064516129032,7,31
cp_tutorial_3d_monolayer,1,16,1791301654.4214988,1392522,worker_0,W006,ErodeObjects,step_started,started,22.58064516129032,7,31
cp_tutorial_3d_monolayer,1,16,1791301654.4782574,1392522,worker_0,W006,ErodeObjects,pattern_group,running,100.0,1,1
cp_tutorial_3d_monolayer,1,16,1791301654.4787202,1392522,worker_0,W006,ErodeObjects,step_completed,success,25.806451612903224,8,31
cp_tutorial_3d_monolayer,1,16,1791301654.4787455,1392522,worker_0,W006,ResizeObjects,step_started,started,25.806451612903224,8,31
cp_tutorial_3d_monolayer,1,16,1791301654.5022023,1392522,worker_0,W006,ResizeObjects,pattern_group,running,100.0,1,1
cp_tutorial_3d_monolayer,1,16,1791301654.5026774,1392522,worker_0,W006,ResizeObjects,step_completed,success,29.03225806451613,9,31
cp_tutorial_3d_monolayer,1,16,1791301654.502702,1392522,worker_0,W006,ConvertObjectsToImage,step_started,started,29.03225806451613,9,31
cp_tutorial_3d_monolayer,1,16,1791301654.5206637,1392522,worker_0,W006,ConvertObjectsToImage,pattern_group,running,100.0,1,1
cp_tutorial_3d_monolayer,1,16,1791301654.520812,1392522,worker_0,W006,ConvertObjectsToImage,step_completed,success,32.25806451612903,10,31
cp_tutorial_3d_monolayer,1,16,1791301654.5208354,1392522,worker_0,W006,Threshold,step_started,started,32.25806451612903,10,31
cp_tutorial_3d_monolayer,1,16,1791301654.711863,1392522,worker_0,W006,Threshold,pattern_group,running,100.0,1,1
cp_tutorial_3d_monolayer,1,16,1791301654.7121117,1392522,worker_0,W006,Threshold,step_completed,success,35.483870967741936,11,31
cp_tutorial_3d_monolayer,1,16,1791301654.7121348,1392522,worker_0,W006,ImageMath,step_started,started,35.483870967741936,11,31
cp_tutorial_3d_monolayer,1,16,1791301654.7430906,1392522,worker_0,W006,ImageMath,pattern_group,running,100.0,1,1
cp_tutorial_3d_monolayer,1,16,1791301654.7432387,1392522,worker_0,W006,ImageMath,step_completed,success,38.70967741935484,12,31
cp_tutorial_3d_monolayer,1,16,1791301654.7432606,1392522,worker_0,W006,RemoveHoles,step_started,started,38.70967741935484,12,31
cp_tutorial_3d_monolayer,1,16,1791301654.78822,1392522,worker_0,W006,RemoveHoles,pattern_group,running,100.0,1,1
cp_tutorial_3d_monolayer,1,16,1791301654.7883735,1392522,worker_0,W006,RemoveHoles,step_completed,success,41.935483870967744,13,31
cp_tutorial_3d_monolayer,1,16,1791301654.7883973,1392522,worker_0,W006,ImageMath,step_started,started,41.935483870967744,13,31
cp_tutorial_3d_monolayer,1,16,1791301655.0648553,1392522,worker_0,W006,ImageMath,pattern_group,running,100.0,1,1
cp_tutorial_3d_monolayer,1,16,1791301655.065009,1392522,worker_0,W006,ImageMath,step_completed,success,45.16129032258064,14,31
cp_tutorial_3d_monolayer,1,16,1791301655.06503,1392522,worker_0,W006,Resize,step_started,started,45.16129032258064,14,31
cp_tutorial_3d_monolayer,1,16,1791301655.1245646,1392522,worker_0,W006,Resize,pattern_group,running,100.0,1,1
cp_tutorial_3d_monolayer,1,16,1791301655.124705,1392522,worker_0,W006,Resize,step_completed,success,48.38709677419355,15,31
cp_tutorial_3d_monolayer,1,16,1791301655.1247263,1392522,worker_0,W006,Closing,step_started,started,48.38709677419355,15,31
cp_tutorial_3d_monolayer,1,16,1791301655.203758,1392522,worker_0,W006,Closing,pattern_group,running,100.0,1,1
cp_tutorial_3d_monolayer,1,16,1791301655.2038913,1392522,worker_0,W006,Closing,step_completed,success,51.61290322580645,16,31
cp_tutorial_3d_monolayer,1,16,1791301655.2039127,1392522,worker_0,W006,Resize,step_started,started,51.61290322580645,16,31
cp_tutorial_3d_monolayer,1,16,1791301655.2530704,1392522,worker_0,W006,Resize,pattern_group,running,100.0,1,1
cp_tutorial_3d_monolayer,1,16,1791301655.253209,1392522,worker_0,W006,Resize,step_completed,success,54.83870967741935,17,31
cp_tutorial_3d_monolayer,1,16,1791301655.2532303,1392522,worker_0,W006,Threshold,step_started,started,54.83870967741935,17,31
cp_tutorial_3d_monolayer,1,16,1791301655.4232388,1392522,worker_0,W006,Threshold,pattern_group,running,100.0,1,1
cp_tutorial_3d_monolayer,1,16,1791301655.4234877,1392522,worker_0,W006,Threshold,step_completed,success,58.06451612903226,18,31
cp_tutorial_3d_monolayer,1,16,1791301655.4235082,1392522,worker_0,W006,MaskImage,step_started,started,58.06451612903226,18,31
cp_tutorial_3d_monolayer,1,16,1791301655.4686606,1392522,worker_0,W006,MaskImage,pattern_group,running,100.0,1,1
cp_tutorial_3d_monolayer,1,16,1791301655.4688175,1392522,worker_0,W006,MaskImage,step_completed,success,61.29032258064516,19,31
cp_tutorial_3d_monolayer,1,16,1791301655.468839,1392522,worker_0,W006,ErodeImage,step_started,started,61.29032258064516,19,31
cp_tutorial_3d_monolayer,1,16,1791301655.5002348,1392522,worker_0,W006,ErodeImage,pattern_group,running,100.0,1,1
cp_tutorial_3d_monolayer,1,16,1791301655.500386,1392522,worker_0,W006,ErodeImage,step_completed,success,64.51612903225806,20,31
cp_tutorial_3d_monolayer,1,16,1791301655.500407,1392522,worker_0,W006,Watershed,step_started,started,64.51612903225806,20,31
cp_tutorial_3d_monolayer,1,16,1791301655.586935,1392522,worker_0,W006,Watershed,pattern_group,running,100.0,1,1
cp_tutorial_3d_monolayer,1,16,1791301655.587334,1392522,worker_0,W006,Watershed,step_completed,success,67.74193548387096,21,31
cp_tutorial_3d_monolayer,1,16,1791301655.5873551,1392522,worker_0,W006,MeasureObjectIntensity,step_started,started,67.74193548387096,21,31
cp_tutorial_3d_monolayer,1,16,1791301655.8293102,1392522,worker_0,W006,MeasureObjectIntensity,pattern_group,running,50.0,1,2
cp_tutorial_3d_monolayer,1,16,1791301656.1077025,1392522,worker_0,W006,MeasureObjectIntensity,pattern_group,running,100.0,2,2
cp_tutorial_3d_monolayer,1,16,1791301656.109924,1392522,worker_0,W006,MeasureObjectIntensity,step_completed,success,70.96774193548387,22,31
cp_tutorial_3d_monolayer,1,16,1791301656.109948,1392522,worker_0,W006,MeasureObjectSizeShape,step_started,started,70.96774193548387,22,31
cp_tutorial_3d_monolayer,1,16,1791301656.2070174,1392522,worker_0,W006,MeasureObjectSizeShape,pattern_group,running,50.0,1,2
cp_tutorial_3d_monolayer,1,16,1791301656.3018591,1392522,worker_0,W006,MeasureObjectSizeShape,pattern_group,running,100.0,2,2
cp_tutorial_3d_monolayer,1,16,1791301656.3024487,1392522,worker_0,W006,MeasureObjectSizeShape,step_completed,success,74.19354838709677,23,31
cp_tutorial_3d_monolayer,1,16,1791301656.3024714,1392522,worker_0,W006,OverlayObjects,step_started,started,74.19354838709677,23,31
cp_tutorial_3d_monolayer,1,16,1791301656.326575,1392522,worker_0,W006,OverlayObjects,pattern_group,running,100.0,1,1
cp_tutorial_3d_monolayer,1,16,1791301656.3266935,1392522,worker_0,W006,OverlayObjects,step_completed,success,77.41935483870968,24,31
cp_tutorial_3d_monolayer,1,16,1791301656.3267167,1392522,worker_0,W006,RescaleIntensity,step_started,started,77.41935483870968,24,31
cp_tutorial_3d_monolayer,1,16,1791301656.429038,1392522,worker_0,W006,RescaleIntensity,pattern_group,running,100.0,1,1
cp_tutorial_3d_monolayer,1,16,1791301656.4291828,1392522,worker_0,W006,RescaleIntensity,step_completed,success,80.64516129032258,25,31
cp_tutorial_3d_monolayer,1,16,1791301656.4292047,1392522,worker_0,W006,OverlayObjects,step_started,started,80.64516129032258,25,31
cp_tutorial_3d_monolayer,1,16,1791301656.4517977,1392522,worker_0,W006,OverlayObjects,pattern_group,running,100.0,1,1
cp_tutorial_3d_monolayer,1,16,1791301656.451899,1392522,worker_0,W006,OverlayObjects,step_completed,success,83.87096774193549,26,31
cp_tutorial_3d_monolayer,1,16,1791301656.4519212,1392522,worker_0,W006,ConvertObjectsToImage,step_started,started,83.87096774193549,26,31
cp_tutorial_3d_monolayer,1,16,1791301656.4840827,1392522,worker_0,W006,ConvertObjectsToImage,pattern_group,running,100.0,1,1
cp_tutorial_3d_monolayer,1,16,1791301656.4842312,1392522,worker_0,W006,ConvertObjectsToImage,step_completed,success,87.09677419354838,27,31
cp_tutorial_3d_monolayer,1,16,1791301656.484254,1392522,worker_0,W006,SaveImages,step_started,started,87.09677419354838,27,31
cp_tutorial_3d_monolayer,1,16,1791301656.5325525,1392522,worker_0,W006,SaveImages,pattern_group,running,100.0,1,1
cp_tutorial_3d_monolayer,1,16,1791301656.53937,1392522,worker_0,W006,SaveImages,step_completed,success,90.32258064516128,28,31
cp_tutorial_3d_monolayer,1,16,1791301656.5394099,1392522,worker_0,W006,ConvertObjectsToImage,step_started,started,90.32258064516128,28,31
cp_tutorial_3d_monolayer,1,16,1791301656.5728893,1392522,worker_0,W006,ConvertObjectsToImage,pattern_group,running,100.0,1,1
cp_tutorial_3d_monolayer,1,16,1791301656.573071,1392522,worker_0,W006,ConvertObjectsToImage,step_completed,success,93.54838709677419,29,31
cp_tutorial_3d_monolayer,1,16,1791301656.5730934,1392522,worker_0,W006,SaveImages,step_started,started,93.54838709677419,29,31
cp_tutorial_3d_monolayer,1,16,1791301656.6219702,1392522,worker_0,W006,SaveImages,pattern_group,running,100.0,1,1
cp_tutorial_3d_monolayer,1,16,1791301656.6288047,1392522,worker_0,W006,SaveImages,step_completed,success,96.7741935483871,30,31
cp_tutorial_3d_monolayer,1,16,1791301656.6316218,1392522,worker_0,W006,pipeline,axis_completed,success,96.7741935483871,30,31
cp_tutorial_3d_monolayer,1,16,1791301656.6316965,1392522,worker_0,W007,pipeline,axis_started,started,0.0,0,31
cp_tutorial_3d_monolayer,1,16,1791301656.6317282,1392522,worker_0,W007,RescaleIntensity,step_started,started,0.0,0,31
cp_tutorial_3d_monolayer,1,16,1791301656.912549,1392522,worker_0,W007,RescaleIntensity,pattern_group,running,100.0,1,1
cp_tutorial_3d_monolayer,1,16,1791301656.9126961,1392522,worker_0,W007,RescaleIntensity,step_completed,success,3.225806451612903,1,31
cp_tutorial_3d_monolayer,1,16,1791301656.912717,1392522,worker_0,W007,Resize,step_started,started,3.225806451612903,1,31
cp_tutorial_3d_monolayer,1,16,1791301656.969099,1392522,worker_0,W007,Resize,pattern_group,running,100.0,1,1
cp_tutorial_3d_monolayer,1,16,1791301656.9692388,1392522,worker_0,W007,Resize,step_completed,success,6.451612903225806,2,31
cp_tutorial_3d_monolayer,1,16,1791301656.9692597,1392522,worker_0,W007,MedianFilter,step_started,started,6.451612903225806,2,31
cp_tutorial_3d_monolayer,1,16,1791301657.1345532,1392522,worker_0,W007,MedianFilter,pattern_group,running,100.0,1,1
cp_tutorial_3d_monolayer,1,16,1791301657.1346924,1392522,worker_0,W007,MedianFilter,step_completed,success,9.67741935483871,3,31
cp_tutorial_3d_monolayer,1,16,1791301657.1347136,1392522,worker_0,W007,Threshold,step_started,started,9.67741935483871,3,31
cp_tutorial_3d_monolayer,1,16,1791301657.1729212,1392522,worker_0,W007,Threshold,pattern_group,running,100.0,1,1
cp_tutorial_3d_monolayer,1,16,1791301657.1731658,1392522,worker_0,W007,Threshold,step_completed,success,12.903225806451612,4,31
cp_tutorial_3d_monolayer,1,16,1791301657.1731894,1392522,worker_0,W007,RemoveHoles,step_started,started,12.903225806451612,4,31
cp_tutorial_3d_monolayer,1,16,1791301657.1901343,1392522,worker_0,W007,RemoveHoles,pattern_group,running,100.0,1,1
cp_tutorial_3d_monolayer,1,16,1791301657.1902912,1392522,worker_0,W007,RemoveHoles,step_completed,success,16.129032258064516,5,31
cp_tutorial_3d_monolayer,1,16,1791301657.190313,1392522,worker_0,W007,Watershed,step_started,started,16.129032258064516,5,31
cp_tutorial_3d_monolayer,1,16,1791301657.2828517,1392522,worker_0,W007,Watershed,pattern_group,running,100.0,1,1
cp_tutorial_3d_monolayer,1,16,1791301657.2832308,1392522,worker_0,W007,Watershed,step_completed,success,19.35483870967742,6,31
cp_tutorial_3d_monolayer,1,16,1791301657.283252,1392522,worker_0,W007,ResizeObjects,step_started,started,19.35483870967742,6,31
cp_tutorial_3d_monolayer,1,16,1791301657.3093927,1392522,worker_0,W007,ResizeObjects,pattern_group,running,100.0,1,1
cp_tutorial_3d_monolayer,1,16,1791301657.3098662,1392522,worker_0,W007,ResizeObjects,step_completed,success,22.58064516129032,7,31
cp_tutorial_3d_monolayer,1,16,1791301657.3098896,1392522,worker_0,W007,ErodeObjects,step_started,started,22.58064516129032,7,31
cp_tutorial_3d_monolayer,1,16,1791301657.366893,1392522,worker_0,W007,ErodeObjects,pattern_group,running,100.0,1,1
cp_tutorial_3d_monolayer,1,16,1791301657.3673673,1392522,worker_0,W007,ErodeObjects,step_completed,success,25.806451612903224,8,31
cp_tutorial_3d_monolayer,1,16,1791301657.3673918,1392522,worker_0,W007,ResizeObjects,step_started,started,25.806451612903224,8,31
cp_tutorial_3d_monolayer,1,16,1791301657.391277,1392522,worker_0,W007,ResizeObjects,pattern_group,running,100.0,1,1
cp_tutorial_3d_monolayer,1,16,1791301657.3917575,1392522,worker_0,W007,ResizeObjects,step_completed,success,29.03225806451613,9,31
cp_tutorial_3d_monolayer,1,16,1791301657.3917806,1392522,worker_0,W007,ConvertObjectsToImage,step_started,started,29.03225806451613,9,31
cp_tutorial_3d_monolayer,1,16,1791301657.4101753,1392522,worker_0,W007,ConvertObjectsToImage,pattern_group,running,100.0,1,1
cp_tutorial_3d_monolayer,1,16,1791301657.4103243,1392522,worker_0,W007,ConvertObjectsToImage,step_completed,success,32.25806451612903,10,31
cp_tutorial_3d_monolayer,1,16,1791301657.410347,1392522,worker_0,W007,Threshold,step_started,started,32.25806451612903,10,31
cp_tutorial_3d_monolayer,1,16,1791301657.602939,1392522,worker_0,W007,Threshold,pattern_group,running,100.0,1,1
cp_tutorial_3d_monolayer,1,16,1791301657.6031954,1392522,worker_0,W007,Threshold,step_completed,success,35.483870967741936,11,31
cp_tutorial_3d_monolayer,1,16,1791301657.6032193,1392522,worker_0,W007,ImageMath,step_started,started,35.483870967741936,11,31
cp_tutorial_3d_monolayer,1,16,1791301657.6349494,1392522,worker_0,W007,ImageMath,pattern_group,running,100.0,1,1
cp_tutorial_3d_monolayer,1,16,1791301657.6350985,1392522,worker_0,W007,ImageMath,step_completed,success,38.70967741935484,12,31
cp_tutorial_3d_monolayer,1,16,1791301657.63512,1392522,worker_0,W007,RemoveHoles,step_started,started,38.70967741935484,12,31
cp_tutorial_3d_monolayer,1,16,1791301657.6804178,1392522,worker_0,W007,RemoveHoles,pattern_group,running,100.0,1,1
cp_tutorial_3d_monolayer,1,16,1791301657.680563,1392522,worker_0,W007,RemoveHoles,step_completed,success,41.935483870967744,13,31
cp_tutorial_3d_monolayer,1,16,1791301657.6805842,1392522,worker_0,W007,ImageMath,step_started,started,41.935483870967744,13,31
cp_tutorial_3d_monolayer,1,16,1791301657.963924,1392522,worker_0,W007,ImageMath,pattern_group,running,100.0,1,1
cp_tutorial_3d_monolayer,1,16,1791301657.9640734,1392522,worker_0,W007,ImageMath,step_completed,success,45.16129032258064,14,31
cp_tutorial_3d_monolayer,1,16,1791301657.9640958,1392522,worker_0,W007,Resize,step_started,started,45.16129032258064,14,31
cp_tutorial_3d_monolayer,1,16,1791301658.0236738,1392522,worker_0,W007,Resize,pattern_group,running,100.0,1,1
cp_tutorial_3d_monolayer,1,16,1791301658.0238144,1392522,worker_0,W007,Resize,step_completed,success,48.38709677419355,15,31
cp_tutorial_3d_monolayer,1,16,1791301658.0238357,1392522,worker_0,W007,Closing,step_started,started,48.38709677419355,15,31
cp_tutorial_3d_monolayer,1,16,1791301658.101586,1392522,worker_0,W007,Closing,pattern_group,running,100.0,1,1
cp_tutorial_3d_monolayer,1,16,1791301658.1017268,1392522,worker_0,W007,Closing,step_completed,success,51.61290322580645,16,31
cp_tutorial_3d_monolayer,1,16,1791301658.101748,1392522,worker_0,W007,Resize,step_started,started,51.61290322580645,16,31
cp_tutorial_3d_monolayer,1,16,1791301658.1501145,1392522,worker_0,W007,Resize,pattern_group,running,100.0,1,1
cp_tutorial_3d_monolayer,1,16,1791301658.1502552,1392522,worker_0,W007,Resize,step_completed,success,54.83870967741935,17,31
cp_tutorial_3d_monolayer,1,16,1791301658.150282,1392522,worker_0,W007,Threshold,step_started,started,54.83870967741935,17,31
cp_tutorial_3d_monolayer,1,16,1791301658.314779,1392522,worker_0,W007,Threshold,pattern_group,running,100.0,1,1
cp_tutorial_3d_monolayer,1,16,1791301658.3150265,1392522,worker_0,W007,Threshold,step_completed,success,58.06451612903226,18,31
cp_tutorial_3d_monolayer,1,16,1791301658.3150477,1392522,worker_0,W007,MaskImage,step_started,started,58.06451612903226,18,31
cp_tutorial_3d_monolayer,1,16,1791301658.3607938,1392522,worker_0,W007,MaskImage,pattern_group,running,100.0,1,1
cp_tutorial_3d_monolayer,1,16,1791301658.36094,1392522,worker_0,W007,MaskImage,step_completed,success,61.29032258064516,19,31
cp_tutorial_3d_monolayer,1,16,1791301658.3609614,1392522,worker_0,W007,ErodeImage,step_started,started,61.29032258064516,19,31
cp_tutorial_3d_monolayer,1,16,1791301658.3921516,1392522,worker_0,W007,ErodeImage,pattern_group,running,100.0,1,1
cp_tutorial_3d_monolayer,1,16,1791301658.3923073,1392522,worker_0,W007,ErodeImage,step_completed,success,64.51612903225806,20,31
cp_tutorial_3d_monolayer,1,16,1791301658.3923292,1392522,worker_0,W007,Watershed,step_started,started,64.51612903225806,20,31
cp_tutorial_3d_monolayer,1,16,1791301658.4774537,1392522,worker_0,W007,Watershed,pattern_group,running,100.0,1,1
cp_tutorial_3d_monolayer,1,16,1791301658.4778407,1392522,worker_0,W007,Watershed,step_completed,success,67.74193548387096,21,31
cp_tutorial_3d_monolayer,1,16,1791301658.4778624,1392522,worker_0,W007,MeasureObjectIntensity,step_started,started,67.74193548387096,21,31
cp_tutorial_3d_monolayer,1,16,1791301658.720091,1392522,worker_0,W007,MeasureObjectIntensity,pattern_group,running,50.0,1,2
cp_tutorial_3d_monolayer,1,16,1791301658.997267,1392522,worker_0,W007,MeasureObjectIntensity,pattern_group,running,100.0,2,2
cp_tutorial_3d_monolayer,1,16,1791301658.999486,1392522,worker_0,W007,MeasureObjectIntensity,step_completed,success,70.96774193548387,22,31
cp_tutorial_3d_monolayer,1,16,1791301658.9995086,1392522,worker_0,W007,MeasureObjectSizeShape,step_started,started,70.96774193548387,22,31
cp_tutorial_3d_monolayer,1,16,1791301659.096012,1392522,worker_0,W007,MeasureObjectSizeShape,pattern_group,running,50.0,1,2
cp_tutorial_3d_monolayer,1,16,1791301659.1934662,1392522,worker_0,W007,MeasureObjectSizeShape,pattern_group,running,100.0,2,2
cp_tutorial_3d_monolayer,1,16,1791301659.1940393,1392522,worker_0,W007,MeasureObjectSizeShape,step_completed,success,74.19354838709677,23,31
cp_tutorial_3d_monolayer,1,16,1791301659.194064,1392522,worker_0,W007,OverlayObjects,step_started,started,74.19354838709677,23,31
cp_tutorial_3d_monolayer,1,16,1791301659.218094,1392522,worker_0,W007,OverlayObjects,pattern_group,running,100.0,1,1
cp_tutorial_3d_monolayer,1,16,1791301659.218207,1392522,worker_0,W007,OverlayObjects,step_completed,success,77.41935483870968,24,31
cp_tutorial_3d_monolayer,1,16,1791301659.218229,1392522,worker_0,W007,RescaleIntensity,step_started,started,77.41935483870968,24,31
cp_tutorial_3d_monolayer,1,16,1791301659.321448,1392522,worker_0,W007,RescaleIntensity,pattern_group,running,100.0,1,1
cp_tutorial_3d_monolayer,1,16,1791301659.3215792,1392522,worker_0,W007,RescaleIntensity,step_completed,success,80.64516129032258,25,31
cp_tutorial_3d_monolayer,1,16,1791301659.3216004,1392522,worker_0,W007,OverlayObjects,step_started,started,80.64516129032258,25,31
cp_tutorial_3d_monolayer,1,16,1791301659.343342,1392522,worker_0,W007,OverlayObjects,pattern_group,running,100.0,1,1
cp_tutorial_3d_monolayer,1,16,1791301659.3434427,1392522,worker_0,W007,OverlayObjects,step_completed,success,83.87096774193549,26,31
cp_tutorial_3d_monolayer,1,16,1791301659.3434637,1392522,worker_0,W007,ConvertObjectsToImage,step_started,started,83.87096774193549,26,31
cp_tutorial_3d_monolayer,1,16,1791301659.375807,1392522,worker_0,W007,ConvertObjectsToImage,pattern_group,running,100.0,1,1
cp_tutorial_3d_monolayer,1,16,1791301659.3759563,1392522,worker_0,W007,ConvertObjectsToImage,step_completed,success,87.09677419354838,27,31
cp_tutorial_3d_monolayer,1,16,1791301659.3759787,1392522,worker_0,W007,SaveImages,step_started,started,87.09677419354838,27,31
cp_tutorial_3d_monolayer,1,16,1791301659.4236748,1392522,worker_0,W007,SaveImages,pattern_group,running,100.0,1,1
cp_tutorial_3d_monolayer,1,16,1791301659.4306998,1392522,worker_0,W007,SaveImages,step_completed,success,90.32258064516128,28,31
cp_tutorial_3d_monolayer,1,16,1791301659.4307435,1392522,worker_0,W007,ConvertObjectsToImage,step_started,started,90.32258064516128,28,31
cp_tutorial_3d_monolayer,1,16,1791301659.4637456,1392522,worker_0,W007,ConvertObjectsToImage,pattern_group,running,100.0,1,1
cp_tutorial_3d_monolayer,1,16,1791301659.463919,1392522,worker_0,W007,ConvertObjectsToImage,step_completed,success,93.54838709677419,29,31
cp_tutorial_3d_monolayer,1,16,1791301659.4639413,1392522,worker_0,W007,SaveImages,step_started,started,93.54838709677419,29,31
cp_tutorial_3d_monolayer,1,16,1791301659.6242824,1392522,worker_0,W007,SaveImages,pattern_group,running,100.0,1,1
cp_tutorial_3d_monolayer,1,16,1791301659.6310148,1392522,worker_0,W007,SaveImages,step_completed,success,96.7741935483871,30,31
cp_tutorial_3d_monolayer,1,16,1791301659.6337664,1392522,worker_0,W007,pipeline,axis_completed,success,96.7741935483871,30,31
cp_tutorial_3d_monolayer,1,16,1791301659.6338403,1392522,worker_0,W008,pipeline,axis_started,started,0.0,0,31
cp_tutorial_3d_monolayer,1,16,1791301659.633872,1392522,worker_0,W008,RescaleIntensity,step_started,started,0.0,0,31
cp_tutorial_3d_monolayer,1,16,1791301659.9128315,1392522,worker_0,W008,RescaleIntensity,pattern_group,running,100.0,1,1
cp_tutorial_3d_monolayer,1,16,1791301659.912975,1392522,worker_0,W008,RescaleIntensity,step_completed,success,3.225806451612903,1,31
cp_tutorial_3d_monolayer,1,16,1791301659.9129965,1392522,worker_0,W008,Resize,step_started,started,3.225806451612903,1,31
cp_tutorial_3d_monolayer,1,16,1791301659.970808,1392522,worker_0,W008,Resize,pattern_group,running,100.0,1,1
cp_tutorial_3d_monolayer,1,16,1791301659.970949,1392522,worker_0,W008,Resize,step_completed,success,6.451612903225806,2,31
cp_tutorial_3d_monolayer,1,16,1791301659.9709697,1392522,worker_0,W008,MedianFilter,step_started,started,6.451612903225806,2,31
cp_tutorial_3d_monolayer,1,16,1791301660.135851,1392522,worker_0,W008,MedianFilter,pattern_group,running,100.0,1,1
cp_tutorial_3d_monolayer,1,16,1791301660.1359894,1392522,worker_0,W008,MedianFilter,step_completed,success,9.67741935483871,3,31
cp_tutorial_3d_monolayer,1,16,1791301660.1360106,1392522,worker_0,W008,Threshold,step_started,started,9.67741935483871,3,31
cp_tutorial_3d_monolayer,1,16,1791301660.17412,1392522,worker_0,W008,Threshold,pattern_group,running,100.0,1,1
cp_tutorial_3d_monolayer,1,16,1791301660.1743672,1392522,worker_0,W008,Threshold,step_completed,success,12.903225806451612,4,31
cp_tutorial_3d_monolayer,1,16,1791301660.1743894,1392522,worker_0,W008,RemoveHoles,step_started,started,12.903225806451612,4,31
cp_tutorial_3d_monolayer,1,16,1791301660.191062,1392522,worker_0,W008,RemoveHoles,pattern_group,running,100.0,1,1
cp_tutorial_3d_monolayer,1,16,1791301660.191211,1392522,worker_0,W008,RemoveHoles,step_completed,success,16.129032258064516,5,31
cp_tutorial_3d_monolayer,1,16,1791301660.191232,1392522,worker_0,W008,Watershed,step_started,started,16.129032258064516,5,31
cp_tutorial_3d_monolayer,1,16,1791301660.2828236,1392522,worker_0,W008,Watershed,pattern_group,running,100.0,1,1
cp_tutorial_3d_monolayer,1,16,1791301660.283203,1392522,worker_0,W008,Watershed,step_completed,success,19.35483870967742,6,31
cp_tutorial_3d_monolayer,1,16,1791301660.2832248,1392522,worker_0,W008,ResizeObjects,step_started,started,19.35483870967742,6,31
cp_tutorial_3d_monolayer,1,16,1791301660.3101826,1392522,worker_0,W008,ResizeObjects,pattern_group,running,100.0,1,1
cp_tutorial_3d_monolayer,1,16,1791301660.3106654,1392522,worker_0,W008,ResizeObjects,step_completed,success,22.58064516129032,7,31
cp_tutorial_3d_monolayer,1,16,1791301660.3106892,1392522,worker_0,W008,ErodeObjects,step_started,started,22.58064516129032,7,31
cp_tutorial_3d_monolayer,1,16,1791301660.3678248,1392522,worker_0,W008,ErodeObjects,pattern_group,running,100.0,1,1
cp_tutorial_3d_monolayer,1,16,1791301660.3682992,1392522,worker_0,W008,ErodeObjects,step_completed,success,25.806451612903224,8,31
cp_tutorial_3d_monolayer,1,16,1791301660.368324,1392522,worker_0,W008,ResizeObjects,step_started,started,25.806451612903224,8,31
cp_tutorial_3d_monolayer,1,16,1791301660.3913527,1392522,worker_0,W008,ResizeObjects,pattern_group,running,100.0,1,1
cp_tutorial_3d_monolayer,1,16,1791301660.3918192,1392522,worker_0,W008,ResizeObjects,step_completed,success,29.03225806451613,9,31
cp_tutorial_3d_monolayer,1,16,1791301660.3918443,1392522,worker_0,W008,ConvertObjectsToImage,step_started,started,29.03225806451613,9,31
cp_tutorial_3d_monolayer,1,16,1791301660.4095645,1392522,worker_0,W008,ConvertObjectsToImage,pattern_group,running,100.0,1,1
cp_tutorial_3d_monolayer,1,16,1791301660.4097123,1392522,worker_0,W008,ConvertObjectsToImage,step_completed,success,32.25806451612903,10,31
cp_tutorial_3d_monolayer,1,16,1791301660.4097357,1392522,worker_0,W008,Threshold,step_started,started,32.25806451612903,10,31
cp_tutorial_3d_monolayer,1,16,1791301660.6015363,1392522,worker_0,W008,Threshold,pattern_group,running,100.0,1,1
cp_tutorial_3d_monolayer,1,16,1791301660.6017807,1392522,worker_0,W008,Threshold,step_completed,success,35.483870967741936,11,31
cp_tutorial_3d_monolayer,1,16,1791301660.6018038,1392522,worker_0,W008,ImageMath,step_started,started,35.483870967741936,11,31
cp_tutorial_3d_monolayer,1,16,1791301660.6328454,1392522,worker_0,W008,ImageMath,pattern_group,running,100.0,1,1
cp_tutorial_3d_monolayer,1,16,1791301660.632997,1392522,worker_0,W008,ImageMath,step_completed,success,38.70967741935484,12,31
cp_tutorial_3d_monolayer,1,16,1791301660.63302,1392522,worker_0,W008,RemoveHoles,step_started,started,38.70967741935484,12,31
cp_tutorial_3d_monolayer,1,16,1791301660.678107,1392522,worker_0,W008,RemoveHoles,pattern_group,running,100.0,1,1
cp_tutorial_3d_monolayer,1,16,1791301660.6782506,1392522,worker_0,W008,RemoveHoles,step_completed,success,41.935483870967744,13,31
cp_tutorial_3d_monolayer,1,16,1791301660.6782815,1392522,worker_0,W008,ImageMath,step_started,started,41.935483870967744,13,31
cp_tutorial_3d_monolayer,1,16,1791301660.9554012,1392522,worker_0,W008,ImageMath,pattern_group,running,100.0,1,1
cp_tutorial_3d_monolayer,1,16,1791301660.955551,1392522,worker_0,W008,ImageMath,step_completed,success,45.16129032258064,14,31
cp_tutorial_3d_monolayer,1,16,1791301660.9555717,1392522,worker_0,W008,Resize,step_started,started,45.16129032258064,14,31
cp_tutorial_3d_monolayer,1,16,1791301661.0145097,1392522,worker_0,W008,Resize,pattern_group,running,100.0,1,1
cp_tutorial_3d_monolayer,1,16,1791301661.0146472,1392522,worker_0,W008,Resize,step_completed,success,48.38709677419355,15,31
cp_tutorial_3d_monolayer,1,16,1791301661.0146677,1392522,worker_0,W008,Closing,step_started,started,48.38709677419355,15,31
cp_tutorial_3d_monolayer,1,16,1791301661.0920913,1392522,worker_0,W008,Closing,pattern_group,running,100.0,1,1
cp_tutorial_3d_monolayer,1,16,1791301661.0922372,1392522,worker_0,W008,Closing,step_completed,success,51.61290322580645,16,31
cp_tutorial_3d_monolayer,1,16,1791301661.0922601,1392522,worker_0,W008,Resize,step_started,started,51.61290322580645,16,31
cp_tutorial_3d_monolayer,1,16,1791301661.1410837,1392522,worker_0,W008,Resize,pattern_group,running,100.0,1,1
cp_tutorial_3d_monolayer,1,16,1791301661.1412244,1392522,worker_0,W008,Resize,step_completed,success,54.83870967741935,17,31
cp_tutorial_3d_monolayer,1,16,1791301661.1412463,1392522,worker_0,W008,Threshold,step_started,started,54.83870967741935,17,31
cp_tutorial_3d_monolayer,1,16,1791301661.30562,1392522,worker_0,W008,Threshold,pattern_group,running,100.0,1,1
cp_tutorial_3d_monolayer,1,16,1791301661.3058674,1392522,worker_0,W008,Threshold,step_completed,success,58.06451612903226,18,31
cp_tutorial_3d_monolayer,1,16,1791301661.305888,1392522,worker_0,W008,MaskImage,step_started,started,58.06451612903226,18,31
cp_tutorial_3d_monolayer,1,16,1791301661.3514829,1392522,worker_0,W008,MaskImage,pattern_group,running,100.0,1,1
cp_tutorial_3d_monolayer,1,16,1791301661.3516352,1392522,worker_0,W008,MaskImage,step_completed,success,61.29032258064516,19,31
cp_tutorial_3d_monolayer,1,16,1791301661.351656,1392522,worker_0,W008,ErodeImage,step_started,started,61.29032258064516,19,31
cp_tutorial_3d_monolayer,1,16,1791301661.382756,1392522,worker_0,W008,ErodeImage,pattern_group,running,100.0,1,1
cp_tutorial_3d_monolayer,1,16,1791301661.3828905,1392522,worker_0,W008,ErodeImage,step_completed,success,64.51612903225806,20,31
cp_tutorial_3d_monolayer,1,16,1791301661.382911,1392522,worker_0,W008,Watershed,step_started,started,64.51612903225806,20,31
cp_tutorial_3d_monolayer,1,16,1791301661.4679406,1392522,worker_0,W008,Watershed,pattern_group,running,100.0,1,1
cp_tutorial_3d_monolayer,1,16,1791301661.4684045,1392522,worker_0,W008,Watershed,step_completed,success,67.74193548387096,21,31
cp_tutorial_3d_monolayer,1,16,1791301661.4684277,1392522,worker_0,W008,MeasureObjectIntensity,step_started,started,67.74193548387096,21,31
cp_tutorial_3d_monolayer,1,16,1791301661.7102454,1392522,worker_0,W008,MeasureObjectIntensity,pattern_group,running,50.0,1,2
cp_tutorial_3d_monolayer,1,16,1791301661.9871957,1392522,worker_0,W008,MeasureObjectIntensity,pattern_group,running,100.0,2,2
cp_tutorial_3d_monolayer,1,16,1791301661.9894078,1392522,worker_0,W008,MeasureObjectIntensity,step_completed,success,70.96774193548387,22,31
cp_tutorial_3d_monolayer,1,16,1791301661.9894319,1392522,worker_0,W008,MeasureObjectSizeShape,step_started,started,70.96774193548387,22,31
cp_tutorial_3d_monolayer,1,16,1791301662.0858533,1392522,worker_0,W008,MeasureObjectSizeShape,pattern_group,running,50.0,1,2
cp_tutorial_3d_monolayer,1,16,1791301662.1812944,1392522,worker_0,W008,MeasureObjectSizeShape,pattern_group,running,100.0,2,2
cp_tutorial_3d_monolayer,1,16,1791301662.1818752,1392522,worker_0,W008,MeasureObjectSizeShape,step_completed,success,74.19354838709677,23,31
cp_tutorial_3d_monolayer,1,16,1791301662.1818976,1392522,worker_0,W008,OverlayObjects,step_started,started,74.19354838709677,23,31
cp_tutorial_3d_monolayer,1,16,1791301662.205821,1392522,worker_0,W008,OverlayObjects,pattern_group,running,100.0,1,1
cp_tutorial_3d_monolayer,1,16,1791301662.205939,1392522,worker_0,W008,OverlayObjects,step_completed,success,77.41935483870968,24,31
cp_tutorial_3d_monolayer,1,16,1791301662.2059615,1392522,worker_0,W008,RescaleIntensity,step_started,started,77.41935483870968,24,31
cp_tutorial_3d_monolayer,1,16,1791301662.3087823,1392522,worker_0,W008,RescaleIntensity,pattern_group,running,100.0,1,1
cp_tutorial_3d_monolayer,1,16,1791301662.3089252,1392522,worker_0,W008,RescaleIntensity,step_completed,success,80.64516129032258,25,31
cp_tutorial_3d_monolayer,1,16,1791301662.3089476,1392522,worker_0,W008,OverlayObjects,step_started,started,80.64516129032258,25,31
cp_tutorial_3d_monolayer,1,16,1791301662.3309531,1392522,worker_0,W008,OverlayObjects,pattern_group,running,100.0,1,1
cp_tutorial_3d_monolayer,1,16,1791301662.331055,1392522,worker_0,W008,OverlayObjects,step_completed,success,83.87096774193549,26,31
cp_tutorial_3d_monolayer,1,16,1791301662.3310773,1392522,worker_0,W008,ConvertObjectsToImage,step_started,started,83.87096774193549,26,31
cp_tutorial_3d_monolayer,1,16,1791301662.362802,1392522,worker_0,W008,ConvertObjectsToImage,pattern_group,running,100.0,1,1
cp_tutorial_3d_monolayer,1,16,1791301662.3629463,1392522,worker_0,W008,ConvertObjectsToImage,step_completed,success,87.09677419354838,27,31
cp_tutorial_3d_monolayer,1,16,1791301662.362969,1392522,worker_0,W008,SaveImages,step_started,started,87.09677419354838,27,31
cp_tutorial_3d_monolayer,1,16,1791301662.4108548,1392522,worker_0,W008,SaveImages,pattern_group,running,100.0,1,1
cp_tutorial_3d_monolayer,1,16,1791301662.4173234,1392522,worker_0,W008,SaveImages,step_completed,success,90.32258064516128,28,31
cp_tutorial_3d_monolayer,1,16,1791301662.4173636,1392522,worker_0,W008,ConvertObjectsToImage,step_started,started,90.32258064516128,28,31
cp_tutorial_3d_monolayer,1,16,1791301662.4507787,1392522,worker_0,W008,ConvertObjectsToImage,pattern_group,running,100.0,1,1
cp_tutorial_3d_monolayer,1,16,1791301662.4509544,1392522,worker_0,W008,ConvertObjectsToImage,step_completed,success,93.54838709677419,29,31
cp_tutorial_3d_monolayer,1,16,1791301662.4509766,1392522,worker_0,W008,SaveImages,step_started,started,93.54838709677419,29,31
cp_tutorial_3d_monolayer,1,16,1791301662.4994886,1392522,worker_0,W008,SaveImages,pattern_group,running,100.0,1,1
cp_tutorial_3d_monolayer,1,16,1791301662.5063322,1392522,worker_0,W008,SaveImages,step_completed,success,96.7741935483871,30,31
cp_tutorial_3d_monolayer,1,16,1791301662.5091376,1392522,worker_0,W008,pipeline,axis_completed,success,96.7741935483871,30,31
cp_tutorial_3d_monolayer,1,16,1791301662.5092125,1392522,worker_0,W009,pipeline,axis_started,started,0.0,0,31
cp_tutorial_3d_monolayer,1,16,1791301662.5092437,1392522,worker_0,W009,RescaleIntensity,step_started,started,0.0,0,31
cp_tutorial_3d_monolayer,1,16,1791301662.7862492,1392522,worker_0,W009,RescaleIntensity,pattern_group,running,100.0,1,1
cp_tutorial_3d_monolayer,1,16,1791301662.7863977,1392522,worker_0,W009,RescaleIntensity,step_completed,success,3.225806451612903,1,31
cp_tutorial_3d_monolayer,1,16,1791301662.7864182,1392522,worker_0,W009,Resize,step_started,started,3.225806451612903,1,31
cp_tutorial_3d_monolayer,1,16,1791301662.841768,1392522,worker_0,W009,Resize,pattern_group,running,100.0,1,1
cp_tutorial_3d_monolayer,1,16,1791301662.8419,1392522,worker_0,W009,Resize,step_completed,success,6.451612903225806,2,31
cp_tutorial_3d_monolayer,1,16,1791301662.8419206,1392522,worker_0,W009,MedianFilter,step_started,started,6.451612903225806,2,31
cp_tutorial_3d_monolayer,1,16,1791301663.008102,1392522,worker_0,W009,MedianFilter,pattern_group,running,100.0,1,1
cp_tutorial_3d_monolayer,1,16,1791301663.00824,1392522,worker_0,W009,MedianFilter,step_completed,success,9.67741935483871,3,31
cp_tutorial_3d_monolayer,1,16,1791301663.0082607,1392522,worker_0,W009,Threshold,step_started,started,9.67741935483871,3,31
cp_tutorial_3d_monolayer,1,16,1791301663.045301,1392522,worker_0,W009,Threshold,pattern_group,running,100.0,1,1
cp_tutorial_3d_monolayer,1,16,1791301663.0455482,1392522,worker_0,W009,Threshold,step_completed,success,12.903225806451612,4,31
cp_tutorial_3d_monolayer,1,16,1791301663.04557,1392522,worker_0,W009,RemoveHoles,step_started,started,12.903225806451612,4,31
cp_tutorial_3d_monolayer,1,16,1791301663.061812,1392522,worker_0,W009,RemoveHoles,pattern_group,running,100.0,1,1
cp_tutorial_3d_monolayer,1,16,1791301663.0619614,1392522,worker_0,W009,RemoveHoles,step_completed,success,16.129032258064516,5,31
cp_tutorial_3d_monolayer,1,16,1791301663.0619836,1392522,worker_0,W009,Watershed,step_started,started,16.129032258064516,5,31
cp_tutorial_3d_monolayer,1,16,1791301663.1542366,1392522,worker_0,W009,Watershed,pattern_group,running,100.0,1,1
cp_tutorial_3d_monolayer,1,16,1791301663.1546245,1392522,worker_0,W009,Watershed,step_completed,success,19.35483870967742,6,31
cp_tutorial_3d_monolayer,1,16,1791301663.1546454,1392522,worker_0,W009,ResizeObjects,step_started,started,19.35483870967742,6,31
cp_tutorial_3d_monolayer,1,16,1791301663.1825795,1392522,worker_0,W009,ResizeObjects,pattern_group,running,100.0,1,1
cp_tutorial_3d_monolayer,1,16,1791301663.1830492,1392522,worker_0,W009,ResizeObjects,step_completed,success,22.58064516129032,7,31
cp_tutorial_3d_monolayer,1,16,1791301663.183072,1392522,worker_0,W009,ErodeObjects,step_started,started,22.58064516129032,7,31
cp_tutorial_3d_monolayer,1,16,1791301663.2399411,1392522,worker_0,W009,ErodeObjects,pattern_group,running,100.0,1,1
cp_tutorial_3d_monolayer,1,16,1791301663.2404346,1392522,worker_0,W009,ErodeObjects,step_completed,success,25.806451612903224,8,31
cp_tutorial_3d_monolayer,1,16,1791301663.2404609,1392522,worker_0,W009,ResizeObjects,step_started,started,25.806451612903224,8,31
cp_tutorial_3d_monolayer,1,16,1791301663.2636187,1392522,worker_0,W009,ResizeObjects,pattern_group,running,100.0,1,1
cp_tutorial_3d_monolayer,1,16,1791301663.2640913,1392522,worker_0,W009,ResizeObjects,step_completed,success,29.03225806451613,9,31
cp_tutorial_3d_monolayer,1,16,1791301663.2641156,1392522,worker_0,W009,ConvertObjectsToImage,step_started,started,29.03225806451613,9,31
cp_tutorial_3d_monolayer,1,16,1791301663.2828126,1392522,worker_0,W009,ConvertObjectsToImage,pattern_group,running,100.0,1,1
cp_tutorial_3d_monolayer,1,16,1791301663.282968,1392522,worker_0,W009,ConvertObjectsToImage,step_completed,success,32.25806451612903,10,31
cp_tutorial_3d_monolayer,1,16,1791301663.2829914,1392522,worker_0,W009,Threshold,step_started,started,32.25806451612903,10,31
cp_tutorial_3d_monolayer,1,16,1791301663.4747684,1392522,worker_0,W009,Threshold,pattern_group,running,100.0,1,1
cp_tutorial_3d_monolayer,1,16,1791301663.4750576,1392522,worker_0,W009,Threshold,step_completed,success,35.483870967741936,11,31
cp_tutorial_3d_monolayer,1,16,1791301663.4750834,1392522,worker_0,W009,ImageMath,step_started,started,35.483870967741936,11,31
cp_tutorial_3d_monolayer,1,16,1791301663.5110466,1392522,worker_0,W009,ImageMath,pattern_group,running,100.0,1,1
cp_tutorial_3d_monolayer,1,16,1791301663.511238,1392522,worker_0,W009,ImageMath,step_completed,success,38.70967741935484,12,31
cp_tutorial_3d_monolayer,1,16,1791301663.5112765,1392522,worker_0,W009,RemoveHoles,step_started,started,38.70967741935484,12,31
cp_tutorial_3d_monolayer,1,16,1791301663.558466,1392522,worker_0,W009,RemoveHoles,pattern_group,running,100.0,1,1
cp_tutorial_3d_monolayer,1,16,1791301663.558613,1392522,worker_0,W009,RemoveHoles,step_completed,success,41.935483870967744,13,31
cp_tutorial_3d_monolayer,1,16,1791301663.5586362,1392522,worker_0,W009,ImageMath,step_started,started,41.935483870967744,13,31
cp_tutorial_3d_monolayer,1,16,1791301663.9647012,1392522,worker_0,W009,ImageMath,pattern_group,running,100.0,1,1
cp_tutorial_3d_monolayer,1,16,1791301663.964848,1392522,worker_0,W009,ImageMath,step_completed,success,45.16129032258064,14,31
cp_tutorial_3d_monolayer,1,16,1791301663.9648693,1392522,worker_0,W009,Resize,step_started,started,45.16129032258064,14,31
cp_tutorial_3d_monolayer,1,16,1791301664.0236442,1392522,worker_0,W009,Resize,pattern_group,running,100.0,1,1
cp_tutorial_3d_monolayer,1,16,1791301664.0237868,1392522,worker_0,W009,Resize,step_completed,success,48.38709677419355,15,31
cp_tutorial_3d_monolayer,1,16,1791301664.0238082,1392522,worker_0,W009,Closing,step_started,started,48.38709677419355,15,31
cp_tutorial_3d_monolayer,1,16,1791301664.1014535,1392522,worker_0,W009,Closing,pattern_group,running,100.0,1,1
cp_tutorial_3d_monolayer,1,16,1791301664.101593,1392522,worker_0,W009,Closing,step_completed,success,51.61290322580645,16,31
cp_tutorial_3d_monolayer,1,16,1791301664.101615,1392522,worker_0,W009,Resize,step_started,started,51.61290322580645,16,31
cp_tutorial_3d_monolayer,1,16,1791301664.1503644,1392522,worker_0,W009,Resize,pattern_group,running,100.0,1,1
cp_tutorial_3d_monolayer,1,16,1791301664.150503,1392522,worker_0,W009,Resize,step_completed,success,54.83870967741935,17,31
cp_tutorial_3d_monolayer,1,16,1791301664.1505237,1392522,worker_0,W009,Threshold,step_started,started,54.83870967741935,17,31
cp_tutorial_3d_monolayer,1,16,1791301664.3180826,1392522,worker_0,W009,Threshold,pattern_group,running,100.0,1,1
cp_tutorial_3d_monolayer,1,16,1791301664.3183372,1392522,worker_0,W009,Threshold,step_completed,success,58.06451612903226,18,31
cp_tutorial_3d_monolayer,1,16,1791301664.3183577,1392522,worker_0,W009,MaskImage,step_started,started,58.06451612903226,18,31
cp_tutorial_3d_monolayer,1,16,1791301664.3641534,1392522,worker_0,W009,MaskImage,pattern_group,running,100.0,1,1
cp_tutorial_3d_monolayer,1,16,1791301664.3643103,1392522,worker_0,W009,MaskImage,step_completed,success,61.29032258064516,19,31
cp_tutorial_3d_monolayer,1,16,1791301664.3643322,1392522,worker_0,W009,ErodeImage,step_started,started,61.29032258064516,19,31
cp_tutorial_3d_monolayer,1,16,1791301664.3955255,1392522,worker_0,W009,ErodeImage,pattern_group,running,100.0,1,1
cp_tutorial_3d_monolayer,1,16,1791301664.3956702,1392522,worker_0,W009,ErodeImage,step_completed,success,64.51612903225806,20,31
cp_tutorial_3d_monolayer,1,16,1791301664.3956912,1392522,worker_0,W009,Watershed,step_started,started,64.51612903225806,20,31
cp_tutorial_3d_monolayer,1,16,1791301664.4818032,1392522,worker_0,W009,Watershed,pattern_group,running,100.0,1,1
cp_tutorial_3d_monolayer,1,16,1791301664.4821954,1392522,worker_0,W009,Watershed,step_completed,success,67.74193548387096,21,31
cp_tutorial_3d_monolayer,1,16,1791301664.4822173,1392522,worker_0,W009,MeasureObjectIntensity,step_started,started,67.74193548387096,21,31
cp_tutorial_3d_monolayer,1,16,1791301664.7248735,1392522,worker_0,W009,MeasureObjectIntensity,pattern_group,running,50.0,1,2
cp_tutorial_3d_monolayer,1,16,1791301665.0016892,1392522,worker_0,W009,MeasureObjectIntensity,pattern_group,running,100.0,2,2
cp_tutorial_3d_monolayer,1,16,1791301665.0039027,1392522,worker_0,W009,MeasureObjectIntensity,step_completed,success,70.96774193548387,22,31
cp_tutorial_3d_monolayer,1,16,1791301665.0039268,1392522,worker_0,W009,MeasureObjectSizeShape,step_started,started,70.96774193548387,22,31
cp_tutorial_3d_monolayer,1,16,1791301665.10155,1392522,worker_0,W009,MeasureObjectSizeShape,pattern_group,running,50.0,1,2
cp_tutorial_3d_monolayer,1,16,1791301665.1963482,1392522,worker_0,W009,MeasureObjectSizeShape,pattern_group,running,100.0,2,2
cp_tutorial_3d_monolayer,1,16,1791301665.1969254,1392522,worker_0,W009,MeasureObjectSizeShape,step_completed,success,74.19354838709677,23,31
cp_tutorial_3d_monolayer,1,16,1791301665.1969485,1392522,worker_0,W009,OverlayObjects,step_started,started,74.19354838709677,23,31
cp_tutorial_3d_monolayer,1,16,1791301665.2208,1392522,worker_0,W009,OverlayObjects,pattern_group,running,100.0,1,1
cp_tutorial_3d_monolayer,1,16,1791301665.2209172,1392522,worker_0,W009,OverlayObjects,step_completed,success,77.41935483870968,24,31
cp_tutorial_3d_monolayer,1,16,1791301665.2209392,1392522,worker_0,W009,RescaleIntensity,step_started,started,77.41935483870968,24,31
cp_tutorial_3d_monolayer,1,16,1791301665.3239443,1392522,worker_0,W009,RescaleIntensity,pattern_group,running,100.0,1,1
cp_tutorial_3d_monolayer,1,16,1791301665.3240917,1392522,worker_0,W009,RescaleIntensity,step_completed,success,80.64516129032258,25,31
cp_tutorial_3d_monolayer,1,16,1791301665.3241138,1392522,worker_0,W009,OverlayObjects,step_started,started,80.64516129032258,25,31
cp_tutorial_3d_monolayer,1,16,1791301665.3466923,1392522,worker_0,W009,OverlayObjects,pattern_group,running,100.0,1,1
cp_tutorial_3d_monolayer,1,16,1791301665.3467963,1392522,worker_0,W009,OverlayObjects,step_completed,success,83.87096774193549,26,31
cp_tutorial_3d_monolayer,1,16,1791301665.346818,1392522,worker_0,W009,ConvertObjectsToImage,step_started,started,83.87096774193549,26,31
cp_tutorial_3d_monolayer,1,16,1791301665.3791053,1392522,worker_0,W009,ConvertObjectsToImage,pattern_group,running,100.0,1,1
cp_tutorial_3d_monolayer,1,16,1791301665.3792503,1392522,worker_0,W009,ConvertObjectsToImage,step_completed,success,87.09677419354838,27,31
cp_tutorial_3d_monolayer,1,16,1791301665.3792775,1392522,worker_0,W009,SaveImages,step_started,started,87.09677419354838,27,31
cp_tutorial_3d_monolayer,1,16,1791301665.4278057,1392522,worker_0,W009,SaveImages,pattern_group,running,100.0,1,1
cp_tutorial_3d_monolayer,1,16,1791301665.4343834,1392522,worker_0,W009,SaveImages,step_completed,success,90.32258064516128,28,31
cp_tutorial_3d_monolayer,1,16,1791301665.4344225,1392522,worker_0,W009,ConvertObjectsToImage,step_started,started,90.32258064516128,28,31
cp_tutorial_3d_monolayer,1,16,1791301665.4681032,1392522,worker_0,W009,ConvertObjectsToImage,pattern_group,running,100.0,1,1
cp_tutorial_3d_monolayer,1,16,1791301665.468294,1392522,worker_0,W009,ConvertObjectsToImage,step_completed,success,93.54838709677419,29,31
cp_tutorial_3d_monolayer,1,16,1791301665.4683175,1392522,worker_0,W009,SaveImages,step_started,started,93.54838709677419,29,31
cp_tutorial_3d_monolayer,1,16,1791301665.5176384,1392522,worker_0,W009,SaveImages,pattern_group,running,100.0,1,1
cp_tutorial_3d_monolayer,1,16,1791301665.5245812,1392522,worker_0,W009,SaveImages,step_completed,success,96.7741935483871,30,31
cp_tutorial_3d_monolayer,1,16,1791301665.5274615,1392522,worker_0,W009,pipeline,axis_completed,success,96.7741935483871,30,31
cp_tutorial_3d_monolayer,1,16,1791301665.527537,1392522,worker_0,W010,pipeline,axis_started,started,0.0,0,31
cp_tutorial_3d_monolayer,1,16,1791301665.527569,1392522,worker_0,W010,RescaleIntensity,step_started,started,0.0,0,31
cp_tutorial_3d_monolayer,1,16,1791301665.8075001,1392522,worker_0,W010,RescaleIntensity,pattern_group,running,100.0,1,1
cp_tutorial_3d_monolayer,1,16,1791301665.8076475,1392522,worker_0,W010,RescaleIntensity,step_completed,success,3.225806451612903,1,31
cp_tutorial_3d_monolayer,1,16,1791301665.807669,1392522,worker_0,W010,Resize,step_started,started,3.225806451612903,1,31
cp_tutorial_3d_monolayer,1,16,1791301665.8634815,1392522,worker_0,W010,Resize,pattern_group,running,100.0,1,1
cp_tutorial_3d_monolayer,1,16,1791301665.863623,1392522,worker_0,W010,Resize,step_completed,success,6.451612903225806,2,31
cp_tutorial_3d_monolayer,1,16,1791301665.863644,1392522,worker_0,W010,MedianFilter,step_started,started,6.451612903225806,2,31
cp_tutorial_3d_monolayer,1,16,1791301666.0297475,1392522,worker_0,W010,MedianFilter,pattern_group,running,100.0,1,1
cp_tutorial_3d_monolayer,1,16,1791301666.0298853,1392522,worker_0,W010,MedianFilter,step_completed,success,9.67741935483871,3,31
cp_tutorial_3d_monolayer,1,16,1791301666.0299063,1392522,worker_0,W010,Threshold,step_started,started,9.67741935483871,3,31
cp_tutorial_3d_monolayer,1,16,1791301666.0670707,1392522,worker_0,W010,Threshold,pattern_group,running,100.0,1,1
cp_tutorial_3d_monolayer,1,16,1791301666.0673213,1392522,worker_0,W010,Threshold,step_completed,success,12.903225806451612,4,31
cp_tutorial_3d_monolayer,1,16,1791301666.0673437,1392522,worker_0,W010,RemoveHoles,step_started,started,12.903225806451612,4,31
cp_tutorial_3d_monolayer,1,16,1791301666.0838346,1392522,worker_0,W010,RemoveHoles,pattern_group,running,100.0,1,1
cp_tutorial_3d_monolayer,1,16,1791301666.0839827,1392522,worker_0,W010,RemoveHoles,step_completed,success,16.129032258064516,5,31
cp_tutorial_3d_monolayer,1,16,1791301666.084005,1392522,worker_0,W010,Watershed,step_started,started,16.129032258064516,5,31
cp_tutorial_3d_monolayer,1,16,1791301666.1775026,1392522,worker_0,W010,Watershed,pattern_group,running,100.0,1,1
cp_tutorial_3d_monolayer,1,16,1791301666.1779318,1392522,worker_0,W010,Watershed,step_completed,success,19.35483870967742,6,31
cp_tutorial_3d_monolayer,1,16,1791301666.1779542,1392522,worker_0,W010,ResizeObjects,step_started,started,19.35483870967742,6,31
cp_tutorial_3d_monolayer,1,16,1791301666.2051606,1392522,worker_0,W010,ResizeObjects,pattern_group,running,100.0,1,1
cp_tutorial_3d_monolayer,1,16,1791301666.2056468,1392522,worker_0,W010,ResizeObjects,step_completed,success,22.58064516129032,7,31
cp_tutorial_3d_monolayer,1,16,1791301666.2056699,1392522,worker_0,W010,ErodeObjects,step_started,started,22.58064516129032,7,31
cp_tutorial_3d_monolayer,1,16,1791301666.2630506,1392522,worker_0,W010,ErodeObjects,pattern_group,running,100.0,1,1
cp_tutorial_3d_monolayer,1,16,1791301666.2635236,1392522,worker_0,W010,ErodeObjects,step_completed,success,25.806451612903224,8,31
cp_tutorial_3d_monolayer,1,16,1791301666.2635484,1392522,worker_0,W010,ResizeObjects,step_started,started,25.806451612903224,8,31
cp_tutorial_3d_monolayer,1,16,1791301666.2872224,1392522,worker_0,W010,ResizeObjects,pattern_group,running,100.0,1,1
cp_tutorial_3d_monolayer,1,16,1791301666.2877069,1392522,worker_0,W010,ResizeObjects,step_completed,success,29.03225806451613,9,31
cp_tutorial_3d_monolayer,1,16,1791301666.2877333,1392522,worker_0,W010,ConvertObjectsToImage,step_started,started,29.03225806451613,9,31
cp_tutorial_3d_monolayer,1,16,1791301666.3057857,1392522,worker_0,W010,ConvertObjectsToImage,pattern_group,running,100.0,1,1
cp_tutorial_3d_monolayer,1,16,1791301666.3059282,1392522,worker_0,W010,ConvertObjectsToImage,step_completed,success,32.25806451612903,10,31
cp_tutorial_3d_monolayer,1,16,1791301666.3059516,1392522,worker_0,W010,Threshold,step_started,started,32.25806451612903,10,31
cp_tutorial_3d_monolayer,1,16,1791301666.4973004,1392522,worker_0,W010,Threshold,pattern_group,running,100.0,1,1
cp_tutorial_3d_monolayer,1,16,1791301666.4975545,1392522,worker_0,W010,Threshold,step_completed,success,35.483870967741936,11,31
cp_tutorial_3d_monolayer,1,16,1791301666.497578,1392522,worker_0,W010,ImageMath,step_started,started,35.483870967741936,11,31
cp_tutorial_3d_monolayer,1,16,1791301666.52925,1392522,worker_0,W010,ImageMath,pattern_group,running,100.0,1,1
cp_tutorial_3d_monolayer,1,16,1791301666.5294056,1392522,worker_0,W010,ImageMath,step_completed,success,38.70967741935484,12,31
cp_tutorial_3d_monolayer,1,16,1791301666.529429,1392522,worker_0,W010,RemoveHoles,step_started,started,38.70967741935484,12,31
cp_tutorial_3d_monolayer,1,16,1791301666.5741706,1392522,worker_0,W010,RemoveHoles,pattern_group,running,100.0,1,1
cp_tutorial_3d_monolayer,1,16,1791301666.574324,1392522,worker_0,W010,RemoveHoles,step_completed,success,41.935483870967744,13,31
cp_tutorial_3d_monolayer,1,16,1791301666.574348,1392522,worker_0,W010,ImageMath,step_started,started,41.935483870967744,13,31
cp_tutorial_3d_monolayer,1,16,1791301666.8485143,1392522,worker_0,W010,ImageMath,pattern_group,running,100.0,1,1
cp_tutorial_3d_monolayer,1,16,1791301666.8486571,1392522,worker_0,W010,ImageMath,step_completed,success,45.16129032258064,14,31
cp_tutorial_3d_monolayer,1,16,1791301666.84868,1392522,worker_0,W010,Resize,step_started,started,45.16129032258064,14,31
cp_tutorial_3d_monolayer,1,16,1791301666.9075284,1392522,worker_0,W010,Resize,pattern_group,running,100.0,1,1
cp_tutorial_3d_monolayer,1,16,1791301666.9081943,1392522,worker_0,W010,Resize,step_completed,success,48.38709677419355,15,31
cp_tutorial_3d_monolayer,1,16,1791301666.9082246,1392522,worker_0,W010,Closing,step_started,started,48.38709677419355,15,31
cp_tutorial_3d_monolayer,1,16,1791301666.9865816,1392522,worker_0,W010,Closing,pattern_group,running,100.0,1,1
cp_tutorial_3d_monolayer,1,16,1791301666.9867263,1392522,worker_0,W010,Closing,step_completed,success,51.61290322580645,16,31
cp_tutorial_3d_monolayer,1,16,1791301666.9867475,1392522,worker_0,W010,Resize,step_started,started,51.61290322580645,16,31
cp_tutorial_3d_monolayer,1,16,1791301667.035489,1392522,worker_0,W010,Resize,pattern_group,running,100.0,1,1
cp_tutorial_3d_monolayer,1,16,1791301667.0356276,1392522,worker_0,W010,Resize,step_completed,success,54.83870967741935,17,31
cp_tutorial_3d_monolayer,1,16,1791301667.0356488,1392522,worker_0,W010,Threshold,step_started,started,54.83870967741935,17,31
cp_tutorial_3d_monolayer,1,16,1791301667.19968,1392522,worker_0,W010,Threshold,pattern_group,running,100.0,1,1
cp_tutorial_3d_monolayer,1,16,1791301667.1999137,1392522,worker_0,W010,Threshold,step_completed,success,58.06451612903226,18,31
cp_tutorial_3d_monolayer,1,16,1791301667.199934,1392522,worker_0,W010,MaskImage,step_started,started,58.06451612903226,18,31
cp_tutorial_3d_monolayer,1,16,1791301667.2454417,1392522,worker_0,W010,MaskImage,pattern_group,running,100.0,1,1
cp_tutorial_3d_monolayer,1,16,1791301667.2455955,1392522,worker_0,W010,MaskImage,step_completed,success,61.29032258064516,19,31
cp_tutorial_3d_monolayer,1,16,1791301667.2456167,1392522,worker_0,W010,ErodeImage,step_started,started,61.29032258064516,19,31
cp_tutorial_3d_monolayer,1,16,1791301667.276887,1392522,worker_0,W010,ErodeImage,pattern_group,running,100.0,1,1
cp_tutorial_3d_monolayer,1,16,1791301667.2770238,1392522,worker_0,W010,ErodeImage,step_completed,success,64.51612903225806,20,31
cp_tutorial_3d_monolayer,1,16,1791301667.2770452,1392522,worker_0,W010,Watershed,step_started,started,64.51612903225806,20,31
cp_tutorial_3d_monolayer,1,16,1791301667.36333,1392522,worker_0,W010,Watershed,pattern_group,running,100.0,1,1
cp_tutorial_3d_monolayer,1,16,1791301667.3637257,1392522,worker_0,W010,Watershed,step_completed,success,67.74193548387096,21,31
cp_tutorial_3d_monolayer,1,16,1791301667.3637474,1392522,worker_0,W010,MeasureObjectIntensity,step_started,started,67.74193548387096,21,31
cp_tutorial_3d_monolayer,1,16,1791301667.6072197,1392522,worker_0,W010,MeasureObjectIntensity,pattern_group,running,50.0,1,2
cp_tutorial_3d_monolayer,1,16,1791301667.8845704,1392522,worker_0,W010,MeasureObjectIntensity,pattern_group,running,100.0,2,2
cp_tutorial_3d_monolayer,1,16,1791301667.8868032,1392522,worker_0,W010,MeasureObjectIntensity,step_completed,success,70.96774193548387,22,31
cp_tutorial_3d_monolayer,1,16,1791301667.8868275,1392522,worker_0,W010,MeasureObjectSizeShape,step_started,started,70.96774193548387,22,31
cp_tutorial_3d_monolayer,1,16,1791301667.9841738,1392522,worker_0,W010,MeasureObjectSizeShape,pattern_group,running,50.0,1,2
cp_tutorial_3d_monolayer,1,16,1791301668.078266,1392522,worker_0,W010,MeasureObjectSizeShape,pattern_group,running,100.0,2,2
cp_tutorial_3d_monolayer,1,16,1791301668.0788465,1392522,worker_0,W010,MeasureObjectSizeShape,step_completed,success,74.19354838709677,23,31
cp_tutorial_3d_monolayer,1,16,1791301668.078869,1392522,worker_0,W010,OverlayObjects,step_started,started,74.19354838709677,23,31
cp_tutorial_3d_monolayer,1,16,1791301668.1030018,1392522,worker_0,W010,OverlayObjects,pattern_group,running,100.0,1,1
cp_tutorial_3d_monolayer,1,16,1791301668.1031208,1392522,worker_0,W010,OverlayObjects,step_completed,success,77.41935483870968,24,31
cp_tutorial_3d_monolayer,1,16,1791301668.103143,1392522,worker_0,W010,RescaleIntensity,step_started,started,77.41935483870968,24,31
cp_tutorial_3d_monolayer,1,16,1791301668.2065804,1392522,worker_0,W010,RescaleIntensity,pattern_group,running,100.0,1,1
cp_tutorial_3d_monolayer,1,16,1791301668.2067275,1392522,worker_0,W010,RescaleIntensity,step_completed,success,80.64516129032258,25,31
cp_tutorial_3d_monolayer,1,16,1791301668.2067497,1392522,worker_0,W010,OverlayObjects,step_started,started,80.64516129032258,25,31
cp_tutorial_3d_monolayer,1,16,1791301668.2287667,1392522,worker_0,W010,OverlayObjects,pattern_group,running,100.0,1,1
cp_tutorial_3d_monolayer,1,16,1791301668.2288692,1392522,worker_0,W010,OverlayObjects,step_completed,success,83.87096774193549,26,31
cp_tutorial_3d_monolayer,1,16,1791301668.22889,1392522,worker_0,W010,ConvertObjectsToImage,step_started,started,83.87096774193549,26,31
cp_tutorial_3d_monolayer,1,16,1791301668.261181,1392522,worker_0,W010,ConvertObjectsToImage,pattern_group,running,100.0,1,1
cp_tutorial_3d_monolayer,1,16,1791301668.2613306,1392522,worker_0,W010,ConvertObjectsToImage,step_completed,success,87.09677419354838,27,31
cp_tutorial_3d_monolayer,1,16,1791301668.2613533,1392522,worker_0,W010,SaveImages,step_started,started,87.09677419354838,27,31
cp_tutorial_3d_monolayer,1,16,1791301668.3096464,1392522,worker_0,W010,SaveImages,pattern_group,running,100.0,1,1
cp_tutorial_3d_monolayer,1,16,1791301668.3166745,1392522,worker_0,W010,SaveImages,step_completed,success,90.32258064516128,28,31
cp_tutorial_3d_monolayer,1,16,1791301668.3167136,1392522,worker_0,W010,ConvertObjectsToImage,step_started,started,90.32258064516128,28,31
cp_tutorial_3d_monolayer,1,16,1791301668.3500464,1392522,worker_0,W010,ConvertObjectsToImage,pattern_group,running,100.0,1,1
cp_tutorial_3d_monolayer,1,16,1791301668.350223,1392522,worker_0,W010,ConvertObjectsToImage,step_completed,success,93.54838709677419,29,31
cp_tutorial_3d_monolayer,1,16,1791301668.3502462,1392522,worker_0,W010,SaveImages,step_started,started,93.54838709677419,29,31
cp_tutorial_3d_monolayer,1,16,1791301668.399063,1392522,worker_0,W010,SaveImages,pattern_group,running,100.0,1,1
cp_tutorial_3d_monolayer,1,16,1791301668.4059076,1392522,worker_0,W010,SaveImages,step_completed,success,96.7741935483871,30,31
cp_tutorial_3d_monolayer,1,16,1791301668.4088445,1392522,worker_0,W010,pipeline,axis_completed,success,96.7741935483871,30,31
cp_tutorial_3d_monolayer,1,16,1791301668.4089193,1392522,worker_0,W011,pipeline,axis_started,started,0.0,0,31
cp_tutorial_3d_monolayer,1,16,1791301668.4089508,1392522,worker_0,W011,RescaleIntensity,step_started,started,0.0,0,31
cp_tutorial_3d_monolayer,1,16,1791301668.6878295,1392522,worker_0,W011,RescaleIntensity,pattern_group,running,100.0,1,1
cp_tutorial_3d_monolayer,1,16,1791301668.687992,1392522,worker_0,W011,RescaleIntensity,step_completed,success,3.225806451612903,1,31
cp_tutorial_3d_monolayer,1,16,1791301668.6880164,1392522,worker_0,W011,Resize,step_started,started,3.225806451612903,1,31
cp_tutorial_3d_monolayer,1,16,1791301668.7435448,1392522,worker_0,W011,Resize,pattern_group,running,100.0,1,1
cp_tutorial_3d_monolayer,1,16,1791301668.743682,1392522,worker_0,W011,Resize,step_completed,success,6.451612903225806,2,31
cp_tutorial_3d_monolayer,1,16,1791301668.7437022,1392522,worker_0,W011,MedianFilter,step_started,started,6.451612903225806,2,31
cp_tutorial_3d_monolayer,1,16,1791301668.9085882,1392522,worker_0,W011,MedianFilter,pattern_group,running,100.0,1,1
cp_tutorial_3d_monolayer,1,16,1791301668.908725,1392522,worker_0,W011,MedianFilter,step_completed,success,9.67741935483871,3,31
cp_tutorial_3d_monolayer,1,16,1791301668.908746,1392522,worker_0,W011,Threshold,step_started,started,9.67741935483871,3,31
cp_tutorial_3d_monolayer,1,16,1791301668.9477232,1392522,worker_0,W011,Threshold,pattern_group,running,100.0,1,1
cp_tutorial_3d_monolayer,1,16,1791301668.9480016,1392522,worker_0,W011,Threshold,step_completed,success,12.903225806451612,4,31
cp_tutorial_3d_monolayer,1,16,1791301668.948025,1392522,worker_0,W011,RemoveHoles,step_started,started,12.903225806451612,4,31
cp_tutorial_3d_monolayer,1,16,1791301668.9644964,1392522,worker_0,W011,RemoveHoles,pattern_group,running,100.0,1,1
cp_tutorial_3d_monolayer,1,16,1791301668.9646451,1392522,worker_0,W011,RemoveHoles,step_completed,success,16.129032258064516,5,31
cp_tutorial_3d_monolayer,1,16,1791301668.9646668,1392522,worker_0,W011,Watershed,step_started,started,16.129032258064516,5,31
cp_tutorial_3d_monolayer,1,16,1791301669.0564253,1392522,worker_0,W011,Watershed,pattern_group,running,100.0,1,1
cp_tutorial_3d_monolayer,1,16,1791301669.0568275,1392522,worker_0,W011,Watershed,step_completed,success,19.35483870967742,6,31
cp_tutorial_3d_monolayer,1,16,1791301669.0568502,1392522,worker_0,W011,ResizeObjects,step_started,started,19.35483870967742,6,31
cp_tutorial_3d_monolayer,1,16,1791301669.0829716,1392522,worker_0,W011,ResizeObjects,pattern_group,running,100.0,1,1
cp_tutorial_3d_monolayer,1,16,1791301669.0834556,1392522,worker_0,W011,ResizeObjects,step_completed,success,22.58064516129032,7,31
cp_tutorial_3d_monolayer,1,16,1791301669.083478,1392522,worker_0,W011,ErodeObjects,step_started,started,22.58064516129032,7,31
cp_tutorial_3d_monolayer,1,16,1791301669.1407804,1392522,worker_0,W011,ErodeObjects,pattern_group,running,100.0,1,1
cp_tutorial_3d_monolayer,1,16,1791301669.1412416,1392522,worker_0,W011,ErodeObjects,step_completed,success,25.806451612903224,8,31
cp_tutorial_3d_monolayer,1,16,1791301669.1412666,1392522,worker_0,W011,ResizeObjects,step_started,started,25.806451612903224,8,31
cp_tutorial_3d_monolayer,1,16,1791301669.1659083,1392522,worker_0,W011,ResizeObjects,pattern_group,running,100.0,1,1
cp_tutorial_3d_monolayer,1,16,1791301669.1664417,1392522,worker_0,W011,ResizeObjects,step_completed,success,29.03225806451613,9,31
cp_tutorial_3d_monolayer,1,16,1791301669.1664746,1392522,worker_0,W011,ConvertObjectsToImage,step_started,started,29.03225806451613,9,31
cp_tutorial_3d_monolayer,1,16,1791301669.1864684,1392522,worker_0,W011,ConvertObjectsToImage,pattern_group,running,100.0,1,1
cp_tutorial_3d_monolayer,1,16,1791301669.186621,1392522,worker_0,W011,ConvertObjectsToImage,step_completed,success,32.25806451612903,10,31
cp_tutorial_3d_monolayer,1,16,1791301669.1866446,1392522,worker_0,W011,Threshold,step_started,started,32.25806451612903,10,31
cp_tutorial_3d_monolayer,1,16,1791301669.378266,1392522,worker_0,W011,Threshold,pattern_group,running,100.0,1,1
cp_tutorial_3d_monolayer,1,16,1791301669.3785248,1392522,worker_0,W011,Threshold,step_completed,success,35.483870967741936,11,31
cp_tutorial_3d_monolayer,1,16,1791301669.3785484,1392522,worker_0,W011,ImageMath,step_started,started,35.483870967741936,11,31
cp_tutorial_3d_monolayer,1,16,1791301669.4101613,1392522,worker_0,W011,ImageMath,pattern_group,running,100.0,1,1
cp_tutorial_3d_monolayer,1,16,1791301669.410317,1392522,worker_0,W011,ImageMath,step_completed,success,38.70967741935484,12,31
cp_tutorial_3d_monolayer,1,16,1791301669.4103372,1392522,worker_0,W011,RemoveHoles,step_started,started,38.70967741935484,12,31
cp_tutorial_3d_monolayer,1,16,1791301669.4555373,1392522,worker_0,W011,RemoveHoles,pattern_group,running,100.0,1,1
cp_tutorial_3d_monolayer,1,16,1791301669.4556754,1392522,worker_0,W011,RemoveHoles,step_completed,success,41.935483870967744,13,31
cp_tutorial_3d_monolayer,1,16,1791301669.4556966,1392522,worker_0,W011,ImageMath,step_started,started,41.935483870967744,13,31
cp_tutorial_3d_monolayer,1,16,1791301669.7303843,1392522,worker_0,W011,ImageMath,pattern_group,running,100.0,1,1
cp_tutorial_3d_monolayer,1,16,1791301669.7305343,1392522,worker_0,W011,ImageMath,step_completed,success,45.16129032258064,14,31
cp_tutorial_3d_monolayer,1,16,1791301669.7305562,1392522,worker_0,W011,Resize,step_started,started,45.16129032258064,14,31
cp_tutorial_3d_monolayer,1,16,1791301669.7902327,1392522,worker_0,W011,Resize,pattern_group,running,100.0,1,1
cp_tutorial_3d_monolayer,1,16,1791301669.7903788,1392522,worker_0,W011,Resize,step_completed,success,48.38709677419355,15,31
cp_tutorial_3d_monolayer,1,16,1791301669.7904005,1392522,worker_0,W011,Closing,step_started,started,48.38709677419355,15,31
cp_tutorial_3d_monolayer,1,16,1791301669.868099,1392522,worker_0,W011,Closing,pattern_group,running,100.0,1,1
cp_tutorial_3d_monolayer,1,16,1791301669.868242,1392522,worker_0,W011,Closing,step_completed,success,51.61290322580645,16,31
cp_tutorial_3d_monolayer,1,16,1791301669.8682637,1392522,worker_0,W011,Resize,step_started,started,51.61290322580645,16,31
cp_tutorial_3d_monolayer,1,16,1791301669.9171178,1392522,worker_0,W011,Resize,pattern_group,running,100.0,1,1
cp_tutorial_3d_monolayer,1,16,1791301669.9172573,1392522,worker_0,W011,Resize,step_completed,success,54.83870967741935,17,31
cp_tutorial_3d_monolayer,1,16,1791301669.9172828,1392522,worker_0,W011,Threshold,step_started,started,54.83870967741935,17,31
cp_tutorial_3d_monolayer,1,16,1791301670.0819569,1392522,worker_0,W011,Threshold,pattern_group,running,100.0,1,1
cp_tutorial_3d_monolayer,1,16,1791301670.0822036,1392522,worker_0,W011,Threshold,step_completed,success,58.06451612903226,18,31
cp_tutorial_3d_monolayer,1,16,1791301670.0822246,1392522,worker_0,W011,MaskImage,step_started,started,58.06451612903226,18,31
cp_tutorial_3d_monolayer,1,16,1791301670.1276865,1392522,worker_0,W011,MaskImage,pattern_group,running,100.0,1,1
cp_tutorial_3d_monolayer,1,16,1791301670.1278307,1392522,worker_0,W011,MaskImage,step_completed,success,61.29032258064516,19,31
cp_tutorial_3d_monolayer,1,16,1791301670.1278534,1392522,worker_0,W011,ErodeImage,step_started,started,61.29032258064516,19,31
cp_tutorial_3d_monolayer,1,16,1791301670.1594021,1392522,worker_0,W011,ErodeImage,pattern_group,running,100.0,1,1
cp_tutorial_3d_monolayer,1,16,1791301670.15955,1392522,worker_0,W011,ErodeImage,step_completed,success,64.51612903225806,20,31
cp_tutorial_3d_monolayer,1,16,1791301670.1595716,1392522,worker_0,W011,Watershed,step_started,started,64.51612903225806,20,31
cp_tutorial_3d_monolayer,1,16,1791301670.2485797,1392522,worker_0,W011,Watershed,pattern_group,running,100.0,1,1
cp_tutorial_3d_monolayer,1,16,1791301670.2489693,1392522,worker_0,W011,Watershed,step_completed,success,67.74193548387096,21,31
cp_tutorial_3d_monolayer,1,16,1791301670.2489915,1392522,worker_0,W011,MeasureObjectIntensity,step_started,started,67.74193548387096,21,31
cp_tutorial_3d_monolayer,1,16,1791301670.4914658,1392522,worker_0,W011,MeasureObjectIntensity,pattern_group,running,50.0,1,2
cp_tutorial_3d_monolayer,1,16,1791301670.7675142,1392522,worker_0,W011,MeasureObjectIntensity,pattern_group,running,100.0,2,2
cp_tutorial_3d_monolayer,1,16,1791301670.7697268,1392522,worker_0,W011,MeasureObjectIntensity,step_completed,success,70.96774193548387,22,31
cp_tutorial_3d_monolayer,1,16,1791301670.7697513,1392522,worker_0,W011,MeasureObjectSizeShape,step_started,started,70.96774193548387,22,31
cp_tutorial_3d_monolayer,1,16,1791301670.8667054,1392522,worker_0,W011,MeasureObjectSizeShape,pattern_group,running,50.0,1,2
cp_tutorial_3d_monolayer,1,16,1791301670.9644952,1392522,worker_0,W011,MeasureObjectSizeShape,pattern_group,running,100.0,2,2
cp_tutorial_3d_monolayer,1,16,1791301670.9650724,1392522,worker_0,W011,MeasureObjectSizeShape,step_completed,success,74.19354838709677,23,31
cp_tutorial_3d_monolayer,1,16,1791301670.9650958,1392522,worker_0,W011,OverlayObjects,step_started,started,74.19354838709677,23,31
cp_tutorial_3d_monolayer,1,16,1791301670.9891198,1392522,worker_0,W011,OverlayObjects,pattern_group,running,100.0,1,1
cp_tutorial_3d_monolayer,1,16,1791301670.9892383,1392522,worker_0,W011,OverlayObjects,step_completed,success,77.41935483870968,24,31
cp_tutorial_3d_monolayer,1,16,1791301670.989261,1392522,worker_0,W011,RescaleIntensity,step_started,started,77.41935483870968,24,31
cp_tutorial_3d_monolayer,1,16,1791301671.0945969,1392522,worker_0,W011,RescaleIntensity,pattern_group,running,100.0,1,1
cp_tutorial_3d_monolayer,1,16,1791301671.0947387,1392522,worker_0,W011,RescaleIntensity,step_completed,success,80.64516129032258,25,31
cp_tutorial_3d_monolayer,1,16,1791301671.094761,1392522,worker_0,W011,OverlayObjects,step_started,started,80.64516129032258,25,31
cp_tutorial_3d_monolayer,1,16,1791301671.1173606,1392522,worker_0,W011,OverlayObjects,pattern_group,running,100.0,1,1
cp_tutorial_3d_monolayer,1,16,1791301671.1174638,1392522,worker_0,W011,OverlayObjects,step_completed,success,83.87096774193549,26,31
cp_tutorial_3d_monolayer,1,16,1791301671.117485,1392522,worker_0,W011,ConvertObjectsToImage,step_started,started,83.87096774193549,26,31
cp_tutorial_3d_monolayer,1,16,1791301671.1496801,1392522,worker_0,W011,ConvertObjectsToImage,pattern_group,running,100.0,1,1
cp_tutorial_3d_monolayer,1,16,1791301671.149825,1392522,worker_0,W011,ConvertObjectsToImage,step_completed,success,87.09677419354838,27,31
cp_tutorial_3d_monolayer,1,16,1791301671.1498473,1392522,worker_0,W011,SaveImages,step_started,started,87.09677419354838,27,31
cp_tutorial_3d_monolayer,1,16,1791301671.1992018,1392522,worker_0,W011,SaveImages,pattern_group,running,100.0,1,1
cp_tutorial_3d_monolayer,1,16,1791301671.2063398,1392522,worker_0,W011,SaveImages,step_completed,success,90.32258064516128,28,31
cp_tutorial_3d_monolayer,1,16,1791301671.2063813,1392522,worker_0,W011,ConvertObjectsToImage,step_started,started,90.32258064516128,28,31
cp_tutorial_3d_monolayer,1,16,1791301671.239168,1392522,worker_0,W011,ConvertObjectsToImage,pattern_group,running,100.0,1,1
cp_tutorial_3d_monolayer,1,16,1791301671.2393565,1392522,worker_0,W011,ConvertObjectsToImage,step_completed,success,93.54838709677419,29,31
cp_tutorial_3d_monolayer,1,16,1791301671.2393796,1392522,worker_0,W011,SaveImages,step_started,started,93.54838709677419,29,31
cp_tutorial_3d_monolayer,1,16,1791301671.288383,1392522,worker_0,W011,SaveImages,pattern_group,running,100.0,1,1
cp_tutorial_3d_monolayer,1,16,1791301671.294803,1392522,worker_0,W011,SaveImages,step_completed,success,96.7741935483871,30,31
cp_tutorial_3d_monolayer,1,16,1791301671.2976794,1392522,worker_0,W011,pipeline,axis_completed,success,96.7741935483871,30,31
cp_tutorial_3d_monolayer,1,16,1791301671.2977548,1392522,worker_0,W012,pipeline,axis_started,started,0.0,0,31
cp_tutorial_3d_monolayer,1,16,1791301671.297786,1392522,worker_0,W012,RescaleIntensity,step_started,started,0.0,0,31
cp_tutorial_3d_monolayer,1,16,1791301671.7221992,1392522,worker_0,W012,RescaleIntensity,pattern_group,running,100.0,1,1
cp_tutorial_3d_monolayer,1,16,1791301671.7223504,1392522,worker_0,W012,RescaleIntensity,step_completed,success,3.225806451612903,1,31
cp_tutorial_3d_monolayer,1,16,1791301671.7223709,1392522,worker_0,W012,Resize,step_started,started,3.225806451612903,1,31
cp_tutorial_3d_monolayer,1,16,1791301671.7781081,1392522,worker_0,W012,Resize,pattern_group,running,100.0,1,1
cp_tutorial_3d_monolayer,1,16,1791301671.7782488,1392522,worker_0,W012,Resize,step_completed,success,6.451612903225806,2,31
cp_tutorial_3d_monolayer,1,16,1791301671.7782738,1392522,worker_0,W012,MedianFilter,step_started,started,6.451612903225806,2,31
cp_tutorial_3d_monolayer,1,16,1791301671.9439166,1392522,worker_0,W012,MedianFilter,pattern_group,running,100.0,1,1
cp_tutorial_3d_monolayer,1,16,1791301671.9440627,1392522,worker_0,W012,MedianFilter,step_completed,success,9.67741935483871,3,31
cp_tutorial_3d_monolayer,1,16,1791301671.9440837,1392522,worker_0,W012,Threshold,step_started,started,9.67741935483871,3,31
cp_tutorial_3d_monolayer,1,16,1791301671.9818633,1392522,worker_0,W012,Threshold,pattern_group,running,100.0,1,1
cp_tutorial_3d_monolayer,1,16,1791301671.9821107,1392522,worker_0,W012,Threshold,step_completed,success,12.903225806451612,4,31
cp_tutorial_3d_monolayer,1,16,1791301671.9821327,1392522,worker_0,W012,RemoveHoles,step_started,started,12.903225806451612,4,31
cp_tutorial_3d_monolayer,1,16,1791301671.9986596,1392522,worker_0,W012,RemoveHoles,pattern_group,running,100.0,1,1
cp_tutorial_3d_monolayer,1,16,1791301671.9987996,1392522,worker_0,W012,RemoveHoles,step_completed,success,16.129032258064516,5,31
cp_tutorial_3d_monolayer,1,16,1791301671.9988213,1392522,worker_0,W012,Watershed,step_started,started,16.129032258064516,5,31
cp_tutorial_3d_monolayer,1,16,1791301672.0904896,1392522,worker_0,W012,Watershed,pattern_group,running,100.0,1,1
cp_tutorial_3d_monolayer,1,16,1791301672.0908647,1392522,worker_0,W012,Watershed,step_completed,success,19.35483870967742,6,31
cp_tutorial_3d_monolayer,1,16,1791301672.0908866,1392522,worker_0,W012,ResizeObjects,step_started,started,19.35483870967742,6,31
cp_tutorial_3d_monolayer,1,16,1791301672.1169999,1392522,worker_0,W012,ResizeObjects,pattern_group,running,100.0,1,1
cp_tutorial_3d_monolayer,1,16,1791301672.117487,1392522,worker_0,W012,ResizeObjects,step_completed,success,22.58064516129032,7,31
cp_tutorial_3d_monolayer,1,16,1791301672.11751,1392522,worker_0,W012,ErodeObjects,step_started,started,22.58064516129032,7,31
cp_tutorial_3d_monolayer,1,16,1791301672.17519,1392522,worker_0,W012,ErodeObjects,pattern_group,running,100.0,1,1
cp_tutorial_3d_monolayer,1,16,1791301672.1756763,1392522,worker_0,W012,ErodeObjects,step_completed,success,25.806451612903224,8,31
cp_tutorial_3d_monolayer,1,16,1791301672.175703,1392522,worker_0,W012,ResizeObjects,step_started,started,25.806451612903224,8,31
cp_tutorial_3d_monolayer,1,16,1791301672.1999066,1392522,worker_0,W012,ResizeObjects,pattern_group,running,100.0,1,1
cp_tutorial_3d_monolayer,1,16,1791301672.200387,1392522,worker_0,W012,ResizeObjects,step_completed,success,29.03225806451613,9,31
cp_tutorial_3d_monolayer,1,16,1791301672.2004128,1392522,worker_0,W012,ConvertObjectsToImage,step_started,started,29.03225806451613,9,31
cp_tutorial_3d_monolayer,1,16,1791301672.2189555,1392522,worker_0,W012,ConvertObjectsToImage,pattern_group,running,100.0,1,1
cp_tutorial_3d_monolayer,1,16,1791301672.2190971,1392522,worker_0,W012,ConvertObjectsToImage,step_completed,success,32.25806451612903,10,31
cp_tutorial_3d_monolayer,1,16,1791301672.2191193,1392522,worker_0,W012,Threshold,step_started,started,32.25806451612903,10,31
cp_tutorial_3d_monolayer,1,16,1791301672.4124534,1392522,worker_0,W012,Threshold,pattern_group,running,100.0,1,1
cp_tutorial_3d_monolayer,1,16,1791301672.4127038,1392522,worker_0,W012,Threshold,step_completed,success,35.483870967741936,11,31
cp_tutorial_3d_monolayer,1,16,1791301672.4127269,1392522,worker_0,W012,ImageMath,step_started,started,35.483870967741936,11,31
cp_tutorial_3d_monolayer,1,16,1791301672.4440129,1392522,worker_0,W012,ImageMath,pattern_group,running,100.0,1,1
cp_tutorial_3d_monolayer,1,16,1791301672.444163,1392522,worker_0,W012,ImageMath,step_completed,success,38.70967741935484,12,31
cp_tutorial_3d_monolayer,1,16,1791301672.4441838,1392522,worker_0,W012,RemoveHoles,step_started,started,38.70967741935484,12,31
cp_tutorial_3d_monolayer,1,16,1791301672.4899745,1392522,worker_0,W012,RemoveHoles,pattern_group,running,100.0,1,1
cp_tutorial_3d_monolayer,1,16,1791301672.490123,1392522,worker_0,W012,RemoveHoles,step_completed,success,41.935483870967744,13,31
cp_tutorial_3d_monolayer,1,16,1791301672.4901464,1392522,worker_0,W012,ImageMath,step_started,started,41.935483870967744,13,31
cp_tutorial_3d_monolayer,1,16,1791301672.7664227,1392522,worker_0,W012,ImageMath,pattern_group,running,100.0,1,1
cp_tutorial_3d_monolayer,1,16,1791301672.7665935,1392522,worker_0,W012,ImageMath,step_completed,success,45.16129032258064,14,31
cp_tutorial_3d_monolayer,1,16,1791301672.7666152,1392522,worker_0,W012,Resize,step_started,started,45.16129032258064,14,31
cp_tutorial_3d_monolayer,1,16,1791301672.8256364,1392522,worker_0,W012,Resize,pattern_group,running,100.0,1,1
cp_tutorial_3d_monolayer,1,16,1791301672.8257759,1392522,worker_0,W012,Resize,step_completed,success,48.38709677419355,15,31
cp_tutorial_3d_monolayer,1,16,1791301672.8257968,1392522,worker_0,W012,Closing,step_started,started,48.38709677419355,15,31
cp_tutorial_3d_monolayer,1,16,1791301672.9033055,1392522,worker_0,W012,Closing,pattern_group,running,100.0,1,1
cp_tutorial_3d_monolayer,1,16,1791301672.9034476,1392522,worker_0,W012,Closing,step_completed,success,51.61290322580645,16,31
cp_tutorial_3d_monolayer,1,16,1791301672.903469,1392522,worker_0,W012,Resize,step_started,started,51.61290322580645,16,31
cp_tutorial_3d_monolayer,1,16,1791301672.9537957,1392522,worker_0,W012,Resize,pattern_group,running,100.0,1,1
cp_tutorial_3d_monolayer,1,16,1791301672.9539402,1392522,worker_0,W012,Resize,step_completed,success,54.83870967741935,17,31
cp_tutorial_3d_monolayer,1,16,1791301672.953961,1392522,worker_0,W012,Threshold,step_started,started,54.83870967741935,17,31
cp_tutorial_3d_monolayer,1,16,1791301673.117191,1392522,worker_0,W012,Threshold,pattern_group,running,100.0,1,1
cp_tutorial_3d_monolayer,1,16,1791301673.1174433,1392522,worker_0,W012,Threshold,step_completed,success,58.06451612903226,18,31
cp_tutorial_3d_monolayer,1,16,1791301673.1174634,1392522,worker_0,W012,MaskImage,step_started,started,58.06451612903226,18,31
cp_tutorial_3d_monolayer,1,16,1791301673.1630056,1392522,worker_0,W012,MaskImage,pattern_group,running,100.0,1,1
cp_tutorial_3d_monolayer,1,16,1791301673.1631653,1392522,worker_0,W012,MaskImage,step_completed,success,61.29032258064516,19,31
cp_tutorial_3d_monolayer,1,16,1791301673.1631877,1392522,worker_0,W012,ErodeImage,step_started,started,61.29032258064516,19,31
cp_tutorial_3d_monolayer,1,16,1791301673.1955745,1392522,worker_0,W012,ErodeImage,pattern_group,running,100.0,1,1
cp_tutorial_3d_monolayer,1,16,1791301673.195721,1392522,worker_0,W012,ErodeImage,step_completed,success,64.51612903225806,20,31
cp_tutorial_3d_monolayer,1,16,1791301673.1957414,1392522,worker_0,W012,Watershed,step_started,started,64.51612903225806,20,31
cp_tutorial_3d_monolayer,1,16,1791301673.2825477,1392522,worker_0,W012,Watershed,pattern_group,running,100.0,1,1
cp_tutorial_3d_monolayer,1,16,1791301673.2829273,1392522,worker_0,W012,Watershed,step_completed,success,67.74193548387096,21,31
cp_tutorial_3d_monolayer,1,16,1791301673.2829485,1392522,worker_0,W012,MeasureObjectIntensity,step_started,started,67.74193548387096,21,31
cp_tutorial_3d_monolayer,1,16,1791301673.5259438,1392522,worker_0,W012,MeasureObjectIntensity,pattern_group,running,50.0,1,2
cp_tutorial_3d_monolayer,1,16,1791301673.8038762,1392522,worker_0,W012,MeasureObjectIntensity,pattern_group,running,100.0,2,2
cp_tutorial_3d_monolayer,1,16,1791301673.8061223,1392522,worker_0,W012,MeasureObjectIntensity,step_completed,success,70.96774193548387,22,31
cp_tutorial_3d_monolayer,1,16,1791301673.8061478,1392522,worker_0,W012,MeasureObjectSizeShape,step_started,started,70.96774193548387,22,31
cp_tutorial_3d_monolayer,1,16,1791301673.9029365,1392522,worker_0,W012,MeasureObjectSizeShape,pattern_group,running,50.0,1,2
cp_tutorial_3d_monolayer,1,16,1791301673.998144,1392522,worker_0,W012,MeasureObjectSizeShape,pattern_group,running,100.0,2,2
cp_tutorial_3d_monolayer,1,16,1791301673.9987237,1392522,worker_0,W012,MeasureObjectSizeShape,step_completed,success,74.19354838709677,23,31
cp_tutorial_3d_monolayer,1,16,1791301673.998747,1392522,worker_0,W012,OverlayObjects,step_started,started,74.19354838709677,23,31
cp_tutorial_3d_monolayer,1,16,1791301674.0250707,1392522,worker_0,W012,OverlayObjects,pattern_group,running,100.0,1,1
cp_tutorial_3d_monolayer,1,16,1791301674.0251818,1392522,worker_0,W012,OverlayObjects,step_completed,success,77.41935483870968,24,31
cp_tutorial_3d_monolayer,1,16,1791301674.0252044,1392522,worker_0,W012,RescaleIntensity,step_started,started,77.41935483870968,24,31
cp_tutorial_3d_monolayer,1,16,1791301674.1283937,1392522,worker_0,W012,RescaleIntensity,pattern_group,running,100.0,1,1
cp_tutorial_3d_monolayer,1,16,1791301674.1285353,1392522,worker_0,W012,RescaleIntensity,step_completed,success,80.64516129032258,25,31
cp_tutorial_3d_monolayer,1,16,1791301674.1285565,1392522,worker_0,W012,OverlayObjects,step_started,started,80.64516129032258,25,31
cp_tutorial_3d_monolayer,1,16,1791301674.1548507,1392522,worker_0,W012,OverlayObjects,pattern_group,running,100.0,1,1
cp_tutorial_3d_monolayer,1,16,1791301674.154955,1392522,worker_0,W012,OverlayObjects,step_completed,success,83.87096774193549,26,31
cp_tutorial_3d_monolayer,1,16,1791301674.1549764,1392522,worker_0,W012,ConvertObjectsToImage,step_started,started,83.87096774193549,26,31
cp_tutorial_3d_monolayer,1,16,1791301674.1886525,1392522,worker_0,W012,ConvertObjectsToImage,pattern_group,running,100.0,1,1
cp_tutorial_3d_monolayer,1,16,1791301674.1888094,1392522,worker_0,W012,ConvertObjectsToImage,step_completed,success,87.09677419354838,27,31
cp_tutorial_3d_monolayer,1,16,1791301674.1888328,1392522,worker_0,W012,SaveImages,step_started,started,87.09677419354838,27,31
cp_tutorial_3d_monolayer,1,16,1791301674.2376406,1392522,worker_0,W012,SaveImages,pattern_group,running,100.0,1,1
cp_tutorial_3d_monolayer,1,16,1791301674.244459,1392522,worker_0,W012,SaveImages,step_completed,success,90.32258064516128,28,31
cp_tutorial_3d_monolayer,1,16,1791301674.244502,1392522,worker_0,W012,ConvertObjectsToImage,step_started,started,90.32258064516128,28,31
cp_tutorial_3d_monolayer,1,16,1791301674.2779756,1392522,worker_0,W012,ConvertObjectsToImage,pattern_group,running,100.0,1,1
cp_tutorial_3d_monolayer,1,16,1791301674.278154,1392522,worker_0,W012,ConvertObjectsToImage,step_completed,success,93.54838709677419,29,31
cp_tutorial_3d_monolayer,1,16,1791301674.278176,1392522,worker_0,W012,SaveImages,step_started,started,93.54838709677419,29,31
cp_tutorial_3d_monolayer,1,16,1791301674.3266375,1392522,worker_0,W012,SaveImages,pattern_group,running,100.0,1,1
cp_tutorial_3d_monolayer,1,16,1791301674.3335268,1392522,worker_0,W012,SaveImages,step_completed,success,96.7741935483871,30,31
cp_tutorial_3d_monolayer,1,16,1791301674.33642,1392522,worker_0,W012,pipeline,axis_completed,success,96.7741935483871,30,31
cp_tutorial_3d_monolayer,1,16,1791301674.3364937,1392522,worker_0,W013,pipeline,axis_started,started,0.0,0,31
cp_tutorial_3d_monolayer,1,16,1791301674.3365257,1392522,worker_0,W013,RescaleIntensity,step_started,started,0.0,0,31
cp_tutorial_3d_monolayer,1,16,1791301674.6148345,1392522,worker_0,W013,RescaleIntensity,pattern_group,running,100.0,1,1
cp_tutorial_3d_monolayer,1,16,1791301674.6149814,1392522,worker_0,W013,RescaleIntensity,step_completed,success,3.225806451612903,1,31
cp_tutorial_3d_monolayer,1,16,1791301674.6150029,1392522,worker_0,W013,Resize,step_started,started,3.225806451612903,1,31
cp_tutorial_3d_monolayer,1,16,1791301674.6704154,1392522,worker_0,W013,Resize,pattern_group,running,100.0,1,1
cp_tutorial_3d_monolayer,1,16,1791301674.6705554,1392522,worker_0,W013,Resize,step_completed,success,6.451612903225806,2,31
cp_tutorial_3d_monolayer,1,16,1791301674.670576,1392522,worker_0,W013,MedianFilter,step_started,started,6.451612903225806,2,31
cp_tutorial_3d_monolayer,1,16,1791301674.835659,1392522,worker_0,W013,MedianFilter,pattern_group,running,100.0,1,1
cp_tutorial_3d_monolayer,1,16,1791301674.8357956,1392522,worker_0,W013,MedianFilter,step_completed,success,9.67741935483871,3,31
cp_tutorial_3d_monolayer,1,16,1791301674.835816,1392522,worker_0,W013,Threshold,step_started,started,9.67741935483871,3,31
cp_tutorial_3d_monolayer,1,16,1791301674.8729684,1392522,worker_0,W013,Threshold,pattern_group,running,100.0,1,1
cp_tutorial_3d_monolayer,1,16,1791301674.8732128,1392522,worker_0,W013,Threshold,step_completed,success,12.903225806451612,4,31
cp_tutorial_3d_monolayer,1,16,1791301674.8732343,1392522,worker_0,W013,RemoveHoles,step_started,started,12.903225806451612,4,31
cp_tutorial_3d_monolayer,1,16,1791301674.8897212,1392522,worker_0,W013,RemoveHoles,pattern_group,running,100.0,1,1
cp_tutorial_3d_monolayer,1,16,1791301674.8898568,1392522,worker_0,W013,RemoveHoles,step_completed,success,16.129032258064516,5,31
cp_tutorial_3d_monolayer,1,16,1791301674.889878,1392522,worker_0,W013,Watershed,step_started,started,16.129032258064516,5,31
cp_tutorial_3d_monolayer,1,16,1791301674.9826472,1392522,worker_0,W013,Watershed,pattern_group,running,100.0,1,1
cp_tutorial_3d_monolayer,1,16,1791301674.983028,1392522,worker_0,W013,Watershed,step_completed,success,19.35483870967742,6,31
cp_tutorial_3d_monolayer,1,16,1791301674.9830492,1392522,worker_0,W013,ResizeObjects,step_started,started,19.35483870967742,6,31
cp_tutorial_3d_monolayer,1,16,1791301675.0091252,1392522,worker_0,W013,ResizeObjects,pattern_group,running,100.0,1,1
cp_tutorial_3d_monolayer,1,16,1791301675.0096128,1392522,worker_0,W013,ResizeObjects,step_completed,success,22.58064516129032,7,31
cp_tutorial_3d_monolayer,1,16,1791301675.0096364,1392522,worker_0,W013,ErodeObjects,step_started,started,22.58064516129032,7,31
cp_tutorial_3d_monolayer,1,16,1791301675.0664282,1392522,worker_0,W013,ErodeObjects,pattern_group,running,100.0,1,1
cp_tutorial_3d_monolayer,1,16,1791301675.0668995,1392522,worker_0,W013,ErodeObjects,step_completed,success,25.806451612903224,8,31
cp_tutorial_3d_monolayer,1,16,1791301675.0669234,1392522,worker_0,W013,ResizeObjects,step_started,started,25.806451612903224,8,31
cp_tutorial_3d_monolayer,1,16,1791301675.091013,1392522,worker_0,W013,ResizeObjects,pattern_group,running,100.0,1,1
cp_tutorial_3d_monolayer,1,16,1791301675.0914938,1392522,worker_0,W013,ResizeObjects,step_completed,success,29.03225806451613,9,31
cp_tutorial_3d_monolayer,1,16,1791301675.0915196,1392522,worker_0,W013,ConvertObjectsToImage,step_started,started,29.03225806451613,9,31
cp_tutorial_3d_monolayer,1,16,1791301675.1099374,1392522,worker_0,W013,ConvertObjectsToImage,pattern_group,running,100.0,1,1
cp_tutorial_3d_monolayer,1,16,1791301675.1100905,1392522,worker_0,W013,ConvertObjectsToImage,step_completed,success,32.25806451612903,10,31
cp_tutorial_3d_monolayer,1,16,1791301675.1101155,1392522,worker_0,W013,Threshold,step_started,started,32.25806451612903,10,31
cp_tutorial_3d_monolayer,1,16,1791301675.3028574,1392522,worker_0,W013,Threshold,pattern_group,running,100.0,1,1
cp_tutorial_3d_monolayer,1,16,1791301675.303112,1392522,worker_0,W013,Threshold,step_completed,success,35.483870967741936,11,31
cp_tutorial_3d_monolayer,1,16,1791301675.3031354,1392522,worker_0,W013,ImageMath,step_started,started,35.483870967741936,11,31
cp_tutorial_3d_monolayer,1,16,1791301675.3347073,1392522,worker_0,W013,ImageMath,pattern_group,running,100.0,1,1
cp_tutorial_3d_monolayer,1,16,1791301675.3348536,1392522,worker_0,W013,ImageMath,step_completed,success,38.70967741935484,12,31
cp_tutorial_3d_monolayer,1,16,1791301675.3348758,1392522,worker_0,W013,RemoveHoles,step_started,started,38.70967741935484,12,31
cp_tutorial_3d_monolayer,1,16,1791301675.3804398,1392522,worker_0,W013,RemoveHoles,pattern_group,running,100.0,1,1
cp_tutorial_3d_monolayer,1,16,1791301675.3805716,1392522,worker_0,W013,RemoveHoles,step_completed,success,41.935483870967744,13,31
cp_tutorial_3d_monolayer,1,16,1791301675.380592,1392522,worker_0,W013,ImageMath,step_started,started,41.935483870967744,13,31
cp_tutorial_3d_monolayer,1,16,1791301675.6545403,1392522,worker_0,W013,ImageMath,pattern_group,running,100.0,1,1
cp_tutorial_3d_monolayer,1,16,1791301675.6546922,1392522,worker_0,W013,ImageMath,step_completed,success,45.16129032258064,14,31
cp_tutorial_3d_monolayer,1,16,1791301675.654714,1392522,worker_0,W013,Resize,step_started,started,45.16129032258064,14,31
cp_tutorial_3d_monolayer,1,16,1791301675.7141328,1392522,worker_0,W013,Resize,pattern_group,running,100.0,1,1
cp_tutorial_3d_monolayer,1,16,1791301675.714279,1392522,worker_0,W013,Resize,step_completed,success,48.38709677419355,15,31
cp_tutorial_3d_monolayer,1,16,1791301675.7143,1392522,worker_0,W013,Closing,step_started,started,48.38709677419355,15,31
cp_tutorial_3d_monolayer,1,16,1791301675.792486,1392522,worker_0,W013,Closing,pattern_group,running,100.0,1,1
cp_tutorial_3d_monolayer,1,16,1791301675.7926283,1392522,worker_0,W013,Closing,step_completed,success,51.61290322580645,16,31
cp_tutorial_3d_monolayer,1,16,1791301675.792649,1392522,worker_0,W013,Resize,step_started,started,51.61290322580645,16,31
cp_tutorial_3d_monolayer,1,16,1791301675.8410406,1392522,worker_0,W013,Resize,pattern_group,running,100.0,1,1
cp_tutorial_3d_monolayer,1,16,1791301675.8411794,1392522,worker_0,W013,Resize,step_completed,success,54.83870967741935,17,31
cp_tutorial_3d_monolayer,1,16,1791301675.8412006,1392522,worker_0,W013,Threshold,step_started,started,54.83870967741935,17,31
cp_tutorial_3d_monolayer,1,16,1791301676.0054786,1392522,worker_0,W013,Threshold,pattern_group,running,100.0,1,1
cp_tutorial_3d_monolayer,1,16,1791301676.0057182,1392522,worker_0,W013,Threshold,step_completed,success,58.06451612903226,18,31
cp_tutorial_3d_monolayer,1,16,1791301676.005739,1392522,worker_0,W013,MaskImage,step_started,started,58.06451612903226,18,31
cp_tutorial_3d_monolayer,1,16,1791301676.0509176,1392522,worker_0,W013,MaskImage,pattern_group,running,100.0,1,1
cp_tutorial_3d_monolayer,1,16,1791301676.0510702,1392522,worker_0,W013,MaskImage,step_completed,success,61.29032258064516,19,31
cp_tutorial_3d_monolayer,1,16,1791301676.051092,1392522,worker_0,W013,ErodeImage,step_started,started,61.29032258064516,19,31
cp_tutorial_3d_monolayer,1,16,1791301676.0824795,1392522,worker_0,W013,ErodeImage,pattern_group,running,100.0,1,1
cp_tutorial_3d_monolayer,1,16,1791301676.0826266,1392522,worker_0,W013,ErodeImage,step_completed,success,64.51612903225806,20,31
cp_tutorial_3d_monolayer,1,16,1791301676.0826473,1392522,worker_0,W013,Watershed,step_started,started,64.51612903225806,20,31
cp_tutorial_3d_monolayer,1,16,1791301676.1686115,1392522,worker_0,W013,Watershed,pattern_group,running,100.0,1,1
cp_tutorial_3d_monolayer,1,16,1791301676.169004,1392522,worker_0,W013,Watershed,step_completed,success,67.74193548387096,21,31
cp_tutorial_3d_monolayer,1,16,1791301676.1690266,1392522,worker_0,W013,MeasureObjectIntensity,step_started,started,67.74193548387096,21,31
cp_tutorial_3d_monolayer,1,16,1791301676.4106655,1392522,worker_0,W013,MeasureObjectIntensity,pattern_group,running,50.0,1,2
cp_tutorial_3d_monolayer,1,16,1791301676.688078,1392522,worker_0,W013,MeasureObjectIntensity,pattern_group,running,100.0,2,2
cp_tutorial_3d_monolayer,1,16,1791301676.6902843,1392522,worker_0,W013,MeasureObjectIntensity,step_completed,success,70.96774193548387,22,31
cp_tutorial_3d_monolayer,1,16,1791301676.690309,1392522,worker_0,W013,MeasureObjectSizeShape,step_started,started,70.96774193548387,22,31
cp_tutorial_3d_monolayer,1,16,1791301676.7871096,1392522,worker_0,W013,MeasureObjectSizeShape,pattern_group,running,50.0,1,2
cp_tutorial_3d_monolayer,1,16,1791301676.8815312,1392522,worker_0,W013,MeasureObjectSizeShape,pattern_group,running,100.0,2,2
cp_tutorial_3d_monolayer,1,16,1791301676.882099,1392522,worker_0,W013,MeasureObjectSizeShape,step_completed,success,74.19354838709677,23,31
cp_tutorial_3d_monolayer,1,16,1791301676.882122,1392522,worker_0,W013,OverlayObjects,step_started,started,74.19354838709677,23,31
cp_tutorial_3d_monolayer,1,16,1791301676.9127054,1392522,worker_0,W013,OverlayObjects,pattern_group,running,100.0,1,1
cp_tutorial_3d_monolayer,1,16,1791301676.9128215,1392522,worker_0,W013,OverlayObjects,step_completed,success,77.41935483870968,24,31
cp_tutorial_3d_monolayer,1,16,1791301676.9128428,1392522,worker_0,W013,RescaleIntensity,step_started,started,77.41935483870968,24,31
cp_tutorial_3d_monolayer,1,16,1791301677.01807,1392522,worker_0,W013,RescaleIntensity,pattern_group,running,100.0,1,1
cp_tutorial_3d_monolayer,1,16,1791301677.0182147,1392522,worker_0,W013,RescaleIntensity,step_completed,success,80.64516129032258,25,31
cp_tutorial_3d_monolayer,1,16,1791301677.0182366,1392522,worker_0,W013,OverlayObjects,step_started,started,80.64516129032258,25,31
cp_tutorial_3d_monolayer,1,16,1791301677.046392,1392522,worker_0,W013,OverlayObjects,pattern_group,running,100.0,1,1
cp_tutorial_3d_monolayer,1,16,1791301677.0464962,1392522,worker_0,W013,OverlayObjects,step_completed,success,83.87096774193549,26,31
cp_tutorial_3d_monolayer,1,16,1791301677.0465178,1392522,worker_0,W013,ConvertObjectsToImage,step_started,started,83.87096774193549,26,31
cp_tutorial_3d_monolayer,1,16,1791301677.0789702,1392522,worker_0,W013,ConvertObjectsToImage,pattern_group,running,100.0,1,1
cp_tutorial_3d_monolayer,1,16,1791301677.0791152,1392522,worker_0,W013,ConvertObjectsToImage,step_completed,success,87.09677419354838,27,31
cp_tutorial_3d_monolayer,1,16,1791301677.0791368,1392522,worker_0,W013,SaveImages,step_started,started,87.09677419354838,27,31
cp_tutorial_3d_monolayer,1,16,1791301677.128201,1392522,worker_0,W013,SaveImages,pattern_group,running,100.0,1,1
cp_tutorial_3d_monolayer,1,16,1791301677.1346517,1392522,worker_0,W013,SaveImages,step_completed,success,90.32258064516128,28,31
cp_tutorial_3d_monolayer,1,16,1791301677.134691,1392522,worker_0,W013,ConvertObjectsToImage,step_started,started,90.32258064516128,28,31
cp_tutorial_3d_monolayer,1,16,1791301677.1682286,1392522,worker_0,W013,ConvertObjectsToImage,pattern_group,running,100.0,1,1
cp_tutorial_3d_monolayer,1,16,1791301677.1684282,1392522,worker_0,W013,ConvertObjectsToImage,step_completed,success,93.54838709677419,29,31
cp_tutorial_3d_monolayer,1,16,1791301677.168453,1392522,worker_0,W013,SaveImages,step_started,started,93.54838709677419,29,31
cp_tutorial_3d_monolayer,1,16,1791301677.2171373,1392522,worker_0,W013,SaveImages,pattern_group,running,100.0,1,1
cp_tutorial_3d_monolayer,1,16,1791301677.2234871,1392522,worker_0,W013,SaveImages,step_completed,success,96.7741935483871,30,31
cp_tutorial_3d_monolayer,1,16,1791301677.2264209,1392522,worker_0,W013,pipeline,axis_completed,success,96.7741935483871,30,31
cp_tutorial_3d_monolayer,1,16,1791301677.2264946,1392522,worker_0,W014,pipeline,axis_started,started,0.0,0,31
cp_tutorial_3d_monolayer,1,16,1791301677.2265265,1392522,worker_0,W014,RescaleIntensity,step_started,started,0.0,0,31
cp_tutorial_3d_monolayer,1,16,1791301677.6697214,1392522,worker_0,W014,RescaleIntensity,pattern_group,running,100.0,1,1
cp_tutorial_3d_monolayer,1,16,1791301677.6698885,1392522,worker_0,W014,RescaleIntensity,step_completed,success,3.225806451612903,1,31
cp_tutorial_3d_monolayer,1,16,1791301677.6699111,1392522,worker_0,W014,Resize,step_started,started,3.225806451612903,1,31
cp_tutorial_3d_monolayer,1,16,1791301677.725637,1392522,worker_0,W014,Resize,pattern_group,running,100.0,1,1
cp_tutorial_3d_monolayer,1,16,1791301677.7257793,1392522,worker_0,W014,Resize,step_completed,success,6.451612903225806,2,31
cp_tutorial_3d_monolayer,1,16,1791301677.7258,1392522,worker_0,W014,MedianFilter,step_started,started,6.451612903225806,2,31
cp_tutorial_3d_monolayer,1,16,1791301677.8909678,1392522,worker_0,W014,MedianFilter,pattern_group,running,100.0,1,1
cp_tutorial_3d_monolayer,1,16,1791301677.8911047,1392522,worker_0,W014,MedianFilter,step_completed,success,9.67741935483871,3,31
cp_tutorial_3d_monolayer,1,16,1791301677.8911257,1392522,worker_0,W014,Threshold,step_started,started,9.67741935483871,3,31
cp_tutorial_3d_monolayer,1,16,1791301677.928752,1392522,worker_0,W014,Threshold,pattern_group,running,100.0,1,1
cp_tutorial_3d_monolayer,1,16,1791301677.9289956,1392522,worker_0,W014,Threshold,step_completed,success,12.903225806451612,4,31
cp_tutorial_3d_monolayer,1,16,1791301677.9290178,1392522,worker_0,W014,RemoveHoles,step_started,started,12.903225806451612,4,31
cp_tutorial_3d_monolayer,1,16,1791301677.9468405,1392522,worker_0,W014,RemoveHoles,pattern_group,running,100.0,1,1
cp_tutorial_3d_monolayer,1,16,1791301677.9469876,1392522,worker_0,W014,RemoveHoles,step_completed,success,16.129032258064516,5,31
cp_tutorial_3d_monolayer,1,16,1791301677.9470086,1392522,worker_0,W014,Watershed,step_started,started,16.129032258064516,5,31
cp_tutorial_3d_monolayer,1,16,1791301678.0388958,1392522,worker_0,W014,Watershed,pattern_group,running,100.0,1,1
cp_tutorial_3d_monolayer,1,16,1791301678.0392628,1392522,worker_0,W014,Watershed,step_completed,success,19.35483870967742,6,31
cp_tutorial_3d_monolayer,1,16,1791301678.039299,1392522,worker_0,W014,ResizeObjects,step_started,started,19.35483870967742,6,31
cp_tutorial_3d_monolayer,1,16,1791301678.0664663,1392522,worker_0,W014,ResizeObjects,pattern_group,running,100.0,1,1
cp_tutorial_3d_monolayer,1,16,1791301678.0669377,1392522,worker_0,W014,ResizeObjects,step_completed,success,22.58064516129032,7,31
cp_tutorial_3d_monolayer,1,16,1791301678.0669608,1392522,worker_0,W014,ErodeObjects,step_started,started,22.58064516129032,7,31
cp_tutorial_3d_monolayer,1,16,1791301678.1238918,1392522,worker_0,W014,ErodeObjects,pattern_group,running,100.0,1,1
cp_tutorial_3d_monolayer,1,16,1791301678.1243641,1392522,worker_0,W014,ErodeObjects,step_completed,success,25.806451612903224,8,31
cp_tutorial_3d_monolayer,1,16,1791301678.1243887,1392522,worker_0,W014,ResizeObjects,step_started,started,25.806451612903224,8,31
cp_tutorial_3d_monolayer,1,16,1791301678.1490161,1392522,worker_0,W014,ResizeObjects,pattern_group,running,100.0,1,1
cp_tutorial_3d_monolayer,1,16,1791301678.1497405,1392522,worker_0,W014,ResizeObjects,step_completed,success,29.03225806451613,9,31
cp_tutorial_3d_monolayer,1,16,1791301678.1497748,1392522,worker_0,W014,ConvertObjectsToImage,step_started,started,29.03225806451613,9,31
cp_tutorial_3d_monolayer,1,16,1791301678.1715207,1392522,worker_0,W014,ConvertObjectsToImage,pattern_group,running,100.0,1,1
cp_tutorial_3d_monolayer,1,16,1791301678.171682,1392522,worker_0,W014,ConvertObjectsToImage,step_completed,success,32.25806451612903,10,31
cp_tutorial_3d_monolayer,1,16,1791301678.1717074,1392522,worker_0,W014,Threshold,step_started,started,32.25806451612903,10,31
cp_tutorial_3d_monolayer,1,16,1791301678.369226,1392522,worker_0,W014,Threshold,pattern_group,running,100.0,1,1
cp_tutorial_3d_monolayer,1,16,1791301678.3694801,1392522,worker_0,W014,Threshold,step_completed,success,35.483870967741936,11,31
cp_tutorial_3d_monolayer,1,16,1791301678.3695035,1392522,worker_0,W014,ImageMath,step_started,started,35.483870967741936,11,31
cp_tutorial_3d_monolayer,1,16,1791301678.4010277,1392522,worker_0,W014,ImageMath,pattern_group,running,100.0,1,1
cp_tutorial_3d_monolayer,1,16,1791301678.4011762,1392522,worker_0,W014,ImageMath,step_completed,success,38.70967741935484,12,31
cp_tutorial_3d_monolayer,1,16,1791301678.4011984,1392522,worker_0,W014,RemoveHoles,step_started,started,38.70967741935484,12,31
cp_tutorial_3d_monolayer,1,16,1791301678.4464352,1392522,worker_0,W014,RemoveHoles,pattern_group,running,100.0,1,1
cp_tutorial_3d_monolayer,1,16,1791301678.4465804,1392522,worker_0,W014,RemoveHoles,step_completed,success,41.935483870967744,13,31
cp_tutorial_3d_monolayer,1,16,1791301678.4466033,1392522,worker_0,W014,ImageMath,step_started,started,41.935483870967744,13,31
cp_tutorial_3d_monolayer,1,16,1791301678.7212074,1392522,worker_0,W014,ImageMath,pattern_group,running,100.0,1,1
cp_tutorial_3d_monolayer,1,16,1791301678.7213635,1392522,worker_0,W014,ImageMath,step_completed,success,45.16129032258064,14,31
cp_tutorial_3d_monolayer,1,16,1791301678.721385,1392522,worker_0,W014,Resize,step_started,started,45.16129032258064,14,31
cp_tutorial_3d_monolayer,1,16,1791301678.7806659,1392522,worker_0,W014,Resize,pattern_group,running,100.0,1,1
cp_tutorial_3d_monolayer,1,16,1791301678.7808058,1392522,worker_0,W014,Resize,step_completed,success,48.38709677419355,15,31
cp_tutorial_3d_monolayer,1,16,1791301678.780827,1392522,worker_0,W014,Closing,step_started,started,48.38709677419355,15,31
cp_tutorial_3d_monolayer,1,16,1791301678.858887,1392522,worker_0,W014,Closing,pattern_group,running,100.0,1,1
cp_tutorial_3d_monolayer,1,16,1791301678.8590474,1392522,worker_0,W014,Closing,step_completed,success,51.61290322580645,16,31
cp_tutorial_3d_monolayer,1,16,1791301678.8590686,1392522,worker_0,W014,Resize,step_started,started,51.61290322580645,16,31
cp_tutorial_3d_monolayer,1,16,1791301678.9071672,1392522,worker_0,W014,Resize,pattern_group,running,100.0,1,1
cp_tutorial_3d_monolayer,1,16,1791301678.907314,1392522,worker_0,W014,Resize,step_completed,success,54.83870967741935,17,31
cp_tutorial_3d_monolayer,1,16,1791301678.9073355,1392522,worker_0,W014,Threshold,step_started,started,54.83870967741935,17,31
cp_tutorial_3d_monolayer,1,16,1791301679.072428,1392522,worker_0,W014,Threshold,pattern_group,running,100.0,1,1
cp_tutorial_3d_monolayer,1,16,1791301679.0726707,1392522,worker_0,W014,Threshold,step_completed,success,58.06451612903226,18,31
cp_tutorial_3d_monolayer,1,16,1791301679.0726914,1392522,worker_0,W014,MaskImage,step_started,started,58.06451612903226,18,31
cp_tutorial_3d_monolayer,1,16,1791301679.117946,1392522,worker_0,W014,MaskImage,pattern_group,running,100.0,1,1
cp_tutorial_3d_monolayer,1,16,1791301679.1180987,1392522,worker_0,W014,MaskImage,step_completed,success,61.29032258064516,19,31
cp_tutorial_3d_monolayer,1,16,1791301679.1181216,1392522,worker_0,W014,ErodeImage,step_started,started,61.29032258064516,19,31
cp_tutorial_3d_monolayer,1,16,1791301679.1493735,1392522,worker_0,W014,ErodeImage,pattern_group,running,100.0,1,1
cp_tutorial_3d_monolayer,1,16,1791301679.1495166,1392522,worker_0,W014,ErodeImage,step_completed,success,64.51612903225806,20,31
cp_tutorial_3d_monolayer,1,16,1791301679.149538,1392522,worker_0,W014,Watershed,step_started,started,64.51612903225806,20,31
cp_tutorial_3d_monolayer,1,16,1791301679.2376187,1392522,worker_0,W014,Watershed,pattern_group,running,100.0,1,1
cp_tutorial_3d_monolayer,1,16,1791301679.2380106,1392522,worker_0,W014,Watershed,step_completed,success,67.74193548387096,21,31
cp_tutorial_3d_monolayer,1,16,1791301679.2380328,1392522,worker_0,W014,MeasureObjectIntensity,step_started,started,67.74193548387096,21,31
cp_tutorial_3d_monolayer,1,16,1791301679.4822986,1392522,worker_0,W014,MeasureObjectIntensity,pattern_group,running,50.0,1,2
cp_tutorial_3d_monolayer,1,16,1791301679.7592556,1392522,worker_0,W014,MeasureObjectIntensity,pattern_group,running,100.0,2,2
cp_tutorial_3d_monolayer,1,16,1791301679.7614634,1392522,worker_0,W014,MeasureObjectIntensity,step_completed,success,70.96774193548387,22,31
cp_tutorial_3d_monolayer,1,16,1791301679.7614868,1392522,worker_0,W014,MeasureObjectSizeShape,step_started,started,70.96774193548387,22,31
cp_tutorial_3d_monolayer,1,16,1791301679.8578913,1392522,worker_0,W014,MeasureObjectSizeShape,pattern_group,running,50.0,1,2
cp_tutorial_3d_monolayer,1,16,1791301679.9530468,1392522,worker_0,W014,MeasureObjectSizeShape,pattern_group,running,100.0,2,2
cp_tutorial_3d_monolayer,1,16,1791301679.9536333,1392522,worker_0,W014,MeasureObjectSizeShape,step_completed,success,74.19354838709677,23,31
cp_tutorial_3d_monolayer,1,16,1791301679.9536564,1392522,worker_0,W014,OverlayObjects,step_started,started,74.19354838709677,23,31
cp_tutorial_3d_monolayer,1,16,1791301679.9871528,1392522,worker_0,W014,OverlayObjects,pattern_group,running,100.0,1,1
cp_tutorial_3d_monolayer,1,16,1791301679.987279,1392522,worker_0,W014,OverlayObjects,step_completed,success,77.41935483870968,24,31
cp_tutorial_3d_monolayer,1,16,1791301679.9873013,1392522,worker_0,W014,RescaleIntensity,step_started,started,77.41935483870968,24,31
cp_tutorial_3d_monolayer,1,16,1791301680.0895836,1392522,worker_0,W014,RescaleIntensity,pattern_group,running,100.0,1,1
cp_tutorial_3d_monolayer,1,16,1791301680.0897293,1392522,worker_0,W014,RescaleIntensity,step_completed,success,80.64516129032258,25,31
cp_tutorial_3d_monolayer,1,16,1791301680.0897512,1392522,worker_0,W014,OverlayObjects,step_started,started,80.64516129032258,25,31
cp_tutorial_3d_monolayer,1,16,1791301680.1214747,1392522,worker_0,W014,OverlayObjects,pattern_group,running,100.0,1,1
cp_tutorial_3d_monolayer,1,16,1791301680.121581,1392522,worker_0,W014,OverlayObjects,step_completed,success,83.87096774193549,26,31
cp_tutorial_3d_monolayer,1,16,1791301680.1216023,1392522,worker_0,W014,ConvertObjectsToImage,step_started,started,83.87096774193549,26,31
cp_tutorial_3d_monolayer,1,16,1791301680.153373,1392522,worker_0,W014,ConvertObjectsToImage,pattern_group,running,100.0,1,1
cp_tutorial_3d_monolayer,1,16,1791301680.1535153,1392522,worker_0,W014,ConvertObjectsToImage,step_completed,success,87.09677419354838,27,31
cp_tutorial_3d_monolayer,1,16,1791301680.1535375,1392522,worker_0,W014,SaveImages,step_started,started,87.09677419354838,27,31
cp_tutorial_3d_monolayer,1,16,1791301680.2038803,1392522,worker_0,W014,SaveImages,pattern_group,running,100.0,1,1
cp_tutorial_3d_monolayer,1,16,1791301680.2104714,1392522,worker_0,W014,SaveImages,step_completed,success,90.32258064516128,28,31
cp_tutorial_3d_monolayer,1,16,1791301680.2105107,1392522,worker_0,W014,ConvertObjectsToImage,step_started,started,90.32258064516128,28,31
cp_tutorial_3d_monolayer,1,16,1791301680.2438142,1392522,worker_0,W014,ConvertObjectsToImage,pattern_group,running,100.0,1,1
cp_tutorial_3d_monolayer,1,16,1791301680.2439954,1392522,worker_0,W014,ConvertObjectsToImage,step_completed,success,93.54838709677419,29,31
cp_tutorial_3d_monolayer,1,16,1791301680.2440183,1392522,worker_0,W014,SaveImages,step_started,started,93.54838709677419,29,31
cp_tutorial_3d_monolayer,1,16,1791301680.293771,1392522,worker_0,W014,SaveImages,pattern_group,running,100.0,1,1
cp_tutorial_3d_monolayer,1,16,1791301680.300166,1392522,worker_0,W014,SaveImages,step_completed,success,96.7741935483871,30,31
cp_tutorial_3d_monolayer,1,16,1791301680.3031461,1392522,worker_0,W014,pipeline,axis_completed,success,96.7741935483871,30,31
cp_tutorial_3d_monolayer,1,16,1791301680.3032198,1392522,worker_0,W015,pipeline,axis_started,started,0.0,0,31
cp_tutorial_3d_monolayer,1,16,1791301680.3032515,1392522,worker_0,W015,RescaleIntensity,step_started,started,0.0,0,31
cp_tutorial_3d_monolayer,1,16,1791301680.5830932,1392522,worker_0,W015,RescaleIntensity,pattern_group,running,100.0,1,1
cp_tutorial_3d_monolayer,1,16,1791301680.5832367,1392522,worker_0,W015,RescaleIntensity,step_completed,success,3.225806451612903,1,31
cp_tutorial_3d_monolayer,1,16,1791301680.5832577,1392522,worker_0,W015,Resize,step_started,started,3.225806451612903,1,31
cp_tutorial_3d_monolayer,1,16,1791301680.638752,1392522,worker_0,W015,Resize,pattern_group,running,100.0,1,1
cp_tutorial_3d_monolayer,1,16,1791301680.6388948,1392522,worker_0,W015,Resize,step_completed,success,6.451612903225806,2,31
cp_tutorial_3d_monolayer,1,16,1791301680.6389155,1392522,worker_0,W015,MedianFilter,step_started,started,6.451612903225806,2,31
cp_tutorial_3d_monolayer,1,16,1791301680.8040197,1392522,worker_0,W015,MedianFilter,pattern_group,running,100.0,1,1
cp_tutorial_3d_monolayer,1,16,1791301680.8041596,1392522,worker_0,W015,MedianFilter,step_completed,success,9.67741935483871,3,31
cp_tutorial_3d_monolayer,1,16,1791301680.8041818,1392522,worker_0,W015,Threshold,step_started,started,9.67741935483871,3,31
cp_tutorial_3d_monolayer,1,16,1791301680.8410501,1392522,worker_0,W015,Threshold,pattern_group,running,100.0,1,1
cp_tutorial_3d_monolayer,1,16,1791301680.8413088,1392522,worker_0,W015,Threshold,step_completed,success,12.903225806451612,4,31
cp_tutorial_3d_monolayer,1,16,1791301680.8413312,1392522,worker_0,W015,RemoveHoles,step_started,started,12.903225806451612,4,31
cp_tutorial_3d_monolayer,1,16,1791301680.8578694,1392522,worker_0,W015,RemoveHoles,pattern_group,running,100.0,1,1
cp_tutorial_3d_monolayer,1,16,1791301680.8580184,1392522,worker_0,W015,RemoveHoles,step_completed,success,16.129032258064516,5,31
cp_tutorial_3d_monolayer,1,16,1791301680.8580399,1392522,worker_0,W015,Watershed,step_started,started,16.129032258064516,5,31
cp_tutorial_3d_monolayer,1,16,1791301680.9525163,1392522,worker_0,W015,Watershed,pattern_group,running,100.0,1,1
cp_tutorial_3d_monolayer,1,16,1791301680.9528964,1392522,worker_0,W015,Watershed,step_completed,success,19.35483870967742,6,31
cp_tutorial_3d_monolayer,1,16,1791301680.9529173,1392522,worker_0,W015,ResizeObjects,step_started,started,19.35483870967742,6,31
cp_tutorial_3d_monolayer,1,16,1791301680.9799278,1392522,worker_0,W015,ResizeObjects,pattern_group,running,100.0,1,1
cp_tutorial_3d_monolayer,1,16,1791301680.9804218,1392522,worker_0,W015,ResizeObjects,step_completed,success,22.58064516129032,7,31
cp_tutorial_3d_monolayer,1,16,1791301680.9804451,1392522,worker_0,W015,ErodeObjects,step_started,started,22.58064516129032,7,31
cp_tutorial_3d_monolayer,1,16,1791301681.0373785,1392522,worker_0,W015,ErodeObjects,pattern_group,running,100.0,1,1
cp_tutorial_3d_monolayer,1,16,1791301681.037852,1392522,worker_0,W015,ErodeObjects,step_completed,success,25.806451612903224,8,31
cp_tutorial_3d_monolayer,1,16,1791301681.0378761,1392522,worker_0,W015,ResizeObjects,step_started,started,25.806451612903224,8,31
cp_tutorial_3d_monolayer,1,16,1791301681.061951,1392522,worker_0,W015,ResizeObjects,pattern_group,running,100.0,1,1
cp_tutorial_3d_monolayer,1,16,1791301681.0624342,1392522,worker_0,W015,ResizeObjects,step_completed,success,29.03225806451613,9,31
cp_tutorial_3d_monolayer,1,16,1791301681.062459,1392522,worker_0,W015,ConvertObjectsToImage,step_started,started,29.03225806451613,9,31
cp_tutorial_3d_monolayer,1,16,1791301681.0810888,1392522,worker_0,W015,ConvertObjectsToImage,pattern_group,running,100.0,1,1
cp_tutorial_3d_monolayer,1,16,1791301681.0812376,1392522,worker_0,W015,ConvertObjectsToImage,step_completed,success,32.25806451612903,10,31
cp_tutorial_3d_monolayer,1,16,1791301681.0812612,1392522,worker_0,W015,Threshold,step_started,started,32.25806451612903,10,31
cp_tutorial_3d_monolayer,1,16,1791301681.2755432,1392522,worker_0,W015,Threshold,pattern_group,running,100.0,1,1
cp_tutorial_3d_monolayer,1,16,1791301681.2758198,1392522,worker_0,W015,Threshold,step_completed,success,35.483870967741936,11,31
cp_tutorial_3d_monolayer,1,16,1791301681.2758443,1392522,worker_0,W015,ImageMath,step_started,started,35.483870967741936,11,31
cp_tutorial_3d_monolayer,1,16,1791301681.307348,1392522,worker_0,W015,ImageMath,pattern_group,running,100.0,1,1
cp_tutorial_3d_monolayer,1,16,1791301681.3075006,1392522,worker_0,W015,ImageMath,step_completed,success,38.70967741935484,12,31
cp_tutorial_3d_monolayer,1,16,1791301681.307522,1392522,worker_0,W015,RemoveHoles,step_started,started,38.70967741935484,12,31
cp_tutorial_3d_monolayer,1,16,1791301681.352732,1392522,worker_0,W015,RemoveHoles,pattern_group,running,100.0,1,1
cp_tutorial_3d_monolayer,1,16,1791301681.3528721,1392522,worker_0,W015,RemoveHoles,step_completed,success,41.935483870967744,13,31
cp_tutorial_3d_monolayer,1,16,1791301681.3528924,1392522,worker_0,W015,ImageMath,step_started,started,41.935483870967744,13,31
cp_tutorial_3d_monolayer,1,16,1791301681.629878,1392522,worker_0,W015,ImageMath,pattern_group,running,100.0,1,1
cp_tutorial_3d_monolayer,1,16,1791301681.6300287,1392522,worker_0,W015,ImageMath,step_completed,success,45.16129032258064,14,31
cp_tutorial_3d_monolayer,1,16,1791301681.6300511,1392522,worker_0,W015,Resize,step_started,started,45.16129032258064,14,31
cp_tutorial_3d_monolayer,1,16,1791301681.6891534,1392522,worker_0,W015,Resize,pattern_group,running,100.0,1,1
cp_tutorial_3d_monolayer,1,16,1791301681.6892986,1392522,worker_0,W015,Resize,step_completed,success,48.38709677419355,15,31
cp_tutorial_3d_monolayer,1,16,1791301681.6893198,1392522,worker_0,W015,Closing,step_started,started,48.38709677419355,15,31
cp_tutorial_3d_monolayer,1,16,1791301681.7674496,1392522,worker_0,W015,Closing,pattern_group,running,100.0,1,1
cp_tutorial_3d_monolayer,1,16,1791301681.7675967,1392522,worker_0,W015,Closing,step_completed,success,51.61290322580645,16,31
cp_tutorial_3d_monolayer,1,16,1791301681.7676184,1392522,worker_0,W015,Resize,step_started,started,51.61290322580645,16,31
cp_tutorial_3d_monolayer,1,16,1791301681.816549,1392522,worker_0,W015,Resize,pattern_group,running,100.0,1,1
cp_tutorial_3d_monolayer,1,16,1791301681.8166893,1392522,worker_0,W015,Resize,step_completed,success,54.83870967741935,17,31
cp_tutorial_3d_monolayer,1,16,1791301681.8167105,1392522,worker_0,W015,Threshold,step_started,started,54.83870967741935,17,31
cp_tutorial_3d_monolayer,1,16,1791301681.9801078,1392522,worker_0,W015,Threshold,pattern_group,running,100.0,1,1
cp_tutorial_3d_monolayer,1,16,1791301681.9803643,1392522,worker_0,W015,Threshold,step_completed,success,58.06451612903226,18,31
cp_tutorial_3d_monolayer,1,16,1791301681.9803848,1392522,worker_0,W015,MaskImage,step_started,started,58.06451612903226,18,31
cp_tutorial_3d_monolayer,1,16,1791301682.0255516,1392522,worker_0,W015,MaskImage,pattern_group,running,100.0,1,1
cp_tutorial_3d_monolayer,1,16,1791301682.0256968,1392522,worker_0,W015,MaskImage,step_completed,success,61.29032258064516,19,31
cp_tutorial_3d_monolayer,1,16,1791301682.0257185,1392522,worker_0,W015,ErodeImage,step_started,started,61.29032258064516,19,31
cp_tutorial_3d_monolayer,1,16,1791301682.056879,1392522,worker_0,W015,ErodeImage,pattern_group,running,100.0,1,1
cp_tutorial_3d_monolayer,1,16,1791301682.057017,1392522,worker_0,W015,ErodeImage,step_completed,success,64.51612903225806,20,31
cp_tutorial_3d_monolayer,1,16,1791301682.0570388,1392522,worker_0,W015,Watershed,step_started,started,64.51612903225806,20,31
cp_tutorial_3d_monolayer,1,16,1791301682.1432061,1392522,worker_0,W015,Watershed,pattern_group,running,100.0,1,1
cp_tutorial_3d_monolayer,1,16,1791301682.1436028,1392522,worker_0,W015,Watershed,step_completed,success,67.74193548387096,21,31
cp_tutorial_3d_monolayer,1,16,1791301682.1436236,1392522,worker_0,W015,MeasureObjectIntensity,step_started,started,67.74193548387096,21,31
cp_tutorial_3d_monolayer,1,16,1791301682.3868442,1392522,worker_0,W015,MeasureObjectIntensity,pattern_group,running,50.0,1,2
cp_tutorial_3d_monolayer,1,16,1791301682.6639109,1392522,worker_0,W015,MeasureObjectIntensity,pattern_group,running,100.0,2,2
cp_tutorial_3d_monolayer,1,16,1791301682.666115,1392522,worker_0,W015,MeasureObjectIntensity,step_completed,success,70.96774193548387,22,31
cp_tutorial_3d_monolayer,1,16,1791301682.666139,1392522,worker_0,W015,MeasureObjectSizeShape,step_started,started,70.96774193548387,22,31
cp_tutorial_3d_monolayer,1,16,1791301682.7632902,1392522,worker_0,W015,MeasureObjectSizeShape,pattern_group,running,50.0,1,2
cp_tutorial_3d_monolayer,1,16,1791301682.8577862,1392522,worker_0,W015,MeasureObjectSizeShape,pattern_group,running,100.0,2,2
cp_tutorial_3d_monolayer,1,16,1791301682.8583746,1392522,worker_0,W015,MeasureObjectSizeShape,step_completed,success,74.19354838709677,23,31
cp_tutorial_3d_monolayer,1,16,1791301682.858397,1392522,worker_0,W015,OverlayObjects,step_started,started,74.19354838709677,23,31
cp_tutorial_3d_monolayer,1,16,1791301682.894474,1392522,worker_0,W015,OverlayObjects,pattern_group,running,100.0,1,1
cp_tutorial_3d_monolayer,1,16,1791301682.8945901,1392522,worker_0,W015,OverlayObjects,step_completed,success,77.41935483870968,24,31
cp_tutorial_3d_monolayer,1,16,1791301682.8946123,1392522,worker_0,W015,RescaleIntensity,step_started,started,77.41935483870968,24,31
cp_tutorial_3d_monolayer,1,16,1791301682.998267,1392522,worker_0,W015,RescaleIntensity,pattern_group,running,100.0,1,1
cp_tutorial_3d_monolayer,1,16,1791301682.998417,1392522,worker_0,W015,RescaleIntensity,step_completed,success,80.64516129032258,25,31
cp_tutorial_3d_monolayer,1,16,1791301682.9984398,1392522,worker_0,W015,OverlayObjects,step_started,started,80.64516129032258,25,31
cp_tutorial_3d_monolayer,1,16,1791301683.0316253,1392522,worker_0,W015,OverlayObjects,pattern_group,running,100.0,1,1
cp_tutorial_3d_monolayer,1,16,1791301683.031729,1392522,worker_0,W015,OverlayObjects,step_completed,success,83.87096774193549,26,31
cp_tutorial_3d_monolayer,1,16,1791301683.031751,1392522,worker_0,W015,ConvertObjectsToImage,step_started,started,83.87096774193549,26,31
cp_tutorial_3d_monolayer,1,16,1791301683.0637999,1392522,worker_0,W015,ConvertObjectsToImage,pattern_group,running,100.0,1,1
cp_tutorial_3d_monolayer,1,16,1791301683.0639439,1392522,worker_0,W015,ConvertObjectsToImage,step_completed,success,87.09677419354838,27,31
cp_tutorial_3d_monolayer,1,16,1791301683.0639672,1392522,worker_0,W015,SaveImages,step_started,started,87.09677419354838,27,31
cp_tutorial_3d_monolayer,1,16,1791301683.1123266,1392522,worker_0,W015,SaveImages,pattern_group,running,100.0,1,1
cp_tutorial_3d_monolayer,1,16,1791301683.1191835,1392522,worker_0,W015,SaveImages,step_completed,success,90.32258064516128,28,31
cp_tutorial_3d_monolayer,1,16,1791301683.119221,1392522,worker_0,W015,ConvertObjectsToImage,step_started,started,90.32258064516128,28,31
cp_tutorial_3d_monolayer,1,16,1791301683.1529553,1392522,worker_0,W015,ConvertObjectsToImage,pattern_group,running,100.0,1,1
cp_tutorial_3d_monolayer,1,16,1791301683.153134,1392522,worker_0,W015,ConvertObjectsToImage,step_completed,success,93.54838709677419,29,31
cp_tutorial_3d_monolayer,1,16,1791301683.153156,1392522,worker_0,W015,SaveImages,step_started,started,93.54838709677419,29,31
cp_tutorial_3d_monolayer,1,16,1791301683.204373,1392522,worker_0,W015,SaveImages,pattern_group,running,100.0,1,1
cp_tutorial_3d_monolayer,1,16,1791301683.210748,1392522,worker_0,W015,SaveImages,step_completed,success,96.7741935483871,30,31
cp_tutorial_3d_monolayer,1,16,1791301683.2136948,1392522,worker_0,W015,pipeline,axis_completed,success,96.7741935483871,30,31
cp_tutorial_3d_monolayer,1,16,1791301683.2137702,1392522,worker_0,W016,pipeline,axis_started,started,0.0,0,31
cp_tutorial_3d_monolayer,1,16,1791301683.2138014,1392522,worker_0,W016,RescaleIntensity,step_started,started,0.0,0,31
cp_tutorial_3d_monolayer,1,16,1791301683.493376,1392522,worker_0,W016,RescaleIntensity,pattern_group,running,100.0,1,1
cp_tutorial_3d_monolayer,1,16,1791301683.493518,1392522,worker_0,W016,RescaleIntensity,step_completed,success,3.225806451612903,1,31
cp_tutorial_3d_monolayer,1,16,1791301683.4935393,1392522,worker_0,W016,Resize,step_started,started,3.225806451612903,1,31
cp_tutorial_3d_monolayer,1,16,1791301683.549215,1392522,worker_0,W016,Resize,pattern_group,running,100.0,1,1
cp_tutorial_3d_monolayer,1,16,1791301683.549392,1392522,worker_0,W016,Resize,step_completed,success,6.451612903225806,2,31
cp_tutorial_3d_monolayer,1,16,1791301683.5494137,1392522,worker_0,W016,MedianFilter,step_started,started,6.451612903225806,2,31
cp_tutorial_3d_monolayer,1,16,1791301683.7145827,1392522,worker_0,W016,MedianFilter,pattern_group,running,100.0,1,1
cp_tutorial_3d_monolayer,1,16,1791301683.7147257,1392522,worker_0,W016,MedianFilter,step_completed,success,9.67741935483871,3,31
cp_tutorial_3d_monolayer,1,16,1791301683.7147467,1392522,worker_0,W016,Threshold,step_started,started,9.67741935483871,3,31
cp_tutorial_3d_monolayer,1,16,1791301683.7512674,1392522,worker_0,W016,Threshold,pattern_group,running,100.0,1,1
cp_tutorial_3d_monolayer,1,16,1791301683.7519732,1392522,worker_0,W016,Threshold,step_completed,success,12.903225806451612,4,31
cp_tutorial_3d_monolayer,1,16,1791301683.7520053,1392522,worker_0,W016,RemoveHoles,step_started,started,12.903225806451612,4,31
cp_tutorial_3d_monolayer,1,16,1791301683.7688875,1392522,worker_0,W016,RemoveHoles,pattern_group,running,100.0,1,1
cp_tutorial_3d_monolayer,1,16,1791301683.7690327,1392522,worker_0,W016,RemoveHoles,step_completed,success,16.129032258064516,5,31
cp_tutorial_3d_monolayer,1,16,1791301683.769055,1392522,worker_0,W016,Watershed,step_started,started,16.129032258064516,5,31
cp_tutorial_3d_monolayer,1,16,1791301683.8601384,1392522,worker_0,W016,Watershed,pattern_group,running,100.0,1,1
cp_tutorial_3d_monolayer,1,16,1791301683.8605235,1392522,worker_0,W016,Watershed,step_completed,success,19.35483870967742,6,31
cp_tutorial_3d_monolayer,1,16,1791301683.860544,1392522,worker_0,W016,ResizeObjects,step_started,started,19.35483870967742,6,31
cp_tutorial_3d_monolayer,1,16,1791301683.887855,1392522,worker_0,W016,ResizeObjects,pattern_group,running,100.0,1,1
cp_tutorial_3d_monolayer,1,16,1791301683.888338,1392522,worker_0,W016,ResizeObjects,step_completed,success,22.58064516129032,7,31
cp_tutorial_3d_monolayer,1,16,1791301683.8883612,1392522,worker_0,W016,ErodeObjects,step_started,started,22.58064516129032,7,31
cp_tutorial_3d_monolayer,1,16,1791301683.9466188,1392522,worker_0,W016,ErodeObjects,pattern_group,running,100.0,1,1
cp_tutorial_3d_monolayer,1,16,1791301683.9471169,1392522,worker_0,W016,ErodeObjects,step_completed,success,25.806451612903224,8,31
cp_tutorial_3d_monolayer,1,16,1791301683.947144,1392522,worker_0,W016,ResizeObjects,step_started,started,25.806451612903224,8,31
cp_tutorial_3d_monolayer,1,16,1791301683.9710474,1392522,worker_0,W016,ResizeObjects,pattern_group,running,100.0,1,1
cp_tutorial_3d_monolayer,1,16,1791301683.9715273,1392522,worker_0,W016,ResizeObjects,step_completed,success,29.03225806451613,9,31
cp_tutorial_3d_monolayer,1,16,1791301683.9715502,1392522,worker_0,W016,ConvertObjectsToImage,step_started,started,29.03225806451613,9,31
cp_tutorial_3d_monolayer,1,16,1791301683.9896264,1392522,worker_0,W016,ConvertObjectsToImage,pattern_group,running,100.0,1,1
cp_tutorial_3d_monolayer,1,16,1791301683.9897792,1392522,worker_0,W016,ConvertObjectsToImage,step_completed,success,32.25806451612903,10,31
cp_tutorial_3d_monolayer,1,16,1791301683.9898021,1392522,worker_0,W016,Threshold,step_started,started,32.25806451612903,10,31
cp_tutorial_3d_monolayer,1,16,1791301684.1832514,1392522,worker_0,W016,Threshold,pattern_group,running,100.0,1,1
cp_tutorial_3d_monolayer,1,16,1791301684.1835077,1392522,worker_0,W016,Threshold,step_completed,success,35.483870967741936,11,31
cp_tutorial_3d_monolayer,1,16,1791301684.1835291,1392522,worker_0,W016,ImageMath,step_started,started,35.483870967741936,11,31
cp_tutorial_3d_monolayer,1,16,1791301684.2151346,1392522,worker_0,W016,ImageMath,pattern_group,running,100.0,1,1
cp_tutorial_3d_monolayer,1,16,1791301684.215289,1392522,worker_0,W016,ImageMath,step_completed,success,38.70967741935484,12,31
cp_tutorial_3d_monolayer,1,16,1791301684.21531,1392522,worker_0,W016,RemoveHoles,step_started,started,38.70967741935484,12,31
cp_tutorial_3d_monolayer,1,16,1791301684.2605891,1392522,worker_0,W016,RemoveHoles,pattern_group,running,100.0,1,1
cp_tutorial_3d_monolayer,1,16,1791301684.2607214,1392522,worker_0,W016,RemoveHoles,step_completed,success,41.935483870967744,13,31
cp_tutorial_3d_monolayer,1,16,1791301684.2607427,1392522,worker_0,W016,ImageMath,step_started,started,41.935483870967744,13,31
cp_tutorial_3d_monolayer,1,16,1791301684.5367014,1392522,worker_0,W016,ImageMath,pattern_group,running,100.0,1,1
cp_tutorial_3d_monolayer,1,16,1791301684.5368495,1392522,worker_0,W016,ImageMath,step_completed,success,45.16129032258064,14,31
cp_tutorial_3d_monolayer,1,16,1791301684.5368712,1392522,worker_0,W016,Resize,step_started,started,45.16129032258064,14,31
cp_tutorial_3d_monolayer,1,16,1791301684.595899,1392522,worker_0,W016,Resize,pattern_group,running,100.0,1,1
cp_tutorial_3d_monolayer,1,16,1791301684.5960376,1392522,worker_0,W016,Resize,step_completed,success,48.38709677419355,15,31
cp_tutorial_3d_monolayer,1,16,1791301684.5960586,1392522,worker_0,W016,Closing,step_started,started,48.38709677419355,15,31
cp_tutorial_3d_monolayer,1,16,1791301684.6734183,1392522,worker_0,W016,Closing,pattern_group,running,100.0,1,1
cp_tutorial_3d_monolayer,1,16,1791301684.673555,1392522,worker_0,W016,Closing,step_completed,success,51.61290322580645,16,31
cp_tutorial_3d_monolayer,1,16,1791301684.6735764,1392522,worker_0,W016,Resize,step_started,started,51.61290322580645,16,31
cp_tutorial_3d_monolayer,1,16,1791301684.7225833,1392522,worker_0,W016,Resize,pattern_group,running,100.0,1,1
cp_tutorial_3d_monolayer,1,16,1791301684.7227213,1392522,worker_0,W016,Resize,step_completed,success,54.83870967741935,17,31
cp_tutorial_3d_monolayer,1,16,1791301684.7227423,1392522,worker_0,W016,Threshold,step_started,started,54.83870967741935,17,31
cp_tutorial_3d_monolayer,1,16,1791301684.886083,1392522,worker_0,W016,Threshold,pattern_group,running,100.0,1,1
cp_tutorial_3d_monolayer,1,16,1791301684.8863335,1392522,worker_0,W016,Threshold,step_completed,success,58.06451612903226,18,31
cp_tutorial_3d_monolayer,1,16,1791301684.8863544,1392522,worker_0,W016,MaskImage,step_started,started,58.06451612903226,18,31
cp_tutorial_3d_monolayer,1,16,1791301684.93197,1392522,worker_0,W016,MaskImage,pattern_group,running,100.0,1,1
cp_tutorial_3d_monolayer,1,16,1791301684.932128,1392522,worker_0,W016,MaskImage,step_completed,success,61.29032258064516,19,31
cp_tutorial_3d_monolayer,1,16,1791301684.9321501,1392522,worker_0,W016,ErodeImage,step_started,started,61.29032258064516,19,31
cp_tutorial_3d_monolayer,1,16,1791301684.9642186,1392522,worker_0,W016,ErodeImage,pattern_group,running,100.0,1,1
cp_tutorial_3d_monolayer,1,16,1791301684.9643714,1392522,worker_0,W016,ErodeImage,step_completed,success,64.51612903225806,20,31
cp_tutorial_3d_monolayer,1,16,1791301684.9643931,1392522,worker_0,W016,Watershed,step_started,started,64.51612903225806,20,31
cp_tutorial_3d_monolayer,1,16,1791301685.0522795,1392522,worker_0,W016,Watershed,pattern_group,running,100.0,1,1
cp_tutorial_3d_monolayer,1,16,1791301685.0526767,1392522,worker_0,W016,Watershed,step_completed,success,67.74193548387096,21,31
cp_tutorial_3d_monolayer,1,16,1791301685.0526989,1392522,worker_0,W016,MeasureObjectIntensity,step_started,started,67.74193548387096,21,31
cp_tutorial_3d_monolayer,1,16,1791301685.2977078,1392522,worker_0,W016,MeasureObjectIntensity,pattern_group,running,50.0,1,2
cp_tutorial_3d_monolayer,1,16,1791301685.5760193,1392522,worker_0,W016,MeasureObjectIntensity,pattern_group,running,100.0,2,2
cp_tutorial_3d_monolayer,1,16,1791301685.578235,1392522,worker_0,W016,MeasureObjectIntensity,step_completed,success,70.96774193548387,22,31
cp_tutorial_3d_monolayer,1,16,1791301685.578258,1392522,worker_0,W016,MeasureObjectSizeShape,step_started,started,70.96774193548387,22,31
cp_tutorial_3d_monolayer,1,16,1791301685.6748457,1392522,worker_0,W016,MeasureObjectSizeShape,pattern_group,running,50.0,1,2
cp_tutorial_3d_monolayer,1,16,1791301685.7697928,1392522,worker_0,W016,MeasureObjectSizeShape,pattern_group,running,100.0,2,2
cp_tutorial_3d_monolayer,1,16,1791301685.7703779,1392522,worker_0,W016,MeasureObjectSizeShape,step_completed,success,74.19354838709677,23,31
cp_tutorial_3d_monolayer,1,16,1791301685.7704005,1392522,worker_0,W016,OverlayObjects,step_started,started,74.19354838709677,23,31
cp_tutorial_3d_monolayer,1,16,1791301685.8079176,1392522,worker_0,W016,OverlayObjects,pattern_group,running,100.0,1,1
cp_tutorial_3d_monolayer,1,16,1791301685.8080351,1392522,worker_0,W016,OverlayObjects,step_completed,success,77.41935483870968,24,31
cp_tutorial_3d_monolayer,1,16,1791301685.8080564,1392522,worker_0,W016,RescaleIntensity,step_started,started,77.41935483870968,24,31
cp_tutorial_3d_monolayer,1,16,1791301685.9114842,1392522,worker_0,W016,RescaleIntensity,pattern_group,running,100.0,1,1
cp_tutorial_3d_monolayer,1,16,1791301685.911629,1392522,worker_0,W016,RescaleIntensity,step_completed,success,80.64516129032258,25,31
cp_tutorial_3d_monolayer,1,16,1791301685.9116514,1392522,worker_0,W016,OverlayObjects,step_started,started,80.64516129032258,25,31
cp_tutorial_3d_monolayer,1,16,1791301685.9509072,1392522,worker_0,W016,OverlayObjects,pattern_group,running,100.0,1,1
cp_tutorial_3d_monolayer,1,16,1791301685.9510212,1392522,worker_0,W016,OverlayObjects,step_completed,success,83.87096774193549,26,31
cp_tutorial_3d_monolayer,1,16,1791301685.9510431,1392522,worker_0,W016,ConvertObjectsToImage,step_started,started,83.87096774193549,26,31
cp_tutorial_3d_monolayer,1,16,1791301685.98345,1392522,worker_0,W016,ConvertObjectsToImage,pattern_group,running,100.0,1,1
cp_tutorial_3d_monolayer,1,16,1791301685.9835973,1392522,worker_0,W016,ConvertObjectsToImage,step_completed,success,87.09677419354838,27,31
cp_tutorial_3d_monolayer,1,16,1791301685.9836202,1392522,worker_0,W016,SaveImages,step_started,started,87.09677419354838,27,31
cp_tutorial_3d_monolayer,1,16,1791301686.0317779,1392522,worker_0,W016,SaveImages,pattern_group,running,100.0,1,1
cp_tutorial_3d_monolayer,1,16,1791301686.03904,1392522,worker_0,W016,SaveImages,step_completed,success,90.32258064516128,28,31
cp_tutorial_3d_monolayer,1,16,1791301686.0390809,1392522,worker_0,W016,ConvertObjectsToImage,step_started,started,90.32258064516128,28,31
cp_tutorial_3d_monolayer,1,16,1791301686.0719347,1392522,worker_0,W016,ConvertObjectsToImage,pattern_group,running,100.0,1,1
cp_tutorial_3d_monolayer,1,16,1791301686.0721142,1392522,worker_0,W016,ConvertObjectsToImage,step_completed,success,93.54838709677419,29,31
cp_tutorial_3d_monolayer,1,16,1791301686.0721369,1392522,worker_0,W016,SaveImages,step_started,started,93.54838709677419,29,31
cp_tutorial_3d_monolayer,1,16,1791301686.1215186,1392522,worker_0,W016,SaveImages,pattern_group,running,100.0,1,1
cp_tutorial_3d_monolayer,1,16,1791301686.1302495,1392522,worker_0,W016,SaveImages,step_completed,success,96.7741935483871,30,31
cp_tutorial_3d_monolayer,1,16,1791301686.13396,1392522,worker_0,W016,pipeline,axis_completed,success,96.7741935483871,30,31
cp_tutorial_3d_monolayer,1,16,1791301686.147537,1392522,,,ExportToSpreadsheet,step_started,started,96.7741935483871,30,31
cp_tutorial_3d_monolayer,1,16,1791301686.4505877,1392522,,,ExportToSpreadsheet,step_completed,success,100.0,31,31
cp_tutorial_3d_monolayer,1,16,1791301686.9535923,1392522,,,pipeline,success,success,100.0,31,31
