case_name,worker_count,well_count,timestamp,pid,worker_slot,axis_id,step_name,phase,status,percent,completed,total
ExampleUntangleWormsBrightField,4,16,1791417855.5089297,3205011,,,pipeline,compile,started,0.0,0,18
ExampleUntangleWormsBrightField,4,16,1791417855.5331416,3205011,,,,init,started,0.0,0,1
ExampleUntangleWormsBrightField,4,16,1791417855.7745214,3205011,,W001,compilation,compile,running,6.25,1,16
ExampleUntangleWormsBrightField,4,16,1791417855.8045104,3205011,,W002,compilation,compile,running,12.5,2,16
ExampleUntangleWormsBrightField,4,16,1791417855.8368232,3205011,,W003,compilation,compile,running,18.75,3,16
ExampleUntangleWormsBrightField,4,16,1791417855.8663335,3205011,,W004,compilation,compile,running,25.0,4,16
ExampleUntangleWormsBrightField,4,16,1791417855.8959181,3205011,,W005,compilation,compile,running,31.25,5,16
ExampleUntangleWormsBrightField,4,16,1791417855.926278,3205011,,W006,compilation,compile,running,37.5,6,16
ExampleUntangleWormsBrightField,4,16,1791417855.9577591,3205011,,W007,compilation,compile,running,43.75,7,16
ExampleUntangleWormsBrightField,4,16,1791417855.987469,3205011,,W008,compilation,compile,running,50.0,8,16
ExampleUntangleWormsBrightField,4,16,1791417856.0179372,3205011,,W009,compilation,compile,running,56.25,9,16
ExampleUntangleWormsBrightField,4,16,1791417856.0479562,3205011,,W010,compilation,compile,running,62.5,10,16
ExampleUntangleWormsBrightField,4,16,1791417856.0774798,3205011,,W011,compilation,compile,running,68.75,11,16
ExampleUntangleWormsBrightField,4,16,1791417856.1079757,3205011,,W012,compilation,compile,running,75.0,12,16
ExampleUntangleWormsBrightField,4,16,1791417856.1375346,3205011,,W013,compilation,compile,running,81.25,13,16
ExampleUntangleWormsBrightField,4,16,1791417856.168622,3205011,,W014,compilation,compile,running,87.5,14,16
ExampleUntangleWormsBrightField,4,16,1791417856.2005215,3205011,,W015,compilation,compile,running,93.75,15,16
ExampleUntangleWormsBrightField,4,16,1791417856.2303326,3205011,,W016,compilation,compile,running,100.0,16,16
ExampleUntangleWormsBrightField,4,16,1791417856.2494822,3205011,,,,init,started,0.0,0,1
ExampleUntangleWormsBrightField,4,16,1791417856.24957,3205011,,,pipeline,compile,success,100.0,1,18
ExampleUntangleWormsBrightField,4,16,1791417856.2496226,3205011,,W001,compilation,compile,success,100.0,1,1
ExampleUntangleWormsBrightField,4,16,1791417856.2496512,3205011,,W002,compilation,compile,success,100.0,1,1
ExampleUntangleWormsBrightField,4,16,1791417856.249678,3205011,,W003,compilation,compile,success,100.0,1,1
ExampleUntangleWormsBrightField,4,16,1791417856.249703,3205011,,W004,compilation,compile,success,100.0,1,1
ExampleUntangleWormsBrightField,4,16,1791417856.2497277,3205011,,W005,compilation,compile,success,100.0,1,1
ExampleUntangleWormsBrightField,4,16,1791417856.2497523,3205011,,W006,compilation,compile,success,100.0,1,1
ExampleUntangleWormsBrightField,4,16,1791417856.2497764,3205011,,W007,compilation,compile,success,100.0,1,1
ExampleUntangleWormsBrightField,4,16,1791417856.2498,3205011,,W008,compilation,compile,success,100.0,1,1
ExampleUntangleWormsBrightField,4,16,1791417856.2498238,3205011,,W009,compilation,compile,success,100.0,1,1
ExampleUntangleWormsBrightField,4,16,1791417856.249848,3205011,,W010,compilation,compile,success,100.0,1,1
ExampleUntangleWormsBrightField,4,16,1791417856.2498713,3205011,,W011,compilation,compile,success,100.0,1,1
ExampleUntangleWormsBrightField,4,16,1791417856.249895,3205011,,W012,compilation,compile,success,100.0,1,1
ExampleUntangleWormsBrightField,4,16,1791417856.2499187,3205011,,W013,compilation,compile,success,100.0,1,1
ExampleUntangleWormsBrightField,4,16,1791417856.249943,3205011,,W014,compilation,compile,success,100.0,1,1
ExampleUntangleWormsBrightField,4,16,1791417856.2499669,3205011,,W015,compilation,compile,success,100.0,1,1
ExampleUntangleWormsBrightField,4,16,1791417856.2499907,3205011,,W016,compilation,compile,success,100.0,1,1
ExampleUntangleWormsBrightField,4,16,1791417856.2898214,3205011,,,,init,started,0.0,0,1
ExampleUntangleWormsBrightField,4,16,1791417856.3369749,3325294,worker_0,W001,pipeline,axis_started,started,0.0,0,18
ExampleUntangleWormsBrightField,4,16,1791417856.3435576,3325294,worker_0,W001,ColorToGray,step_started,started,0.0,0,18
ExampleUntangleWormsBrightField,4,16,1791417856.3723383,3325296,worker_1,W002,pipeline,axis_started,started,0.0,0,18
ExampleUntangleWormsBrightField,4,16,1791417856.3791106,3325296,worker_1,W002,ColorToGray,step_started,started,0.0,0,18
ExampleUntangleWormsBrightField,4,16,1791417856.4138365,3325294,worker_0,W001,ColorToGray,pattern_group,running,100.0,1,1
ExampleUntangleWormsBrightField,4,16,1791417856.4149976,3325294,worker_0,W001,ColorToGray,step_completed,success,5.555555555555555,1,18
ExampleUntangleWormsBrightField,4,16,1791417856.4154015,3325294,worker_0,W001,CorrectIlluminationCalculate,step_started,started,5.555555555555555,1,18
ExampleUntangleWormsBrightField,4,16,1791417856.4198895,3325298,worker_2,W003,pipeline,axis_started,started,0.0,0,18
ExampleUntangleWormsBrightField,4,16,1791417856.4262679,3325298,worker_2,W003,ColorToGray,step_started,started,0.0,0,18
ExampleUntangleWormsBrightField,4,16,1791417856.4535484,3325296,worker_1,W002,ColorToGray,pattern_group,running,100.0,1,1
ExampleUntangleWormsBrightField,4,16,1791417856.4545608,3325296,worker_1,W002,ColorToGray,step_completed,success,5.555555555555555,1,18
ExampleUntangleWormsBrightField,4,16,1791417856.4549634,3325296,worker_1,W002,CorrectIlluminationCalculate,step_started,started,5.555555555555555,1,18
ExampleUntangleWormsBrightField,4,16,1791417856.4698107,3325300,worker_3,W004,pipeline,axis_started,started,0.0,0,18
ExampleUntangleWormsBrightField,4,16,1791417856.4769661,3325300,worker_3,W004,ColorToGray,step_started,started,0.0,0,18
ExampleUntangleWormsBrightField,4,16,1791417856.510282,3325298,worker_2,W003,ColorToGray,pattern_group,running,100.0,1,1
ExampleUntangleWormsBrightField,4,16,1791417856.5113935,3325298,worker_2,W003,ColorToGray,step_completed,success,5.555555555555555,1,18
ExampleUntangleWormsBrightField,4,16,1791417856.5117908,3325298,worker_2,W003,CorrectIlluminationCalculate,step_started,started,5.555555555555555,1,18
ExampleUntangleWormsBrightField,4,16,1791417856.54676,3325294,worker_0,W001,CorrectIlluminationCalculate,pattern_group,running,100.0,1,1
ExampleUntangleWormsBrightField,4,16,1791417856.5471053,3325294,worker_0,W001,CorrectIlluminationCalculate,step_completed,success,11.11111111111111,2,18
ExampleUntangleWormsBrightField,4,16,1791417856.5476182,3325294,worker_0,W001,CorrectIlluminationApply,step_started,started,11.11111111111111,2,18
ExampleUntangleWormsBrightField,4,16,1791417856.5686495,3325294,worker_0,W001,CorrectIlluminationApply,pattern_group,running,100.0,1,1
ExampleUntangleWormsBrightField,4,16,1791417856.5689654,3325294,worker_0,W001,CorrectIlluminationApply,step_completed,success,16.666666666666664,3,18
ExampleUntangleWormsBrightField,4,16,1791417856.5694518,3325294,worker_0,W001,ImageMath,step_started,started,16.666666666666664,3,18
ExampleUntangleWormsBrightField,4,16,1791417856.5783083,3325300,worker_3,W004,ColorToGray,pattern_group,running,100.0,1,1
ExampleUntangleWormsBrightField,4,16,1791417856.5799294,3325300,worker_3,W004,ColorToGray,step_completed,success,5.555555555555555,1,18
ExampleUntangleWormsBrightField,4,16,1791417856.580382,3325300,worker_3,W004,CorrectIlluminationCalculate,step_started,started,5.555555555555555,1,18
ExampleUntangleWormsBrightField,4,16,1791417856.582063,3325294,worker_0,W001,ImageMath,pattern_group,running,100.0,1,1
ExampleUntangleWormsBrightField,4,16,1791417856.5822515,3325294,worker_0,W001,ImageMath,step_completed,success,22.22222222222222,4,18
ExampleUntangleWormsBrightField,4,16,1791417856.5826247,3325294,worker_0,W001,Threshold,step_started,started,22.22222222222222,4,18
ExampleUntangleWormsBrightField,4,16,1791417856.6026747,3325296,worker_1,W002,CorrectIlluminationCalculate,pattern_group,running,100.0,1,1
ExampleUntangleWormsBrightField,4,16,1791417856.6029487,3325296,worker_1,W002,CorrectIlluminationCalculate,step_completed,success,11.11111111111111,2,18
ExampleUntangleWormsBrightField,4,16,1791417856.603251,3325296,worker_1,W002,CorrectIlluminationApply,step_started,started,11.11111111111111,2,18
ExampleUntangleWormsBrightField,4,16,1791417856.624998,3325296,worker_1,W002,CorrectIlluminationApply,pattern_group,running,100.0,1,1
ExampleUntangleWormsBrightField,4,16,1791417856.625213,3325296,worker_1,W002,CorrectIlluminationApply,step_completed,success,16.666666666666664,3,18
ExampleUntangleWormsBrightField,4,16,1791417856.6255977,3325296,worker_1,W002,ImageMath,step_started,started,16.666666666666664,3,18
ExampleUntangleWormsBrightField,4,16,1791417856.6299415,3325294,worker_0,W001,Threshold,pattern_group,running,100.0,1,1
ExampleUntangleWormsBrightField,4,16,1791417856.630463,3325294,worker_0,W001,Threshold,step_completed,success,27.77777777777778,5,18
ExampleUntangleWormsBrightField,4,16,1791417856.6308997,3325294,worker_0,W001,ErodeImage,step_started,started,27.77777777777778,5,18
ExampleUntangleWormsBrightField,4,16,1791417856.636826,3325296,worker_1,W002,ImageMath,pattern_group,running,100.0,1,1
ExampleUntangleWormsBrightField,4,16,1791417856.637014,3325296,worker_1,W002,ImageMath,step_completed,success,22.22222222222222,4,18
ExampleUntangleWormsBrightField,4,16,1791417856.637383,3325296,worker_1,W002,Threshold,step_started,started,22.22222222222222,4,18
ExampleUntangleWormsBrightField,4,16,1791417856.6741276,3325298,worker_2,W003,CorrectIlluminationCalculate,pattern_group,running,100.0,1,1
ExampleUntangleWormsBrightField,4,16,1791417856.6743584,3325298,worker_2,W003,CorrectIlluminationCalculate,step_completed,success,11.11111111111111,2,18
ExampleUntangleWormsBrightField,4,16,1791417856.6746647,3325298,worker_2,W003,CorrectIlluminationApply,step_started,started,11.11111111111111,2,18
ExampleUntangleWormsBrightField,4,16,1791417856.6760032,3325296,worker_1,W002,Threshold,pattern_group,running,100.0,1,1
ExampleUntangleWormsBrightField,4,16,1791417856.6765258,3325296,worker_1,W002,Threshold,step_completed,success,27.77777777777778,5,18
ExampleUntangleWormsBrightField,4,16,1791417856.6769848,3325296,worker_1,W002,ErodeImage,step_started,started,27.77777777777778,5,18
ExampleUntangleWormsBrightField,4,16,1791417856.692055,3325294,worker_0,W001,ErodeImage,pattern_group,running,100.0,1,1
ExampleUntangleWormsBrightField,4,16,1791417856.69226,3325294,worker_0,W001,ErodeImage,step_completed,success,33.33333333333333,6,18
ExampleUntangleWormsBrightField,4,16,1791417856.6927946,3325294,worker_0,W001,Crop,step_started,started,33.33333333333333,6,18
ExampleUntangleWormsBrightField,4,16,1791417856.6941273,3325298,worker_2,W003,CorrectIlluminationApply,pattern_group,running,100.0,1,1
ExampleUntangleWormsBrightField,4,16,1791417856.694291,3325298,worker_2,W003,CorrectIlluminationApply,step_completed,success,16.666666666666664,3,18
ExampleUntangleWormsBrightField,4,16,1791417856.694701,3325298,worker_2,W003,ImageMath,step_started,started,16.666666666666664,3,18
ExampleUntangleWormsBrightField,4,16,1791417856.7053435,3325298,worker_2,W003,ImageMath,pattern_group,running,100.0,1,1
ExampleUntangleWormsBrightField,4,16,1791417856.7055132,3325298,worker_2,W003,ImageMath,step_completed,success,22.22222222222222,4,18
ExampleUntangleWormsBrightField,4,16,1791417856.7058985,3325298,worker_2,W003,Threshold,step_started,started,22.22222222222222,4,18
ExampleUntangleWormsBrightField,4,16,1791417856.714509,3325294,worker_0,W001,Crop,pattern_group,running,100.0,1,1
ExampleUntangleWormsBrightField,4,16,1791417856.7147756,3325294,worker_0,W001,Crop,step_completed,success,38.88888888888889,7,18
ExampleUntangleWormsBrightField,4,16,1791417856.7151957,3325294,worker_0,W001,IdentifyPrimaryObjects,step_started,started,38.88888888888889,7,18
ExampleUntangleWormsBrightField,4,16,1791417856.7294807,3325296,worker_1,W002,ErodeImage,pattern_group,running,100.0,1,1
ExampleUntangleWormsBrightField,4,16,1791417856.7297065,3325296,worker_1,W002,ErodeImage,step_completed,success,33.33333333333333,6,18
ExampleUntangleWormsBrightField,4,16,1791417856.7300692,3325296,worker_1,W002,Crop,step_started,started,33.33333333333333,6,18
ExampleUntangleWormsBrightField,4,16,1791417856.7371085,3325300,worker_3,W004,CorrectIlluminationCalculate,pattern_group,running,100.0,1,1
ExampleUntangleWormsBrightField,4,16,1791417856.7374072,3325300,worker_3,W004,CorrectIlluminationCalculate,step_completed,success,11.11111111111111,2,18
ExampleUntangleWormsBrightField,4,16,1791417856.7377386,3325300,worker_3,W004,CorrectIlluminationApply,step_started,started,11.11111111111111,2,18
ExampleUntangleWormsBrightField,4,16,1791417856.7501163,3325298,worker_2,W003,Threshold,pattern_group,running,100.0,1,1
ExampleUntangleWormsBrightField,4,16,1791417856.7507231,3325298,worker_2,W003,Threshold,step_completed,success,27.77777777777778,5,18
ExampleUntangleWormsBrightField,4,16,1791417856.7512438,3325298,worker_2,W003,ErodeImage,step_started,started,27.77777777777778,5,18
ExampleUntangleWormsBrightField,4,16,1791417856.7527099,3325296,worker_1,W002,Crop,pattern_group,running,100.0,1,1
ExampleUntangleWormsBrightField,4,16,1791417856.7530186,3325296,worker_1,W002,Crop,step_completed,success,38.88888888888889,7,18
ExampleUntangleWormsBrightField,4,16,1791417856.7535324,3325296,worker_1,W002,IdentifyPrimaryObjects,step_started,started,38.88888888888889,7,18
ExampleUntangleWormsBrightField,4,16,1791417856.7585347,3325300,worker_3,W004,CorrectIlluminationApply,pattern_group,running,100.0,1,1
ExampleUntangleWormsBrightField,4,16,1791417856.7587264,3325300,worker_3,W004,CorrectIlluminationApply,step_completed,success,16.666666666666664,3,18
ExampleUntangleWormsBrightField,4,16,1791417856.759109,3325300,worker_3,W004,ImageMath,step_started,started,16.666666666666664,3,18
ExampleUntangleWormsBrightField,4,16,1791417856.7728965,3325300,worker_3,W004,ImageMath,pattern_group,running,100.0,1,1
ExampleUntangleWormsBrightField,4,16,1791417856.7730787,3325300,worker_3,W004,ImageMath,step_completed,success,22.22222222222222,4,18
ExampleUntangleWormsBrightField,4,16,1791417856.7734652,3325300,worker_3,W004,Threshold,step_started,started,22.22222222222222,4,18
ExampleUntangleWormsBrightField,4,16,1791417856.807405,3325298,worker_2,W003,ErodeImage,pattern_group,running,100.0,1,1
ExampleUntangleWormsBrightField,4,16,1791417856.807621,3325298,worker_2,W003,ErodeImage,step_completed,success,33.33333333333333,6,18
ExampleUntangleWormsBrightField,4,16,1791417856.8080566,3325298,worker_2,W003,Crop,step_started,started,33.33333333333333,6,18
ExampleUntangleWormsBrightField,4,16,1791417856.8189018,3325300,worker_3,W004,Threshold,pattern_group,running,100.0,1,1
ExampleUntangleWormsBrightField,4,16,1791417856.8193731,3325300,worker_3,W004,Threshold,step_completed,success,27.77777777777778,5,18
ExampleUntangleWormsBrightField,4,16,1791417856.819762,3325300,worker_3,W004,ErodeImage,step_started,started,27.77777777777778,5,18
ExampleUntangleWormsBrightField,4,16,1791417856.8303442,3325298,worker_2,W003,Crop,pattern_group,running,100.0,1,1
ExampleUntangleWormsBrightField,4,16,1791417856.8307524,3325298,worker_2,W003,Crop,step_completed,success,38.88888888888889,7,18
ExampleUntangleWormsBrightField,4,16,1791417856.831257,3325298,worker_2,W003,IdentifyPrimaryObjects,step_started,started,38.88888888888889,7,18
ExampleUntangleWormsBrightField,4,16,1791417856.8558822,3325294,worker_0,W001,IdentifyPrimaryObjects,pattern_group,running,100.0,1,1
ExampleUntangleWormsBrightField,4,16,1791417856.8568676,3325294,worker_0,W001,IdentifyPrimaryObjects,step_completed,success,44.44444444444444,8,18
ExampleUntangleWormsBrightField,4,16,1791417856.8575637,3325294,worker_0,W001,ConvertObjectsToImage,step_started,started,44.44444444444444,8,18
ExampleUntangleWormsBrightField,4,16,1791417856.8686442,3325294,worker_0,W001,ConvertObjectsToImage,pattern_group,running,100.0,1,1
ExampleUntangleWormsBrightField,4,16,1791417856.868828,3325294,worker_0,W001,ConvertObjectsToImage,step_completed,success,50.0,9,18
ExampleUntangleWormsBrightField,4,16,1791417856.8695555,3325294,worker_0,W001,UntangleWorms,step_started,started,50.0,9,18
ExampleUntangleWormsBrightField,4,16,1791417856.8750644,3325300,worker_3,W004,ErodeImage,pattern_group,running,100.0,1,1
ExampleUntangleWormsBrightField,4,16,1791417856.8752341,3325300,worker_3,W004,ErodeImage,step_completed,success,33.33333333333333,6,18
ExampleUntangleWormsBrightField,4,16,1791417856.8755884,3325300,worker_3,W004,Crop,step_started,started,33.33333333333333,6,18
ExampleUntangleWormsBrightField,4,16,1791417856.8761585,3325296,worker_1,W002,IdentifyPrimaryObjects,pattern_group,running,100.0,1,1
ExampleUntangleWormsBrightField,4,16,1791417856.8771443,3325296,worker_1,W002,IdentifyPrimaryObjects,step_completed,success,44.44444444444444,8,18
ExampleUntangleWormsBrightField,4,16,1791417856.877884,3325296,worker_1,W002,ConvertObjectsToImage,step_started,started,44.44444444444444,8,18
ExampleUntangleWormsBrightField,4,16,1791417856.8865201,3325296,worker_1,W002,ConvertObjectsToImage,pattern_group,running,100.0,1,1
ExampleUntangleWormsBrightField,4,16,1791417856.8868418,3325296,worker_1,W002,ConvertObjectsToImage,step_completed,success,50.0,9,18
ExampleUntangleWormsBrightField,4,16,1791417856.8876545,3325296,worker_1,W002,UntangleWorms,step_started,started,50.0,9,18
ExampleUntangleWormsBrightField,4,16,1791417856.8968248,3325300,worker_3,W004,Crop,pattern_group,running,100.0,1,1
ExampleUntangleWormsBrightField,4,16,1791417856.8972104,3325300,worker_3,W004,Crop,step_completed,success,38.88888888888889,7,18
ExampleUntangleWormsBrightField,4,16,1791417856.897721,3325300,worker_3,W004,IdentifyPrimaryObjects,step_started,started,38.88888888888889,7,18
ExampleUntangleWormsBrightField,4,16,1791417857.0319707,3325300,worker_3,W004,IdentifyPrimaryObjects,pattern_group,running,100.0,1,1
ExampleUntangleWormsBrightField,4,16,1791417857.032911,3325300,worker_3,W004,IdentifyPrimaryObjects,step_completed,success,44.44444444444444,8,18
ExampleUntangleWormsBrightField,4,16,1791417857.0336087,3325300,worker_3,W004,ConvertObjectsToImage,step_started,started,44.44444444444444,8,18
ExampleUntangleWormsBrightField,4,16,1791417857.0432618,3325300,worker_3,W004,ConvertObjectsToImage,pattern_group,running,100.0,1,1
ExampleUntangleWormsBrightField,4,16,1791417857.0434625,3325300,worker_3,W004,ConvertObjectsToImage,step_completed,success,50.0,9,18
ExampleUntangleWormsBrightField,4,16,1791417857.0443418,3325300,worker_3,W004,UntangleWorms,step_started,started,50.0,9,18
ExampleUntangleWormsBrightField,4,16,1791417857.0631332,3325298,worker_2,W003,IdentifyPrimaryObjects,pattern_group,running,100.0,1,1
ExampleUntangleWormsBrightField,4,16,1791417857.0668662,3325298,worker_2,W003,IdentifyPrimaryObjects,step_completed,success,44.44444444444444,8,18
ExampleUntangleWormsBrightField,4,16,1791417857.0676534,3325298,worker_2,W003,ConvertObjectsToImage,step_started,started,44.44444444444444,8,18
ExampleUntangleWormsBrightField,4,16,1791417857.0882359,3325298,worker_2,W003,ConvertObjectsToImage,pattern_group,running,100.0,1,1
ExampleUntangleWormsBrightField,4,16,1791417857.0884373,3325298,worker_2,W003,ConvertObjectsToImage,step_completed,success,50.0,9,18
ExampleUntangleWormsBrightField,4,16,1791417857.0934236,3325298,worker_2,W003,UntangleWorms,step_started,started,50.0,9,18
ExampleUntangleWormsBrightField,4,16,1791417857.5512252,3325296,worker_1,W002,UntangleWorms,pattern_group,running,100.0,1,1
ExampleUntangleWormsBrightField,4,16,1791417857.5536547,3325296,worker_1,W002,UntangleWorms,step_completed,success,55.55555555555556,10,18
ExampleUntangleWormsBrightField,4,16,1791417857.5541248,3325296,worker_1,W002,ColorToGray,step_started,started,55.55555555555556,10,18
ExampleUntangleWormsBrightField,4,16,1791417857.5719244,3325296,worker_1,W002,ColorToGray,pattern_group,running,100.0,1,1
ExampleUntangleWormsBrightField,4,16,1791417857.572175,3325296,worker_1,W002,ColorToGray,step_completed,success,61.111111111111114,11,18
ExampleUntangleWormsBrightField,4,16,1791417857.5724933,3325296,worker_1,W002,ImageMath,step_started,started,61.111111111111114,11,18
ExampleUntangleWormsBrightField,4,16,1791417857.5842943,3325296,worker_1,W002,ImageMath,pattern_group,running,100.0,1,1
ExampleUntangleWormsBrightField,4,16,1791417857.5844526,3325296,worker_1,W002,ImageMath,step_completed,success,66.66666666666666,12,18
ExampleUntangleWormsBrightField,4,16,1791417857.584867,3325296,worker_1,W002,Crop,step_started,started,66.66666666666666,12,18
ExampleUntangleWormsBrightField,4,16,1791417857.5983658,3325296,worker_1,W002,Crop,pattern_group,running,100.0,1,1
ExampleUntangleWormsBrightField,4,16,1791417857.5986054,3325296,worker_1,W002,Crop,step_completed,success,72.22222222222221,13,18
ExampleUntangleWormsBrightField,4,16,1791417857.5990558,3325296,worker_1,W002,IdentifyPrimaryObjects,step_started,started,72.22222222222221,13,18
ExampleUntangleWormsBrightField,4,16,1791417857.638803,3325294,worker_0,W001,UntangleWorms,pattern_group,running,100.0,1,1
ExampleUntangleWormsBrightField,4,16,1791417857.6411598,3325294,worker_0,W001,UntangleWorms,step_completed,success,55.55555555555556,10,18
ExampleUntangleWormsBrightField,4,16,1791417857.6416566,3325294,worker_0,W001,ColorToGray,step_started,started,55.55555555555556,10,18
ExampleUntangleWormsBrightField,4,16,1791417857.6643727,3325294,worker_0,W001,ColorToGray,pattern_group,running,100.0,1,1
ExampleUntangleWormsBrightField,4,16,1791417857.6647599,3325294,worker_0,W001,ColorToGray,step_completed,success,61.111111111111114,11,18
ExampleUntangleWormsBrightField,4,16,1791417857.6651168,3325294,worker_0,W001,ImageMath,step_started,started,61.111111111111114,11,18
ExampleUntangleWormsBrightField,4,16,1791417857.6786184,3325294,worker_0,W001,ImageMath,pattern_group,running,100.0,1,1
ExampleUntangleWormsBrightField,4,16,1791417857.6787932,3325294,worker_0,W001,ImageMath,step_completed,success,66.66666666666666,12,18
ExampleUntangleWormsBrightField,4,16,1791417857.6792126,3325294,worker_0,W001,Crop,step_started,started,66.66666666666666,12,18
ExampleUntangleWormsBrightField,4,16,1791417857.6924942,3325294,worker_0,W001,Crop,pattern_group,running,100.0,1,1
ExampleUntangleWormsBrightField,4,16,1791417857.6927285,3325294,worker_0,W001,Crop,step_completed,success,72.22222222222221,13,18
ExampleUntangleWormsBrightField,4,16,1791417857.6931677,3325294,worker_0,W001,IdentifyPrimaryObjects,step_started,started,72.22222222222221,13,18
ExampleUntangleWormsBrightField,4,16,1791417857.6958108,3325296,worker_1,W002,IdentifyPrimaryObjects,pattern_group,running,100.0,1,1
ExampleUntangleWormsBrightField,4,16,1791417857.6964426,3325296,worker_1,W002,IdentifyPrimaryObjects,step_completed,success,77.77777777777779,14,18
ExampleUntangleWormsBrightField,4,16,1791417857.6970768,3325296,worker_1,W002,MeasureObjectSizeShape,step_started,started,77.77777777777779,14,18
ExampleUntangleWormsBrightField,4,16,1791417857.7101426,3325300,worker_3,W004,UntangleWorms,pattern_group,running,100.0,1,1
ExampleUntangleWormsBrightField,4,16,1791417857.7127218,3325300,worker_3,W004,UntangleWorms,step_completed,success,55.55555555555556,10,18
ExampleUntangleWormsBrightField,4,16,1791417857.7133026,3325300,worker_3,W004,ColorToGray,step_started,started,55.55555555555556,10,18
ExampleUntangleWormsBrightField,4,16,1791417857.732387,3325300,worker_3,W004,ColorToGray,pattern_group,running,100.0,1,1
ExampleUntangleWormsBrightField,4,16,1791417857.732712,3325300,worker_3,W004,ColorToGray,step_completed,success,61.111111111111114,11,18
ExampleUntangleWormsBrightField,4,16,1791417857.7330601,3325300,worker_3,W004,ImageMath,step_started,started,61.111111111111114,11,18
ExampleUntangleWormsBrightField,4,16,1791417857.7323923,3325296,worker_1,W002,MeasureObjectSizeShape,pattern_group,running,100.0,1,1
ExampleUntangleWormsBrightField,4,16,1791417857.7331867,3325296,worker_1,W002,MeasureObjectSizeShape,step_completed,success,83.33333333333334,15,18
ExampleUntangleWormsBrightField,4,16,1791417857.7335699,3325296,worker_1,W002,RelateObjects,step_started,started,83.33333333333334,15,18
ExampleUntangleWormsBrightField,4,16,1791417857.7493503,3325300,worker_3,W004,ImageMath,pattern_group,running,100.0,1,1
ExampleUntangleWormsBrightField,4,16,1791417857.7495234,3325300,worker_3,W004,ImageMath,step_completed,success,66.66666666666666,12,18
ExampleUntangleWormsBrightField,4,16,1791417857.7499666,3325300,worker_3,W004,Crop,step_started,started,66.66666666666666,12,18
ExampleUntangleWormsBrightField,4,16,1791417857.749555,3325298,worker_2,W003,UntangleWorms,pattern_group,running,100.0,1,1
ExampleUntangleWormsBrightField,4,16,1791417857.7519555,3325298,worker_2,W003,UntangleWorms,step_completed,success,55.55555555555556,10,18
ExampleUntangleWormsBrightField,4,16,1791417857.75245,3325298,worker_2,W003,ColorToGray,step_started,started,55.55555555555556,10,18
ExampleUntangleWormsBrightField,4,16,1791417857.76786,3325300,worker_3,W004,Crop,pattern_group,running,100.0,1,1
ExampleUntangleWormsBrightField,4,16,1791417857.7682667,3325300,worker_3,W004,Crop,step_completed,success,72.22222222222221,13,18
ExampleUntangleWormsBrightField,4,16,1791417857.7687979,3325300,worker_3,W004,IdentifyPrimaryObjects,step_started,started,72.22222222222221,13,18
ExampleUntangleWormsBrightField,4,16,1791417857.7737195,3325298,worker_2,W003,ColorToGray,pattern_group,running,100.0,1,1
ExampleUntangleWormsBrightField,4,16,1791417857.7739756,3325298,worker_2,W003,ColorToGray,step_completed,success,61.111111111111114,11,18
ExampleUntangleWormsBrightField,4,16,1791417857.7742958,3325298,worker_2,W003,ImageMath,step_started,started,61.111111111111114,11,18
ExampleUntangleWormsBrightField,4,16,1791417857.788676,3325298,worker_2,W003,ImageMath,pattern_group,running,100.0,1,1
ExampleUntangleWormsBrightField,4,16,1791417857.7888956,3325298,worker_2,W003,ImageMath,step_completed,success,66.66666666666666,12,18
ExampleUntangleWormsBrightField,4,16,1791417857.7893498,3325298,worker_2,W003,Crop,step_started,started,66.66666666666666,12,18
ExampleUntangleWormsBrightField,4,16,1791417857.7899323,3325296,worker_1,W002,RelateObjects,pattern_group,running,100.0,1,1
ExampleUntangleWormsBrightField,4,16,1791417857.7914052,3325296,worker_1,W002,RelateObjects,step_completed,success,88.88888888888889,16,18
ExampleUntangleWormsBrightField,4,16,1791417857.7920115,3325296,worker_1,W002,OverlayOutlines,step_started,started,88.88888888888889,16,18
ExampleUntangleWormsBrightField,4,16,1791417857.8048139,3325298,worker_2,W003,Crop,pattern_group,running,100.0,1,1
ExampleUntangleWormsBrightField,4,16,1791417857.8050897,3325298,worker_2,W003,Crop,step_completed,success,72.22222222222221,13,18
ExampleUntangleWormsBrightField,4,16,1791417857.805571,3325298,worker_2,W003,IdentifyPrimaryObjects,step_started,started,72.22222222222221,13,18
ExampleUntangleWormsBrightField,4,16,1791417857.8127537,3325294,worker_0,W001,IdentifyPrimaryObjects,pattern_group,running,100.0,1,1
ExampleUntangleWormsBrightField,4,16,1791417857.8136494,3325294,worker_0,W001,IdentifyPrimaryObjects,step_completed,success,77.77777777777779,14,18
ExampleUntangleWormsBrightField,4,16,1791417857.81449,3325294,worker_0,W001,MeasureObjectSizeShape,step_started,started,77.77777777777779,14,18
ExampleUntangleWormsBrightField,4,16,1791417857.85344,3325294,worker_0,W001,MeasureObjectSizeShape,pattern_group,running,100.0,1,1
ExampleUntangleWormsBrightField,4,16,1791417857.8543646,3325294,worker_0,W001,MeasureObjectSizeShape,step_completed,success,83.33333333333334,15,18
ExampleUntangleWormsBrightField,4,16,1791417857.8547566,3325294,worker_0,W001,RelateObjects,step_started,started,83.33333333333334,15,18
ExampleUntangleWormsBrightField,4,16,1791417857.880454,3325300,worker_3,W004,IdentifyPrimaryObjects,pattern_group,running,100.0,1,1
ExampleUntangleWormsBrightField,4,16,1791417857.8810813,3325300,worker_3,W004,IdentifyPrimaryObjects,step_completed,success,77.77777777777779,14,18
ExampleUntangleWormsBrightField,4,16,1791417857.881725,3325300,worker_3,W004,MeasureObjectSizeShape,step_started,started,77.77777777777779,14,18
ExampleUntangleWormsBrightField,4,16,1791417857.9100292,3325294,worker_0,W001,RelateObjects,pattern_group,running,100.0,1,1
ExampleUntangleWormsBrightField,4,16,1791417857.9112296,3325294,worker_0,W001,RelateObjects,step_completed,success,88.88888888888889,16,18
ExampleUntangleWormsBrightField,4,16,1791417857.9117646,3325294,worker_0,W001,OverlayOutlines,step_started,started,88.88888888888889,16,18
ExampleUntangleWormsBrightField,4,16,1791417857.9134378,3325298,worker_2,W003,IdentifyPrimaryObjects,pattern_group,running,100.0,1,1
ExampleUntangleWormsBrightField,4,16,1791417857.915595,3325298,worker_2,W003,IdentifyPrimaryObjects,step_completed,success,77.77777777777779,14,18
ExampleUntangleWormsBrightField,4,16,1791417857.9162264,3325298,worker_2,W003,MeasureObjectSizeShape,step_started,started,77.77777777777779,14,18
ExampleUntangleWormsBrightField,4,16,1791417857.9196062,3325300,worker_3,W004,MeasureObjectSizeShape,pattern_group,running,100.0,1,1
ExampleUntangleWormsBrightField,4,16,1791417857.9219627,3325300,worker_3,W004,MeasureObjectSizeShape,step_completed,success,83.33333333333334,15,18
ExampleUntangleWormsBrightField,4,16,1791417857.9224107,3325300,worker_3,W004,RelateObjects,step_started,started,83.33333333333334,15,18
ExampleUntangleWormsBrightField,4,16,1791417857.92892,3325296,worker_1,W002,OverlayOutlines,pattern_group,running,100.0,1,1
ExampleUntangleWormsBrightField,4,16,1791417857.929138,3325296,worker_1,W002,OverlayOutlines,step_completed,success,94.44444444444444,17,18
ExampleUntangleWormsBrightField,4,16,1791417857.9304378,3325296,worker_1,W002,pipeline,axis_completed,success,94.44444444444444,17,18
ExampleUntangleWormsBrightField,4,16,1791417857.9305975,3325296,worker_1,W006,pipeline,axis_started,started,0.0,0,18
ExampleUntangleWormsBrightField,4,16,1791417857.9351919,3325296,worker_1,W006,ColorToGray,step_started,started,0.0,0,18
ExampleUntangleWormsBrightField,4,16,1791417857.958764,3325298,worker_2,W003,MeasureObjectSizeShape,pattern_group,running,100.0,1,1
ExampleUntangleWormsBrightField,4,16,1791417857.9594858,3325298,worker_2,W003,MeasureObjectSizeShape,step_completed,success,83.33333333333334,15,18
ExampleUntangleWormsBrightField,4,16,1791417857.9598053,3325298,worker_2,W003,RelateObjects,step_started,started,83.33333333333334,15,18
ExampleUntangleWormsBrightField,4,16,1791417857.9794052,3325300,worker_3,W004,RelateObjects,pattern_group,running,100.0,1,1
ExampleUntangleWormsBrightField,4,16,1791417857.9807086,3325300,worker_3,W004,RelateObjects,step_completed,success,88.88888888888889,16,18
ExampleUntangleWormsBrightField,4,16,1791417857.9813259,3325300,worker_3,W004,OverlayOutlines,step_started,started,88.88888888888889,16,18
ExampleUntangleWormsBrightField,4,16,1791417857.9866846,3325296,worker_1,W006,ColorToGray,pattern_group,running,100.0,1,1
ExampleUntangleWormsBrightField,4,16,1791417857.9868438,3325296,worker_1,W006,ColorToGray,step_completed,success,5.555555555555555,1,18
ExampleUntangleWormsBrightField,4,16,1791417857.9871297,3325296,worker_1,W006,CorrectIlluminationCalculate,step_started,started,5.555555555555555,1,18
ExampleUntangleWormsBrightField,4,16,1791417858.0173676,3325298,worker_2,W003,RelateObjects,pattern_group,running,100.0,1,1
ExampleUntangleWormsBrightField,4,16,1791417858.0185876,3325298,worker_2,W003,RelateObjects,step_completed,success,88.88888888888889,16,18
ExampleUntangleWormsBrightField,4,16,1791417858.019143,3325298,worker_2,W003,OverlayOutlines,step_started,started,88.88888888888889,16,18
ExampleUntangleWormsBrightField,4,16,1791417858.059586,3325294,worker_0,W001,OverlayOutlines,pattern_group,running,100.0,1,1
ExampleUntangleWormsBrightField,4,16,1791417858.0597708,3325294,worker_0,W001,OverlayOutlines,step_completed,success,94.44444444444444,17,18
ExampleUntangleWormsBrightField,4,16,1791417858.0609274,3325294,worker_0,W001,pipeline,axis_completed,success,94.44444444444444,17,18
ExampleUntangleWormsBrightField,4,16,1791417858.0610895,3325294,worker_0,W005,pipeline,axis_started,started,0.0,0,18
ExampleUntangleWormsBrightField,4,16,1791417858.0660434,3325294,worker_0,W005,ColorToGray,step_started,started,0.0,0,18
ExampleUntangleWormsBrightField,4,16,1791417858.0875075,3325296,worker_1,W006,CorrectIlluminationCalculate,pattern_group,running,100.0,1,1
ExampleUntangleWormsBrightField,4,16,1791417858.0876849,3325296,worker_1,W006,CorrectIlluminationCalculate,step_completed,success,11.11111111111111,2,18
ExampleUntangleWormsBrightField,4,16,1791417858.08798,3325296,worker_1,W006,CorrectIlluminationApply,step_started,started,11.11111111111111,2,18
ExampleUntangleWormsBrightField,4,16,1791417858.1045263,3325296,worker_1,W006,CorrectIlluminationApply,pattern_group,running,100.0,1,1
ExampleUntangleWormsBrightField,4,16,1791417858.1047242,3325296,worker_1,W006,CorrectIlluminationApply,step_completed,success,16.666666666666664,3,18
ExampleUntangleWormsBrightField,4,16,1791417858.1050873,3325296,worker_1,W006,ImageMath,step_started,started,16.666666666666664,3,18
ExampleUntangleWormsBrightField,4,16,1791417858.1178799,3325296,worker_1,W006,ImageMath,pattern_group,running,100.0,1,1
ExampleUntangleWormsBrightField,4,16,1791417858.118081,3325296,worker_1,W006,ImageMath,step_completed,success,22.22222222222222,4,18
ExampleUntangleWormsBrightField,4,16,1791417858.1184568,3325296,worker_1,W006,Threshold,step_started,started,22.22222222222222,4,18
ExampleUntangleWormsBrightField,4,16,1791417858.1219795,3325294,worker_0,W005,ColorToGray,pattern_group,running,100.0,1,1
ExampleUntangleWormsBrightField,4,16,1791417858.122193,3325294,worker_0,W005,ColorToGray,step_completed,success,5.555555555555555,1,18
ExampleUntangleWormsBrightField,4,16,1791417858.1226292,3325294,worker_0,W005,CorrectIlluminationCalculate,step_started,started,5.555555555555555,1,18
ExampleUntangleWormsBrightField,4,16,1791417858.127541,3325300,worker_3,W004,OverlayOutlines,pattern_group,running,100.0,1,1
ExampleUntangleWormsBrightField,4,16,1791417858.1277568,3325300,worker_3,W004,OverlayOutlines,step_completed,success,94.44444444444444,17,18
ExampleUntangleWormsBrightField,4,16,1791417858.1290915,3325300,worker_3,W004,pipeline,axis_completed,success,94.44444444444444,17,18
ExampleUntangleWormsBrightField,4,16,1791417858.1292648,3325300,worker_3,W008,pipeline,axis_started,started,0.0,0,18
ExampleUntangleWormsBrightField,4,16,1791417858.133713,3325300,worker_3,W008,ColorToGray,step_started,started,0.0,0,18
ExampleUntangleWormsBrightField,4,16,1791417858.1443484,3325296,worker_1,W006,Threshold,pattern_group,running,100.0,1,1
ExampleUntangleWormsBrightField,4,16,1791417858.144604,3325296,worker_1,W006,Threshold,step_completed,success,27.77777777777778,5,18
ExampleUntangleWormsBrightField,4,16,1791417858.1449504,3325296,worker_1,W006,ErodeImage,step_started,started,27.77777777777778,5,18
ExampleUntangleWormsBrightField,4,16,1791417858.161259,3325298,worker_2,W003,OverlayOutlines,pattern_group,running,100.0,1,1
ExampleUntangleWormsBrightField,4,16,1791417858.1615028,3325298,worker_2,W003,OverlayOutlines,step_completed,success,94.44444444444444,17,18
ExampleUntangleWormsBrightField,4,16,1791417858.1629703,3325298,worker_2,W003,pipeline,axis_completed,success,94.44444444444444,17,18
ExampleUntangleWormsBrightField,4,16,1791417858.163164,3325298,worker_2,W007,pipeline,axis_started,started,0.0,0,18
ExampleUntangleWormsBrightField,4,16,1791417858.1675136,3325298,worker_2,W007,ColorToGray,step_started,started,0.0,0,18
ExampleUntangleWormsBrightField,4,16,1791417858.1881967,3325300,worker_3,W008,ColorToGray,pattern_group,running,100.0,1,1
ExampleUntangleWormsBrightField,4,16,1791417858.1884253,3325300,worker_3,W008,ColorToGray,step_completed,success,5.555555555555555,1,18
ExampleUntangleWormsBrightField,4,16,1791417858.1887248,3325300,worker_3,W008,CorrectIlluminationCalculate,step_started,started,5.555555555555555,1,18
ExampleUntangleWormsBrightField,4,16,1791417858.197729,3325296,worker_1,W006,ErodeImage,pattern_group,running,100.0,1,1
ExampleUntangleWormsBrightField,4,16,1791417858.1979382,3325296,worker_1,W006,ErodeImage,step_completed,success,33.33333333333333,6,18
ExampleUntangleWormsBrightField,4,16,1791417858.198354,3325296,worker_1,W006,Crop,step_started,started,33.33333333333333,6,18
ExampleUntangleWormsBrightField,4,16,1791417858.216847,3325296,worker_1,W006,Crop,pattern_group,running,100.0,1,1
ExampleUntangleWormsBrightField,4,16,1791417858.217281,3325296,worker_1,W006,Crop,step_completed,success,38.88888888888889,7,18
ExampleUntangleWormsBrightField,4,16,1791417858.2177682,3325296,worker_1,W006,IdentifyPrimaryObjects,step_started,started,38.88888888888889,7,18
ExampleUntangleWormsBrightField,4,16,1791417858.2292423,3325298,worker_2,W007,ColorToGray,pattern_group,running,100.0,1,1
ExampleUntangleWormsBrightField,4,16,1791417858.2294521,3325298,worker_2,W007,ColorToGray,step_completed,success,5.555555555555555,1,18
ExampleUntangleWormsBrightField,4,16,1791417858.229765,3325298,worker_2,W007,CorrectIlluminationCalculate,step_started,started,5.555555555555555,1,18
ExampleUntangleWormsBrightField,4,16,1791417858.2475307,3325294,worker_0,W005,CorrectIlluminationCalculate,pattern_group,running,100.0,1,1
ExampleUntangleWormsBrightField,4,16,1791417858.2479165,3325294,worker_0,W005,CorrectIlluminationCalculate,step_completed,success,11.11111111111111,2,18
ExampleUntangleWormsBrightField,4,16,1791417858.248238,3325294,worker_0,W005,CorrectIlluminationApply,step_started,started,11.11111111111111,2,18
ExampleUntangleWormsBrightField,4,16,1791417858.2734632,3325294,worker_0,W005,CorrectIlluminationApply,pattern_group,running,100.0,1,1
ExampleUntangleWormsBrightField,4,16,1791417858.2737167,3325294,worker_0,W005,CorrectIlluminationApply,step_completed,success,16.666666666666664,3,18
ExampleUntangleWormsBrightField,4,16,1791417858.2740912,3325294,worker_0,W005,ImageMath,step_started,started,16.666666666666664,3,18
ExampleUntangleWormsBrightField,4,16,1791417858.288204,3325294,worker_0,W005,ImageMath,pattern_group,running,100.0,1,1
ExampleUntangleWormsBrightField,4,16,1791417858.2884202,3325294,worker_0,W005,ImageMath,step_completed,success,22.22222222222222,4,18
ExampleUntangleWormsBrightField,4,16,1791417858.2887745,3325294,worker_0,W005,Threshold,step_started,started,22.22222222222222,4,18
ExampleUntangleWormsBrightField,4,16,1791417858.321602,3325294,worker_0,W005,Threshold,pattern_group,running,100.0,1,1
ExampleUntangleWormsBrightField,4,16,1791417858.3218954,3325294,worker_0,W005,Threshold,step_completed,success,27.77777777777778,5,18
ExampleUntangleWormsBrightField,4,16,1791417858.3222919,3325294,worker_0,W005,ErodeImage,step_started,started,27.77777777777778,5,18
ExampleUntangleWormsBrightField,4,16,1791417858.3241513,3325300,worker_3,W008,CorrectIlluminationCalculate,pattern_group,running,100.0,1,1
ExampleUntangleWormsBrightField,4,16,1791417858.324326,3325300,worker_3,W008,CorrectIlluminationCalculate,step_completed,success,11.11111111111111,2,18
ExampleUntangleWormsBrightField,4,16,1791417858.324612,3325300,worker_3,W008,CorrectIlluminationApply,step_started,started,11.11111111111111,2,18
ExampleUntangleWormsBrightField,4,16,1791417858.3408315,3325300,worker_3,W008,CorrectIlluminationApply,pattern_group,running,100.0,1,1
ExampleUntangleWormsBrightField,4,16,1791417858.3409834,3325300,worker_3,W008,CorrectIlluminationApply,step_completed,success,16.666666666666664,3,18
ExampleUntangleWormsBrightField,4,16,1791417858.3413088,3325300,worker_3,W008,ImageMath,step_started,started,16.666666666666664,3,18
ExampleUntangleWormsBrightField,4,16,1791417858.344799,3325296,worker_1,W006,IdentifyPrimaryObjects,pattern_group,running,100.0,1,1
ExampleUntangleWormsBrightField,4,16,1791417858.3455296,3325296,worker_1,W006,IdentifyPrimaryObjects,step_completed,success,44.44444444444444,8,18
ExampleUntangleWormsBrightField,4,16,1791417858.3462393,3325296,worker_1,W006,ConvertObjectsToImage,step_started,started,44.44444444444444,8,18
ExampleUntangleWormsBrightField,4,16,1791417858.3528237,3325300,worker_3,W008,ImageMath,pattern_group,running,100.0,1,1
ExampleUntangleWormsBrightField,4,16,1791417858.3529694,3325300,worker_3,W008,ImageMath,step_completed,success,22.22222222222222,4,18
ExampleUntangleWormsBrightField,4,16,1791417858.3533368,3325300,worker_3,W008,Threshold,step_started,started,22.22222222222222,4,18
ExampleUntangleWormsBrightField,4,16,1791417858.353935,3325296,worker_1,W006,ConvertObjectsToImage,pattern_group,running,100.0,1,1
ExampleUntangleWormsBrightField,4,16,1791417858.3541012,3325296,worker_1,W006,ConvertObjectsToImage,step_completed,success,50.0,9,18
ExampleUntangleWormsBrightField,4,16,1791417858.3548744,3325296,worker_1,W006,UntangleWorms,step_started,started,50.0,9,18
ExampleUntangleWormsBrightField,4,16,1791417858.3701482,3325298,worker_2,W007,CorrectIlluminationCalculate,pattern_group,running,100.0,1,1
ExampleUntangleWormsBrightField,4,16,1791417858.3703136,3325298,worker_2,W007,CorrectIlluminationCalculate,step_completed,success,11.11111111111111,2,18
ExampleUntangleWormsBrightField,4,16,1791417858.370572,3325298,worker_2,W007,CorrectIlluminationApply,step_started,started,11.11111111111111,2,18
ExampleUntangleWormsBrightField,4,16,1791417858.377449,3325294,worker_0,W005,ErodeImage,pattern_group,running,100.0,1,1
ExampleUntangleWormsBrightField,4,16,1791417858.3777335,3325294,worker_0,W005,ErodeImage,step_completed,success,33.33333333333333,6,18
ExampleUntangleWormsBrightField,4,16,1791417858.3781583,3325294,worker_0,W005,Crop,step_started,started,33.33333333333333,6,18
ExampleUntangleWormsBrightField,4,16,1791417858.3830566,3325300,worker_3,W008,Threshold,pattern_group,running,100.0,1,1
ExampleUntangleWormsBrightField,4,16,1791417858.3833873,3325300,worker_3,W008,Threshold,step_completed,success,27.77777777777778,5,18
ExampleUntangleWormsBrightField,4,16,1791417858.3838084,3325300,worker_3,W008,ErodeImage,step_started,started,27.77777777777778,5,18
ExampleUntangleWormsBrightField,4,16,1791417858.391625,3325298,worker_2,W007,CorrectIlluminationApply,pattern_group,running,100.0,1,1
ExampleUntangleWormsBrightField,4,16,1791417858.391847,3325298,worker_2,W007,CorrectIlluminationApply,step_completed,success,16.666666666666664,3,18
ExampleUntangleWormsBrightField,4,16,1791417858.3921802,3325298,worker_2,W007,ImageMath,step_started,started,16.666666666666664,3,18
ExampleUntangleWormsBrightField,4,16,1791417858.3980455,3325294,worker_0,W005,Crop,pattern_group,running,100.0,1,1
ExampleUntangleWormsBrightField,4,16,1791417858.398348,3325294,worker_0,W005,Crop,step_completed,success,38.88888888888889,7,18
ExampleUntangleWormsBrightField,4,16,1791417858.3988545,3325294,worker_0,W005,IdentifyPrimaryObjects,step_started,started,38.88888888888889,7,18
ExampleUntangleWormsBrightField,4,16,1791417858.4018679,3325298,worker_2,W007,ImageMath,pattern_group,running,100.0,1,1
ExampleUntangleWormsBrightField,4,16,1791417858.4020278,3325298,worker_2,W007,ImageMath,step_completed,success,22.22222222222222,4,18
ExampleUntangleWormsBrightField,4,16,1791417858.4023643,3325298,worker_2,W007,Threshold,step_started,started,22.22222222222222,4,18
ExampleUntangleWormsBrightField,4,16,1791417858.4299173,3325298,worker_2,W007,Threshold,pattern_group,running,100.0,1,1
ExampleUntangleWormsBrightField,4,16,1791417858.4302175,3325298,worker_2,W007,Threshold,step_completed,success,27.77777777777778,5,18
ExampleUntangleWormsBrightField,4,16,1791417858.4306314,3325298,worker_2,W007,ErodeImage,step_started,started,27.77777777777778,5,18
ExampleUntangleWormsBrightField,4,16,1791417858.4377584,3325300,worker_3,W008,ErodeImage,pattern_group,running,100.0,1,1
ExampleUntangleWormsBrightField,4,16,1791417858.4379537,3325300,worker_3,W008,ErodeImage,step_completed,success,33.33333333333333,6,18
ExampleUntangleWormsBrightField,4,16,1791417858.4383483,3325300,worker_3,W008,Crop,step_started,started,33.33333333333333,6,18
ExampleUntangleWormsBrightField,4,16,1791417858.4544392,3325300,worker_3,W008,Crop,pattern_group,running,100.0,1,1
ExampleUntangleWormsBrightField,4,16,1791417858.4547026,3325300,worker_3,W008,Crop,step_completed,success,38.88888888888889,7,18
ExampleUntangleWormsBrightField,4,16,1791417858.4551113,3325300,worker_3,W008,IdentifyPrimaryObjects,step_started,started,38.88888888888889,7,18
ExampleUntangleWormsBrightField,4,16,1791417858.4836607,3325298,worker_2,W007,ErodeImage,pattern_group,running,100.0,1,1
ExampleUntangleWormsBrightField,4,16,1791417858.483883,3325298,worker_2,W007,ErodeImage,step_completed,success,33.33333333333333,6,18
ExampleUntangleWormsBrightField,4,16,1791417858.4842558,3325298,worker_2,W007,Crop,step_started,started,33.33333333333333,6,18
ExampleUntangleWormsBrightField,4,16,1791417858.501981,3325298,worker_2,W007,Crop,pattern_group,running,100.0,1,1
ExampleUntangleWormsBrightField,4,16,1791417858.5022423,3325298,worker_2,W007,Crop,step_completed,success,38.88888888888889,7,18
ExampleUntangleWormsBrightField,4,16,1791417858.502658,3325298,worker_2,W007,IdentifyPrimaryObjects,step_started,started,38.88888888888889,7,18
ExampleUntangleWormsBrightField,4,16,1791417858.5146077,3325294,worker_0,W005,IdentifyPrimaryObjects,pattern_group,running,100.0,1,1
ExampleUntangleWormsBrightField,4,16,1791417858.515711,3325294,worker_0,W005,IdentifyPrimaryObjects,step_completed,success,44.44444444444444,8,18
ExampleUntangleWormsBrightField,4,16,1791417858.5164058,3325294,worker_0,W005,ConvertObjectsToImage,step_started,started,44.44444444444444,8,18
ExampleUntangleWormsBrightField,4,16,1791417858.5253108,3325294,worker_0,W005,ConvertObjectsToImage,pattern_group,running,100.0,1,1
ExampleUntangleWormsBrightField,4,16,1791417858.5258017,3325294,worker_0,W005,ConvertObjectsToImage,step_completed,success,50.0,9,18
ExampleUntangleWormsBrightField,4,16,1791417858.527571,3325294,worker_0,W005,UntangleWorms,step_started,started,50.0,9,18
ExampleUntangleWormsBrightField,4,16,1791417858.5721967,3325300,worker_3,W008,IdentifyPrimaryObjects,pattern_group,running,100.0,1,1
ExampleUntangleWormsBrightField,4,16,1791417858.5728202,3325300,worker_3,W008,IdentifyPrimaryObjects,step_completed,success,44.44444444444444,8,18
ExampleUntangleWormsBrightField,4,16,1791417858.573426,3325300,worker_3,W008,ConvertObjectsToImage,step_started,started,44.44444444444444,8,18
ExampleUntangleWormsBrightField,4,16,1791417858.582649,3325300,worker_3,W008,ConvertObjectsToImage,pattern_group,running,100.0,1,1
ExampleUntangleWormsBrightField,4,16,1791417858.5829425,3325300,worker_3,W008,ConvertObjectsToImage,step_completed,success,50.0,9,18
ExampleUntangleWormsBrightField,4,16,1791417858.5838134,3325300,worker_3,W008,UntangleWorms,step_started,started,50.0,9,18
ExampleUntangleWormsBrightField,4,16,1791417858.6286378,3325298,worker_2,W007,IdentifyPrimaryObjects,pattern_group,running,100.0,1,1
ExampleUntangleWormsBrightField,4,16,1791417858.6297212,3325298,worker_2,W007,IdentifyPrimaryObjects,step_completed,success,44.44444444444444,8,18
ExampleUntangleWormsBrightField,4,16,1791417858.6302876,3325298,worker_2,W007,ConvertObjectsToImage,step_started,started,44.44444444444444,8,18
ExampleUntangleWormsBrightField,4,16,1791417858.6393425,3325298,worker_2,W007,ConvertObjectsToImage,pattern_group,running,100.0,1,1
ExampleUntangleWormsBrightField,4,16,1791417858.639518,3325298,worker_2,W007,ConvertObjectsToImage,step_completed,success,50.0,9,18
ExampleUntangleWormsBrightField,4,16,1791417858.640234,3325298,worker_2,W007,UntangleWorms,step_started,started,50.0,9,18
ExampleUntangleWormsBrightField,4,16,1791417858.9181323,3325296,worker_1,W006,UntangleWorms,pattern_group,running,100.0,1,1
ExampleUntangleWormsBrightField,4,16,1791417858.9219244,3325296,worker_1,W006,UntangleWorms,step_completed,success,55.55555555555556,10,18
ExampleUntangleWormsBrightField,4,16,1791417858.9227958,3325296,worker_1,W006,ColorToGray,step_started,started,55.55555555555556,10,18
ExampleUntangleWormsBrightField,4,16,1791417858.9408803,3325296,worker_1,W006,ColorToGray,pattern_group,running,100.0,1,1
ExampleUntangleWormsBrightField,4,16,1791417858.9412234,3325296,worker_1,W006,ColorToGray,step_completed,success,61.111111111111114,11,18
ExampleUntangleWormsBrightField,4,16,1791417858.9417148,3325296,worker_1,W006,ImageMath,step_started,started,61.111111111111114,11,18
ExampleUntangleWormsBrightField,4,16,1791417858.9521158,3325296,worker_1,W006,ImageMath,pattern_group,running,100.0,1,1
ExampleUntangleWormsBrightField,4,16,1791417858.9522922,3325296,worker_1,W006,ImageMath,step_completed,success,66.66666666666666,12,18
ExampleUntangleWormsBrightField,4,16,1791417858.95274,3325296,worker_1,W006,Crop,step_started,started,66.66666666666666,12,18
ExampleUntangleWormsBrightField,4,16,1791417858.9643767,3325296,worker_1,W006,Crop,pattern_group,running,100.0,1,1
ExampleUntangleWormsBrightField,4,16,1791417858.9646065,3325296,worker_1,W006,Crop,step_completed,success,72.22222222222221,13,18
ExampleUntangleWormsBrightField,4,16,1791417858.9650772,3325296,worker_1,W006,IdentifyPrimaryObjects,step_started,started,72.22222222222221,13,18
ExampleUntangleWormsBrightField,4,16,1791417859.0668366,3325296,worker_1,W006,IdentifyPrimaryObjects,pattern_group,running,100.0,1,1
ExampleUntangleWormsBrightField,4,16,1791417859.0674715,3325296,worker_1,W006,IdentifyPrimaryObjects,step_completed,success,77.77777777777779,14,18
ExampleUntangleWormsBrightField,4,16,1791417859.0681288,3325296,worker_1,W006,MeasureObjectSizeShape,step_started,started,77.77777777777779,14,18
ExampleUntangleWormsBrightField,4,16,1791417859.100999,3325296,worker_1,W006,MeasureObjectSizeShape,pattern_group,running,100.0,1,1
ExampleUntangleWormsBrightField,4,16,1791417859.101695,3325296,worker_1,W006,MeasureObjectSizeShape,step_completed,success,83.33333333333334,15,18
ExampleUntangleWormsBrightField,4,16,1791417859.1020124,3325296,worker_1,W006,RelateObjects,step_started,started,83.33333333333334,15,18
ExampleUntangleWormsBrightField,4,16,1791417859.1001403,3325294,worker_0,W005,UntangleWorms,pattern_group,running,100.0,1,1
ExampleUntangleWormsBrightField,4,16,1791417859.1025286,3325294,worker_0,W005,UntangleWorms,step_completed,success,55.55555555555556,10,18
ExampleUntangleWormsBrightField,4,16,1791417859.1029646,3325294,worker_0,W005,ColorToGray,step_started,started,55.55555555555556,10,18
ExampleUntangleWormsBrightField,4,16,1791417859.1180093,3325294,worker_0,W005,ColorToGray,pattern_group,running,100.0,1,1
ExampleUntangleWormsBrightField,4,16,1791417859.118246,3325294,worker_0,W005,ColorToGray,step_completed,success,61.111111111111114,11,18
ExampleUntangleWormsBrightField,4,16,1791417859.1185625,3325294,worker_0,W005,ImageMath,step_started,started,61.111111111111114,11,18
ExampleUntangleWormsBrightField,4,16,1791417859.1282809,3325294,worker_0,W005,ImageMath,pattern_group,running,100.0,1,1
ExampleUntangleWormsBrightField,4,16,1791417859.1284428,3325294,worker_0,W005,ImageMath,step_completed,success,66.66666666666666,12,18
ExampleUntangleWormsBrightField,4,16,1791417859.1288624,3325294,worker_0,W005,Crop,step_started,started,66.66666666666666,12,18
ExampleUntangleWormsBrightField,4,16,1791417859.142138,3325294,worker_0,W005,Crop,pattern_group,running,100.0,1,1
ExampleUntangleWormsBrightField,4,16,1791417859.1423926,3325294,worker_0,W005,Crop,step_completed,success,72.22222222222221,13,18
ExampleUntangleWormsBrightField,4,16,1791417859.1428492,3325294,worker_0,W005,IdentifyPrimaryObjects,step_started,started,72.22222222222221,13,18
ExampleUntangleWormsBrightField,4,16,1791417859.1896691,3325300,worker_3,W008,UntangleWorms,pattern_group,running,100.0,1,1
ExampleUntangleWormsBrightField,4,16,1791417859.1927357,3325300,worker_3,W008,UntangleWorms,step_completed,success,55.55555555555556,10,18
ExampleUntangleWormsBrightField,4,16,1791417859.1932647,3325300,worker_3,W008,ColorToGray,step_started,started,55.55555555555556,10,18
ExampleUntangleWormsBrightField,4,16,1791417859.216842,3325300,worker_3,W008,ColorToGray,pattern_group,running,100.0,1,1
ExampleUntangleWormsBrightField,4,16,1791417859.217186,3325300,worker_3,W008,ColorToGray,step_completed,success,61.111111111111114,11,18
ExampleUntangleWormsBrightField,4,16,1791417859.217514,3325300,worker_3,W008,ImageMath,step_started,started,61.111111111111114,11,18
ExampleUntangleWormsBrightField,4,16,1791417859.2170134,3325298,worker_2,W007,UntangleWorms,pattern_group,running,100.0,1,1
ExampleUntangleWormsBrightField,4,16,1791417859.2197058,3325298,worker_2,W007,UntangleWorms,step_completed,success,55.55555555555556,10,18
ExampleUntangleWormsBrightField,4,16,1791417859.2202919,3325298,worker_2,W007,ColorToGray,step_started,started,55.55555555555556,10,18
ExampleUntangleWormsBrightField,4,16,1791417859.2369459,3325298,worker_2,W007,ColorToGray,pattern_group,running,100.0,1,1
ExampleUntangleWormsBrightField,4,16,1791417859.2372134,3325298,worker_2,W007,ColorToGray,step_completed,success,61.111111111111114,11,18
ExampleUntangleWormsBrightField,4,16,1791417859.2375393,3325298,worker_2,W007,ImageMath,step_started,started,61.111111111111114,11,18
ExampleUntangleWormsBrightField,4,16,1791417859.2312176,3325300,worker_3,W008,ImageMath,pattern_group,running,100.0,1,1
ExampleUntangleWormsBrightField,4,16,1791417859.2315085,3325300,worker_3,W008,ImageMath,step_completed,success,66.66666666666666,12,18
ExampleUntangleWormsBrightField,4,16,1791417859.2320373,3325300,worker_3,W008,Crop,step_started,started,66.66666666666666,12,18
ExampleUntangleWormsBrightField,4,16,1791417859.24661,3325294,worker_0,W005,IdentifyPrimaryObjects,pattern_group,running,100.0,1,1
ExampleUntangleWormsBrightField,4,16,1791417859.247226,3325294,worker_0,W005,IdentifyPrimaryObjects,step_completed,success,77.77777777777779,14,18
ExampleUntangleWormsBrightField,4,16,1791417859.2479084,3325294,worker_0,W005,MeasureObjectSizeShape,step_started,started,77.77777777777779,14,18
ExampleUntangleWormsBrightField,4,16,1791417859.2477593,3325298,worker_2,W007,ImageMath,pattern_group,running,100.0,1,1
ExampleUntangleWormsBrightField,4,16,1791417859.2479239,3325298,worker_2,W007,ImageMath,step_completed,success,66.66666666666666,12,18
ExampleUntangleWormsBrightField,4,16,1791417859.248346,3325298,worker_2,W007,Crop,step_started,started,66.66666666666666,12,18
ExampleUntangleWormsBrightField,4,16,1791417859.2541683,3325300,worker_3,W008,Crop,pattern_group,running,100.0,1,1
ExampleUntangleWormsBrightField,4,16,1791417859.2544556,3325300,worker_3,W008,Crop,step_completed,success,72.22222222222221,13,18
ExampleUntangleWormsBrightField,4,16,1791417859.2549589,3325300,worker_3,W008,IdentifyPrimaryObjects,step_started,started,72.22222222222221,13,18
ExampleUntangleWormsBrightField,4,16,1791417859.26125,3325298,worker_2,W007,Crop,pattern_group,running,100.0,1,1
ExampleUntangleWormsBrightField,4,16,1791417859.2614973,3325298,worker_2,W007,Crop,step_completed,success,72.22222222222221,13,18
ExampleUntangleWormsBrightField,4,16,1791417859.2619598,3325298,worker_2,W007,IdentifyPrimaryObjects,step_started,started,72.22222222222221,13,18
ExampleUntangleWormsBrightField,4,16,1791417859.2816558,3325294,worker_0,W005,MeasureObjectSizeShape,pattern_group,running,100.0,1,1
ExampleUntangleWormsBrightField,4,16,1791417859.2824259,3325294,worker_0,W005,MeasureObjectSizeShape,step_completed,success,83.33333333333334,15,18
ExampleUntangleWormsBrightField,4,16,1791417859.2827675,3325294,worker_0,W005,RelateObjects,step_started,started,83.33333333333334,15,18
ExampleUntangleWormsBrightField,4,16,1791417859.3622043,3325298,worker_2,W007,IdentifyPrimaryObjects,pattern_group,running,100.0,1,1
ExampleUntangleWormsBrightField,4,16,1791417859.36283,3325298,worker_2,W007,IdentifyPrimaryObjects,step_completed,success,77.77777777777779,14,18
ExampleUntangleWormsBrightField,4,16,1791417859.3634741,3325298,worker_2,W007,MeasureObjectSizeShape,step_started,started,77.77777777777779,14,18
ExampleUntangleWormsBrightField,4,16,1791417859.3639107,3325300,worker_3,W008,IdentifyPrimaryObjects,pattern_group,running,100.0,1,1
ExampleUntangleWormsBrightField,4,16,1791417859.364521,3325300,worker_3,W008,IdentifyPrimaryObjects,step_completed,success,77.77777777777779,14,18
ExampleUntangleWormsBrightField,4,16,1791417859.365308,3325300,worker_3,W008,MeasureObjectSizeShape,step_started,started,77.77777777777779,14,18
ExampleUntangleWormsBrightField,4,16,1791417859.3891044,3325296,worker_1,W006,RelateObjects,pattern_group,running,100.0,1,1
ExampleUntangleWormsBrightField,4,16,1791417859.3903162,3325296,worker_1,W006,RelateObjects,step_completed,success,88.88888888888889,16,18
ExampleUntangleWormsBrightField,4,16,1791417859.3908494,3325296,worker_1,W006,OverlayOutlines,step_started,started,88.88888888888889,16,18
ExampleUntangleWormsBrightField,4,16,1791417859.3953114,3325298,worker_2,W007,MeasureObjectSizeShape,pattern_group,running,100.0,1,1
ExampleUntangleWormsBrightField,4,16,1791417859.3960018,3325298,worker_2,W007,MeasureObjectSizeShape,step_completed,success,83.33333333333334,15,18
ExampleUntangleWormsBrightField,4,16,1791417859.3963344,3325298,worker_2,W007,RelateObjects,step_started,started,83.33333333333334,15,18
ExampleUntangleWormsBrightField,4,16,1791417859.4064877,3325300,worker_3,W008,MeasureObjectSizeShape,pattern_group,running,100.0,1,1
ExampleUntangleWormsBrightField,4,16,1791417859.407296,3325300,worker_3,W008,MeasureObjectSizeShape,step_completed,success,83.33333333333334,15,18
ExampleUntangleWormsBrightField,4,16,1791417859.4076495,3325300,worker_3,W008,RelateObjects,step_started,started,83.33333333333334,15,18
ExampleUntangleWormsBrightField,4,16,1791417859.5202878,3325296,worker_1,W006,OverlayOutlines,pattern_group,running,100.0,1,1
ExampleUntangleWormsBrightField,4,16,1791417859.5204606,3325296,worker_1,W006,OverlayOutlines,step_completed,success,94.44444444444444,17,18
ExampleUntangleWormsBrightField,4,16,1791417859.5213099,3325296,worker_1,W006,pipeline,axis_completed,success,94.44444444444444,17,18
ExampleUntangleWormsBrightField,4,16,1791417859.521361,3325296,worker_1,W010,pipeline,axis_started,started,0.0,0,18
ExampleUntangleWormsBrightField,4,16,1791417859.5249758,3325296,worker_1,W010,ColorToGray,step_started,started,0.0,0,18
ExampleUntangleWormsBrightField,4,16,1791417859.5246015,3325294,worker_0,W005,RelateObjects,pattern_group,running,100.0,1,1
ExampleUntangleWormsBrightField,4,16,1791417859.5257187,3325294,worker_0,W005,RelateObjects,step_completed,success,88.88888888888889,16,18
ExampleUntangleWormsBrightField,4,16,1791417859.5262184,3325294,worker_0,W005,OverlayOutlines,step_started,started,88.88888888888889,16,18
ExampleUntangleWormsBrightField,4,16,1791417859.5751584,3325296,worker_1,W010,ColorToGray,pattern_group,running,100.0,1,1
ExampleUntangleWormsBrightField,4,16,1791417859.575328,3325296,worker_1,W010,ColorToGray,step_completed,success,5.555555555555555,1,18
ExampleUntangleWormsBrightField,4,16,1791417859.575594,3325296,worker_1,W010,CorrectIlluminationCalculate,step_started,started,5.555555555555555,1,18
ExampleUntangleWormsBrightField,4,16,1791417859.619223,3325298,worker_2,W007,RelateObjects,pattern_group,running,100.0,1,1
ExampleUntangleWormsBrightField,4,16,1791417859.620455,3325298,worker_2,W007,RelateObjects,step_completed,success,88.88888888888889,16,18
ExampleUntangleWormsBrightField,4,16,1791417859.6209795,3325298,worker_2,W007,OverlayOutlines,step_started,started,88.88888888888889,16,18
ExampleUntangleWormsBrightField,4,16,1791417859.6394372,3325300,worker_3,W008,RelateObjects,pattern_group,running,100.0,1,1
ExampleUntangleWormsBrightField,4,16,1791417859.6407092,3325300,worker_3,W008,RelateObjects,step_completed,success,88.88888888888889,16,18
ExampleUntangleWormsBrightField,4,16,1791417859.6412766,3325300,worker_3,W008,OverlayOutlines,step_started,started,88.88888888888889,16,18
ExampleUntangleWormsBrightField,4,16,1791417859.659443,3325294,worker_0,W005,OverlayOutlines,pattern_group,running,100.0,1,1
ExampleUntangleWormsBrightField,4,16,1791417859.6596258,3325294,worker_0,W005,OverlayOutlines,step_completed,success,94.44444444444444,17,18
ExampleUntangleWormsBrightField,4,16,1791417859.6611006,3325294,worker_0,W005,pipeline,axis_completed,success,94.44444444444444,17,18
ExampleUntangleWormsBrightField,4,16,1791417859.6611538,3325294,worker_0,W009,pipeline,axis_started,started,0.0,0,18
ExampleUntangleWormsBrightField,4,16,1791417859.6651862,3325294,worker_0,W009,ColorToGray,step_started,started,0.0,0,18
ExampleUntangleWormsBrightField,4,16,1791417859.6772025,3325296,worker_1,W010,CorrectIlluminationCalculate,pattern_group,running,100.0,1,1
ExampleUntangleWormsBrightField,4,16,1791417859.6773624,3325296,worker_1,W010,CorrectIlluminationCalculate,step_completed,success,11.11111111111111,2,18
ExampleUntangleWormsBrightField,4,16,1791417859.6776283,3325296,worker_1,W010,CorrectIlluminationApply,step_started,started,11.11111111111111,2,18
ExampleUntangleWormsBrightField,4,16,1791417859.693692,3325296,worker_1,W010,CorrectIlluminationApply,pattern_group,running,100.0,1,1
ExampleUntangleWormsBrightField,4,16,1791417859.6938624,3325296,worker_1,W010,CorrectIlluminationApply,step_completed,success,16.666666666666664,3,18
ExampleUntangleWormsBrightField,4,16,1791417859.6942036,3325296,worker_1,W010,ImageMath,step_started,started,16.666666666666664,3,18
ExampleUntangleWormsBrightField,4,16,1791417859.7038243,3325296,worker_1,W010,ImageMath,pattern_group,running,100.0,1,1
ExampleUntangleWormsBrightField,4,16,1791417859.7039914,3325296,worker_1,W010,ImageMath,step_completed,success,22.22222222222222,4,18
ExampleUntangleWormsBrightField,4,16,1791417859.7043612,3325296,worker_1,W010,Threshold,step_started,started,22.22222222222222,4,18
ExampleUntangleWormsBrightField,4,16,1791417859.7224827,3325294,worker_0,W009,ColorToGray,pattern_group,running,100.0,1,1
ExampleUntangleWormsBrightField,4,16,1791417859.722744,3325294,worker_0,W009,ColorToGray,step_completed,success,5.555555555555555,1,18
ExampleUntangleWormsBrightField,4,16,1791417859.7230697,3325294,worker_0,W009,CorrectIlluminationCalculate,step_started,started,5.555555555555555,1,18
ExampleUntangleWormsBrightField,4,16,1791417859.7334635,3325296,worker_1,W010,Threshold,pattern_group,running,100.0,1,1
ExampleUntangleWormsBrightField,4,16,1791417859.7337205,3325296,worker_1,W010,Threshold,step_completed,success,27.77777777777778,5,18
ExampleUntangleWormsBrightField,4,16,1791417859.7340703,3325296,worker_1,W010,ErodeImage,step_started,started,27.77777777777778,5,18
ExampleUntangleWormsBrightField,4,16,1791417859.7508535,3325298,worker_2,W007,OverlayOutlines,pattern_group,running,100.0,1,1
ExampleUntangleWormsBrightField,4,16,1791417859.7510417,3325298,worker_2,W007,OverlayOutlines,step_completed,success,94.44444444444444,17,18
ExampleUntangleWormsBrightField,4,16,1791417859.7518895,3325298,worker_2,W007,pipeline,axis_completed,success,94.44444444444444,17,18
ExampleUntangleWormsBrightField,4,16,1791417859.7519388,3325298,worker_2,W011,pipeline,axis_started,started,0.0,0,18
ExampleUntangleWormsBrightField,4,16,1791417859.7554448,3325298,worker_2,W011,ColorToGray,step_started,started,0.0,0,18
ExampleUntangleWormsBrightField,4,16,1791417859.779386,3325300,worker_3,W008,OverlayOutlines,pattern_group,running,100.0,1,1
ExampleUntangleWormsBrightField,4,16,1791417859.779567,3325300,worker_3,W008,OverlayOutlines,step_completed,success,94.44444444444444,17,18
ExampleUntangleWormsBrightField,4,16,1791417859.7803931,3325300,worker_3,W008,pipeline,axis_completed,success,94.44444444444444,17,18
ExampleUntangleWormsBrightField,4,16,1791417859.7804441,3325300,worker_3,W012,pipeline,axis_started,started,0.0,0,18
ExampleUntangleWormsBrightField,4,16,1791417859.783885,3325300,worker_3,W012,ColorToGray,step_started,started,0.0,0,18
ExampleUntangleWormsBrightField,4,16,1791417859.787099,3325296,worker_1,W010,ErodeImage,pattern_group,running,100.0,1,1
ExampleUntangleWormsBrightField,4,16,1791417859.787373,3325296,worker_1,W010,ErodeImage,step_completed,success,33.33333333333333,6,18
ExampleUntangleWormsBrightField,4,16,1791417859.787776,3325296,worker_1,W010,Crop,step_started,started,33.33333333333333,6,18
ExampleUntangleWormsBrightField,4,16,1791417859.8069127,3325298,worker_2,W011,ColorToGray,pattern_group,running,100.0,1,1
ExampleUntangleWormsBrightField,4,16,1791417859.8071198,3325298,worker_2,W011,ColorToGray,step_completed,success,5.555555555555555,1,18
ExampleUntangleWormsBrightField,4,16,1791417859.807405,3325298,worker_2,W011,CorrectIlluminationCalculate,step_started,started,5.555555555555555,1,18
ExampleUntangleWormsBrightField,4,16,1791417859.80707,3325296,worker_1,W010,Crop,pattern_group,running,100.0,1,1
ExampleUntangleWormsBrightField,4,16,1791417859.8073592,3325296,worker_1,W010,Crop,step_completed,success,38.88888888888889,7,18
ExampleUntangleWormsBrightField,4,16,1791417859.8078046,3325296,worker_1,W010,IdentifyPrimaryObjects,step_started,started,38.88888888888889,7,18
ExampleUntangleWormsBrightField,4,16,1791417859.8378305,3325294,worker_0,W009,CorrectIlluminationCalculate,pattern_group,running,100.0,1,1
ExampleUntangleWormsBrightField,4,16,1791417859.8380792,3325294,worker_0,W009,CorrectIlluminationCalculate,step_completed,success,11.11111111111111,2,18
ExampleUntangleWormsBrightField,4,16,1791417859.8383844,3325294,worker_0,W009,CorrectIlluminationApply,step_started,started,11.11111111111111,2,18
ExampleUntangleWormsBrightField,4,16,1791417859.8501647,3325300,worker_3,W012,ColorToGray,pattern_group,running,100.0,1,1
ExampleUntangleWormsBrightField,4,16,1791417859.8504026,3325300,worker_3,W012,ColorToGray,step_completed,success,5.555555555555555,1,18
ExampleUntangleWormsBrightField,4,16,1791417859.8506773,3325300,worker_3,W012,CorrectIlluminationCalculate,step_started,started,5.555555555555555,1,18
ExampleUntangleWormsBrightField,4,16,1791417859.8628874,3325294,worker_0,W009,CorrectIlluminationApply,pattern_group,running,100.0,1,1
ExampleUntangleWormsBrightField,4,16,1791417859.8630688,3325294,worker_0,W009,CorrectIlluminationApply,step_completed,success,16.666666666666664,3,18
ExampleUntangleWormsBrightField,4,16,1791417859.8635454,3325294,worker_0,W009,ImageMath,step_started,started,16.666666666666664,3,18
ExampleUntangleWormsBrightField,4,16,1791417859.881007,3325294,worker_0,W009,ImageMath,pattern_group,running,100.0,1,1
ExampleUntangleWormsBrightField,4,16,1791417859.8812141,3325294,worker_0,W009,ImageMath,step_completed,success,22.22222222222222,4,18
ExampleUntangleWormsBrightField,4,16,1791417859.881573,3325294,worker_0,W009,Threshold,step_started,started,22.22222222222222,4,18
ExampleUntangleWormsBrightField,4,16,1791417859.914312,3325294,worker_0,W009,Threshold,pattern_group,running,100.0,1,1
ExampleUntangleWormsBrightField,4,16,1791417859.9145758,3325294,worker_0,W009,Threshold,step_completed,success,27.77777777777778,5,18
ExampleUntangleWormsBrightField,4,16,1791417859.9149594,3325294,worker_0,W009,ErodeImage,step_started,started,27.77777777777778,5,18
ExampleUntangleWormsBrightField,4,16,1791417859.9383948,3325298,worker_2,W011,CorrectIlluminationCalculate,pattern_group,running,100.0,1,1
ExampleUntangleWormsBrightField,4,16,1791417859.938552,3325298,worker_2,W011,CorrectIlluminationCalculate,step_completed,success,11.11111111111111,2,18
ExampleUntangleWormsBrightField,4,16,1791417859.9388363,3325298,worker_2,W011,CorrectIlluminationApply,step_started,started,11.11111111111111,2,18
ExampleUntangleWormsBrightField,4,16,1791417859.9456093,3325296,worker_1,W010,IdentifyPrimaryObjects,pattern_group,running,100.0,1,1
ExampleUntangleWormsBrightField,4,16,1791417859.9464269,3325296,worker_1,W010,IdentifyPrimaryObjects,step_completed,success,44.44444444444444,8,18
ExampleUntangleWormsBrightField,4,16,1791417859.947217,3325296,worker_1,W010,ConvertObjectsToImage,step_started,started,44.44444444444444,8,18
ExampleUntangleWormsBrightField,4,16,1791417859.9570315,3325296,worker_1,W010,ConvertObjectsToImage,pattern_group,running,100.0,1,1
ExampleUntangleWormsBrightField,4,16,1791417859.9572053,3325296,worker_1,W010,ConvertObjectsToImage,step_completed,success,50.0,9,18
ExampleUntangleWormsBrightField,4,16,1791417859.9578984,3325296,worker_1,W010,UntangleWorms,step_started,started,50.0,9,18
ExampleUntangleWormsBrightField,4,16,1791417859.9581602,3325298,worker_2,W011,CorrectIlluminationApply,pattern_group,running,100.0,1,1
ExampleUntangleWormsBrightField,4,16,1791417859.958314,3325298,worker_2,W011,CorrectIlluminationApply,step_completed,success,16.666666666666664,3,18
ExampleUntangleWormsBrightField,4,16,1791417859.9586427,3325298,worker_2,W011,ImageMath,step_started,started,16.666666666666664,3,18
ExampleUntangleWormsBrightField,4,16,1791417859.9700596,3325298,worker_2,W011,ImageMath,pattern_group,running,100.0,1,1
ExampleUntangleWormsBrightField,4,16,1791417859.9702115,3325298,worker_2,W011,ImageMath,step_completed,success,22.22222222222222,4,18
ExampleUntangleWormsBrightField,4,16,1791417859.9705753,3325298,worker_2,W011,Threshold,step_started,started,22.22222222222222,4,18
ExampleUntangleWormsBrightField,4,16,1791417859.9719083,3325294,worker_0,W009,ErodeImage,pattern_group,running,100.0,1,1
ExampleUntangleWormsBrightField,4,16,1791417859.9722066,3325294,worker_0,W009,ErodeImage,step_completed,success,33.33333333333333,6,18
ExampleUntangleWormsBrightField,4,16,1791417859.9725711,3325294,worker_0,W009,Crop,step_started,started,33.33333333333333,6,18
ExampleUntangleWormsBrightField,4,16,1791417859.9891994,3325300,worker_3,W012,CorrectIlluminationCalculate,pattern_group,running,100.0,1,1
ExampleUntangleWormsBrightField,4,16,1791417859.9893978,3325300,worker_3,W012,CorrectIlluminationCalculate,step_completed,success,11.11111111111111,2,18
ExampleUntangleWormsBrightField,4,16,1791417859.9896767,3325300,worker_3,W012,CorrectIlluminationApply,step_started,started,11.11111111111111,2,18
ExampleUntangleWormsBrightField,4,16,1791417859.9918199,3325294,worker_0,W009,Crop,pattern_group,running,100.0,1,1
ExampleUntangleWormsBrightField,4,16,1791417859.9921153,3325294,worker_0,W009,Crop,step_completed,success,38.88888888888889,7,18
ExampleUntangleWormsBrightField,4,16,1791417859.9927163,3325294,worker_0,W009,IdentifyPrimaryObjects,step_started,started,38.88888888888889,7,18
ExampleUntangleWormsBrightField,4,16,1791417860.001773,3325298,worker_2,W011,Threshold,pattern_group,running,100.0,1,1
ExampleUntangleWormsBrightField,4,16,1791417860.002049,3325298,worker_2,W011,Threshold,step_completed,success,27.77777777777778,5,18
ExampleUntangleWormsBrightField,4,16,1791417860.0024583,3325298,worker_2,W011,ErodeImage,step_started,started,27.77777777777778,5,18
ExampleUntangleWormsBrightField,4,16,1791417860.0115077,3325300,worker_3,W012,CorrectIlluminationApply,pattern_group,running,100.0,1,1
ExampleUntangleWormsBrightField,4,16,1791417860.0116572,3325300,worker_3,W012,CorrectIlluminationApply,step_completed,success,16.666666666666664,3,18
ExampleUntangleWormsBrightField,4,16,1791417860.0119946,3325300,worker_3,W012,ImageMath,step_started,started,16.666666666666664,3,18
ExampleUntangleWormsBrightField,4,16,1791417860.0230348,3325300,worker_3,W012,ImageMath,pattern_group,running,100.0,1,1
ExampleUntangleWormsBrightField,4,16,1791417860.023259,3325300,worker_3,W012,ImageMath,step_completed,success,22.22222222222222,4,18
ExampleUntangleWormsBrightField,4,16,1791417860.0236852,3325300,worker_3,W012,Threshold,step_started,started,22.22222222222222,4,18
ExampleUntangleWormsBrightField,4,16,1791417860.0517197,3325300,worker_3,W012,Threshold,pattern_group,running,100.0,1,1
ExampleUntangleWormsBrightField,4,16,1791417860.0520852,3325300,worker_3,W012,Threshold,step_completed,success,27.77777777777778,5,18
ExampleUntangleWormsBrightField,4,16,1791417860.052592,3325300,worker_3,W012,ErodeImage,step_started,started,27.77777777777778,5,18
ExampleUntangleWormsBrightField,4,16,1791417860.0608332,3325298,worker_2,W011,ErodeImage,pattern_group,running,100.0,1,1
ExampleUntangleWormsBrightField,4,16,1791417860.0609882,3325298,worker_2,W011,ErodeImage,step_completed,success,33.33333333333333,6,18
ExampleUntangleWormsBrightField,4,16,1791417860.061353,3325298,worker_2,W011,Crop,step_started,started,33.33333333333333,6,18
ExampleUntangleWormsBrightField,4,16,1791417860.0780718,3325298,worker_2,W011,Crop,pattern_group,running,100.0,1,1
ExampleUntangleWormsBrightField,4,16,1791417860.0783985,3325298,worker_2,W011,Crop,step_completed,success,38.88888888888889,7,18
ExampleUntangleWormsBrightField,4,16,1791417860.0788267,3325298,worker_2,W011,IdentifyPrimaryObjects,step_started,started,38.88888888888889,7,18
ExampleUntangleWormsBrightField,4,16,1791417860.1071103,3325300,worker_3,W012,ErodeImage,pattern_group,running,100.0,1,1
ExampleUntangleWormsBrightField,4,16,1791417860.1073096,3325300,worker_3,W012,ErodeImage,step_completed,success,33.33333333333333,6,18
ExampleUntangleWormsBrightField,4,16,1791417860.1076827,3325300,worker_3,W012,Crop,step_started,started,33.33333333333333,6,18
ExampleUntangleWormsBrightField,4,16,1791417860.1137705,3325294,worker_0,W009,IdentifyPrimaryObjects,pattern_group,running,100.0,1,1
ExampleUntangleWormsBrightField,4,16,1791417860.1145315,3325294,worker_0,W009,IdentifyPrimaryObjects,step_completed,success,44.44444444444444,8,18
ExampleUntangleWormsBrightField,4,16,1791417860.1151857,3325294,worker_0,W009,ConvertObjectsToImage,step_started,started,44.44444444444444,8,18
ExampleUntangleWormsBrightField,4,16,1791417860.1235716,3325294,worker_0,W009,ConvertObjectsToImage,pattern_group,running,100.0,1,1
ExampleUntangleWormsBrightField,4,16,1791417860.1237557,3325294,worker_0,W009,ConvertObjectsToImage,step_completed,success,50.0,9,18
ExampleUntangleWormsBrightField,4,16,1791417860.1245399,3325294,worker_0,W009,UntangleWorms,step_started,started,50.0,9,18
ExampleUntangleWormsBrightField,4,16,1791417860.124298,3325300,worker_3,W012,Crop,pattern_group,running,100.0,1,1
ExampleUntangleWormsBrightField,4,16,1791417860.1245492,3325300,worker_3,W012,Crop,step_completed,success,38.88888888888889,7,18
ExampleUntangleWormsBrightField,4,16,1791417860.1249719,3325300,worker_3,W012,IdentifyPrimaryObjects,step_started,started,38.88888888888889,7,18
ExampleUntangleWormsBrightField,4,16,1791417860.1944675,3325298,worker_2,W011,IdentifyPrimaryObjects,pattern_group,running,100.0,1,1
ExampleUntangleWormsBrightField,4,16,1791417860.1951518,3325298,worker_2,W011,IdentifyPrimaryObjects,step_completed,success,44.44444444444444,8,18
ExampleUntangleWormsBrightField,4,16,1791417860.1957543,3325298,worker_2,W011,ConvertObjectsToImage,step_started,started,44.44444444444444,8,18
ExampleUntangleWormsBrightField,4,16,1791417860.2030442,3325298,worker_2,W011,ConvertObjectsToImage,pattern_group,running,100.0,1,1
ExampleUntangleWormsBrightField,4,16,1791417860.2032669,3325298,worker_2,W011,ConvertObjectsToImage,step_completed,success,50.0,9,18
ExampleUntangleWormsBrightField,4,16,1791417860.2040737,3325298,worker_2,W011,UntangleWorms,step_started,started,50.0,9,18
ExampleUntangleWormsBrightField,4,16,1791417860.2510204,3325300,worker_3,W012,IdentifyPrimaryObjects,pattern_group,running,100.0,1,1
ExampleUntangleWormsBrightField,4,16,1791417860.2516155,3325300,worker_3,W012,IdentifyPrimaryObjects,step_completed,success,44.44444444444444,8,18
ExampleUntangleWormsBrightField,4,16,1791417860.2521584,3325300,worker_3,W012,ConvertObjectsToImage,step_started,started,44.44444444444444,8,18
ExampleUntangleWormsBrightField,4,16,1791417860.2589808,3325300,worker_3,W012,ConvertObjectsToImage,pattern_group,running,100.0,1,1
ExampleUntangleWormsBrightField,4,16,1791417860.2592013,3325300,worker_3,W012,ConvertObjectsToImage,step_completed,success,50.0,9,18
ExampleUntangleWormsBrightField,4,16,1791417860.2599165,3325300,worker_3,W012,UntangleWorms,step_started,started,50.0,9,18
ExampleUntangleWormsBrightField,4,16,1791417860.5467265,3325296,worker_1,W010,UntangleWorms,pattern_group,running,100.0,1,1
ExampleUntangleWormsBrightField,4,16,1791417860.5490248,3325296,worker_1,W010,UntangleWorms,step_completed,success,55.55555555555556,10,18
ExampleUntangleWormsBrightField,4,16,1791417860.5495026,3325296,worker_1,W010,ColorToGray,step_started,started,55.55555555555556,10,18
ExampleUntangleWormsBrightField,4,16,1791417860.5718834,3325296,worker_1,W010,ColorToGray,pattern_group,running,100.0,1,1
ExampleUntangleWormsBrightField,4,16,1791417860.5721252,3325296,worker_1,W010,ColorToGray,step_completed,success,61.111111111111114,11,18
ExampleUntangleWormsBrightField,4,16,1791417860.5724738,3325296,worker_1,W010,ImageMath,step_started,started,61.111111111111114,11,18
ExampleUntangleWormsBrightField,4,16,1791417860.5900083,3325296,worker_1,W010,ImageMath,pattern_group,running,100.0,1,1
ExampleUntangleWormsBrightField,4,16,1791417860.5901675,3325296,worker_1,W010,ImageMath,step_completed,success,66.66666666666666,12,18
ExampleUntangleWormsBrightField,4,16,1791417860.5905943,3325296,worker_1,W010,Crop,step_started,started,66.66666666666666,12,18
ExampleUntangleWormsBrightField,4,16,1791417860.605999,3325296,worker_1,W010,Crop,pattern_group,running,100.0,1,1
ExampleUntangleWormsBrightField,4,16,1791417860.6062546,3325296,worker_1,W010,Crop,step_completed,success,72.22222222222221,13,18
ExampleUntangleWormsBrightField,4,16,1791417860.606714,3325296,worker_1,W010,IdentifyPrimaryObjects,step_started,started,72.22222222222221,13,18
ExampleUntangleWormsBrightField,4,16,1791417860.7012906,3325296,worker_1,W010,IdentifyPrimaryObjects,pattern_group,running,100.0,1,1
ExampleUntangleWormsBrightField,4,16,1791417860.701933,3325296,worker_1,W010,IdentifyPrimaryObjects,step_completed,success,77.77777777777779,14,18
ExampleUntangleWormsBrightField,4,16,1791417860.702626,3325296,worker_1,W010,MeasureObjectSizeShape,step_started,started,77.77777777777779,14,18
ExampleUntangleWormsBrightField,4,16,1791417860.7040346,3325294,worker_0,W009,UntangleWorms,pattern_group,running,100.0,1,1
ExampleUntangleWormsBrightField,4,16,1791417860.706391,3325294,worker_0,W009,UntangleWorms,step_completed,success,55.55555555555556,10,18
ExampleUntangleWormsBrightField,4,16,1791417860.706924,3325294,worker_0,W009,ColorToGray,step_started,started,55.55555555555556,10,18
ExampleUntangleWormsBrightField,4,16,1791417860.7271912,3325294,worker_0,W009,ColorToGray,pattern_group,running,100.0,1,1
ExampleUntangleWormsBrightField,4,16,1791417860.7274375,3325294,worker_0,W009,ColorToGray,step_completed,success,61.111111111111114,11,18
ExampleUntangleWormsBrightField,4,16,1791417860.7277515,3325294,worker_0,W009,ImageMath,step_started,started,61.111111111111114,11,18
ExampleUntangleWormsBrightField,4,16,1791417860.7377965,3325294,worker_0,W009,ImageMath,pattern_group,running,100.0,1,1
ExampleUntangleWormsBrightField,4,16,1791417860.7379596,3325294,worker_0,W009,ImageMath,step_completed,success,66.66666666666666,12,18
ExampleUntangleWormsBrightField,4,16,1791417860.7385595,3325294,worker_0,W009,Crop,step_started,started,66.66666666666666,12,18
ExampleUntangleWormsBrightField,4,16,1791417860.7416773,3325296,worker_1,W010,MeasureObjectSizeShape,pattern_group,running,100.0,1,1
ExampleUntangleWormsBrightField,4,16,1791417860.7424521,3325296,worker_1,W010,MeasureObjectSizeShape,step_completed,success,83.33333333333334,15,18
ExampleUntangleWormsBrightField,4,16,1791417860.742785,3325296,worker_1,W010,RelateObjects,step_started,started,83.33333333333334,15,18
ExampleUntangleWormsBrightField,4,16,1791417860.743546,3325298,worker_2,W011,UntangleWorms,pattern_group,running,100.0,1,1
ExampleUntangleWormsBrightField,4,16,1791417860.7460058,3325298,worker_2,W011,UntangleWorms,step_completed,success,55.55555555555556,10,18
ExampleUntangleWormsBrightField,4,16,1791417860.7466705,3325298,worker_2,W011,ColorToGray,step_started,started,55.55555555555556,10,18
ExampleUntangleWormsBrightField,4,16,1791417860.754454,3325294,worker_0,W009,Crop,pattern_group,running,100.0,1,1
ExampleUntangleWormsBrightField,4,16,1791417860.7548106,3325294,worker_0,W009,Crop,step_completed,success,72.22222222222221,13,18
ExampleUntangleWormsBrightField,4,16,1791417860.7554386,3325294,worker_0,W009,IdentifyPrimaryObjects,step_started,started,72.22222222222221,13,18
ExampleUntangleWormsBrightField,4,16,1791417860.7612083,3325298,worker_2,W011,ColorToGray,pattern_group,running,100.0,1,1
ExampleUntangleWormsBrightField,4,16,1791417860.7614653,3325298,worker_2,W011,ColorToGray,step_completed,success,61.111111111111114,11,18
ExampleUntangleWormsBrightField,4,16,1791417860.7617607,3325298,worker_2,W011,ImageMath,step_started,started,61.111111111111114,11,18
ExampleUntangleWormsBrightField,4,16,1791417860.7721658,3325298,worker_2,W011,ImageMath,pattern_group,running,100.0,1,1
ExampleUntangleWormsBrightField,4,16,1791417860.7723415,3325298,worker_2,W011,ImageMath,step_completed,success,66.66666666666666,12,18
ExampleUntangleWormsBrightField,4,16,1791417860.7727506,3325298,worker_2,W011,Crop,step_started,started,66.66666666666666,12,18
ExampleUntangleWormsBrightField,4,16,1791417860.787386,3325298,worker_2,W011,Crop,pattern_group,running,100.0,1,1
ExampleUntangleWormsBrightField,4,16,1791417860.7876213,3325298,worker_2,W011,Crop,step_completed,success,72.22222222222221,13,18
ExampleUntangleWormsBrightField,4,16,1791417860.7880695,3325298,worker_2,W011,IdentifyPrimaryObjects,step_started,started,72.22222222222221,13,18
ExampleUntangleWormsBrightField,4,16,1791417860.800207,3325296,worker_1,W010,RelateObjects,pattern_group,running,100.0,1,1
ExampleUntangleWormsBrightField,4,16,1791417860.801804,3325296,worker_1,W010,RelateObjects,step_completed,success,88.88888888888889,16,18
ExampleUntangleWormsBrightField,4,16,1791417860.8024552,3325296,worker_1,W010,OverlayOutlines,step_started,started,88.88888888888889,16,18
ExampleUntangleWormsBrightField,4,16,1791417860.812478,3325300,worker_3,W012,UntangleWorms,pattern_group,running,100.0,1,1
ExampleUntangleWormsBrightField,4,16,1791417860.8153849,3325300,worker_3,W012,UntangleWorms,step_completed,success,55.55555555555556,10,18
ExampleUntangleWormsBrightField,4,16,1791417860.8161187,3325300,worker_3,W012,ColorToGray,step_started,started,55.55555555555556,10,18
ExampleUntangleWormsBrightField,4,16,1791417860.836334,3325300,worker_3,W012,ColorToGray,pattern_group,running,100.0,1,1
ExampleUntangleWormsBrightField,4,16,1791417860.836778,3325300,worker_3,W012,ColorToGray,step_completed,success,61.111111111111114,11,18
ExampleUntangleWormsBrightField,4,16,1791417860.837143,3325300,worker_3,W012,ImageMath,step_started,started,61.111111111111114,11,18
ExampleUntangleWormsBrightField,4,16,1791417860.8503613,3325300,worker_3,W012,ImageMath,pattern_group,running,100.0,1,1
ExampleUntangleWormsBrightField,4,16,1791417860.850548,3325300,worker_3,W012,ImageMath,step_completed,success,66.66666666666666,12,18
ExampleUntangleWormsBrightField,4,16,1791417860.8509884,3325300,worker_3,W012,Crop,step_started,started,66.66666666666666,12,18
ExampleUntangleWormsBrightField,4,16,1791417860.866365,3325300,worker_3,W012,Crop,pattern_group,running,100.0,1,1
ExampleUntangleWormsBrightField,4,16,1791417860.8666573,3325300,worker_3,W012,Crop,step_completed,success,72.22222222222221,13,18
ExampleUntangleWormsBrightField,4,16,1791417860.867133,3325300,worker_3,W012,IdentifyPrimaryObjects,step_started,started,72.22222222222221,13,18
ExampleUntangleWormsBrightField,4,16,1791417860.8766015,3325294,worker_0,W009,IdentifyPrimaryObjects,pattern_group,running,100.0,1,1
ExampleUntangleWormsBrightField,4,16,1791417860.8774433,3325294,worker_0,W009,IdentifyPrimaryObjects,step_completed,success,77.77777777777779,14,18
ExampleUntangleWormsBrightField,4,16,1791417860.8781073,3325294,worker_0,W009,MeasureObjectSizeShape,step_started,started,77.77777777777779,14,18
ExampleUntangleWormsBrightField,4,16,1791417860.8954024,3325298,worker_2,W011,IdentifyPrimaryObjects,pattern_group,running,100.0,1,1
ExampleUntangleWormsBrightField,4,16,1791417860.8960538,3325298,worker_2,W011,IdentifyPrimaryObjects,step_completed,success,77.77777777777779,14,18
ExampleUntangleWormsBrightField,4,16,1791417860.8967373,3325298,worker_2,W011,MeasureObjectSizeShape,step_started,started,77.77777777777779,14,18
ExampleUntangleWormsBrightField,4,16,1791417860.9170845,3325294,worker_0,W009,MeasureObjectSizeShape,pattern_group,running,100.0,1,1
ExampleUntangleWormsBrightField,4,16,1791417860.9178677,3325294,worker_0,W009,MeasureObjectSizeShape,step_completed,success,83.33333333333334,15,18
ExampleUntangleWormsBrightField,4,16,1791417860.9182248,3325294,worker_0,W009,RelateObjects,step_started,started,83.33333333333334,15,18
ExampleUntangleWormsBrightField,4,16,1791417860.9300797,3325298,worker_2,W011,MeasureObjectSizeShape,pattern_group,running,100.0,1,1
ExampleUntangleWormsBrightField,4,16,1791417860.930836,3325298,worker_2,W011,MeasureObjectSizeShape,step_completed,success,83.33333333333334,15,18
ExampleUntangleWormsBrightField,4,16,1791417860.9311688,3325298,worker_2,W011,RelateObjects,step_started,started,83.33333333333334,15,18
ExampleUntangleWormsBrightField,4,16,1791417860.9556632,3325296,worker_1,W010,OverlayOutlines,pattern_group,running,100.0,1,1
ExampleUntangleWormsBrightField,4,16,1791417860.9558415,3325296,worker_1,W010,OverlayOutlines,step_completed,success,94.44444444444444,17,18
ExampleUntangleWormsBrightField,4,16,1791417860.956726,3325296,worker_1,W010,pipeline,axis_completed,success,94.44444444444444,17,18
ExampleUntangleWormsBrightField,4,16,1791417860.9567823,3325296,worker_1,W014,pipeline,axis_started,started,0.0,0,18
ExampleUntangleWormsBrightField,4,16,1791417860.9602356,3325296,worker_1,W014,ColorToGray,step_started,started,0.0,0,18
ExampleUntangleWormsBrightField,4,16,1791417860.9689746,3325300,worker_3,W012,IdentifyPrimaryObjects,pattern_group,running,100.0,1,1
ExampleUntangleWormsBrightField,4,16,1791417860.9695718,3325300,worker_3,W012,IdentifyPrimaryObjects,step_completed,success,77.77777777777779,14,18
ExampleUntangleWormsBrightField,4,16,1791417860.9702117,3325300,worker_3,W012,MeasureObjectSizeShape,step_started,started,77.77777777777779,14,18
ExampleUntangleWormsBrightField,4,16,1791417860.970314,3325294,worker_0,W009,RelateObjects,pattern_group,running,100.0,1,1
ExampleUntangleWormsBrightField,4,16,1791417860.9714622,3325294,worker_0,W009,RelateObjects,step_completed,success,88.88888888888889,16,18
ExampleUntangleWormsBrightField,4,16,1791417860.97199,3325294,worker_0,W009,OverlayOutlines,step_started,started,88.88888888888889,16,18
ExampleUntangleWormsBrightField,4,16,1791417860.9839847,3325298,worker_2,W011,RelateObjects,pattern_group,running,100.0,1,1
ExampleUntangleWormsBrightField,4,16,1791417860.985485,3325298,worker_2,W011,RelateObjects,step_completed,success,88.88888888888889,16,18
ExampleUntangleWormsBrightField,4,16,1791417860.986138,3325298,worker_2,W011,OverlayOutlines,step_started,started,88.88888888888889,16,18
ExampleUntangleWormsBrightField,4,16,1791417861.0015633,3325300,worker_3,W012,MeasureObjectSizeShape,pattern_group,running,100.0,1,1
ExampleUntangleWormsBrightField,4,16,1791417861.002462,3325300,worker_3,W012,MeasureObjectSizeShape,step_completed,success,83.33333333333334,15,18
ExampleUntangleWormsBrightField,4,16,1791417861.0029438,3325300,worker_3,W012,RelateObjects,step_started,started,83.33333333333334,15,18
ExampleUntangleWormsBrightField,4,16,1791417861.0163128,3325296,worker_1,W014,ColorToGray,pattern_group,running,100.0,1,1
ExampleUntangleWormsBrightField,4,16,1791417861.0164654,3325296,worker_1,W014,ColorToGray,step_completed,success,5.555555555555555,1,18
ExampleUntangleWormsBrightField,4,16,1791417861.016727,3325296,worker_1,W014,CorrectIlluminationCalculate,step_started,started,5.555555555555555,1,18
ExampleUntangleWormsBrightField,4,16,1791417861.0514116,3325300,worker_3,W012,RelateObjects,pattern_group,running,100.0,1,1
ExampleUntangleWormsBrightField,4,16,1791417861.0527008,3325300,worker_3,W012,RelateObjects,step_completed,success,88.88888888888889,16,18
ExampleUntangleWormsBrightField,4,16,1791417861.0534112,3325300,worker_3,W012,OverlayOutlines,step_started,started,88.88888888888889,16,18
ExampleUntangleWormsBrightField,4,16,1791417861.113868,3325294,worker_0,W009,OverlayOutlines,pattern_group,running,100.0,1,1
ExampleUntangleWormsBrightField,4,16,1791417861.114066,3325294,worker_0,W009,OverlayOutlines,step_completed,success,94.44444444444444,17,18
ExampleUntangleWormsBrightField,4,16,1791417861.1149328,3325294,worker_0,W009,pipeline,axis_completed,success,94.44444444444444,17,18
ExampleUntangleWormsBrightField,4,16,1791417861.1149855,3325294,worker_0,W013,pipeline,axis_started,started,0.0,0,18
ExampleUntangleWormsBrightField,4,16,1791417861.1187563,3325294,worker_0,W013,ColorToGray,step_started,started,0.0,0,18
ExampleUntangleWormsBrightField,4,16,1791417861.1210558,3325296,worker_1,W014,CorrectIlluminationCalculate,pattern_group,running,100.0,1,1
ExampleUntangleWormsBrightField,4,16,1791417861.1212003,3325296,worker_1,W014,CorrectIlluminationCalculate,step_completed,success,11.11111111111111,2,18
ExampleUntangleWormsBrightField,4,16,1791417861.121471,3325296,worker_1,W014,CorrectIlluminationApply,step_started,started,11.11111111111111,2,18
ExampleUntangleWormsBrightField,4,16,1791417861.120194,3325298,worker_2,W011,OverlayOutlines,pattern_group,running,100.0,1,1
ExampleUntangleWormsBrightField,4,16,1791417861.1203694,3325298,worker_2,W011,OverlayOutlines,step_completed,success,94.44444444444444,17,18
ExampleUntangleWormsBrightField,4,16,1791417861.121193,3325298,worker_2,W011,pipeline,axis_completed,success,94.44444444444444,17,18
ExampleUntangleWormsBrightField,4,16,1791417861.1212425,3325298,worker_2,W015,pipeline,axis_started,started,0.0,0,18
ExampleUntangleWormsBrightField,4,16,1791417861.1248348,3325298,worker_2,W015,ColorToGray,step_started,started,0.0,0,18
ExampleUntangleWormsBrightField,4,16,1791417861.1375396,3325296,worker_1,W014,CorrectIlluminationApply,pattern_group,running,100.0,1,1
ExampleUntangleWormsBrightField,4,16,1791417861.1376863,3325296,worker_1,W014,CorrectIlluminationApply,step_completed,success,16.666666666666664,3,18
ExampleUntangleWormsBrightField,4,16,1791417861.1380107,3325296,worker_1,W014,ImageMath,step_started,started,16.666666666666664,3,18
ExampleUntangleWormsBrightField,4,16,1791417861.1464415,3325296,worker_1,W014,ImageMath,pattern_group,running,100.0,1,1
ExampleUntangleWormsBrightField,4,16,1791417861.1465983,3325296,worker_1,W014,ImageMath,step_completed,success,22.22222222222222,4,18
ExampleUntangleWormsBrightField,4,16,1791417861.1469467,3325296,worker_1,W014,Threshold,step_started,started,22.22222222222222,4,18
ExampleUntangleWormsBrightField,4,16,1791417861.1785934,3325296,worker_1,W014,Threshold,pattern_group,running,100.0,1,1
ExampleUntangleWormsBrightField,4,16,1791417861.179177,3325296,worker_1,W014,Threshold,step_completed,success,27.77777777777778,5,18
ExampleUntangleWormsBrightField,4,16,1791417861.1797912,3325296,worker_1,W014,ErodeImage,step_started,started,27.77777777777778,5,18
ExampleUntangleWormsBrightField,4,16,1791417861.182811,3325294,worker_0,W013,ColorToGray,pattern_group,running,100.0,1,1
ExampleUntangleWormsBrightField,4,16,1791417861.1832154,3325294,worker_0,W013,ColorToGray,step_completed,success,5.555555555555555,1,18
ExampleUntangleWormsBrightField,4,16,1791417861.183548,3325294,worker_0,W013,CorrectIlluminationCalculate,step_started,started,5.555555555555555,1,18
ExampleUntangleWormsBrightField,4,16,1791417861.1913962,3325298,worker_2,W015,ColorToGray,pattern_group,running,100.0,1,1
ExampleUntangleWormsBrightField,4,16,1791417861.1916234,3325298,worker_2,W015,ColorToGray,step_completed,success,5.555555555555555,1,18
ExampleUntangleWormsBrightField,4,16,1791417861.1919155,3325298,worker_2,W015,CorrectIlluminationCalculate,step_started,started,5.555555555555555,1,18
ExampleUntangleWormsBrightField,4,16,1791417861.1944604,3325300,worker_3,W012,OverlayOutlines,pattern_group,running,100.0,1,1
ExampleUntangleWormsBrightField,4,16,1791417861.19464,3325300,worker_3,W012,OverlayOutlines,step_completed,success,94.44444444444444,17,18
ExampleUntangleWormsBrightField,4,16,1791417861.195554,3325300,worker_3,W012,pipeline,axis_completed,success,94.44444444444444,17,18
ExampleUntangleWormsBrightField,4,16,1791417861.1956148,3325300,worker_3,W016,pipeline,axis_started,started,0.0,0,18
ExampleUntangleWormsBrightField,4,16,1791417861.199344,3325300,worker_3,W016,ColorToGray,step_started,started,0.0,0,18
ExampleUntangleWormsBrightField,4,16,1791417861.2333326,3325296,worker_1,W014,ErodeImage,pattern_group,running,100.0,1,1
ExampleUntangleWormsBrightField,4,16,1791417861.233579,3325296,worker_1,W014,ErodeImage,step_completed,success,33.33333333333333,6,18
ExampleUntangleWormsBrightField,4,16,1791417861.234126,3325296,worker_1,W014,Crop,step_started,started,33.33333333333333,6,18
ExampleUntangleWormsBrightField,4,16,1791417861.258877,3325296,worker_1,W014,Crop,pattern_group,running,100.0,1,1
ExampleUntangleWormsBrightField,4,16,1791417861.259339,3325296,worker_1,W014,Crop,step_completed,success,38.88888888888889,7,18
ExampleUntangleWormsBrightField,4,16,1791417861.2598772,3325296,worker_1,W014,IdentifyPrimaryObjects,step_started,started,38.88888888888889,7,18
ExampleUntangleWormsBrightField,4,16,1791417861.2616513,3325300,worker_3,W016,ColorToGray,pattern_group,running,100.0,1,1
ExampleUntangleWormsBrightField,4,16,1791417861.261813,3325300,worker_3,W016,ColorToGray,step_completed,success,5.555555555555555,1,18
ExampleUntangleWormsBrightField,4,16,1791417861.2621295,3325300,worker_3,W016,CorrectIlluminationCalculate,step_started,started,5.555555555555555,1,18
ExampleUntangleWormsBrightField,4,16,1791417861.3110087,3325298,worker_2,W015,CorrectIlluminationCalculate,pattern_group,running,100.0,1,1
ExampleUntangleWormsBrightField,4,16,1791417861.3110747,3325294,worker_0,W013,CorrectIlluminationCalculate,pattern_group,running,100.0,1,1
ExampleUntangleWormsBrightField,4,16,1791417861.311188,3325298,worker_2,W015,CorrectIlluminationCalculate,step_completed,success,11.11111111111111,2,18
ExampleUntangleWormsBrightField,4,16,1791417861.3114707,3325298,worker_2,W015,CorrectIlluminationApply,step_started,started,11.11111111111111,2,18
ExampleUntangleWormsBrightField,4,16,1791417861.3112345,3325294,worker_0,W013,CorrectIlluminationCalculate,step_completed,success,11.11111111111111,2,18
ExampleUntangleWormsBrightField,4,16,1791417861.311514,3325294,worker_0,W013,CorrectIlluminationApply,step_started,started,11.11111111111111,2,18
ExampleUntangleWormsBrightField,4,16,1791417861.3339787,3325294,worker_0,W013,CorrectIlluminationApply,pattern_group,running,100.0,1,1
ExampleUntangleWormsBrightField,4,16,1791417861.3342013,3325294,worker_0,W013,CorrectIlluminationApply,step_completed,success,16.666666666666664,3,18
ExampleUntangleWormsBrightField,4,16,1791417861.3345597,3325294,worker_0,W013,ImageMath,step_started,started,16.666666666666664,3,18
ExampleUntangleWormsBrightField,4,16,1791417861.3342798,3325298,worker_2,W015,CorrectIlluminationApply,pattern_group,running,100.0,1,1
ExampleUntangleWormsBrightField,4,16,1791417861.334454,3325298,worker_2,W015,CorrectIlluminationApply,step_completed,success,16.666666666666664,3,18
ExampleUntangleWormsBrightField,4,16,1791417861.3347888,3325298,worker_2,W015,ImageMath,step_started,started,16.666666666666664,3,18
ExampleUntangleWormsBrightField,4,16,1791417861.3539774,3325298,worker_2,W015,ImageMath,pattern_group,running,100.0,1,1
ExampleUntangleWormsBrightField,4,16,1791417861.354139,3325298,worker_2,W015,ImageMath,step_completed,success,22.22222222222222,4,18
ExampleUntangleWormsBrightField,4,16,1791417861.3544781,3325298,worker_2,W015,Threshold,step_started,started,22.22222222222222,4,18
ExampleUntangleWormsBrightField,4,16,1791417861.3550947,3325294,worker_0,W013,ImageMath,pattern_group,running,100.0,1,1
ExampleUntangleWormsBrightField,4,16,1791417861.355234,3325294,worker_0,W013,ImageMath,step_completed,success,22.22222222222222,4,18
ExampleUntangleWormsBrightField,4,16,1791417861.3555734,3325294,worker_0,W013,Threshold,step_started,started,22.22222222222222,4,18
ExampleUntangleWormsBrightField,4,16,1791417861.3830926,3325298,worker_2,W015,Threshold,pattern_group,running,100.0,1,1
ExampleUntangleWormsBrightField,4,16,1791417861.3833644,3325298,worker_2,W015,Threshold,step_completed,success,27.77777777777778,5,18
ExampleUntangleWormsBrightField,4,16,1791417861.3837183,3325298,worker_2,W015,ErodeImage,step_started,started,27.77777777777778,5,18
ExampleUntangleWormsBrightField,4,16,1791417861.3840802,3325294,worker_0,W013,Threshold,pattern_group,running,100.0,1,1
ExampleUntangleWormsBrightField,4,16,1791417861.3844507,3325294,worker_0,W013,Threshold,step_completed,success,27.77777777777778,5,18
ExampleUntangleWormsBrightField,4,16,1791417861.384958,3325294,worker_0,W013,ErodeImage,step_started,started,27.77777777777778,5,18
ExampleUntangleWormsBrightField,4,16,1791417861.393554,3325296,worker_1,W014,IdentifyPrimaryObjects,pattern_group,running,100.0,1,1
ExampleUntangleWormsBrightField,4,16,1791417861.3941317,3325296,worker_1,W014,IdentifyPrimaryObjects,step_completed,success,44.44444444444444,8,18
ExampleUntangleWormsBrightField,4,16,1791417861.3946745,3325296,worker_1,W014,ConvertObjectsToImage,step_started,started,44.44444444444444,8,18
ExampleUntangleWormsBrightField,4,16,1791417861.3944495,3325300,worker_3,W016,CorrectIlluminationCalculate,pattern_group,running,100.0,1,1
ExampleUntangleWormsBrightField,4,16,1791417861.3945835,3325300,worker_3,W016,CorrectIlluminationCalculate,step_completed,success,11.11111111111111,2,18
ExampleUntangleWormsBrightField,4,16,1791417861.3948426,3325300,worker_3,W016,CorrectIlluminationApply,step_started,started,11.11111111111111,2,18
ExampleUntangleWormsBrightField,4,16,1791417861.4020767,3325296,worker_1,W014,ConvertObjectsToImage,pattern_group,running,100.0,1,1
ExampleUntangleWormsBrightField,4,16,1791417861.4026713,3325296,worker_1,W014,ConvertObjectsToImage,step_completed,success,50.0,9,18
ExampleUntangleWormsBrightField,4,16,1791417861.4034219,3325296,worker_1,W014,UntangleWorms,step_started,started,50.0,9,18
ExampleUntangleWormsBrightField,4,16,1791417861.4114106,3325300,worker_3,W016,CorrectIlluminationApply,pattern_group,running,100.0,1,1
ExampleUntangleWormsBrightField,4,16,1791417861.4115589,3325300,worker_3,W016,CorrectIlluminationApply,step_completed,success,16.666666666666664,3,18
ExampleUntangleWormsBrightField,4,16,1791417861.41189,3325300,worker_3,W016,ImageMath,step_started,started,16.666666666666664,3,18
ExampleUntangleWormsBrightField,4,16,1791417861.4213321,3325300,worker_3,W016,ImageMath,pattern_group,running,100.0,1,1
ExampleUntangleWormsBrightField,4,16,1791417861.4214835,3325300,worker_3,W016,ImageMath,step_completed,success,22.22222222222222,4,18
ExampleUntangleWormsBrightField,4,16,1791417861.4218075,3325300,worker_3,W016,Threshold,step_started,started,22.22222222222222,4,18
ExampleUntangleWormsBrightField,4,16,1791417861.439426,3325298,worker_2,W015,ErodeImage,pattern_group,running,100.0,1,1
ExampleUntangleWormsBrightField,4,16,1791417861.439603,3325298,worker_2,W015,ErodeImage,step_completed,success,33.33333333333333,6,18
ExampleUntangleWormsBrightField,4,16,1791417861.4399605,3325298,worker_2,W015,Crop,step_started,started,33.33333333333333,6,18
ExampleUntangleWormsBrightField,4,16,1791417861.4406683,3325294,worker_0,W013,ErodeImage,pattern_group,running,100.0,1,1
ExampleUntangleWormsBrightField,4,16,1791417861.4408176,3325294,worker_0,W013,ErodeImage,step_completed,success,33.33333333333333,6,18
ExampleUntangleWormsBrightField,4,16,1791417861.441165,3325294,worker_0,W013,Crop,step_started,started,33.33333333333333,6,18
ExampleUntangleWormsBrightField,4,16,1791417861.4495375,3325300,worker_3,W016,Threshold,pattern_group,running,100.0,1,1
ExampleUntangleWormsBrightField,4,16,1791417861.4498754,3325300,worker_3,W016,Threshold,step_completed,success,27.77777777777778,5,18
ExampleUntangleWormsBrightField,4,16,1791417861.450251,3325300,worker_3,W016,ErodeImage,step_started,started,27.77777777777778,5,18
ExampleUntangleWormsBrightField,4,16,1791417861.455932,3325298,worker_2,W015,Crop,pattern_group,running,100.0,1,1
ExampleUntangleWormsBrightField,4,16,1791417861.456171,3325298,worker_2,W015,Crop,step_completed,success,38.88888888888889,7,18
ExampleUntangleWormsBrightField,4,16,1791417861.45657,3325298,worker_2,W015,IdentifyPrimaryObjects,step_started,started,38.88888888888889,7,18
ExampleUntangleWormsBrightField,4,16,1791417861.4574702,3325294,worker_0,W013,Crop,pattern_group,running,100.0,1,1
ExampleUntangleWormsBrightField,4,16,1791417861.4576895,3325294,worker_0,W013,Crop,step_completed,success,38.88888888888889,7,18
ExampleUntangleWormsBrightField,4,16,1791417861.4580731,3325294,worker_0,W013,IdentifyPrimaryObjects,step_started,started,38.88888888888889,7,18
ExampleUntangleWormsBrightField,4,16,1791417861.5014627,3325300,worker_3,W016,ErodeImage,pattern_group,running,100.0,1,1
ExampleUntangleWormsBrightField,4,16,1791417861.5016344,3325300,worker_3,W016,ErodeImage,step_completed,success,33.33333333333333,6,18
ExampleUntangleWormsBrightField,4,16,1791417861.5019953,3325300,worker_3,W016,Crop,step_started,started,33.33333333333333,6,18
ExampleUntangleWormsBrightField,4,16,1791417861.5204766,3325300,worker_3,W016,Crop,pattern_group,running,100.0,1,1
ExampleUntangleWormsBrightField,4,16,1791417861.520737,3325300,worker_3,W016,Crop,step_completed,success,38.88888888888889,7,18
ExampleUntangleWormsBrightField,4,16,1791417861.521142,3325300,worker_3,W016,IdentifyPrimaryObjects,step_started,started,38.88888888888889,7,18
ExampleUntangleWormsBrightField,4,16,1791417861.5797248,3325298,worker_2,W015,IdentifyPrimaryObjects,pattern_group,running,100.0,1,1
ExampleUntangleWormsBrightField,4,16,1791417861.5803623,3325298,worker_2,W015,IdentifyPrimaryObjects,step_completed,success,44.44444444444444,8,18
ExampleUntangleWormsBrightField,4,16,1791417861.5809267,3325298,worker_2,W015,ConvertObjectsToImage,step_started,started,44.44444444444444,8,18
ExampleUntangleWormsBrightField,4,16,1791417861.5832074,3325294,worker_0,W013,IdentifyPrimaryObjects,pattern_group,running,100.0,1,1
ExampleUntangleWormsBrightField,4,16,1791417861.584323,3325294,worker_0,W013,IdentifyPrimaryObjects,step_completed,success,44.44444444444444,8,18
ExampleUntangleWormsBrightField,4,16,1791417861.5866525,3325294,worker_0,W013,ConvertObjectsToImage,step_started,started,44.44444444444444,8,18
ExampleUntangleWormsBrightField,4,16,1791417861.5913,3325298,worker_2,W015,ConvertObjectsToImage,pattern_group,running,100.0,1,1
ExampleUntangleWormsBrightField,4,16,1791417861.5914974,3325298,worker_2,W015,ConvertObjectsToImage,step_completed,success,50.0,9,18
ExampleUntangleWormsBrightField,4,16,1791417861.592402,3325298,worker_2,W015,UntangleWorms,step_started,started,50.0,9,18
ExampleUntangleWormsBrightField,4,16,1791417861.5948565,3325294,worker_0,W013,ConvertObjectsToImage,pattern_group,running,100.0,1,1
ExampleUntangleWormsBrightField,4,16,1791417861.5951266,3325294,worker_0,W013,ConvertObjectsToImage,step_completed,success,50.0,9,18
ExampleUntangleWormsBrightField,4,16,1791417861.5970411,3325294,worker_0,W013,UntangleWorms,step_started,started,50.0,9,18
ExampleUntangleWormsBrightField,4,16,1791417861.640478,3325300,worker_3,W016,IdentifyPrimaryObjects,pattern_group,running,100.0,1,1
ExampleUntangleWormsBrightField,4,16,1791417861.6410682,3325300,worker_3,W016,IdentifyPrimaryObjects,step_completed,success,44.44444444444444,8,18
ExampleUntangleWormsBrightField,4,16,1791417861.6416218,3325300,worker_3,W016,ConvertObjectsToImage,step_started,started,44.44444444444444,8,18
ExampleUntangleWormsBrightField,4,16,1791417861.6482594,3325300,worker_3,W016,ConvertObjectsToImage,pattern_group,running,100.0,1,1
ExampleUntangleWormsBrightField,4,16,1791417861.6484354,3325300,worker_3,W016,ConvertObjectsToImage,step_completed,success,50.0,9,18
ExampleUntangleWormsBrightField,4,16,1791417861.6491213,3325300,worker_3,W016,UntangleWorms,step_started,started,50.0,9,18
ExampleUntangleWormsBrightField,4,16,1791417861.9726048,3325296,worker_1,W014,UntangleWorms,pattern_group,running,100.0,1,1
ExampleUntangleWormsBrightField,4,16,1791417861.975169,3325296,worker_1,W014,UntangleWorms,step_completed,success,55.55555555555556,10,18
ExampleUntangleWormsBrightField,4,16,1791417861.975792,3325296,worker_1,W014,ColorToGray,step_started,started,55.55555555555556,10,18
ExampleUntangleWormsBrightField,4,16,1791417861.9980466,3325296,worker_1,W014,ColorToGray,pattern_group,running,100.0,1,1
ExampleUntangleWormsBrightField,4,16,1791417861.998656,3325296,worker_1,W014,ColorToGray,step_completed,success,61.111111111111114,11,18
ExampleUntangleWormsBrightField,4,16,1791417861.999194,3325296,worker_1,W014,ImageMath,step_started,started,61.111111111111114,11,18
ExampleUntangleWormsBrightField,4,16,1791417862.0233288,3325296,worker_1,W014,ImageMath,pattern_group,running,100.0,1,1
ExampleUntangleWormsBrightField,4,16,1791417862.023517,3325296,worker_1,W014,ImageMath,step_completed,success,66.66666666666666,12,18
ExampleUntangleWormsBrightField,4,16,1791417862.0239444,3325296,worker_1,W014,Crop,step_started,started,66.66666666666666,12,18
ExampleUntangleWormsBrightField,4,16,1791417862.0373175,3325296,worker_1,W014,Crop,pattern_group,running,100.0,1,1
ExampleUntangleWormsBrightField,4,16,1791417862.037575,3325296,worker_1,W014,Crop,step_completed,success,72.22222222222221,13,18
ExampleUntangleWormsBrightField,4,16,1791417862.038031,3325296,worker_1,W014,IdentifyPrimaryObjects,step_started,started,72.22222222222221,13,18
ExampleUntangleWormsBrightField,4,16,1791417862.128796,3325296,worker_1,W014,IdentifyPrimaryObjects,pattern_group,running,100.0,1,1
ExampleUntangleWormsBrightField,4,16,1791417862.1293921,3325296,worker_1,W014,IdentifyPrimaryObjects,step_completed,success,77.77777777777779,14,18
ExampleUntangleWormsBrightField,4,16,1791417862.1300085,3325296,worker_1,W014,MeasureObjectSizeShape,step_started,started,77.77777777777779,14,18
ExampleUntangleWormsBrightField,4,16,1791417862.1607478,3325296,worker_1,W014,MeasureObjectSizeShape,pattern_group,running,100.0,1,1
ExampleUntangleWormsBrightField,4,16,1791417862.16149,3325296,worker_1,W014,MeasureObjectSizeShape,step_completed,success,83.33333333333334,15,18
ExampleUntangleWormsBrightField,4,16,1791417862.1618361,3325296,worker_1,W014,RelateObjects,step_started,started,83.33333333333334,15,18
ExampleUntangleWormsBrightField,4,16,1791417862.1846623,3325294,worker_0,W013,UntangleWorms,pattern_group,running,100.0,1,1
ExampleUntangleWormsBrightField,4,16,1791417862.1872473,3325294,worker_0,W013,UntangleWorms,step_completed,success,55.55555555555556,10,18
ExampleUntangleWormsBrightField,4,16,1791417862.1876948,3325294,worker_0,W013,ColorToGray,step_started,started,55.55555555555556,10,18
ExampleUntangleWormsBrightField,4,16,1791417862.1862302,3325298,worker_2,W015,UntangleWorms,pattern_group,running,100.0,1,1
ExampleUntangleWormsBrightField,4,16,1791417862.1906796,3325298,worker_2,W015,UntangleWorms,step_completed,success,55.55555555555556,10,18
ExampleUntangleWormsBrightField,4,16,1791417862.1911597,3325298,worker_2,W015,ColorToGray,step_started,started,55.55555555555556,10,18
ExampleUntangleWormsBrightField,4,16,1791417862.2099886,3325296,worker_1,W014,RelateObjects,pattern_group,running,100.0,1,1
ExampleUntangleWormsBrightField,4,16,1791417862.2112217,3325296,worker_1,W014,RelateObjects,step_completed,success,88.88888888888889,16,18
ExampleUntangleWormsBrightField,4,16,1791417862.211798,3325296,worker_1,W014,OverlayOutlines,step_started,started,88.88888888888889,16,18
ExampleUntangleWormsBrightField,4,16,1791417862.208526,3325294,worker_0,W013,ColorToGray,pattern_group,running,100.0,1,1
ExampleUntangleWormsBrightField,4,16,1791417862.2088902,3325294,worker_0,W013,ColorToGray,step_completed,success,61.111111111111114,11,18
ExampleUntangleWormsBrightField,4,16,1791417862.2092865,3325294,worker_0,W013,ImageMath,step_started,started,61.111111111111114,11,18
ExampleUntangleWormsBrightField,4,16,1791417862.2118645,3325298,worker_2,W015,ColorToGray,pattern_group,running,100.0,1,1
ExampleUntangleWormsBrightField,4,16,1791417862.2120993,3325298,worker_2,W015,ColorToGray,step_completed,success,61.111111111111114,11,18
ExampleUntangleWormsBrightField,4,16,1791417862.2140722,3325298,worker_2,W015,ImageMath,step_started,started,61.111111111111114,11,18
ExampleUntangleWormsBrightField,4,16,1791417862.2234154,3325294,worker_0,W013,ImageMath,pattern_group,running,100.0,1,1
ExampleUntangleWormsBrightField,4,16,1791417862.2263963,3325294,worker_0,W013,ImageMath,step_completed,success,66.66666666666666,12,18
ExampleUntangleWormsBrightField,4,16,1791417862.2270408,3325294,worker_0,W013,Crop,step_started,started,66.66666666666666,12,18
ExampleUntangleWormsBrightField,4,16,1791417862.23115,3325298,worker_2,W015,ImageMath,pattern_group,running,100.0,1,1
ExampleUntangleWormsBrightField,4,16,1791417862.231327,3325298,worker_2,W015,ImageMath,step_completed,success,66.66666666666666,12,18
ExampleUntangleWormsBrightField,4,16,1791417862.23174,3325298,worker_2,W015,Crop,step_started,started,66.66666666666666,12,18
ExampleUntangleWormsBrightField,4,16,1791417862.2409215,3325294,worker_0,W013,Crop,pattern_group,running,100.0,1,1
ExampleUntangleWormsBrightField,4,16,1791417862.2411623,3325294,worker_0,W013,Crop,step_completed,success,72.22222222222221,13,18
ExampleUntangleWormsBrightField,4,16,1791417862.2416158,3325294,worker_0,W013,IdentifyPrimaryObjects,step_started,started,72.22222222222221,13,18
ExampleUntangleWormsBrightField,4,16,1791417862.2450106,3325298,worker_2,W015,Crop,pattern_group,running,100.0,1,1
ExampleUntangleWormsBrightField,4,16,1791417862.2452576,3325298,worker_2,W015,Crop,step_completed,success,72.22222222222221,13,18
ExampleUntangleWormsBrightField,4,16,1791417862.2457328,3325298,worker_2,W015,IdentifyPrimaryObjects,step_started,started,72.22222222222221,13,18
ExampleUntangleWormsBrightField,4,16,1791417862.250604,3325300,worker_3,W016,UntangleWorms,pattern_group,running,100.0,1,1
ExampleUntangleWormsBrightField,4,16,1791417862.252898,3325300,worker_3,W016,UntangleWorms,step_completed,success,55.55555555555556,10,18
ExampleUntangleWormsBrightField,4,16,1791417862.2534132,3325300,worker_3,W016,ColorToGray,step_started,started,55.55555555555556,10,18
ExampleUntangleWormsBrightField,4,16,1791417862.2735121,3325300,worker_3,W016,ColorToGray,pattern_group,running,100.0,1,1
ExampleUntangleWormsBrightField,4,16,1791417862.273787,3325300,worker_3,W016,ColorToGray,step_completed,success,61.111111111111114,11,18
ExampleUntangleWormsBrightField,4,16,1791417862.2741337,3325300,worker_3,W016,ImageMath,step_started,started,61.111111111111114,11,18
ExampleUntangleWormsBrightField,4,16,1791417862.2872505,3325300,worker_3,W016,ImageMath,pattern_group,running,100.0,1,1
ExampleUntangleWormsBrightField,4,16,1791417862.287546,3325300,worker_3,W016,ImageMath,step_completed,success,66.66666666666666,12,18
ExampleUntangleWormsBrightField,4,16,1791417862.288158,3325300,worker_3,W016,Crop,step_started,started,66.66666666666666,12,18
ExampleUntangleWormsBrightField,4,16,1791417862.3069756,3325300,worker_3,W016,Crop,pattern_group,running,100.0,1,1
ExampleUntangleWormsBrightField,4,16,1791417862.3074532,3325300,worker_3,W016,Crop,step_completed,success,72.22222222222221,13,18
ExampleUntangleWormsBrightField,4,16,1791417862.3082342,3325300,worker_3,W016,IdentifyPrimaryObjects,step_started,started,72.22222222222221,13,18
ExampleUntangleWormsBrightField,4,16,1791417862.3547897,3325294,worker_0,W013,IdentifyPrimaryObjects,pattern_group,running,100.0,1,1
ExampleUntangleWormsBrightField,4,16,1791417862.3554428,3325294,worker_0,W013,IdentifyPrimaryObjects,step_completed,success,77.77777777777779,14,18
ExampleUntangleWormsBrightField,4,16,1791417862.3561492,3325294,worker_0,W013,MeasureObjectSizeShape,step_started,started,77.77777777777779,14,18
ExampleUntangleWormsBrightField,4,16,1791417862.3534715,3325296,worker_1,W014,OverlayOutlines,pattern_group,running,100.0,1,1
ExampleUntangleWormsBrightField,4,16,1791417862.3536468,3325296,worker_1,W014,OverlayOutlines,step_completed,success,94.44444444444444,17,18
ExampleUntangleWormsBrightField,4,16,1791417862.354534,3325296,worker_1,W014,pipeline,axis_completed,success,94.44444444444444,17,18
ExampleUntangleWormsBrightField,4,16,1791417862.3652375,3325298,worker_2,W015,IdentifyPrimaryObjects,pattern_group,running,100.0,1,1
ExampleUntangleWormsBrightField,4,16,1791417862.365891,3325298,worker_2,W015,IdentifyPrimaryObjects,step_completed,success,77.77777777777779,14,18
ExampleUntangleWormsBrightField,4,16,1791417862.3665693,3325298,worker_2,W015,MeasureObjectSizeShape,step_started,started,77.77777777777779,14,18
ExampleUntangleWormsBrightField,4,16,1791417862.3901567,3325294,worker_0,W013,MeasureObjectSizeShape,pattern_group,running,100.0,1,1
ExampleUntangleWormsBrightField,4,16,1791417862.391574,3325294,worker_0,W013,MeasureObjectSizeShape,step_completed,success,83.33333333333334,15,18
ExampleUntangleWormsBrightField,4,16,1791417862.392,3325294,worker_0,W013,RelateObjects,step_started,started,83.33333333333334,15,18
ExampleUntangleWormsBrightField,4,16,1791417862.398451,3325298,worker_2,W015,MeasureObjectSizeShape,pattern_group,running,100.0,1,1
ExampleUntangleWormsBrightField,4,16,1791417862.3992171,3325298,worker_2,W015,MeasureObjectSizeShape,step_completed,success,83.33333333333334,15,18
ExampleUntangleWormsBrightField,4,16,1791417862.3996224,3325298,worker_2,W015,RelateObjects,step_started,started,83.33333333333334,15,18
ExampleUntangleWormsBrightField,4,16,1791417862.417909,3325300,worker_3,W016,IdentifyPrimaryObjects,pattern_group,running,100.0,1,1
ExampleUntangleWormsBrightField,4,16,1791417862.4184852,3325300,worker_3,W016,IdentifyPrimaryObjects,step_completed,success,77.77777777777779,14,18
ExampleUntangleWormsBrightField,4,16,1791417862.4191082,3325300,worker_3,W016,MeasureObjectSizeShape,step_started,started,77.77777777777779,14,18
ExampleUntangleWormsBrightField,4,16,1791417862.4372256,3325294,worker_0,W013,RelateObjects,pattern_group,running,100.0,1,1
ExampleUntangleWormsBrightField,4,16,1791417862.43835,3325294,worker_0,W013,RelateObjects,step_completed,success,88.88888888888889,16,18
ExampleUntangleWormsBrightField,4,16,1791417862.4388776,3325294,worker_0,W013,OverlayOutlines,step_started,started,88.88888888888889,16,18
ExampleUntangleWormsBrightField,4,16,1791417862.4416633,3325298,worker_2,W015,RelateObjects,pattern_group,running,100.0,1,1
ExampleUntangleWormsBrightField,4,16,1791417862.4427495,3325298,worker_2,W015,RelateObjects,step_completed,success,88.88888888888889,16,18
ExampleUntangleWormsBrightField,4,16,1791417862.4432628,3325298,worker_2,W015,OverlayOutlines,step_started,started,88.88888888888889,16,18
ExampleUntangleWormsBrightField,4,16,1791417862.4502177,3325300,worker_3,W016,MeasureObjectSizeShape,pattern_group,running,100.0,1,1
ExampleUntangleWormsBrightField,4,16,1791417862.4510326,3325300,worker_3,W016,MeasureObjectSizeShape,step_completed,success,83.33333333333334,15,18
ExampleUntangleWormsBrightField,4,16,1791417862.4514751,3325300,worker_3,W016,RelateObjects,step_started,started,83.33333333333334,15,18
ExampleUntangleWormsBrightField,4,16,1791417862.4982128,3325300,worker_3,W016,RelateObjects,pattern_group,running,100.0,1,1
ExampleUntangleWormsBrightField,4,16,1791417862.499355,3325300,worker_3,W016,RelateObjects,step_completed,success,88.88888888888889,16,18
ExampleUntangleWormsBrightField,4,16,1791417862.4998615,3325300,worker_3,W016,OverlayOutlines,step_started,started,88.88888888888889,16,18
ExampleUntangleWormsBrightField,4,16,1791417862.568965,3325298,worker_2,W015,OverlayOutlines,pattern_group,running,100.0,1,1
ExampleUntangleWormsBrightField,4,16,1791417862.5689604,3325294,worker_0,W013,OverlayOutlines,pattern_group,running,100.0,1,1
ExampleUntangleWormsBrightField,4,16,1791417862.5691466,3325294,worker_0,W013,OverlayOutlines,step_completed,success,94.44444444444444,17,18
ExampleUntangleWormsBrightField,4,16,1791417862.56998,3325294,worker_0,W013,pipeline,axis_completed,success,94.44444444444444,17,18
ExampleUntangleWormsBrightField,4,16,1791417862.5691462,3325298,worker_2,W015,OverlayOutlines,step_completed,success,94.44444444444444,17,18
ExampleUntangleWormsBrightField,4,16,1791417862.56997,3325298,worker_2,W015,pipeline,axis_completed,success,94.44444444444444,17,18
ExampleUntangleWormsBrightField,4,16,1791417862.6306098,3325300,worker_3,W016,OverlayOutlines,pattern_group,running,100.0,1,1
ExampleUntangleWormsBrightField,4,16,1791417862.6307693,3325300,worker_3,W016,OverlayOutlines,step_completed,success,94.44444444444444,17,18
ExampleUntangleWormsBrightField,4,16,1791417862.6315918,3325300,worker_3,W016,pipeline,axis_completed,success,94.44444444444444,17,18
ExampleUntangleWormsBrightField,4,16,1791417862.6630437,3205011,,,ExportToSpreadsheet,step_started,started,94.44444444444444,17,18
ExampleUntangleWormsBrightField,4,16,1791417863.6316853,3205011,,,ExportToSpreadsheet,step_completed,success,100.0,18,18
ExampleUntangleWormsBrightField,4,16,1791417863.6852958,3205011,,,pipeline,success,success,100.0,18,18
