case_name,worker_count,well_count,timestamp,pid,worker_slot,axis_id,step_name,phase,status,percent,completed,total
cp_tutorial_3d_monolayer,4,16,1791501994.047315,4005901,,,pipeline,compile,started,0.0,0,31
cp_tutorial_3d_monolayer,4,16,1791501994.6605804,4005901,,,,init,started,0.0,0,1
cp_tutorial_3d_monolayer,4,16,1791501995.2248156,4005901,,W001,compilation,compile,running,6.25,1,16
cp_tutorial_3d_monolayer,4,16,1791501995.2760243,4005901,,W002,compilation,compile,running,12.5,2,16
cp_tutorial_3d_monolayer,4,16,1791501995.328298,4005901,,W003,compilation,compile,running,18.75,3,16
cp_tutorial_3d_monolayer,4,16,1791501995.3800502,4005901,,W004,compilation,compile,running,25.0,4,16
cp_tutorial_3d_monolayer,4,16,1791501995.4735258,4005901,,W005,compilation,compile,running,31.25,5,16
cp_tutorial_3d_monolayer,4,16,1791501995.5251489,4005901,,W006,compilation,compile,running,37.5,6,16
cp_tutorial_3d_monolayer,4,16,1791501995.5780945,4005901,,W007,compilation,compile,running,43.75,7,16
cp_tutorial_3d_monolayer,4,16,1791501995.6302047,4005901,,W008,compilation,compile,running,50.0,8,16
cp_tutorial_3d_monolayer,4,16,1791501995.6824336,4005901,,W009,compilation,compile,running,56.25,9,16
cp_tutorial_3d_monolayer,4,16,1791501995.7337673,4005901,,W010,compilation,compile,running,62.5,10,16
cp_tutorial_3d_monolayer,4,16,1791501995.7853744,4005901,,W011,compilation,compile,running,68.75,11,16
cp_tutorial_3d_monolayer,4,16,1791501995.8365474,4005901,,W012,compilation,compile,running,75.0,12,16
cp_tutorial_3d_monolayer,4,16,1791501995.8882267,4005901,,W013,compilation,compile,running,81.25,13,16
cp_tutorial_3d_monolayer,4,16,1791501995.9412422,4005901,,W014,compilation,compile,running,87.5,14,16
cp_tutorial_3d_monolayer,4,16,1791501995.9942644,4005901,,W015,compilation,compile,running,93.75,15,16
cp_tutorial_3d_monolayer,4,16,1791501996.0460994,4005901,,W016,compilation,compile,running,100.0,16,16
cp_tutorial_3d_monolayer,4,16,1791501996.0563288,4005901,,,,init,started,0.0,0,1
cp_tutorial_3d_monolayer,4,16,1791501996.0564349,4005901,,,pipeline,compile,success,100.0,1,31
cp_tutorial_3d_monolayer,4,16,1791501996.0565045,4005901,,W001,compilation,compile,success,100.0,1,1
cp_tutorial_3d_monolayer,4,16,1791501996.0565414,4005901,,W002,compilation,compile,success,100.0,1,1
cp_tutorial_3d_monolayer,4,16,1791501996.0565724,4005901,,W003,compilation,compile,success,100.0,1,1
cp_tutorial_3d_monolayer,4,16,1791501996.0566037,4005901,,W004,compilation,compile,success,100.0,1,1
cp_tutorial_3d_monolayer,4,16,1791501996.0566332,4005901,,W005,compilation,compile,success,100.0,1,1
cp_tutorial_3d_monolayer,4,16,1791501996.0566635,4005901,,W006,compilation,compile,success,100.0,1,1
cp_tutorial_3d_monolayer,4,16,1791501996.0566936,4005901,,W007,compilation,compile,success,100.0,1,1
cp_tutorial_3d_monolayer,4,16,1791501996.0567229,4005901,,W008,compilation,compile,success,100.0,1,1
cp_tutorial_3d_monolayer,4,16,1791501996.0567524,4005901,,W009,compilation,compile,success,100.0,1,1
cp_tutorial_3d_monolayer,4,16,1791501996.056782,4005901,,W010,compilation,compile,success,100.0,1,1
cp_tutorial_3d_monolayer,4,16,1791501996.0568109,4005901,,W011,compilation,compile,success,100.0,1,1
cp_tutorial_3d_monolayer,4,16,1791501996.0568404,4005901,,W012,compilation,compile,success,100.0,1,1
cp_tutorial_3d_monolayer,4,16,1791501996.0568693,4005901,,W013,compilation,compile,success,100.0,1,1
cp_tutorial_3d_monolayer,4,16,1791501996.056898,4005901,,W014,compilation,compile,success,100.0,1,1
cp_tutorial_3d_monolayer,4,16,1791501996.056927,4005901,,W015,compilation,compile,success,100.0,1,1
cp_tutorial_3d_monolayer,4,16,1791501996.056955,4005901,,W016,compilation,compile,success,100.0,1,1
cp_tutorial_3d_monolayer,4,16,1791501996.077443,4005901,,,,init,started,0.0,0,1
cp_tutorial_3d_monolayer,4,16,1791501996.2018328,4006781,worker_0,W001,pipeline,axis_started,started,0.0,0,31
cp_tutorial_3d_monolayer,4,16,1791501996.205158,4006781,worker_0,W001,RescaleIntensity,step_started,started,0.0,0,31
cp_tutorial_3d_monolayer,4,16,1791501996.2358649,4006782,worker_1,W002,pipeline,axis_started,started,0.0,0,31
cp_tutorial_3d_monolayer,4,16,1791501996.2389908,4006782,worker_1,W002,RescaleIntensity,step_started,started,0.0,0,31
cp_tutorial_3d_monolayer,4,16,1791501996.2731705,4006783,worker_2,W003,pipeline,axis_started,started,0.0,0,31
cp_tutorial_3d_monolayer,4,16,1791501996.2764945,4006783,worker_2,W003,RescaleIntensity,step_started,started,0.0,0,31
cp_tutorial_3d_monolayer,4,16,1791501996.3160636,4006784,worker_3,W004,pipeline,axis_started,started,0.0,0,31
cp_tutorial_3d_monolayer,4,16,1791501996.3196175,4006784,worker_3,W004,RescaleIntensity,step_started,started,0.0,0,31
cp_tutorial_3d_monolayer,4,16,1791501997.107883,4006781,worker_0,W001,RescaleIntensity,pattern_group,running,100.0,1,1
cp_tutorial_3d_monolayer,4,16,1791501997.1082497,4006781,worker_0,W001,RescaleIntensity,step_completed,success,3.225806451612903,1,31
cp_tutorial_3d_monolayer,4,16,1791501997.1086304,4006781,worker_0,W001,Resize,step_started,started,3.225806451612903,1,31
cp_tutorial_3d_monolayer,4,16,1791501997.1391063,4006782,worker_1,W002,RescaleIntensity,pattern_group,running,100.0,1,1
cp_tutorial_3d_monolayer,4,16,1791501997.1395178,4006782,worker_1,W002,RescaleIntensity,step_completed,success,3.225806451612903,1,31
cp_tutorial_3d_monolayer,4,16,1791501997.1399045,4006782,worker_1,W002,Resize,step_started,started,3.225806451612903,1,31
cp_tutorial_3d_monolayer,4,16,1791501997.167885,4006781,worker_0,W001,Resize,pattern_group,running,100.0,1,1
cp_tutorial_3d_monolayer,4,16,1791501997.1682968,4006781,worker_0,W001,Resize,step_completed,success,6.451612903225806,2,31
cp_tutorial_3d_monolayer,4,16,1791501997.1687183,4006781,worker_0,W001,MedianFilter,step_started,started,6.451612903225806,2,31
cp_tutorial_3d_monolayer,4,16,1791501997.198903,4006782,worker_1,W002,Resize,pattern_group,running,100.0,1,1
cp_tutorial_3d_monolayer,4,16,1791501997.199287,4006782,worker_1,W002,Resize,step_completed,success,6.451612903225806,2,31
cp_tutorial_3d_monolayer,4,16,1791501997.1996202,4006782,worker_1,W002,MedianFilter,step_started,started,6.451612903225806,2,31
cp_tutorial_3d_monolayer,4,16,1791501997.221101,4006783,worker_2,W003,RescaleIntensity,pattern_group,running,100.0,1,1
cp_tutorial_3d_monolayer,4,16,1791501997.2216136,4006783,worker_2,W003,RescaleIntensity,step_completed,success,3.225806451612903,1,31
cp_tutorial_3d_monolayer,4,16,1791501997.2220318,4006783,worker_2,W003,Resize,step_started,started,3.225806451612903,1,31
cp_tutorial_3d_monolayer,4,16,1791501997.240362,4006784,worker_3,W004,RescaleIntensity,pattern_group,running,100.0,1,1
cp_tutorial_3d_monolayer,4,16,1791501997.2409036,4006784,worker_3,W004,RescaleIntensity,step_completed,success,3.225806451612903,1,31
cp_tutorial_3d_monolayer,4,16,1791501997.2414324,4006784,worker_3,W004,Resize,step_started,started,3.225806451612903,1,31
cp_tutorial_3d_monolayer,4,16,1791501997.2838552,4006783,worker_2,W003,Resize,pattern_group,running,100.0,1,1
cp_tutorial_3d_monolayer,4,16,1791501997.2843037,4006783,worker_2,W003,Resize,step_completed,success,6.451612903225806,2,31
cp_tutorial_3d_monolayer,4,16,1791501997.2847426,4006783,worker_2,W003,MedianFilter,step_started,started,6.451612903225806,2,31
cp_tutorial_3d_monolayer,4,16,1791501997.2980866,4006784,worker_3,W004,Resize,pattern_group,running,100.0,1,1
cp_tutorial_3d_monolayer,4,16,1791501997.2984476,4006784,worker_3,W004,Resize,step_completed,success,6.451612903225806,2,31
cp_tutorial_3d_monolayer,4,16,1791501997.2988193,4006784,worker_3,W004,MedianFilter,step_started,started,6.451612903225806,2,31
cp_tutorial_3d_monolayer,4,16,1791501997.3335512,4006781,worker_0,W001,MedianFilter,pattern_group,running,100.0,1,1
cp_tutorial_3d_monolayer,4,16,1791501997.3338954,4006781,worker_0,W001,MedianFilter,step_completed,success,9.67741935483871,3,31
cp_tutorial_3d_monolayer,4,16,1791501997.3343353,4006781,worker_0,W001,Threshold,step_started,started,9.67741935483871,3,31
cp_tutorial_3d_monolayer,4,16,1791501997.3646436,4006782,worker_1,W002,MedianFilter,pattern_group,running,100.0,1,1
cp_tutorial_3d_monolayer,4,16,1791501997.3651474,4006782,worker_1,W002,MedianFilter,step_completed,success,9.67741935483871,3,31
cp_tutorial_3d_monolayer,4,16,1791501997.3657205,4006782,worker_1,W002,Threshold,step_started,started,9.67741935483871,3,31
cp_tutorial_3d_monolayer,4,16,1791501997.370229,4006781,worker_0,W001,Threshold,pattern_group,running,100.0,1,1
cp_tutorial_3d_monolayer,4,16,1791501997.3706584,4006781,worker_0,W001,Threshold,step_completed,success,12.903225806451612,4,31
cp_tutorial_3d_monolayer,4,16,1791501997.3711274,4006781,worker_0,W001,RemoveHoles,step_started,started,12.903225806451612,4,31
cp_tutorial_3d_monolayer,4,16,1791501997.388176,4006781,worker_0,W001,RemoveHoles,pattern_group,running,100.0,1,1
cp_tutorial_3d_monolayer,4,16,1791501997.3886344,4006781,worker_0,W001,RemoveHoles,step_completed,success,16.129032258064516,5,31
cp_tutorial_3d_monolayer,4,16,1791501997.3891044,4006781,worker_0,W001,Watershed,step_started,started,16.129032258064516,5,31
cp_tutorial_3d_monolayer,4,16,1791501997.4043694,4006782,worker_1,W002,Threshold,pattern_group,running,100.0,1,1
cp_tutorial_3d_monolayer,4,16,1791501997.4049904,4006782,worker_1,W002,Threshold,step_completed,success,12.903225806451612,4,31
cp_tutorial_3d_monolayer,4,16,1791501997.405656,4006782,worker_1,W002,RemoveHoles,step_started,started,12.903225806451612,4,31
cp_tutorial_3d_monolayer,4,16,1791501997.4221208,4006782,worker_1,W002,RemoveHoles,pattern_group,running,100.0,1,1
cp_tutorial_3d_monolayer,4,16,1791501997.4227674,4006782,worker_1,W002,RemoveHoles,step_completed,success,16.129032258064516,5,31
cp_tutorial_3d_monolayer,4,16,1791501997.4234354,4006782,worker_1,W002,Watershed,step_started,started,16.129032258064516,5,31
cp_tutorial_3d_monolayer,4,16,1791501997.4570904,4006783,worker_2,W003,MedianFilter,pattern_group,running,100.0,1,1
cp_tutorial_3d_monolayer,4,16,1791501997.4575095,4006783,worker_2,W003,MedianFilter,step_completed,success,9.67741935483871,3,31
cp_tutorial_3d_monolayer,4,16,1791501997.4579742,4006783,worker_2,W003,Threshold,step_started,started,9.67741935483871,3,31
cp_tutorial_3d_monolayer,4,16,1791501997.4652297,4006784,worker_3,W004,MedianFilter,pattern_group,running,100.0,1,1
cp_tutorial_3d_monolayer,4,16,1791501997.4657452,4006784,worker_3,W004,MedianFilter,step_completed,success,9.67741935483871,3,31
cp_tutorial_3d_monolayer,4,16,1791501997.466423,4006784,worker_3,W004,Threshold,step_started,started,9.67741935483871,3,31
cp_tutorial_3d_monolayer,4,16,1791501997.4784324,4006781,worker_0,W001,Watershed,pattern_group,running,100.0,1,1
cp_tutorial_3d_monolayer,4,16,1791501997.4791067,4006781,worker_0,W001,Watershed,step_completed,success,19.35483870967742,6,31
cp_tutorial_3d_monolayer,4,16,1791501997.4796755,4006781,worker_0,W001,ResizeObjects,step_started,started,19.35483870967742,6,31
cp_tutorial_3d_monolayer,4,16,1791501997.5002768,4006783,worker_2,W003,Threshold,pattern_group,running,100.0,1,1
cp_tutorial_3d_monolayer,4,16,1791501997.5008214,4006783,worker_2,W003,Threshold,step_completed,success,12.903225806451612,4,31
cp_tutorial_3d_monolayer,4,16,1791501997.5019312,4006783,worker_2,W003,RemoveHoles,step_started,started,12.903225806451612,4,31
cp_tutorial_3d_monolayer,4,16,1791501997.5084045,4006784,worker_3,W004,Threshold,pattern_group,running,100.0,1,1
cp_tutorial_3d_monolayer,4,16,1791501997.5093174,4006784,worker_3,W004,Threshold,step_completed,success,12.903225806451612,4,31
cp_tutorial_3d_monolayer,4,16,1791501997.5104995,4006784,worker_3,W004,RemoveHoles,step_started,started,12.903225806451612,4,31
cp_tutorial_3d_monolayer,4,16,1791501997.515748,4006782,worker_1,W002,Watershed,pattern_group,running,100.0,1,1
cp_tutorial_3d_monolayer,4,16,1791501997.516473,4006782,worker_1,W002,Watershed,step_completed,success,19.35483870967742,6,31
cp_tutorial_3d_monolayer,4,16,1791501997.5170581,4006782,worker_1,W002,ResizeObjects,step_started,started,19.35483870967742,6,31
cp_tutorial_3d_monolayer,4,16,1791501997.5192974,4006781,worker_0,W001,ResizeObjects,pattern_group,running,100.0,1,1
cp_tutorial_3d_monolayer,4,16,1791501997.5199978,4006781,worker_0,W001,ResizeObjects,step_completed,success,22.58064516129032,7,31
cp_tutorial_3d_monolayer,4,16,1791501997.520655,4006781,worker_0,W001,ErodeObjects,step_started,started,22.58064516129032,7,31
cp_tutorial_3d_monolayer,4,16,1791501997.521924,4006783,worker_2,W003,RemoveHoles,pattern_group,running,100.0,1,1
cp_tutorial_3d_monolayer,4,16,1791501997.5224373,4006783,worker_2,W003,RemoveHoles,step_completed,success,16.129032258064516,5,31
cp_tutorial_3d_monolayer,4,16,1791501997.523745,4006783,worker_2,W003,Watershed,step_started,started,16.129032258064516,5,31
cp_tutorial_3d_monolayer,4,16,1791501997.5356982,4006784,worker_3,W004,RemoveHoles,pattern_group,running,100.0,1,1
cp_tutorial_3d_monolayer,4,16,1791501997.5361006,4006784,worker_3,W004,RemoveHoles,step_completed,success,16.129032258064516,5,31
cp_tutorial_3d_monolayer,4,16,1791501997.5365844,4006784,worker_3,W004,Watershed,step_started,started,16.129032258064516,5,31
cp_tutorial_3d_monolayer,4,16,1791501997.5581431,4006782,worker_1,W002,ResizeObjects,pattern_group,running,100.0,1,1
cp_tutorial_3d_monolayer,4,16,1791501997.5588632,4006782,worker_1,W002,ResizeObjects,step_completed,success,22.58064516129032,7,31
cp_tutorial_3d_monolayer,4,16,1791501997.5594513,4006782,worker_1,W002,ErodeObjects,step_started,started,22.58064516129032,7,31
cp_tutorial_3d_monolayer,4,16,1791501997.5821028,4006781,worker_0,W001,ErodeObjects,pattern_group,running,100.0,1,1
cp_tutorial_3d_monolayer,4,16,1791501997.5827858,4006781,worker_0,W001,ErodeObjects,step_completed,success,25.806451612903224,8,31
cp_tutorial_3d_monolayer,4,16,1791501997.5834072,4006781,worker_0,W001,ResizeObjects,step_started,started,25.806451612903224,8,31
cp_tutorial_3d_monolayer,4,16,1791501997.6080074,4006781,worker_0,W001,ResizeObjects,pattern_group,running,100.0,1,1
cp_tutorial_3d_monolayer,4,16,1791501997.608921,4006781,worker_0,W001,ResizeObjects,step_completed,success,29.03225806451613,9,31
cp_tutorial_3d_monolayer,4,16,1791501997.6095872,4006781,worker_0,W001,ConvertObjectsToImage,step_started,started,29.03225806451613,9,31
cp_tutorial_3d_monolayer,4,16,1791501997.6135063,4006782,worker_1,W002,ErodeObjects,pattern_group,running,100.0,1,1
cp_tutorial_3d_monolayer,4,16,1791501997.6142461,4006782,worker_1,W002,ErodeObjects,step_completed,success,25.806451612903224,8,31
cp_tutorial_3d_monolayer,4,16,1791501997.6150942,4006782,worker_1,W002,ResizeObjects,step_started,started,25.806451612903224,8,31
cp_tutorial_3d_monolayer,4,16,1791501997.625134,4006783,worker_2,W003,Watershed,pattern_group,running,100.0,1,1
cp_tutorial_3d_monolayer,4,16,1791501997.6262546,4006783,worker_2,W003,Watershed,step_completed,success,19.35483870967742,6,31
cp_tutorial_3d_monolayer,4,16,1791501997.6274638,4006783,worker_2,W003,ResizeObjects,step_started,started,19.35483870967742,6,31
cp_tutorial_3d_monolayer,4,16,1791501997.6374328,4006781,worker_0,W001,ConvertObjectsToImage,pattern_group,running,100.0,1,1
cp_tutorial_3d_monolayer,4,16,1791501997.6382983,4006781,worker_0,W001,ConvertObjectsToImage,step_completed,success,32.25806451612903,10,31
cp_tutorial_3d_monolayer,4,16,1791501997.63929,4006781,worker_0,W001,Threshold,step_started,started,32.25806451612903,10,31
cp_tutorial_3d_monolayer,4,16,1791501997.6396675,4006784,worker_3,W004,Watershed,pattern_group,running,100.0,1,1
cp_tutorial_3d_monolayer,4,16,1791501997.6404707,4006784,worker_3,W004,Watershed,step_completed,success,19.35483870967742,6,31
cp_tutorial_3d_monolayer,4,16,1791501997.6411297,4006784,worker_3,W004,ResizeObjects,step_started,started,19.35483870967742,6,31
cp_tutorial_3d_monolayer,4,16,1791501997.648349,4006782,worker_1,W002,ResizeObjects,pattern_group,running,100.0,1,1
cp_tutorial_3d_monolayer,4,16,1791501997.649165,4006782,worker_1,W002,ResizeObjects,step_completed,success,29.03225806451613,9,31
cp_tutorial_3d_monolayer,4,16,1791501997.649968,4006782,worker_1,W002,ConvertObjectsToImage,step_started,started,29.03225806451613,9,31
cp_tutorial_3d_monolayer,4,16,1791501997.6759415,4006783,worker_2,W003,ResizeObjects,pattern_group,running,100.0,1,1
cp_tutorial_3d_monolayer,4,16,1791501997.6766317,4006783,worker_2,W003,ResizeObjects,step_completed,success,22.58064516129032,7,31
cp_tutorial_3d_monolayer,4,16,1791501997.677197,4006783,worker_2,W003,ErodeObjects,step_started,started,22.58064516129032,7,31
cp_tutorial_3d_monolayer,4,16,1791501997.6788695,4006782,worker_1,W002,ConvertObjectsToImage,pattern_group,running,100.0,1,1
cp_tutorial_3d_monolayer,4,16,1791501997.6793666,4006782,worker_1,W002,ConvertObjectsToImage,step_completed,success,32.25806451612903,10,31
cp_tutorial_3d_monolayer,4,16,1791501997.6799755,4006782,worker_1,W002,Threshold,step_started,started,32.25806451612903,10,31
cp_tutorial_3d_monolayer,4,16,1791501997.6845286,4006784,worker_3,W004,ResizeObjects,pattern_group,running,100.0,1,1
cp_tutorial_3d_monolayer,4,16,1791501997.685335,4006784,worker_3,W004,ResizeObjects,step_completed,success,22.58064516129032,7,31
cp_tutorial_3d_monolayer,4,16,1791501997.685985,4006784,worker_3,W004,ErodeObjects,step_started,started,22.58064516129032,7,31
cp_tutorial_3d_monolayer,4,16,1791501997.7307582,4006783,worker_2,W003,ErodeObjects,pattern_group,running,100.0,1,1
cp_tutorial_3d_monolayer,4,16,1791501997.731453,4006783,worker_2,W003,ErodeObjects,step_completed,success,25.806451612903224,8,31
cp_tutorial_3d_monolayer,4,16,1791501997.732074,4006783,worker_2,W003,ResizeObjects,step_started,started,25.806451612903224,8,31
cp_tutorial_3d_monolayer,4,16,1791501997.7378995,4006784,worker_3,W004,ErodeObjects,pattern_group,running,100.0,1,1
cp_tutorial_3d_monolayer,4,16,1791501997.738981,4006784,worker_3,W004,ErodeObjects,step_completed,success,25.806451612903224,8,31
cp_tutorial_3d_monolayer,4,16,1791501997.739761,4006784,worker_3,W004,ResizeObjects,step_started,started,25.806451612903224,8,31
cp_tutorial_3d_monolayer,4,16,1791501997.763932,4006783,worker_2,W003,ResizeObjects,pattern_group,running,100.0,1,1
cp_tutorial_3d_monolayer,4,16,1791501997.7646422,4006783,worker_2,W003,ResizeObjects,step_completed,success,29.03225806451613,9,31
cp_tutorial_3d_monolayer,4,16,1791501997.765302,4006783,worker_2,W003,ConvertObjectsToImage,step_started,started,29.03225806451613,9,31
cp_tutorial_3d_monolayer,4,16,1791501997.77377,4006784,worker_3,W004,ResizeObjects,pattern_group,running,100.0,1,1
cp_tutorial_3d_monolayer,4,16,1791501997.7748544,4006784,worker_3,W004,ResizeObjects,step_completed,success,29.03225806451613,9,31
cp_tutorial_3d_monolayer,4,16,1791501997.7758148,4006784,worker_3,W004,ConvertObjectsToImage,step_started,started,29.03225806451613,9,31
cp_tutorial_3d_monolayer,4,16,1791501997.7926972,4006783,worker_2,W003,ConvertObjectsToImage,pattern_group,running,100.0,1,1
cp_tutorial_3d_monolayer,4,16,1791501997.7931275,4006783,worker_2,W003,ConvertObjectsToImage,step_completed,success,32.25806451612903,10,31
cp_tutorial_3d_monolayer,4,16,1791501997.7937126,4006783,worker_2,W003,Threshold,step_started,started,32.25806451612903,10,31
cp_tutorial_3d_monolayer,4,16,1791501997.7997324,4006784,worker_3,W004,ConvertObjectsToImage,pattern_group,running,100.0,1,1
cp_tutorial_3d_monolayer,4,16,1791501997.8001957,4006784,worker_3,W004,ConvertObjectsToImage,step_completed,success,32.25806451612903,10,31
cp_tutorial_3d_monolayer,4,16,1791501997.8008022,4006784,worker_3,W004,Threshold,step_started,started,32.25806451612903,10,31
cp_tutorial_3d_monolayer,4,16,1791501997.8504903,4006781,worker_0,W001,Threshold,pattern_group,running,100.0,1,1
cp_tutorial_3d_monolayer,4,16,1791501997.851147,4006781,worker_0,W001,Threshold,step_completed,success,35.483870967741936,11,31
cp_tutorial_3d_monolayer,4,16,1791501997.8518126,4006781,worker_0,W001,ImageMath,step_started,started,35.483870967741936,11,31
cp_tutorial_3d_monolayer,4,16,1791501997.8794196,4006782,worker_1,W002,Threshold,pattern_group,running,100.0,1,1
cp_tutorial_3d_monolayer,4,16,1791501997.8800197,4006782,worker_1,W002,Threshold,step_completed,success,35.483870967741936,11,31
cp_tutorial_3d_monolayer,4,16,1791501997.880511,4006782,worker_1,W002,ImageMath,step_started,started,35.483870967741936,11,31
cp_tutorial_3d_monolayer,4,16,1791501997.8853464,4006781,worker_0,W001,ImageMath,pattern_group,running,100.0,1,1
cp_tutorial_3d_monolayer,4,16,1791501997.8858309,4006781,worker_0,W001,ImageMath,step_completed,success,38.70967741935484,12,31
cp_tutorial_3d_monolayer,4,16,1791501997.8865702,4006781,worker_0,W001,RemoveHoles,step_started,started,38.70967741935484,12,31
cp_tutorial_3d_monolayer,4,16,1791501997.914128,4006782,worker_1,W002,ImageMath,pattern_group,running,100.0,1,1
cp_tutorial_3d_monolayer,4,16,1791501997.915001,4006782,worker_1,W002,ImageMath,step_completed,success,38.70967741935484,12,31
cp_tutorial_3d_monolayer,4,16,1791501997.9159937,4006782,worker_1,W002,RemoveHoles,step_started,started,38.70967741935484,12,31
cp_tutorial_3d_monolayer,4,16,1791501997.9567845,4006781,worker_0,W001,RemoveHoles,pattern_group,running,100.0,1,1
cp_tutorial_3d_monolayer,4,16,1791501997.9576433,4006781,worker_0,W001,RemoveHoles,step_completed,success,41.935483870967744,13,31
cp_tutorial_3d_monolayer,4,16,1791501997.9644532,4006781,worker_0,W001,ImageMath,step_started,started,41.935483870967744,13,31
cp_tutorial_3d_monolayer,4,16,1791501997.978261,4006782,worker_1,W002,RemoveHoles,pattern_group,running,100.0,1,1
cp_tutorial_3d_monolayer,4,16,1791501997.9786677,4006782,worker_1,W002,RemoveHoles,step_completed,success,41.935483870967744,13,31
cp_tutorial_3d_monolayer,4,16,1791501997.9837031,4006782,worker_1,W002,ImageMath,step_started,started,41.935483870967744,13,31
cp_tutorial_3d_monolayer,4,16,1791501998.021166,4006783,worker_2,W003,Threshold,pattern_group,running,100.0,1,1
cp_tutorial_3d_monolayer,4,16,1791501998.0216558,4006783,worker_2,W003,Threshold,step_completed,success,35.483870967741936,11,31
cp_tutorial_3d_monolayer,4,16,1791501998.0220976,4006783,worker_2,W003,ImageMath,step_started,started,35.483870967741936,11,31
cp_tutorial_3d_monolayer,4,16,1791501998.0289247,4006784,worker_3,W004,Threshold,pattern_group,running,100.0,1,1
cp_tutorial_3d_monolayer,4,16,1791501998.0294228,4006784,worker_3,W004,Threshold,step_completed,success,35.483870967741936,11,31
cp_tutorial_3d_monolayer,4,16,1791501998.029902,4006784,worker_3,W004,ImageMath,step_started,started,35.483870967741936,11,31
cp_tutorial_3d_monolayer,4,16,1791501998.056083,4006783,worker_2,W003,ImageMath,pattern_group,running,100.0,1,1
cp_tutorial_3d_monolayer,4,16,1791501998.0564802,4006783,worker_2,W003,ImageMath,step_completed,success,38.70967741935484,12,31
cp_tutorial_3d_monolayer,4,16,1791501998.0570683,4006783,worker_2,W003,RemoveHoles,step_started,started,38.70967741935484,12,31
cp_tutorial_3d_monolayer,4,16,1791501998.0674694,4006784,worker_3,W004,ImageMath,pattern_group,running,100.0,1,1
cp_tutorial_3d_monolayer,4,16,1791501998.0683224,4006784,worker_3,W004,ImageMath,step_completed,success,38.70967741935484,12,31
cp_tutorial_3d_monolayer,4,16,1791501998.0690577,4006784,worker_3,W004,RemoveHoles,step_started,started,38.70967741935484,12,31
cp_tutorial_3d_monolayer,4,16,1791501998.1137924,4006783,worker_2,W003,RemoveHoles,pattern_group,running,100.0,1,1
cp_tutorial_3d_monolayer,4,16,1791501998.1142077,4006783,worker_2,W003,RemoveHoles,step_completed,success,41.935483870967744,13,31
cp_tutorial_3d_monolayer,4,16,1791501998.1148138,4006783,worker_2,W003,ImageMath,step_started,started,41.935483870967744,13,31
cp_tutorial_3d_monolayer,4,16,1791501998.1238549,4006784,worker_3,W004,RemoveHoles,pattern_group,running,100.0,1,1
cp_tutorial_3d_monolayer,4,16,1791501998.1247027,4006784,worker_3,W004,RemoveHoles,step_completed,success,41.935483870967744,13,31
cp_tutorial_3d_monolayer,4,16,1791501998.1254988,4006784,worker_3,W004,ImageMath,step_started,started,41.935483870967744,13,31
cp_tutorial_3d_monolayer,4,16,1791501998.292236,4006781,worker_0,W001,ImageMath,pattern_group,running,100.0,1,1
cp_tutorial_3d_monolayer,4,16,1791501998.2927284,4006781,worker_0,W001,ImageMath,step_completed,success,45.16129032258064,14,31
cp_tutorial_3d_monolayer,4,16,1791501998.2932222,4006781,worker_0,W001,Resize,step_started,started,45.16129032258064,14,31
cp_tutorial_3d_monolayer,4,16,1791501998.3098912,4006782,worker_1,W002,ImageMath,pattern_group,running,100.0,1,1
cp_tutorial_3d_monolayer,4,16,1791501998.3103347,4006782,worker_1,W002,ImageMath,step_completed,success,45.16129032258064,14,31
cp_tutorial_3d_monolayer,4,16,1791501998.3107922,4006782,worker_1,W002,Resize,step_started,started,45.16129032258064,14,31
cp_tutorial_3d_monolayer,4,16,1791501998.3573203,4006781,worker_0,W001,Resize,pattern_group,running,100.0,1,1
cp_tutorial_3d_monolayer,4,16,1791501998.3576267,4006781,worker_0,W001,Resize,step_completed,success,48.38709677419355,15,31
cp_tutorial_3d_monolayer,4,16,1791501998.3668187,4006781,worker_0,W001,Closing,step_started,started,48.38709677419355,15,31
cp_tutorial_3d_monolayer,4,16,1791501998.3751128,4006782,worker_1,W002,Resize,pattern_group,running,100.0,1,1
cp_tutorial_3d_monolayer,4,16,1791501998.3755186,4006782,worker_1,W002,Resize,step_completed,success,48.38709677419355,15,31
cp_tutorial_3d_monolayer,4,16,1791501998.3843813,4006782,worker_1,W002,Closing,step_started,started,48.38709677419355,15,31
cp_tutorial_3d_monolayer,4,16,1791501998.4334764,4006783,worker_2,W003,ImageMath,pattern_group,running,100.0,1,1
cp_tutorial_3d_monolayer,4,16,1791501998.4339535,4006783,worker_2,W003,ImageMath,step_completed,success,45.16129032258064,14,31
cp_tutorial_3d_monolayer,4,16,1791501998.4344711,4006783,worker_2,W003,Resize,step_started,started,45.16129032258064,14,31
cp_tutorial_3d_monolayer,4,16,1791501998.4504776,4006781,worker_0,W001,Closing,pattern_group,running,100.0,1,1
cp_tutorial_3d_monolayer,4,16,1791501998.4509115,4006781,worker_0,W001,Closing,step_completed,success,51.61290322580645,16,31
cp_tutorial_3d_monolayer,4,16,1791501998.4515674,4006781,worker_0,W001,Resize,step_started,started,51.61290322580645,16,31
cp_tutorial_3d_monolayer,4,16,1791501998.4566345,4006784,worker_3,W004,ImageMath,pattern_group,running,100.0,1,1
cp_tutorial_3d_monolayer,4,16,1791501998.457174,4006784,worker_3,W004,ImageMath,step_completed,success,45.16129032258064,14,31
cp_tutorial_3d_monolayer,4,16,1791501998.4577732,4006784,worker_3,W004,Resize,step_started,started,45.16129032258064,14,31
cp_tutorial_3d_monolayer,4,16,1791501998.4681416,4006782,worker_1,W002,Closing,pattern_group,running,100.0,1,1
cp_tutorial_3d_monolayer,4,16,1791501998.4685524,4006782,worker_1,W002,Closing,step_completed,success,51.61290322580645,16,31
cp_tutorial_3d_monolayer,4,16,1791501998.46916,4006782,worker_1,W002,Resize,step_started,started,51.61290322580645,16,31
cp_tutorial_3d_monolayer,4,16,1791501998.4996037,4006783,worker_2,W003,Resize,pattern_group,running,100.0,1,1
cp_tutorial_3d_monolayer,4,16,1791501998.5000057,4006783,worker_2,W003,Resize,step_completed,success,48.38709677419355,15,31
cp_tutorial_3d_monolayer,4,16,1791501998.5067017,4006781,worker_0,W001,Resize,pattern_group,running,100.0,1,1
cp_tutorial_3d_monolayer,4,16,1791501998.5071201,4006781,worker_0,W001,Resize,step_completed,success,54.83870967741935,17,31
cp_tutorial_3d_monolayer,4,16,1791501998.5072358,4006783,worker_2,W003,Closing,step_started,started,48.38709677419355,15,31
cp_tutorial_3d_monolayer,4,16,1791501998.5079348,4006781,worker_0,W001,Threshold,step_started,started,54.83870967741935,17,31
cp_tutorial_3d_monolayer,4,16,1791501998.5233421,4006782,worker_1,W002,Resize,pattern_group,running,100.0,1,1
cp_tutorial_3d_monolayer,4,16,1791501998.5237474,4006782,worker_1,W002,Resize,step_completed,success,54.83870967741935,17,31
cp_tutorial_3d_monolayer,4,16,1791501998.5237765,4006784,worker_3,W004,Resize,pattern_group,running,100.0,1,1
cp_tutorial_3d_monolayer,4,16,1791501998.5240414,4006784,worker_3,W004,Resize,step_completed,success,48.38709677419355,15,31
cp_tutorial_3d_monolayer,4,16,1791501998.5244222,4006782,worker_1,W002,Threshold,step_started,started,54.83870967741935,17,31
cp_tutorial_3d_monolayer,4,16,1791501998.532518,4006784,worker_3,W004,Closing,step_started,started,48.38709677419355,15,31
cp_tutorial_3d_monolayer,4,16,1791501998.6060278,4006783,worker_2,W003,Closing,pattern_group,running,100.0,1,1
cp_tutorial_3d_monolayer,4,16,1791501998.606695,4006783,worker_2,W003,Closing,step_completed,success,51.61290322580645,16,31
cp_tutorial_3d_monolayer,4,16,1791501998.6074717,4006783,worker_2,W003,Resize,step_started,started,51.61290322580645,16,31
cp_tutorial_3d_monolayer,4,16,1791501998.6318157,4006784,worker_3,W004,Closing,pattern_group,running,100.0,1,1
cp_tutorial_3d_monolayer,4,16,1791501998.632204,4006784,worker_3,W004,Closing,step_completed,success,51.61290322580645,16,31
cp_tutorial_3d_monolayer,4,16,1791501998.6330018,4006784,worker_3,W004,Resize,step_started,started,51.61290322580645,16,31
cp_tutorial_3d_monolayer,4,16,1791501998.6614215,4006783,worker_2,W003,Resize,pattern_group,running,100.0,1,1
cp_tutorial_3d_monolayer,4,16,1791501998.6618583,4006783,worker_2,W003,Resize,step_completed,success,54.83870967741935,17,31
cp_tutorial_3d_monolayer,4,16,1791501998.662902,4006783,worker_2,W003,Threshold,step_started,started,54.83870967741935,17,31
cp_tutorial_3d_monolayer,4,16,1791501998.6828394,4006781,worker_0,W001,Threshold,pattern_group,running,100.0,1,1
cp_tutorial_3d_monolayer,4,16,1791501998.6834028,4006781,worker_0,W001,Threshold,step_completed,success,58.06451612903226,18,31
cp_tutorial_3d_monolayer,4,16,1791501998.6840894,4006781,worker_0,W001,MaskImage,step_started,started,58.06451612903226,18,31
cp_tutorial_3d_monolayer,4,16,1791501998.6844273,4006784,worker_3,W004,Resize,pattern_group,running,100.0,1,1
cp_tutorial_3d_monolayer,4,16,1791501998.6851075,4006784,worker_3,W004,Resize,step_completed,success,54.83870967741935,17,31
cp_tutorial_3d_monolayer,4,16,1791501998.686294,4006784,worker_3,W004,Threshold,step_started,started,54.83870967741935,17,31
cp_tutorial_3d_monolayer,4,16,1791501998.702248,4006782,worker_1,W002,Threshold,pattern_group,running,100.0,1,1
cp_tutorial_3d_monolayer,4,16,1791501998.7029638,4006782,worker_1,W002,Threshold,step_completed,success,58.06451612903226,18,31
cp_tutorial_3d_monolayer,4,16,1791501998.7038093,4006782,worker_1,W002,MaskImage,step_started,started,58.06451612903226,18,31
cp_tutorial_3d_monolayer,4,16,1791501998.7372775,4006781,worker_0,W001,MaskImage,pattern_group,running,100.0,1,1
cp_tutorial_3d_monolayer,4,16,1791501998.7379248,4006781,worker_0,W001,MaskImage,step_completed,success,61.29032258064516,19,31
cp_tutorial_3d_monolayer,4,16,1791501998.7389295,4006781,worker_0,W001,ErodeImage,step_started,started,61.29032258064516,19,31
cp_tutorial_3d_monolayer,4,16,1791501998.7580352,4006782,worker_1,W002,MaskImage,pattern_group,running,100.0,1,1
cp_tutorial_3d_monolayer,4,16,1791501998.7586417,4006782,worker_1,W002,MaskImage,step_completed,success,61.29032258064516,19,31
cp_tutorial_3d_monolayer,4,16,1791501998.7595139,4006782,worker_1,W002,ErodeImage,step_started,started,61.29032258064516,19,31
cp_tutorial_3d_monolayer,4,16,1791501998.7720256,4006781,worker_0,W001,ErodeImage,pattern_group,running,100.0,1,1
cp_tutorial_3d_monolayer,4,16,1791501998.7724235,4006781,worker_0,W001,ErodeImage,step_completed,success,64.51612903225806,20,31
cp_tutorial_3d_monolayer,4,16,1791501998.7792394,4006781,worker_0,W001,Watershed,step_started,started,64.51612903225806,20,31
cp_tutorial_3d_monolayer,4,16,1791501998.7920911,4006782,worker_1,W002,ErodeImage,pattern_group,running,100.0,1,1
cp_tutorial_3d_monolayer,4,16,1791501998.7926805,4006782,worker_1,W002,ErodeImage,step_completed,success,64.51612903225806,20,31
cp_tutorial_3d_monolayer,4,16,1791501998.7992134,4006782,worker_1,W002,Watershed,step_started,started,64.51612903225806,20,31
cp_tutorial_3d_monolayer,4,16,1791501998.8338664,4006783,worker_2,W003,Threshold,pattern_group,running,100.0,1,1
cp_tutorial_3d_monolayer,4,16,1791501998.8345337,4006783,worker_2,W003,Threshold,step_completed,success,58.06451612903226,18,31
cp_tutorial_3d_monolayer,4,16,1791501998.8354902,4006783,worker_2,W003,MaskImage,step_started,started,58.06451612903226,18,31
cp_tutorial_3d_monolayer,4,16,1791501998.853396,4006784,worker_3,W004,Threshold,pattern_group,running,100.0,1,1
cp_tutorial_3d_monolayer,4,16,1791501998.854014,4006784,worker_3,W004,Threshold,step_completed,success,58.06451612903226,18,31
cp_tutorial_3d_monolayer,4,16,1791501998.8546872,4006784,worker_3,W004,MaskImage,step_started,started,58.06451612903226,18,31
cp_tutorial_3d_monolayer,4,16,1791501998.8885162,4006783,worker_2,W003,MaskImage,pattern_group,running,100.0,1,1
cp_tutorial_3d_monolayer,4,16,1791501998.8891444,4006783,worker_2,W003,MaskImage,step_completed,success,61.29032258064516,19,31
cp_tutorial_3d_monolayer,4,16,1791501998.8899934,4006783,worker_2,W003,ErodeImage,step_started,started,61.29032258064516,19,31
cp_tutorial_3d_monolayer,4,16,1791501998.908904,4006784,worker_3,W004,MaskImage,pattern_group,running,100.0,1,1
cp_tutorial_3d_monolayer,4,16,1791501998.909355,4006784,worker_3,W004,MaskImage,step_completed,success,61.29032258064516,19,31
cp_tutorial_3d_monolayer,4,16,1791501998.9171045,4006781,worker_0,W001,Watershed,pattern_group,running,100.0,1,1
cp_tutorial_3d_monolayer,4,16,1791501998.9178543,4006781,worker_0,W001,Watershed,step_completed,success,67.74193548387096,21,31
cp_tutorial_3d_monolayer,4,16,1791501998.9180598,4006784,worker_3,W004,ErodeImage,step_started,started,61.29032258064516,19,31
cp_tutorial_3d_monolayer,4,16,1791501998.918685,4006781,worker_0,W001,MeasureObjectIntensity,step_started,started,67.74193548387096,21,31
cp_tutorial_3d_monolayer,4,16,1791501998.923723,4006783,worker_2,W003,ErodeImage,pattern_group,running,100.0,1,1
cp_tutorial_3d_monolayer,4,16,1791501998.9243038,4006783,worker_2,W003,ErodeImage,step_completed,success,64.51612903225806,20,31
cp_tutorial_3d_monolayer,4,16,1791501998.925072,4006783,worker_2,W003,Watershed,step_started,started,64.51612903225806,20,31
cp_tutorial_3d_monolayer,4,16,1791501998.9311059,4006782,worker_1,W002,Watershed,pattern_group,running,100.0,1,1
cp_tutorial_3d_monolayer,4,16,1791501998.9319305,4006782,worker_1,W002,Watershed,step_completed,success,67.74193548387096,21,31
cp_tutorial_3d_monolayer,4,16,1791501998.9334567,4006782,worker_1,W002,MeasureObjectIntensity,step_started,started,67.74193548387096,21,31
cp_tutorial_3d_monolayer,4,16,1791501998.969753,4006784,worker_3,W004,ErodeImage,pattern_group,running,100.0,1,1
cp_tutorial_3d_monolayer,4,16,1791501998.9703746,4006784,worker_3,W004,ErodeImage,step_completed,success,64.51612903225806,20,31
cp_tutorial_3d_monolayer,4,16,1791501998.9712055,4006784,worker_3,W004,Watershed,step_started,started,64.51612903225806,20,31
cp_tutorial_3d_monolayer,4,16,1791501999.044959,4006783,worker_2,W003,Watershed,pattern_group,running,100.0,1,1
cp_tutorial_3d_monolayer,4,16,1791501999.0457697,4006783,worker_2,W003,Watershed,step_completed,success,67.74193548387096,21,31
cp_tutorial_3d_monolayer,4,16,1791501999.0466695,4006783,worker_2,W003,MeasureObjectIntensity,step_started,started,67.74193548387096,21,31
cp_tutorial_3d_monolayer,4,16,1791501999.1105058,4006784,worker_3,W004,Watershed,pattern_group,running,100.0,1,1
cp_tutorial_3d_monolayer,4,16,1791501999.111192,4006784,worker_3,W004,Watershed,step_completed,success,67.74193548387096,21,31
cp_tutorial_3d_monolayer,4,16,1791501999.1119645,4006784,worker_3,W004,MeasureObjectIntensity,step_started,started,67.74193548387096,21,31
cp_tutorial_3d_monolayer,4,16,1791501999.172,4006781,worker_0,W001,MeasureObjectIntensity,pattern_group,running,50.0,1,2
cp_tutorial_3d_monolayer,4,16,1791501999.195308,4006782,worker_1,W002,MeasureObjectIntensity,pattern_group,running,50.0,1,2
cp_tutorial_3d_monolayer,4,16,1791501999.31236,4006783,worker_2,W003,MeasureObjectIntensity,pattern_group,running,50.0,1,2
cp_tutorial_3d_monolayer,4,16,1791501999.3738272,4006784,worker_3,W004,MeasureObjectIntensity,pattern_group,running,50.0,1,2
cp_tutorial_3d_monolayer,4,16,1791501999.469971,4006781,worker_0,W001,MeasureObjectIntensity,pattern_group,running,100.0,2,2
cp_tutorial_3d_monolayer,4,16,1791501999.4728723,4006781,worker_0,W001,MeasureObjectIntensity,step_completed,success,70.96774193548387,22,31
cp_tutorial_3d_monolayer,4,16,1791501999.4737713,4006781,worker_0,W001,MeasureObjectSizeShape,step_started,started,70.96774193548387,22,31
cp_tutorial_3d_monolayer,4,16,1791501999.4929185,4006782,worker_1,W002,MeasureObjectIntensity,pattern_group,running,100.0,2,2
cp_tutorial_3d_monolayer,4,16,1791501999.4955575,4006782,worker_1,W002,MeasureObjectIntensity,step_completed,success,70.96774193548387,22,31
cp_tutorial_3d_monolayer,4,16,1791501999.4991186,4006782,worker_1,W002,MeasureObjectSizeShape,step_started,started,70.96774193548387,22,31
cp_tutorial_3d_monolayer,4,16,1791501999.5688918,4006781,worker_0,W001,MeasureObjectSizeShape,pattern_group,running,50.0,1,2
cp_tutorial_3d_monolayer,4,16,1791501999.5922406,4006782,worker_1,W002,MeasureObjectSizeShape,pattern_group,running,50.0,1,2
cp_tutorial_3d_monolayer,4,16,1791501999.618012,4006783,worker_2,W003,MeasureObjectIntensity,pattern_group,running,100.0,2,2
cp_tutorial_3d_monolayer,4,16,1791501999.620754,4006783,worker_2,W003,MeasureObjectIntensity,step_completed,success,70.96774193548387,22,31
cp_tutorial_3d_monolayer,4,16,1791501999.6215878,4006783,worker_2,W003,MeasureObjectSizeShape,step_started,started,70.96774193548387,22,31
cp_tutorial_3d_monolayer,4,16,1791501999.6716263,4006781,worker_0,W001,MeasureObjectSizeShape,pattern_group,running,100.0,2,2
cp_tutorial_3d_monolayer,4,16,1791501999.6726193,4006781,worker_0,W001,MeasureObjectSizeShape,step_completed,success,74.19354838709677,23,31
cp_tutorial_3d_monolayer,4,16,1791501999.6740208,4006781,worker_0,W001,OverlayObjects,step_started,started,74.19354838709677,23,31
cp_tutorial_3d_monolayer,4,16,1791501999.6751003,4006784,worker_3,W004,MeasureObjectIntensity,pattern_group,running,100.0,2,2
cp_tutorial_3d_monolayer,4,16,1791501999.6783621,4006784,worker_3,W004,MeasureObjectIntensity,step_completed,success,70.96774193548387,22,31
cp_tutorial_3d_monolayer,4,16,1791501999.6791632,4006784,worker_3,W004,MeasureObjectSizeShape,step_started,started,70.96774193548387,22,31
cp_tutorial_3d_monolayer,4,16,1791501999.6903646,4006782,worker_1,W002,MeasureObjectSizeShape,pattern_group,running,100.0,2,2
cp_tutorial_3d_monolayer,4,16,1791501999.6915433,4006782,worker_1,W002,MeasureObjectSizeShape,step_completed,success,74.19354838709677,23,31
cp_tutorial_3d_monolayer,4,16,1791501999.6924224,4006782,worker_1,W002,OverlayObjects,step_started,started,74.19354838709677,23,31
cp_tutorial_3d_monolayer,4,16,1791501999.701499,4006781,worker_0,W001,OverlayObjects,pattern_group,running,100.0,1,1
cp_tutorial_3d_monolayer,4,16,1791501999.70208,4006781,worker_0,W001,OverlayObjects,step_completed,success,77.41935483870968,24,31
cp_tutorial_3d_monolayer,4,16,1791501999.7032804,4006781,worker_0,W001,RescaleIntensity,step_started,started,77.41935483870968,24,31
cp_tutorial_3d_monolayer,4,16,1791501999.7149456,4006782,worker_1,W002,OverlayObjects,pattern_group,running,100.0,1,1
cp_tutorial_3d_monolayer,4,16,1791501999.7152898,4006782,worker_1,W002,OverlayObjects,step_completed,success,77.41935483870968,24,31
cp_tutorial_3d_monolayer,4,16,1791501999.7160132,4006782,worker_1,W002,RescaleIntensity,step_started,started,77.41935483870968,24,31
cp_tutorial_3d_monolayer,4,16,1791501999.7258651,4006783,worker_2,W003,MeasureObjectSizeShape,pattern_group,running,50.0,1,2
cp_tutorial_3d_monolayer,4,16,1791501999.7785475,4006784,worker_3,W004,MeasureObjectSizeShape,pattern_group,running,50.0,1,2
cp_tutorial_3d_monolayer,4,16,1791501999.8208873,4006783,worker_2,W003,MeasureObjectSizeShape,pattern_group,running,100.0,2,2
cp_tutorial_3d_monolayer,4,16,1791501999.8217587,4006783,worker_2,W003,MeasureObjectSizeShape,step_completed,success,74.19354838709677,23,31
cp_tutorial_3d_monolayer,4,16,1791501999.8225563,4006783,worker_2,W003,OverlayObjects,step_started,started,74.19354838709677,23,31
cp_tutorial_3d_monolayer,4,16,1791501999.8426118,4006783,worker_2,W003,OverlayObjects,pattern_group,running,100.0,1,1
cp_tutorial_3d_monolayer,4,16,1791501999.8430002,4006783,worker_2,W003,OverlayObjects,step_completed,success,77.41935483870968,24,31
cp_tutorial_3d_monolayer,4,16,1791501999.8440359,4006783,worker_2,W003,RescaleIntensity,step_started,started,77.41935483870968,24,31
cp_tutorial_3d_monolayer,4,16,1791501999.8804991,4006784,worker_3,W004,MeasureObjectSizeShape,pattern_group,running,100.0,2,2
cp_tutorial_3d_monolayer,4,16,1791501999.881293,4006784,worker_3,W004,MeasureObjectSizeShape,step_completed,success,74.19354838709677,23,31
cp_tutorial_3d_monolayer,4,16,1791501999.8818452,4006784,worker_3,W004,OverlayObjects,step_started,started,74.19354838709677,23,31
cp_tutorial_3d_monolayer,4,16,1791501999.9105284,4006784,worker_3,W004,OverlayObjects,pattern_group,running,100.0,1,1
cp_tutorial_3d_monolayer,4,16,1791501999.9109437,4006784,worker_3,W004,OverlayObjects,step_completed,success,77.41935483870968,24,31
cp_tutorial_3d_monolayer,4,16,1791501999.9116728,4006784,worker_3,W004,RescaleIntensity,step_started,started,77.41935483870968,24,31
cp_tutorial_3d_monolayer,4,16,1791501999.9156592,4006781,worker_0,W001,RescaleIntensity,pattern_group,running,100.0,1,1
cp_tutorial_3d_monolayer,4,16,1791501999.9161167,4006781,worker_0,W001,RescaleIntensity,step_completed,success,80.64516129032258,25,31
cp_tutorial_3d_monolayer,4,16,1791501999.9168441,4006781,worker_0,W001,OverlayObjects,step_started,started,80.64516129032258,25,31
cp_tutorial_3d_monolayer,4,16,1791501999.9178717,4006782,worker_1,W002,RescaleIntensity,pattern_group,running,100.0,1,1
cp_tutorial_3d_monolayer,4,16,1791501999.9182348,4006782,worker_1,W002,RescaleIntensity,step_completed,success,80.64516129032258,25,31
cp_tutorial_3d_monolayer,4,16,1791501999.9187584,4006782,worker_1,W002,OverlayObjects,step_started,started,80.64516129032258,25,31
cp_tutorial_3d_monolayer,4,16,1791501999.9396799,4006781,worker_0,W001,OverlayObjects,pattern_group,running,100.0,1,1
cp_tutorial_3d_monolayer,4,16,1791501999.9401786,4006781,worker_0,W001,OverlayObjects,step_completed,success,83.87096774193549,26,31
cp_tutorial_3d_monolayer,4,16,1791501999.9411855,4006781,worker_0,W001,ConvertObjectsToImage,step_started,started,83.87096774193549,26,31
cp_tutorial_3d_monolayer,4,16,1791501999.9419408,4006782,worker_1,W002,OverlayObjects,pattern_group,running,100.0,1,1
cp_tutorial_3d_monolayer,4,16,1791501999.9422219,4006782,worker_1,W002,OverlayObjects,step_completed,success,83.87096774193549,26,31
cp_tutorial_3d_monolayer,4,16,1791501999.9429388,4006782,worker_1,W002,ConvertObjectsToImage,step_started,started,83.87096774193549,26,31
cp_tutorial_3d_monolayer,4,16,1791501999.9810877,4006781,worker_0,W001,ConvertObjectsToImage,pattern_group,running,100.0,1,1
cp_tutorial_3d_monolayer,4,16,1791501999.9815347,4006781,worker_0,W001,ConvertObjectsToImage,step_completed,success,87.09677419354838,27,31
cp_tutorial_3d_monolayer,4,16,1791501999.9825914,4006781,worker_0,W001,SaveImages,step_started,started,87.09677419354838,27,31
cp_tutorial_3d_monolayer,4,16,1791501999.9830022,4006782,worker_1,W002,ConvertObjectsToImage,pattern_group,running,100.0,1,1
cp_tutorial_3d_monolayer,4,16,1791501999.9833782,4006782,worker_1,W002,ConvertObjectsToImage,step_completed,success,87.09677419354838,27,31
cp_tutorial_3d_monolayer,4,16,1791501999.9841466,4006782,worker_1,W002,SaveImages,step_started,started,87.09677419354838,27,31
cp_tutorial_3d_monolayer,4,16,1791502000.033403,4006781,worker_0,W001,SaveImages,pattern_group,running,100.0,1,1
cp_tutorial_3d_monolayer,4,16,1791502000.0341432,4006782,worker_1,W002,SaveImages,pattern_group,running,100.0,1,1
cp_tutorial_3d_monolayer,4,16,1791502000.041735,4006782,worker_1,W002,SaveImages,step_completed,success,90.32258064516128,28,31
cp_tutorial_3d_monolayer,4,16,1791502000.0425558,4006782,worker_1,W002,ConvertObjectsToImage,step_started,started,90.32258064516128,28,31
cp_tutorial_3d_monolayer,4,16,1791502000.043147,4006781,worker_0,W001,SaveImages,step_completed,success,90.32258064516128,28,31
cp_tutorial_3d_monolayer,4,16,1791502000.0440655,4006781,worker_0,W001,ConvertObjectsToImage,step_started,started,90.32258064516128,28,31
cp_tutorial_3d_monolayer,4,16,1791502000.0785432,4006783,worker_2,W003,RescaleIntensity,pattern_group,running,100.0,1,1
cp_tutorial_3d_monolayer,4,16,1791502000.0789325,4006783,worker_2,W003,RescaleIntensity,step_completed,success,80.64516129032258,25,31
cp_tutorial_3d_monolayer,4,16,1791502000.0794215,4006783,worker_2,W003,OverlayObjects,step_started,started,80.64516129032258,25,31
cp_tutorial_3d_monolayer,4,16,1791502000.084431,4006782,worker_1,W002,ConvertObjectsToImage,pattern_group,running,100.0,1,1
cp_tutorial_3d_monolayer,4,16,1791502000.0849469,4006782,worker_1,W002,ConvertObjectsToImage,step_completed,success,93.54838709677419,29,31
cp_tutorial_3d_monolayer,4,16,1791502000.0887775,4006781,worker_0,W001,ConvertObjectsToImage,pattern_group,running,100.0,1,1
cp_tutorial_3d_monolayer,4,16,1791502000.0895832,4006781,worker_0,W001,ConvertObjectsToImage,step_completed,success,93.54838709677419,29,31
cp_tutorial_3d_monolayer,4,16,1791502000.095387,4006782,worker_1,W002,SaveImages,step_started,started,93.54838709677419,29,31
cp_tutorial_3d_monolayer,4,16,1791502000.0998223,4006783,worker_2,W003,OverlayObjects,pattern_group,running,100.0,1,1
cp_tutorial_3d_monolayer,4,16,1791502000.100563,4006783,worker_2,W003,OverlayObjects,step_completed,success,83.87096774193549,26,31
cp_tutorial_3d_monolayer,4,16,1791502000.1006153,4006781,worker_0,W001,SaveImages,step_started,started,93.54838709677419,29,31
cp_tutorial_3d_monolayer,4,16,1791502000.1013412,4006783,worker_2,W003,ConvertObjectsToImage,step_started,started,83.87096774193549,26,31
cp_tutorial_3d_monolayer,4,16,1791502000.1240406,4006784,worker_3,W004,RescaleIntensity,pattern_group,running,100.0,1,1
cp_tutorial_3d_monolayer,4,16,1791502000.1244764,4006784,worker_3,W004,RescaleIntensity,step_completed,success,80.64516129032258,25,31
cp_tutorial_3d_monolayer,4,16,1791502000.1249893,4006784,worker_3,W004,OverlayObjects,step_started,started,80.64516129032258,25,31
cp_tutorial_3d_monolayer,4,16,1791502000.145587,4006783,worker_2,W003,ConvertObjectsToImage,pattern_group,running,100.0,1,1
cp_tutorial_3d_monolayer,4,16,1791502000.1459658,4006783,worker_2,W003,ConvertObjectsToImage,step_completed,success,87.09677419354838,27,31
cp_tutorial_3d_monolayer,4,16,1791502000.1463733,4006784,worker_3,W004,OverlayObjects,pattern_group,running,100.0,1,1
cp_tutorial_3d_monolayer,4,16,1791502000.1466646,4006784,worker_3,W004,OverlayObjects,step_completed,success,83.87096774193549,26,31
cp_tutorial_3d_monolayer,4,16,1791502000.1467006,4006783,worker_2,W003,SaveImages,step_started,started,87.09677419354838,27,31
cp_tutorial_3d_monolayer,4,16,1791502000.147496,4006784,worker_3,W004,ConvertObjectsToImage,step_started,started,83.87096774193549,26,31
cp_tutorial_3d_monolayer,4,16,1791502000.1505158,4006782,worker_1,W002,SaveImages,pattern_group,running,100.0,1,1
cp_tutorial_3d_monolayer,4,16,1791502000.1628141,4006782,worker_1,W002,SaveImages,step_completed,success,96.7741935483871,30,31
cp_tutorial_3d_monolayer,4,16,1791502000.1641552,4006782,worker_1,W002,pipeline,axis_completed,success,96.7741935483871,30,31
cp_tutorial_3d_monolayer,4,16,1791502000.164315,4006782,worker_1,W006,pipeline,axis_started,started,0.0,0,31
cp_tutorial_3d_monolayer,4,16,1791502000.1650252,4006781,worker_0,W001,SaveImages,pattern_group,running,100.0,1,1
cp_tutorial_3d_monolayer,4,16,1791502000.1690176,4006782,worker_1,W006,RescaleIntensity,step_started,started,0.0,0,31
cp_tutorial_3d_monolayer,4,16,1791502000.1857994,4006781,worker_0,W001,SaveImages,step_completed,success,96.7741935483871,30,31
cp_tutorial_3d_monolayer,4,16,1791502000.1869836,4006781,worker_0,W001,pipeline,axis_completed,success,96.7741935483871,30,31
cp_tutorial_3d_monolayer,4,16,1791502000.18712,4006781,worker_0,W005,pipeline,axis_started,started,0.0,0,31
cp_tutorial_3d_monolayer,4,16,1791502000.1892798,4006784,worker_3,W004,ConvertObjectsToImage,pattern_group,running,100.0,1,1
cp_tutorial_3d_monolayer,4,16,1791502000.1897278,4006784,worker_3,W004,ConvertObjectsToImage,step_completed,success,87.09677419354838,27,31
cp_tutorial_3d_monolayer,4,16,1791502000.190436,4006781,worker_0,W005,RescaleIntensity,step_started,started,0.0,0,31
cp_tutorial_3d_monolayer,4,16,1791502000.1907246,4006784,worker_3,W004,SaveImages,step_started,started,87.09677419354838,27,31
cp_tutorial_3d_monolayer,4,16,1791502000.2065547,4006783,worker_2,W003,SaveImages,pattern_group,running,100.0,1,1
cp_tutorial_3d_monolayer,4,16,1791502000.2254612,4006783,worker_2,W003,SaveImages,step_completed,success,90.32258064516128,28,31
cp_tutorial_3d_monolayer,4,16,1791502000.2261229,4006783,worker_2,W003,ConvertObjectsToImage,step_started,started,90.32258064516128,28,31
cp_tutorial_3d_monolayer,4,16,1791502000.2457788,4006784,worker_3,W004,SaveImages,pattern_group,running,100.0,1,1
cp_tutorial_3d_monolayer,4,16,1791502000.2577584,4006784,worker_3,W004,SaveImages,step_completed,success,90.32258064516128,28,31
cp_tutorial_3d_monolayer,4,16,1791502000.2587407,4006784,worker_3,W004,ConvertObjectsToImage,step_started,started,90.32258064516128,28,31
cp_tutorial_3d_monolayer,4,16,1791502000.2620664,4006783,worker_2,W003,ConvertObjectsToImage,pattern_group,running,100.0,1,1
cp_tutorial_3d_monolayer,4,16,1791502000.2624586,4006783,worker_2,W003,ConvertObjectsToImage,step_completed,success,93.54838709677419,29,31
cp_tutorial_3d_monolayer,4,16,1791502000.273783,4006783,worker_2,W003,SaveImages,step_started,started,93.54838709677419,29,31
cp_tutorial_3d_monolayer,4,16,1791502000.2953117,4006784,worker_3,W004,ConvertObjectsToImage,pattern_group,running,100.0,1,1
cp_tutorial_3d_monolayer,4,16,1791502000.2956538,4006784,worker_3,W004,ConvertObjectsToImage,step_completed,success,93.54838709677419,29,31
cp_tutorial_3d_monolayer,4,16,1791502000.3059556,4006784,worker_3,W004,SaveImages,step_started,started,93.54838709677419,29,31
cp_tutorial_3d_monolayer,4,16,1791502000.3283422,4006783,worker_2,W003,SaveImages,pattern_group,running,100.0,1,1
cp_tutorial_3d_monolayer,4,16,1791502000.347954,4006783,worker_2,W003,SaveImages,step_completed,success,96.7741935483871,30,31
cp_tutorial_3d_monolayer,4,16,1791502000.3491206,4006783,worker_2,W003,pipeline,axis_completed,success,96.7741935483871,30,31
cp_tutorial_3d_monolayer,4,16,1791502000.3492577,4006783,worker_2,W007,pipeline,axis_started,started,0.0,0,31
cp_tutorial_3d_monolayer,4,16,1791502000.3526328,4006783,worker_2,W007,RescaleIntensity,step_started,started,0.0,0,31
cp_tutorial_3d_monolayer,4,16,1791502000.3637905,4006784,worker_3,W004,SaveImages,pattern_group,running,100.0,1,1
cp_tutorial_3d_monolayer,4,16,1791502000.3868144,4006784,worker_3,W004,SaveImages,step_completed,success,96.7741935483871,30,31
cp_tutorial_3d_monolayer,4,16,1791502000.3882246,4006784,worker_3,W004,pipeline,axis_completed,success,96.7741935483871,30,31
cp_tutorial_3d_monolayer,4,16,1791502000.3889072,4006784,worker_3,W008,pipeline,axis_started,started,0.0,0,31
cp_tutorial_3d_monolayer,4,16,1791502000.3921509,4006784,worker_3,W008,RescaleIntensity,step_started,started,0.0,0,31
cp_tutorial_3d_monolayer,4,16,1791502000.5134776,4006782,worker_1,W006,RescaleIntensity,pattern_group,running,100.0,1,1
cp_tutorial_3d_monolayer,4,16,1791502000.5139554,4006782,worker_1,W006,RescaleIntensity,step_completed,success,3.225806451612903,1,31
cp_tutorial_3d_monolayer,4,16,1791502000.514417,4006782,worker_1,W006,Resize,step_started,started,3.225806451612903,1,31
cp_tutorial_3d_monolayer,4,16,1791502000.529964,4006781,worker_0,W005,RescaleIntensity,pattern_group,running,100.0,1,1
cp_tutorial_3d_monolayer,4,16,1791502000.5304074,4006781,worker_0,W005,RescaleIntensity,step_completed,success,3.225806451612903,1,31
cp_tutorial_3d_monolayer,4,16,1791502000.5308425,4006781,worker_0,W005,Resize,step_started,started,3.225806451612903,1,31
cp_tutorial_3d_monolayer,4,16,1791502000.5780745,4006782,worker_1,W006,Resize,pattern_group,running,100.0,1,1
cp_tutorial_3d_monolayer,4,16,1791502000.5785499,4006782,worker_1,W006,Resize,step_completed,success,6.451612903225806,2,31
cp_tutorial_3d_monolayer,4,16,1791502000.5790155,4006782,worker_1,W006,MedianFilter,step_started,started,6.451612903225806,2,31
cp_tutorial_3d_monolayer,4,16,1791502000.592168,4006781,worker_0,W005,Resize,pattern_group,running,100.0,1,1
cp_tutorial_3d_monolayer,4,16,1791502000.592557,4006781,worker_0,W005,Resize,step_completed,success,6.451612903225806,2,31
cp_tutorial_3d_monolayer,4,16,1791502000.5928857,4006781,worker_0,W005,MedianFilter,step_started,started,6.451612903225806,2,31
cp_tutorial_3d_monolayer,4,16,1791502000.681316,4006783,worker_2,W007,RescaleIntensity,pattern_group,running,100.0,1,1
cp_tutorial_3d_monolayer,4,16,1791502000.6816902,4006783,worker_2,W007,RescaleIntensity,step_completed,success,3.225806451612903,1,31
cp_tutorial_3d_monolayer,4,16,1791502000.6822135,4006783,worker_2,W007,Resize,step_started,started,3.225806451612903,1,31
cp_tutorial_3d_monolayer,4,16,1791502000.7272232,4006784,worker_3,W008,RescaleIntensity,pattern_group,running,100.0,1,1
cp_tutorial_3d_monolayer,4,16,1791502000.7276156,4006784,worker_3,W008,RescaleIntensity,step_completed,success,3.225806451612903,1,31
cp_tutorial_3d_monolayer,4,16,1791502000.7280037,4006784,worker_3,W008,Resize,step_started,started,3.225806451612903,1,31
cp_tutorial_3d_monolayer,4,16,1791502000.7396615,4006783,worker_2,W007,Resize,pattern_group,running,100.0,1,1
cp_tutorial_3d_monolayer,4,16,1791502000.7401953,4006783,worker_2,W007,Resize,step_completed,success,6.451612903225806,2,31
cp_tutorial_3d_monolayer,4,16,1791502000.7407265,4006783,worker_2,W007,MedianFilter,step_started,started,6.451612903225806,2,31
cp_tutorial_3d_monolayer,4,16,1791502000.7463803,4006782,worker_1,W006,MedianFilter,pattern_group,running,100.0,1,1
cp_tutorial_3d_monolayer,4,16,1791502000.746793,4006782,worker_1,W006,MedianFilter,step_completed,success,9.67741935483871,3,31
cp_tutorial_3d_monolayer,4,16,1791502000.7472653,4006782,worker_1,W006,Threshold,step_started,started,9.67741935483871,3,31
cp_tutorial_3d_monolayer,4,16,1791502000.7563977,4006781,worker_0,W005,MedianFilter,pattern_group,running,100.0,1,1
cp_tutorial_3d_monolayer,4,16,1791502000.7568083,4006781,worker_0,W005,MedianFilter,step_completed,success,9.67741935483871,3,31
cp_tutorial_3d_monolayer,4,16,1791502000.7572858,4006781,worker_0,W005,Threshold,step_started,started,9.67741935483871,3,31
cp_tutorial_3d_monolayer,4,16,1791502000.7853696,4006782,worker_1,W006,Threshold,pattern_group,running,100.0,1,1
cp_tutorial_3d_monolayer,4,16,1791502000.7858462,4006782,worker_1,W006,Threshold,step_completed,success,12.903225806451612,4,31
cp_tutorial_3d_monolayer,4,16,1791502000.7863386,4006782,worker_1,W006,RemoveHoles,step_started,started,12.903225806451612,4,31
cp_tutorial_3d_monolayer,4,16,1791502000.7866569,4006784,worker_3,W008,Resize,pattern_group,running,100.0,1,1
cp_tutorial_3d_monolayer,4,16,1791502000.7869701,4006784,worker_3,W008,Resize,step_completed,success,6.451612903225806,2,31
cp_tutorial_3d_monolayer,4,16,1791502000.7873683,4006784,worker_3,W008,MedianFilter,step_started,started,6.451612903225806,2,31
cp_tutorial_3d_monolayer,4,16,1791502000.7970653,4006781,worker_0,W005,Threshold,pattern_group,running,100.0,1,1
cp_tutorial_3d_monolayer,4,16,1791502000.7977493,4006781,worker_0,W005,Threshold,step_completed,success,12.903225806451612,4,31
cp_tutorial_3d_monolayer,4,16,1791502000.798484,4006781,worker_0,W005,RemoveHoles,step_started,started,12.903225806451612,4,31
cp_tutorial_3d_monolayer,4,16,1791502000.8030255,4006782,worker_1,W006,RemoveHoles,pattern_group,running,100.0,1,1
cp_tutorial_3d_monolayer,4,16,1791502000.803402,4006782,worker_1,W006,RemoveHoles,step_completed,success,16.129032258064516,5,31
cp_tutorial_3d_monolayer,4,16,1791502000.8038583,4006782,worker_1,W006,Watershed,step_started,started,16.129032258064516,5,31
cp_tutorial_3d_monolayer,4,16,1791502000.8154764,4006781,worker_0,W005,RemoveHoles,pattern_group,running,100.0,1,1
cp_tutorial_3d_monolayer,4,16,1791502000.8160229,4006781,worker_0,W005,RemoveHoles,step_completed,success,16.129032258064516,5,31
cp_tutorial_3d_monolayer,4,16,1791502000.8166628,4006781,worker_0,W005,Watershed,step_started,started,16.129032258064516,5,31
cp_tutorial_3d_monolayer,4,16,1791502000.8920822,4006782,worker_1,W006,Watershed,pattern_group,running,100.0,1,1
cp_tutorial_3d_monolayer,4,16,1791502000.8928547,4006782,worker_1,W006,Watershed,step_completed,success,19.35483870967742,6,31
cp_tutorial_3d_monolayer,4,16,1791502000.893471,4006782,worker_1,W006,ResizeObjects,step_started,started,19.35483870967742,6,31
cp_tutorial_3d_monolayer,4,16,1791502000.907341,4006781,worker_0,W005,Watershed,pattern_group,running,100.0,1,1
cp_tutorial_3d_monolayer,4,16,1791502000.908372,4006781,worker_0,W005,Watershed,step_completed,success,19.35483870967742,6,31
cp_tutorial_3d_monolayer,4,16,1791502000.909967,4006783,worker_2,W007,MedianFilter,pattern_group,running,100.0,1,1
cp_tutorial_3d_monolayer,4,16,1791502000.908914,4006781,worker_0,W005,ResizeObjects,step_started,started,19.35483870967742,6,31
cp_tutorial_3d_monolayer,4,16,1791502000.910283,4006783,worker_2,W007,MedianFilter,step_completed,success,9.67741935483871,3,31
cp_tutorial_3d_monolayer,4,16,1791502000.9107714,4006783,worker_2,W007,Threshold,step_started,started,9.67741935483871,3,31
cp_tutorial_3d_monolayer,4,16,1791502000.938157,4006782,worker_1,W006,ResizeObjects,pattern_group,running,100.0,1,1
cp_tutorial_3d_monolayer,4,16,1791502000.938974,4006782,worker_1,W006,ResizeObjects,step_completed,success,22.58064516129032,7,31
cp_tutorial_3d_monolayer,4,16,1791502000.939651,4006782,worker_1,W006,ErodeObjects,step_started,started,22.58064516129032,7,31
cp_tutorial_3d_monolayer,4,16,1791502000.9538972,4006781,worker_0,W005,ResizeObjects,pattern_group,running,100.0,1,1
cp_tutorial_3d_monolayer,4,16,1791502000.9547577,4006781,worker_0,W005,ResizeObjects,step_completed,success,22.58064516129032,7,31
cp_tutorial_3d_monolayer,4,16,1791502000.9558163,4006781,worker_0,W005,ErodeObjects,step_started,started,22.58064516129032,7,31
cp_tutorial_3d_monolayer,4,16,1791502000.9571633,4006783,worker_2,W007,Threshold,pattern_group,running,100.0,1,1
cp_tutorial_3d_monolayer,4,16,1791502000.9576323,4006783,worker_2,W007,Threshold,step_completed,success,12.903225806451612,4,31
cp_tutorial_3d_monolayer,4,16,1791502000.9581249,4006783,worker_2,W007,RemoveHoles,step_started,started,12.903225806451612,4,31
cp_tutorial_3d_monolayer,4,16,1791502000.961769,4006784,worker_3,W008,MedianFilter,pattern_group,running,100.0,1,1
cp_tutorial_3d_monolayer,4,16,1791502000.9623537,4006784,worker_3,W008,MedianFilter,step_completed,success,9.67741935483871,3,31
cp_tutorial_3d_monolayer,4,16,1791502000.962952,4006784,worker_3,W008,Threshold,step_started,started,9.67741935483871,3,31
cp_tutorial_3d_monolayer,4,16,1791502000.976479,4006783,worker_2,W007,RemoveHoles,pattern_group,running,100.0,1,1
cp_tutorial_3d_monolayer,4,16,1791502000.9767542,4006783,worker_2,W007,RemoveHoles,step_completed,success,16.129032258064516,5,31
cp_tutorial_3d_monolayer,4,16,1791502000.9771688,4006783,worker_2,W007,Watershed,step_started,started,16.129032258064516,5,31
cp_tutorial_3d_monolayer,4,16,1791502000.9923651,4006782,worker_1,W006,ErodeObjects,pattern_group,running,100.0,1,1
cp_tutorial_3d_monolayer,4,16,1791502000.9930742,4006782,worker_1,W006,ErodeObjects,step_completed,success,25.806451612903224,8,31
cp_tutorial_3d_monolayer,4,16,1791502000.9937165,4006782,worker_1,W006,ResizeObjects,step_started,started,25.806451612903224,8,31
cp_tutorial_3d_monolayer,4,16,1791502001.005947,4006784,worker_3,W008,Threshold,pattern_group,running,100.0,1,1
cp_tutorial_3d_monolayer,4,16,1791502001.0064988,4006784,worker_3,W008,Threshold,step_completed,success,12.903225806451612,4,31
cp_tutorial_3d_monolayer,4,16,1791502001.0070152,4006784,worker_3,W008,RemoveHoles,step_started,started,12.903225806451612,4,31
cp_tutorial_3d_monolayer,4,16,1791502001.0191667,4006781,worker_0,W005,ErodeObjects,pattern_group,running,100.0,1,1
cp_tutorial_3d_monolayer,4,16,1791502001.0200522,4006781,worker_0,W005,ErodeObjects,step_completed,success,25.806451612903224,8,31
cp_tutorial_3d_monolayer,4,16,1791502001.0213053,4006781,worker_0,W005,ResizeObjects,step_started,started,25.806451612903224,8,31
cp_tutorial_3d_monolayer,4,16,1791502001.0253267,4006784,worker_3,W008,RemoveHoles,pattern_group,running,100.0,1,1
cp_tutorial_3d_monolayer,4,16,1791502001.0254855,4006782,worker_1,W006,ResizeObjects,pattern_group,running,100.0,1,1
cp_tutorial_3d_monolayer,4,16,1791502001.0257828,4006784,worker_3,W008,RemoveHoles,step_completed,success,16.129032258064516,5,31
cp_tutorial_3d_monolayer,4,16,1791502001.026091,4006782,worker_1,W006,ResizeObjects,step_completed,success,29.03225806451613,9,31
cp_tutorial_3d_monolayer,4,16,1791502001.026385,4006784,worker_3,W008,Watershed,step_started,started,16.129032258064516,5,31
cp_tutorial_3d_monolayer,4,16,1791502001.02667,4006782,worker_1,W006,ConvertObjectsToImage,step_started,started,29.03225806451613,9,31
cp_tutorial_3d_monolayer,4,16,1791502001.049972,4006782,worker_1,W006,ConvertObjectsToImage,pattern_group,running,100.0,1,1
cp_tutorial_3d_monolayer,4,16,1791502001.050349,4006782,worker_1,W006,ConvertObjectsToImage,step_completed,success,32.25806451612903,10,31
cp_tutorial_3d_monolayer,4,16,1791502001.0510345,4006782,worker_1,W006,Threshold,step_started,started,32.25806451612903,10,31
cp_tutorial_3d_monolayer,4,16,1791502001.0576656,4006781,worker_0,W005,ResizeObjects,pattern_group,running,100.0,1,1
cp_tutorial_3d_monolayer,4,16,1791502001.0585663,4006781,worker_0,W005,ResizeObjects,step_completed,success,29.03225806451613,9,31
cp_tutorial_3d_monolayer,4,16,1791502001.0592625,4006781,worker_0,W005,ConvertObjectsToImage,step_started,started,29.03225806451613,9,31
cp_tutorial_3d_monolayer,4,16,1791502001.0787275,4006783,worker_2,W007,Watershed,pattern_group,running,100.0,1,1
cp_tutorial_3d_monolayer,4,16,1791502001.0794213,4006783,worker_2,W007,Watershed,step_completed,success,19.35483870967742,6,31
cp_tutorial_3d_monolayer,4,16,1791502001.080264,4006783,worker_2,W007,ResizeObjects,step_started,started,19.35483870967742,6,31
cp_tutorial_3d_monolayer,4,16,1791502001.0826063,4006781,worker_0,W005,ConvertObjectsToImage,pattern_group,running,100.0,1,1
cp_tutorial_3d_monolayer,4,16,1791502001.0830977,4006781,worker_0,W005,ConvertObjectsToImage,step_completed,success,32.25806451612903,10,31
cp_tutorial_3d_monolayer,4,16,1791502001.0839517,4006781,worker_0,W005,Threshold,step_started,started,32.25806451612903,10,31
cp_tutorial_3d_monolayer,4,16,1791502001.1189573,4006783,worker_2,W007,ResizeObjects,pattern_group,running,100.0,1,1
cp_tutorial_3d_monolayer,4,16,1791502001.120046,4006783,worker_2,W007,ResizeObjects,step_completed,success,22.58064516129032,7,31
cp_tutorial_3d_monolayer,4,16,1791502001.1207306,4006783,worker_2,W007,ErodeObjects,step_started,started,22.58064516129032,7,31
cp_tutorial_3d_monolayer,4,16,1791502001.1282482,4006784,worker_3,W008,Watershed,pattern_group,running,100.0,1,1
cp_tutorial_3d_monolayer,4,16,1791502001.1289268,4006784,worker_3,W008,Watershed,step_completed,success,19.35483870967742,6,31
cp_tutorial_3d_monolayer,4,16,1791502001.1295085,4006784,worker_3,W008,ResizeObjects,step_started,started,19.35483870967742,6,31
cp_tutorial_3d_monolayer,4,16,1791502001.1712387,4006784,worker_3,W008,ResizeObjects,pattern_group,running,100.0,1,1
cp_tutorial_3d_monolayer,4,16,1791502001.1720555,4006784,worker_3,W008,ResizeObjects,step_completed,success,22.58064516129032,7,31
cp_tutorial_3d_monolayer,4,16,1791502001.1726751,4006784,worker_3,W008,ErodeObjects,step_started,started,22.58064516129032,7,31
cp_tutorial_3d_monolayer,4,16,1791502001.1749525,4006783,worker_2,W007,ErodeObjects,pattern_group,running,100.0,1,1
cp_tutorial_3d_monolayer,4,16,1791502001.1759694,4006783,worker_2,W007,ErodeObjects,step_completed,success,25.806451612903224,8,31
cp_tutorial_3d_monolayer,4,16,1791502001.1769924,4006783,worker_2,W007,ResizeObjects,step_started,started,25.806451612903224,8,31
cp_tutorial_3d_monolayer,4,16,1791502001.2129433,4006783,worker_2,W007,ResizeObjects,pattern_group,running,100.0,1,1
cp_tutorial_3d_monolayer,4,16,1791502001.214713,4006783,worker_2,W007,ResizeObjects,step_completed,success,29.03225806451613,9,31
cp_tutorial_3d_monolayer,4,16,1791502001.218366,4006783,worker_2,W007,ConvertObjectsToImage,step_started,started,29.03225806451613,9,31
cp_tutorial_3d_monolayer,4,16,1791502001.2322454,4006784,worker_3,W008,ErodeObjects,pattern_group,running,100.0,1,1
cp_tutorial_3d_monolayer,4,16,1791502001.2332137,4006784,worker_3,W008,ErodeObjects,step_completed,success,25.806451612903224,8,31
cp_tutorial_3d_monolayer,4,16,1791502001.2338064,4006784,worker_3,W008,ResizeObjects,step_started,started,25.806451612903224,8,31
cp_tutorial_3d_monolayer,4,16,1791502001.2522128,4006783,worker_2,W007,ConvertObjectsToImage,pattern_group,running,100.0,1,1
cp_tutorial_3d_monolayer,4,16,1791502001.252623,4006783,worker_2,W007,ConvertObjectsToImage,step_completed,success,32.25806451612903,10,31
cp_tutorial_3d_monolayer,4,16,1791502001.257991,4006783,worker_2,W007,Threshold,step_started,started,32.25806451612903,10,31
cp_tutorial_3d_monolayer,4,16,1791502001.260943,4006782,worker_1,W006,Threshold,pattern_group,running,100.0,1,1
cp_tutorial_3d_monolayer,4,16,1791502001.2614546,4006782,worker_1,W006,Threshold,step_completed,success,35.483870967741936,11,31
cp_tutorial_3d_monolayer,4,16,1791502001.2619133,4006782,worker_1,W006,ImageMath,step_started,started,35.483870967741936,11,31
cp_tutorial_3d_monolayer,4,16,1791502001.2716403,4006784,worker_3,W008,ResizeObjects,pattern_group,running,100.0,1,1
cp_tutorial_3d_monolayer,4,16,1791502001.272531,4006784,worker_3,W008,ResizeObjects,step_completed,success,29.03225806451613,9,31
cp_tutorial_3d_monolayer,4,16,1791502001.2732246,4006784,worker_3,W008,ConvertObjectsToImage,step_started,started,29.03225806451613,9,31
cp_tutorial_3d_monolayer,4,16,1791502001.2957993,4006782,worker_1,W006,ImageMath,pattern_group,running,100.0,1,1
cp_tutorial_3d_monolayer,4,16,1791502001.2961915,4006782,worker_1,W006,ImageMath,step_completed,success,38.70967741935484,12,31
cp_tutorial_3d_monolayer,4,16,1791502001.296842,4006782,worker_1,W006,RemoveHoles,step_started,started,38.70967741935484,12,31
cp_tutorial_3d_monolayer,4,16,1791502001.3007653,4006784,worker_3,W008,ConvertObjectsToImage,pattern_group,running,100.0,1,1
cp_tutorial_3d_monolayer,4,16,1791502001.3012345,4006784,worker_3,W008,ConvertObjectsToImage,step_completed,success,32.25806451612903,10,31
cp_tutorial_3d_monolayer,4,16,1791502001.3069155,4006784,worker_3,W008,Threshold,step_started,started,32.25806451612903,10,31
cp_tutorial_3d_monolayer,4,16,1791502001.311317,4006781,worker_0,W005,Threshold,pattern_group,running,100.0,1,1
cp_tutorial_3d_monolayer,4,16,1791502001.3117652,4006781,worker_0,W005,Threshold,step_completed,success,35.483870967741936,11,31
cp_tutorial_3d_monolayer,4,16,1791502001.3122084,4006781,worker_0,W005,ImageMath,step_started,started,35.483870967741936,11,31
cp_tutorial_3d_monolayer,4,16,1791502001.346387,4006781,worker_0,W005,ImageMath,pattern_group,running,100.0,1,1
cp_tutorial_3d_monolayer,4,16,1791502001.3467588,4006781,worker_0,W005,ImageMath,step_completed,success,38.70967741935484,12,31
cp_tutorial_3d_monolayer,4,16,1791502001.3473868,4006781,worker_0,W005,RemoveHoles,step_started,started,38.70967741935484,12,31
cp_tutorial_3d_monolayer,4,16,1791502001.3572176,4006782,worker_1,W006,RemoveHoles,pattern_group,running,100.0,1,1
cp_tutorial_3d_monolayer,4,16,1791502001.3576427,4006782,worker_1,W006,RemoveHoles,step_completed,success,41.935483870967744,13,31
cp_tutorial_3d_monolayer,4,16,1791502001.358217,4006782,worker_1,W006,ImageMath,step_started,started,41.935483870967744,13,31
cp_tutorial_3d_monolayer,4,16,1791502001.403917,4006781,worker_0,W005,RemoveHoles,pattern_group,running,100.0,1,1
cp_tutorial_3d_monolayer,4,16,1791502001.4043581,4006781,worker_0,W005,RemoveHoles,step_completed,success,41.935483870967744,13,31
cp_tutorial_3d_monolayer,4,16,1791502001.4049532,4006781,worker_0,W005,ImageMath,step_started,started,41.935483870967744,13,31
cp_tutorial_3d_monolayer,4,16,1791502001.4873137,4006783,worker_2,W007,Threshold,pattern_group,running,100.0,1,1
cp_tutorial_3d_monolayer,4,16,1791502001.487783,4006783,worker_2,W007,Threshold,step_completed,success,35.483870967741936,11,31
cp_tutorial_3d_monolayer,4,16,1791502001.48822,4006783,worker_2,W007,ImageMath,step_started,started,35.483870967741936,11,31
cp_tutorial_3d_monolayer,4,16,1791502001.5237172,4006783,worker_2,W007,ImageMath,pattern_group,running,100.0,1,1
cp_tutorial_3d_monolayer,4,16,1791502001.5241013,4006783,worker_2,W007,ImageMath,step_completed,success,38.70967741935484,12,31
cp_tutorial_3d_monolayer,4,16,1791502001.524689,4006783,worker_2,W007,RemoveHoles,step_started,started,38.70967741935484,12,31
cp_tutorial_3d_monolayer,4,16,1791502001.531494,4006784,worker_3,W008,Threshold,pattern_group,running,100.0,1,1
cp_tutorial_3d_monolayer,4,16,1791502001.5321822,4006784,worker_3,W008,Threshold,step_completed,success,35.483870967741936,11,31
cp_tutorial_3d_monolayer,4,16,1791502001.5327294,4006784,worker_3,W008,ImageMath,step_started,started,35.483870967741936,11,31
cp_tutorial_3d_monolayer,4,16,1791502001.5701785,4006784,worker_3,W008,ImageMath,pattern_group,running,100.0,1,1
cp_tutorial_3d_monolayer,4,16,1791502001.5708127,4006784,worker_3,W008,ImageMath,step_completed,success,38.70967741935484,12,31
cp_tutorial_3d_monolayer,4,16,1791502001.5716448,4006784,worker_3,W008,RemoveHoles,step_started,started,38.70967741935484,12,31
cp_tutorial_3d_monolayer,4,16,1791502001.5891018,4006783,worker_2,W007,RemoveHoles,pattern_group,running,100.0,1,1
cp_tutorial_3d_monolayer,4,16,1791502001.5895224,4006783,worker_2,W007,RemoveHoles,step_completed,success,41.935483870967744,13,31
cp_tutorial_3d_monolayer,4,16,1791502001.590111,4006783,worker_2,W007,ImageMath,step_started,started,41.935483870967744,13,31
cp_tutorial_3d_monolayer,4,16,1791502001.632719,4006784,worker_3,W008,RemoveHoles,pattern_group,running,100.0,1,1
cp_tutorial_3d_monolayer,4,16,1791502001.6333473,4006784,worker_3,W008,RemoveHoles,step_completed,success,41.935483870967744,13,31
cp_tutorial_3d_monolayer,4,16,1791502001.6338801,4006784,worker_3,W008,ImageMath,step_started,started,41.935483870967744,13,31
cp_tutorial_3d_monolayer,4,16,1791502001.6672497,4006782,worker_1,W006,ImageMath,pattern_group,running,100.0,1,1
cp_tutorial_3d_monolayer,4,16,1791502001.6676457,4006782,worker_1,W006,ImageMath,step_completed,success,45.16129032258064,14,31
cp_tutorial_3d_monolayer,4,16,1791502001.668091,4006782,worker_1,W006,Resize,step_started,started,45.16129032258064,14,31
cp_tutorial_3d_monolayer,4,16,1791502001.7279286,4006781,worker_0,W005,ImageMath,pattern_group,running,100.0,1,1
cp_tutorial_3d_monolayer,4,16,1791502001.7283971,4006781,worker_0,W005,ImageMath,step_completed,success,45.16129032258064,14,31
cp_tutorial_3d_monolayer,4,16,1791502001.7288883,4006781,worker_0,W005,Resize,step_started,started,45.16129032258064,14,31
cp_tutorial_3d_monolayer,4,16,1791502001.7290764,4006782,worker_1,W006,Resize,pattern_group,running,100.0,1,1
cp_tutorial_3d_monolayer,4,16,1791502001.7294846,4006782,worker_1,W006,Resize,step_completed,success,48.38709677419355,15,31
cp_tutorial_3d_monolayer,4,16,1791502001.7401907,4006782,worker_1,W006,Closing,step_started,started,48.38709677419355,15,31
cp_tutorial_3d_monolayer,4,16,1791502001.7970777,4006781,worker_0,W005,Resize,pattern_group,running,100.0,1,1
cp_tutorial_3d_monolayer,4,16,1791502001.7974858,4006781,worker_0,W005,Resize,step_completed,success,48.38709677419355,15,31
cp_tutorial_3d_monolayer,4,16,1791502001.8050983,4006781,worker_0,W005,Closing,step_started,started,48.38709677419355,15,31
cp_tutorial_3d_monolayer,4,16,1791502001.823428,4006782,worker_1,W006,Closing,pattern_group,running,100.0,1,1
cp_tutorial_3d_monolayer,4,16,1791502001.8238316,4006782,worker_1,W006,Closing,step_completed,success,51.61290322580645,16,31
cp_tutorial_3d_monolayer,4,16,1791502001.824454,4006782,worker_1,W006,Resize,step_started,started,51.61290322580645,16,31
cp_tutorial_3d_monolayer,4,16,1791502001.8741963,4006782,worker_1,W006,Resize,pattern_group,running,100.0,1,1
cp_tutorial_3d_monolayer,4,16,1791502001.874781,4006782,worker_1,W006,Resize,step_completed,success,54.83870967741935,17,31
cp_tutorial_3d_monolayer,4,16,1791502001.8756335,4006782,worker_1,W006,Threshold,step_started,started,54.83870967741935,17,31
cp_tutorial_3d_monolayer,4,16,1791502001.892124,4006781,worker_0,W005,Closing,pattern_group,running,100.0,1,1
cp_tutorial_3d_monolayer,4,16,1791502001.8925347,4006781,worker_0,W005,Closing,step_completed,success,51.61290322580645,16,31
cp_tutorial_3d_monolayer,4,16,1791502001.893189,4006781,worker_0,W005,Resize,step_started,started,51.61290322580645,16,31
cp_tutorial_3d_monolayer,4,16,1791502001.9021287,4006783,worker_2,W007,ImageMath,pattern_group,running,100.0,1,1
cp_tutorial_3d_monolayer,4,16,1791502001.9025135,4006783,worker_2,W007,ImageMath,step_completed,success,45.16129032258064,14,31
cp_tutorial_3d_monolayer,4,16,1791502001.902972,4006783,worker_2,W007,Resize,step_started,started,45.16129032258064,14,31
cp_tutorial_3d_monolayer,4,16,1791502001.9488351,4006784,worker_3,W008,ImageMath,pattern_group,running,100.0,1,1
cp_tutorial_3d_monolayer,4,16,1791502001.9488735,4006781,worker_0,W005,Resize,pattern_group,running,100.0,1,1
cp_tutorial_3d_monolayer,4,16,1791502001.9492345,4006781,worker_0,W005,Resize,step_completed,success,54.83870967741935,17,31
cp_tutorial_3d_monolayer,4,16,1791502001.9493425,4006784,worker_3,W008,ImageMath,step_completed,success,45.16129032258064,14,31
cp_tutorial_3d_monolayer,4,16,1791502001.949818,4006784,worker_3,W008,Resize,step_started,started,45.16129032258064,14,31
cp_tutorial_3d_monolayer,4,16,1791502001.950027,4006781,worker_0,W005,Threshold,step_started,started,54.83870967741935,17,31
cp_tutorial_3d_monolayer,4,16,1791502001.9736207,4006783,worker_2,W007,Resize,pattern_group,running,100.0,1,1
cp_tutorial_3d_monolayer,4,16,1791502001.9740305,4006783,worker_2,W007,Resize,step_completed,success,48.38709677419355,15,31
cp_tutorial_3d_monolayer,4,16,1791502001.981982,4006783,worker_2,W007,Closing,step_started,started,48.38709677419355,15,31
cp_tutorial_3d_monolayer,4,16,1791502002.016315,4006784,worker_3,W008,Resize,pattern_group,running,100.0,1,1
cp_tutorial_3d_monolayer,4,16,1791502002.016795,4006784,worker_3,W008,Resize,step_completed,success,48.38709677419355,15,31
cp_tutorial_3d_monolayer,4,16,1791502002.0260034,4006784,worker_3,W008,Closing,step_started,started,48.38709677419355,15,31
cp_tutorial_3d_monolayer,4,16,1791502002.0492508,4006782,worker_1,W006,Threshold,pattern_group,running,100.0,1,1
cp_tutorial_3d_monolayer,4,16,1791502002.0496671,4006782,worker_1,W006,Threshold,step_completed,success,58.06451612903226,18,31
cp_tutorial_3d_monolayer,4,16,1791502002.0502481,4006782,worker_1,W006,MaskImage,step_started,started,58.06451612903226,18,31
cp_tutorial_3d_monolayer,4,16,1791502002.0684724,4006783,worker_2,W007,Closing,pattern_group,running,100.0,1,1
cp_tutorial_3d_monolayer,4,16,1791502002.0688808,4006783,worker_2,W007,Closing,step_completed,success,51.61290322580645,16,31
cp_tutorial_3d_monolayer,4,16,1791502002.0695105,4006783,worker_2,W007,Resize,step_started,started,51.61290322580645,16,31
cp_tutorial_3d_monolayer,4,16,1791502002.1090143,4006784,worker_3,W008,Closing,pattern_group,running,100.0,1,1
cp_tutorial_3d_monolayer,4,16,1791502002.1094127,4006784,worker_3,W008,Closing,step_completed,success,51.61290322580645,16,31
cp_tutorial_3d_monolayer,4,16,1791502002.110019,4006784,worker_3,W008,Resize,step_started,started,51.61290322580645,16,31
cp_tutorial_3d_monolayer,4,16,1791502002.1195543,4006781,worker_0,W005,Threshold,pattern_group,running,100.0,1,1
cp_tutorial_3d_monolayer,4,16,1791502002.1200824,4006781,worker_0,W005,Threshold,step_completed,success,58.06451612903226,18,31
cp_tutorial_3d_monolayer,4,16,1791502002.1204622,4006783,worker_2,W007,Resize,pattern_group,running,100.0,1,1
cp_tutorial_3d_monolayer,4,16,1791502002.1207764,4006781,worker_0,W005,MaskImage,step_started,started,58.06451612903226,18,31
cp_tutorial_3d_monolayer,4,16,1791502002.1207883,4006783,worker_2,W007,Resize,step_completed,success,54.83870967741935,17,31
cp_tutorial_3d_monolayer,4,16,1791502002.121346,4006783,worker_2,W007,Threshold,step_started,started,54.83870967741935,17,31
cp_tutorial_3d_monolayer,4,16,1791502002.1590116,4006784,worker_3,W008,Resize,pattern_group,running,100.0,1,1
cp_tutorial_3d_monolayer,4,16,1791502002.1594224,4006784,worker_3,W008,Resize,step_completed,success,54.83870967741935,17,31
cp_tutorial_3d_monolayer,4,16,1791502002.1601133,4006784,worker_3,W008,Threshold,step_started,started,54.83870967741935,17,31
cp_tutorial_3d_monolayer,4,16,1791502002.2095356,4006782,worker_1,W006,MaskImage,pattern_group,running,100.0,1,1
cp_tutorial_3d_monolayer,4,16,1791502002.2101285,4006782,worker_1,W006,MaskImage,step_completed,success,61.29032258064516,19,31
cp_tutorial_3d_monolayer,4,16,1791502002.2109978,4006782,worker_1,W006,ErodeImage,step_started,started,61.29032258064516,19,31
cp_tutorial_3d_monolayer,4,16,1791502002.243176,4006782,worker_1,W006,ErodeImage,pattern_group,running,100.0,1,1
cp_tutorial_3d_monolayer,4,16,1791502002.2438529,4006782,worker_1,W006,ErodeImage,step_completed,success,64.51612903225806,20,31
cp_tutorial_3d_monolayer,4,16,1791502002.2501824,4006782,worker_1,W006,Watershed,step_started,started,64.51612903225806,20,31
cp_tutorial_3d_monolayer,4,16,1791502002.293637,4006783,worker_2,W007,Threshold,pattern_group,running,100.0,1,1
cp_tutorial_3d_monolayer,4,16,1791502002.2942064,4006783,worker_2,W007,Threshold,step_completed,success,58.06451612903226,18,31
cp_tutorial_3d_monolayer,4,16,1791502002.2949512,4006783,worker_2,W007,MaskImage,step_started,started,58.06451612903226,18,31
cp_tutorial_3d_monolayer,4,16,1791502002.3098266,4006781,worker_0,W005,MaskImage,pattern_group,running,100.0,1,1
cp_tutorial_3d_monolayer,4,16,1791502002.3102589,4006781,worker_0,W005,MaskImage,step_completed,success,61.29032258064516,19,31
cp_tutorial_3d_monolayer,4,16,1791502002.3110712,4006781,worker_0,W005,ErodeImage,step_started,started,61.29032258064516,19,31
cp_tutorial_3d_monolayer,4,16,1791502002.332398,4006784,worker_3,W008,Threshold,pattern_group,running,100.0,1,1
cp_tutorial_3d_monolayer,4,16,1791502002.3329217,4006784,worker_3,W008,Threshold,step_completed,success,58.06451612903226,18,31
cp_tutorial_3d_monolayer,4,16,1791502002.3339295,4006784,worker_3,W008,MaskImage,step_started,started,58.06451612903226,18,31
cp_tutorial_3d_monolayer,4,16,1791502002.34556,4006781,worker_0,W005,ErodeImage,pattern_group,running,100.0,1,1
cp_tutorial_3d_monolayer,4,16,1791502002.3463542,4006781,worker_0,W005,ErodeImage,step_completed,success,64.51612903225806,20,31
cp_tutorial_3d_monolayer,4,16,1791502002.3527591,4006781,worker_0,W005,Watershed,step_started,started,64.51612903225806,20,31
cp_tutorial_3d_monolayer,4,16,1791502002.374276,4006782,worker_1,W006,Watershed,pattern_group,running,100.0,1,1
cp_tutorial_3d_monolayer,4,16,1791502002.3748746,4006782,worker_1,W006,Watershed,step_completed,success,67.74193548387096,21,31
cp_tutorial_3d_monolayer,4,16,1791502002.3758075,4006782,worker_1,W006,MeasureObjectIntensity,step_started,started,67.74193548387096,21,31
cp_tutorial_3d_monolayer,4,16,1791502002.4646113,4006783,worker_2,W007,MaskImage,pattern_group,running,100.0,1,1
cp_tutorial_3d_monolayer,4,16,1791502002.4650486,4006783,worker_2,W007,MaskImage,step_completed,success,61.29032258064516,19,31
cp_tutorial_3d_monolayer,4,16,1791502002.465989,4006783,worker_2,W007,ErodeImage,step_started,started,61.29032258064516,19,31
cp_tutorial_3d_monolayer,4,16,1791502002.4871898,4006781,worker_0,W005,Watershed,pattern_group,running,100.0,1,1
cp_tutorial_3d_monolayer,4,16,1791502002.4878864,4006781,worker_0,W005,Watershed,step_completed,success,67.74193548387096,21,31
cp_tutorial_3d_monolayer,4,16,1791502002.4887133,4006781,worker_0,W005,MeasureObjectIntensity,step_started,started,67.74193548387096,21,31
cp_tutorial_3d_monolayer,4,16,1791502002.490266,4006784,worker_3,W008,MaskImage,pattern_group,running,100.0,1,1
cp_tutorial_3d_monolayer,4,16,1791502002.4908435,4006784,worker_3,W008,MaskImage,step_completed,success,61.29032258064516,19,31
cp_tutorial_3d_monolayer,4,16,1791502002.4920237,4006784,worker_3,W008,ErodeImage,step_started,started,61.29032258064516,19,31
cp_tutorial_3d_monolayer,4,16,1791502002.5017142,4006783,worker_2,W007,ErodeImage,pattern_group,running,100.0,1,1
cp_tutorial_3d_monolayer,4,16,1791502002.502121,4006783,worker_2,W007,ErodeImage,step_completed,success,64.51612903225806,20,31
cp_tutorial_3d_monolayer,4,16,1791502002.509581,4006783,worker_2,W007,Watershed,step_started,started,64.51612903225806,20,31
cp_tutorial_3d_monolayer,4,16,1791502002.52654,4006784,worker_3,W008,ErodeImage,pattern_group,running,100.0,1,1
cp_tutorial_3d_monolayer,4,16,1791502002.526959,4006784,worker_3,W008,ErodeImage,step_completed,success,64.51612903225806,20,31
cp_tutorial_3d_monolayer,4,16,1791502002.5338728,4006784,worker_3,W008,Watershed,step_started,started,64.51612903225806,20,31
cp_tutorial_3d_monolayer,4,16,1791502002.631773,4006782,worker_1,W006,MeasureObjectIntensity,pattern_group,running,50.0,1,2
cp_tutorial_3d_monolayer,4,16,1791502002.665362,4006783,worker_2,W007,Watershed,pattern_group,running,100.0,1,1
cp_tutorial_3d_monolayer,4,16,1791502002.6660767,4006783,worker_2,W007,Watershed,step_completed,success,67.74193548387096,21,31
cp_tutorial_3d_monolayer,4,16,1791502002.6669064,4006783,worker_2,W007,MeasureObjectIntensity,step_started,started,67.74193548387096,21,31
cp_tutorial_3d_monolayer,4,16,1791502002.6862264,4006784,worker_3,W008,Watershed,pattern_group,running,100.0,1,1
cp_tutorial_3d_monolayer,4,16,1791502002.6872606,4006784,worker_3,W008,Watershed,step_completed,success,67.74193548387096,21,31
cp_tutorial_3d_monolayer,4,16,1791502002.6894548,4006784,worker_3,W008,MeasureObjectIntensity,step_started,started,67.74193548387096,21,31
cp_tutorial_3d_monolayer,4,16,1791502002.7796726,4006781,worker_0,W005,MeasureObjectIntensity,pattern_group,running,50.0,1,2
cp_tutorial_3d_monolayer,4,16,1791502002.9306943,4006782,worker_1,W006,MeasureObjectIntensity,pattern_group,running,100.0,2,2
cp_tutorial_3d_monolayer,4,16,1791502002.9331896,4006783,worker_2,W007,MeasureObjectIntensity,pattern_group,running,50.0,1,2
cp_tutorial_3d_monolayer,4,16,1791502002.9335053,4006782,worker_1,W006,MeasureObjectIntensity,step_completed,success,70.96774193548387,22,31
cp_tutorial_3d_monolayer,4,16,1791502002.9344997,4006782,worker_1,W006,MeasureObjectSizeShape,step_started,started,70.96774193548387,22,31
cp_tutorial_3d_monolayer,4,16,1791502002.9518766,4006784,worker_3,W008,MeasureObjectIntensity,pattern_group,running,50.0,1,2
cp_tutorial_3d_monolayer,4,16,1791502003.0270286,4006782,worker_1,W006,MeasureObjectSizeShape,pattern_group,running,50.0,1,2
cp_tutorial_3d_monolayer,4,16,1791502003.09745,4006781,worker_0,W005,MeasureObjectIntensity,pattern_group,running,100.0,2,2
cp_tutorial_3d_monolayer,4,16,1791502003.100091,4006781,worker_0,W005,MeasureObjectIntensity,step_completed,success,70.96774193548387,22,31
cp_tutorial_3d_monolayer,4,16,1791502003.1017675,4006781,worker_0,W005,MeasureObjectSizeShape,step_started,started,70.96774193548387,22,31
cp_tutorial_3d_monolayer,4,16,1791502003.1274414,4006782,worker_1,W006,MeasureObjectSizeShape,pattern_group,running,100.0,2,2
cp_tutorial_3d_monolayer,4,16,1791502003.1284466,4006782,worker_1,W006,MeasureObjectSizeShape,step_completed,success,74.19354838709677,23,31
cp_tutorial_3d_monolayer,4,16,1791502003.129152,4006782,worker_1,W006,OverlayObjects,step_started,started,74.19354838709677,23,31
cp_tutorial_3d_monolayer,4,16,1791502003.1491988,4006782,worker_1,W006,OverlayObjects,pattern_group,running,100.0,1,1
cp_tutorial_3d_monolayer,4,16,1791502003.14952,4006782,worker_1,W006,OverlayObjects,step_completed,success,77.41935483870968,24,31
cp_tutorial_3d_monolayer,4,16,1791502003.1501844,4006782,worker_1,W006,RescaleIntensity,step_started,started,77.41935483870968,24,31
cp_tutorial_3d_monolayer,4,16,1791502003.2058966,4006781,worker_0,W005,MeasureObjectSizeShape,pattern_group,running,50.0,1,2
cp_tutorial_3d_monolayer,4,16,1791502003.2363977,4006783,worker_2,W007,MeasureObjectIntensity,pattern_group,running,100.0,2,2
cp_tutorial_3d_monolayer,4,16,1791502003.238925,4006783,worker_2,W007,MeasureObjectIntensity,step_completed,success,70.96774193548387,22,31
cp_tutorial_3d_monolayer,4,16,1791502003.2397368,4006783,worker_2,W007,MeasureObjectSizeShape,step_started,started,70.96774193548387,22,31
cp_tutorial_3d_monolayer,4,16,1791502003.2422144,4006784,worker_3,W008,MeasureObjectIntensity,pattern_group,running,100.0,2,2
cp_tutorial_3d_monolayer,4,16,1791502003.2452142,4006784,worker_3,W008,MeasureObjectIntensity,step_completed,success,70.96774193548387,22,31
cp_tutorial_3d_monolayer,4,16,1791502003.2461004,4006784,worker_3,W008,MeasureObjectSizeShape,step_started,started,70.96774193548387,22,31
cp_tutorial_3d_monolayer,4,16,1791502003.2729497,4006782,worker_1,W006,RescaleIntensity,pattern_group,running,100.0,1,1
cp_tutorial_3d_monolayer,4,16,1791502003.2735627,4006782,worker_1,W006,RescaleIntensity,step_completed,success,80.64516129032258,25,31
cp_tutorial_3d_monolayer,4,16,1791502003.274451,4006782,worker_1,W006,OverlayObjects,step_started,started,80.64516129032258,25,31
cp_tutorial_3d_monolayer,4,16,1791502003.293486,4006782,worker_1,W006,OverlayObjects,pattern_group,running,100.0,1,1
cp_tutorial_3d_monolayer,4,16,1791502003.2939959,4006782,worker_1,W006,OverlayObjects,step_completed,success,83.87096774193549,26,31
cp_tutorial_3d_monolayer,4,16,1791502003.2948463,4006782,worker_1,W006,ConvertObjectsToImage,step_started,started,83.87096774193549,26,31
cp_tutorial_3d_monolayer,4,16,1791502003.3116953,4006781,worker_0,W005,MeasureObjectSizeShape,pattern_group,running,100.0,2,2
cp_tutorial_3d_monolayer,4,16,1791502003.312503,4006781,worker_0,W005,MeasureObjectSizeShape,step_completed,success,74.19354838709677,23,31
cp_tutorial_3d_monolayer,4,16,1791502003.31294,4006781,worker_0,W005,OverlayObjects,step_started,started,74.19354838709677,23,31
cp_tutorial_3d_monolayer,4,16,1791502003.3326972,4006781,worker_0,W005,OverlayObjects,pattern_group,running,100.0,1,1
cp_tutorial_3d_monolayer,4,16,1791502003.3332455,4006781,worker_0,W005,OverlayObjects,step_completed,success,77.41935483870968,24,31
cp_tutorial_3d_monolayer,4,16,1791502003.3340569,4006781,worker_0,W005,RescaleIntensity,step_started,started,77.41935483870968,24,31
cp_tutorial_3d_monolayer,4,16,1791502003.3340566,4006782,worker_1,W006,ConvertObjectsToImage,pattern_group,running,100.0,1,1
cp_tutorial_3d_monolayer,4,16,1791502003.3343399,4006782,worker_1,W006,ConvertObjectsToImage,step_completed,success,87.09677419354838,27,31
cp_tutorial_3d_monolayer,4,16,1791502003.3349879,4006782,worker_1,W006,SaveImages,step_started,started,87.09677419354838,27,31
cp_tutorial_3d_monolayer,4,16,1791502003.34151,4006784,worker_3,W008,MeasureObjectSizeShape,pattern_group,running,50.0,1,2
cp_tutorial_3d_monolayer,4,16,1791502003.3451328,4006783,worker_2,W007,MeasureObjectSizeShape,pattern_group,running,50.0,1,2
cp_tutorial_3d_monolayer,4,16,1791502003.391181,4006782,worker_1,W006,SaveImages,pattern_group,running,100.0,1,1
cp_tutorial_3d_monolayer,4,16,1791502003.4142132,4006782,worker_1,W006,SaveImages,step_completed,success,90.32258064516128,28,31
cp_tutorial_3d_monolayer,4,16,1791502003.4150126,4006782,worker_1,W006,ConvertObjectsToImage,step_started,started,90.32258064516128,28,31
cp_tutorial_3d_monolayer,4,16,1791502003.4423785,4006784,worker_3,W008,MeasureObjectSizeShape,pattern_group,running,100.0,2,2
cp_tutorial_3d_monolayer,4,16,1791502003.4434044,4006784,worker_3,W008,MeasureObjectSizeShape,step_completed,success,74.19354838709677,23,31
cp_tutorial_3d_monolayer,4,16,1791502003.4440155,4006784,worker_3,W008,OverlayObjects,step_started,started,74.19354838709677,23,31
cp_tutorial_3d_monolayer,4,16,1791502003.4470892,4006783,worker_2,W007,MeasureObjectSizeShape,pattern_group,running,100.0,2,2
cp_tutorial_3d_monolayer,4,16,1791502003.4479637,4006783,worker_2,W007,MeasureObjectSizeShape,step_completed,success,74.19354838709677,23,31
cp_tutorial_3d_monolayer,4,16,1791502003.448563,4006783,worker_2,W007,OverlayObjects,step_started,started,74.19354838709677,23,31
cp_tutorial_3d_monolayer,4,16,1791502003.4496167,4006781,worker_0,W005,RescaleIntensity,pattern_group,running,100.0,1,1
cp_tutorial_3d_monolayer,4,16,1791502003.4499247,4006781,worker_0,W005,RescaleIntensity,step_completed,success,80.64516129032258,25,31
cp_tutorial_3d_monolayer,4,16,1791502003.4505277,4006781,worker_0,W005,OverlayObjects,step_started,started,80.64516129032258,25,31
cp_tutorial_3d_monolayer,4,16,1791502003.4593656,4006782,worker_1,W006,ConvertObjectsToImage,pattern_group,running,100.0,1,1
cp_tutorial_3d_monolayer,4,16,1791502003.4602053,4006782,worker_1,W006,ConvertObjectsToImage,step_completed,success,93.54838709677419,29,31
cp_tutorial_3d_monolayer,4,16,1791502003.4725537,4006784,worker_3,W008,OverlayObjects,pattern_group,running,100.0,1,1
cp_tutorial_3d_monolayer,4,16,1791502003.473105,4006784,worker_3,W008,OverlayObjects,step_completed,success,77.41935483870968,24,31
cp_tutorial_3d_monolayer,4,16,1791502003.473933,4006784,worker_3,W008,RescaleIntensity,step_started,started,77.41935483870968,24,31
cp_tutorial_3d_monolayer,4,16,1791502003.4748168,4006782,worker_1,W006,SaveImages,step_started,started,93.54838709677419,29,31
cp_tutorial_3d_monolayer,4,16,1791502003.4773374,4006781,worker_0,W005,OverlayObjects,pattern_group,running,100.0,1,1
cp_tutorial_3d_monolayer,4,16,1791502003.4773388,4006783,worker_2,W007,OverlayObjects,pattern_group,running,100.0,1,1
cp_tutorial_3d_monolayer,4,16,1791502003.4775574,4006783,worker_2,W007,OverlayObjects,step_completed,success,77.41935483870968,24,31
cp_tutorial_3d_monolayer,4,16,1791502003.4776185,4006781,worker_0,W005,OverlayObjects,step_completed,success,83.87096774193549,26,31
cp_tutorial_3d_monolayer,4,16,1791502003.4783032,4006781,worker_0,W005,ConvertObjectsToImage,step_started,started,83.87096774193549,26,31
cp_tutorial_3d_monolayer,4,16,1791502003.4786937,4006783,worker_2,W007,RescaleIntensity,step_started,started,77.41935483870968,24,31
cp_tutorial_3d_monolayer,4,16,1791502003.5129197,4006781,worker_0,W005,ConvertObjectsToImage,pattern_group,running,100.0,1,1
cp_tutorial_3d_monolayer,4,16,1791502003.513296,4006781,worker_0,W005,ConvertObjectsToImage,step_completed,success,87.09677419354838,27,31
cp_tutorial_3d_monolayer,4,16,1791502003.5140104,4006781,worker_0,W005,SaveImages,step_started,started,87.09677419354838,27,31
cp_tutorial_3d_monolayer,4,16,1791502003.5273535,4006782,worker_1,W006,SaveImages,pattern_group,running,100.0,1,1
cp_tutorial_3d_monolayer,4,16,1791502003.5380597,4006782,worker_1,W006,SaveImages,step_completed,success,96.7741935483871,30,31
cp_tutorial_3d_monolayer,4,16,1791502003.539258,4006782,worker_1,W006,pipeline,axis_completed,success,96.7741935483871,30,31
cp_tutorial_3d_monolayer,4,16,1791502003.5394044,4006782,worker_1,W010,pipeline,axis_started,started,0.0,0,31
cp_tutorial_3d_monolayer,4,16,1791502003.543804,4006782,worker_1,W010,RescaleIntensity,step_started,started,0.0,0,31
cp_tutorial_3d_monolayer,4,16,1791502003.5688665,4006781,worker_0,W005,SaveImages,pattern_group,running,100.0,1,1
cp_tutorial_3d_monolayer,4,16,1791502003.5799847,4006781,worker_0,W005,SaveImages,step_completed,success,90.32258064516128,28,31
cp_tutorial_3d_monolayer,4,16,1791502003.5808344,4006781,worker_0,W005,ConvertObjectsToImage,step_started,started,90.32258064516128,28,31
cp_tutorial_3d_monolayer,4,16,1791502003.5887308,4006784,worker_3,W008,RescaleIntensity,pattern_group,running,100.0,1,1
cp_tutorial_3d_monolayer,4,16,1791502003.589229,4006784,worker_3,W008,RescaleIntensity,step_completed,success,80.64516129032258,25,31
cp_tutorial_3d_monolayer,4,16,1791502003.5905776,4006784,worker_3,W008,OverlayObjects,step_started,started,80.64516129032258,25,31
cp_tutorial_3d_monolayer,4,16,1791502003.5966456,4006783,worker_2,W007,RescaleIntensity,pattern_group,running,100.0,1,1
cp_tutorial_3d_monolayer,4,16,1791502003.5973608,4006783,worker_2,W007,RescaleIntensity,step_completed,success,80.64516129032258,25,31
cp_tutorial_3d_monolayer,4,16,1791502003.5979228,4006783,worker_2,W007,OverlayObjects,step_started,started,80.64516129032258,25,31
cp_tutorial_3d_monolayer,4,16,1791502003.6138892,4006784,worker_3,W008,OverlayObjects,pattern_group,running,100.0,1,1
cp_tutorial_3d_monolayer,4,16,1791502003.6142504,4006784,worker_3,W008,OverlayObjects,step_completed,success,83.87096774193549,26,31
cp_tutorial_3d_monolayer,4,16,1791502003.6151774,4006784,worker_3,W008,ConvertObjectsToImage,step_started,started,83.87096774193549,26,31
cp_tutorial_3d_monolayer,4,16,1791502003.619723,4006783,worker_2,W007,OverlayObjects,pattern_group,running,100.0,1,1
cp_tutorial_3d_monolayer,4,16,1791502003.6200585,4006783,worker_2,W007,OverlayObjects,step_completed,success,83.87096774193549,26,31
cp_tutorial_3d_monolayer,4,16,1791502003.6208339,4006783,worker_2,W007,ConvertObjectsToImage,step_started,started,83.87096774193549,26,31
cp_tutorial_3d_monolayer,4,16,1791502003.6241682,4006781,worker_0,W005,ConvertObjectsToImage,pattern_group,running,100.0,1,1
cp_tutorial_3d_monolayer,4,16,1791502003.6246083,4006781,worker_0,W005,ConvertObjectsToImage,step_completed,success,93.54838709677419,29,31
cp_tutorial_3d_monolayer,4,16,1791502003.637046,4006781,worker_0,W005,SaveImages,step_started,started,93.54838709677419,29,31
cp_tutorial_3d_monolayer,4,16,1791502003.6536791,4006784,worker_3,W008,ConvertObjectsToImage,pattern_group,running,100.0,1,1
cp_tutorial_3d_monolayer,4,16,1791502003.6541877,4006784,worker_3,W008,ConvertObjectsToImage,step_completed,success,87.09677419354838,27,31
cp_tutorial_3d_monolayer,4,16,1791502003.6550722,4006784,worker_3,W008,SaveImages,step_started,started,87.09677419354838,27,31
cp_tutorial_3d_monolayer,4,16,1791502003.657313,4006783,worker_2,W007,ConvertObjectsToImage,pattern_group,running,100.0,1,1
cp_tutorial_3d_monolayer,4,16,1791502003.6575894,4006783,worker_2,W007,ConvertObjectsToImage,step_completed,success,87.09677419354838,27,31
cp_tutorial_3d_monolayer,4,16,1791502003.658212,4006783,worker_2,W007,SaveImages,step_started,started,87.09677419354838,27,31
cp_tutorial_3d_monolayer,4,16,1791502003.6883965,4006781,worker_0,W005,SaveImages,pattern_group,running,100.0,1,1
cp_tutorial_3d_monolayer,4,16,1791502003.7038908,4006784,worker_3,W008,SaveImages,pattern_group,running,100.0,1,1
cp_tutorial_3d_monolayer,4,16,1791502003.7061918,4006781,worker_0,W005,SaveImages,step_completed,success,96.7741935483871,30,31
cp_tutorial_3d_monolayer,4,16,1791502003.7073307,4006781,worker_0,W005,pipeline,axis_completed,success,96.7741935483871,30,31
cp_tutorial_3d_monolayer,4,16,1791502003.707468,4006781,worker_0,W009,pipeline,axis_started,started,0.0,0,31
cp_tutorial_3d_monolayer,4,16,1791502003.7080023,4006783,worker_2,W007,SaveImages,pattern_group,running,100.0,1,1
cp_tutorial_3d_monolayer,4,16,1791502003.7106977,4006784,worker_3,W008,SaveImages,step_completed,success,90.32258064516128,28,31
cp_tutorial_3d_monolayer,4,16,1791502003.7108784,4006781,worker_0,W009,RescaleIntensity,step_started,started,0.0,0,31
cp_tutorial_3d_monolayer,4,16,1791502003.7114348,4006784,worker_3,W008,ConvertObjectsToImage,step_started,started,90.32258064516128,28,31
cp_tutorial_3d_monolayer,4,16,1791502003.7340806,4006783,worker_2,W007,SaveImages,step_completed,success,90.32258064516128,28,31
cp_tutorial_3d_monolayer,4,16,1791502003.7350605,4006783,worker_2,W007,ConvertObjectsToImage,step_started,started,90.32258064516128,28,31
cp_tutorial_3d_monolayer,4,16,1791502003.7492836,4006784,worker_3,W008,ConvertObjectsToImage,pattern_group,running,100.0,1,1
cp_tutorial_3d_monolayer,4,16,1791502003.7497065,4006784,worker_3,W008,ConvertObjectsToImage,step_completed,success,93.54838709677419,29,31
cp_tutorial_3d_monolayer,4,16,1791502003.7567217,4006784,worker_3,W008,SaveImages,step_started,started,93.54838709677419,29,31
cp_tutorial_3d_monolayer,4,16,1791502003.7702842,4006783,worker_2,W007,ConvertObjectsToImage,pattern_group,running,100.0,1,1
cp_tutorial_3d_monolayer,4,16,1791502003.7708685,4006783,worker_2,W007,ConvertObjectsToImage,step_completed,success,93.54838709677419,29,31
cp_tutorial_3d_monolayer,4,16,1791502003.7795947,4006783,worker_2,W007,SaveImages,step_started,started,93.54838709677419,29,31
cp_tutorial_3d_monolayer,4,16,1791502003.8073206,4006784,worker_3,W008,SaveImages,pattern_group,running,100.0,1,1
cp_tutorial_3d_monolayer,4,16,1791502003.813827,4006784,worker_3,W008,SaveImages,step_completed,success,96.7741935483871,30,31
cp_tutorial_3d_monolayer,4,16,1791502003.8149574,4006784,worker_3,W008,pipeline,axis_completed,success,96.7741935483871,30,31
cp_tutorial_3d_monolayer,4,16,1791502003.8150904,4006784,worker_3,W012,pipeline,axis_started,started,0.0,0,31
cp_tutorial_3d_monolayer,4,16,1791502003.818189,4006784,worker_3,W012,RescaleIntensity,step_started,started,0.0,0,31
cp_tutorial_3d_monolayer,4,16,1791502003.8295987,4006783,worker_2,W007,SaveImages,pattern_group,running,100.0,1,1
cp_tutorial_3d_monolayer,4,16,1791502003.8366835,4006783,worker_2,W007,SaveImages,step_completed,success,96.7741935483871,30,31
cp_tutorial_3d_monolayer,4,16,1791502003.8378506,4006783,worker_2,W007,pipeline,axis_completed,success,96.7741935483871,30,31
cp_tutorial_3d_monolayer,4,16,1791502003.837984,4006783,worker_2,W011,pipeline,axis_started,started,0.0,0,31
cp_tutorial_3d_monolayer,4,16,1791502003.8411329,4006783,worker_2,W011,RescaleIntensity,step_started,started,0.0,0,31
cp_tutorial_3d_monolayer,4,16,1791502003.898233,4006782,worker_1,W010,RescaleIntensity,pattern_group,running,100.0,1,1
cp_tutorial_3d_monolayer,4,16,1791502003.8986459,4006782,worker_1,W010,RescaleIntensity,step_completed,success,3.225806451612903,1,31
cp_tutorial_3d_monolayer,4,16,1791502003.8990352,4006782,worker_1,W010,Resize,step_started,started,3.225806451612903,1,31
cp_tutorial_3d_monolayer,4,16,1791502003.9599283,4006782,worker_1,W010,Resize,pattern_group,running,100.0,1,1
cp_tutorial_3d_monolayer,4,16,1791502003.9602935,4006782,worker_1,W010,Resize,step_completed,success,6.451612903225806,2,31
cp_tutorial_3d_monolayer,4,16,1791502003.9606771,4006782,worker_1,W010,MedianFilter,step_started,started,6.451612903225806,2,31
cp_tutorial_3d_monolayer,4,16,1791502004.0539727,4006781,worker_0,W009,RescaleIntensity,pattern_group,running,100.0,1,1
cp_tutorial_3d_monolayer,4,16,1791502004.0543728,4006781,worker_0,W009,RescaleIntensity,step_completed,success,3.225806451612903,1,31
cp_tutorial_3d_monolayer,4,16,1791502004.0548232,4006781,worker_0,W009,Resize,step_started,started,3.225806451612903,1,31
cp_tutorial_3d_monolayer,4,16,1791502004.111791,4006781,worker_0,W009,Resize,pattern_group,running,100.0,1,1
cp_tutorial_3d_monolayer,4,16,1791502004.1121237,4006781,worker_0,W009,Resize,step_completed,success,6.451612903225806,2,31
cp_tutorial_3d_monolayer,4,16,1791502004.1126318,4006781,worker_0,W009,MedianFilter,step_started,started,6.451612903225806,2,31
cp_tutorial_3d_monolayer,4,16,1791502004.127232,4006782,worker_1,W010,MedianFilter,pattern_group,running,100.0,1,1
cp_tutorial_3d_monolayer,4,16,1791502004.1277297,4006782,worker_1,W010,MedianFilter,step_completed,success,9.67741935483871,3,31
cp_tutorial_3d_monolayer,4,16,1791502004.1282501,4006782,worker_1,W010,Threshold,step_started,started,9.67741935483871,3,31
cp_tutorial_3d_monolayer,4,16,1791502004.1430671,4006784,worker_3,W012,RescaleIntensity,pattern_group,running,100.0,1,1
cp_tutorial_3d_monolayer,4,16,1791502004.143445,4006784,worker_3,W012,RescaleIntensity,step_completed,success,3.225806451612903,1,31
cp_tutorial_3d_monolayer,4,16,1791502004.1437583,4006784,worker_3,W012,Resize,step_started,started,3.225806451612903,1,31
cp_tutorial_3d_monolayer,4,16,1791502004.1706605,4006782,worker_1,W010,Threshold,pattern_group,running,100.0,1,1
cp_tutorial_3d_monolayer,4,16,1791502004.1712494,4006782,worker_1,W010,Threshold,step_completed,success,12.903225806451612,4,31
cp_tutorial_3d_monolayer,4,16,1791502004.171826,4006782,worker_1,W010,RemoveHoles,step_started,started,12.903225806451612,4,31
cp_tutorial_3d_monolayer,4,16,1791502004.1784346,4006783,worker_2,W011,RescaleIntensity,pattern_group,running,100.0,1,1
cp_tutorial_3d_monolayer,4,16,1791502004.1790156,4006783,worker_2,W011,RescaleIntensity,step_completed,success,3.225806451612903,1,31
cp_tutorial_3d_monolayer,4,16,1791502004.1795628,4006783,worker_2,W011,Resize,step_started,started,3.225806451612903,1,31
cp_tutorial_3d_monolayer,4,16,1791502004.191773,4006782,worker_1,W010,RemoveHoles,pattern_group,running,100.0,1,1
cp_tutorial_3d_monolayer,4,16,1791502004.192112,4006782,worker_1,W010,RemoveHoles,step_completed,success,16.129032258064516,5,31
cp_tutorial_3d_monolayer,4,16,1791502004.1926012,4006782,worker_1,W010,Watershed,step_started,started,16.129032258064516,5,31
cp_tutorial_3d_monolayer,4,16,1791502004.2068007,4006784,worker_3,W012,Resize,pattern_group,running,100.0,1,1
cp_tutorial_3d_monolayer,4,16,1791502004.2073097,4006784,worker_3,W012,Resize,step_completed,success,6.451612903225806,2,31
cp_tutorial_3d_monolayer,4,16,1791502004.2077637,4006784,worker_3,W012,MedianFilter,step_started,started,6.451612903225806,2,31
cp_tutorial_3d_monolayer,4,16,1791502004.2390666,4006783,worker_2,W011,Resize,pattern_group,running,100.0,1,1
cp_tutorial_3d_monolayer,4,16,1791502004.2395935,4006783,worker_2,W011,Resize,step_completed,success,6.451612903225806,2,31
cp_tutorial_3d_monolayer,4,16,1791502004.2399676,4006783,worker_2,W011,MedianFilter,step_started,started,6.451612903225806,2,31
cp_tutorial_3d_monolayer,4,16,1791502004.2821867,4006781,worker_0,W009,MedianFilter,pattern_group,running,100.0,1,1
cp_tutorial_3d_monolayer,4,16,1791502004.2825923,4006781,worker_0,W009,MedianFilter,step_completed,success,9.67741935483871,3,31
cp_tutorial_3d_monolayer,4,16,1791502004.2827559,4006782,worker_1,W010,Watershed,pattern_group,running,100.0,1,1
cp_tutorial_3d_monolayer,4,16,1791502004.2830467,4006781,worker_0,W009,Threshold,step_started,started,9.67741935483871,3,31
cp_tutorial_3d_monolayer,4,16,1791502004.2833753,4006782,worker_1,W010,Watershed,step_completed,success,19.35483870967742,6,31
cp_tutorial_3d_monolayer,4,16,1791502004.283914,4006782,worker_1,W010,ResizeObjects,step_started,started,19.35483870967742,6,31
cp_tutorial_3d_monolayer,4,16,1791502004.3226712,4006782,worker_1,W010,ResizeObjects,pattern_group,running,100.0,1,1
cp_tutorial_3d_monolayer,4,16,1791502004.3234036,4006782,worker_1,W010,ResizeObjects,step_completed,success,22.58064516129032,7,31
cp_tutorial_3d_monolayer,4,16,1791502004.3239863,4006782,worker_1,W010,ErodeObjects,step_started,started,22.58064516129032,7,31
cp_tutorial_3d_monolayer,4,16,1791502004.324279,4006781,worker_0,W009,Threshold,pattern_group,running,100.0,1,1
cp_tutorial_3d_monolayer,4,16,1791502004.3247037,4006781,worker_0,W009,Threshold,step_completed,success,12.903225806451612,4,31
cp_tutorial_3d_monolayer,4,16,1791502004.3251765,4006781,worker_0,W009,RemoveHoles,step_started,started,12.903225806451612,4,31
cp_tutorial_3d_monolayer,4,16,1791502004.342471,4006781,worker_0,W009,RemoveHoles,pattern_group,running,100.0,1,1
cp_tutorial_3d_monolayer,4,16,1791502004.3427434,4006781,worker_0,W009,RemoveHoles,step_completed,success,16.129032258064516,5,31
cp_tutorial_3d_monolayer,4,16,1791502004.3431375,4006781,worker_0,W009,Watershed,step_started,started,16.129032258064516,5,31
cp_tutorial_3d_monolayer,4,16,1791502004.3718674,4006784,worker_3,W012,MedianFilter,pattern_group,running,100.0,1,1
cp_tutorial_3d_monolayer,4,16,1791502004.372297,4006784,worker_3,W012,MedianFilter,step_completed,success,9.67741935483871,3,31
cp_tutorial_3d_monolayer,4,16,1791502004.3727858,4006784,worker_3,W012,Threshold,step_started,started,9.67741935483871,3,31
cp_tutorial_3d_monolayer,4,16,1791502004.3749938,4006782,worker_1,W010,ErodeObjects,pattern_group,running,100.0,1,1
cp_tutorial_3d_monolayer,4,16,1791502004.3757093,4006782,worker_1,W010,ErodeObjects,step_completed,success,25.806451612903224,8,31
cp_tutorial_3d_monolayer,4,16,1791502004.3764837,4006782,worker_1,W010,ResizeObjects,step_started,started,25.806451612903224,8,31
cp_tutorial_3d_monolayer,4,16,1791502004.4072444,4006782,worker_1,W010,ResizeObjects,pattern_group,running,100.0,1,1
cp_tutorial_3d_monolayer,4,16,1791502004.4079432,4006782,worker_1,W010,ResizeObjects,step_completed,success,29.03225806451613,9,31
cp_tutorial_3d_monolayer,4,16,1791502004.407859,4006783,worker_2,W011,MedianFilter,pattern_group,running,100.0,1,1
cp_tutorial_3d_monolayer,4,16,1791502004.4085052,4006782,worker_1,W010,ConvertObjectsToImage,step_started,started,29.03225806451613,9,31
cp_tutorial_3d_monolayer,4,16,1791502004.408117,4006783,worker_2,W011,MedianFilter,step_completed,success,9.67741935483871,3,31
cp_tutorial_3d_monolayer,4,16,1791502004.408513,4006783,worker_2,W011,Threshold,step_started,started,9.67741935483871,3,31
cp_tutorial_3d_monolayer,4,16,1791502004.41477,4006784,worker_3,W012,Threshold,pattern_group,running,100.0,1,1
cp_tutorial_3d_monolayer,4,16,1791502004.416194,4006784,worker_3,W012,Threshold,step_completed,success,12.903225806451612,4,31
cp_tutorial_3d_monolayer,4,16,1791502004.4168868,4006784,worker_3,W012,RemoveHoles,step_started,started,12.903225806451612,4,31
cp_tutorial_3d_monolayer,4,16,1791502004.4349127,4006782,worker_1,W010,ConvertObjectsToImage,pattern_group,running,100.0,1,1
cp_tutorial_3d_monolayer,4,16,1791502004.4354148,4006782,worker_1,W010,ConvertObjectsToImage,step_completed,success,32.25806451612903,10,31
cp_tutorial_3d_monolayer,4,16,1791502004.4360325,4006782,worker_1,W010,Threshold,step_started,started,32.25806451612903,10,31
cp_tutorial_3d_monolayer,4,16,1791502004.4377673,4006784,worker_3,W012,RemoveHoles,pattern_group,running,100.0,1,1
cp_tutorial_3d_monolayer,4,16,1791502004.438125,4006781,worker_0,W009,Watershed,pattern_group,running,100.0,1,1
cp_tutorial_3d_monolayer,4,16,1791502004.438342,4006784,worker_3,W012,RemoveHoles,step_completed,success,16.129032258064516,5,31
cp_tutorial_3d_monolayer,4,16,1791502004.4387267,4006781,worker_0,W009,Watershed,step_completed,success,19.35483870967742,6,31
cp_tutorial_3d_monolayer,4,16,1791502004.439267,4006781,worker_0,W009,ResizeObjects,step_started,started,19.35483870967742,6,31
cp_tutorial_3d_monolayer,4,16,1791502004.4395127,4006784,worker_3,W012,Watershed,step_started,started,16.129032258064516,5,31
cp_tutorial_3d_monolayer,4,16,1791502004.450078,4006783,worker_2,W011,Threshold,pattern_group,running,100.0,1,1
cp_tutorial_3d_monolayer,4,16,1791502004.4506402,4006783,worker_2,W011,Threshold,step_completed,success,12.903225806451612,4,31
cp_tutorial_3d_monolayer,4,16,1791502004.45117,4006783,worker_2,W011,RemoveHoles,step_started,started,12.903225806451612,4,31
cp_tutorial_3d_monolayer,4,16,1791502004.4684093,4006783,worker_2,W011,RemoveHoles,pattern_group,running,100.0,1,1
cp_tutorial_3d_monolayer,4,16,1791502004.4688249,4006783,worker_2,W011,RemoveHoles,step_completed,success,16.129032258064516,5,31
cp_tutorial_3d_monolayer,4,16,1791502004.4695253,4006783,worker_2,W011,Watershed,step_started,started,16.129032258064516,5,31
cp_tutorial_3d_monolayer,4,16,1791502004.4886417,4006781,worker_0,W009,ResizeObjects,pattern_group,running,100.0,1,1
cp_tutorial_3d_monolayer,4,16,1791502004.489361,4006781,worker_0,W009,ResizeObjects,step_completed,success,22.58064516129032,7,31
cp_tutorial_3d_monolayer,4,16,1791502004.4899287,4006781,worker_0,W009,ErodeObjects,step_started,started,22.58064516129032,7,31
cp_tutorial_3d_monolayer,4,16,1791502004.5320842,4006784,worker_3,W012,Watershed,pattern_group,running,100.0,1,1
cp_tutorial_3d_monolayer,4,16,1791502004.5329008,4006784,worker_3,W012,Watershed,step_completed,success,19.35483870967742,6,31
cp_tutorial_3d_monolayer,4,16,1791502004.5340366,4006784,worker_3,W012,ResizeObjects,step_started,started,19.35483870967742,6,31
cp_tutorial_3d_monolayer,4,16,1791502004.5503073,4006781,worker_0,W009,ErodeObjects,pattern_group,running,100.0,1,1
cp_tutorial_3d_monolayer,4,16,1791502004.551063,4006781,worker_0,W009,ErodeObjects,step_completed,success,25.806451612903224,8,31
cp_tutorial_3d_monolayer,4,16,1791502004.5517504,4006781,worker_0,W009,ResizeObjects,step_started,started,25.806451612903224,8,31
cp_tutorial_3d_monolayer,4,16,1791502004.5653977,4006783,worker_2,W011,Watershed,pattern_group,running,100.0,1,1
cp_tutorial_3d_monolayer,4,16,1791502004.56635,4006783,worker_2,W011,Watershed,step_completed,success,19.35483870967742,6,31
cp_tutorial_3d_monolayer,4,16,1791502004.5670142,4006783,worker_2,W011,ResizeObjects,step_started,started,19.35483870967742,6,31
cp_tutorial_3d_monolayer,4,16,1791502004.5830681,4006784,worker_3,W012,ResizeObjects,pattern_group,running,100.0,1,1
cp_tutorial_3d_monolayer,4,16,1791502004.584221,4006784,worker_3,W012,ResizeObjects,step_completed,success,22.58064516129032,7,31
cp_tutorial_3d_monolayer,4,16,1791502004.5854762,4006784,worker_3,W012,ErodeObjects,step_started,started,22.58064516129032,7,31
cp_tutorial_3d_monolayer,4,16,1791502004.5944374,4006781,worker_0,W009,ResizeObjects,pattern_group,running,100.0,1,1
cp_tutorial_3d_monolayer,4,16,1791502004.596366,4006781,worker_0,W009,ResizeObjects,step_completed,success,29.03225806451613,9,31
cp_tutorial_3d_monolayer,4,16,1791502004.597057,4006781,worker_0,W009,ConvertObjectsToImage,step_started,started,29.03225806451613,9,31
cp_tutorial_3d_monolayer,4,16,1791502004.6129453,4006783,worker_2,W011,ResizeObjects,pattern_group,running,100.0,1,1
cp_tutorial_3d_monolayer,4,16,1791502004.6136878,4006783,worker_2,W011,ResizeObjects,step_completed,success,22.58064516129032,7,31
cp_tutorial_3d_monolayer,4,16,1791502004.6143134,4006783,worker_2,W011,ErodeObjects,step_started,started,22.58064516129032,7,31
cp_tutorial_3d_monolayer,4,16,1791502004.6183443,4006781,worker_0,W009,ConvertObjectsToImage,pattern_group,running,100.0,1,1
cp_tutorial_3d_monolayer,4,16,1791502004.6187196,4006781,worker_0,W009,ConvertObjectsToImage,step_completed,success,32.25806451612903,10,31
cp_tutorial_3d_monolayer,4,16,1791502004.6201541,4006781,worker_0,W009,Threshold,step_started,started,32.25806451612903,10,31
cp_tutorial_3d_monolayer,4,16,1791502004.6399472,4006784,worker_3,W012,ErodeObjects,pattern_group,running,100.0,1,1
cp_tutorial_3d_monolayer,4,16,1791502004.6407974,4006784,worker_3,W012,ErodeObjects,step_completed,success,25.806451612903224,8,31
cp_tutorial_3d_monolayer,4,16,1791502004.641926,4006784,worker_3,W012,ResizeObjects,step_started,started,25.806451612903224,8,31
cp_tutorial_3d_monolayer,4,16,1791502004.6663187,4006782,worker_1,W010,Threshold,pattern_group,running,100.0,1,1
cp_tutorial_3d_monolayer,4,16,1791502004.6668081,4006782,worker_1,W010,Threshold,step_completed,success,35.483870967741936,11,31
cp_tutorial_3d_monolayer,4,16,1791502004.6672506,4006782,worker_1,W010,ImageMath,step_started,started,35.483870967741936,11,31
cp_tutorial_3d_monolayer,4,16,1791502004.667708,4006783,worker_2,W011,ErodeObjects,pattern_group,running,100.0,1,1
cp_tutorial_3d_monolayer,4,16,1791502004.6684382,4006783,worker_2,W011,ErodeObjects,step_completed,success,25.806451612903224,8,31
cp_tutorial_3d_monolayer,4,16,1791502004.6692452,4006783,worker_2,W011,ResizeObjects,step_started,started,25.806451612903224,8,31
cp_tutorial_3d_monolayer,4,16,1791502004.6734173,4006784,worker_3,W012,ResizeObjects,pattern_group,running,100.0,1,1
cp_tutorial_3d_monolayer,4,16,1791502004.674371,4006784,worker_3,W012,ResizeObjects,step_completed,success,29.03225806451613,9,31
cp_tutorial_3d_monolayer,4,16,1791502004.6757033,4006784,worker_3,W012,ConvertObjectsToImage,step_started,started,29.03225806451613,9,31
cp_tutorial_3d_monolayer,4,16,1791502004.7003987,4006784,worker_3,W012,ConvertObjectsToImage,pattern_group,running,100.0,1,1
cp_tutorial_3d_monolayer,4,16,1791502004.7009504,4006784,worker_3,W012,ConvertObjectsToImage,step_completed,success,32.25806451612903,10,31
cp_tutorial_3d_monolayer,4,16,1791502004.7015886,4006784,worker_3,W012,Threshold,step_started,started,32.25806451612903,10,31
cp_tutorial_3d_monolayer,4,16,1791502004.7059958,4006782,worker_1,W010,ImageMath,pattern_group,running,100.0,1,1
cp_tutorial_3d_monolayer,4,16,1791502004.706225,4006783,worker_2,W011,ResizeObjects,pattern_group,running,100.0,1,1
cp_tutorial_3d_monolayer,4,16,1791502004.7066128,4006782,worker_1,W010,ImageMath,step_completed,success,38.70967741935484,12,31
cp_tutorial_3d_monolayer,4,16,1791502004.70709,4006783,worker_2,W011,ResizeObjects,step_completed,success,29.03225806451613,9,31
cp_tutorial_3d_monolayer,4,16,1791502004.7077487,4006783,worker_2,W011,ConvertObjectsToImage,step_started,started,29.03225806451613,9,31
cp_tutorial_3d_monolayer,4,16,1791502004.707957,4006782,worker_1,W010,RemoveHoles,step_started,started,38.70967741935484,12,31
cp_tutorial_3d_monolayer,4,16,1791502004.7290807,4006783,worker_2,W011,ConvertObjectsToImage,pattern_group,running,100.0,1,1
cp_tutorial_3d_monolayer,4,16,1791502004.7294724,4006783,worker_2,W011,ConvertObjectsToImage,step_completed,success,32.25806451612903,10,31
cp_tutorial_3d_monolayer,4,16,1791502004.7300296,4006783,worker_2,W011,Threshold,step_started,started,32.25806451612903,10,31
cp_tutorial_3d_monolayer,4,16,1791502004.7654884,4006782,worker_1,W010,RemoveHoles,pattern_group,running,100.0,1,1
cp_tutorial_3d_monolayer,4,16,1791502004.766126,4006782,worker_1,W010,RemoveHoles,step_completed,success,41.935483870967744,13,31
cp_tutorial_3d_monolayer,4,16,1791502004.7671897,4006782,worker_1,W010,ImageMath,step_started,started,41.935483870967744,13,31
cp_tutorial_3d_monolayer,4,16,1791502004.8320243,4006781,worker_0,W009,Threshold,pattern_group,running,100.0,1,1
cp_tutorial_3d_monolayer,4,16,1791502004.8326955,4006781,worker_0,W009,Threshold,step_completed,success,35.483870967741936,11,31
cp_tutorial_3d_monolayer,4,16,1791502004.8333685,4006781,worker_0,W009,ImageMath,step_started,started,35.483870967741936,11,31
cp_tutorial_3d_monolayer,4,16,1791502004.8706431,4006781,worker_0,W009,ImageMath,pattern_group,running,100.0,1,1
cp_tutorial_3d_monolayer,4,16,1791502004.8712292,4006781,worker_0,W009,ImageMath,step_completed,success,38.70967741935484,12,31
cp_tutorial_3d_monolayer,4,16,1791502004.8718576,4006781,worker_0,W009,RemoveHoles,step_started,started,38.70967741935484,12,31
cp_tutorial_3d_monolayer,4,16,1791502004.906373,4006784,worker_3,W012,Threshold,pattern_group,running,100.0,1,1
cp_tutorial_3d_monolayer,4,16,1791502004.9068565,4006784,worker_3,W012,Threshold,step_completed,success,35.483870967741936,11,31
cp_tutorial_3d_monolayer,4,16,1791502004.9073064,4006784,worker_3,W012,ImageMath,step_started,started,35.483870967741936,11,31
cp_tutorial_3d_monolayer,4,16,1791502004.9210985,4006781,worker_0,W009,RemoveHoles,pattern_group,running,100.0,1,1
cp_tutorial_3d_monolayer,4,16,1791502004.921673,4006781,worker_0,W009,RemoveHoles,step_completed,success,41.935483870967744,13,31
cp_tutorial_3d_monolayer,4,16,1791502004.9222958,4006781,worker_0,W009,ImageMath,step_started,started,41.935483870967744,13,31
cp_tutorial_3d_monolayer,4,16,1791502004.940104,4006783,worker_2,W011,Threshold,pattern_group,running,100.0,1,1
cp_tutorial_3d_monolayer,4,16,1791502004.9405873,4006783,worker_2,W011,Threshold,step_completed,success,35.483870967741936,11,31
cp_tutorial_3d_monolayer,4,16,1791502004.941183,4006783,worker_2,W011,ImageMath,step_started,started,35.483870967741936,11,31
cp_tutorial_3d_monolayer,4,16,1791502004.9432807,4006784,worker_3,W012,ImageMath,pattern_group,running,100.0,1,1
cp_tutorial_3d_monolayer,4,16,1791502004.9437947,4006784,worker_3,W012,ImageMath,step_completed,success,38.70967741935484,12,31
cp_tutorial_3d_monolayer,4,16,1791502004.944439,4006784,worker_3,W012,RemoveHoles,step_started,started,38.70967741935484,12,31
cp_tutorial_3d_monolayer,4,16,1791502004.9792302,4006783,worker_2,W011,ImageMath,pattern_group,running,100.0,1,1
cp_tutorial_3d_monolayer,4,16,1791502004.9796932,4006783,worker_2,W011,ImageMath,step_completed,success,38.70967741935484,12,31
cp_tutorial_3d_monolayer,4,16,1791502004.9808173,4006783,worker_2,W011,RemoveHoles,step_started,started,38.70967741935484,12,31
cp_tutorial_3d_monolayer,4,16,1791502005.0046425,4006784,worker_3,W012,RemoveHoles,pattern_group,running,100.0,1,1
cp_tutorial_3d_monolayer,4,16,1791502005.0050716,4006784,worker_3,W012,RemoveHoles,step_completed,success,41.935483870967744,13,31
cp_tutorial_3d_monolayer,4,16,1791502005.0056956,4006784,worker_3,W012,ImageMath,step_started,started,41.935483870967744,13,31
cp_tutorial_3d_monolayer,4,16,1791502005.0409544,4006783,worker_2,W011,RemoveHoles,pattern_group,running,100.0,1,1
cp_tutorial_3d_monolayer,4,16,1791502005.041395,4006783,worker_2,W011,RemoveHoles,step_completed,success,41.935483870967744,13,31
cp_tutorial_3d_monolayer,4,16,1791502005.0420299,4006783,worker_2,W011,ImageMath,step_started,started,41.935483870967744,13,31
cp_tutorial_3d_monolayer,4,16,1791502005.0744367,4006782,worker_1,W010,ImageMath,pattern_group,running,100.0,1,1
cp_tutorial_3d_monolayer,4,16,1791502005.0748434,4006782,worker_1,W010,ImageMath,step_completed,success,45.16129032258064,14,31
cp_tutorial_3d_monolayer,4,16,1791502005.0753186,4006782,worker_1,W010,Resize,step_started,started,45.16129032258064,14,31
cp_tutorial_3d_monolayer,4,16,1791502005.1390073,4006782,worker_1,W010,Resize,pattern_group,running,100.0,1,1
cp_tutorial_3d_monolayer,4,16,1791502005.1394057,4006782,worker_1,W010,Resize,step_completed,success,48.38709677419355,15,31
cp_tutorial_3d_monolayer,4,16,1791502005.1484005,4006782,worker_1,W010,Closing,step_started,started,48.38709677419355,15,31
cp_tutorial_3d_monolayer,4,16,1791502005.2362626,4006781,worker_0,W009,ImageMath,pattern_group,running,100.0,1,1
cp_tutorial_3d_monolayer,4,16,1791502005.236662,4006781,worker_0,W009,ImageMath,step_completed,success,45.16129032258064,14,31
cp_tutorial_3d_monolayer,4,16,1791502005.2373977,4006781,worker_0,W009,Resize,step_started,started,45.16129032258064,14,31
cp_tutorial_3d_monolayer,4,16,1791502005.2410564,4006782,worker_1,W010,Closing,pattern_group,running,100.0,1,1
cp_tutorial_3d_monolayer,4,16,1791502005.241551,4006782,worker_1,W010,Closing,step_completed,success,51.61290322580645,16,31
cp_tutorial_3d_monolayer,4,16,1791502005.2427363,4006782,worker_1,W010,Resize,step_started,started,51.61290322580645,16,31
cp_tutorial_3d_monolayer,4,16,1791502005.2945468,4006782,worker_1,W010,Resize,pattern_group,running,100.0,1,1
cp_tutorial_3d_monolayer,4,16,1791502005.294991,4006782,worker_1,W010,Resize,step_completed,success,54.83870967741935,17,31
cp_tutorial_3d_monolayer,4,16,1791502005.295664,4006782,worker_1,W010,Threshold,step_started,started,54.83870967741935,17,31
cp_tutorial_3d_monolayer,4,16,1791502005.3005123,4006781,worker_0,W009,Resize,pattern_group,running,100.0,1,1
cp_tutorial_3d_monolayer,4,16,1791502005.3009949,4006781,worker_0,W009,Resize,step_completed,success,48.38709677419355,15,31
cp_tutorial_3d_monolayer,4,16,1791502005.3065608,4006784,worker_3,W012,ImageMath,pattern_group,running,100.0,1,1
cp_tutorial_3d_monolayer,4,16,1791502005.307002,4006784,worker_3,W012,ImageMath,step_completed,success,45.16129032258064,14,31
cp_tutorial_3d_monolayer,4,16,1791502005.3072438,4006781,worker_0,W009,Closing,step_started,started,48.38709677419355,15,31
cp_tutorial_3d_monolayer,4,16,1791502005.3076453,4006784,worker_3,W012,Resize,step_started,started,45.16129032258064,14,31
cp_tutorial_3d_monolayer,4,16,1791502005.3643148,4006783,worker_2,W011,ImageMath,pattern_group,running,100.0,1,1
cp_tutorial_3d_monolayer,4,16,1791502005.3648343,4006783,worker_2,W011,ImageMath,step_completed,success,45.16129032258064,14,31
cp_tutorial_3d_monolayer,4,16,1791502005.3653502,4006783,worker_2,W011,Resize,step_started,started,45.16129032258064,14,31
cp_tutorial_3d_monolayer,4,16,1791502005.3737257,4006784,worker_3,W012,Resize,pattern_group,running,100.0,1,1
cp_tutorial_3d_monolayer,4,16,1791502005.3743646,4006784,worker_3,W012,Resize,step_completed,success,48.38709677419355,15,31
cp_tutorial_3d_monolayer,4,16,1791502005.3808882,4006784,worker_3,W012,Closing,step_started,started,48.38709677419355,15,31
cp_tutorial_3d_monolayer,4,16,1791502005.393458,4006781,worker_0,W009,Closing,pattern_group,running,100.0,1,1
cp_tutorial_3d_monolayer,4,16,1791502005.393924,4006781,worker_0,W009,Closing,step_completed,success,51.61290322580645,16,31
cp_tutorial_3d_monolayer,4,16,1791502005.394626,4006781,worker_0,W009,Resize,step_started,started,51.61290322580645,16,31
cp_tutorial_3d_monolayer,4,16,1791502005.4304674,4006783,worker_2,W011,Resize,pattern_group,running,100.0,1,1
cp_tutorial_3d_monolayer,4,16,1791502005.430892,4006783,worker_2,W011,Resize,step_completed,success,48.38709677419355,15,31
cp_tutorial_3d_monolayer,4,16,1791502005.4378543,4006783,worker_2,W011,Closing,step_started,started,48.38709677419355,15,31
cp_tutorial_3d_monolayer,4,16,1791502005.4452622,4006781,worker_0,W009,Resize,pattern_group,running,100.0,1,1
cp_tutorial_3d_monolayer,4,16,1791502005.4456694,4006781,worker_0,W009,Resize,step_completed,success,54.83870967741935,17,31
cp_tutorial_3d_monolayer,4,16,1791502005.446475,4006781,worker_0,W009,Threshold,step_started,started,54.83870967741935,17,31
cp_tutorial_3d_monolayer,4,16,1791502005.4556866,4006782,worker_1,W010,Threshold,pattern_group,running,100.0,1,1
cp_tutorial_3d_monolayer,4,16,1791502005.4562511,4006782,worker_1,W010,Threshold,step_completed,success,58.06451612903226,18,31
cp_tutorial_3d_monolayer,4,16,1791502005.4569411,4006782,worker_1,W010,MaskImage,step_started,started,58.06451612903226,18,31
cp_tutorial_3d_monolayer,4,16,1791502005.4622452,4006784,worker_3,W012,Closing,pattern_group,running,100.0,1,1
cp_tutorial_3d_monolayer,4,16,1791502005.4626226,4006784,worker_3,W012,Closing,step_completed,success,51.61290322580645,16,31
cp_tutorial_3d_monolayer,4,16,1791502005.4632366,4006784,worker_3,W012,Resize,step_started,started,51.61290322580645,16,31
cp_tutorial_3d_monolayer,4,16,1791502005.5085952,4006782,worker_1,W010,MaskImage,pattern_group,running,100.0,1,1
cp_tutorial_3d_monolayer,4,16,1791502005.509053,4006782,worker_1,W010,MaskImage,step_completed,success,61.29032258064516,19,31
cp_tutorial_3d_monolayer,4,16,1791502005.5099256,4006782,worker_1,W010,ErodeImage,step_started,started,61.29032258064516,19,31
cp_tutorial_3d_monolayer,4,16,1791502005.5147536,4006784,worker_3,W012,Resize,pattern_group,running,100.0,1,1
cp_tutorial_3d_monolayer,4,16,1791502005.5151832,4006784,worker_3,W012,Resize,step_completed,success,54.83870967741935,17,31
cp_tutorial_3d_monolayer,4,16,1791502005.5158167,4006784,worker_3,W012,Threshold,step_started,started,54.83870967741935,17,31
cp_tutorial_3d_monolayer,4,16,1791502005.5271792,4006783,worker_2,W011,Closing,pattern_group,running,100.0,1,1
cp_tutorial_3d_monolayer,4,16,1791502005.527608,4006783,worker_2,W011,Closing,step_completed,success,51.61290322580645,16,31
cp_tutorial_3d_monolayer,4,16,1791502005.5282843,4006783,worker_2,W011,Resize,step_started,started,51.61290322580645,16,31
cp_tutorial_3d_monolayer,4,16,1791502005.5442321,4006782,worker_1,W010,ErodeImage,pattern_group,running,100.0,1,1
cp_tutorial_3d_monolayer,4,16,1791502005.544565,4006782,worker_1,W010,ErodeImage,step_completed,success,64.51612903225806,20,31
cp_tutorial_3d_monolayer,4,16,1791502005.545184,4006782,worker_1,W010,Watershed,step_started,started,64.51612903225806,20,31
cp_tutorial_3d_monolayer,4,16,1791502005.5834656,4006783,worker_2,W011,Resize,pattern_group,running,100.0,1,1
cp_tutorial_3d_monolayer,4,16,1791502005.584088,4006783,worker_2,W011,Resize,step_completed,success,54.83870967741935,17,31
cp_tutorial_3d_monolayer,4,16,1791502005.5848508,4006783,worker_2,W011,Threshold,step_started,started,54.83870967741935,17,31
cp_tutorial_3d_monolayer,4,16,1791502005.6056263,4006781,worker_0,W009,Threshold,pattern_group,running,100.0,1,1
cp_tutorial_3d_monolayer,4,16,1791502005.6065528,4006781,worker_0,W009,Threshold,step_completed,success,58.06451612903226,18,31
cp_tutorial_3d_monolayer,4,16,1791502005.6076472,4006781,worker_0,W009,MaskImage,step_started,started,58.06451612903226,18,31
cp_tutorial_3d_monolayer,4,16,1791502005.6603408,4006781,worker_0,W009,MaskImage,pattern_group,running,100.0,1,1
cp_tutorial_3d_monolayer,4,16,1791502005.661054,4006781,worker_0,W009,MaskImage,step_completed,success,61.29032258064516,19,31
cp_tutorial_3d_monolayer,4,16,1791502005.662247,4006781,worker_0,W009,ErodeImage,step_started,started,61.29032258064516,19,31
cp_tutorial_3d_monolayer,4,16,1791502005.6670842,4006782,worker_1,W010,Watershed,pattern_group,running,100.0,1,1
cp_tutorial_3d_monolayer,4,16,1791502005.6679735,4006782,worker_1,W010,Watershed,step_completed,success,67.74193548387096,21,31
cp_tutorial_3d_monolayer,4,16,1791502005.6692276,4006782,worker_1,W010,MeasureObjectIntensity,step_started,started,67.74193548387096,21,31
cp_tutorial_3d_monolayer,4,16,1791502005.6809363,4006784,worker_3,W012,Threshold,pattern_group,running,100.0,1,1
cp_tutorial_3d_monolayer,4,16,1791502005.681404,4006784,worker_3,W012,Threshold,step_completed,success,58.06451612903226,18,31
cp_tutorial_3d_monolayer,4,16,1791502005.6820433,4006784,worker_3,W012,MaskImage,step_started,started,58.06451612903226,18,31
cp_tutorial_3d_monolayer,4,16,1791502005.6981573,4006781,worker_0,W009,ErodeImage,pattern_group,running,100.0,1,1
cp_tutorial_3d_monolayer,4,16,1791502005.6987023,4006781,worker_0,W009,ErodeImage,step_completed,success,64.51612903225806,20,31
cp_tutorial_3d_monolayer,4,16,1791502005.69948,4006781,worker_0,W009,Watershed,step_started,started,64.51612903225806,20,31
cp_tutorial_3d_monolayer,4,16,1791502005.7306125,4006784,worker_3,W012,MaskImage,pattern_group,running,100.0,1,1
cp_tutorial_3d_monolayer,4,16,1791502005.7309983,4006784,worker_3,W012,MaskImage,step_completed,success,61.29032258064516,19,31
cp_tutorial_3d_monolayer,4,16,1791502005.7317078,4006784,worker_3,W012,ErodeImage,step_started,started,61.29032258064516,19,31
cp_tutorial_3d_monolayer,4,16,1791502005.7549772,4006783,worker_2,W011,Threshold,pattern_group,running,100.0,1,1
cp_tutorial_3d_monolayer,4,16,1791502005.7554922,4006783,worker_2,W011,Threshold,step_completed,success,58.06451612903226,18,31
cp_tutorial_3d_monolayer,4,16,1791502005.7561688,4006783,worker_2,W011,MaskImage,step_started,started,58.06451612903226,18,31
cp_tutorial_3d_monolayer,4,16,1791502005.7626858,4006784,worker_3,W012,ErodeImage,pattern_group,running,100.0,1,1
cp_tutorial_3d_monolayer,4,16,1791502005.7630408,4006784,worker_3,W012,ErodeImage,step_completed,success,64.51612903225806,20,31
cp_tutorial_3d_monolayer,4,16,1791502005.7683349,4006784,worker_3,W012,Watershed,step_started,started,64.51612903225806,20,31
cp_tutorial_3d_monolayer,4,16,1791502005.809375,4006783,worker_2,W011,MaskImage,pattern_group,running,100.0,1,1
cp_tutorial_3d_monolayer,4,16,1791502005.8099658,4006783,worker_2,W011,MaskImage,step_completed,success,61.29032258064516,19,31
cp_tutorial_3d_monolayer,4,16,1791502005.8108377,4006783,worker_2,W011,ErodeImage,step_started,started,61.29032258064516,19,31
cp_tutorial_3d_monolayer,4,16,1791502005.8117027,4006781,worker_0,W009,Watershed,pattern_group,running,100.0,1,1
cp_tutorial_3d_monolayer,4,16,1791502005.8128777,4006781,worker_0,W009,Watershed,step_completed,success,67.74193548387096,21,31
cp_tutorial_3d_monolayer,4,16,1791502005.8145332,4006781,worker_0,W009,MeasureObjectIntensity,step_started,started,67.74193548387096,21,31
cp_tutorial_3d_monolayer,4,16,1791502005.8438907,4006783,worker_2,W011,ErodeImage,pattern_group,running,100.0,1,1
cp_tutorial_3d_monolayer,4,16,1791502005.8443594,4006783,worker_2,W011,ErodeImage,step_completed,success,64.51612903225806,20,31
cp_tutorial_3d_monolayer,4,16,1791502005.845091,4006783,worker_2,W011,Watershed,step_started,started,64.51612903225806,20,31
cp_tutorial_3d_monolayer,4,16,1791502005.8985765,4006784,worker_3,W012,Watershed,pattern_group,running,100.0,1,1
cp_tutorial_3d_monolayer,4,16,1791502005.8992474,4006784,worker_3,W012,Watershed,step_completed,success,67.74193548387096,21,31
cp_tutorial_3d_monolayer,4,16,1791502005.9001946,4006784,worker_3,W012,MeasureObjectIntensity,step_started,started,67.74193548387096,21,31
cp_tutorial_3d_monolayer,4,16,1791502005.9332592,4006782,worker_1,W010,MeasureObjectIntensity,pattern_group,running,50.0,1,2
cp_tutorial_3d_monolayer,4,16,1791502005.971606,4006783,worker_2,W011,Watershed,pattern_group,running,100.0,1,1
cp_tutorial_3d_monolayer,4,16,1791502005.9722655,4006783,worker_2,W011,Watershed,step_completed,success,67.74193548387096,21,31
cp_tutorial_3d_monolayer,4,16,1791502005.9731796,4006783,worker_2,W011,MeasureObjectIntensity,step_started,started,67.74193548387096,21,31
cp_tutorial_3d_monolayer,4,16,1791502006.0801346,4006781,worker_0,W009,MeasureObjectIntensity,pattern_group,running,50.0,1,2
cp_tutorial_3d_monolayer,4,16,1791502006.1625748,4006784,worker_3,W012,MeasureObjectIntensity,pattern_group,running,50.0,1,2
cp_tutorial_3d_monolayer,4,16,1791502006.235965,4006783,worker_2,W011,MeasureObjectIntensity,pattern_group,running,50.0,1,2
cp_tutorial_3d_monolayer,4,16,1791502006.240062,4006782,worker_1,W010,MeasureObjectIntensity,pattern_group,running,100.0,2,2
cp_tutorial_3d_monolayer,4,16,1791502006.2428808,4006782,worker_1,W010,MeasureObjectIntensity,step_completed,success,70.96774193548387,22,31
cp_tutorial_3d_monolayer,4,16,1791502006.2438924,4006782,worker_1,W010,MeasureObjectSizeShape,step_started,started,70.96774193548387,22,31
cp_tutorial_3d_monolayer,4,16,1791502006.3437319,4006782,worker_1,W010,MeasureObjectSizeShape,pattern_group,running,50.0,1,2
cp_tutorial_3d_monolayer,4,16,1791502006.383707,4006781,worker_0,W009,MeasureObjectIntensity,pattern_group,running,100.0,2,2
cp_tutorial_3d_monolayer,4,16,1791502006.386385,4006781,worker_0,W009,MeasureObjectIntensity,step_completed,success,70.96774193548387,22,31
cp_tutorial_3d_monolayer,4,16,1791502006.387218,4006781,worker_0,W009,MeasureObjectSizeShape,step_started,started,70.96774193548387,22,31
cp_tutorial_3d_monolayer,4,16,1791502006.4523551,4006782,worker_1,W010,MeasureObjectSizeShape,pattern_group,running,100.0,2,2
cp_tutorial_3d_monolayer,4,16,1791502006.453216,4006782,worker_1,W010,MeasureObjectSizeShape,step_completed,success,74.19354838709677,23,31
cp_tutorial_3d_monolayer,4,16,1791502006.4538858,4006782,worker_1,W010,OverlayObjects,step_started,started,74.19354838709677,23,31
cp_tutorial_3d_monolayer,4,16,1791502006.4616196,4006784,worker_3,W012,MeasureObjectIntensity,pattern_group,running,100.0,2,2
cp_tutorial_3d_monolayer,4,16,1791502006.4650676,4006784,worker_3,W012,MeasureObjectIntensity,step_completed,success,70.96774193548387,22,31
cp_tutorial_3d_monolayer,4,16,1791502006.4662097,4006784,worker_3,W012,MeasureObjectSizeShape,step_started,started,70.96774193548387,22,31
cp_tutorial_3d_monolayer,4,16,1791502006.4766157,4006782,worker_1,W010,OverlayObjects,pattern_group,running,100.0,1,1
cp_tutorial_3d_monolayer,4,16,1791502006.4770796,4006782,worker_1,W010,OverlayObjects,step_completed,success,77.41935483870968,24,31
cp_tutorial_3d_monolayer,4,16,1791502006.4779181,4006782,worker_1,W010,RescaleIntensity,step_started,started,77.41935483870968,24,31
cp_tutorial_3d_monolayer,4,16,1791502006.485092,4006781,worker_0,W009,MeasureObjectSizeShape,pattern_group,running,50.0,1,2
cp_tutorial_3d_monolayer,4,16,1791502006.547072,4006783,worker_2,W011,MeasureObjectIntensity,pattern_group,running,100.0,2,2
cp_tutorial_3d_monolayer,4,16,1791502006.549502,4006783,worker_2,W011,MeasureObjectIntensity,step_completed,success,70.96774193548387,22,31
cp_tutorial_3d_monolayer,4,16,1791502006.5502796,4006783,worker_2,W011,MeasureObjectSizeShape,step_started,started,70.96774193548387,22,31
cp_tutorial_3d_monolayer,4,16,1791502006.5598009,4006784,worker_3,W012,MeasureObjectSizeShape,pattern_group,running,50.0,1,2
cp_tutorial_3d_monolayer,4,16,1791502006.5801702,4006781,worker_0,W009,MeasureObjectSizeShape,pattern_group,running,100.0,2,2
cp_tutorial_3d_monolayer,4,16,1791502006.5810041,4006781,worker_0,W009,MeasureObjectSizeShape,step_completed,success,74.19354838709677,23,31
cp_tutorial_3d_monolayer,4,16,1791502006.5815654,4006781,worker_0,W009,OverlayObjects,step_started,started,74.19354838709677,23,31
cp_tutorial_3d_monolayer,4,16,1791502006.6023705,4006781,worker_0,W009,OverlayObjects,pattern_group,running,100.0,1,1
cp_tutorial_3d_monolayer,4,16,1791502006.6028252,4006781,worker_0,W009,OverlayObjects,step_completed,success,77.41935483870968,24,31
cp_tutorial_3d_monolayer,4,16,1791502006.603629,4006781,worker_0,W009,RescaleIntensity,step_started,started,77.41935483870968,24,31
cp_tutorial_3d_monolayer,4,16,1791502006.6164525,4006782,worker_1,W010,RescaleIntensity,pattern_group,running,100.0,1,1
cp_tutorial_3d_monolayer,4,16,1791502006.6169803,4006782,worker_1,W010,RescaleIntensity,step_completed,success,80.64516129032258,25,31
cp_tutorial_3d_monolayer,4,16,1791502006.6175742,4006782,worker_1,W010,OverlayObjects,step_started,started,80.64516129032258,25,31
cp_tutorial_3d_monolayer,4,16,1791502006.636415,4006782,worker_1,W010,OverlayObjects,pattern_group,running,100.0,1,1
cp_tutorial_3d_monolayer,4,16,1791502006.6368768,4006782,worker_1,W010,OverlayObjects,step_completed,success,83.87096774193549,26,31
cp_tutorial_3d_monolayer,4,16,1791502006.6376722,4006782,worker_1,W010,ConvertObjectsToImage,step_started,started,83.87096774193549,26,31
cp_tutorial_3d_monolayer,4,16,1791502006.6531262,4006783,worker_2,W011,MeasureObjectSizeShape,pattern_group,running,50.0,1,2
cp_tutorial_3d_monolayer,4,16,1791502006.6586661,4006784,worker_3,W012,MeasureObjectSizeShape,pattern_group,running,100.0,2,2
cp_tutorial_3d_monolayer,4,16,1791502006.6597657,4006784,worker_3,W012,MeasureObjectSizeShape,step_completed,success,74.19354838709677,23,31
cp_tutorial_3d_monolayer,4,16,1791502006.6604197,4006784,worker_3,W012,OverlayObjects,step_started,started,74.19354838709677,23,31
cp_tutorial_3d_monolayer,4,16,1791502006.6765888,4006782,worker_1,W010,ConvertObjectsToImage,pattern_group,running,100.0,1,1
cp_tutorial_3d_monolayer,4,16,1791502006.6773477,4006782,worker_1,W010,ConvertObjectsToImage,step_completed,success,87.09677419354838,27,31
cp_tutorial_3d_monolayer,4,16,1791502006.6782475,4006782,worker_1,W010,SaveImages,step_started,started,87.09677419354838,27,31
cp_tutorial_3d_monolayer,4,16,1791502006.6832826,4006784,worker_3,W012,OverlayObjects,pattern_group,running,100.0,1,1
cp_tutorial_3d_monolayer,4,16,1791502006.6835496,4006784,worker_3,W012,OverlayObjects,step_completed,success,77.41935483870968,24,31
cp_tutorial_3d_monolayer,4,16,1791502006.6842024,4006784,worker_3,W012,RescaleIntensity,step_started,started,77.41935483870968,24,31
cp_tutorial_3d_monolayer,4,16,1791502006.7137194,4006781,worker_0,W009,RescaleIntensity,pattern_group,running,100.0,1,1
cp_tutorial_3d_monolayer,4,16,1791502006.7140794,4006781,worker_0,W009,RescaleIntensity,step_completed,success,80.64516129032258,25,31
cp_tutorial_3d_monolayer,4,16,1791502006.7145357,4006781,worker_0,W009,OverlayObjects,step_started,started,80.64516129032258,25,31
cp_tutorial_3d_monolayer,4,16,1791502006.7313251,4006782,worker_1,W010,SaveImages,pattern_group,running,100.0,1,1
cp_tutorial_3d_monolayer,4,16,1791502006.7330384,4006781,worker_0,W009,OverlayObjects,pattern_group,running,100.0,1,1
cp_tutorial_3d_monolayer,4,16,1791502006.7334306,4006781,worker_0,W009,OverlayObjects,step_completed,success,83.87096774193549,26,31
cp_tutorial_3d_monolayer,4,16,1791502006.7342298,4006781,worker_0,W009,ConvertObjectsToImage,step_started,started,83.87096774193549,26,31
cp_tutorial_3d_monolayer,4,16,1791502006.7426844,4006782,worker_1,W010,SaveImages,step_completed,success,90.32258064516128,28,31
cp_tutorial_3d_monolayer,4,16,1791502006.7435286,4006782,worker_1,W010,ConvertObjectsToImage,step_started,started,90.32258064516128,28,31
cp_tutorial_3d_monolayer,4,16,1791502006.7556262,4006783,worker_2,W011,MeasureObjectSizeShape,pattern_group,running,100.0,2,2
cp_tutorial_3d_monolayer,4,16,1791502006.7567587,4006783,worker_2,W011,MeasureObjectSizeShape,step_completed,success,74.19354838709677,23,31
cp_tutorial_3d_monolayer,4,16,1791502006.7574518,4006783,worker_2,W011,OverlayObjects,step_started,started,74.19354838709677,23,31
cp_tutorial_3d_monolayer,4,16,1791502006.773396,4006781,worker_0,W009,ConvertObjectsToImage,pattern_group,running,100.0,1,1
cp_tutorial_3d_monolayer,4,16,1791502006.774123,4006781,worker_0,W009,ConvertObjectsToImage,step_completed,success,87.09677419354838,27,31
cp_tutorial_3d_monolayer,4,16,1791502006.7750163,4006781,worker_0,W009,SaveImages,step_started,started,87.09677419354838,27,31
cp_tutorial_3d_monolayer,4,16,1791502006.7801917,4006783,worker_2,W011,OverlayObjects,pattern_group,running,100.0,1,1
cp_tutorial_3d_monolayer,4,16,1791502006.780546,4006783,worker_2,W011,OverlayObjects,step_completed,success,77.41935483870968,24,31
cp_tutorial_3d_monolayer,4,16,1791502006.7813535,4006783,worker_2,W011,RescaleIntensity,step_started,started,77.41935483870968,24,31
cp_tutorial_3d_monolayer,4,16,1791502006.7820573,4006782,worker_1,W010,ConvertObjectsToImage,pattern_group,running,100.0,1,1
cp_tutorial_3d_monolayer,4,16,1791502006.7829442,4006782,worker_1,W010,ConvertObjectsToImage,step_completed,success,93.54838709677419,29,31
cp_tutorial_3d_monolayer,4,16,1791502006.7914507,4006782,worker_1,W010,SaveImages,step_started,started,93.54838709677419,29,31
cp_tutorial_3d_monolayer,4,16,1791502006.7946942,4006784,worker_3,W012,RescaleIntensity,pattern_group,running,100.0,1,1
cp_tutorial_3d_monolayer,4,16,1791502006.795109,4006784,worker_3,W012,RescaleIntensity,step_completed,success,80.64516129032258,25,31
cp_tutorial_3d_monolayer,4,16,1791502006.7956078,4006784,worker_3,W012,OverlayObjects,step_started,started,80.64516129032258,25,31
cp_tutorial_3d_monolayer,4,16,1791502006.8144379,4006784,worker_3,W012,OverlayObjects,pattern_group,running,100.0,1,1
cp_tutorial_3d_monolayer,4,16,1791502006.8147564,4006784,worker_3,W012,OverlayObjects,step_completed,success,83.87096774193549,26,31
cp_tutorial_3d_monolayer,4,16,1791502006.8154345,4006784,worker_3,W012,ConvertObjectsToImage,step_started,started,83.87096774193549,26,31
cp_tutorial_3d_monolayer,4,16,1791502006.828344,4006781,worker_0,W009,SaveImages,pattern_group,running,100.0,1,1
cp_tutorial_3d_monolayer,4,16,1791502006.8381042,4006781,worker_0,W009,SaveImages,step_completed,success,90.32258064516128,28,31
cp_tutorial_3d_monolayer,4,16,1791502006.8391054,4006781,worker_0,W009,ConvertObjectsToImage,step_started,started,90.32258064516128,28,31
cp_tutorial_3d_monolayer,4,16,1791502006.8523228,4006784,worker_3,W012,ConvertObjectsToImage,pattern_group,running,100.0,1,1
cp_tutorial_3d_monolayer,4,16,1791502006.8527336,4006784,worker_3,W012,ConvertObjectsToImage,step_completed,success,87.09677419354838,27,31
cp_tutorial_3d_monolayer,4,16,1791502006.8534832,4006784,worker_3,W012,SaveImages,step_started,started,87.09677419354838,27,31
cp_tutorial_3d_monolayer,4,16,1791502006.8744953,4006781,worker_0,W009,ConvertObjectsToImage,pattern_group,running,100.0,1,1
cp_tutorial_3d_monolayer,4,16,1791502006.8751562,4006781,worker_0,W009,ConvertObjectsToImage,step_completed,success,93.54838709677419,29,31
cp_tutorial_3d_monolayer,4,16,1791502006.884676,4006781,worker_0,W009,SaveImages,step_started,started,93.54838709677419,29,31
cp_tutorial_3d_monolayer,4,16,1791502006.898024,4006783,worker_2,W011,RescaleIntensity,pattern_group,running,100.0,1,1
cp_tutorial_3d_monolayer,4,16,1791502006.8983977,4006783,worker_2,W011,RescaleIntensity,step_completed,success,80.64516129032258,25,31
cp_tutorial_3d_monolayer,4,16,1791502006.8988519,4006783,worker_2,W011,OverlayObjects,step_started,started,80.64516129032258,25,31
cp_tutorial_3d_monolayer,4,16,1791502006.9030643,4006784,worker_3,W012,SaveImages,pattern_group,running,100.0,1,1
cp_tutorial_3d_monolayer,4,16,1791502006.9140062,4006784,worker_3,W012,SaveImages,step_completed,success,90.32258064516128,28,31
cp_tutorial_3d_monolayer,4,16,1791502006.9148216,4006784,worker_3,W012,ConvertObjectsToImage,step_started,started,90.32258064516128,28,31
cp_tutorial_3d_monolayer,4,16,1791502006.9196842,4006783,worker_2,W011,OverlayObjects,pattern_group,running,100.0,1,1
cp_tutorial_3d_monolayer,4,16,1791502006.9202037,4006783,worker_2,W011,OverlayObjects,step_completed,success,83.87096774193549,26,31
cp_tutorial_3d_monolayer,4,16,1791502006.9210372,4006783,worker_2,W011,ConvertObjectsToImage,step_started,started,83.87096774193549,26,31
cp_tutorial_3d_monolayer,4,16,1791502006.9532993,4006784,worker_3,W012,ConvertObjectsToImage,pattern_group,running,100.0,1,1
cp_tutorial_3d_monolayer,4,16,1791502006.9537082,4006784,worker_3,W012,ConvertObjectsToImage,step_completed,success,93.54838709677419,29,31
cp_tutorial_3d_monolayer,4,16,1791502006.9608,4006784,worker_3,W012,SaveImages,step_started,started,93.54838709677419,29,31
cp_tutorial_3d_monolayer,4,16,1791502006.9617622,4006783,worker_2,W011,ConvertObjectsToImage,pattern_group,running,100.0,1,1
cp_tutorial_3d_monolayer,4,16,1791502006.962036,4006783,worker_2,W011,ConvertObjectsToImage,step_completed,success,87.09677419354838,27,31
cp_tutorial_3d_monolayer,4,16,1791502006.9630187,4006783,worker_2,W011,SaveImages,step_started,started,87.09677419354838,27,31
cp_tutorial_3d_monolayer,4,16,1791502006.9660964,4006782,worker_1,W010,SaveImages,pattern_group,running,100.0,1,1
cp_tutorial_3d_monolayer,4,16,1791502006.973243,4006782,worker_1,W010,SaveImages,step_completed,success,96.7741935483871,30,31
cp_tutorial_3d_monolayer,4,16,1791502006.974616,4006782,worker_1,W010,pipeline,axis_completed,success,96.7741935483871,30,31
cp_tutorial_3d_monolayer,4,16,1791502006.9747682,4006782,worker_1,W014,pipeline,axis_started,started,0.0,0,31
cp_tutorial_3d_monolayer,4,16,1791502006.9785774,4006782,worker_1,W014,RescaleIntensity,step_started,started,0.0,0,31
cp_tutorial_3d_monolayer,4,16,1791502007.0154,4006783,worker_2,W011,SaveImages,pattern_group,running,100.0,1,1
cp_tutorial_3d_monolayer,4,16,1791502007.0226023,4006783,worker_2,W011,SaveImages,step_completed,success,90.32258064516128,28,31
cp_tutorial_3d_monolayer,4,16,1791502007.0233998,4006783,worker_2,W011,ConvertObjectsToImage,step_started,started,90.32258064516128,28,31
cp_tutorial_3d_monolayer,4,16,1791502007.0442483,4006781,worker_0,W009,SaveImages,pattern_group,running,100.0,1,1
cp_tutorial_3d_monolayer,4,16,1791502007.0515606,4006781,worker_0,W009,SaveImages,step_completed,success,96.7741935483871,30,31
cp_tutorial_3d_monolayer,4,16,1791502007.0530534,4006781,worker_0,W009,pipeline,axis_completed,success,96.7741935483871,30,31
cp_tutorial_3d_monolayer,4,16,1791502007.0533442,4006781,worker_0,W013,pipeline,axis_started,started,0.0,0,31
cp_tutorial_3d_monolayer,4,16,1791502007.0567122,4006781,worker_0,W013,RescaleIntensity,step_started,started,0.0,0,31
cp_tutorial_3d_monolayer,4,16,1791502007.0611331,4006783,worker_2,W011,ConvertObjectsToImage,pattern_group,running,100.0,1,1
cp_tutorial_3d_monolayer,4,16,1791502007.0614996,4006783,worker_2,W011,ConvertObjectsToImage,step_completed,success,93.54838709677419,29,31
cp_tutorial_3d_monolayer,4,16,1791502007.0686774,4006783,worker_2,W011,SaveImages,step_started,started,93.54838709677419,29,31
cp_tutorial_3d_monolayer,4,16,1791502007.1064432,4006784,worker_3,W012,SaveImages,pattern_group,running,100.0,1,1
cp_tutorial_3d_monolayer,4,16,1791502007.1132321,4006784,worker_3,W012,SaveImages,step_completed,success,96.7741935483871,30,31
cp_tutorial_3d_monolayer,4,16,1791502007.1143618,4006784,worker_3,W012,pipeline,axis_completed,success,96.7741935483871,30,31
cp_tutorial_3d_monolayer,4,16,1791502007.114499,4006784,worker_3,W016,pipeline,axis_started,started,0.0,0,31
cp_tutorial_3d_monolayer,4,16,1791502007.1177697,4006784,worker_3,W016,RescaleIntensity,step_started,started,0.0,0,31
cp_tutorial_3d_monolayer,4,16,1791502007.2044992,4006783,worker_2,W011,SaveImages,pattern_group,running,100.0,1,1
cp_tutorial_3d_monolayer,4,16,1791502007.2110066,4006783,worker_2,W011,SaveImages,step_completed,success,96.7741935483871,30,31
cp_tutorial_3d_monolayer,4,16,1791502007.2121055,4006783,worker_2,W011,pipeline,axis_completed,success,96.7741935483871,30,31
cp_tutorial_3d_monolayer,4,16,1791502007.2122395,4006783,worker_2,W015,pipeline,axis_started,started,0.0,0,31
cp_tutorial_3d_monolayer,4,16,1791502007.2164526,4006783,worker_2,W015,RescaleIntensity,step_started,started,0.0,0,31
cp_tutorial_3d_monolayer,4,16,1791502007.3078034,4006782,worker_1,W014,RescaleIntensity,pattern_group,running,100.0,1,1
cp_tutorial_3d_monolayer,4,16,1791502007.308166,4006782,worker_1,W014,RescaleIntensity,step_completed,success,3.225806451612903,1,31
cp_tutorial_3d_monolayer,4,16,1791502007.3085363,4006782,worker_1,W014,Resize,step_started,started,3.225806451612903,1,31
cp_tutorial_3d_monolayer,4,16,1791502007.3663485,4006782,worker_1,W014,Resize,pattern_group,running,100.0,1,1
cp_tutorial_3d_monolayer,4,16,1791502007.367177,4006782,worker_1,W014,Resize,step_completed,success,6.451612903225806,2,31
cp_tutorial_3d_monolayer,4,16,1791502007.367607,4006782,worker_1,W014,MedianFilter,step_started,started,6.451612903225806,2,31
cp_tutorial_3d_monolayer,4,16,1791502007.3780284,4006781,worker_0,W013,RescaleIntensity,pattern_group,running,100.0,1,1
cp_tutorial_3d_monolayer,4,16,1791502007.3785512,4006781,worker_0,W013,RescaleIntensity,step_completed,success,3.225806451612903,1,31
cp_tutorial_3d_monolayer,4,16,1791502007.3790548,4006781,worker_0,W013,Resize,step_started,started,3.225806451612903,1,31
cp_tutorial_3d_monolayer,4,16,1791502007.4367363,4006784,worker_3,W016,RescaleIntensity,pattern_group,running,100.0,1,1
cp_tutorial_3d_monolayer,4,16,1791502007.4371057,4006784,worker_3,W016,RescaleIntensity,step_completed,success,3.225806451612903,1,31
cp_tutorial_3d_monolayer,4,16,1791502007.4374974,4006784,worker_3,W016,Resize,step_started,started,3.225806451612903,1,31
cp_tutorial_3d_monolayer,4,16,1791502007.4389322,4006781,worker_0,W013,Resize,pattern_group,running,100.0,1,1
cp_tutorial_3d_monolayer,4,16,1791502007.4393988,4006781,worker_0,W013,Resize,step_completed,success,6.451612903225806,2,31
cp_tutorial_3d_monolayer,4,16,1791502007.4399354,4006781,worker_0,W013,MedianFilter,step_started,started,6.451612903225806,2,31
cp_tutorial_3d_monolayer,4,16,1791502007.4962134,4006784,worker_3,W016,Resize,pattern_group,running,100.0,1,1
cp_tutorial_3d_monolayer,4,16,1791502007.4965904,4006784,worker_3,W016,Resize,step_completed,success,6.451612903225806,2,31
cp_tutorial_3d_monolayer,4,16,1791502007.4969585,4006784,worker_3,W016,MedianFilter,step_started,started,6.451612903225806,2,31
cp_tutorial_3d_monolayer,4,16,1791502007.533514,4006782,worker_1,W014,MedianFilter,pattern_group,running,100.0,1,1
cp_tutorial_3d_monolayer,4,16,1791502007.5338938,4006782,worker_1,W014,MedianFilter,step_completed,success,9.67741935483871,3,31
cp_tutorial_3d_monolayer,4,16,1791502007.5343544,4006782,worker_1,W014,Threshold,step_started,started,9.67741935483871,3,31
cp_tutorial_3d_monolayer,4,16,1791502007.5360868,4006783,worker_2,W015,RescaleIntensity,pattern_group,running,100.0,1,1
cp_tutorial_3d_monolayer,4,16,1791502007.536417,4006783,worker_2,W015,RescaleIntensity,step_completed,success,3.225806451612903,1,31
cp_tutorial_3d_monolayer,4,16,1791502007.5367897,4006783,worker_2,W015,Resize,step_started,started,3.225806451612903,1,31
cp_tutorial_3d_monolayer,4,16,1791502007.5731664,4006782,worker_1,W014,Threshold,pattern_group,running,100.0,1,1
cp_tutorial_3d_monolayer,4,16,1791502007.5735822,4006782,worker_1,W014,Threshold,step_completed,success,12.903225806451612,4,31
cp_tutorial_3d_monolayer,4,16,1791502007.573992,4006782,worker_1,W014,RemoveHoles,step_started,started,12.903225806451612,4,31
cp_tutorial_3d_monolayer,4,16,1791502007.5909023,4006782,worker_1,W014,RemoveHoles,pattern_group,running,100.0,1,1
cp_tutorial_3d_monolayer,4,16,1791502007.5912497,4006782,worker_1,W014,RemoveHoles,step_completed,success,16.129032258064516,5,31
cp_tutorial_3d_monolayer,4,16,1791502007.591702,4006782,worker_1,W014,Watershed,step_started,started,16.129032258064516,5,31
cp_tutorial_3d_monolayer,4,16,1791502007.5957909,4006783,worker_2,W015,Resize,pattern_group,running,100.0,1,1
cp_tutorial_3d_monolayer,4,16,1791502007.5961742,4006783,worker_2,W015,Resize,step_completed,success,6.451612903225806,2,31
cp_tutorial_3d_monolayer,4,16,1791502007.5965955,4006783,worker_2,W015,MedianFilter,step_started,started,6.451612903225806,2,31
cp_tutorial_3d_monolayer,4,16,1791502007.6065857,4006781,worker_0,W013,MedianFilter,pattern_group,running,100.0,1,1
cp_tutorial_3d_monolayer,4,16,1791502007.6070948,4006781,worker_0,W013,MedianFilter,step_completed,success,9.67741935483871,3,31
cp_tutorial_3d_monolayer,4,16,1791502007.6076705,4006781,worker_0,W013,Threshold,step_started,started,9.67741935483871,3,31
cp_tutorial_3d_monolayer,4,16,1791502007.6447496,4006781,worker_0,W013,Threshold,pattern_group,running,100.0,1,1
cp_tutorial_3d_monolayer,4,16,1791502007.645396,4006781,worker_0,W013,Threshold,step_completed,success,12.903225806451612,4,31
cp_tutorial_3d_monolayer,4,16,1791502007.6460872,4006781,worker_0,W013,RemoveHoles,step_started,started,12.903225806451612,4,31
cp_tutorial_3d_monolayer,4,16,1791502007.6598358,4006784,worker_3,W016,MedianFilter,pattern_group,running,100.0,1,1
cp_tutorial_3d_monolayer,4,16,1791502007.6602197,4006784,worker_3,W016,MedianFilter,step_completed,success,9.67741935483871,3,31
cp_tutorial_3d_monolayer,4,16,1791502007.6606796,4006784,worker_3,W016,Threshold,step_started,started,9.67741935483871,3,31
cp_tutorial_3d_monolayer,4,16,1791502007.6628194,4006781,worker_0,W013,RemoveHoles,pattern_group,running,100.0,1,1
cp_tutorial_3d_monolayer,4,16,1791502007.6632507,4006781,worker_0,W013,RemoveHoles,step_completed,success,16.129032258064516,5,31
cp_tutorial_3d_monolayer,4,16,1791502007.663709,4006781,worker_0,W013,Watershed,step_started,started,16.129032258064516,5,31
cp_tutorial_3d_monolayer,4,16,1791502007.6831193,4006782,worker_1,W014,Watershed,pattern_group,running,100.0,1,1
cp_tutorial_3d_monolayer,4,16,1791502007.6838553,4006782,worker_1,W014,Watershed,step_completed,success,19.35483870967742,6,31
cp_tutorial_3d_monolayer,4,16,1791502007.6844819,4006782,worker_1,W014,ResizeObjects,step_started,started,19.35483870967742,6,31
cp_tutorial_3d_monolayer,4,16,1791502007.7001183,4006784,worker_3,W016,Threshold,pattern_group,running,100.0,1,1
cp_tutorial_3d_monolayer,4,16,1791502007.7006872,4006784,worker_3,W016,Threshold,step_completed,success,12.903225806451612,4,31
cp_tutorial_3d_monolayer,4,16,1791502007.701262,4006784,worker_3,W016,RemoveHoles,step_started,started,12.903225806451612,4,31
cp_tutorial_3d_monolayer,4,16,1791502007.7180705,4006784,worker_3,W016,RemoveHoles,pattern_group,running,100.0,1,1
cp_tutorial_3d_monolayer,4,16,1791502007.7184904,4006784,worker_3,W016,RemoveHoles,step_completed,success,16.129032258064516,5,31
cp_tutorial_3d_monolayer,4,16,1791502007.7189174,4006784,worker_3,W016,Watershed,step_started,started,16.129032258064516,5,31
cp_tutorial_3d_monolayer,4,16,1791502007.7249782,4006782,worker_1,W014,ResizeObjects,pattern_group,running,100.0,1,1
cp_tutorial_3d_monolayer,4,16,1791502007.7257915,4006782,worker_1,W014,ResizeObjects,step_completed,success,22.58064516129032,7,31
cp_tutorial_3d_monolayer,4,16,1791502007.726815,4006782,worker_1,W014,ErodeObjects,step_started,started,22.58064516129032,7,31
cp_tutorial_3d_monolayer,4,16,1791502007.7555995,4006781,worker_0,W013,Watershed,pattern_group,running,100.0,1,1
cp_tutorial_3d_monolayer,4,16,1791502007.7564352,4006781,worker_0,W013,Watershed,step_completed,success,19.35483870967742,6,31
cp_tutorial_3d_monolayer,4,16,1791502007.7573972,4006781,worker_0,W013,ResizeObjects,step_started,started,19.35483870967742,6,31
cp_tutorial_3d_monolayer,4,16,1791502007.7690506,4006783,worker_2,W015,MedianFilter,pattern_group,running,100.0,1,1
cp_tutorial_3d_monolayer,4,16,1791502007.769443,4006783,worker_2,W015,MedianFilter,step_completed,success,9.67741935483871,3,31
cp_tutorial_3d_monolayer,4,16,1791502007.76992,4006783,worker_2,W015,Threshold,step_started,started,9.67741935483871,3,31
cp_tutorial_3d_monolayer,4,16,1791502007.7813985,4006782,worker_1,W014,ErodeObjects,pattern_group,running,100.0,1,1
cp_tutorial_3d_monolayer,4,16,1791502007.7821474,4006782,worker_1,W014,ErodeObjects,step_completed,success,25.806451612903224,8,31
cp_tutorial_3d_monolayer,4,16,1791502007.7828448,4006782,worker_1,W014,ResizeObjects,step_started,started,25.806451612903224,8,31
cp_tutorial_3d_monolayer,4,16,1791502007.8004136,4006781,worker_0,W013,ResizeObjects,pattern_group,running,100.0,1,1
cp_tutorial_3d_monolayer,4,16,1791502007.8011277,4006781,worker_0,W013,ResizeObjects,step_completed,success,22.58064516129032,7,31
cp_tutorial_3d_monolayer,4,16,1791502007.8024185,4006781,worker_0,W013,ErodeObjects,step_started,started,22.58064516129032,7,31
cp_tutorial_3d_monolayer,4,16,1791502007.8127532,4006783,worker_2,W015,Threshold,pattern_group,running,100.0,1,1
cp_tutorial_3d_monolayer,4,16,1791502007.8132453,4006783,worker_2,W015,Threshold,step_completed,success,12.903225806451612,4,31
cp_tutorial_3d_monolayer,4,16,1791502007.8137548,4006783,worker_2,W015,RemoveHoles,step_started,started,12.903225806451612,4,31
cp_tutorial_3d_monolayer,4,16,1791502007.8141623,4006784,worker_3,W016,Watershed,pattern_group,running,100.0,1,1
cp_tutorial_3d_monolayer,4,16,1791502007.8147907,4006784,worker_3,W016,Watershed,step_completed,success,19.35483870967742,6,31
cp_tutorial_3d_monolayer,4,16,1791502007.8154478,4006784,worker_3,W016,ResizeObjects,step_started,started,19.35483870967742,6,31
cp_tutorial_3d_monolayer,4,16,1791502007.818513,4006782,worker_1,W014,ResizeObjects,pattern_group,running,100.0,1,1
cp_tutorial_3d_monolayer,4,16,1791502007.8193393,4006782,worker_1,W014,ResizeObjects,step_completed,success,29.03225806451613,9,31
cp_tutorial_3d_monolayer,4,16,1791502007.8199189,4006782,worker_1,W014,ConvertObjectsToImage,step_started,started,29.03225806451613,9,31
cp_tutorial_3d_monolayer,4,16,1791502007.8337855,4006783,worker_2,W015,RemoveHoles,pattern_group,running,100.0,1,1
cp_tutorial_3d_monolayer,4,16,1791502007.834288,4006783,worker_2,W015,RemoveHoles,step_completed,success,16.129032258064516,5,31
cp_tutorial_3d_monolayer,4,16,1791502007.8348463,4006783,worker_2,W015,Watershed,step_started,started,16.129032258064516,5,31
cp_tutorial_3d_monolayer,4,16,1791502007.8436127,4006782,worker_1,W014,ConvertObjectsToImage,pattern_group,running,100.0,1,1
cp_tutorial_3d_monolayer,4,16,1791502007.8439965,4006782,worker_1,W014,ConvertObjectsToImage,step_completed,success,32.25806451612903,10,31
cp_tutorial_3d_monolayer,4,16,1791502007.8445644,4006782,worker_1,W014,Threshold,step_started,started,32.25806451612903,10,31
cp_tutorial_3d_monolayer,4,16,1791502007.8601477,4006784,worker_3,W016,ResizeObjects,pattern_group,running,100.0,1,1
cp_tutorial_3d_monolayer,4,16,1791502007.8608694,4006784,worker_3,W016,ResizeObjects,step_completed,success,22.58064516129032,7,31
cp_tutorial_3d_monolayer,4,16,1791502007.8614311,4006784,worker_3,W016,ErodeObjects,step_started,started,22.58064516129032,7,31
cp_tutorial_3d_monolayer,4,16,1791502007.8652167,4006781,worker_0,W013,ErodeObjects,pattern_group,running,100.0,1,1
cp_tutorial_3d_monolayer,4,16,1791502007.8661835,4006781,worker_0,W013,ErodeObjects,step_completed,success,25.806451612903224,8,31
cp_tutorial_3d_monolayer,4,16,1791502007.8674612,4006781,worker_0,W013,ResizeObjects,step_started,started,25.806451612903224,8,31
cp_tutorial_3d_monolayer,4,16,1791502007.8985107,4006781,worker_0,W013,ResizeObjects,pattern_group,running,100.0,1,1
cp_tutorial_3d_monolayer,4,16,1791502007.8994088,4006781,worker_0,W013,ResizeObjects,step_completed,success,29.03225806451613,9,31
cp_tutorial_3d_monolayer,4,16,1791502007.9006155,4006781,worker_0,W013,ConvertObjectsToImage,step_started,started,29.03225806451613,9,31
cp_tutorial_3d_monolayer,4,16,1791502007.9181027,4006784,worker_3,W016,ErodeObjects,pattern_group,running,100.0,1,1
cp_tutorial_3d_monolayer,4,16,1791502007.918798,4006784,worker_3,W016,ErodeObjects,step_completed,success,25.806451612903224,8,31
cp_tutorial_3d_monolayer,4,16,1791502007.9194262,4006784,worker_3,W016,ResizeObjects,step_started,started,25.806451612903224,8,31
cp_tutorial_3d_monolayer,4,16,1791502007.9223905,4006781,worker_0,W013,ConvertObjectsToImage,pattern_group,running,100.0,1,1
cp_tutorial_3d_monolayer,4,16,1791502007.9233336,4006781,worker_0,W013,ConvertObjectsToImage,step_completed,success,32.25806451612903,10,31
cp_tutorial_3d_monolayer,4,16,1791502007.9242747,4006781,worker_0,W013,Threshold,step_started,started,32.25806451612903,10,31
cp_tutorial_3d_monolayer,4,16,1791502007.9320793,4006783,worker_2,W015,Watershed,pattern_group,running,100.0,1,1
cp_tutorial_3d_monolayer,4,16,1791502007.9331174,4006783,worker_2,W015,Watershed,step_completed,success,19.35483870967742,6,31
cp_tutorial_3d_monolayer,4,16,1791502007.9338233,4006783,worker_2,W015,ResizeObjects,step_started,started,19.35483870967742,6,31
cp_tutorial_3d_monolayer,4,16,1791502007.9562304,4006784,worker_3,W016,ResizeObjects,pattern_group,running,100.0,1,1
cp_tutorial_3d_monolayer,4,16,1791502007.956966,4006784,worker_3,W016,ResizeObjects,step_completed,success,29.03225806451613,9,31
cp_tutorial_3d_monolayer,4,16,1791502007.95764,4006784,worker_3,W016,ConvertObjectsToImage,step_started,started,29.03225806451613,9,31
cp_tutorial_3d_monolayer,4,16,1791502007.9793496,4006783,worker_2,W015,ResizeObjects,pattern_group,running,100.0,1,1
cp_tutorial_3d_monolayer,4,16,1791502007.9801807,4006783,worker_2,W015,ResizeObjects,step_completed,success,22.58064516129032,7,31
cp_tutorial_3d_monolayer,4,16,1791502007.980814,4006783,worker_2,W015,ErodeObjects,step_started,started,22.58064516129032,7,31
cp_tutorial_3d_monolayer,4,16,1791502007.9861355,4006784,worker_3,W016,ConvertObjectsToImage,pattern_group,running,100.0,1,1
cp_tutorial_3d_monolayer,4,16,1791502007.9867725,4006784,worker_3,W016,ConvertObjectsToImage,step_completed,success,32.25806451612903,10,31
cp_tutorial_3d_monolayer,4,16,1791502007.9876504,4006784,worker_3,W016,Threshold,step_started,started,32.25806451612903,10,31
cp_tutorial_3d_monolayer,4,16,1791502008.0318217,4006783,worker_2,W015,ErodeObjects,pattern_group,running,100.0,1,1
cp_tutorial_3d_monolayer,4,16,1791502008.0325253,4006783,worker_2,W015,ErodeObjects,step_completed,success,25.806451612903224,8,31
cp_tutorial_3d_monolayer,4,16,1791502008.0331492,4006783,worker_2,W015,ResizeObjects,step_started,started,25.806451612903224,8,31
cp_tutorial_3d_monolayer,4,16,1791502008.0559545,4006782,worker_1,W014,Threshold,pattern_group,running,100.0,1,1
cp_tutorial_3d_monolayer,4,16,1791502008.0567198,4006782,worker_1,W014,Threshold,step_completed,success,35.483870967741936,11,31
cp_tutorial_3d_monolayer,4,16,1791502008.0573928,4006782,worker_1,W014,ImageMath,step_started,started,35.483870967741936,11,31
cp_tutorial_3d_monolayer,4,16,1791502008.0686407,4006783,worker_2,W015,ResizeObjects,pattern_group,running,100.0,1,1
cp_tutorial_3d_monolayer,4,16,1791502008.0694299,4006783,worker_2,W015,ResizeObjects,step_completed,success,29.03225806451613,9,31
cp_tutorial_3d_monolayer,4,16,1791502008.070173,4006783,worker_2,W015,ConvertObjectsToImage,step_started,started,29.03225806451613,9,31
cp_tutorial_3d_monolayer,4,16,1791502008.0953705,4006783,worker_2,W015,ConvertObjectsToImage,pattern_group,running,100.0,1,1
cp_tutorial_3d_monolayer,4,16,1791502008.0957243,4006782,worker_1,W014,ImageMath,pattern_group,running,100.0,1,1
cp_tutorial_3d_monolayer,4,16,1791502008.0958629,4006783,worker_2,W015,ConvertObjectsToImage,step_completed,success,32.25806451612903,10,31
cp_tutorial_3d_monolayer,4,16,1791502008.0959866,4006782,worker_1,W014,ImageMath,step_completed,success,38.70967741935484,12,31
cp_tutorial_3d_monolayer,4,16,1791502008.0964763,4006783,worker_2,W015,Threshold,step_started,started,32.25806451612903,10,31
cp_tutorial_3d_monolayer,4,16,1791502008.0965729,4006782,worker_1,W014,RemoveHoles,step_started,started,38.70967741935484,12,31
cp_tutorial_3d_monolayer,4,16,1791502008.1420784,4006781,worker_0,W013,Threshold,pattern_group,running,100.0,1,1
cp_tutorial_3d_monolayer,4,16,1791502008.1428025,4006781,worker_0,W013,Threshold,step_completed,success,35.483870967741936,11,31
cp_tutorial_3d_monolayer,4,16,1791502008.1432834,4006781,worker_0,W013,ImageMath,step_started,started,35.483870967741936,11,31
cp_tutorial_3d_monolayer,4,16,1791502008.1560278,4006782,worker_1,W014,RemoveHoles,pattern_group,running,100.0,1,1
cp_tutorial_3d_monolayer,4,16,1791502008.1564436,4006782,worker_1,W014,RemoveHoles,step_completed,success,41.935483870967744,13,31
cp_tutorial_3d_monolayer,4,16,1791502008.1570356,4006782,worker_1,W014,ImageMath,step_started,started,41.935483870967744,13,31
cp_tutorial_3d_monolayer,4,16,1791502008.178602,4006781,worker_0,W013,ImageMath,pattern_group,running,100.0,1,1
cp_tutorial_3d_monolayer,4,16,1791502008.1791673,4006781,worker_0,W013,ImageMath,step_completed,success,38.70967741935484,12,31
cp_tutorial_3d_monolayer,4,16,1791502008.1799047,4006781,worker_0,W013,RemoveHoles,step_started,started,38.70967741935484,12,31
cp_tutorial_3d_monolayer,4,16,1791502008.2072525,4006784,worker_3,W016,Threshold,pattern_group,running,100.0,1,1
cp_tutorial_3d_monolayer,4,16,1791502008.2079701,4006784,worker_3,W016,Threshold,step_completed,success,35.483870967741936,11,31
cp_tutorial_3d_monolayer,4,16,1791502008.2084537,4006784,worker_3,W016,ImageMath,step_started,started,35.483870967741936,11,31
cp_tutorial_3d_monolayer,4,16,1791502008.2394903,4006781,worker_0,W013,RemoveHoles,pattern_group,running,100.0,1,1
cp_tutorial_3d_monolayer,4,16,1791502008.2401502,4006781,worker_0,W013,RemoveHoles,step_completed,success,41.935483870967744,13,31
cp_tutorial_3d_monolayer,4,16,1791502008.240931,4006781,worker_0,W013,ImageMath,step_started,started,41.935483870967744,13,31
cp_tutorial_3d_monolayer,4,16,1791502008.2445042,4006784,worker_3,W016,ImageMath,pattern_group,running,100.0,1,1
cp_tutorial_3d_monolayer,4,16,1791502008.244894,4006784,worker_3,W016,ImageMath,step_completed,success,38.70967741935484,12,31
cp_tutorial_3d_monolayer,4,16,1791502008.2455032,4006784,worker_3,W016,RemoveHoles,step_started,started,38.70967741935484,12,31
cp_tutorial_3d_monolayer,4,16,1791502008.2985923,4006784,worker_3,W016,RemoveHoles,pattern_group,running,100.0,1,1
cp_tutorial_3d_monolayer,4,16,1791502008.2991176,4006784,worker_3,W016,RemoveHoles,step_completed,success,41.935483870967744,13,31
cp_tutorial_3d_monolayer,4,16,1791502008.2997868,4006784,worker_3,W016,ImageMath,step_started,started,41.935483870967744,13,31
cp_tutorial_3d_monolayer,4,16,1791502008.3074992,4006783,worker_2,W015,Threshold,pattern_group,running,100.0,1,1
cp_tutorial_3d_monolayer,4,16,1791502008.3079944,4006783,worker_2,W015,Threshold,step_completed,success,35.483870967741936,11,31
cp_tutorial_3d_monolayer,4,16,1791502008.308462,4006783,worker_2,W015,ImageMath,step_started,started,35.483870967741936,11,31
cp_tutorial_3d_monolayer,4,16,1791502008.3415012,4006783,worker_2,W015,ImageMath,pattern_group,running,100.0,1,1
cp_tutorial_3d_monolayer,4,16,1791502008.3419285,4006783,worker_2,W015,ImageMath,step_completed,success,38.70967741935484,12,31
cp_tutorial_3d_monolayer,4,16,1791502008.3425503,4006783,worker_2,W015,RemoveHoles,step_started,started,38.70967741935484,12,31
cp_tutorial_3d_monolayer,4,16,1791502008.3950365,4006783,worker_2,W015,RemoveHoles,pattern_group,running,100.0,1,1
cp_tutorial_3d_monolayer,4,16,1791502008.395494,4006783,worker_2,W015,RemoveHoles,step_completed,success,41.935483870967744,13,31
cp_tutorial_3d_monolayer,4,16,1791502008.3960705,4006783,worker_2,W015,ImageMath,step_started,started,41.935483870967744,13,31
cp_tutorial_3d_monolayer,4,16,1791502008.4664261,4006782,worker_1,W014,ImageMath,pattern_group,running,100.0,1,1
cp_tutorial_3d_monolayer,4,16,1791502008.4668283,4006782,worker_1,W014,ImageMath,step_completed,success,45.16129032258064,14,31
cp_tutorial_3d_monolayer,4,16,1791502008.467297,4006782,worker_1,W014,Resize,step_started,started,45.16129032258064,14,31
cp_tutorial_3d_monolayer,4,16,1791502008.5315075,4006782,worker_1,W014,Resize,pattern_group,running,100.0,1,1
cp_tutorial_3d_monolayer,4,16,1791502008.531904,4006782,worker_1,W014,Resize,step_completed,success,48.38709677419355,15,31
cp_tutorial_3d_monolayer,4,16,1791502008.5384011,4006781,worker_0,W013,ImageMath,pattern_group,running,100.0,1,1
cp_tutorial_3d_monolayer,4,16,1791502008.538981,4006782,worker_1,W014,Closing,step_started,started,48.38709677419355,15,31
cp_tutorial_3d_monolayer,4,16,1791502008.5387368,4006781,worker_0,W013,ImageMath,step_completed,success,45.16129032258064,14,31
cp_tutorial_3d_monolayer,4,16,1791502008.5391197,4006781,worker_0,W013,Resize,step_started,started,45.16129032258064,14,31
cp_tutorial_3d_monolayer,4,16,1791502008.6018093,4006784,worker_3,W016,ImageMath,pattern_group,running,100.0,1,1
cp_tutorial_3d_monolayer,4,16,1791502008.6022522,4006784,worker_3,W016,ImageMath,step_completed,success,45.16129032258064,14,31
cp_tutorial_3d_monolayer,4,16,1791502008.6027558,4006784,worker_3,W016,Resize,step_started,started,45.16129032258064,14,31
cp_tutorial_3d_monolayer,4,16,1791502008.6051774,4006781,worker_0,W013,Resize,pattern_group,running,100.0,1,1
cp_tutorial_3d_monolayer,4,16,1791502008.6057599,4006781,worker_0,W013,Resize,step_completed,success,48.38709677419355,15,31
cp_tutorial_3d_monolayer,4,16,1791502008.6133852,4006781,worker_0,W013,Closing,step_started,started,48.38709677419355,15,31
cp_tutorial_3d_monolayer,4,16,1791502008.6341348,4006782,worker_1,W014,Closing,pattern_group,running,100.0,1,1
cp_tutorial_3d_monolayer,4,16,1791502008.6346023,4006782,worker_1,W014,Closing,step_completed,success,51.61290322580645,16,31
cp_tutorial_3d_monolayer,4,16,1791502008.6352978,4006782,worker_1,W014,Resize,step_started,started,51.61290322580645,16,31
cp_tutorial_3d_monolayer,4,16,1791502008.6676605,4006784,worker_3,W016,Resize,pattern_group,running,100.0,1,1
cp_tutorial_3d_monolayer,4,16,1791502008.6680717,4006784,worker_3,W016,Resize,step_completed,success,48.38709677419355,15,31
cp_tutorial_3d_monolayer,4,16,1791502008.6692324,4006784,worker_3,W016,Closing,step_started,started,48.38709677419355,15,31
cp_tutorial_3d_monolayer,4,16,1791502008.687132,4006782,worker_1,W014,Resize,pattern_group,running,100.0,1,1
cp_tutorial_3d_monolayer,4,16,1791502008.6875203,4006782,worker_1,W014,Resize,step_completed,success,54.83870967741935,17,31
cp_tutorial_3d_monolayer,4,16,1791502008.688122,4006782,worker_1,W014,Threshold,step_started,started,54.83870967741935,17,31
cp_tutorial_3d_monolayer,4,16,1791502008.6891735,4006783,worker_2,W015,ImageMath,pattern_group,running,100.0,1,1
cp_tutorial_3d_monolayer,4,16,1791502008.689532,4006783,worker_2,W015,ImageMath,step_completed,success,45.16129032258064,14,31
cp_tutorial_3d_monolayer,4,16,1791502008.690018,4006783,worker_2,W015,Resize,step_started,started,45.16129032258064,14,31
cp_tutorial_3d_monolayer,4,16,1791502008.6984322,4006781,worker_0,W013,Closing,pattern_group,running,100.0,1,1
cp_tutorial_3d_monolayer,4,16,1791502008.6990411,4006781,worker_0,W013,Closing,step_completed,success,51.61290322580645,16,31
cp_tutorial_3d_monolayer,4,16,1791502008.6998723,4006781,worker_0,W013,Resize,step_started,started,51.61290322580645,16,31
cp_tutorial_3d_monolayer,4,16,1791502008.7515037,4006781,worker_0,W013,Resize,pattern_group,running,100.0,1,1
cp_tutorial_3d_monolayer,4,16,1791502008.7520082,4006781,worker_0,W013,Resize,step_completed,success,54.83870967741935,17,31
cp_tutorial_3d_monolayer,4,16,1791502008.7528439,4006781,worker_0,W013,Threshold,step_started,started,54.83870967741935,17,31
cp_tutorial_3d_monolayer,4,16,1791502008.7543697,4006783,worker_2,W015,Resize,pattern_group,running,100.0,1,1
cp_tutorial_3d_monolayer,4,16,1791502008.754771,4006783,worker_2,W015,Resize,step_completed,success,48.38709677419355,15,31
cp_tutorial_3d_monolayer,4,16,1791502008.7554936,4006783,worker_2,W015,Closing,step_started,started,48.38709677419355,15,31
cp_tutorial_3d_monolayer,4,16,1791502008.7561946,4006784,worker_3,W016,Closing,pattern_group,running,100.0,1,1
cp_tutorial_3d_monolayer,4,16,1791502008.7565973,4006784,worker_3,W016,Closing,step_completed,success,51.61290322580645,16,31
cp_tutorial_3d_monolayer,4,16,1791502008.7572913,4006784,worker_3,W016,Resize,step_started,started,51.61290322580645,16,31
cp_tutorial_3d_monolayer,4,16,1791502008.8102577,4006784,worker_3,W016,Resize,pattern_group,running,100.0,1,1
cp_tutorial_3d_monolayer,4,16,1791502008.8107417,4006784,worker_3,W016,Resize,step_completed,success,54.83870967741935,17,31
cp_tutorial_3d_monolayer,4,16,1791502008.811593,4006784,worker_3,W016,Threshold,step_started,started,54.83870967741935,17,31
cp_tutorial_3d_monolayer,4,16,1791502008.8537169,4006782,worker_1,W014,Threshold,pattern_group,running,100.0,1,1
cp_tutorial_3d_monolayer,4,16,1791502008.8544347,4006782,worker_1,W014,Threshold,step_completed,success,58.06451612903226,18,31
cp_tutorial_3d_monolayer,4,16,1791502008.8554475,4006782,worker_1,W014,MaskImage,step_started,started,58.06451612903226,18,31
cp_tutorial_3d_monolayer,4,16,1791502008.8599644,4006783,worker_2,W015,Closing,pattern_group,running,100.0,1,1
cp_tutorial_3d_monolayer,4,16,1791502008.8605077,4006783,worker_2,W015,Closing,step_completed,success,51.61290322580645,16,31
cp_tutorial_3d_monolayer,4,16,1791502008.8611953,4006783,worker_2,W015,Resize,step_started,started,51.61290322580645,16,31
cp_tutorial_3d_monolayer,4,16,1791502008.9104593,4006782,worker_1,W014,MaskImage,pattern_group,running,100.0,1,1
cp_tutorial_3d_monolayer,4,16,1791502008.9107692,4006782,worker_1,W014,MaskImage,step_completed,success,61.29032258064516,19,31
cp_tutorial_3d_monolayer,4,16,1791502008.9115434,4006782,worker_1,W014,ErodeImage,step_started,started,61.29032258064516,19,31
cp_tutorial_3d_monolayer,4,16,1791502008.912079,4006783,worker_2,W015,Resize,pattern_group,running,100.0,1,1
cp_tutorial_3d_monolayer,4,16,1791502008.9124613,4006783,worker_2,W015,Resize,step_completed,success,54.83870967741935,17,31
cp_tutorial_3d_monolayer,4,16,1791502008.9136868,4006783,worker_2,W015,Threshold,step_started,started,54.83870967741935,17,31
cp_tutorial_3d_monolayer,4,16,1791502008.9403365,4006781,worker_0,W013,Threshold,pattern_group,running,100.0,1,1
cp_tutorial_3d_monolayer,4,16,1791502008.9412837,4006781,worker_0,W013,Threshold,step_completed,success,58.06451612903226,18,31
cp_tutorial_3d_monolayer,4,16,1791502008.9426632,4006781,worker_0,W013,MaskImage,step_started,started,58.06451612903226,18,31
cp_tutorial_3d_monolayer,4,16,1791502008.9453547,4006782,worker_1,W014,ErodeImage,pattern_group,running,100.0,1,1
cp_tutorial_3d_monolayer,4,16,1791502008.9458697,4006782,worker_1,W014,ErodeImage,step_completed,success,64.51612903225806,20,31
cp_tutorial_3d_monolayer,4,16,1791502008.9467924,4006782,worker_1,W014,Watershed,step_started,started,64.51612903225806,20,31
cp_tutorial_3d_monolayer,4,16,1791502008.9619193,4006784,worker_3,W016,Threshold,pattern_group,running,100.0,1,1
cp_tutorial_3d_monolayer,4,16,1791502008.9628427,4006784,worker_3,W016,Threshold,step_completed,success,58.06451612903226,18,31
cp_tutorial_3d_monolayer,4,16,1791502008.9637241,4006784,worker_3,W016,MaskImage,step_started,started,58.06451612903226,18,31
cp_tutorial_3d_monolayer,4,16,1791502008.9970624,4006781,worker_0,W013,MaskImage,pattern_group,running,100.0,1,1
cp_tutorial_3d_monolayer,4,16,1791502008.9975114,4006781,worker_0,W013,MaskImage,step_completed,success,61.29032258064516,19,31
cp_tutorial_3d_monolayer,4,16,1791502008.9982896,4006781,worker_0,W013,ErodeImage,step_started,started,61.29032258064516,19,31
cp_tutorial_3d_monolayer,4,16,1791502009.0145533,4006784,worker_3,W016,MaskImage,pattern_group,running,100.0,1,1
cp_tutorial_3d_monolayer,4,16,1791502009.0149827,4006784,worker_3,W016,MaskImage,step_completed,success,61.29032258064516,19,31
cp_tutorial_3d_monolayer,4,16,1791502009.0157197,4006784,worker_3,W016,ErodeImage,step_started,started,61.29032258064516,19,31
cp_tutorial_3d_monolayer,4,16,1791502009.0304966,4006781,worker_0,W013,ErodeImage,pattern_group,running,100.0,1,1
cp_tutorial_3d_monolayer,4,16,1791502009.0308704,4006781,worker_0,W013,ErodeImage,step_completed,success,64.51612903225806,20,31
cp_tutorial_3d_monolayer,4,16,1791502009.0363028,4006781,worker_0,W013,Watershed,step_started,started,64.51612903225806,20,31
cp_tutorial_3d_monolayer,4,16,1791502009.0491457,4006784,worker_3,W016,ErodeImage,pattern_group,running,100.0,1,1
cp_tutorial_3d_monolayer,4,16,1791502009.0495625,4006784,worker_3,W016,ErodeImage,step_completed,success,64.51612903225806,20,31
cp_tutorial_3d_monolayer,4,16,1791502009.0501835,4006784,worker_3,W016,Watershed,step_started,started,64.51612903225806,20,31
cp_tutorial_3d_monolayer,4,16,1791502009.0549383,4006782,worker_1,W014,Watershed,pattern_group,running,100.0,1,1
cp_tutorial_3d_monolayer,4,16,1791502009.055715,4006782,worker_1,W014,Watershed,step_completed,success,67.74193548387096,21,31
cp_tutorial_3d_monolayer,4,16,1791502009.0565064,4006782,worker_1,W014,MeasureObjectIntensity,step_started,started,67.74193548387096,21,31
cp_tutorial_3d_monolayer,4,16,1791502009.0623775,4006783,worker_2,W015,Threshold,pattern_group,running,100.0,1,1
cp_tutorial_3d_monolayer,4,16,1791502009.0634782,4006783,worker_2,W015,Threshold,step_completed,success,58.06451612903226,18,31
cp_tutorial_3d_monolayer,4,16,1791502009.0648074,4006783,worker_2,W015,MaskImage,step_started,started,58.06451612903226,18,31
cp_tutorial_3d_monolayer,4,16,1791502009.118573,4006783,worker_2,W015,MaskImage,pattern_group,running,100.0,1,1
cp_tutorial_3d_monolayer,4,16,1791502009.1190348,4006783,worker_2,W015,MaskImage,step_completed,success,61.29032258064516,19,31
cp_tutorial_3d_monolayer,4,16,1791502009.1200538,4006783,worker_2,W015,ErodeImage,step_started,started,61.29032258064516,19,31
cp_tutorial_3d_monolayer,4,16,1791502009.1526694,4006783,worker_2,W015,ErodeImage,pattern_group,running,100.0,1,1
cp_tutorial_3d_monolayer,4,16,1791502009.1531155,4006783,worker_2,W015,ErodeImage,step_completed,success,64.51612903225806,20,31
cp_tutorial_3d_monolayer,4,16,1791502009.1538332,4006783,worker_2,W015,Watershed,step_started,started,64.51612903225806,20,31
cp_tutorial_3d_monolayer,4,16,1791502009.1594334,4006784,worker_3,W016,Watershed,pattern_group,running,100.0,1,1
cp_tutorial_3d_monolayer,4,16,1791502009.1606643,4006784,worker_3,W016,Watershed,step_completed,success,67.74193548387096,21,31
cp_tutorial_3d_monolayer,4,16,1791502009.1616757,4006784,worker_3,W016,MeasureObjectIntensity,step_started,started,67.74193548387096,21,31
cp_tutorial_3d_monolayer,4,16,1791502009.180665,4006781,worker_0,W013,Watershed,pattern_group,running,100.0,1,1
cp_tutorial_3d_monolayer,4,16,1791502009.181719,4006781,worker_0,W013,Watershed,step_completed,success,67.74193548387096,21,31
cp_tutorial_3d_monolayer,4,16,1791502009.183595,4006781,worker_0,W013,MeasureObjectIntensity,step_started,started,67.74193548387096,21,31
cp_tutorial_3d_monolayer,4,16,1791502009.2607696,4006783,worker_2,W015,Watershed,pattern_group,running,100.0,1,1
cp_tutorial_3d_monolayer,4,16,1791502009.2614548,4006783,worker_2,W015,Watershed,step_completed,success,67.74193548387096,21,31
cp_tutorial_3d_monolayer,4,16,1791502009.2622168,4006783,worker_2,W015,MeasureObjectIntensity,step_started,started,67.74193548387096,21,31
cp_tutorial_3d_monolayer,4,16,1791502009.3186793,4006782,worker_1,W014,MeasureObjectIntensity,pattern_group,running,50.0,1,2
cp_tutorial_3d_monolayer,4,16,1791502009.4303367,4006784,worker_3,W016,MeasureObjectIntensity,pattern_group,running,50.0,1,2
cp_tutorial_3d_monolayer,4,16,1791502009.4482126,4006781,worker_0,W013,MeasureObjectIntensity,pattern_group,running,50.0,1,2
cp_tutorial_3d_monolayer,4,16,1791502009.5214026,4006783,worker_2,W015,MeasureObjectIntensity,pattern_group,running,50.0,1,2
cp_tutorial_3d_monolayer,4,16,1791502009.6124158,4006782,worker_1,W014,MeasureObjectIntensity,pattern_group,running,100.0,2,2
cp_tutorial_3d_monolayer,4,16,1791502009.6150603,4006782,worker_1,W014,MeasureObjectIntensity,step_completed,success,70.96774193548387,22,31
cp_tutorial_3d_monolayer,4,16,1791502009.6159344,4006782,worker_1,W014,MeasureObjectSizeShape,step_started,started,70.96774193548387,22,31
cp_tutorial_3d_monolayer,4,16,1791502009.7182963,4006782,worker_1,W014,MeasureObjectSizeShape,pattern_group,running,50.0,1,2
cp_tutorial_3d_monolayer,4,16,1791502009.7313244,4006784,worker_3,W016,MeasureObjectIntensity,pattern_group,running,100.0,2,2
cp_tutorial_3d_monolayer,4,16,1791502009.734715,4006784,worker_3,W016,MeasureObjectIntensity,step_completed,success,70.96774193548387,22,31
cp_tutorial_3d_monolayer,4,16,1791502009.735734,4006784,worker_3,W016,MeasureObjectSizeShape,step_started,started,70.96774193548387,22,31
cp_tutorial_3d_monolayer,4,16,1791502009.7569776,4006781,worker_0,W013,MeasureObjectIntensity,pattern_group,running,100.0,2,2
cp_tutorial_3d_monolayer,4,16,1791502009.7596529,4006781,worker_0,W013,MeasureObjectIntensity,step_completed,success,70.96774193548387,22,31
cp_tutorial_3d_monolayer,4,16,1791502009.7606297,4006781,worker_0,W013,MeasureObjectSizeShape,step_started,started,70.96774193548387,22,31
cp_tutorial_3d_monolayer,4,16,1791502009.81302,4006783,worker_2,W015,MeasureObjectIntensity,pattern_group,running,100.0,2,2
cp_tutorial_3d_monolayer,4,16,1791502009.8156526,4006783,worker_2,W015,MeasureObjectIntensity,step_completed,success,70.96774193548387,22,31
cp_tutorial_3d_monolayer,4,16,1791502009.8164575,4006783,worker_2,W015,MeasureObjectSizeShape,step_started,started,70.96774193548387,22,31
cp_tutorial_3d_monolayer,4,16,1791502009.8403144,4006782,worker_1,W014,MeasureObjectSizeShape,pattern_group,running,100.0,2,2
cp_tutorial_3d_monolayer,4,16,1791502009.8413692,4006782,worker_1,W014,MeasureObjectSizeShape,step_completed,success,74.19354838709677,23,31
cp_tutorial_3d_monolayer,4,16,1791502009.8419142,4006782,worker_1,W014,OverlayObjects,step_started,started,74.19354838709677,23,31
cp_tutorial_3d_monolayer,4,16,1791502009.8451009,4006784,worker_3,W016,MeasureObjectSizeShape,pattern_group,running,50.0,1,2
cp_tutorial_3d_monolayer,4,16,1791502009.8595762,4006781,worker_0,W013,MeasureObjectSizeShape,pattern_group,running,50.0,1,2
cp_tutorial_3d_monolayer,4,16,1791502009.8687074,4006782,worker_1,W014,OverlayObjects,pattern_group,running,100.0,1,1
cp_tutorial_3d_monolayer,4,16,1791502009.8692768,4006782,worker_1,W014,OverlayObjects,step_completed,success,77.41935483870968,24,31
cp_tutorial_3d_monolayer,4,16,1791502009.8702128,4006782,worker_1,W014,RescaleIntensity,step_started,started,77.41935483870968,24,31
cp_tutorial_3d_monolayer,4,16,1791502009.9097638,4006783,worker_2,W015,MeasureObjectSizeShape,pattern_group,running,50.0,1,2
cp_tutorial_3d_monolayer,4,16,1791502009.9465752,4006784,worker_3,W016,MeasureObjectSizeShape,pattern_group,running,100.0,2,2
cp_tutorial_3d_monolayer,4,16,1791502009.9475613,4006784,worker_3,W016,MeasureObjectSizeShape,step_completed,success,74.19354838709677,23,31
cp_tutorial_3d_monolayer,4,16,1791502009.9482107,4006784,worker_3,W016,OverlayObjects,step_started,started,74.19354838709677,23,31
cp_tutorial_3d_monolayer,4,16,1791502009.9626532,4006781,worker_0,W013,MeasureObjectSizeShape,pattern_group,running,100.0,2,2
cp_tutorial_3d_monolayer,4,16,1791502009.9639919,4006781,worker_0,W013,MeasureObjectSizeShape,step_completed,success,74.19354838709677,23,31
cp_tutorial_3d_monolayer,4,16,1791502009.9653559,4006781,worker_0,W013,OverlayObjects,step_started,started,74.19354838709677,23,31
cp_tutorial_3d_monolayer,4,16,1791502009.9696348,4006784,worker_3,W016,OverlayObjects,pattern_group,running,100.0,1,1
cp_tutorial_3d_monolayer,4,16,1791502009.9702494,4006784,worker_3,W016,OverlayObjects,step_completed,success,77.41935483870968,24,31
cp_tutorial_3d_monolayer,4,16,1791502009.971038,4006784,worker_3,W016,RescaleIntensity,step_started,started,77.41935483870968,24,31
cp_tutorial_3d_monolayer,4,16,1791502009.9888477,4006782,worker_1,W014,RescaleIntensity,pattern_group,running,100.0,1,1
cp_tutorial_3d_monolayer,4,16,1791502009.9892154,4006782,worker_1,W014,RescaleIntensity,step_completed,success,80.64516129032258,25,31
cp_tutorial_3d_monolayer,4,16,1791502009.9896727,4006782,worker_1,W014,OverlayObjects,step_started,started,80.64516129032258,25,31
cp_tutorial_3d_monolayer,4,16,1791502009.9910736,4006781,worker_0,W013,OverlayObjects,pattern_group,running,100.0,1,1
cp_tutorial_3d_monolayer,4,16,1791502009.991365,4006781,worker_0,W013,OverlayObjects,step_completed,success,77.41935483870968,24,31
cp_tutorial_3d_monolayer,4,16,1791502009.9919739,4006781,worker_0,W013,RescaleIntensity,step_started,started,77.41935483870968,24,31
cp_tutorial_3d_monolayer,4,16,1791502010.0086014,4006782,worker_1,W014,OverlayObjects,pattern_group,running,100.0,1,1
cp_tutorial_3d_monolayer,4,16,1791502010.0089388,4006782,worker_1,W014,OverlayObjects,step_completed,success,83.87096774193549,26,31
cp_tutorial_3d_monolayer,4,16,1791502010.0091555,4006783,worker_2,W015,MeasureObjectSizeShape,pattern_group,running,100.0,2,2
cp_tutorial_3d_monolayer,4,16,1791502010.0096753,4006782,worker_1,W014,ConvertObjectsToImage,step_started,started,83.87096774193549,26,31
cp_tutorial_3d_monolayer,4,16,1791502010.0099115,4006783,worker_2,W015,MeasureObjectSizeShape,step_completed,success,74.19354838709677,23,31
cp_tutorial_3d_monolayer,4,16,1791502010.0104818,4006783,worker_2,W015,OverlayObjects,step_started,started,74.19354838709677,23,31
cp_tutorial_3d_monolayer,4,16,1791502010.0348155,4006783,worker_2,W015,OverlayObjects,pattern_group,running,100.0,1,1
cp_tutorial_3d_monolayer,4,16,1791502010.0351455,4006783,worker_2,W015,OverlayObjects,step_completed,success,77.41935483870968,24,31
cp_tutorial_3d_monolayer,4,16,1791502010.0358384,4006783,worker_2,W015,RescaleIntensity,step_started,started,77.41935483870968,24,31
cp_tutorial_3d_monolayer,4,16,1791502010.0506372,4006782,worker_1,W014,ConvertObjectsToImage,pattern_group,running,100.0,1,1
cp_tutorial_3d_monolayer,4,16,1791502010.0510437,4006782,worker_1,W014,ConvertObjectsToImage,step_completed,success,87.09677419354838,27,31
cp_tutorial_3d_monolayer,4,16,1791502010.0517666,4006782,worker_1,W014,SaveImages,step_started,started,87.09677419354838,27,31
cp_tutorial_3d_monolayer,4,16,1791502010.085881,4006784,worker_3,W016,RescaleIntensity,pattern_group,running,100.0,1,1
cp_tutorial_3d_monolayer,4,16,1791502010.0864701,4006784,worker_3,W016,RescaleIntensity,step_completed,success,80.64516129032258,25,31
cp_tutorial_3d_monolayer,4,16,1791502010.0872374,4006784,worker_3,W016,OverlayObjects,step_started,started,80.64516129032258,25,31
cp_tutorial_3d_monolayer,4,16,1791502010.1024904,4006781,worker_0,W013,RescaleIntensity,pattern_group,running,100.0,1,1
cp_tutorial_3d_monolayer,4,16,1791502010.1029637,4006781,worker_0,W013,RescaleIntensity,step_completed,success,80.64516129032258,25,31
cp_tutorial_3d_monolayer,4,16,1791502010.1034834,4006781,worker_0,W013,OverlayObjects,step_started,started,80.64516129032258,25,31
cp_tutorial_3d_monolayer,4,16,1791502010.1040514,4006782,worker_1,W014,SaveImages,pattern_group,running,100.0,1,1
cp_tutorial_3d_monolayer,4,16,1791502010.1096556,4006784,worker_3,W016,OverlayObjects,pattern_group,running,100.0,1,1
cp_tutorial_3d_monolayer,4,16,1791502010.1102223,4006784,worker_3,W016,OverlayObjects,step_completed,success,83.87096774193549,26,31
cp_tutorial_3d_monolayer,4,16,1791502010.1111865,4006784,worker_3,W016,ConvertObjectsToImage,step_started,started,83.87096774193549,26,31
cp_tutorial_3d_monolayer,4,16,1791502010.114559,4006782,worker_1,W014,SaveImages,step_completed,success,90.32258064516128,28,31
cp_tutorial_3d_monolayer,4,16,1791502010.1154616,4006782,worker_1,W014,ConvertObjectsToImage,step_started,started,90.32258064516128,28,31
cp_tutorial_3d_monolayer,4,16,1791502010.1263487,4006781,worker_0,W013,OverlayObjects,pattern_group,running,100.0,1,1
cp_tutorial_3d_monolayer,4,16,1791502010.1269479,4006781,worker_0,W013,OverlayObjects,step_completed,success,83.87096774193549,26,31
cp_tutorial_3d_monolayer,4,16,1791502010.1278954,4006781,worker_0,W013,ConvertObjectsToImage,step_started,started,83.87096774193549,26,31
cp_tutorial_3d_monolayer,4,16,1791502010.1575322,4006783,worker_2,W015,RescaleIntensity,pattern_group,running,100.0,1,1
cp_tutorial_3d_monolayer,4,16,1791502010.157804,4006783,worker_2,W015,RescaleIntensity,step_completed,success,80.64516129032258,25,31
cp_tutorial_3d_monolayer,4,16,1791502010.1581888,4006783,worker_2,W015,OverlayObjects,step_started,started,80.64516129032258,25,31
cp_tutorial_3d_monolayer,4,16,1791502010.1583412,4006784,worker_3,W016,ConvertObjectsToImage,pattern_group,running,100.0,1,1
cp_tutorial_3d_monolayer,4,16,1791502010.1586065,4006784,worker_3,W016,ConvertObjectsToImage,step_completed,success,87.09677419354838,27,31
cp_tutorial_3d_monolayer,4,16,1791502010.1593788,4006784,worker_3,W016,SaveImages,step_started,started,87.09677419354838,27,31
cp_tutorial_3d_monolayer,4,16,1791502010.1633465,4006782,worker_1,W014,ConvertObjectsToImage,pattern_group,running,100.0,1,1
cp_tutorial_3d_monolayer,4,16,1791502010.1644895,4006782,worker_1,W014,ConvertObjectsToImage,step_completed,success,93.54838709677419,29,31
cp_tutorial_3d_monolayer,4,16,1791502010.1743898,4006782,worker_1,W014,SaveImages,step_started,started,93.54838709677419,29,31
cp_tutorial_3d_monolayer,4,16,1791502010.1753118,4006781,worker_0,W013,ConvertObjectsToImage,pattern_group,running,100.0,1,1
cp_tutorial_3d_monolayer,4,16,1791502010.175585,4006781,worker_0,W013,ConvertObjectsToImage,step_completed,success,87.09677419354838,27,31
cp_tutorial_3d_monolayer,4,16,1791502010.176309,4006781,worker_0,W013,SaveImages,step_started,started,87.09677419354838,27,31
cp_tutorial_3d_monolayer,4,16,1791502010.1799226,4006783,worker_2,W015,OverlayObjects,pattern_group,running,100.0,1,1
cp_tutorial_3d_monolayer,4,16,1791502010.1802473,4006783,worker_2,W015,OverlayObjects,step_completed,success,83.87096774193549,26,31
cp_tutorial_3d_monolayer,4,16,1791502010.1813858,4006783,worker_2,W015,ConvertObjectsToImage,step_started,started,83.87096774193549,26,31
cp_tutorial_3d_monolayer,4,16,1791502010.2131877,4006784,worker_3,W016,SaveImages,pattern_group,running,100.0,1,1
cp_tutorial_3d_monolayer,4,16,1791502010.21663,4006783,worker_2,W015,ConvertObjectsToImage,pattern_group,running,100.0,1,1
cp_tutorial_3d_monolayer,4,16,1791502010.2169776,4006783,worker_2,W015,ConvertObjectsToImage,step_completed,success,87.09677419354838,27,31
cp_tutorial_3d_monolayer,4,16,1791502010.217687,4006783,worker_2,W015,SaveImages,step_started,started,87.09677419354838,27,31
cp_tutorial_3d_monolayer,4,16,1791502010.2206926,4006784,worker_3,W016,SaveImages,step_completed,success,90.32258064516128,28,31
cp_tutorial_3d_monolayer,4,16,1791502010.2216744,4006784,worker_3,W016,ConvertObjectsToImage,step_started,started,90.32258064516128,28,31
cp_tutorial_3d_monolayer,4,16,1791502010.2302291,4006781,worker_0,W013,SaveImages,pattern_group,running,100.0,1,1
cp_tutorial_3d_monolayer,4,16,1791502010.2323916,4006782,worker_1,W014,SaveImages,pattern_group,running,100.0,1,1
cp_tutorial_3d_monolayer,4,16,1791502010.2386267,4006781,worker_0,W013,SaveImages,step_completed,success,90.32258064516128,28,31
cp_tutorial_3d_monolayer,4,16,1791502010.2395637,4006781,worker_0,W013,ConvertObjectsToImage,step_started,started,90.32258064516128,28,31
cp_tutorial_3d_monolayer,4,16,1791502010.2419534,4006782,worker_1,W014,SaveImages,step_completed,success,96.7741935483871,30,31
cp_tutorial_3d_monolayer,4,16,1791502010.2433789,4006782,worker_1,W014,pipeline,axis_completed,success,96.7741935483871,30,31
cp_tutorial_3d_monolayer,4,16,1791502010.2574794,4006784,worker_3,W016,ConvertObjectsToImage,pattern_group,running,100.0,1,1
cp_tutorial_3d_monolayer,4,16,1791502010.2579267,4006784,worker_3,W016,ConvertObjectsToImage,step_completed,success,93.54838709677419,29,31
cp_tutorial_3d_monolayer,4,16,1791502010.2649224,4006784,worker_3,W016,SaveImages,step_started,started,93.54838709677419,29,31
cp_tutorial_3d_monolayer,4,16,1791502010.270475,4006783,worker_2,W015,SaveImages,pattern_group,running,100.0,1,1
cp_tutorial_3d_monolayer,4,16,1791502010.2764034,4006781,worker_0,W013,ConvertObjectsToImage,pattern_group,running,100.0,1,1
cp_tutorial_3d_monolayer,4,16,1791502010.2768574,4006781,worker_0,W013,ConvertObjectsToImage,step_completed,success,93.54838709677419,29,31
cp_tutorial_3d_monolayer,4,16,1791502010.2787082,4006783,worker_2,W015,SaveImages,step_completed,success,90.32258064516128,28,31
cp_tutorial_3d_monolayer,4,16,1791502010.279844,4006783,worker_2,W015,ConvertObjectsToImage,step_started,started,90.32258064516128,28,31
cp_tutorial_3d_monolayer,4,16,1791502010.2869036,4006781,worker_0,W013,SaveImages,step_started,started,93.54838709677419,29,31
cp_tutorial_3d_monolayer,4,16,1791502010.318298,4006784,worker_3,W016,SaveImages,pattern_group,running,100.0,1,1
cp_tutorial_3d_monolayer,4,16,1791502010.323306,4006783,worker_2,W015,ConvertObjectsToImage,pattern_group,running,100.0,1,1
cp_tutorial_3d_monolayer,4,16,1791502010.3239577,4006783,worker_2,W015,ConvertObjectsToImage,step_completed,success,93.54838709677419,29,31
cp_tutorial_3d_monolayer,4,16,1791502010.3265371,4006784,worker_3,W016,SaveImages,step_completed,success,96.7741935483871,30,31
cp_tutorial_3d_monolayer,4,16,1791502010.327778,4006784,worker_3,W016,pipeline,axis_completed,success,96.7741935483871,30,31
cp_tutorial_3d_monolayer,4,16,1791502010.3314366,4006783,worker_2,W015,SaveImages,step_started,started,93.54838709677419,29,31
cp_tutorial_3d_monolayer,4,16,1791502010.3430438,4006781,worker_0,W013,SaveImages,pattern_group,running,100.0,1,1
cp_tutorial_3d_monolayer,4,16,1791502010.3518841,4006781,worker_0,W013,SaveImages,step_completed,success,96.7741935483871,30,31
cp_tutorial_3d_monolayer,4,16,1791502010.353125,4006781,worker_0,W013,pipeline,axis_completed,success,96.7741935483871,30,31
cp_tutorial_3d_monolayer,4,16,1791502010.3911564,4006783,worker_2,W015,SaveImages,pattern_group,running,100.0,1,1
cp_tutorial_3d_monolayer,4,16,1791502010.3988276,4006783,worker_2,W015,SaveImages,step_completed,success,96.7741935483871,30,31
cp_tutorial_3d_monolayer,4,16,1791502010.3999465,4006783,worker_2,W015,pipeline,axis_completed,success,96.7741935483871,30,31
cp_tutorial_3d_monolayer,4,16,1791502010.691891,4005901,,,ExportToSpreadsheet,step_started,started,96.7741935483871,30,31
cp_tutorial_3d_monolayer,4,16,1791502010.9429128,4005901,,,ExportToSpreadsheet,step_completed,success,100.0,31,31
cp_tutorial_3d_monolayer,4,16,1791502011.708026,4005901,,,pipeline,success,success,100.0,31,31
