case_name,worker_count,well_count,timestamp,pid,worker_slot,axis_id,step_name,phase,status,percent,completed,total
cp_tutorial_advanced_segmentation_final,4,12,1791469958.0924158,1955910,,,pipeline,compile,started,0.0,0,16
cp_tutorial_advanced_segmentation_final,4,12,1791469958.184368,1955910,,,,init,started,0.0,0,1
cp_tutorial_advanced_segmentation_final,4,12,1791469958.5353198,1955910,,W001,compilation,compile,running,8.333333333333332,1,12
cp_tutorial_advanced_segmentation_final,4,12,1791469958.5965881,1955910,,W002,compilation,compile,running,16.666666666666664,2,12
cp_tutorial_advanced_segmentation_final,4,12,1791469958.657188,1955910,,W003,compilation,compile,running,25.0,3,12
cp_tutorial_advanced_segmentation_final,4,12,1791469958.718397,1955910,,W004,compilation,compile,running,33.33333333333333,4,12
cp_tutorial_advanced_segmentation_final,4,12,1791469958.7795727,1955910,,W005,compilation,compile,running,41.66666666666667,5,12
cp_tutorial_advanced_segmentation_final,4,12,1791469958.8401675,1955910,,W006,compilation,compile,running,50.0,6,12
cp_tutorial_advanced_segmentation_final,4,12,1791469958.9013793,1955910,,W007,compilation,compile,running,58.333333333333336,7,12
cp_tutorial_advanced_segmentation_final,4,12,1791469958.9637556,1955910,,W008,compilation,compile,running,66.66666666666666,8,12
cp_tutorial_advanced_segmentation_final,4,12,1791469959.0255454,1955910,,W009,compilation,compile,running,75.0,9,12
cp_tutorial_advanced_segmentation_final,4,12,1791469959.0867362,1955910,,W010,compilation,compile,running,83.33333333333334,10,12
cp_tutorial_advanced_segmentation_final,4,12,1791469959.147862,1955910,,W011,compilation,compile,running,91.66666666666666,11,12
cp_tutorial_advanced_segmentation_final,4,12,1791469959.2595987,1955910,,W012,compilation,compile,running,100.0,12,12
cp_tutorial_advanced_segmentation_final,4,12,1791469959.2673697,1955910,,,,init,started,0.0,0,1
cp_tutorial_advanced_segmentation_final,4,12,1791469959.2674682,1955910,,,pipeline,compile,success,100.0,1,16
cp_tutorial_advanced_segmentation_final,4,12,1791469959.267536,1955910,,W001,compilation,compile,success,100.0,1,1
cp_tutorial_advanced_segmentation_final,4,12,1791469959.2675724,1955910,,W002,compilation,compile,success,100.0,1,1
cp_tutorial_advanced_segmentation_final,4,12,1791469959.2676055,1955910,,W003,compilation,compile,success,100.0,1,1
cp_tutorial_advanced_segmentation_final,4,12,1791469959.267637,1955910,,W004,compilation,compile,success,100.0,1,1
cp_tutorial_advanced_segmentation_final,4,12,1791469959.267667,1955910,,W005,compilation,compile,success,100.0,1,1
cp_tutorial_advanced_segmentation_final,4,12,1791469959.2676973,1955910,,W006,compilation,compile,success,100.0,1,1
cp_tutorial_advanced_segmentation_final,4,12,1791469959.2677276,1955910,,W007,compilation,compile,success,100.0,1,1
cp_tutorial_advanced_segmentation_final,4,12,1791469959.2677565,1955910,,W008,compilation,compile,success,100.0,1,1
cp_tutorial_advanced_segmentation_final,4,12,1791469959.2677865,1955910,,W009,compilation,compile,success,100.0,1,1
cp_tutorial_advanced_segmentation_final,4,12,1791469959.2678182,1955910,,W010,compilation,compile,success,100.0,1,1
cp_tutorial_advanced_segmentation_final,4,12,1791469959.26785,1955910,,W011,compilation,compile,success,100.0,1,1
cp_tutorial_advanced_segmentation_final,4,12,1791469959.26788,1955910,,W012,compilation,compile,success,100.0,1,1
cp_tutorial_advanced_segmentation_final,4,12,1791469959.2884562,1955910,,,,init,started,0.0,0,1
cp_tutorial_advanced_segmentation_final,4,12,1791469959.4730017,1956348,worker_0,W001,pipeline,axis_started,started,0.0,0,16
cp_tutorial_advanced_segmentation_final,4,12,1791469959.4776144,1956348,worker_0,W001,CorrectIlluminationApply,step_started,started,0.0,0,16
cp_tutorial_advanced_segmentation_final,4,12,1791469959.4887478,1956349,worker_1,W002,pipeline,axis_started,started,0.0,0,16
cp_tutorial_advanced_segmentation_final,4,12,1791469959.492791,1956349,worker_1,W002,CorrectIlluminationApply,step_started,started,0.0,0,16
cp_tutorial_advanced_segmentation_final,4,12,1791469959.5126133,1956350,worker_2,W003,pipeline,axis_started,started,0.0,0,16
cp_tutorial_advanced_segmentation_final,4,12,1791469959.5167289,1956350,worker_2,W003,CorrectIlluminationApply,step_started,started,0.0,0,16
cp_tutorial_advanced_segmentation_final,4,12,1791469959.5266998,1956351,worker_3,W004,pipeline,axis_started,started,0.0,0,16
cp_tutorial_advanced_segmentation_final,4,12,1791469959.5306199,1956351,worker_3,W004,CorrectIlluminationApply,step_started,started,0.0,0,16
cp_tutorial_advanced_segmentation_final,4,12,1791469959.5861275,1956348,worker_0,W001,CorrectIlluminationApply,pattern_group,running,20.0,1,5
cp_tutorial_advanced_segmentation_final,4,12,1791469959.5973532,1956349,worker_1,W002,CorrectIlluminationApply,pattern_group,running,20.0,1,5
cp_tutorial_advanced_segmentation_final,4,12,1791469959.6152015,1956348,worker_0,W001,CorrectIlluminationApply,pattern_group,running,40.0,2,5
cp_tutorial_advanced_segmentation_final,4,12,1791469959.6268623,1956349,worker_1,W002,CorrectIlluminationApply,pattern_group,running,40.0,2,5
cp_tutorial_advanced_segmentation_final,4,12,1791469959.6286309,1956350,worker_2,W003,CorrectIlluminationApply,pattern_group,running,20.0,1,5
cp_tutorial_advanced_segmentation_final,4,12,1791469959.6399364,1956351,worker_3,W004,CorrectIlluminationApply,pattern_group,running,20.0,1,5
cp_tutorial_advanced_segmentation_final,4,12,1791469959.6461644,1956348,worker_0,W001,CorrectIlluminationApply,pattern_group,running,60.0,3,5
cp_tutorial_advanced_segmentation_final,4,12,1791469959.656734,1956349,worker_1,W002,CorrectIlluminationApply,pattern_group,running,60.0,3,5
cp_tutorial_advanced_segmentation_final,4,12,1791469959.6601942,1956350,worker_2,W003,CorrectIlluminationApply,pattern_group,running,40.0,2,5
cp_tutorial_advanced_segmentation_final,4,12,1791469959.6707642,1956351,worker_3,W004,CorrectIlluminationApply,pattern_group,running,40.0,2,5
cp_tutorial_advanced_segmentation_final,4,12,1791469959.6773148,1956348,worker_0,W001,CorrectIlluminationApply,pattern_group,running,80.0,4,5
cp_tutorial_advanced_segmentation_final,4,12,1791469959.6868045,1956349,worker_1,W002,CorrectIlluminationApply,pattern_group,running,80.0,4,5
cp_tutorial_advanced_segmentation_final,4,12,1791469959.690778,1956350,worker_2,W003,CorrectIlluminationApply,pattern_group,running,60.0,3,5
cp_tutorial_advanced_segmentation_final,4,12,1791469959.7018726,1956351,worker_3,W004,CorrectIlluminationApply,pattern_group,running,60.0,3,5
cp_tutorial_advanced_segmentation_final,4,12,1791469959.7078037,1956348,worker_0,W001,CorrectIlluminationApply,pattern_group,running,100.0,5,5
cp_tutorial_advanced_segmentation_final,4,12,1791469959.7085235,1956348,worker_0,W001,CorrectIlluminationApply,step_completed,success,6.25,1,16
cp_tutorial_advanced_segmentation_final,4,12,1791469959.7095277,1956348,worker_0,W001,IdentifyPrimaryObjects,step_started,started,6.25,1,16
cp_tutorial_advanced_segmentation_final,4,12,1791469959.7163756,1956349,worker_1,W002,CorrectIlluminationApply,pattern_group,running,100.0,5,5
cp_tutorial_advanced_segmentation_final,4,12,1791469959.7169273,1956349,worker_1,W002,CorrectIlluminationApply,step_completed,success,6.25,1,16
cp_tutorial_advanced_segmentation_final,4,12,1791469959.7176187,1956349,worker_1,W002,IdentifyPrimaryObjects,step_started,started,6.25,1,16
cp_tutorial_advanced_segmentation_final,4,12,1791469959.724032,1956350,worker_2,W003,CorrectIlluminationApply,pattern_group,running,80.0,4,5
cp_tutorial_advanced_segmentation_final,4,12,1791469959.7345264,1956351,worker_3,W004,CorrectIlluminationApply,pattern_group,running,80.0,4,5
cp_tutorial_advanced_segmentation_final,4,12,1791469959.7575238,1956350,worker_2,W003,CorrectIlluminationApply,pattern_group,running,100.0,5,5
cp_tutorial_advanced_segmentation_final,4,12,1791469959.7580535,1956350,worker_2,W003,CorrectIlluminationApply,step_completed,success,6.25,1,16
cp_tutorial_advanced_segmentation_final,4,12,1791469959.7587717,1956350,worker_2,W003,IdentifyPrimaryObjects,step_started,started,6.25,1,16
cp_tutorial_advanced_segmentation_final,4,12,1791469959.7684493,1956351,worker_3,W004,CorrectIlluminationApply,pattern_group,running,100.0,5,5
cp_tutorial_advanced_segmentation_final,4,12,1791469959.768961,1956351,worker_3,W004,CorrectIlluminationApply,step_completed,success,6.25,1,16
cp_tutorial_advanced_segmentation_final,4,12,1791469959.7698345,1956351,worker_3,W004,IdentifyPrimaryObjects,step_started,started,6.25,1,16
cp_tutorial_advanced_segmentation_final,4,12,1791469959.8280277,1956348,worker_0,W001,IdentifyPrimaryObjects,pattern_group,running,100.0,1,1
cp_tutorial_advanced_segmentation_final,4,12,1791469959.828885,1956348,worker_0,W001,IdentifyPrimaryObjects,step_completed,success,12.5,2,16
cp_tutorial_advanced_segmentation_final,4,12,1791469959.830953,1956348,worker_0,W001,IdentifySecondaryObjects,step_started,started,12.5,2,16
cp_tutorial_advanced_segmentation_final,4,12,1791469959.8335,1956349,worker_1,W002,IdentifyPrimaryObjects,pattern_group,running,100.0,1,1
cp_tutorial_advanced_segmentation_final,4,12,1791469959.8343716,1956349,worker_1,W002,IdentifyPrimaryObjects,step_completed,success,12.5,2,16
cp_tutorial_advanced_segmentation_final,4,12,1791469959.8354595,1956349,worker_1,W002,IdentifySecondaryObjects,step_started,started,12.5,2,16
cp_tutorial_advanced_segmentation_final,4,12,1791469959.8789387,1956350,worker_2,W003,IdentifyPrimaryObjects,pattern_group,running,100.0,1,1
cp_tutorial_advanced_segmentation_final,4,12,1791469959.8797615,1956350,worker_2,W003,IdentifyPrimaryObjects,step_completed,success,12.5,2,16
cp_tutorial_advanced_segmentation_final,4,12,1791469959.8807726,1956350,worker_2,W003,IdentifySecondaryObjects,step_started,started,12.5,2,16
cp_tutorial_advanced_segmentation_final,4,12,1791469959.8840435,1956351,worker_3,W004,IdentifyPrimaryObjects,pattern_group,running,100.0,1,1
cp_tutorial_advanced_segmentation_final,4,12,1791469959.884837,1956351,worker_3,W004,IdentifyPrimaryObjects,step_completed,success,12.5,2,16
cp_tutorial_advanced_segmentation_final,4,12,1791469959.8859951,1956351,worker_3,W004,IdentifySecondaryObjects,step_started,started,12.5,2,16
cp_tutorial_advanced_segmentation_final,4,12,1791469960.090849,1956348,worker_0,W001,IdentifySecondaryObjects,pattern_group,running,100.0,1,1
cp_tutorial_advanced_segmentation_final,4,12,1791469960.0917094,1956348,worker_0,W001,IdentifySecondaryObjects,step_completed,success,18.75,3,16
cp_tutorial_advanced_segmentation_final,4,12,1791469960.0927317,1956348,worker_0,W001,IdentifyTertiaryObjects,step_started,started,18.75,3,16
cp_tutorial_advanced_segmentation_final,4,12,1791469960.0938032,1956349,worker_1,W002,IdentifySecondaryObjects,pattern_group,running,100.0,1,1
cp_tutorial_advanced_segmentation_final,4,12,1791469960.094719,1956349,worker_1,W002,IdentifySecondaryObjects,step_completed,success,18.75,3,16
cp_tutorial_advanced_segmentation_final,4,12,1791469960.0962622,1956349,worker_1,W002,IdentifyTertiaryObjects,step_started,started,18.75,3,16
cp_tutorial_advanced_segmentation_final,4,12,1791469960.146608,1956348,worker_0,W001,IdentifyTertiaryObjects,pattern_group,running,100.0,1,1
cp_tutorial_advanced_segmentation_final,4,12,1791469960.1473045,1956348,worker_0,W001,IdentifyTertiaryObjects,step_completed,success,25.0,4,16
cp_tutorial_advanced_segmentation_final,4,12,1791469960.148292,1956348,worker_0,W001,EnhanceOrSuppressFeatures,step_started,started,25.0,4,16
cp_tutorial_advanced_segmentation_final,4,12,1791469960.1507163,1956349,worker_1,W002,IdentifyTertiaryObjects,pattern_group,running,100.0,1,1
cp_tutorial_advanced_segmentation_final,4,12,1791469960.1515334,1956349,worker_1,W002,IdentifyTertiaryObjects,step_completed,success,25.0,4,16
cp_tutorial_advanced_segmentation_final,4,12,1791469960.151993,1956351,worker_3,W004,IdentifySecondaryObjects,pattern_group,running,100.0,1,1
cp_tutorial_advanced_segmentation_final,4,12,1791469960.152697,1956351,worker_3,W004,IdentifySecondaryObjects,step_completed,success,18.75,3,16
cp_tutorial_advanced_segmentation_final,4,12,1791469960.153555,1956351,worker_3,W004,IdentifyTertiaryObjects,step_started,started,18.75,3,16
cp_tutorial_advanced_segmentation_final,4,12,1791469960.1539607,1956349,worker_1,W002,EnhanceOrSuppressFeatures,step_started,started,25.0,4,16
cp_tutorial_advanced_segmentation_final,4,12,1791469960.1539927,1956350,worker_2,W003,IdentifySecondaryObjects,pattern_group,running,100.0,1,1
cp_tutorial_advanced_segmentation_final,4,12,1791469960.1547146,1956350,worker_2,W003,IdentifySecondaryObjects,step_completed,success,18.75,3,16
cp_tutorial_advanced_segmentation_final,4,12,1791469960.155545,1956350,worker_2,W003,IdentifyTertiaryObjects,step_started,started,18.75,3,16
cp_tutorial_advanced_segmentation_final,4,12,1791469960.1583855,1956348,worker_0,W001,EnhanceOrSuppressFeatures,pattern_group,running,100.0,1,1
cp_tutorial_advanced_segmentation_final,4,12,1791469960.1588147,1956348,worker_0,W001,EnhanceOrSuppressFeatures,step_completed,success,31.25,5,16
cp_tutorial_advanced_segmentation_final,4,12,1791469960.159598,1956348,worker_0,W001,MaskImage,step_started,started,31.25,5,16
cp_tutorial_advanced_segmentation_final,4,12,1791469960.1677768,1956349,worker_1,W002,EnhanceOrSuppressFeatures,pattern_group,running,100.0,1,1
cp_tutorial_advanced_segmentation_final,4,12,1791469960.1686115,1956349,worker_1,W002,EnhanceOrSuppressFeatures,step_completed,success,31.25,5,16
cp_tutorial_advanced_segmentation_final,4,12,1791469960.1697814,1956348,worker_0,W001,MaskImage,pattern_group,running,100.0,1,1
cp_tutorial_advanced_segmentation_final,4,12,1791469960.1695461,1956349,worker_1,W002,MaskImage,step_started,started,31.25,5,16
cp_tutorial_advanced_segmentation_final,4,12,1791469960.1703072,1956348,worker_0,W001,MaskImage,step_completed,success,37.5,6,16
cp_tutorial_advanced_segmentation_final,4,12,1791469960.1712005,1956348,worker_0,W001,IdentifyPrimaryObjects,step_started,started,37.5,6,16
cp_tutorial_advanced_segmentation_final,4,12,1791469960.179589,1956349,worker_1,W002,MaskImage,pattern_group,running,100.0,1,1
cp_tutorial_advanced_segmentation_final,4,12,1791469960.180495,1956349,worker_1,W002,MaskImage,step_completed,success,37.5,6,16
cp_tutorial_advanced_segmentation_final,4,12,1791469960.1814892,1956349,worker_1,W002,IdentifyPrimaryObjects,step_started,started,37.5,6,16
cp_tutorial_advanced_segmentation_final,4,12,1791469960.2145839,1956351,worker_3,W004,IdentifyTertiaryObjects,pattern_group,running,100.0,1,1
cp_tutorial_advanced_segmentation_final,4,12,1791469960.2152436,1956351,worker_3,W004,IdentifyTertiaryObjects,step_completed,success,25.0,4,16
cp_tutorial_advanced_segmentation_final,4,12,1791469960.2162144,1956351,worker_3,W004,EnhanceOrSuppressFeatures,step_started,started,25.0,4,16
cp_tutorial_advanced_segmentation_final,4,12,1791469960.2212389,1956350,worker_2,W003,IdentifyTertiaryObjects,pattern_group,running,100.0,1,1
cp_tutorial_advanced_segmentation_final,4,12,1791469960.2220464,1956350,worker_2,W003,IdentifyTertiaryObjects,step_completed,success,25.0,4,16
cp_tutorial_advanced_segmentation_final,4,12,1791469960.223294,1956350,worker_2,W003,EnhanceOrSuppressFeatures,step_started,started,25.0,4,16
cp_tutorial_advanced_segmentation_final,4,12,1791469960.2290096,1956351,worker_3,W004,EnhanceOrSuppressFeatures,pattern_group,running,100.0,1,1
cp_tutorial_advanced_segmentation_final,4,12,1791469960.229458,1956351,worker_3,W004,EnhanceOrSuppressFeatures,step_completed,success,31.25,5,16
cp_tutorial_advanced_segmentation_final,4,12,1791469960.2301617,1956351,worker_3,W004,MaskImage,step_started,started,31.25,5,16
cp_tutorial_advanced_segmentation_final,4,12,1791469960.2381108,1956350,worker_2,W003,EnhanceOrSuppressFeatures,pattern_group,running,100.0,1,1
cp_tutorial_advanced_segmentation_final,4,12,1791469960.239196,1956350,worker_2,W003,EnhanceOrSuppressFeatures,step_completed,success,31.25,5,16
cp_tutorial_advanced_segmentation_final,4,12,1791469960.2399263,1956350,worker_2,W003,MaskImage,step_started,started,31.25,5,16
cp_tutorial_advanced_segmentation_final,4,12,1791469960.240687,1956351,worker_3,W004,MaskImage,pattern_group,running,100.0,1,1
cp_tutorial_advanced_segmentation_final,4,12,1791469960.2412407,1956351,worker_3,W004,MaskImage,step_completed,success,37.5,6,16
cp_tutorial_advanced_segmentation_final,4,12,1791469960.242295,1956351,worker_3,W004,IdentifyPrimaryObjects,step_started,started,37.5,6,16
cp_tutorial_advanced_segmentation_final,4,12,1791469960.251816,1956350,worker_2,W003,MaskImage,pattern_group,running,100.0,1,1
cp_tutorial_advanced_segmentation_final,4,12,1791469960.2526922,1956350,worker_2,W003,MaskImage,step_completed,success,37.5,6,16
cp_tutorial_advanced_segmentation_final,4,12,1791469960.2536757,1956350,worker_2,W003,IdentifyPrimaryObjects,step_started,started,37.5,6,16
cp_tutorial_advanced_segmentation_final,4,12,1791469960.2732553,1956348,worker_0,W001,IdentifyPrimaryObjects,pattern_group,running,100.0,1,1
cp_tutorial_advanced_segmentation_final,4,12,1791469960.2743478,1956348,worker_0,W001,IdentifyPrimaryObjects,step_completed,success,43.75,7,16
cp_tutorial_advanced_segmentation_final,4,12,1791469960.2764494,1956348,worker_0,W001,MaskImage,step_started,started,43.75,7,16
cp_tutorial_advanced_segmentation_final,4,12,1791469960.2770257,1956349,worker_1,W002,IdentifyPrimaryObjects,pattern_group,running,100.0,1,1
cp_tutorial_advanced_segmentation_final,4,12,1791469960.2778795,1956349,worker_1,W002,IdentifyPrimaryObjects,step_completed,success,43.75,7,16
cp_tutorial_advanced_segmentation_final,4,12,1791469960.279523,1956349,worker_1,W002,MaskImage,step_started,started,43.75,7,16
cp_tutorial_advanced_segmentation_final,4,12,1791469960.2896807,1956348,worker_0,W001,MaskImage,pattern_group,running,100.0,1,1
cp_tutorial_advanced_segmentation_final,4,12,1791469960.290517,1956348,worker_0,W001,MaskImage,step_completed,success,50.0,8,16
cp_tutorial_advanced_segmentation_final,4,12,1791469960.29097,1956349,worker_1,W002,MaskImage,pattern_group,running,100.0,1,1
cp_tutorial_advanced_segmentation_final,4,12,1791469960.2913668,1956348,worker_0,W001,IdentifyPrimaryObjects,step_started,started,50.0,8,16
cp_tutorial_advanced_segmentation_final,4,12,1791469960.2914283,1956349,worker_1,W002,MaskImage,step_completed,success,50.0,8,16
cp_tutorial_advanced_segmentation_final,4,12,1791469960.2921376,1956349,worker_1,W002,IdentifyPrimaryObjects,step_started,started,50.0,8,16
cp_tutorial_advanced_segmentation_final,4,12,1791469960.3432107,1956351,worker_3,W004,IdentifyPrimaryObjects,pattern_group,running,100.0,1,1
cp_tutorial_advanced_segmentation_final,4,12,1791469960.3442402,1956351,worker_3,W004,IdentifyPrimaryObjects,step_completed,success,43.75,7,16
cp_tutorial_advanced_segmentation_final,4,12,1791469960.3458352,1956351,worker_3,W004,MaskImage,step_started,started,43.75,7,16
cp_tutorial_advanced_segmentation_final,4,12,1791469960.3571048,1956350,worker_2,W003,IdentifyPrimaryObjects,pattern_group,running,100.0,1,1
cp_tutorial_advanced_segmentation_final,4,12,1791469960.3579783,1956350,worker_2,W003,IdentifyPrimaryObjects,step_completed,success,43.75,7,16
cp_tutorial_advanced_segmentation_final,4,12,1791469960.3582208,1956351,worker_3,W004,MaskImage,pattern_group,running,100.0,1,1
cp_tutorial_advanced_segmentation_final,4,12,1791469960.3585448,1956351,worker_3,W004,MaskImage,step_completed,success,50.0,8,16
cp_tutorial_advanced_segmentation_final,4,12,1791469960.3592167,1956350,worker_2,W003,MaskImage,step_started,started,43.75,7,16
cp_tutorial_advanced_segmentation_final,4,12,1791469960.3593006,1956351,worker_3,W004,IdentifyPrimaryObjects,step_started,started,50.0,8,16
cp_tutorial_advanced_segmentation_final,4,12,1791469960.3726673,1956350,worker_2,W003,MaskImage,pattern_group,running,100.0,1,1
cp_tutorial_advanced_segmentation_final,4,12,1791469960.3734093,1956350,worker_2,W003,MaskImage,step_completed,success,50.0,8,16
cp_tutorial_advanced_segmentation_final,4,12,1791469960.3744152,1956350,worker_2,W003,IdentifyPrimaryObjects,step_started,started,50.0,8,16
cp_tutorial_advanced_segmentation_final,4,12,1791469960.4026523,1956349,worker_1,W002,IdentifyPrimaryObjects,pattern_group,running,100.0,1,1
cp_tutorial_advanced_segmentation_final,4,12,1791469960.403608,1956349,worker_1,W002,IdentifyPrimaryObjects,step_completed,success,56.25,9,16
cp_tutorial_advanced_segmentation_final,4,12,1791469960.405166,1956349,worker_1,W002,MeasureColocalization,step_started,started,56.25,9,16
cp_tutorial_advanced_segmentation_final,4,12,1791469960.4064417,1956348,worker_0,W001,IdentifyPrimaryObjects,pattern_group,running,100.0,1,1
cp_tutorial_advanced_segmentation_final,4,12,1791469960.4072886,1956348,worker_0,W001,IdentifyPrimaryObjects,step_completed,success,56.25,9,16
cp_tutorial_advanced_segmentation_final,4,12,1791469960.4085777,1956348,worker_0,W001,MeasureColocalization,step_started,started,56.25,9,16
cp_tutorial_advanced_segmentation_final,4,12,1791469960.4682136,1956351,worker_3,W004,IdentifyPrimaryObjects,pattern_group,running,100.0,1,1
cp_tutorial_advanced_segmentation_final,4,12,1791469960.46902,1956351,worker_3,W004,IdentifyPrimaryObjects,step_completed,success,56.25,9,16
cp_tutorial_advanced_segmentation_final,4,12,1791469960.4701872,1956351,worker_3,W004,MeasureColocalization,step_started,started,56.25,9,16
cp_tutorial_advanced_segmentation_final,4,12,1791469960.483277,1956350,worker_2,W003,IdentifyPrimaryObjects,pattern_group,running,100.0,1,1
cp_tutorial_advanced_segmentation_final,4,12,1791469960.4841623,1956350,worker_2,W003,IdentifyPrimaryObjects,step_completed,success,56.25,9,16
cp_tutorial_advanced_segmentation_final,4,12,1791469960.4854782,1956350,worker_2,W003,MeasureColocalization,step_started,started,56.25,9,16
cp_tutorial_advanced_segmentation_final,4,12,1791469961.1369407,1956349,worker_1,W002,MeasureColocalization,pattern_group,running,50.0,1,2
cp_tutorial_advanced_segmentation_final,4,12,1791469961.1387298,1956348,worker_0,W001,MeasureColocalization,pattern_group,running,50.0,1,2
cp_tutorial_advanced_segmentation_final,4,12,1791469961.1958866,1956351,worker_3,W004,MeasureColocalization,pattern_group,running,50.0,1,2
cp_tutorial_advanced_segmentation_final,4,12,1791469961.2154884,1956350,worker_2,W003,MeasureColocalization,pattern_group,running,50.0,1,2
cp_tutorial_advanced_segmentation_final,4,12,1791469961.8232384,1956349,worker_1,W002,MeasureColocalization,pattern_group,running,100.0,2,2
cp_tutorial_advanced_segmentation_final,4,12,1791469961.8286917,1956349,worker_1,W002,MeasureColocalization,step_completed,success,62.5,10,16
cp_tutorial_advanced_segmentation_final,4,12,1791469961.8299146,1956349,worker_1,W002,MeasureObjectIntensity,step_started,started,62.5,10,16
cp_tutorial_advanced_segmentation_final,4,12,1791469961.8307528,1956348,worker_0,W001,MeasureColocalization,pattern_group,running,100.0,2,2
cp_tutorial_advanced_segmentation_final,4,12,1791469961.8358023,1956348,worker_0,W001,MeasureColocalization,step_completed,success,62.5,10,16
cp_tutorial_advanced_segmentation_final,4,12,1791469961.8367827,1956348,worker_0,W001,MeasureObjectIntensity,step_started,started,62.5,10,16
cp_tutorial_advanced_segmentation_final,4,12,1791469961.8861382,1956351,worker_3,W004,MeasureColocalization,pattern_group,running,100.0,2,2
cp_tutorial_advanced_segmentation_final,4,12,1791469961.891242,1956351,worker_3,W004,MeasureColocalization,step_completed,success,62.5,10,16
cp_tutorial_advanced_segmentation_final,4,12,1791469961.8925116,1956351,worker_3,W004,MeasureObjectIntensity,step_started,started,62.5,10,16
cp_tutorial_advanced_segmentation_final,4,12,1791469961.9172442,1956350,worker_2,W003,MeasureColocalization,pattern_group,running,100.0,2,2
cp_tutorial_advanced_segmentation_final,4,12,1791469961.9230366,1956350,worker_2,W003,MeasureColocalization,step_completed,success,62.5,10,16
cp_tutorial_advanced_segmentation_final,4,12,1791469961.9279912,1956350,worker_2,W003,MeasureObjectIntensity,step_started,started,62.5,10,16
cp_tutorial_advanced_segmentation_final,4,12,1791469962.2894568,1956349,worker_1,W002,MeasureObjectIntensity,pattern_group,running,50.0,1,2
cp_tutorial_advanced_segmentation_final,4,12,1791469962.3114061,1956348,worker_0,W001,MeasureObjectIntensity,pattern_group,running,50.0,1,2
cp_tutorial_advanced_segmentation_final,4,12,1791469962.3517916,1956351,worker_3,W004,MeasureObjectIntensity,pattern_group,running,50.0,1,2
cp_tutorial_advanced_segmentation_final,4,12,1791469962.3842413,1956350,worker_2,W003,MeasureObjectIntensity,pattern_group,running,50.0,1,2
cp_tutorial_advanced_segmentation_final,4,12,1791469962.406786,1956349,worker_1,W002,MeasureObjectIntensity,pattern_group,running,100.0,2,2
cp_tutorial_advanced_segmentation_final,4,12,1791469962.4105918,1956349,worker_1,W002,MeasureObjectIntensity,step_completed,success,68.75,11,16
cp_tutorial_advanced_segmentation_final,4,12,1791469962.4122107,1956349,worker_1,W002,MeasureObjectIntensityDistribution,step_started,started,68.75,11,16
cp_tutorial_advanced_segmentation_final,4,12,1791469962.4336348,1956348,worker_0,W001,MeasureObjectIntensity,pattern_group,running,100.0,2,2
cp_tutorial_advanced_segmentation_final,4,12,1791469962.4374468,1956348,worker_0,W001,MeasureObjectIntensity,step_completed,success,68.75,11,16
cp_tutorial_advanced_segmentation_final,4,12,1791469962.4389963,1956348,worker_0,W001,MeasureObjectIntensityDistribution,step_started,started,68.75,11,16
cp_tutorial_advanced_segmentation_final,4,12,1791469962.4703422,1956351,worker_3,W004,MeasureObjectIntensity,pattern_group,running,100.0,2,2
cp_tutorial_advanced_segmentation_final,4,12,1791469962.4738348,1956351,worker_3,W004,MeasureObjectIntensity,step_completed,success,68.75,11,16
cp_tutorial_advanced_segmentation_final,4,12,1791469962.4757688,1956351,worker_3,W004,MeasureObjectIntensityDistribution,step_started,started,68.75,11,16
cp_tutorial_advanced_segmentation_final,4,12,1791469962.5143595,1956350,worker_2,W003,MeasureObjectIntensity,pattern_group,running,100.0,2,2
cp_tutorial_advanced_segmentation_final,4,12,1791469962.5180857,1956350,worker_2,W003,MeasureObjectIntensity,step_completed,success,68.75,11,16
cp_tutorial_advanced_segmentation_final,4,12,1791469962.5231278,1956350,worker_2,W003,MeasureObjectIntensityDistribution,step_started,started,68.75,11,16
cp_tutorial_advanced_segmentation_final,4,12,1791469962.5342784,1956349,worker_1,W002,MeasureObjectIntensityDistribution,pattern_group,running,50.0,1,2
cp_tutorial_advanced_segmentation_final,4,12,1791469962.5704284,1956348,worker_0,W001,MeasureObjectIntensityDistribution,pattern_group,running,50.0,1,2
cp_tutorial_advanced_segmentation_final,4,12,1791469962.5857558,1956349,worker_1,W002,MeasureObjectIntensityDistribution,pattern_group,running,100.0,2,2
cp_tutorial_advanced_segmentation_final,4,12,1791469962.5887215,1956349,worker_1,W002,MeasureObjectIntensityDistribution,step_completed,success,75.0,12,16
cp_tutorial_advanced_segmentation_final,4,12,1791469962.5904737,1956349,worker_1,W002,MeasureObjectSizeShape,step_started,started,75.0,12,16
cp_tutorial_advanced_segmentation_final,4,12,1791469962.5919812,1956351,worker_3,W004,MeasureObjectIntensityDistribution,pattern_group,running,50.0,1,2
cp_tutorial_advanced_segmentation_final,4,12,1791469962.6269927,1956348,worker_0,W001,MeasureObjectIntensityDistribution,pattern_group,running,100.0,2,2
cp_tutorial_advanced_segmentation_final,4,12,1791469962.6299067,1956348,worker_0,W001,MeasureObjectIntensityDistribution,step_completed,success,75.0,12,16
cp_tutorial_advanced_segmentation_final,4,12,1791469962.6316702,1956348,worker_0,W001,MeasureObjectSizeShape,step_started,started,75.0,12,16
cp_tutorial_advanced_segmentation_final,4,12,1791469962.6438406,1956351,worker_3,W004,MeasureObjectIntensityDistribution,pattern_group,running,100.0,2,2
cp_tutorial_advanced_segmentation_final,4,12,1791469962.6467822,1956351,worker_3,W004,MeasureObjectIntensityDistribution,step_completed,success,75.0,12,16
cp_tutorial_advanced_segmentation_final,4,12,1791469962.647125,1956350,worker_2,W003,MeasureObjectIntensityDistribution,pattern_group,running,50.0,1,2
cp_tutorial_advanced_segmentation_final,4,12,1791469962.64839,1956351,worker_3,W004,MeasureObjectSizeShape,step_started,started,75.0,12,16
cp_tutorial_advanced_segmentation_final,4,12,1791469962.700496,1956350,worker_2,W003,MeasureObjectIntensityDistribution,pattern_group,running,100.0,2,2
cp_tutorial_advanced_segmentation_final,4,12,1791469962.7036264,1956350,worker_2,W003,MeasureObjectIntensityDistribution,step_completed,success,75.0,12,16
cp_tutorial_advanced_segmentation_final,4,12,1791469962.7052798,1956350,worker_2,W003,MeasureObjectSizeShape,step_started,started,75.0,12,16
cp_tutorial_advanced_segmentation_final,4,12,1791469962.9871018,1956349,worker_1,W002,MeasureObjectSizeShape,pattern_group,running,25.0,1,4
cp_tutorial_advanced_segmentation_final,4,12,1791469963.0303898,1956348,worker_0,W001,MeasureObjectSizeShape,pattern_group,running,25.0,1,4
cp_tutorial_advanced_segmentation_final,4,12,1791469963.041631,1956351,worker_3,W004,MeasureObjectSizeShape,pattern_group,running,25.0,1,4
cp_tutorial_advanced_segmentation_final,4,12,1791469963.0846438,1956349,worker_1,W002,MeasureObjectSizeShape,pattern_group,running,50.0,2,4
cp_tutorial_advanced_segmentation_final,4,12,1791469963.093257,1956350,worker_2,W003,MeasureObjectSizeShape,pattern_group,running,25.0,1,4
cp_tutorial_advanced_segmentation_final,4,12,1791469963.1302006,1956348,worker_0,W001,MeasureObjectSizeShape,pattern_group,running,50.0,2,4
cp_tutorial_advanced_segmentation_final,4,12,1791469963.140473,1956351,worker_3,W004,MeasureObjectSizeShape,pattern_group,running,50.0,2,4
cp_tutorial_advanced_segmentation_final,4,12,1791469963.1710508,1956349,worker_1,W002,MeasureObjectSizeShape,pattern_group,running,75.0,3,4
cp_tutorial_advanced_segmentation_final,4,12,1791469963.1915257,1956350,worker_2,W003,MeasureObjectSizeShape,pattern_group,running,50.0,2,4
cp_tutorial_advanced_segmentation_final,4,12,1791469963.213636,1956349,worker_1,W002,MeasureObjectSizeShape,pattern_group,running,100.0,4,4
cp_tutorial_advanced_segmentation_final,4,12,1791469963.2155786,1956348,worker_0,W001,MeasureObjectSizeShape,pattern_group,running,75.0,3,4
cp_tutorial_advanced_segmentation_final,4,12,1791469963.2189102,1956349,worker_1,W002,MeasureObjectSizeShape,step_completed,success,81.25,13,16
cp_tutorial_advanced_segmentation_final,4,12,1791469963.2212555,1956349,worker_1,W002,MeasureObjectNeighbors,step_started,started,81.25,13,16
cp_tutorial_advanced_segmentation_final,4,12,1791469963.2342534,1956351,worker_3,W004,MeasureObjectSizeShape,pattern_group,running,75.0,3,4
cp_tutorial_advanced_segmentation_final,4,12,1791469963.2700207,1956348,worker_0,W001,MeasureObjectSizeShape,pattern_group,running,100.0,4,4
cp_tutorial_advanced_segmentation_final,4,12,1791469963.2754567,1956348,worker_0,W001,MeasureObjectSizeShape,step_completed,success,81.25,13,16
cp_tutorial_advanced_segmentation_final,4,12,1791469963.2762623,1956349,worker_1,W002,MeasureObjectNeighbors,pattern_group,running,33.33333333333333,1,3
cp_tutorial_advanced_segmentation_final,4,12,1791469963.2776964,1956348,worker_0,W001,MeasureObjectNeighbors,step_started,started,81.25,13,16
cp_tutorial_advanced_segmentation_final,4,12,1791469963.2855773,1956350,worker_2,W003,MeasureObjectSizeShape,pattern_group,running,75.0,3,4
cp_tutorial_advanced_segmentation_final,4,12,1791469963.2812958,1956351,worker_3,W004,MeasureObjectSizeShape,pattern_group,running,100.0,4,4
cp_tutorial_advanced_segmentation_final,4,12,1791469963.2910345,1956351,worker_3,W004,MeasureObjectSizeShape,step_completed,success,81.25,13,16
cp_tutorial_advanced_segmentation_final,4,12,1791469963.2929006,1956351,worker_3,W004,MeasureObjectNeighbors,step_started,started,81.25,13,16
cp_tutorial_advanced_segmentation_final,4,12,1791469963.3254526,1956349,worker_1,W002,MeasureObjectNeighbors,pattern_group,running,66.66666666666666,2,3
cp_tutorial_advanced_segmentation_final,4,12,1791469963.3398347,1956350,worker_2,W003,MeasureObjectSizeShape,pattern_group,running,100.0,4,4
cp_tutorial_advanced_segmentation_final,4,12,1791469963.3455565,1956350,worker_2,W003,MeasureObjectSizeShape,step_completed,success,81.25,13,16
cp_tutorial_advanced_segmentation_final,4,12,1791469963.3481243,1956350,worker_2,W003,MeasureObjectNeighbors,step_started,started,81.25,13,16
cp_tutorial_advanced_segmentation_final,4,12,1791469963.35609,1956348,worker_0,W001,MeasureObjectNeighbors,pattern_group,running,33.33333333333333,1,3
cp_tutorial_advanced_segmentation_final,4,12,1791469963.3671832,1956351,worker_3,W004,MeasureObjectNeighbors,pattern_group,running,33.33333333333333,1,3
cp_tutorial_advanced_segmentation_final,4,12,1791469963.399861,1956349,worker_1,W002,MeasureObjectNeighbors,pattern_group,running,100.0,3,3
cp_tutorial_advanced_segmentation_final,4,12,1791469963.4012556,1956349,worker_1,W002,MeasureObjectNeighbors,step_completed,success,87.5,14,16
cp_tutorial_advanced_segmentation_final,4,12,1791469963.402394,1956349,worker_1,W002,RelateObjects,step_started,started,87.5,14,16
cp_tutorial_advanced_segmentation_final,4,12,1791469963.4113667,1956350,worker_2,W003,MeasureObjectNeighbors,pattern_group,running,33.33333333333333,1,3
cp_tutorial_advanced_segmentation_final,4,12,1791469963.4173076,1956351,worker_3,W004,MeasureObjectNeighbors,pattern_group,running,66.66666666666666,2,3
cp_tutorial_advanced_segmentation_final,4,12,1791469963.4175217,1956348,worker_0,W001,MeasureObjectNeighbors,pattern_group,running,66.66666666666666,2,3
cp_tutorial_advanced_segmentation_final,4,12,1791469963.4584785,1956350,worker_2,W003,MeasureObjectNeighbors,pattern_group,running,66.66666666666666,2,3
cp_tutorial_advanced_segmentation_final,4,12,1791469963.4885955,1956351,worker_3,W004,MeasureObjectNeighbors,pattern_group,running,100.0,3,3
cp_tutorial_advanced_segmentation_final,4,12,1791469963.4886389,1956348,worker_0,W001,MeasureObjectNeighbors,pattern_group,running,100.0,3,3
cp_tutorial_advanced_segmentation_final,4,12,1791469963.4899027,1956348,worker_0,W001,MeasureObjectNeighbors,step_completed,success,87.5,14,16
cp_tutorial_advanced_segmentation_final,4,12,1791469963.4908555,1956348,worker_0,W001,RelateObjects,step_started,started,87.5,14,16
cp_tutorial_advanced_segmentation_final,4,12,1791469963.4915705,1956351,worker_3,W004,MeasureObjectNeighbors,step_completed,success,87.5,14,16
cp_tutorial_advanced_segmentation_final,4,12,1791469963.4924383,1956351,worker_3,W004,RelateObjects,step_started,started,87.5,14,16
cp_tutorial_advanced_segmentation_final,4,12,1791469963.5284,1956350,worker_2,W003,MeasureObjectNeighbors,pattern_group,running,100.0,3,3
cp_tutorial_advanced_segmentation_final,4,12,1791469963.529782,1956350,worker_2,W003,MeasureObjectNeighbors,step_completed,success,87.5,14,16
cp_tutorial_advanced_segmentation_final,4,12,1791469963.5310137,1956350,worker_2,W003,RelateObjects,step_started,started,87.5,14,16
cp_tutorial_advanced_segmentation_final,4,12,1791469963.600744,1956349,worker_1,W002,RelateObjects,pattern_group,running,50.0,1,2
cp_tutorial_advanced_segmentation_final,4,12,1791469963.6838965,1956351,worker_3,W004,RelateObjects,pattern_group,running,50.0,1,2
cp_tutorial_advanced_segmentation_final,4,12,1791469963.6879103,1956348,worker_0,W001,RelateObjects,pattern_group,running,50.0,1,2
cp_tutorial_advanced_segmentation_final,4,12,1791469963.7198436,1956350,worker_2,W003,RelateObjects,pattern_group,running,50.0,1,2
cp_tutorial_advanced_segmentation_final,4,12,1791469963.9932852,1956349,worker_1,W002,RelateObjects,pattern_group,running,100.0,2,2
cp_tutorial_advanced_segmentation_final,4,12,1791469963.9983695,1956349,worker_1,W002,RelateObjects,step_completed,success,93.75,15,16
cp_tutorial_advanced_segmentation_final,4,12,1791469964.000997,1956349,worker_1,W002,pipeline,axis_completed,success,93.75,15,16
cp_tutorial_advanced_segmentation_final,4,12,1791469964.0010822,1956349,worker_1,W006,pipeline,axis_started,started,0.0,0,16
cp_tutorial_advanced_segmentation_final,4,12,1791469964.005029,1956349,worker_1,W006,CorrectIlluminationApply,step_started,started,0.0,0,16
cp_tutorial_advanced_segmentation_final,4,12,1791469964.0614686,1956349,worker_1,W006,CorrectIlluminationApply,pattern_group,running,20.0,1,5
cp_tutorial_advanced_segmentation_final,4,12,1791469964.0854585,1956351,worker_3,W004,RelateObjects,pattern_group,running,100.0,2,2
cp_tutorial_advanced_segmentation_final,4,12,1791469964.090067,1956349,worker_1,W006,CorrectIlluminationApply,pattern_group,running,40.0,2,5
cp_tutorial_advanced_segmentation_final,4,12,1791469964.0911689,1956351,worker_3,W004,RelateObjects,step_completed,success,93.75,15,16
cp_tutorial_advanced_segmentation_final,4,12,1791469964.0951464,1956348,worker_0,W001,RelateObjects,pattern_group,running,100.0,2,2
cp_tutorial_advanced_segmentation_final,4,12,1791469964.1006064,1956348,worker_0,W001,RelateObjects,step_completed,success,93.75,15,16
cp_tutorial_advanced_segmentation_final,4,12,1791469964.0971794,1956351,worker_3,W004,pipeline,axis_completed,success,93.75,15,16
cp_tutorial_advanced_segmentation_final,4,12,1791469964.103104,1956348,worker_0,W001,pipeline,axis_completed,success,93.75,15,16
cp_tutorial_advanced_segmentation_final,4,12,1791469964.0972552,1956351,worker_3,W008,pipeline,axis_started,started,0.0,0,16
cp_tutorial_advanced_segmentation_final,4,12,1791469964.1031814,1956348,worker_0,W005,pipeline,axis_started,started,0.0,0,16
cp_tutorial_advanced_segmentation_final,4,12,1791469964.101686,1956351,worker_3,W008,CorrectIlluminationApply,step_started,started,0.0,0,16
cp_tutorial_advanced_segmentation_final,4,12,1791469964.1115117,1956348,worker_0,W005,CorrectIlluminationApply,step_started,started,0.0,0,16
cp_tutorial_advanced_segmentation_final,4,12,1791469964.117907,1956349,worker_1,W006,CorrectIlluminationApply,pattern_group,running,60.0,3,5
cp_tutorial_advanced_segmentation_final,4,12,1791469964.1183922,1956350,worker_2,W003,RelateObjects,pattern_group,running,100.0,2,2
cp_tutorial_advanced_segmentation_final,4,12,1791469964.1246905,1956350,worker_2,W003,RelateObjects,step_completed,success,93.75,15,16
cp_tutorial_advanced_segmentation_final,4,12,1791469964.1319466,1956350,worker_2,W003,pipeline,axis_completed,success,93.75,15,16
cp_tutorial_advanced_segmentation_final,4,12,1791469964.1320648,1956350,worker_2,W007,pipeline,axis_started,started,0.0,0,16
cp_tutorial_advanced_segmentation_final,4,12,1791469964.1376283,1956350,worker_2,W007,CorrectIlluminationApply,step_started,started,0.0,0,16
cp_tutorial_advanced_segmentation_final,4,12,1791469964.1461496,1956349,worker_1,W006,CorrectIlluminationApply,pattern_group,running,80.0,4,5
cp_tutorial_advanced_segmentation_final,4,12,1791469964.1702895,1956351,worker_3,W008,CorrectIlluminationApply,pattern_group,running,20.0,1,5
cp_tutorial_advanced_segmentation_final,4,12,1791469964.1750925,1956349,worker_1,W006,CorrectIlluminationApply,pattern_group,running,100.0,5,5
cp_tutorial_advanced_segmentation_final,4,12,1791469964.1756194,1956349,worker_1,W006,CorrectIlluminationApply,step_completed,success,6.25,1,16
cp_tutorial_advanced_segmentation_final,4,12,1791469964.1763067,1956349,worker_1,W006,IdentifyPrimaryObjects,step_started,started,6.25,1,16
cp_tutorial_advanced_segmentation_final,4,12,1791469964.1847894,1956348,worker_0,W005,CorrectIlluminationApply,pattern_group,running,20.0,1,5
cp_tutorial_advanced_segmentation_final,4,12,1791469964.199958,1956350,worker_2,W007,CorrectIlluminationApply,pattern_group,running,20.0,1,5
cp_tutorial_advanced_segmentation_final,4,12,1791469964.2028282,1956351,worker_3,W008,CorrectIlluminationApply,pattern_group,running,40.0,2,5
cp_tutorial_advanced_segmentation_final,4,12,1791469964.2163785,1956348,worker_0,W005,CorrectIlluminationApply,pattern_group,running,40.0,2,5
cp_tutorial_advanced_segmentation_final,4,12,1791469964.2323937,1956350,worker_2,W007,CorrectIlluminationApply,pattern_group,running,40.0,2,5
cp_tutorial_advanced_segmentation_final,4,12,1791469964.2339396,1956351,worker_3,W008,CorrectIlluminationApply,pattern_group,running,60.0,3,5
cp_tutorial_advanced_segmentation_final,4,12,1791469964.2478464,1956348,worker_0,W005,CorrectIlluminationApply,pattern_group,running,60.0,3,5
cp_tutorial_advanced_segmentation_final,4,12,1791469964.2650003,1956351,worker_3,W008,CorrectIlluminationApply,pattern_group,running,80.0,4,5
cp_tutorial_advanced_segmentation_final,4,12,1791469964.2652311,1956350,worker_2,W007,CorrectIlluminationApply,pattern_group,running,60.0,3,5
cp_tutorial_advanced_segmentation_final,4,12,1791469964.279066,1956348,worker_0,W005,CorrectIlluminationApply,pattern_group,running,80.0,4,5
cp_tutorial_advanced_segmentation_final,4,12,1791469964.2857263,1956349,worker_1,W006,IdentifyPrimaryObjects,pattern_group,running,100.0,1,1
cp_tutorial_advanced_segmentation_final,4,12,1791469964.2865503,1956349,worker_1,W006,IdentifyPrimaryObjects,step_completed,success,12.5,2,16
cp_tutorial_advanced_segmentation_final,4,12,1791469964.2874534,1956349,worker_1,W006,IdentifySecondaryObjects,step_started,started,12.5,2,16
cp_tutorial_advanced_segmentation_final,4,12,1791469964.2962441,1956351,worker_3,W008,CorrectIlluminationApply,pattern_group,running,100.0,5,5
cp_tutorial_advanced_segmentation_final,4,12,1791469964.296839,1956350,worker_2,W007,CorrectIlluminationApply,pattern_group,running,80.0,4,5
cp_tutorial_advanced_segmentation_final,4,12,1791469964.2968903,1956351,worker_3,W008,CorrectIlluminationApply,step_completed,success,6.25,1,16
cp_tutorial_advanced_segmentation_final,4,12,1791469964.297486,1956351,worker_3,W008,IdentifyPrimaryObjects,step_started,started,6.25,1,16
cp_tutorial_advanced_segmentation_final,4,12,1791469964.3126707,1956348,worker_0,W005,CorrectIlluminationApply,pattern_group,running,100.0,5,5
cp_tutorial_advanced_segmentation_final,4,12,1791469964.3130414,1956348,worker_0,W005,CorrectIlluminationApply,step_completed,success,6.25,1,16
cp_tutorial_advanced_segmentation_final,4,12,1791469964.313798,1956348,worker_0,W005,IdentifyPrimaryObjects,step_started,started,6.25,1,16
cp_tutorial_advanced_segmentation_final,4,12,1791469964.3310347,1956350,worker_2,W007,CorrectIlluminationApply,pattern_group,running,100.0,5,5
cp_tutorial_advanced_segmentation_final,4,12,1791469964.3318048,1956350,worker_2,W007,CorrectIlluminationApply,step_completed,success,6.25,1,16
cp_tutorial_advanced_segmentation_final,4,12,1791469964.3328586,1956350,worker_2,W007,IdentifyPrimaryObjects,step_started,started,6.25,1,16
cp_tutorial_advanced_segmentation_final,4,12,1791469964.4337656,1956351,worker_3,W008,IdentifyPrimaryObjects,pattern_group,running,100.0,1,1
cp_tutorial_advanced_segmentation_final,4,12,1791469964.434609,1956351,worker_3,W008,IdentifyPrimaryObjects,step_completed,success,12.5,2,16
cp_tutorial_advanced_segmentation_final,4,12,1791469964.4356594,1956351,worker_3,W008,IdentifySecondaryObjects,step_started,started,12.5,2,16
cp_tutorial_advanced_segmentation_final,4,12,1791469964.4540453,1956348,worker_0,W005,IdentifyPrimaryObjects,pattern_group,running,100.0,1,1
cp_tutorial_advanced_segmentation_final,4,12,1791469964.4548905,1956348,worker_0,W005,IdentifyPrimaryObjects,step_completed,success,12.5,2,16
cp_tutorial_advanced_segmentation_final,4,12,1791469964.4560575,1956348,worker_0,W005,IdentifySecondaryObjects,step_started,started,12.5,2,16
cp_tutorial_advanced_segmentation_final,4,12,1791469964.468804,1956350,worker_2,W007,IdentifyPrimaryObjects,pattern_group,running,100.0,1,1
cp_tutorial_advanced_segmentation_final,4,12,1791469964.4698281,1956350,worker_2,W007,IdentifyPrimaryObjects,step_completed,success,12.5,2,16
cp_tutorial_advanced_segmentation_final,4,12,1791469964.4715261,1956350,worker_2,W007,IdentifySecondaryObjects,step_started,started,12.5,2,16
cp_tutorial_advanced_segmentation_final,4,12,1791469964.5928228,1956349,worker_1,W006,IdentifySecondaryObjects,pattern_group,running,100.0,1,1
cp_tutorial_advanced_segmentation_final,4,12,1791469964.593662,1956349,worker_1,W006,IdentifySecondaryObjects,step_completed,success,18.75,3,16
cp_tutorial_advanced_segmentation_final,4,12,1791469964.5945284,1956349,worker_1,W006,IdentifyTertiaryObjects,step_started,started,18.75,3,16
cp_tutorial_advanced_segmentation_final,4,12,1791469964.6428096,1956349,worker_1,W006,IdentifyTertiaryObjects,pattern_group,running,100.0,1,1
cp_tutorial_advanced_segmentation_final,4,12,1791469964.6434429,1956349,worker_1,W006,IdentifyTertiaryObjects,step_completed,success,25.0,4,16
cp_tutorial_advanced_segmentation_final,4,12,1791469964.6443431,1956349,worker_1,W006,EnhanceOrSuppressFeatures,step_started,started,25.0,4,16
cp_tutorial_advanced_segmentation_final,4,12,1791469964.6551135,1956349,worker_1,W006,EnhanceOrSuppressFeatures,pattern_group,running,100.0,1,1
cp_tutorial_advanced_segmentation_final,4,12,1791469964.655408,1956349,worker_1,W006,EnhanceOrSuppressFeatures,step_completed,success,31.25,5,16
cp_tutorial_advanced_segmentation_final,4,12,1791469964.655992,1956349,worker_1,W006,MaskImage,step_started,started,31.25,5,16
cp_tutorial_advanced_segmentation_final,4,12,1791469964.6641438,1956349,worker_1,W006,MaskImage,pattern_group,running,100.0,1,1
cp_tutorial_advanced_segmentation_final,4,12,1791469964.6645167,1956349,worker_1,W006,MaskImage,step_completed,success,37.5,6,16
cp_tutorial_advanced_segmentation_final,4,12,1791469964.665378,1956349,worker_1,W006,IdentifyPrimaryObjects,step_started,started,37.5,6,16
cp_tutorial_advanced_segmentation_final,4,12,1791469964.6995287,1956351,worker_3,W008,IdentifySecondaryObjects,pattern_group,running,100.0,1,1
cp_tutorial_advanced_segmentation_final,4,12,1791469964.7006924,1956351,worker_3,W008,IdentifySecondaryObjects,step_completed,success,18.75,3,16
cp_tutorial_advanced_segmentation_final,4,12,1791469964.7024138,1956351,worker_3,W008,IdentifyTertiaryObjects,step_started,started,18.75,3,16
cp_tutorial_advanced_segmentation_final,4,12,1791469964.71361,1956348,worker_0,W005,IdentifySecondaryObjects,pattern_group,running,100.0,1,1
cp_tutorial_advanced_segmentation_final,4,12,1791469964.7145538,1956348,worker_0,W005,IdentifySecondaryObjects,step_completed,success,18.75,3,16
cp_tutorial_advanced_segmentation_final,4,12,1791469964.7154803,1956348,worker_0,W005,IdentifyTertiaryObjects,step_started,started,18.75,3,16
cp_tutorial_advanced_segmentation_final,4,12,1791469964.7441258,1956350,worker_2,W007,IdentifySecondaryObjects,pattern_group,running,100.0,1,1
cp_tutorial_advanced_segmentation_final,4,12,1791469964.7451694,1956350,worker_2,W007,IdentifySecondaryObjects,step_completed,success,18.75,3,16
cp_tutorial_advanced_segmentation_final,4,12,1791469964.7460797,1956350,worker_2,W007,IdentifyTertiaryObjects,step_started,started,18.75,3,16
cp_tutorial_advanced_segmentation_final,4,12,1791469964.7623117,1956351,worker_3,W008,IdentifyTertiaryObjects,pattern_group,running,100.0,1,1
cp_tutorial_advanced_segmentation_final,4,12,1791469964.7631633,1956351,worker_3,W008,IdentifyTertiaryObjects,step_completed,success,25.0,4,16
cp_tutorial_advanced_segmentation_final,4,12,1791469964.7658083,1956349,worker_1,W006,IdentifyPrimaryObjects,pattern_group,running,100.0,1,1
cp_tutorial_advanced_segmentation_final,4,12,1791469964.7647285,1956351,worker_3,W008,EnhanceOrSuppressFeatures,step_started,started,25.0,4,16
cp_tutorial_advanced_segmentation_final,4,12,1791469964.7667582,1956349,worker_1,W006,IdentifyPrimaryObjects,step_completed,success,43.75,7,16
cp_tutorial_advanced_segmentation_final,4,12,1791469964.7680223,1956349,worker_1,W006,MaskImage,step_started,started,43.75,7,16
cp_tutorial_advanced_segmentation_final,4,12,1791469964.7730706,1956348,worker_0,W005,IdentifyTertiaryObjects,pattern_group,running,100.0,1,1
cp_tutorial_advanced_segmentation_final,4,12,1791469964.7738628,1956348,worker_0,W005,IdentifyTertiaryObjects,step_completed,success,25.0,4,16
cp_tutorial_advanced_segmentation_final,4,12,1791469964.775534,1956348,worker_0,W005,EnhanceOrSuppressFeatures,step_started,started,25.0,4,16
cp_tutorial_advanced_segmentation_final,4,12,1791469964.778537,1956351,worker_3,W008,EnhanceOrSuppressFeatures,pattern_group,running,100.0,1,1
cp_tutorial_advanced_segmentation_final,4,12,1791469964.779008,1956351,worker_3,W008,EnhanceOrSuppressFeatures,step_completed,success,31.25,5,16
cp_tutorial_advanced_segmentation_final,4,12,1791469964.779826,1956351,worker_3,W008,MaskImage,step_started,started,31.25,5,16
cp_tutorial_advanced_segmentation_final,4,12,1791469964.7820144,1956349,worker_1,W006,MaskImage,pattern_group,running,100.0,1,1
cp_tutorial_advanced_segmentation_final,4,12,1791469964.7829466,1956349,worker_1,W006,MaskImage,step_completed,success,50.0,8,16
cp_tutorial_advanced_segmentation_final,4,12,1791469964.7836485,1956349,worker_1,W006,IdentifyPrimaryObjects,step_started,started,50.0,8,16
cp_tutorial_advanced_segmentation_final,4,12,1791469964.7875397,1956348,worker_0,W005,EnhanceOrSuppressFeatures,pattern_group,running,100.0,1,1
cp_tutorial_advanced_segmentation_final,4,12,1791469964.7878935,1956348,worker_0,W005,EnhanceOrSuppressFeatures,step_completed,success,31.25,5,16
cp_tutorial_advanced_segmentation_final,4,12,1791469964.7885876,1956348,worker_0,W005,MaskImage,step_started,started,31.25,5,16
cp_tutorial_advanced_segmentation_final,4,12,1791469964.7890718,1956351,worker_3,W008,MaskImage,pattern_group,running,100.0,1,1
cp_tutorial_advanced_segmentation_final,4,12,1791469964.7895503,1956351,worker_3,W008,MaskImage,step_completed,success,37.5,6,16
cp_tutorial_advanced_segmentation_final,4,12,1791469964.7904603,1956351,worker_3,W008,IdentifyPrimaryObjects,step_started,started,37.5,6,16
cp_tutorial_advanced_segmentation_final,4,12,1791469964.7970417,1956348,worker_0,W005,MaskImage,pattern_group,running,100.0,1,1
cp_tutorial_advanced_segmentation_final,4,12,1791469964.798005,1956348,worker_0,W005,MaskImage,step_completed,success,37.5,6,16
cp_tutorial_advanced_segmentation_final,4,12,1791469964.7989728,1956348,worker_0,W005,IdentifyPrimaryObjects,step_started,started,37.5,6,16
cp_tutorial_advanced_segmentation_final,4,12,1791469964.8010309,1956350,worker_2,W007,IdentifyTertiaryObjects,pattern_group,running,100.0,1,1
cp_tutorial_advanced_segmentation_final,4,12,1791469964.8019135,1956350,worker_2,W007,IdentifyTertiaryObjects,step_completed,success,25.0,4,16
cp_tutorial_advanced_segmentation_final,4,12,1791469964.8029144,1956350,worker_2,W007,EnhanceOrSuppressFeatures,step_started,started,25.0,4,16
cp_tutorial_advanced_segmentation_final,4,12,1791469964.817785,1956350,worker_2,W007,EnhanceOrSuppressFeatures,pattern_group,running,100.0,1,1
cp_tutorial_advanced_segmentation_final,4,12,1791469964.8183994,1956350,worker_2,W007,EnhanceOrSuppressFeatures,step_completed,success,31.25,5,16
cp_tutorial_advanced_segmentation_final,4,12,1791469964.8191898,1956350,worker_2,W007,MaskImage,step_started,started,31.25,5,16
cp_tutorial_advanced_segmentation_final,4,12,1791469964.8310418,1956350,worker_2,W007,MaskImage,pattern_group,running,100.0,1,1
cp_tutorial_advanced_segmentation_final,4,12,1791469964.8317363,1956350,worker_2,W007,MaskImage,step_completed,success,37.5,6,16
cp_tutorial_advanced_segmentation_final,4,12,1791469964.8331828,1956350,worker_2,W007,IdentifyPrimaryObjects,step_started,started,37.5,6,16
cp_tutorial_advanced_segmentation_final,4,12,1791469964.8927689,1956349,worker_1,W006,IdentifyPrimaryObjects,pattern_group,running,100.0,1,1
cp_tutorial_advanced_segmentation_final,4,12,1791469964.8928466,1956351,worker_3,W008,IdentifyPrimaryObjects,pattern_group,running,100.0,1,1
cp_tutorial_advanced_segmentation_final,4,12,1791469964.8937373,1956349,worker_1,W006,IdentifyPrimaryObjects,step_completed,success,56.25,9,16
cp_tutorial_advanced_segmentation_final,4,12,1791469964.894988,1956349,worker_1,W006,MeasureColocalization,step_started,started,56.25,9,16
cp_tutorial_advanced_segmentation_final,4,12,1791469964.8938663,1956351,worker_3,W008,IdentifyPrimaryObjects,step_completed,success,43.75,7,16
cp_tutorial_advanced_segmentation_final,4,12,1791469964.894971,1956351,worker_3,W008,MaskImage,step_started,started,43.75,7,16
cp_tutorial_advanced_segmentation_final,4,12,1791469964.9053648,1956348,worker_0,W005,IdentifyPrimaryObjects,pattern_group,running,100.0,1,1
cp_tutorial_advanced_segmentation_final,4,12,1791469964.9059536,1956351,worker_3,W008,MaskImage,pattern_group,running,100.0,1,1
cp_tutorial_advanced_segmentation_final,4,12,1791469964.906427,1956351,worker_3,W008,MaskImage,step_completed,success,50.0,8,16
cp_tutorial_advanced_segmentation_final,4,12,1791469964.906778,1956348,worker_0,W005,IdentifyPrimaryObjects,step_completed,success,43.75,7,16
cp_tutorial_advanced_segmentation_final,4,12,1791469964.9074788,1956351,worker_3,W008,IdentifyPrimaryObjects,step_started,started,50.0,8,16
cp_tutorial_advanced_segmentation_final,4,12,1791469964.9089072,1956348,worker_0,W005,MaskImage,step_started,started,43.75,7,16
cp_tutorial_advanced_segmentation_final,4,12,1791469964.9209936,1956348,worker_0,W005,MaskImage,pattern_group,running,100.0,1,1
cp_tutorial_advanced_segmentation_final,4,12,1791469964.9214225,1956348,worker_0,W005,MaskImage,step_completed,success,50.0,8,16
cp_tutorial_advanced_segmentation_final,4,12,1791469964.9224486,1956348,worker_0,W005,IdentifyPrimaryObjects,step_started,started,50.0,8,16
cp_tutorial_advanced_segmentation_final,4,12,1791469964.9433432,1956350,worker_2,W007,IdentifyPrimaryObjects,pattern_group,running,100.0,1,1
cp_tutorial_advanced_segmentation_final,4,12,1791469964.9445496,1956350,worker_2,W007,IdentifyPrimaryObjects,step_completed,success,43.75,7,16
cp_tutorial_advanced_segmentation_final,4,12,1791469964.9461687,1956350,worker_2,W007,MaskImage,step_started,started,43.75,7,16
cp_tutorial_advanced_segmentation_final,4,12,1791469964.9599874,1956350,worker_2,W007,MaskImage,pattern_group,running,100.0,1,1
cp_tutorial_advanced_segmentation_final,4,12,1791469964.9603124,1956350,worker_2,W007,MaskImage,step_completed,success,50.0,8,16
cp_tutorial_advanced_segmentation_final,4,12,1791469964.9609537,1956350,worker_2,W007,IdentifyPrimaryObjects,step_started,started,50.0,8,16
cp_tutorial_advanced_segmentation_final,4,12,1791469965.016551,1956351,worker_3,W008,IdentifyPrimaryObjects,pattern_group,running,100.0,1,1
cp_tutorial_advanced_segmentation_final,4,12,1791469965.0175617,1956351,worker_3,W008,IdentifyPrimaryObjects,step_completed,success,56.25,9,16
cp_tutorial_advanced_segmentation_final,4,12,1791469965.0188313,1956351,worker_3,W008,MeasureColocalization,step_started,started,56.25,9,16
cp_tutorial_advanced_segmentation_final,4,12,1791469965.036698,1956348,worker_0,W005,IdentifyPrimaryObjects,pattern_group,running,100.0,1,1
cp_tutorial_advanced_segmentation_final,4,12,1791469965.0383136,1956348,worker_0,W005,IdentifyPrimaryObjects,step_completed,success,56.25,9,16
cp_tutorial_advanced_segmentation_final,4,12,1791469965.040814,1956348,worker_0,W005,MeasureColocalization,step_started,started,56.25,9,16
cp_tutorial_advanced_segmentation_final,4,12,1791469965.0691442,1956350,worker_2,W007,IdentifyPrimaryObjects,pattern_group,running,100.0,1,1
cp_tutorial_advanced_segmentation_final,4,12,1791469965.070197,1956350,worker_2,W007,IdentifyPrimaryObjects,step_completed,success,56.25,9,16
cp_tutorial_advanced_segmentation_final,4,12,1791469965.0722778,1956350,worker_2,W007,MeasureColocalization,step_started,started,56.25,9,16
cp_tutorial_advanced_segmentation_final,4,12,1791469965.6386766,1956349,worker_1,W006,MeasureColocalization,pattern_group,running,50.0,1,2
cp_tutorial_advanced_segmentation_final,4,12,1791469965.7344391,1956351,worker_3,W008,MeasureColocalization,pattern_group,running,50.0,1,2
cp_tutorial_advanced_segmentation_final,4,12,1791469965.7644038,1956348,worker_0,W005,MeasureColocalization,pattern_group,running,50.0,1,2
cp_tutorial_advanced_segmentation_final,4,12,1791469965.8036003,1956350,worker_2,W007,MeasureColocalization,pattern_group,running,50.0,1,2
cp_tutorial_advanced_segmentation_final,4,12,1791469966.3343139,1956349,worker_1,W006,MeasureColocalization,pattern_group,running,100.0,2,2
cp_tutorial_advanced_segmentation_final,4,12,1791469966.3395317,1956349,worker_1,W006,MeasureColocalization,step_completed,success,62.5,10,16
cp_tutorial_advanced_segmentation_final,4,12,1791469966.3408027,1956349,worker_1,W006,MeasureObjectIntensity,step_started,started,62.5,10,16
cp_tutorial_advanced_segmentation_final,4,12,1791469966.4141066,1956351,worker_3,W008,MeasureColocalization,pattern_group,running,100.0,2,2
cp_tutorial_advanced_segmentation_final,4,12,1791469966.4192226,1956351,worker_3,W008,MeasureColocalization,step_completed,success,62.5,10,16
cp_tutorial_advanced_segmentation_final,4,12,1791469966.420158,1956351,worker_3,W008,MeasureObjectIntensity,step_started,started,62.5,10,16
cp_tutorial_advanced_segmentation_final,4,12,1791469966.4607437,1956348,worker_0,W005,MeasureColocalization,pattern_group,running,100.0,2,2
cp_tutorial_advanced_segmentation_final,4,12,1791469966.4664414,1956348,worker_0,W005,MeasureColocalization,step_completed,success,62.5,10,16
cp_tutorial_advanced_segmentation_final,4,12,1791469966.4676902,1956348,worker_0,W005,MeasureObjectIntensity,step_started,started,62.5,10,16
cp_tutorial_advanced_segmentation_final,4,12,1791469966.5059528,1956350,worker_2,W007,MeasureColocalization,pattern_group,running,100.0,2,2
cp_tutorial_advanced_segmentation_final,4,12,1791469966.5114436,1956350,worker_2,W007,MeasureColocalization,step_completed,success,62.5,10,16
cp_tutorial_advanced_segmentation_final,4,12,1791469966.5127344,1956350,worker_2,W007,MeasureObjectIntensity,step_started,started,62.5,10,16
cp_tutorial_advanced_segmentation_final,4,12,1791469966.805888,1956349,worker_1,W006,MeasureObjectIntensity,pattern_group,running,50.0,1,2
cp_tutorial_advanced_segmentation_final,4,12,1791469966.8636818,1956351,worker_3,W008,MeasureObjectIntensity,pattern_group,running,50.0,1,2
cp_tutorial_advanced_segmentation_final,4,12,1791469966.920382,1956348,worker_0,W005,MeasureObjectIntensity,pattern_group,running,50.0,1,2
cp_tutorial_advanced_segmentation_final,4,12,1791469966.9215717,1956349,worker_1,W006,MeasureObjectIntensity,pattern_group,running,100.0,2,2
cp_tutorial_advanced_segmentation_final,4,12,1791469966.9259095,1956349,worker_1,W006,MeasureObjectIntensity,step_completed,success,68.75,11,16
cp_tutorial_advanced_segmentation_final,4,12,1791469966.9313183,1956349,worker_1,W006,MeasureObjectIntensityDistribution,step_started,started,68.75,11,16
cp_tutorial_advanced_segmentation_final,4,12,1791469966.9698257,1956350,worker_2,W007,MeasureObjectIntensity,pattern_group,running,50.0,1,2
cp_tutorial_advanced_segmentation_final,4,12,1791469966.9804912,1956351,worker_3,W008,MeasureObjectIntensity,pattern_group,running,100.0,2,2
cp_tutorial_advanced_segmentation_final,4,12,1791469966.9839768,1956351,worker_3,W008,MeasureObjectIntensity,step_completed,success,68.75,11,16
cp_tutorial_advanced_segmentation_final,4,12,1791469966.9855251,1956351,worker_3,W008,MeasureObjectIntensityDistribution,step_started,started,68.75,11,16
cp_tutorial_advanced_segmentation_final,4,12,1791469967.0390754,1956348,worker_0,W005,MeasureObjectIntensity,pattern_group,running,100.0,2,2
cp_tutorial_advanced_segmentation_final,4,12,1791469967.0425704,1956348,worker_0,W005,MeasureObjectIntensity,step_completed,success,68.75,11,16
cp_tutorial_advanced_segmentation_final,4,12,1791469967.0444505,1956348,worker_0,W005,MeasureObjectIntensityDistribution,step_started,started,68.75,11,16
cp_tutorial_advanced_segmentation_final,4,12,1791469967.0700555,1956349,worker_1,W006,MeasureObjectIntensityDistribution,pattern_group,running,50.0,1,2
cp_tutorial_advanced_segmentation_final,4,12,1791469967.088321,1956350,worker_2,W007,MeasureObjectIntensity,pattern_group,running,100.0,2,2
cp_tutorial_advanced_segmentation_final,4,12,1791469967.091872,1956350,worker_2,W007,MeasureObjectIntensity,step_completed,success,68.75,11,16
cp_tutorial_advanced_segmentation_final,4,12,1791469967.0934775,1956350,worker_2,W007,MeasureObjectIntensityDistribution,step_started,started,68.75,11,16
cp_tutorial_advanced_segmentation_final,4,12,1791469967.114233,1956351,worker_3,W008,MeasureObjectIntensityDistribution,pattern_group,running,50.0,1,2
cp_tutorial_advanced_segmentation_final,4,12,1791469967.1263087,1956349,worker_1,W006,MeasureObjectIntensityDistribution,pattern_group,running,100.0,2,2
cp_tutorial_advanced_segmentation_final,4,12,1791469967.12949,1956349,worker_1,W006,MeasureObjectIntensityDistribution,step_completed,success,75.0,12,16
cp_tutorial_advanced_segmentation_final,4,12,1791469967.134206,1956349,worker_1,W006,MeasureObjectSizeShape,step_started,started,75.0,12,16
cp_tutorial_advanced_segmentation_final,4,12,1791469967.1603076,1956348,worker_0,W005,MeasureObjectIntensityDistribution,pattern_group,running,50.0,1,2
cp_tutorial_advanced_segmentation_final,4,12,1791469967.171481,1956351,worker_3,W008,MeasureObjectIntensityDistribution,pattern_group,running,100.0,2,2
cp_tutorial_advanced_segmentation_final,4,12,1791469967.174445,1956351,worker_3,W008,MeasureObjectIntensityDistribution,step_completed,success,75.0,12,16
cp_tutorial_advanced_segmentation_final,4,12,1791469967.176076,1956351,worker_3,W008,MeasureObjectSizeShape,step_started,started,75.0,12,16
cp_tutorial_advanced_segmentation_final,4,12,1791469967.2117145,1956348,worker_0,W005,MeasureObjectIntensityDistribution,pattern_group,running,100.0,2,2
cp_tutorial_advanced_segmentation_final,4,12,1791469967.2132766,1956350,worker_2,W007,MeasureObjectIntensityDistribution,pattern_group,running,50.0,1,2
cp_tutorial_advanced_segmentation_final,4,12,1791469967.214664,1956348,worker_0,W005,MeasureObjectIntensityDistribution,step_completed,success,75.0,12,16
cp_tutorial_advanced_segmentation_final,4,12,1791469967.2163742,1956348,worker_0,W005,MeasureObjectSizeShape,step_started,started,75.0,12,16
cp_tutorial_advanced_segmentation_final,4,12,1791469967.2649877,1956350,worker_2,W007,MeasureObjectIntensityDistribution,pattern_group,running,100.0,2,2
cp_tutorial_advanced_segmentation_final,4,12,1791469967.268055,1956350,worker_2,W007,MeasureObjectIntensityDistribution,step_completed,success,75.0,12,16
cp_tutorial_advanced_segmentation_final,4,12,1791469967.2696035,1956350,worker_2,W007,MeasureObjectSizeShape,step_started,started,75.0,12,16
cp_tutorial_advanced_segmentation_final,4,12,1791469967.5981379,1956349,worker_1,W006,MeasureObjectSizeShape,pattern_group,running,25.0,1,4
cp_tutorial_advanced_segmentation_final,4,12,1791469967.642027,1956351,worker_3,W008,MeasureObjectSizeShape,pattern_group,running,25.0,1,4
cp_tutorial_advanced_segmentation_final,4,12,1791469967.668214,1956348,worker_0,W005,MeasureObjectSizeShape,pattern_group,running,25.0,1,4
cp_tutorial_advanced_segmentation_final,4,12,1791469967.6962514,1956349,worker_1,W006,MeasureObjectSizeShape,pattern_group,running,50.0,2,4
cp_tutorial_advanced_segmentation_final,4,12,1791469967.7197864,1956350,worker_2,W007,MeasureObjectSizeShape,pattern_group,running,25.0,1,4
cp_tutorial_advanced_segmentation_final,4,12,1791469967.740187,1956351,worker_3,W008,MeasureObjectSizeShape,pattern_group,running,50.0,2,4
cp_tutorial_advanced_segmentation_final,4,12,1791469967.7670922,1956348,worker_0,W005,MeasureObjectSizeShape,pattern_group,running,50.0,2,4
cp_tutorial_advanced_segmentation_final,4,12,1791469967.7819579,1956349,worker_1,W006,MeasureObjectSizeShape,pattern_group,running,75.0,3,4
cp_tutorial_advanced_segmentation_final,4,12,1791469967.8201628,1956350,worker_2,W007,MeasureObjectSizeShape,pattern_group,running,50.0,2,4
cp_tutorial_advanced_segmentation_final,4,12,1791469967.8246918,1956349,worker_1,W006,MeasureObjectSizeShape,pattern_group,running,100.0,4,4
cp_tutorial_advanced_segmentation_final,4,12,1791469967.826825,1956351,worker_3,W008,MeasureObjectSizeShape,pattern_group,running,75.0,3,4
cp_tutorial_advanced_segmentation_final,4,12,1791469967.8306556,1956349,worker_1,W006,MeasureObjectSizeShape,step_completed,success,81.25,13,16
cp_tutorial_advanced_segmentation_final,4,12,1791469967.8330235,1956349,worker_1,W006,MeasureObjectNeighbors,step_started,started,81.25,13,16
cp_tutorial_advanced_segmentation_final,4,12,1791469967.8634663,1956348,worker_0,W005,MeasureObjectSizeShape,pattern_group,running,75.0,3,4
cp_tutorial_advanced_segmentation_final,4,12,1791469967.8809586,1956351,worker_3,W008,MeasureObjectSizeShape,pattern_group,running,100.0,4,4
cp_tutorial_advanced_segmentation_final,4,12,1791469967.8867116,1956351,worker_3,W008,MeasureObjectSizeShape,step_completed,success,81.25,13,16
cp_tutorial_advanced_segmentation_final,4,12,1791469967.8874328,1956349,worker_1,W006,MeasureObjectNeighbors,pattern_group,running,33.33333333333333,1,3
cp_tutorial_advanced_segmentation_final,4,12,1791469967.8890898,1956351,worker_3,W008,MeasureObjectNeighbors,step_started,started,81.25,13,16
cp_tutorial_advanced_segmentation_final,4,12,1791469967.9085112,1956350,worker_2,W007,MeasureObjectSizeShape,pattern_group,running,75.0,3,4
cp_tutorial_advanced_segmentation_final,4,12,1791469967.9120169,1956348,worker_0,W005,MeasureObjectSizeShape,pattern_group,running,100.0,4,4
cp_tutorial_advanced_segmentation_final,4,12,1791469967.9179964,1956348,worker_0,W005,MeasureObjectSizeShape,step_completed,success,81.25,13,16
cp_tutorial_advanced_segmentation_final,4,12,1791469967.9207227,1956348,worker_0,W005,MeasureObjectNeighbors,step_started,started,81.25,13,16
cp_tutorial_advanced_segmentation_final,4,12,1791469967.9522595,1956349,worker_1,W006,MeasureObjectNeighbors,pattern_group,running,66.66666666666666,2,3
cp_tutorial_advanced_segmentation_final,4,12,1791469967.9614146,1956351,worker_3,W008,MeasureObjectNeighbors,pattern_group,running,33.33333333333333,1,3
cp_tutorial_advanced_segmentation_final,4,12,1791469967.9644246,1956350,worker_2,W007,MeasureObjectSizeShape,pattern_group,running,100.0,4,4
cp_tutorial_advanced_segmentation_final,4,12,1791469967.9717073,1956350,worker_2,W007,MeasureObjectSizeShape,step_completed,success,81.25,13,16
cp_tutorial_advanced_segmentation_final,4,12,1791469967.9741356,1956350,worker_2,W007,MeasureObjectNeighbors,step_started,started,81.25,13,16
cp_tutorial_advanced_segmentation_final,4,12,1791469967.9877825,1956348,worker_0,W005,MeasureObjectNeighbors,pattern_group,running,33.33333333333333,1,3
cp_tutorial_advanced_segmentation_final,4,12,1791469968.0101578,1956351,worker_3,W008,MeasureObjectNeighbors,pattern_group,running,66.66666666666666,2,3
cp_tutorial_advanced_segmentation_final,4,12,1791469968.0343902,1956349,worker_1,W006,MeasureObjectNeighbors,pattern_group,running,100.0,3,3
cp_tutorial_advanced_segmentation_final,4,12,1791469968.0363677,1956349,worker_1,W006,MeasureObjectNeighbors,step_completed,success,87.5,14,16
cp_tutorial_advanced_segmentation_final,4,12,1791469968.0389555,1956349,worker_1,W006,RelateObjects,step_started,started,87.5,14,16
cp_tutorial_advanced_segmentation_final,4,12,1791469968.0406241,1956348,worker_0,W005,MeasureObjectNeighbors,pattern_group,running,66.66666666666666,2,3
cp_tutorial_advanced_segmentation_final,4,12,1791469968.0421264,1956350,worker_2,W007,MeasureObjectNeighbors,pattern_group,running,33.33333333333333,1,3
cp_tutorial_advanced_segmentation_final,4,12,1791469968.0836456,1956351,worker_3,W008,MeasureObjectNeighbors,pattern_group,running,100.0,3,3
cp_tutorial_advanced_segmentation_final,4,12,1791469968.0851326,1956351,worker_3,W008,MeasureObjectNeighbors,step_completed,success,87.5,14,16
cp_tutorial_advanced_segmentation_final,4,12,1791469968.0864482,1956351,worker_3,W008,RelateObjects,step_started,started,87.5,14,16
cp_tutorial_advanced_segmentation_final,4,12,1791469968.0937016,1956350,worker_2,W007,MeasureObjectNeighbors,pattern_group,running,66.66666666666666,2,3
cp_tutorial_advanced_segmentation_final,4,12,1791469968.1131468,1956348,worker_0,W005,MeasureObjectNeighbors,pattern_group,running,100.0,3,3
cp_tutorial_advanced_segmentation_final,4,12,1791469968.1145499,1956348,worker_0,W005,MeasureObjectNeighbors,step_completed,success,87.5,14,16
cp_tutorial_advanced_segmentation_final,4,12,1791469968.1155367,1956348,worker_0,W005,RelateObjects,step_started,started,87.5,14,16
cp_tutorial_advanced_segmentation_final,4,12,1791469968.1640408,1956350,worker_2,W007,MeasureObjectNeighbors,pattern_group,running,100.0,3,3
cp_tutorial_advanced_segmentation_final,4,12,1791469968.1653965,1956350,worker_2,W007,MeasureObjectNeighbors,step_completed,success,87.5,14,16
cp_tutorial_advanced_segmentation_final,4,12,1791469968.166439,1956350,worker_2,W007,RelateObjects,step_started,started,87.5,14,16
cp_tutorial_advanced_segmentation_final,4,12,1791469968.2345796,1956349,worker_1,W006,RelateObjects,pattern_group,running,50.0,1,2
cp_tutorial_advanced_segmentation_final,4,12,1791469968.2786412,1956351,worker_3,W008,RelateObjects,pattern_group,running,50.0,1,2
cp_tutorial_advanced_segmentation_final,4,12,1791469968.3074136,1956348,worker_0,W005,RelateObjects,pattern_group,running,50.0,1,2
cp_tutorial_advanced_segmentation_final,4,12,1791469968.3567529,1956350,worker_2,W007,RelateObjects,pattern_group,running,50.0,1,2
cp_tutorial_advanced_segmentation_final,4,12,1791469968.626725,1956349,worker_1,W006,RelateObjects,pattern_group,running,100.0,2,2
cp_tutorial_advanced_segmentation_final,4,12,1791469968.6318657,1956349,worker_1,W006,RelateObjects,step_completed,success,93.75,15,16
cp_tutorial_advanced_segmentation_final,4,12,1791469968.6343386,1956349,worker_1,W006,pipeline,axis_completed,success,93.75,15,16
cp_tutorial_advanced_segmentation_final,4,12,1791469968.6344278,1956349,worker_1,W010,pipeline,axis_started,started,0.0,0,16
cp_tutorial_advanced_segmentation_final,4,12,1791469968.6383638,1956349,worker_1,W010,CorrectIlluminationApply,step_started,started,0.0,0,16
cp_tutorial_advanced_segmentation_final,4,12,1791469968.6848962,1956351,worker_3,W008,RelateObjects,pattern_group,running,100.0,2,2
cp_tutorial_advanced_segmentation_final,4,12,1791469968.6903024,1956351,worker_3,W008,RelateObjects,step_completed,success,93.75,15,16
cp_tutorial_advanced_segmentation_final,4,12,1791469968.6951158,1956349,worker_1,W010,CorrectIlluminationApply,pattern_group,running,20.0,1,5
cp_tutorial_advanced_segmentation_final,4,12,1791469968.6966045,1956351,worker_3,W008,pipeline,axis_completed,success,93.75,15,16
cp_tutorial_advanced_segmentation_final,4,12,1791469968.6966825,1956351,worker_3,W012,pipeline,axis_started,started,0.0,0,16
cp_tutorial_advanced_segmentation_final,4,12,1791469968.7039237,1956351,worker_3,W012,CorrectIlluminationApply,step_started,started,0.0,0,16
cp_tutorial_advanced_segmentation_final,4,12,1791469968.7075663,1956348,worker_0,W005,RelateObjects,pattern_group,running,100.0,2,2
cp_tutorial_advanced_segmentation_final,4,12,1791469968.7129176,1956348,worker_0,W005,RelateObjects,step_completed,success,93.75,15,16
cp_tutorial_advanced_segmentation_final,4,12,1791469968.7182088,1956348,worker_0,W005,pipeline,axis_completed,success,93.75,15,16
cp_tutorial_advanced_segmentation_final,4,12,1791469968.7203383,1956348,worker_0,W009,pipeline,axis_started,started,0.0,0,16
cp_tutorial_advanced_segmentation_final,4,12,1791469968.7245934,1956349,worker_1,W010,CorrectIlluminationApply,pattern_group,running,40.0,2,5
cp_tutorial_advanced_segmentation_final,4,12,1791469968.725704,1956348,worker_0,W009,CorrectIlluminationApply,step_started,started,0.0,0,16
cp_tutorial_advanced_segmentation_final,4,12,1791469968.7536628,1956349,worker_1,W010,CorrectIlluminationApply,pattern_group,running,60.0,3,5
cp_tutorial_advanced_segmentation_final,4,12,1791469968.7557259,1956350,worker_2,W007,RelateObjects,pattern_group,running,100.0,2,2
cp_tutorial_advanced_segmentation_final,4,12,1791469968.761298,1956350,worker_2,W007,RelateObjects,step_completed,success,93.75,15,16
cp_tutorial_advanced_segmentation_final,4,12,1791469968.7639668,1956350,worker_2,W007,pipeline,axis_completed,success,93.75,15,16
cp_tutorial_advanced_segmentation_final,4,12,1791469968.764082,1956350,worker_2,W011,pipeline,axis_started,started,0.0,0,16
cp_tutorial_advanced_segmentation_final,4,12,1791469968.7679193,1956350,worker_2,W011,CorrectIlluminationApply,step_started,started,0.0,0,16
cp_tutorial_advanced_segmentation_final,4,12,1791469968.7793992,1956351,worker_3,W012,CorrectIlluminationApply,pattern_group,running,20.0,1,5
cp_tutorial_advanced_segmentation_final,4,12,1791469968.7845724,1956349,worker_1,W010,CorrectIlluminationApply,pattern_group,running,80.0,4,5
cp_tutorial_advanced_segmentation_final,4,12,1791469968.7967176,1956348,worker_0,W009,CorrectIlluminationApply,pattern_group,running,20.0,1,5
cp_tutorial_advanced_segmentation_final,4,12,1791469968.811068,1956351,worker_3,W012,CorrectIlluminationApply,pattern_group,running,40.0,2,5
cp_tutorial_advanced_segmentation_final,4,12,1791469968.814917,1956349,worker_1,W010,CorrectIlluminationApply,pattern_group,running,100.0,5,5
cp_tutorial_advanced_segmentation_final,4,12,1791469968.815457,1956349,worker_1,W010,CorrectIlluminationApply,step_completed,success,6.25,1,16
cp_tutorial_advanced_segmentation_final,4,12,1791469968.8161829,1956349,worker_1,W010,IdentifyPrimaryObjects,step_started,started,6.25,1,16
cp_tutorial_advanced_segmentation_final,4,12,1791469968.829113,1956348,worker_0,W009,CorrectIlluminationApply,pattern_group,running,40.0,2,5
cp_tutorial_advanced_segmentation_final,4,12,1791469968.8294845,1956350,worker_2,W011,CorrectIlluminationApply,pattern_group,running,20.0,1,5
cp_tutorial_advanced_segmentation_final,4,12,1791469968.843541,1956351,worker_3,W012,CorrectIlluminationApply,pattern_group,running,60.0,3,5
cp_tutorial_advanced_segmentation_final,4,12,1791469968.8603983,1956348,worker_0,W009,CorrectIlluminationApply,pattern_group,running,60.0,3,5
cp_tutorial_advanced_segmentation_final,4,12,1791469968.8606725,1956350,worker_2,W011,CorrectIlluminationApply,pattern_group,running,40.0,2,5
cp_tutorial_advanced_segmentation_final,4,12,1791469968.875396,1956351,worker_3,W012,CorrectIlluminationApply,pattern_group,running,80.0,4,5
cp_tutorial_advanced_segmentation_final,4,12,1791469968.8912482,1956348,worker_0,W009,CorrectIlluminationApply,pattern_group,running,80.0,4,5
cp_tutorial_advanced_segmentation_final,4,12,1791469968.8917751,1956350,worker_2,W011,CorrectIlluminationApply,pattern_group,running,60.0,3,5
cp_tutorial_advanced_segmentation_final,4,12,1791469968.9061904,1956351,worker_3,W012,CorrectIlluminationApply,pattern_group,running,100.0,5,5
cp_tutorial_advanced_segmentation_final,4,12,1791469968.9066885,1956351,worker_3,W012,CorrectIlluminationApply,step_completed,success,6.25,1,16
cp_tutorial_advanced_segmentation_final,4,12,1791469968.9074264,1956351,worker_3,W012,IdentifyPrimaryObjects,step_started,started,6.25,1,16
cp_tutorial_advanced_segmentation_final,4,12,1791469968.92379,1956348,worker_0,W009,CorrectIlluminationApply,pattern_group,running,100.0,5,5
cp_tutorial_advanced_segmentation_final,4,12,1791469968.9242656,1956350,worker_2,W011,CorrectIlluminationApply,pattern_group,running,80.0,4,5
cp_tutorial_advanced_segmentation_final,4,12,1791469968.924599,1956348,worker_0,W009,CorrectIlluminationApply,step_completed,success,6.25,1,16
cp_tutorial_advanced_segmentation_final,4,12,1791469968.9254742,1956348,worker_0,W009,IdentifyPrimaryObjects,step_started,started,6.25,1,16
cp_tutorial_advanced_segmentation_final,4,12,1791469968.928461,1956349,worker_1,W010,IdentifyPrimaryObjects,pattern_group,running,100.0,1,1
cp_tutorial_advanced_segmentation_final,4,12,1791469968.92925,1956349,worker_1,W010,IdentifyPrimaryObjects,step_completed,success,12.5,2,16
cp_tutorial_advanced_segmentation_final,4,12,1791469968.9302654,1956349,worker_1,W010,IdentifySecondaryObjects,step_started,started,12.5,2,16
cp_tutorial_advanced_segmentation_final,4,12,1791469968.960146,1956350,worker_2,W011,CorrectIlluminationApply,pattern_group,running,100.0,5,5
cp_tutorial_advanced_segmentation_final,4,12,1791469968.9606318,1956350,worker_2,W011,CorrectIlluminationApply,step_completed,success,6.25,1,16
cp_tutorial_advanced_segmentation_final,4,12,1791469968.9612794,1956350,worker_2,W011,IdentifyPrimaryObjects,step_started,started,6.25,1,16
cp_tutorial_advanced_segmentation_final,4,12,1791469969.0276186,1956351,worker_3,W012,IdentifyPrimaryObjects,pattern_group,running,100.0,1,1
cp_tutorial_advanced_segmentation_final,4,12,1791469969.0285873,1956351,worker_3,W012,IdentifyPrimaryObjects,step_completed,success,12.5,2,16
cp_tutorial_advanced_segmentation_final,4,12,1791469969.0298045,1956351,worker_3,W012,IdentifySecondaryObjects,step_started,started,12.5,2,16
cp_tutorial_advanced_segmentation_final,4,12,1791469969.0427654,1956348,worker_0,W009,IdentifyPrimaryObjects,pattern_group,running,100.0,1,1
cp_tutorial_advanced_segmentation_final,4,12,1791469969.043991,1956348,worker_0,W009,IdentifyPrimaryObjects,step_completed,success,12.5,2,16
cp_tutorial_advanced_segmentation_final,4,12,1791469969.045086,1956348,worker_0,W009,IdentifySecondaryObjects,step_started,started,12.5,2,16
cp_tutorial_advanced_segmentation_final,4,12,1791469969.073519,1956350,worker_2,W011,IdentifyPrimaryObjects,pattern_group,running,100.0,1,1
cp_tutorial_advanced_segmentation_final,4,12,1791469969.074418,1956350,worker_2,W011,IdentifyPrimaryObjects,step_completed,success,12.5,2,16
cp_tutorial_advanced_segmentation_final,4,12,1791469969.0757456,1956350,worker_2,W011,IdentifySecondaryObjects,step_started,started,12.5,2,16
cp_tutorial_advanced_segmentation_final,4,12,1791469969.2040148,1956349,worker_1,W010,IdentifySecondaryObjects,pattern_group,running,100.0,1,1
cp_tutorial_advanced_segmentation_final,4,12,1791469969.2048466,1956349,worker_1,W010,IdentifySecondaryObjects,step_completed,success,18.75,3,16
cp_tutorial_advanced_segmentation_final,4,12,1791469969.2057085,1956349,worker_1,W010,IdentifyTertiaryObjects,step_started,started,18.75,3,16
cp_tutorial_advanced_segmentation_final,4,12,1791469969.2533817,1956349,worker_1,W010,IdentifyTertiaryObjects,pattern_group,running,100.0,1,1
cp_tutorial_advanced_segmentation_final,4,12,1791469969.2540085,1956349,worker_1,W010,IdentifyTertiaryObjects,step_completed,success,25.0,4,16
cp_tutorial_advanced_segmentation_final,4,12,1791469969.2549188,1956349,worker_1,W010,EnhanceOrSuppressFeatures,step_started,started,25.0,4,16
cp_tutorial_advanced_segmentation_final,4,12,1791469969.2649724,1956349,worker_1,W010,EnhanceOrSuppressFeatures,pattern_group,running,100.0,1,1
cp_tutorial_advanced_segmentation_final,4,12,1791469969.2653732,1956349,worker_1,W010,EnhanceOrSuppressFeatures,step_completed,success,31.25,5,16
cp_tutorial_advanced_segmentation_final,4,12,1791469969.266038,1956349,worker_1,W010,MaskImage,step_started,started,31.25,5,16
cp_tutorial_advanced_segmentation_final,4,12,1791469969.2733805,1956349,worker_1,W010,MaskImage,pattern_group,running,100.0,1,1
cp_tutorial_advanced_segmentation_final,4,12,1791469969.273725,1956349,worker_1,W010,MaskImage,step_completed,success,37.5,6,16
cp_tutorial_advanced_segmentation_final,4,12,1791469969.2745583,1956349,worker_1,W010,IdentifyPrimaryObjects,step_started,started,37.5,6,16
cp_tutorial_advanced_segmentation_final,4,12,1791469969.3012178,1956351,worker_3,W012,IdentifySecondaryObjects,pattern_group,running,100.0,1,1
cp_tutorial_advanced_segmentation_final,4,12,1791469969.302141,1956351,worker_3,W012,IdentifySecondaryObjects,step_completed,success,18.75,3,16
cp_tutorial_advanced_segmentation_final,4,12,1791469969.3032033,1956351,worker_3,W012,IdentifyTertiaryObjects,step_started,started,18.75,3,16
cp_tutorial_advanced_segmentation_final,4,12,1791469969.314369,1956348,worker_0,W009,IdentifySecondaryObjects,pattern_group,running,100.0,1,1
cp_tutorial_advanced_segmentation_final,4,12,1791469969.3156013,1956348,worker_0,W009,IdentifySecondaryObjects,step_completed,success,18.75,3,16
cp_tutorial_advanced_segmentation_final,4,12,1791469969.3172357,1956348,worker_0,W009,IdentifyTertiaryObjects,step_started,started,18.75,3,16
cp_tutorial_advanced_segmentation_final,4,12,1791469969.346918,1956350,worker_2,W011,IdentifySecondaryObjects,pattern_group,running,100.0,1,1
cp_tutorial_advanced_segmentation_final,4,12,1791469969.3484948,1956350,worker_2,W011,IdentifySecondaryObjects,step_completed,success,18.75,3,16
cp_tutorial_advanced_segmentation_final,4,12,1791469969.3503785,1956350,worker_2,W011,IdentifyTertiaryObjects,step_started,started,18.75,3,16
cp_tutorial_advanced_segmentation_final,4,12,1791469969.367674,1956351,worker_3,W012,IdentifyTertiaryObjects,pattern_group,running,100.0,1,1
cp_tutorial_advanced_segmentation_final,4,12,1791469969.3683634,1956351,worker_3,W012,IdentifyTertiaryObjects,step_completed,success,25.0,4,16
cp_tutorial_advanced_segmentation_final,4,12,1791469969.3692803,1956351,worker_3,W012,EnhanceOrSuppressFeatures,step_started,started,25.0,4,16
cp_tutorial_advanced_segmentation_final,4,12,1791469969.3715456,1956349,worker_1,W010,IdentifyPrimaryObjects,pattern_group,running,100.0,1,1
cp_tutorial_advanced_segmentation_final,4,12,1791469969.372426,1956349,worker_1,W010,IdentifyPrimaryObjects,step_completed,success,43.75,7,16
cp_tutorial_advanced_segmentation_final,4,12,1791469969.3736804,1956349,worker_1,W010,MaskImage,step_started,started,43.75,7,16
cp_tutorial_advanced_segmentation_final,4,12,1791469969.379136,1956348,worker_0,W009,IdentifyTertiaryObjects,pattern_group,running,100.0,1,1
cp_tutorial_advanced_segmentation_final,4,12,1791469969.3799245,1956348,worker_0,W009,IdentifyTertiaryObjects,step_completed,success,25.0,4,16
cp_tutorial_advanced_segmentation_final,4,12,1791469969.3803983,1956351,worker_3,W012,EnhanceOrSuppressFeatures,pattern_group,running,100.0,1,1
cp_tutorial_advanced_segmentation_final,4,12,1791469969.3806918,1956351,worker_3,W012,EnhanceOrSuppressFeatures,step_completed,success,31.25,5,16
cp_tutorial_advanced_segmentation_final,4,12,1791469969.3810492,1956348,worker_0,W009,EnhanceOrSuppressFeatures,step_started,started,25.0,4,16
cp_tutorial_advanced_segmentation_final,4,12,1791469969.3814569,1956351,worker_3,W012,MaskImage,step_started,started,31.25,5,16
cp_tutorial_advanced_segmentation_final,4,12,1791469969.385007,1956349,worker_1,W010,MaskImage,pattern_group,running,100.0,1,1
cp_tutorial_advanced_segmentation_final,4,12,1791469969.3855362,1956349,worker_1,W010,MaskImage,step_completed,success,50.0,8,16
cp_tutorial_advanced_segmentation_final,4,12,1791469969.3863118,1956349,worker_1,W010,IdentifyPrimaryObjects,step_started,started,50.0,8,16
cp_tutorial_advanced_segmentation_final,4,12,1791469969.3898444,1956351,worker_3,W012,MaskImage,pattern_group,running,100.0,1,1
cp_tutorial_advanced_segmentation_final,4,12,1791469969.3902926,1956351,worker_3,W012,MaskImage,step_completed,success,37.5,6,16
cp_tutorial_advanced_segmentation_final,4,12,1791469969.3911605,1956351,worker_3,W012,IdentifyPrimaryObjects,step_started,started,37.5,6,16
cp_tutorial_advanced_segmentation_final,4,12,1791469969.3970778,1956348,worker_0,W009,EnhanceOrSuppressFeatures,pattern_group,running,100.0,1,1
cp_tutorial_advanced_segmentation_final,4,12,1791469969.3975217,1956348,worker_0,W009,EnhanceOrSuppressFeatures,step_completed,success,31.25,5,16
cp_tutorial_advanced_segmentation_final,4,12,1791469969.3982277,1956348,worker_0,W009,MaskImage,step_started,started,31.25,5,16
cp_tutorial_advanced_segmentation_final,4,12,1791469969.4068034,1956350,worker_2,W011,IdentifyTertiaryObjects,pattern_group,running,100.0,1,1
cp_tutorial_advanced_segmentation_final,4,12,1791469969.4076889,1956350,worker_2,W011,IdentifyTertiaryObjects,step_completed,success,25.0,4,16
cp_tutorial_advanced_segmentation_final,4,12,1791469969.4098563,1956348,worker_0,W009,MaskImage,pattern_group,running,100.0,1,1
cp_tutorial_advanced_segmentation_final,4,12,1791469969.4091897,1956350,worker_2,W011,EnhanceOrSuppressFeatures,step_started,started,25.0,4,16
cp_tutorial_advanced_segmentation_final,4,12,1791469969.410225,1956348,worker_0,W009,MaskImage,step_completed,success,37.5,6,16
cp_tutorial_advanced_segmentation_final,4,12,1791469969.411367,1956348,worker_0,W009,IdentifyPrimaryObjects,step_started,started,37.5,6,16
cp_tutorial_advanced_segmentation_final,4,12,1791469969.4220104,1956350,worker_2,W011,EnhanceOrSuppressFeatures,pattern_group,running,100.0,1,1
cp_tutorial_advanced_segmentation_final,4,12,1791469969.422913,1956350,worker_2,W011,EnhanceOrSuppressFeatures,step_completed,success,31.25,5,16
cp_tutorial_advanced_segmentation_final,4,12,1791469969.4237494,1956350,worker_2,W011,MaskImage,step_started,started,31.25,5,16
cp_tutorial_advanced_segmentation_final,4,12,1791469969.4344192,1956350,worker_2,W011,MaskImage,pattern_group,running,100.0,1,1
cp_tutorial_advanced_segmentation_final,4,12,1791469969.435259,1956350,worker_2,W011,MaskImage,step_completed,success,37.5,6,16
cp_tutorial_advanced_segmentation_final,4,12,1791469969.4364138,1956350,worker_2,W011,IdentifyPrimaryObjects,step_started,started,37.5,6,16
cp_tutorial_advanced_segmentation_final,4,12,1791469969.4918082,1956351,worker_3,W012,IdentifyPrimaryObjects,pattern_group,running,100.0,1,1
cp_tutorial_advanced_segmentation_final,4,12,1791469969.4928036,1956351,worker_3,W012,IdentifyPrimaryObjects,step_completed,success,43.75,7,16
cp_tutorial_advanced_segmentation_final,4,12,1791469969.494058,1956351,worker_3,W012,MaskImage,step_started,started,43.75,7,16
cp_tutorial_advanced_segmentation_final,4,12,1791469969.4984553,1956349,worker_1,W010,IdentifyPrimaryObjects,pattern_group,running,100.0,1,1
cp_tutorial_advanced_segmentation_final,4,12,1791469969.4993634,1956349,worker_1,W010,IdentifyPrimaryObjects,step_completed,success,56.25,9,16
cp_tutorial_advanced_segmentation_final,4,12,1791469969.5007393,1956349,worker_1,W010,MeasureColocalization,step_started,started,56.25,9,16
cp_tutorial_advanced_segmentation_final,4,12,1791469969.504686,1956351,worker_3,W012,MaskImage,pattern_group,running,100.0,1,1
cp_tutorial_advanced_segmentation_final,4,12,1791469969.505179,1956351,worker_3,W012,MaskImage,step_completed,success,50.0,8,16
cp_tutorial_advanced_segmentation_final,4,12,1791469969.505976,1956351,worker_3,W012,IdentifyPrimaryObjects,step_started,started,50.0,8,16
cp_tutorial_advanced_segmentation_final,4,12,1791469969.5190723,1956348,worker_0,W009,IdentifyPrimaryObjects,pattern_group,running,100.0,1,1
cp_tutorial_advanced_segmentation_final,4,12,1791469969.5201347,1956348,worker_0,W009,IdentifyPrimaryObjects,step_completed,success,43.75,7,16
cp_tutorial_advanced_segmentation_final,4,12,1791469969.5217102,1956348,worker_0,W009,MaskImage,step_started,started,43.75,7,16
cp_tutorial_advanced_segmentation_final,4,12,1791469969.5335464,1956348,worker_0,W009,MaskImage,pattern_group,running,100.0,1,1
cp_tutorial_advanced_segmentation_final,4,12,1791469969.5341256,1956348,worker_0,W009,MaskImage,step_completed,success,50.0,8,16
cp_tutorial_advanced_segmentation_final,4,12,1791469969.5348542,1956348,worker_0,W009,IdentifyPrimaryObjects,step_started,started,50.0,8,16
cp_tutorial_advanced_segmentation_final,4,12,1791469969.5388405,1956350,worker_2,W011,IdentifyPrimaryObjects,pattern_group,running,100.0,1,1
cp_tutorial_advanced_segmentation_final,4,12,1791469969.5397947,1956350,worker_2,W011,IdentifyPrimaryObjects,step_completed,success,43.75,7,16
cp_tutorial_advanced_segmentation_final,4,12,1791469969.5417166,1956350,worker_2,W011,MaskImage,step_started,started,43.75,7,16
cp_tutorial_advanced_segmentation_final,4,12,1791469969.5540543,1956350,worker_2,W011,MaskImage,pattern_group,running,100.0,1,1
cp_tutorial_advanced_segmentation_final,4,12,1791469969.5547304,1956350,worker_2,W011,MaskImage,step_completed,success,50.0,8,16
cp_tutorial_advanced_segmentation_final,4,12,1791469969.5557547,1956350,worker_2,W011,IdentifyPrimaryObjects,step_started,started,50.0,8,16
cp_tutorial_advanced_segmentation_final,4,12,1791469969.6099885,1956351,worker_3,W012,IdentifyPrimaryObjects,pattern_group,running,100.0,1,1
cp_tutorial_advanced_segmentation_final,4,12,1791469969.6110969,1956351,worker_3,W012,IdentifyPrimaryObjects,step_completed,success,56.25,9,16
cp_tutorial_advanced_segmentation_final,4,12,1791469969.6126733,1956351,worker_3,W012,MeasureColocalization,step_started,started,56.25,9,16
cp_tutorial_advanced_segmentation_final,4,12,1791469969.6418445,1956348,worker_0,W009,IdentifyPrimaryObjects,pattern_group,running,100.0,1,1
cp_tutorial_advanced_segmentation_final,4,12,1791469969.6427824,1956348,worker_0,W009,IdentifyPrimaryObjects,step_completed,success,56.25,9,16
cp_tutorial_advanced_segmentation_final,4,12,1791469969.6442482,1956348,worker_0,W009,MeasureColocalization,step_started,started,56.25,9,16
cp_tutorial_advanced_segmentation_final,4,12,1791469969.6594896,1956350,worker_2,W011,IdentifyPrimaryObjects,pattern_group,running,100.0,1,1
cp_tutorial_advanced_segmentation_final,4,12,1791469969.660513,1956350,worker_2,W011,IdentifyPrimaryObjects,step_completed,success,56.25,9,16
cp_tutorial_advanced_segmentation_final,4,12,1791469969.66172,1956350,worker_2,W011,MeasureColocalization,step_started,started,56.25,9,16
cp_tutorial_advanced_segmentation_final,4,12,1791469970.2508695,1956349,worker_1,W010,MeasureColocalization,pattern_group,running,50.0,1,2
cp_tutorial_advanced_segmentation_final,4,12,1791469970.3307633,1956351,worker_3,W012,MeasureColocalization,pattern_group,running,50.0,1,2
cp_tutorial_advanced_segmentation_final,4,12,1791469970.3704073,1956348,worker_0,W009,MeasureColocalization,pattern_group,running,50.0,1,2
cp_tutorial_advanced_segmentation_final,4,12,1791469970.373461,1956350,worker_2,W011,MeasureColocalization,pattern_group,running,50.0,1,2
cp_tutorial_advanced_segmentation_final,4,12,1791469970.9442337,1956349,worker_1,W010,MeasureColocalization,pattern_group,running,100.0,2,2
cp_tutorial_advanced_segmentation_final,4,12,1791469970.9503682,1956349,worker_1,W010,MeasureColocalization,step_completed,success,62.5,10,16
cp_tutorial_advanced_segmentation_final,4,12,1791469970.951838,1956349,worker_1,W010,MeasureObjectIntensity,step_started,started,62.5,10,16
cp_tutorial_advanced_segmentation_final,4,12,1791469971.0183716,1956351,worker_3,W012,MeasureColocalization,pattern_group,running,100.0,2,2
cp_tutorial_advanced_segmentation_final,4,12,1791469971.0237072,1956351,worker_3,W012,MeasureColocalization,step_completed,success,62.5,10,16
cp_tutorial_advanced_segmentation_final,4,12,1791469971.0249283,1956351,worker_3,W012,MeasureObjectIntensity,step_started,started,62.5,10,16
cp_tutorial_advanced_segmentation_final,4,12,1791469971.0592263,1956350,worker_2,W011,MeasureColocalization,pattern_group,running,100.0,2,2
cp_tutorial_advanced_segmentation_final,4,12,1791469971.0643504,1956350,worker_2,W011,MeasureColocalization,step_completed,success,62.5,10,16
cp_tutorial_advanced_segmentation_final,4,12,1791469971.0655608,1956350,worker_2,W011,MeasureObjectIntensity,step_started,started,62.5,10,16
cp_tutorial_advanced_segmentation_final,4,12,1791469971.0780048,1956348,worker_0,W009,MeasureColocalization,pattern_group,running,100.0,2,2
cp_tutorial_advanced_segmentation_final,4,12,1791469971.0834694,1956348,worker_0,W009,MeasureColocalization,step_completed,success,62.5,10,16
cp_tutorial_advanced_segmentation_final,4,12,1791469971.0847468,1956348,worker_0,W009,MeasureObjectIntensity,step_started,started,62.5,10,16
cp_tutorial_advanced_segmentation_final,4,12,1791469971.409632,1956349,worker_1,W010,MeasureObjectIntensity,pattern_group,running,50.0,1,2
cp_tutorial_advanced_segmentation_final,4,12,1791469971.4885707,1956351,worker_3,W012,MeasureObjectIntensity,pattern_group,running,50.0,1,2
cp_tutorial_advanced_segmentation_final,4,12,1791469971.5090058,1956350,worker_2,W011,MeasureObjectIntensity,pattern_group,running,50.0,1,2
cp_tutorial_advanced_segmentation_final,4,12,1791469971.5269716,1956349,worker_1,W010,MeasureObjectIntensity,pattern_group,running,100.0,2,2
cp_tutorial_advanced_segmentation_final,4,12,1791469971.5304227,1956349,worker_1,W010,MeasureObjectIntensity,step_completed,success,68.75,11,16
cp_tutorial_advanced_segmentation_final,4,12,1791469971.531912,1956349,worker_1,W010,MeasureObjectIntensityDistribution,step_started,started,68.75,11,16
cp_tutorial_advanced_segmentation_final,4,12,1791469971.535043,1956348,worker_0,W009,MeasureObjectIntensity,pattern_group,running,50.0,1,2
cp_tutorial_advanced_segmentation_final,4,12,1791469971.6039948,1956351,worker_3,W012,MeasureObjectIntensity,pattern_group,running,100.0,2,2
cp_tutorial_advanced_segmentation_final,4,12,1791469971.607585,1956351,worker_3,W012,MeasureObjectIntensity,step_completed,success,68.75,11,16
cp_tutorial_advanced_segmentation_final,4,12,1791469971.6091325,1956351,worker_3,W012,MeasureObjectIntensityDistribution,step_started,started,68.75,11,16
cp_tutorial_advanced_segmentation_final,4,12,1791469971.6233463,1956350,worker_2,W011,MeasureObjectIntensity,pattern_group,running,100.0,2,2
cp_tutorial_advanced_segmentation_final,4,12,1791469971.626836,1956350,worker_2,W011,MeasureObjectIntensity,step_completed,success,68.75,11,16
cp_tutorial_advanced_segmentation_final,4,12,1791469971.6283634,1956350,worker_2,W011,MeasureObjectIntensityDistribution,step_started,started,68.75,11,16
cp_tutorial_advanced_segmentation_final,4,12,1791469971.6656072,1956348,worker_0,W009,MeasureObjectIntensity,pattern_group,running,100.0,2,2
cp_tutorial_advanced_segmentation_final,4,12,1791469971.6673553,1956349,worker_1,W010,MeasureObjectIntensityDistribution,pattern_group,running,50.0,1,2
cp_tutorial_advanced_segmentation_final,4,12,1791469971.6694367,1956348,worker_0,W009,MeasureObjectIntensity,step_completed,success,68.75,11,16
cp_tutorial_advanced_segmentation_final,4,12,1791469971.670978,1956348,worker_0,W009,MeasureObjectIntensityDistribution,step_started,started,68.75,11,16
cp_tutorial_advanced_segmentation_final,4,12,1791469971.720924,1956349,worker_1,W010,MeasureObjectIntensityDistribution,pattern_group,running,100.0,2,2
cp_tutorial_advanced_segmentation_final,4,12,1791469971.72411,1956349,worker_1,W010,MeasureObjectIntensityDistribution,step_completed,success,75.0,12,16
cp_tutorial_advanced_segmentation_final,4,12,1791469971.7256885,1956349,worker_1,W010,MeasureObjectSizeShape,step_started,started,75.0,12,16
cp_tutorial_advanced_segmentation_final,4,12,1791469971.7280877,1956351,worker_3,W012,MeasureObjectIntensityDistribution,pattern_group,running,50.0,1,2
cp_tutorial_advanced_segmentation_final,4,12,1791469971.7417622,1956350,worker_2,W011,MeasureObjectIntensityDistribution,pattern_group,running,50.0,1,2
cp_tutorial_advanced_segmentation_final,4,12,1791469971.7824814,1956351,worker_3,W012,MeasureObjectIntensityDistribution,pattern_group,running,100.0,2,2
cp_tutorial_advanced_segmentation_final,4,12,1791469971.785456,1956351,worker_3,W012,MeasureObjectIntensityDistribution,step_completed,success,75.0,12,16
cp_tutorial_advanced_segmentation_final,4,12,1791469971.7871473,1956351,worker_3,W012,MeasureObjectSizeShape,step_started,started,75.0,12,16
cp_tutorial_advanced_segmentation_final,4,12,1791469971.7961552,1956350,worker_2,W011,MeasureObjectIntensityDistribution,pattern_group,running,100.0,2,2
cp_tutorial_advanced_segmentation_final,4,12,1791469971.7968285,1956348,worker_0,W009,MeasureObjectIntensityDistribution,pattern_group,running,50.0,1,2
cp_tutorial_advanced_segmentation_final,4,12,1791469971.7993548,1956350,worker_2,W011,MeasureObjectIntensityDistribution,step_completed,success,75.0,12,16
cp_tutorial_advanced_segmentation_final,4,12,1791469971.8041403,1956350,worker_2,W011,MeasureObjectSizeShape,step_started,started,75.0,12,16
cp_tutorial_advanced_segmentation_final,4,12,1791469971.8556983,1956348,worker_0,W009,MeasureObjectIntensityDistribution,pattern_group,running,100.0,2,2
cp_tutorial_advanced_segmentation_final,4,12,1791469971.8585427,1956348,worker_0,W009,MeasureObjectIntensityDistribution,step_completed,success,75.0,12,16
cp_tutorial_advanced_segmentation_final,4,12,1791469971.8599832,1956348,worker_0,W009,MeasureObjectSizeShape,step_started,started,75.0,12,16
cp_tutorial_advanced_segmentation_final,4,12,1791469972.119338,1956349,worker_1,W010,MeasureObjectSizeShape,pattern_group,running,25.0,1,4
cp_tutorial_advanced_segmentation_final,4,12,1791469972.16623,1956351,worker_3,W012,MeasureObjectSizeShape,pattern_group,running,25.0,1,4
cp_tutorial_advanced_segmentation_final,4,12,1791469972.191039,1956350,worker_2,W011,MeasureObjectSizeShape,pattern_group,running,25.0,1,4
cp_tutorial_advanced_segmentation_final,4,12,1791469972.2165837,1956349,worker_1,W010,MeasureObjectSizeShape,pattern_group,running,50.0,2,4
cp_tutorial_advanced_segmentation_final,4,12,1791469972.248011,1956348,worker_0,W009,MeasureObjectSizeShape,pattern_group,running,25.0,1,4
cp_tutorial_advanced_segmentation_final,4,12,1791469972.2638106,1956351,worker_3,W012,MeasureObjectSizeShape,pattern_group,running,50.0,2,4
cp_tutorial_advanced_segmentation_final,4,12,1791469972.2926872,1956350,worker_2,W011,MeasureObjectSizeShape,pattern_group,running,50.0,2,4
cp_tutorial_advanced_segmentation_final,4,12,1791469972.3014987,1956349,worker_1,W010,MeasureObjectSizeShape,pattern_group,running,75.0,3,4
cp_tutorial_advanced_segmentation_final,4,12,1791469972.3432062,1956349,worker_1,W010,MeasureObjectSizeShape,pattern_group,running,100.0,4,4
cp_tutorial_advanced_segmentation_final,4,12,1791469972.3480332,1956351,worker_3,W012,MeasureObjectSizeShape,pattern_group,running,75.0,3,4
cp_tutorial_advanced_segmentation_final,4,12,1791469972.34818,1956348,worker_0,W009,MeasureObjectSizeShape,pattern_group,running,50.0,2,4
cp_tutorial_advanced_segmentation_final,4,12,1791469972.348635,1956349,worker_1,W010,MeasureObjectSizeShape,step_completed,success,81.25,13,16
cp_tutorial_advanced_segmentation_final,4,12,1791469972.350156,1956349,worker_1,W010,MeasureObjectNeighbors,step_started,started,81.25,13,16
cp_tutorial_advanced_segmentation_final,4,12,1791469972.3861022,1956350,worker_2,W011,MeasureObjectSizeShape,pattern_group,running,75.0,3,4
cp_tutorial_advanced_segmentation_final,4,12,1791469972.3912494,1956351,worker_3,W012,MeasureObjectSizeShape,pattern_group,running,100.0,4,4
cp_tutorial_advanced_segmentation_final,4,12,1791469972.3965185,1956351,worker_3,W012,MeasureObjectSizeShape,step_completed,success,81.25,13,16
cp_tutorial_advanced_segmentation_final,4,12,1791469972.399128,1956351,worker_3,W012,MeasureObjectNeighbors,step_started,started,81.25,13,16
cp_tutorial_advanced_segmentation_final,4,12,1791469972.4110756,1956349,worker_1,W010,MeasureObjectNeighbors,pattern_group,running,33.33333333333333,1,3
cp_tutorial_advanced_segmentation_final,4,12,1791469972.43708,1956350,worker_2,W011,MeasureObjectSizeShape,pattern_group,running,100.0,4,4
cp_tutorial_advanced_segmentation_final,4,12,1791469972.4426832,1956350,worker_2,W011,MeasureObjectSizeShape,step_completed,success,81.25,13,16
cp_tutorial_advanced_segmentation_final,4,12,1791469972.444159,1956350,worker_2,W011,MeasureObjectNeighbors,step_started,started,81.25,13,16
cp_tutorial_advanced_segmentation_final,4,12,1791469972.4561753,1956351,worker_3,W012,MeasureObjectNeighbors,pattern_group,running,33.33333333333333,1,3
cp_tutorial_advanced_segmentation_final,4,12,1791469972.4562943,1956348,worker_0,W009,MeasureObjectSizeShape,pattern_group,running,75.0,3,4
cp_tutorial_advanced_segmentation_final,4,12,1791469972.4631677,1956349,worker_1,W010,MeasureObjectNeighbors,pattern_group,running,66.66666666666666,2,3
cp_tutorial_advanced_segmentation_final,4,12,1791469972.5039434,1956351,worker_3,W012,MeasureObjectNeighbors,pattern_group,running,66.66666666666666,2,3
cp_tutorial_advanced_segmentation_final,4,12,1791469972.5104249,1956350,worker_2,W011,MeasureObjectNeighbors,pattern_group,running,33.33333333333333,1,3
cp_tutorial_advanced_segmentation_final,4,12,1791469972.5109026,1956348,worker_0,W009,MeasureObjectSizeShape,pattern_group,running,100.0,4,4
cp_tutorial_advanced_segmentation_final,4,12,1791469972.516478,1956348,worker_0,W009,MeasureObjectSizeShape,step_completed,success,81.25,13,16
cp_tutorial_advanced_segmentation_final,4,12,1791469972.5188222,1956348,worker_0,W009,MeasureObjectNeighbors,step_started,started,81.25,13,16
cp_tutorial_advanced_segmentation_final,4,12,1791469972.5496316,1956349,worker_1,W010,MeasureObjectNeighbors,pattern_group,running,100.0,3,3
cp_tutorial_advanced_segmentation_final,4,12,1791469972.5509846,1956349,worker_1,W010,MeasureObjectNeighbors,step_completed,success,87.5,14,16
cp_tutorial_advanced_segmentation_final,4,12,1791469972.5523787,1956349,worker_1,W010,RelateObjects,step_started,started,87.5,14,16
cp_tutorial_advanced_segmentation_final,4,12,1791469972.565586,1956350,worker_2,W011,MeasureObjectNeighbors,pattern_group,running,66.66666666666666,2,3
cp_tutorial_advanced_segmentation_final,4,12,1791469972.5771134,1956348,worker_0,W009,MeasureObjectNeighbors,pattern_group,running,33.33333333333333,1,3
cp_tutorial_advanced_segmentation_final,4,12,1791469972.588546,1956351,worker_3,W012,MeasureObjectNeighbors,pattern_group,running,100.0,3,3
cp_tutorial_advanced_segmentation_final,4,12,1791469972.5901198,1956351,worker_3,W012,MeasureObjectNeighbors,step_completed,success,87.5,14,16
cp_tutorial_advanced_segmentation_final,4,12,1791469972.5923562,1956351,worker_3,W012,RelateObjects,step_started,started,87.5,14,16
cp_tutorial_advanced_segmentation_final,4,12,1791469972.6228845,1956348,worker_0,W009,MeasureObjectNeighbors,pattern_group,running,66.66666666666666,2,3
cp_tutorial_advanced_segmentation_final,4,12,1791469972.6378453,1956350,worker_2,W011,MeasureObjectNeighbors,pattern_group,running,100.0,3,3
cp_tutorial_advanced_segmentation_final,4,12,1791469972.6392145,1956350,worker_2,W011,MeasureObjectNeighbors,step_completed,success,87.5,14,16
cp_tutorial_advanced_segmentation_final,4,12,1791469972.6399748,1956350,worker_2,W011,RelateObjects,step_started,started,87.5,14,16
cp_tutorial_advanced_segmentation_final,4,12,1791469972.689311,1956348,worker_0,W009,MeasureObjectNeighbors,pattern_group,running,100.0,3,3
cp_tutorial_advanced_segmentation_final,4,12,1791469972.6906378,1956348,worker_0,W009,MeasureObjectNeighbors,step_completed,success,87.5,14,16
cp_tutorial_advanced_segmentation_final,4,12,1791469972.6915762,1956348,worker_0,W009,RelateObjects,step_started,started,87.5,14,16
cp_tutorial_advanced_segmentation_final,4,12,1791469972.7598534,1956349,worker_1,W010,RelateObjects,pattern_group,running,50.0,1,2
cp_tutorial_advanced_segmentation_final,4,12,1791469972.7896402,1956351,worker_3,W012,RelateObjects,pattern_group,running,50.0,1,2
cp_tutorial_advanced_segmentation_final,4,12,1791469972.8296084,1956350,worker_2,W011,RelateObjects,pattern_group,running,50.0,1,2
cp_tutorial_advanced_segmentation_final,4,12,1791469972.8784335,1956348,worker_0,W009,RelateObjects,pattern_group,running,50.0,1,2
cp_tutorial_advanced_segmentation_final,4,12,1791469973.2367048,1956349,worker_1,W010,RelateObjects,pattern_group,running,100.0,2,2
cp_tutorial_advanced_segmentation_final,4,12,1791469973.2420003,1956349,worker_1,W010,RelateObjects,step_completed,success,93.75,15,16
cp_tutorial_advanced_segmentation_final,4,12,1791469973.2446563,1956349,worker_1,W010,pipeline,axis_completed,success,93.75,15,16
cp_tutorial_advanced_segmentation_final,4,12,1791469973.2755518,1956351,worker_3,W012,RelateObjects,pattern_group,running,100.0,2,2
cp_tutorial_advanced_segmentation_final,4,12,1791469973.2810478,1956351,worker_3,W012,RelateObjects,step_completed,success,93.75,15,16
cp_tutorial_advanced_segmentation_final,4,12,1791469973.2836294,1956351,worker_3,W012,pipeline,axis_completed,success,93.75,15,16
cp_tutorial_advanced_segmentation_final,4,12,1791469973.3099442,1956350,worker_2,W011,RelateObjects,pattern_group,running,100.0,2,2
cp_tutorial_advanced_segmentation_final,4,12,1791469973.3153913,1956350,worker_2,W011,RelateObjects,step_completed,success,93.75,15,16
cp_tutorial_advanced_segmentation_final,4,12,1791469973.3821137,1956348,worker_0,W009,RelateObjects,pattern_group,running,100.0,2,2
cp_tutorial_advanced_segmentation_final,4,12,1791469973.3212495,1956350,worker_2,W011,pipeline,axis_completed,success,93.75,15,16
cp_tutorial_advanced_segmentation_final,4,12,1791469973.3872213,1956348,worker_0,W009,RelateObjects,step_completed,success,93.75,15,16
cp_tutorial_advanced_segmentation_final,4,12,1791469973.3894696,1956348,worker_0,W009,pipeline,axis_completed,success,93.75,15,16
cp_tutorial_advanced_segmentation_final,4,12,1791469973.7676144,1955910,,,ExportToDatabase,step_started,started,93.75,15,16
cp_tutorial_advanced_segmentation_final,4,12,1791469975.768307,1955910,,,ExportToDatabase,running,running,93.75,15,16
cp_tutorial_advanced_segmentation_final,4,12,1791469977.768429,1955910,,,ExportToDatabase,running,running,93.75,15,16
cp_tutorial_advanced_segmentation_final,4,12,1791469978.5623922,1955910,,,ExportToDatabase,step_completed,success,100.0,16,16
cp_tutorial_advanced_segmentation_final,4,12,1791469978.5646021,1955910,,,pipeline,success,success,100.0,16,16
