case_name,worker_count,well_count,timestamp,pid,worker_slot,axis_id,step_name,phase,status,percent,completed,total
cp_tutorial_3d_monolayer,3,12,1791409253.610715,2547534,,,pipeline,compile,started,0.0,0,31
cp_tutorial_3d_monolayer,3,12,1791409254.0798109,2547534,,,,init,started,0.0,0,1
cp_tutorial_3d_monolayer,3,12,1791409254.618724,2547534,,W001,compilation,compile,running,8.333333333333332,1,12
cp_tutorial_3d_monolayer,3,12,1791409254.6730053,2547534,,W002,compilation,compile,running,16.666666666666664,2,12
cp_tutorial_3d_monolayer,3,12,1791409254.7269864,2547534,,W003,compilation,compile,running,25.0,3,12
cp_tutorial_3d_monolayer,3,12,1791409254.7807567,2547534,,W004,compilation,compile,running,33.33333333333333,4,12
cp_tutorial_3d_monolayer,3,12,1791409254.8343089,2547534,,W005,compilation,compile,running,41.66666666666667,5,12
cp_tutorial_3d_monolayer,3,12,1791409254.887423,2547534,,W006,compilation,compile,running,50.0,6,12
cp_tutorial_3d_monolayer,3,12,1791409254.9438424,2547534,,W007,compilation,compile,running,58.333333333333336,7,12
cp_tutorial_3d_monolayer,3,12,1791409254.9992445,2547534,,W008,compilation,compile,running,66.66666666666666,8,12
cp_tutorial_3d_monolayer,3,12,1791409255.0918272,2547534,,W009,compilation,compile,running,75.0,9,12
cp_tutorial_3d_monolayer,3,12,1791409255.1459267,2547534,,W010,compilation,compile,running,83.33333333333334,10,12
cp_tutorial_3d_monolayer,3,12,1791409255.2033668,2547534,,W011,compilation,compile,running,91.66666666666666,11,12
cp_tutorial_3d_monolayer,3,12,1791409255.257119,2547534,,W012,compilation,compile,running,100.0,12,12
cp_tutorial_3d_monolayer,3,12,1791409255.2802565,2547534,,,,init,started,0.0,0,1
cp_tutorial_3d_monolayer,3,12,1791409255.280347,2547534,,,pipeline,compile,success,100.0,1,31
cp_tutorial_3d_monolayer,3,12,1791409255.280398,2547534,,W001,compilation,compile,success,100.0,1,1
cp_tutorial_3d_monolayer,3,12,1791409255.2804265,2547534,,W002,compilation,compile,success,100.0,1,1
cp_tutorial_3d_monolayer,3,12,1791409255.2804525,2547534,,W003,compilation,compile,success,100.0,1,1
cp_tutorial_3d_monolayer,3,12,1791409255.280477,2547534,,W004,compilation,compile,success,100.0,1,1
cp_tutorial_3d_monolayer,3,12,1791409255.2805004,2547534,,W005,compilation,compile,success,100.0,1,1
cp_tutorial_3d_monolayer,3,12,1791409255.2805243,2547534,,W006,compilation,compile,success,100.0,1,1
cp_tutorial_3d_monolayer,3,12,1791409255.2805476,2547534,,W007,compilation,compile,success,100.0,1,1
cp_tutorial_3d_monolayer,3,12,1791409255.2805712,2547534,,W008,compilation,compile,success,100.0,1,1
cp_tutorial_3d_monolayer,3,12,1791409255.2805948,2547534,,W009,compilation,compile,success,100.0,1,1
cp_tutorial_3d_monolayer,3,12,1791409255.2806187,2547534,,W010,compilation,compile,success,100.0,1,1
cp_tutorial_3d_monolayer,3,12,1791409255.2806425,2547534,,W011,compilation,compile,success,100.0,1,1
cp_tutorial_3d_monolayer,3,12,1791409255.2806668,2547534,,W012,compilation,compile,success,100.0,1,1
cp_tutorial_3d_monolayer,3,12,1791409255.327758,2547534,,,,init,started,0.0,0,1
cp_tutorial_3d_monolayer,3,12,1791409255.3524966,2556879,worker_0,W001,pipeline,axis_started,started,0.0,0,31
cp_tutorial_3d_monolayer,3,12,1791409255.35889,2556879,worker_0,W001,RescaleIntensity,step_started,started,0.0,0,31
cp_tutorial_3d_monolayer,3,12,1791409255.3678343,2556881,worker_1,W002,pipeline,axis_started,started,0.0,0,31
cp_tutorial_3d_monolayer,3,12,1791409255.3741,2556881,worker_1,W002,RescaleIntensity,step_started,started,0.0,0,31
cp_tutorial_3d_monolayer,3,12,1791409255.3853319,2556883,worker_2,W003,pipeline,axis_started,started,0.0,0,31
cp_tutorial_3d_monolayer,3,12,1791409255.391438,2556883,worker_2,W003,RescaleIntensity,step_started,started,0.0,0,31
cp_tutorial_3d_monolayer,3,12,1791409255.645547,2556879,worker_0,W001,RescaleIntensity,pattern_group,running,100.0,1,1
cp_tutorial_3d_monolayer,3,12,1791409255.6464899,2556879,worker_0,W001,RescaleIntensity,step_completed,success,3.225806451612903,1,31
cp_tutorial_3d_monolayer,3,12,1791409255.6469245,2556879,worker_0,W001,Resize,step_started,started,3.225806451612903,1,31
cp_tutorial_3d_monolayer,3,12,1791409255.6648672,2556881,worker_1,W002,RescaleIntensity,pattern_group,running,100.0,1,1
cp_tutorial_3d_monolayer,3,12,1791409255.6657045,2556881,worker_1,W002,RescaleIntensity,step_completed,success,3.225806451612903,1,31
cp_tutorial_3d_monolayer,3,12,1791409255.6661296,2556881,worker_1,W002,Resize,step_started,started,3.225806451612903,1,31
cp_tutorial_3d_monolayer,3,12,1791409255.6846514,2556883,worker_2,W003,RescaleIntensity,pattern_group,running,100.0,1,1
cp_tutorial_3d_monolayer,3,12,1791409255.6855419,2556883,worker_2,W003,RescaleIntensity,step_completed,success,3.225806451612903,1,31
cp_tutorial_3d_monolayer,3,12,1791409255.6859639,2556883,worker_2,W003,Resize,step_started,started,3.225806451612903,1,31
cp_tutorial_3d_monolayer,3,12,1791409255.7130466,2556879,worker_0,W001,Resize,pattern_group,running,100.0,1,1
cp_tutorial_3d_monolayer,3,12,1791409255.713219,2556879,worker_0,W001,Resize,step_completed,success,6.451612903225806,2,31
cp_tutorial_3d_monolayer,3,12,1791409255.713532,2556879,worker_0,W001,MedianFilter,step_started,started,6.451612903225806,2,31
cp_tutorial_3d_monolayer,3,12,1791409255.7313762,2556881,worker_1,W002,Resize,pattern_group,running,100.0,1,1
cp_tutorial_3d_monolayer,3,12,1791409255.731539,2556881,worker_1,W002,Resize,step_completed,success,6.451612903225806,2,31
cp_tutorial_3d_monolayer,3,12,1791409255.7318594,2556881,worker_1,W002,MedianFilter,step_started,started,6.451612903225806,2,31
cp_tutorial_3d_monolayer,3,12,1791409255.749413,2556883,worker_2,W003,Resize,pattern_group,running,100.0,1,1
cp_tutorial_3d_monolayer,3,12,1791409255.7495651,2556883,worker_2,W003,Resize,step_completed,success,6.451612903225806,2,31
cp_tutorial_3d_monolayer,3,12,1791409255.7498622,2556883,worker_2,W003,MedianFilter,step_started,started,6.451612903225806,2,31
cp_tutorial_3d_monolayer,3,12,1791409255.8776436,2556879,worker_0,W001,MedianFilter,pattern_group,running,100.0,1,1
cp_tutorial_3d_monolayer,3,12,1791409255.8777876,2556879,worker_0,W001,MedianFilter,step_completed,success,9.67741935483871,3,31
cp_tutorial_3d_monolayer,3,12,1791409255.878184,2556879,worker_0,W001,Threshold,step_started,started,9.67741935483871,3,31
cp_tutorial_3d_monolayer,3,12,1791409255.8953676,2556881,worker_1,W002,MedianFilter,pattern_group,running,100.0,1,1
cp_tutorial_3d_monolayer,3,12,1791409255.8955052,2556881,worker_1,W002,MedianFilter,step_completed,success,9.67741935483871,3,31
cp_tutorial_3d_monolayer,3,12,1791409255.8958967,2556881,worker_1,W002,Threshold,step_started,started,9.67741935483871,3,31
cp_tutorial_3d_monolayer,3,12,1791409255.9137003,2556883,worker_2,W003,MedianFilter,pattern_group,running,100.0,1,1
cp_tutorial_3d_monolayer,3,12,1791409255.9138412,2556883,worker_2,W003,MedianFilter,step_completed,success,9.67741935483871,3,31
cp_tutorial_3d_monolayer,3,12,1791409255.9142306,2556883,worker_2,W003,Threshold,step_started,started,9.67741935483871,3,31
cp_tutorial_3d_monolayer,3,12,1791409255.933011,2556879,worker_0,W001,Threshold,pattern_group,running,100.0,1,1
cp_tutorial_3d_monolayer,3,12,1791409255.9333568,2556879,worker_0,W001,Threshold,step_completed,success,12.903225806451612,4,31
cp_tutorial_3d_monolayer,3,12,1791409255.9338272,2556879,worker_0,W001,RemoveHoles,step_started,started,12.903225806451612,4,31
cp_tutorial_3d_monolayer,3,12,1791409255.9533575,2556881,worker_1,W002,Threshold,pattern_group,running,100.0,1,1
cp_tutorial_3d_monolayer,3,12,1791409255.953703,2556881,worker_1,W002,Threshold,step_completed,success,12.903225806451612,4,31
cp_tutorial_3d_monolayer,3,12,1791409255.9541302,2556881,worker_1,W002,RemoveHoles,step_started,started,12.903225806451612,4,31
cp_tutorial_3d_monolayer,3,12,1791409255.954294,2556879,worker_0,W001,RemoveHoles,pattern_group,running,100.0,1,1
cp_tutorial_3d_monolayer,3,12,1791409255.9544291,2556879,worker_0,W001,RemoveHoles,step_completed,success,16.129032258064516,5,31
cp_tutorial_3d_monolayer,3,12,1791409255.9548075,2556879,worker_0,W001,Watershed,step_started,started,16.129032258064516,5,31
cp_tutorial_3d_monolayer,3,12,1791409255.9711418,2556883,worker_2,W003,Threshold,pattern_group,running,100.0,1,1
cp_tutorial_3d_monolayer,3,12,1791409255.9714658,2556883,worker_2,W003,Threshold,step_completed,success,12.903225806451612,4,31
cp_tutorial_3d_monolayer,3,12,1791409255.9718666,2556883,worker_2,W003,RemoveHoles,step_started,started,12.903225806451612,4,31
cp_tutorial_3d_monolayer,3,12,1791409255.9724147,2556881,worker_1,W002,RemoveHoles,pattern_group,running,100.0,1,1
cp_tutorial_3d_monolayer,3,12,1791409255.9725583,2556881,worker_1,W002,RemoveHoles,step_completed,success,16.129032258064516,5,31
cp_tutorial_3d_monolayer,3,12,1791409255.9729924,2556881,worker_1,W002,Watershed,step_started,started,16.129032258064516,5,31
cp_tutorial_3d_monolayer,3,12,1791409255.9905283,2556883,worker_2,W003,RemoveHoles,pattern_group,running,100.0,1,1
cp_tutorial_3d_monolayer,3,12,1791409255.9907265,2556883,worker_2,W003,RemoveHoles,step_completed,success,16.129032258064516,5,31
cp_tutorial_3d_monolayer,3,12,1791409255.9911573,2556883,worker_2,W003,Watershed,step_started,started,16.129032258064516,5,31
cp_tutorial_3d_monolayer,3,12,1791409256.046985,2556879,worker_0,W001,Watershed,pattern_group,running,100.0,1,1
cp_tutorial_3d_monolayer,3,12,1791409256.0474174,2556879,worker_0,W001,Watershed,step_completed,success,19.35483870967742,6,31
cp_tutorial_3d_monolayer,3,12,1791409256.0478559,2556879,worker_0,W001,ResizeObjects,step_started,started,19.35483870967742,6,31
cp_tutorial_3d_monolayer,3,12,1791409256.0678847,2556881,worker_1,W002,Watershed,pattern_group,running,100.0,1,1
cp_tutorial_3d_monolayer,3,12,1791409256.0683959,2556881,worker_1,W002,Watershed,step_completed,success,19.35483870967742,6,31
cp_tutorial_3d_monolayer,3,12,1791409256.0688548,2556881,worker_1,W002,ResizeObjects,step_started,started,19.35483870967742,6,31
cp_tutorial_3d_monolayer,3,12,1791409256.0844665,2556879,worker_0,W001,ResizeObjects,pattern_group,running,100.0,1,1
cp_tutorial_3d_monolayer,3,12,1791409256.0850942,2556879,worker_0,W001,ResizeObjects,step_completed,success,22.58064516129032,7,31
cp_tutorial_3d_monolayer,3,12,1791409256.0856478,2556879,worker_0,W001,ErodeObjects,step_started,started,22.58064516129032,7,31
cp_tutorial_3d_monolayer,3,12,1791409256.0871835,2556883,worker_2,W003,Watershed,pattern_group,running,100.0,1,1
cp_tutorial_3d_monolayer,3,12,1791409256.087794,2556883,worker_2,W003,Watershed,step_completed,success,19.35483870967742,6,31
cp_tutorial_3d_monolayer,3,12,1791409256.0882986,2556883,worker_2,W003,ResizeObjects,step_started,started,19.35483870967742,6,31
cp_tutorial_3d_monolayer,3,12,1791409256.1061,2556881,worker_1,W002,ResizeObjects,pattern_group,running,100.0,1,1
cp_tutorial_3d_monolayer,3,12,1791409256.106789,2556881,worker_1,W002,ResizeObjects,step_completed,success,22.58064516129032,7,31
cp_tutorial_3d_monolayer,3,12,1791409256.107278,2556881,worker_1,W002,ErodeObjects,step_started,started,22.58064516129032,7,31
cp_tutorial_3d_monolayer,3,12,1791409256.123635,2556883,worker_2,W003,ResizeObjects,pattern_group,running,100.0,1,1
cp_tutorial_3d_monolayer,3,12,1791409256.1241064,2556883,worker_2,W003,ResizeObjects,step_completed,success,22.58064516129032,7,31
cp_tutorial_3d_monolayer,3,12,1791409256.1245382,2556883,worker_2,W003,ErodeObjects,step_started,started,22.58064516129032,7,31
cp_tutorial_3d_monolayer,3,12,1791409256.2277665,2556879,worker_0,W001,ErodeObjects,pattern_group,running,100.0,1,1
cp_tutorial_3d_monolayer,3,12,1791409256.228246,2556879,worker_0,W001,ErodeObjects,step_completed,success,25.806451612903224,8,31
cp_tutorial_3d_monolayer,3,12,1791409256.228755,2556879,worker_0,W001,ResizeObjects,step_started,started,25.806451612903224,8,31
cp_tutorial_3d_monolayer,3,12,1791409256.2406695,2556881,worker_1,W002,ErodeObjects,pattern_group,running,100.0,1,1
cp_tutorial_3d_monolayer,3,12,1791409256.241304,2556881,worker_1,W002,ErodeObjects,step_completed,success,25.806451612903224,8,31
cp_tutorial_3d_monolayer,3,12,1791409256.2419505,2556881,worker_1,W002,ResizeObjects,step_started,started,25.806451612903224,8,31
cp_tutorial_3d_monolayer,3,12,1791409256.2588303,2556879,worker_0,W001,ResizeObjects,pattern_group,running,100.0,1,1
cp_tutorial_3d_monolayer,3,12,1791409256.2593622,2556879,worker_0,W001,ResizeObjects,step_completed,success,29.03225806451613,9,31
cp_tutorial_3d_monolayer,3,12,1791409256.2599118,2556879,worker_0,W001,ConvertObjectsToImage,step_started,started,29.03225806451613,9,31
cp_tutorial_3d_monolayer,3,12,1791409256.2658265,2556883,worker_2,W003,ErodeObjects,pattern_group,running,100.0,1,1
cp_tutorial_3d_monolayer,3,12,1791409256.2665188,2556883,worker_2,W003,ErodeObjects,step_completed,success,25.806451612903224,8,31
cp_tutorial_3d_monolayer,3,12,1791409256.2671485,2556883,worker_2,W003,ResizeObjects,step_started,started,25.806451612903224,8,31
cp_tutorial_3d_monolayer,3,12,1791409256.271457,2556881,worker_1,W002,ResizeObjects,pattern_group,running,100.0,1,1
cp_tutorial_3d_monolayer,3,12,1791409256.2720137,2556881,worker_1,W002,ResizeObjects,step_completed,success,29.03225806451613,9,31
cp_tutorial_3d_monolayer,3,12,1791409256.2726402,2556881,worker_1,W002,ConvertObjectsToImage,step_started,started,29.03225806451613,9,31
cp_tutorial_3d_monolayer,3,12,1791409256.2841976,2556879,worker_0,W001,ConvertObjectsToImage,pattern_group,running,100.0,1,1
cp_tutorial_3d_monolayer,3,12,1791409256.2846014,2556879,worker_0,W001,ConvertObjectsToImage,step_completed,success,32.25806451612903,10,31
cp_tutorial_3d_monolayer,3,12,1791409256.2859874,2556879,worker_0,W001,Threshold,step_started,started,32.25806451612903,10,31
cp_tutorial_3d_monolayer,3,12,1791409256.2971838,2556881,worker_1,W002,ConvertObjectsToImage,pattern_group,running,100.0,1,1
cp_tutorial_3d_monolayer,3,12,1791409256.297349,2556881,worker_1,W002,ConvertObjectsToImage,step_completed,success,32.25806451612903,10,31
cp_tutorial_3d_monolayer,3,12,1791409256.2981687,2556881,worker_1,W002,Threshold,step_started,started,32.25806451612903,10,31
cp_tutorial_3d_monolayer,3,12,1791409256.300448,2556883,worker_2,W003,ResizeObjects,pattern_group,running,100.0,1,1
cp_tutorial_3d_monolayer,3,12,1791409256.3009052,2556883,worker_2,W003,ResizeObjects,step_completed,success,29.03225806451613,9,31
cp_tutorial_3d_monolayer,3,12,1791409256.301415,2556883,worker_2,W003,ConvertObjectsToImage,step_started,started,29.03225806451613,9,31
cp_tutorial_3d_monolayer,3,12,1791409256.3213584,2556883,worker_2,W003,ConvertObjectsToImage,pattern_group,running,100.0,1,1
cp_tutorial_3d_monolayer,3,12,1791409256.3215067,2556883,worker_2,W003,ConvertObjectsToImage,step_completed,success,32.25806451612903,10,31
cp_tutorial_3d_monolayer,3,12,1791409256.322282,2556883,worker_2,W003,Threshold,step_started,started,32.25806451612903,10,31
cp_tutorial_3d_monolayer,3,12,1791409256.562728,2556879,worker_0,W001,Threshold,pattern_group,running,100.0,1,1
cp_tutorial_3d_monolayer,3,12,1791409256.5629773,2556879,worker_0,W001,Threshold,step_completed,success,35.483870967741936,11,31
cp_tutorial_3d_monolayer,3,12,1791409256.5633337,2556879,worker_0,W001,ImageMath,step_started,started,35.483870967741936,11,31
cp_tutorial_3d_monolayer,3,12,1791409256.5644383,2556881,worker_1,W002,Threshold,pattern_group,running,100.0,1,1
cp_tutorial_3d_monolayer,3,12,1791409256.5647316,2556881,worker_1,W002,Threshold,step_completed,success,35.483870967741936,11,31
cp_tutorial_3d_monolayer,3,12,1791409256.5651093,2556881,worker_1,W002,ImageMath,step_started,started,35.483870967741936,11,31
cp_tutorial_3d_monolayer,3,12,1791409256.6364384,2556879,worker_0,W001,ImageMath,pattern_group,running,100.0,1,1
cp_tutorial_3d_monolayer,3,12,1791409256.636591,2556879,worker_0,W001,ImageMath,step_completed,success,38.70967741935484,12,31
cp_tutorial_3d_monolayer,3,12,1791409256.6370964,2556879,worker_0,W001,RemoveHoles,step_started,started,38.70967741935484,12,31
cp_tutorial_3d_monolayer,3,12,1791409256.6376185,2556881,worker_1,W002,ImageMath,pattern_group,running,100.0,1,1
cp_tutorial_3d_monolayer,3,12,1791409256.6377604,2556881,worker_1,W002,ImageMath,step_completed,success,38.70967741935484,12,31
cp_tutorial_3d_monolayer,3,12,1791409256.6383598,2556881,worker_1,W002,RemoveHoles,step_started,started,38.70967741935484,12,31
cp_tutorial_3d_monolayer,3,12,1791409256.6406775,2556883,worker_2,W003,Threshold,pattern_group,running,100.0,1,1
cp_tutorial_3d_monolayer,3,12,1791409256.6409576,2556883,worker_2,W003,Threshold,step_completed,success,35.483870967741936,11,31
cp_tutorial_3d_monolayer,3,12,1791409256.641344,2556883,worker_2,W003,ImageMath,step_started,started,35.483870967741936,11,31
cp_tutorial_3d_monolayer,3,12,1791409256.7055955,2556883,worker_2,W003,ImageMath,pattern_group,running,100.0,1,1
cp_tutorial_3d_monolayer,3,12,1791409256.705749,2556883,worker_2,W003,ImageMath,step_completed,success,38.70967741935484,12,31
cp_tutorial_3d_monolayer,3,12,1791409256.7062633,2556883,worker_2,W003,RemoveHoles,step_started,started,38.70967741935484,12,31
cp_tutorial_3d_monolayer,3,12,1791409256.710008,2556881,worker_1,W002,RemoveHoles,pattern_group,running,100.0,1,1
cp_tutorial_3d_monolayer,3,12,1791409256.7101564,2556881,worker_1,W002,RemoveHoles,step_completed,success,41.935483870967744,13,31
cp_tutorial_3d_monolayer,3,12,1791409256.714911,2556879,worker_0,W001,RemoveHoles,pattern_group,running,100.0,1,1
cp_tutorial_3d_monolayer,3,12,1791409256.7150788,2556879,worker_0,W001,RemoveHoles,step_completed,success,41.935483870967744,13,31
cp_tutorial_3d_monolayer,3,12,1791409256.715632,2556879,worker_0,W001,ImageMath,step_started,started,41.935483870967744,13,31
cp_tutorial_3d_monolayer,3,12,1791409256.710733,2556881,worker_1,W002,ImageMath,step_started,started,41.935483870967744,13,31
cp_tutorial_3d_monolayer,3,12,1791409256.832598,2556883,worker_2,W003,RemoveHoles,pattern_group,running,100.0,1,1
cp_tutorial_3d_monolayer,3,12,1791409256.8327327,2556883,worker_2,W003,RemoveHoles,step_completed,success,41.935483870967744,13,31
cp_tutorial_3d_monolayer,3,12,1791409256.833229,2556883,worker_2,W003,ImageMath,step_started,started,41.935483870967744,13,31
cp_tutorial_3d_monolayer,3,12,1791409257.1235707,2556879,worker_0,W001,ImageMath,pattern_group,running,100.0,1,1
cp_tutorial_3d_monolayer,3,12,1791409257.123727,2556879,worker_0,W001,ImageMath,step_completed,success,45.16129032258064,14,31
cp_tutorial_3d_monolayer,3,12,1791409257.1240995,2556879,worker_0,W001,Resize,step_started,started,45.16129032258064,14,31
cp_tutorial_3d_monolayer,3,12,1791409257.1873515,2556883,worker_2,W003,ImageMath,pattern_group,running,100.0,1,1
cp_tutorial_3d_monolayer,3,12,1791409257.1875625,2556883,worker_2,W003,ImageMath,step_completed,success,45.16129032258064,14,31
cp_tutorial_3d_monolayer,3,12,1791409257.1881142,2556883,worker_2,W003,Resize,step_started,started,45.16129032258064,14,31
cp_tutorial_3d_monolayer,3,12,1791409257.185754,2556879,worker_0,W001,Resize,pattern_group,running,100.0,1,1
cp_tutorial_3d_monolayer,3,12,1791409257.1859083,2556879,worker_0,W001,Resize,step_completed,success,48.38709677419355,15,31
cp_tutorial_3d_monolayer,3,12,1791409257.1931767,2556879,worker_0,W001,Closing,step_started,started,48.38709677419355,15,31
cp_tutorial_3d_monolayer,3,12,1791409257.2287462,2556881,worker_1,W002,ImageMath,pattern_group,running,100.0,1,1
cp_tutorial_3d_monolayer,3,12,1791409257.228916,2556881,worker_1,W002,ImageMath,step_completed,success,45.16129032258064,14,31
cp_tutorial_3d_monolayer,3,12,1791409257.2293422,2556881,worker_1,W002,Resize,step_started,started,45.16129032258064,14,31
cp_tutorial_3d_monolayer,3,12,1791409257.2516031,2556883,worker_2,W003,Resize,pattern_group,running,100.0,1,1
cp_tutorial_3d_monolayer,3,12,1791409257.251748,2556883,worker_2,W003,Resize,step_completed,success,48.38709677419355,15,31
cp_tutorial_3d_monolayer,3,12,1791409257.2593796,2556883,worker_2,W003,Closing,step_started,started,48.38709677419355,15,31
cp_tutorial_3d_monolayer,3,12,1791409257.2735174,2556879,worker_0,W001,Closing,pattern_group,running,100.0,1,1
cp_tutorial_3d_monolayer,3,12,1791409257.2736735,2556879,worker_0,W001,Closing,step_completed,success,51.61290322580645,16,31
cp_tutorial_3d_monolayer,3,12,1791409257.2741961,2556879,worker_0,W001,Resize,step_started,started,51.61290322580645,16,31
cp_tutorial_3d_monolayer,3,12,1791409257.2907124,2556881,worker_1,W002,Resize,pattern_group,running,100.0,1,1
cp_tutorial_3d_monolayer,3,12,1791409257.2908552,2556881,worker_1,W002,Resize,step_completed,success,48.38709677419355,15,31
cp_tutorial_3d_monolayer,3,12,1791409257.297175,2556881,worker_1,W002,Closing,step_started,started,48.38709677419355,15,31
cp_tutorial_3d_monolayer,3,12,1791409257.3263628,2556879,worker_0,W001,Resize,pattern_group,running,100.0,1,1
cp_tutorial_3d_monolayer,3,12,1791409257.3265133,2556879,worker_0,W001,Resize,step_completed,success,54.83870967741935,17,31
cp_tutorial_3d_monolayer,3,12,1791409257.327038,2556879,worker_0,W001,Threshold,step_started,started,54.83870967741935,17,31
cp_tutorial_3d_monolayer,3,12,1791409257.3406682,2556883,worker_2,W003,Closing,pattern_group,running,100.0,1,1
cp_tutorial_3d_monolayer,3,12,1791409257.3408592,2556883,worker_2,W003,Closing,step_completed,success,51.61290322580645,16,31
cp_tutorial_3d_monolayer,3,12,1791409257.3414485,2556883,worker_2,W003,Resize,step_started,started,51.61290322580645,16,31
cp_tutorial_3d_monolayer,3,12,1791409257.3807015,2556881,worker_1,W002,Closing,pattern_group,running,100.0,1,1
cp_tutorial_3d_monolayer,3,12,1791409257.3808799,2556881,worker_1,W002,Closing,step_completed,success,51.61290322580645,16,31
cp_tutorial_3d_monolayer,3,12,1791409257.381436,2556881,worker_1,W002,Resize,step_started,started,51.61290322580645,16,31
cp_tutorial_3d_monolayer,3,12,1791409257.3914483,2556883,worker_2,W003,Resize,pattern_group,running,100.0,1,1
cp_tutorial_3d_monolayer,3,12,1791409257.3915868,2556883,worker_2,W003,Resize,step_completed,success,54.83870967741935,17,31
cp_tutorial_3d_monolayer,3,12,1791409257.392106,2556883,worker_2,W003,Threshold,step_started,started,54.83870967741935,17,31
cp_tutorial_3d_monolayer,3,12,1791409257.432989,2556881,worker_1,W002,Resize,pattern_group,running,100.0,1,1
cp_tutorial_3d_monolayer,3,12,1791409257.4331408,2556881,worker_1,W002,Resize,step_completed,success,54.83870967741935,17,31
cp_tutorial_3d_monolayer,3,12,1791409257.433687,2556881,worker_1,W002,Threshold,step_started,started,54.83870967741935,17,31
cp_tutorial_3d_monolayer,3,12,1791409257.476066,2556879,worker_0,W001,Threshold,pattern_group,running,100.0,1,1
cp_tutorial_3d_monolayer,3,12,1791409257.476466,2556879,worker_0,W001,Threshold,step_completed,success,58.06451612903226,18,31
cp_tutorial_3d_monolayer,3,12,1791409257.4770727,2556879,worker_0,W001,MaskImage,step_started,started,58.06451612903226,18,31
cp_tutorial_3d_monolayer,3,12,1791409257.5278382,2556879,worker_0,W001,MaskImage,pattern_group,running,100.0,1,1
cp_tutorial_3d_monolayer,3,12,1791409257.5279837,2556879,worker_0,W001,MaskImage,step_completed,success,61.29032258064516,19,31
cp_tutorial_3d_monolayer,3,12,1791409257.5285926,2556879,worker_0,W001,ErodeImage,step_started,started,61.29032258064516,19,31
cp_tutorial_3d_monolayer,3,12,1791409257.5597477,2556879,worker_0,W001,ErodeImage,pattern_group,running,100.0,1,1
cp_tutorial_3d_monolayer,3,12,1791409257.5599005,2556879,worker_0,W001,ErodeImage,step_completed,success,64.51612903225806,20,31
cp_tutorial_3d_monolayer,3,12,1791409257.5604298,2556879,worker_0,W001,Watershed,step_started,started,64.51612903225806,20,31
cp_tutorial_3d_monolayer,3,12,1791409257.5829008,2556883,worker_2,W003,Threshold,pattern_group,running,100.0,1,1
cp_tutorial_3d_monolayer,3,12,1791409257.5831714,2556883,worker_2,W003,Threshold,step_completed,success,58.06451612903226,18,31
cp_tutorial_3d_monolayer,3,12,1791409257.5837953,2556883,worker_2,W003,MaskImage,step_started,started,58.06451612903226,18,31
cp_tutorial_3d_monolayer,3,12,1791409257.5947425,2556881,worker_1,W002,Threshold,pattern_group,running,100.0,1,1
cp_tutorial_3d_monolayer,3,12,1791409257.5950015,2556881,worker_1,W002,Threshold,step_completed,success,58.06451612903226,18,31
cp_tutorial_3d_monolayer,3,12,1791409257.5955582,2556881,worker_1,W002,MaskImage,step_started,started,58.06451612903226,18,31
cp_tutorial_3d_monolayer,3,12,1791409257.630899,2556883,worker_2,W003,MaskImage,pattern_group,running,100.0,1,1
cp_tutorial_3d_monolayer,3,12,1791409257.6310558,2556883,worker_2,W003,MaskImage,step_completed,success,61.29032258064516,19,31
cp_tutorial_3d_monolayer,3,12,1791409257.6316915,2556883,worker_2,W003,ErodeImage,step_started,started,61.29032258064516,19,31
cp_tutorial_3d_monolayer,3,12,1791409257.6441956,2556881,worker_1,W002,MaskImage,pattern_group,running,100.0,1,1
cp_tutorial_3d_monolayer,3,12,1791409257.6443472,2556881,worker_1,W002,MaskImage,step_completed,success,61.29032258064516,19,31
cp_tutorial_3d_monolayer,3,12,1791409257.6449616,2556881,worker_1,W002,ErodeImage,step_started,started,61.29032258064516,19,31
cp_tutorial_3d_monolayer,3,12,1791409257.6632464,2556883,worker_2,W003,ErodeImage,pattern_group,running,100.0,1,1
cp_tutorial_3d_monolayer,3,12,1791409257.6634007,2556883,worker_2,W003,ErodeImage,step_completed,success,64.51612903225806,20,31
cp_tutorial_3d_monolayer,3,12,1791409257.663924,2556883,worker_2,W003,Watershed,step_started,started,64.51612903225806,20,31
cp_tutorial_3d_monolayer,3,12,1791409257.6669884,2556879,worker_0,W001,Watershed,pattern_group,running,100.0,1,1
cp_tutorial_3d_monolayer,3,12,1791409257.6673982,2556879,worker_0,W001,Watershed,step_completed,success,67.74193548387096,21,31
cp_tutorial_3d_monolayer,3,12,1791409257.6680038,2556879,worker_0,W001,MeasureObjectIntensity,step_started,started,67.74193548387096,21,31
cp_tutorial_3d_monolayer,3,12,1791409257.679632,2556881,worker_1,W002,ErodeImage,pattern_group,running,100.0,1,1
cp_tutorial_3d_monolayer,3,12,1791409257.6798315,2556881,worker_1,W002,ErodeImage,step_completed,success,64.51612903225806,20,31
cp_tutorial_3d_monolayer,3,12,1791409257.6804132,2556881,worker_1,W002,Watershed,step_started,started,64.51612903225806,20,31
cp_tutorial_3d_monolayer,3,12,1791409257.8242521,2556881,worker_1,W002,Watershed,pattern_group,running,100.0,1,1
cp_tutorial_3d_monolayer,3,12,1791409257.8246653,2556881,worker_1,W002,Watershed,step_completed,success,67.74193548387096,21,31
cp_tutorial_3d_monolayer,3,12,1791409257.825374,2556881,worker_1,W002,MeasureObjectIntensity,step_started,started,67.74193548387096,21,31
cp_tutorial_3d_monolayer,3,12,1791409257.829446,2556883,worker_2,W003,Watershed,pattern_group,running,100.0,1,1
cp_tutorial_3d_monolayer,3,12,1791409257.8298523,2556883,worker_2,W003,Watershed,step_completed,success,67.74193548387096,21,31
cp_tutorial_3d_monolayer,3,12,1791409257.8304985,2556883,worker_2,W003,MeasureObjectIntensity,step_started,started,67.74193548387096,21,31
cp_tutorial_3d_monolayer,3,12,1791409257.931528,2556879,worker_0,W001,MeasureObjectIntensity,pattern_group,running,50.0,1,2
cp_tutorial_3d_monolayer,3,12,1791409258.0861545,2556883,worker_2,W003,MeasureObjectIntensity,pattern_group,running,50.0,1,2
cp_tutorial_3d_monolayer,3,12,1791409258.0941284,2556881,worker_1,W002,MeasureObjectIntensity,pattern_group,running,50.0,1,2
cp_tutorial_3d_monolayer,3,12,1791409258.2266903,2556879,worker_0,W001,MeasureObjectIntensity,pattern_group,running,100.0,2,2
cp_tutorial_3d_monolayer,3,12,1791409258.2303488,2556879,worker_0,W001,MeasureObjectIntensity,step_completed,success,70.96774193548387,22,31
cp_tutorial_3d_monolayer,3,12,1791409258.23104,2556879,worker_0,W001,MeasureObjectSizeShape,step_started,started,70.96774193548387,22,31
cp_tutorial_3d_monolayer,3,12,1791409258.3279717,2556879,worker_0,W001,MeasureObjectSizeShape,pattern_group,running,50.0,1,2
cp_tutorial_3d_monolayer,3,12,1791409258.373536,2556883,worker_2,W003,MeasureObjectIntensity,pattern_group,running,100.0,2,2
cp_tutorial_3d_monolayer,3,12,1791409258.3758788,2556883,worker_2,W003,MeasureObjectIntensity,step_completed,success,70.96774193548387,22,31
cp_tutorial_3d_monolayer,3,12,1791409258.3762639,2556883,worker_2,W003,MeasureObjectSizeShape,step_started,started,70.96774193548387,22,31
cp_tutorial_3d_monolayer,3,12,1791409258.3810642,2556881,worker_1,W002,MeasureObjectIntensity,pattern_group,running,100.0,2,2
cp_tutorial_3d_monolayer,3,12,1791409258.383615,2556881,worker_1,W002,MeasureObjectIntensity,step_completed,success,70.96774193548387,22,31
cp_tutorial_3d_monolayer,3,12,1791409258.3840606,2556881,worker_1,W002,MeasureObjectSizeShape,step_started,started,70.96774193548387,22,31
cp_tutorial_3d_monolayer,3,12,1791409258.4355516,2556879,worker_0,W001,MeasureObjectSizeShape,pattern_group,running,100.0,2,2
cp_tutorial_3d_monolayer,3,12,1791409258.4361508,2556879,worker_0,W001,MeasureObjectSizeShape,step_completed,success,74.19354838709677,23,31
cp_tutorial_3d_monolayer,3,12,1791409258.4365416,2556879,worker_0,W001,OverlayObjects,step_started,started,74.19354838709677,23,31
cp_tutorial_3d_monolayer,3,12,1791409258.468105,2556883,worker_2,W003,MeasureObjectSizeShape,pattern_group,running,50.0,1,2
cp_tutorial_3d_monolayer,3,12,1791409258.4772234,2556881,worker_1,W002,MeasureObjectSizeShape,pattern_group,running,50.0,1,2
cp_tutorial_3d_monolayer,3,12,1791409258.4803543,2556879,worker_0,W001,OverlayObjects,pattern_group,running,100.0,1,1
cp_tutorial_3d_monolayer,3,12,1791409258.4804828,2556879,worker_0,W001,OverlayObjects,step_completed,success,77.41935483870968,24,31
cp_tutorial_3d_monolayer,3,12,1791409258.481315,2556879,worker_0,W001,RescaleIntensity,step_started,started,77.41935483870968,24,31
cp_tutorial_3d_monolayer,3,12,1791409258.5644696,2556883,worker_2,W003,MeasureObjectSizeShape,pattern_group,running,100.0,2,2
cp_tutorial_3d_monolayer,3,12,1791409258.5651762,2556883,worker_2,W003,MeasureObjectSizeShape,step_completed,success,74.19354838709677,23,31
cp_tutorial_3d_monolayer,3,12,1791409258.5656056,2556883,worker_2,W003,OverlayObjects,step_started,started,74.19354838709677,23,31
cp_tutorial_3d_monolayer,3,12,1791409258.574758,2556881,worker_1,W002,MeasureObjectSizeShape,pattern_group,running,100.0,2,2
cp_tutorial_3d_monolayer,3,12,1791409258.5754645,2556881,worker_1,W002,MeasureObjectSizeShape,step_completed,success,74.19354838709677,23,31
cp_tutorial_3d_monolayer,3,12,1791409258.575867,2556881,worker_1,W002,OverlayObjects,step_started,started,74.19354838709677,23,31
cp_tutorial_3d_monolayer,3,12,1791409258.581467,2556879,worker_0,W001,RescaleIntensity,pattern_group,running,100.0,1,1
cp_tutorial_3d_monolayer,3,12,1791409258.5816097,2556879,worker_0,W001,RescaleIntensity,step_completed,success,80.64516129032258,25,31
cp_tutorial_3d_monolayer,3,12,1791409258.5819845,2556879,worker_0,W001,OverlayObjects,step_started,started,80.64516129032258,25,31
cp_tutorial_3d_monolayer,3,12,1791409258.608976,2556883,worker_2,W003,OverlayObjects,pattern_group,running,100.0,1,1
cp_tutorial_3d_monolayer,3,12,1791409258.609121,2556883,worker_2,W003,OverlayObjects,step_completed,success,77.41935483870968,24,31
cp_tutorial_3d_monolayer,3,12,1791409258.609904,2556883,worker_2,W003,RescaleIntensity,step_started,started,77.41935483870968,24,31
cp_tutorial_3d_monolayer,3,12,1791409258.6180341,2556881,worker_1,W002,OverlayObjects,pattern_group,running,100.0,1,1
cp_tutorial_3d_monolayer,3,12,1791409258.6181407,2556881,worker_1,W002,OverlayObjects,step_completed,success,77.41935483870968,24,31
cp_tutorial_3d_monolayer,3,12,1791409258.6188898,2556881,worker_1,W002,RescaleIntensity,step_started,started,77.41935483870968,24,31
cp_tutorial_3d_monolayer,3,12,1791409258.6199274,2556879,worker_0,W001,OverlayObjects,pattern_group,running,100.0,1,1
cp_tutorial_3d_monolayer,3,12,1791409258.6200197,2556879,worker_0,W001,OverlayObjects,step_completed,success,83.87096774193549,26,31
cp_tutorial_3d_monolayer,3,12,1791409258.6209924,2556879,worker_0,W001,ConvertObjectsToImage,step_started,started,83.87096774193549,26,31
cp_tutorial_3d_monolayer,3,12,1791409258.6557858,2556879,worker_0,W001,ConvertObjectsToImage,pattern_group,running,100.0,1,1
cp_tutorial_3d_monolayer,3,12,1791409258.6559331,2556879,worker_0,W001,ConvertObjectsToImage,step_completed,success,87.09677419354838,27,31
cp_tutorial_3d_monolayer,3,12,1791409258.6565328,2556879,worker_0,W001,SaveImages,step_started,started,87.09677419354838,27,31
cp_tutorial_3d_monolayer,3,12,1791409258.709878,2556883,worker_2,W003,RescaleIntensity,pattern_group,running,100.0,1,1
cp_tutorial_3d_monolayer,3,12,1791409258.7100298,2556883,worker_2,W003,RescaleIntensity,step_completed,success,80.64516129032258,25,31
cp_tutorial_3d_monolayer,3,12,1791409258.710416,2556883,worker_2,W003,OverlayObjects,step_started,started,80.64516129032258,25,31
cp_tutorial_3d_monolayer,3,12,1791409258.710278,2556879,worker_0,W001,SaveImages,pattern_group,running,100.0,1,1
cp_tutorial_3d_monolayer,3,12,1791409258.7178686,2556881,worker_1,W002,RescaleIntensity,pattern_group,running,100.0,1,1
cp_tutorial_3d_monolayer,3,12,1791409258.718007,2556881,worker_1,W002,RescaleIntensity,step_completed,success,80.64516129032258,25,31
cp_tutorial_3d_monolayer,3,12,1791409258.718393,2556881,worker_1,W002,OverlayObjects,step_started,started,80.64516129032258,25,31
cp_tutorial_3d_monolayer,3,12,1791409258.7194996,2556879,worker_0,W001,SaveImages,step_completed,success,90.32258064516128,28,31
cp_tutorial_3d_monolayer,3,12,1791409258.7203696,2556879,worker_0,W001,ConvertObjectsToImage,step_started,started,90.32258064516128,28,31
cp_tutorial_3d_monolayer,3,12,1791409258.7434871,2556883,worker_2,W003,OverlayObjects,pattern_group,running,100.0,1,1
cp_tutorial_3d_monolayer,3,12,1791409258.7436242,2556883,worker_2,W003,OverlayObjects,step_completed,success,83.87096774193549,26,31
cp_tutorial_3d_monolayer,3,12,1791409258.744294,2556883,worker_2,W003,ConvertObjectsToImage,step_started,started,83.87096774193549,26,31
cp_tutorial_3d_monolayer,3,12,1791409258.7517767,2556881,worker_1,W002,OverlayObjects,pattern_group,running,100.0,1,1
cp_tutorial_3d_monolayer,3,12,1791409258.7518902,2556881,worker_1,W002,OverlayObjects,step_completed,success,83.87096774193549,26,31
cp_tutorial_3d_monolayer,3,12,1791409258.7525196,2556881,worker_1,W002,ConvertObjectsToImage,step_started,started,83.87096774193549,26,31
cp_tutorial_3d_monolayer,3,12,1791409258.7615714,2556879,worker_0,W001,ConvertObjectsToImage,pattern_group,running,100.0,1,1
cp_tutorial_3d_monolayer,3,12,1791409258.761805,2556879,worker_0,W001,ConvertObjectsToImage,step_completed,success,93.54838709677419,29,31
cp_tutorial_3d_monolayer,3,12,1791409258.7706437,2556879,worker_0,W001,SaveImages,step_started,started,93.54838709677419,29,31
cp_tutorial_3d_monolayer,3,12,1791409258.7804506,2556883,worker_2,W003,ConvertObjectsToImage,pattern_group,running,100.0,1,1
cp_tutorial_3d_monolayer,3,12,1791409258.7805996,2556883,worker_2,W003,ConvertObjectsToImage,step_completed,success,87.09677419354838,27,31
cp_tutorial_3d_monolayer,3,12,1791409258.7871177,2556881,worker_1,W002,ConvertObjectsToImage,pattern_group,running,100.0,1,1
cp_tutorial_3d_monolayer,3,12,1791409258.7872617,2556881,worker_1,W002,ConvertObjectsToImage,step_completed,success,87.09677419354838,27,31
cp_tutorial_3d_monolayer,3,12,1791409258.781209,2556883,worker_2,W003,SaveImages,step_started,started,87.09677419354838,27,31
cp_tutorial_3d_monolayer,3,12,1791409258.7878726,2556881,worker_1,W002,SaveImages,step_started,started,87.09677419354838,27,31
cp_tutorial_3d_monolayer,3,12,1791409258.8212452,2556879,worker_0,W001,SaveImages,pattern_group,running,100.0,1,1
cp_tutorial_3d_monolayer,3,12,1791409258.8280816,2556879,worker_0,W001,SaveImages,step_completed,success,96.7741935483871,30,31
cp_tutorial_3d_monolayer,3,12,1791409258.8305457,2556883,worker_2,W003,SaveImages,pattern_group,running,100.0,1,1
cp_tutorial_3d_monolayer,3,12,1791409258.838418,2556883,worker_2,W003,SaveImages,step_completed,success,90.32258064516128,28,31
cp_tutorial_3d_monolayer,3,12,1791409258.8390372,2556883,worker_2,W003,ConvertObjectsToImage,step_started,started,90.32258064516128,28,31
cp_tutorial_3d_monolayer,3,12,1791409258.830093,2556879,worker_0,W001,pipeline,axis_completed,success,96.7741935483871,30,31
cp_tutorial_3d_monolayer,3,12,1791409258.8400788,2556881,worker_1,W002,SaveImages,pattern_group,running,100.0,1,1
cp_tutorial_3d_monolayer,3,12,1791409258.8496997,2556881,worker_1,W002,SaveImages,step_completed,success,90.32258064516128,28,31
cp_tutorial_3d_monolayer,3,12,1791409258.850403,2556881,worker_1,W002,ConvertObjectsToImage,step_started,started,90.32258064516128,28,31
cp_tutorial_3d_monolayer,3,12,1791409258.8301625,2556879,worker_0,W004,pipeline,axis_started,started,0.0,0,31
cp_tutorial_3d_monolayer,3,12,1791409258.833759,2556879,worker_0,W004,RescaleIntensity,step_started,started,0.0,0,31
cp_tutorial_3d_monolayer,3,12,1791409258.873874,2556883,worker_2,W003,ConvertObjectsToImage,pattern_group,running,100.0,1,1
cp_tutorial_3d_monolayer,3,12,1791409258.8740554,2556883,worker_2,W003,ConvertObjectsToImage,step_completed,success,93.54838709677419,29,31
cp_tutorial_3d_monolayer,3,12,1791409258.882162,2556883,worker_2,W003,SaveImages,step_started,started,93.54838709677419,29,31
cp_tutorial_3d_monolayer,3,12,1791409258.8839533,2556881,worker_1,W002,ConvertObjectsToImage,pattern_group,running,100.0,1,1
cp_tutorial_3d_monolayer,3,12,1791409258.8841267,2556881,worker_1,W002,ConvertObjectsToImage,step_completed,success,93.54838709677419,29,31
cp_tutorial_3d_monolayer,3,12,1791409258.8918445,2556881,worker_1,W002,SaveImages,step_started,started,93.54838709677419,29,31
cp_tutorial_3d_monolayer,3,12,1791409258.9370785,2556883,worker_2,W003,SaveImages,pattern_group,running,100.0,1,1
cp_tutorial_3d_monolayer,3,12,1791409258.943704,2556881,worker_1,W002,SaveImages,pattern_group,running,100.0,1,1
cp_tutorial_3d_monolayer,3,12,1791409258.9437907,2556883,worker_2,W003,SaveImages,step_completed,success,96.7741935483871,30,31
cp_tutorial_3d_monolayer,3,12,1791409258.9455082,2556883,worker_2,W003,pipeline,axis_completed,success,96.7741935483871,30,31
cp_tutorial_3d_monolayer,3,12,1791409258.945591,2556883,worker_2,W006,pipeline,axis_started,started,0.0,0,31
cp_tutorial_3d_monolayer,3,12,1791409258.9495058,2556883,worker_2,W006,RescaleIntensity,step_started,started,0.0,0,31
cp_tutorial_3d_monolayer,3,12,1791409258.950808,2556881,worker_1,W002,SaveImages,step_completed,success,96.7741935483871,30,31
cp_tutorial_3d_monolayer,3,12,1791409258.9524071,2556881,worker_1,W002,pipeline,axis_completed,success,96.7741935483871,30,31
cp_tutorial_3d_monolayer,3,12,1791409258.9524806,2556881,worker_1,W005,pipeline,axis_started,started,0.0,0,31
cp_tutorial_3d_monolayer,3,12,1791409258.955776,2556881,worker_1,W005,RescaleIntensity,step_started,started,0.0,0,31
cp_tutorial_3d_monolayer,3,12,1791409259.1693573,2556879,worker_0,W004,RescaleIntensity,pattern_group,running,100.0,1,1
cp_tutorial_3d_monolayer,3,12,1791409259.1695194,2556879,worker_0,W004,RescaleIntensity,step_completed,success,3.225806451612903,1,31
cp_tutorial_3d_monolayer,3,12,1791409259.1698368,2556879,worker_0,W004,Resize,step_started,started,3.225806451612903,1,31
cp_tutorial_3d_monolayer,3,12,1791409259.2256258,2556879,worker_0,W004,Resize,pattern_group,running,100.0,1,1
cp_tutorial_3d_monolayer,3,12,1791409259.2257664,2556879,worker_0,W004,Resize,step_completed,success,6.451612903225806,2,31
cp_tutorial_3d_monolayer,3,12,1791409259.2260609,2556879,worker_0,W004,MedianFilter,step_started,started,6.451612903225806,2,31
cp_tutorial_3d_monolayer,3,12,1791409259.3041794,2556881,worker_1,W005,RescaleIntensity,pattern_group,running,100.0,1,1
cp_tutorial_3d_monolayer,3,12,1791409259.3043258,2556881,worker_1,W005,RescaleIntensity,step_completed,success,3.225806451612903,1,31
cp_tutorial_3d_monolayer,3,12,1791409259.3046145,2556881,worker_1,W005,Resize,step_started,started,3.225806451612903,1,31
cp_tutorial_3d_monolayer,3,12,1791409259.3100827,2556883,worker_2,W006,RescaleIntensity,pattern_group,running,100.0,1,1
cp_tutorial_3d_monolayer,3,12,1791409259.3102334,2556883,worker_2,W006,RescaleIntensity,step_completed,success,3.225806451612903,1,31
cp_tutorial_3d_monolayer,3,12,1791409259.3105397,2556883,worker_2,W006,Resize,step_started,started,3.225806451612903,1,31
cp_tutorial_3d_monolayer,3,12,1791409259.3617077,2556881,worker_1,W005,Resize,pattern_group,running,100.0,1,1
cp_tutorial_3d_monolayer,3,12,1791409259.3618438,2556881,worker_1,W005,Resize,step_completed,success,6.451612903225806,2,31
cp_tutorial_3d_monolayer,3,12,1791409259.3621347,2556881,worker_1,W005,MedianFilter,step_started,started,6.451612903225806,2,31
cp_tutorial_3d_monolayer,3,12,1791409259.368839,2556883,worker_2,W006,Resize,pattern_group,running,100.0,1,1
cp_tutorial_3d_monolayer,3,12,1791409259.3689752,2556883,worker_2,W006,Resize,step_completed,success,6.451612903225806,2,31
cp_tutorial_3d_monolayer,3,12,1791409259.369276,2556883,worker_2,W006,MedianFilter,step_started,started,6.451612903225806,2,31
cp_tutorial_3d_monolayer,3,12,1791409259.3882003,2556879,worker_0,W004,MedianFilter,pattern_group,running,100.0,1,1
cp_tutorial_3d_monolayer,3,12,1791409259.38834,2556879,worker_0,W004,MedianFilter,step_completed,success,9.67741935483871,3,31
cp_tutorial_3d_monolayer,3,12,1791409259.3886986,2556879,worker_0,W004,Threshold,step_started,started,9.67741935483871,3,31
cp_tutorial_3d_monolayer,3,12,1791409259.4242225,2556879,worker_0,W004,Threshold,pattern_group,running,100.0,1,1
cp_tutorial_3d_monolayer,3,12,1791409259.4244647,2556879,worker_0,W004,Threshold,step_completed,success,12.903225806451612,4,31
cp_tutorial_3d_monolayer,3,12,1791409259.424846,2556879,worker_0,W004,RemoveHoles,step_started,started,12.903225806451612,4,31
cp_tutorial_3d_monolayer,3,12,1791409259.440295,2556879,worker_0,W004,RemoveHoles,pattern_group,running,100.0,1,1
cp_tutorial_3d_monolayer,3,12,1791409259.4404292,2556879,worker_0,W004,RemoveHoles,step_completed,success,16.129032258064516,5,31
cp_tutorial_3d_monolayer,3,12,1791409259.4408016,2556879,worker_0,W004,Watershed,step_started,started,16.129032258064516,5,31
cp_tutorial_3d_monolayer,3,12,1791409259.5293767,2556881,worker_1,W005,MedianFilter,pattern_group,running,100.0,1,1
cp_tutorial_3d_monolayer,3,12,1791409259.5295122,2556881,worker_1,W005,MedianFilter,step_completed,success,9.67741935483871,3,31
cp_tutorial_3d_monolayer,3,12,1791409259.5298753,2556881,worker_1,W005,Threshold,step_started,started,9.67741935483871,3,31
cp_tutorial_3d_monolayer,3,12,1791409259.5304306,2556879,worker_0,W004,Watershed,pattern_group,running,100.0,1,1
cp_tutorial_3d_monolayer,3,12,1791409259.5308375,2556879,worker_0,W004,Watershed,step_completed,success,19.35483870967742,6,31
cp_tutorial_3d_monolayer,3,12,1791409259.5313091,2556879,worker_0,W004,ResizeObjects,step_started,started,19.35483870967742,6,31
cp_tutorial_3d_monolayer,3,12,1791409259.533143,2556883,worker_2,W006,MedianFilter,pattern_group,running,100.0,1,1
cp_tutorial_3d_monolayer,3,12,1791409259.5332828,2556883,worker_2,W006,MedianFilter,step_completed,success,9.67741935483871,3,31
cp_tutorial_3d_monolayer,3,12,1791409259.5336492,2556883,worker_2,W006,Threshold,step_started,started,9.67741935483871,3,31
cp_tutorial_3d_monolayer,3,12,1791409259.5631385,2556879,worker_0,W004,ResizeObjects,pattern_group,running,100.0,1,1
cp_tutorial_3d_monolayer,3,12,1791409259.5636158,2556879,worker_0,W004,ResizeObjects,step_completed,success,22.58064516129032,7,31
cp_tutorial_3d_monolayer,3,12,1791409259.5640473,2556879,worker_0,W004,ErodeObjects,step_started,started,22.58064516129032,7,31
cp_tutorial_3d_monolayer,3,12,1791409259.571036,2556881,worker_1,W005,Threshold,pattern_group,running,100.0,1,1
cp_tutorial_3d_monolayer,3,12,1791409259.5712957,2556881,worker_1,W005,Threshold,step_completed,success,12.903225806451612,4,31
cp_tutorial_3d_monolayer,3,12,1791409259.5716841,2556881,worker_1,W005,RemoveHoles,step_started,started,12.903225806451612,4,31
cp_tutorial_3d_monolayer,3,12,1791409259.5732834,2556883,worker_2,W006,Threshold,pattern_group,running,100.0,1,1
cp_tutorial_3d_monolayer,3,12,1791409259.5735314,2556883,worker_2,W006,Threshold,step_completed,success,12.903225806451612,4,31
cp_tutorial_3d_monolayer,3,12,1791409259.5739164,2556883,worker_2,W006,RemoveHoles,step_started,started,12.903225806451612,4,31
cp_tutorial_3d_monolayer,3,12,1791409259.589496,2556881,worker_1,W005,RemoveHoles,pattern_group,running,100.0,1,1
cp_tutorial_3d_monolayer,3,12,1791409259.5896268,2556881,worker_1,W005,RemoveHoles,step_completed,success,16.129032258064516,5,31
cp_tutorial_3d_monolayer,3,12,1791409259.5899956,2556881,worker_1,W005,Watershed,step_started,started,16.129032258064516,5,31
cp_tutorial_3d_monolayer,3,12,1791409259.5902846,2556883,worker_2,W006,RemoveHoles,pattern_group,running,100.0,1,1
cp_tutorial_3d_monolayer,3,12,1791409259.590413,2556883,worker_2,W006,RemoveHoles,step_completed,success,16.129032258064516,5,31
cp_tutorial_3d_monolayer,3,12,1791409259.59079,2556883,worker_2,W006,Watershed,step_started,started,16.129032258064516,5,31
cp_tutorial_3d_monolayer,3,12,1791409259.6136,2556879,worker_0,W004,ErodeObjects,pattern_group,running,100.0,1,1
cp_tutorial_3d_monolayer,3,12,1791409259.6140594,2556879,worker_0,W004,ErodeObjects,step_completed,success,25.806451612903224,8,31
cp_tutorial_3d_monolayer,3,12,1791409259.6145482,2556879,worker_0,W004,ResizeObjects,step_started,started,25.806451612903224,8,31
cp_tutorial_3d_monolayer,3,12,1791409259.6427286,2556879,worker_0,W004,ResizeObjects,pattern_group,running,100.0,1,1
cp_tutorial_3d_monolayer,3,12,1791409259.6432018,2556879,worker_0,W004,ResizeObjects,step_completed,success,29.03225806451613,9,31
cp_tutorial_3d_monolayer,3,12,1791409259.6437452,2556879,worker_0,W004,ConvertObjectsToImage,step_started,started,29.03225806451613,9,31
cp_tutorial_3d_monolayer,3,12,1791409259.6629436,2556879,worker_0,W004,ConvertObjectsToImage,pattern_group,running,100.0,1,1
cp_tutorial_3d_monolayer,3,12,1791409259.6630867,2556879,worker_0,W004,ConvertObjectsToImage,step_completed,success,32.25806451612903,10,31
cp_tutorial_3d_monolayer,3,12,1791409259.6635585,2556879,worker_0,W004,Threshold,step_started,started,32.25806451612903,10,31
cp_tutorial_3d_monolayer,3,12,1791409259.6883435,2556883,worker_2,W006,Watershed,pattern_group,running,100.0,1,1
cp_tutorial_3d_monolayer,3,12,1791409259.6887403,2556883,worker_2,W006,Watershed,step_completed,success,19.35483870967742,6,31
cp_tutorial_3d_monolayer,3,12,1791409259.6891515,2556883,worker_2,W006,ResizeObjects,step_started,started,19.35483870967742,6,31
cp_tutorial_3d_monolayer,3,12,1791409259.6911883,2556881,worker_1,W005,Watershed,pattern_group,running,100.0,1,1
cp_tutorial_3d_monolayer,3,12,1791409259.6915832,2556881,worker_1,W005,Watershed,step_completed,success,19.35483870967742,6,31
cp_tutorial_3d_monolayer,3,12,1791409259.692026,2556881,worker_1,W005,ResizeObjects,step_started,started,19.35483870967742,6,31
cp_tutorial_3d_monolayer,3,12,1791409259.793141,2556883,worker_2,W006,ResizeObjects,pattern_group,running,100.0,1,1
cp_tutorial_3d_monolayer,3,12,1791409259.7939425,2556883,worker_2,W006,ResizeObjects,step_completed,success,22.58064516129032,7,31
cp_tutorial_3d_monolayer,3,12,1791409259.7945426,2556883,worker_2,W006,ErodeObjects,step_started,started,22.58064516129032,7,31
cp_tutorial_3d_monolayer,3,12,1791409259.79965,2556881,worker_1,W005,ResizeObjects,pattern_group,running,100.0,1,1
cp_tutorial_3d_monolayer,3,12,1791409259.8002925,2556881,worker_1,W005,ResizeObjects,step_completed,success,22.58064516129032,7,31
cp_tutorial_3d_monolayer,3,12,1791409259.8008502,2556881,worker_1,W005,ErodeObjects,step_started,started,22.58064516129032,7,31
cp_tutorial_3d_monolayer,3,12,1791409259.8448594,2556883,worker_2,W006,ErodeObjects,pattern_group,running,100.0,1,1
cp_tutorial_3d_monolayer,3,12,1791409259.8453317,2556883,worker_2,W006,ErodeObjects,step_completed,success,25.806451612903224,8,31
cp_tutorial_3d_monolayer,3,12,1791409259.845834,2556883,worker_2,W006,ResizeObjects,step_started,started,25.806451612903224,8,31
cp_tutorial_3d_monolayer,3,12,1791409259.8565722,2556881,worker_1,W005,ErodeObjects,pattern_group,running,100.0,1,1
cp_tutorial_3d_monolayer,3,12,1791409259.8571815,2556881,worker_1,W005,ErodeObjects,step_completed,success,25.806451612903224,8,31
cp_tutorial_3d_monolayer,3,12,1791409259.8577206,2556881,worker_1,W005,ResizeObjects,step_started,started,25.806451612903224,8,31
cp_tutorial_3d_monolayer,3,12,1791409259.8678937,2556879,worker_0,W004,Threshold,pattern_group,running,100.0,1,1
cp_tutorial_3d_monolayer,3,12,1791409259.8682544,2556879,worker_0,W004,Threshold,step_completed,success,35.483870967741936,11,31
cp_tutorial_3d_monolayer,3,12,1791409259.8687158,2556879,worker_0,W004,ImageMath,step_started,started,35.483870967741936,11,31
cp_tutorial_3d_monolayer,3,12,1791409259.881463,2556883,worker_2,W006,ResizeObjects,pattern_group,running,100.0,1,1
cp_tutorial_3d_monolayer,3,12,1791409259.8820417,2556883,worker_2,W006,ResizeObjects,step_completed,success,29.03225806451613,9,31
cp_tutorial_3d_monolayer,3,12,1791409259.8826656,2556883,worker_2,W006,ConvertObjectsToImage,step_started,started,29.03225806451613,9,31
cp_tutorial_3d_monolayer,3,12,1791409259.8944874,2556881,worker_1,W005,ResizeObjects,pattern_group,running,100.0,1,1
cp_tutorial_3d_monolayer,3,12,1791409259.8950725,2556881,worker_1,W005,ResizeObjects,step_completed,success,29.03225806451613,9,31
cp_tutorial_3d_monolayer,3,12,1791409259.8959057,2556881,worker_1,W005,ConvertObjectsToImage,step_started,started,29.03225806451613,9,31
cp_tutorial_3d_monolayer,3,12,1791409259.9030542,2556883,worker_2,W006,ConvertObjectsToImage,pattern_group,running,100.0,1,1
cp_tutorial_3d_monolayer,3,12,1791409259.9061706,2556879,worker_0,W004,ImageMath,pattern_group,running,100.0,1,1
cp_tutorial_3d_monolayer,3,12,1791409259.9032297,2556883,worker_2,W006,ConvertObjectsToImage,step_completed,success,32.25806451612903,10,31
cp_tutorial_3d_monolayer,3,12,1791409259.906437,2556879,worker_0,W004,ImageMath,step_completed,success,38.70967741935484,12,31
cp_tutorial_3d_monolayer,3,12,1791409259.9037318,2556883,worker_2,W006,Threshold,step_started,started,32.25806451612903,10,31
cp_tutorial_3d_monolayer,3,12,1791409259.9070063,2556879,worker_0,W004,RemoveHoles,step_started,started,38.70967741935484,12,31
cp_tutorial_3d_monolayer,3,12,1791409259.9171455,2556881,worker_1,W005,ConvertObjectsToImage,pattern_group,running,100.0,1,1
cp_tutorial_3d_monolayer,3,12,1791409259.917297,2556881,worker_1,W005,ConvertObjectsToImage,step_completed,success,32.25806451612903,10,31
cp_tutorial_3d_monolayer,3,12,1791409259.9177725,2556881,worker_1,W005,Threshold,step_started,started,32.25806451612903,10,31
cp_tutorial_3d_monolayer,3,12,1791409259.9700167,2556879,worker_0,W004,RemoveHoles,pattern_group,running,100.0,1,1
cp_tutorial_3d_monolayer,3,12,1791409259.970154,2556879,worker_0,W004,RemoveHoles,step_completed,success,41.935483870967744,13,31
cp_tutorial_3d_monolayer,3,12,1791409259.9706805,2556879,worker_0,W004,ImageMath,step_started,started,41.935483870967744,13,31
cp_tutorial_3d_monolayer,3,12,1791409260.1011362,2556883,worker_2,W006,Threshold,pattern_group,running,100.0,1,1
cp_tutorial_3d_monolayer,3,12,1791409260.101424,2556883,worker_2,W006,Threshold,step_completed,success,35.483870967741936,11,31
cp_tutorial_3d_monolayer,3,12,1791409260.1018143,2556883,worker_2,W006,ImageMath,step_started,started,35.483870967741936,11,31
cp_tutorial_3d_monolayer,3,12,1791409260.1090655,2556881,worker_1,W005,Threshold,pattern_group,running,100.0,1,1
cp_tutorial_3d_monolayer,3,12,1791409260.1093159,2556881,worker_1,W005,Threshold,step_completed,success,35.483870967741936,11,31
cp_tutorial_3d_monolayer,3,12,1791409260.1096532,2556881,worker_1,W005,ImageMath,step_started,started,35.483870967741936,11,31
cp_tutorial_3d_monolayer,3,12,1791409260.1361074,2556883,worker_2,W006,ImageMath,pattern_group,running,100.0,1,1
cp_tutorial_3d_monolayer,3,12,1791409260.1363204,2556883,worker_2,W006,ImageMath,step_completed,success,38.70967741935484,12,31
cp_tutorial_3d_monolayer,3,12,1791409260.1368978,2556883,worker_2,W006,RemoveHoles,step_started,started,38.70967741935484,12,31
cp_tutorial_3d_monolayer,3,12,1791409260.141794,2556881,worker_1,W005,ImageMath,pattern_group,running,100.0,1,1
cp_tutorial_3d_monolayer,3,12,1791409260.142028,2556881,worker_1,W005,ImageMath,step_completed,success,38.70967741935484,12,31
cp_tutorial_3d_monolayer,3,12,1791409260.1426342,2556881,worker_1,W005,RemoveHoles,step_started,started,38.70967741935484,12,31
cp_tutorial_3d_monolayer,3,12,1791409260.1980658,2556883,worker_2,W006,RemoveHoles,pattern_group,running,100.0,1,1
cp_tutorial_3d_monolayer,3,12,1791409260.1982138,2556883,worker_2,W006,RemoveHoles,step_completed,success,41.935483870967744,13,31
cp_tutorial_3d_monolayer,3,12,1791409260.198728,2556883,worker_2,W006,ImageMath,step_started,started,41.935483870967744,13,31
cp_tutorial_3d_monolayer,3,12,1791409260.2125993,2556881,worker_1,W005,RemoveHoles,pattern_group,running,100.0,1,1
cp_tutorial_3d_monolayer,3,12,1791409260.212736,2556881,worker_1,W005,RemoveHoles,step_completed,success,41.935483870967744,13,31
cp_tutorial_3d_monolayer,3,12,1791409260.213263,2556881,worker_1,W005,ImageMath,step_started,started,41.935483870967744,13,31
cp_tutorial_3d_monolayer,3,12,1791409260.2941468,2556879,worker_0,W004,ImageMath,pattern_group,running,100.0,1,1
cp_tutorial_3d_monolayer,3,12,1791409260.29431,2556879,worker_0,W004,ImageMath,step_completed,success,45.16129032258064,14,31
cp_tutorial_3d_monolayer,3,12,1791409260.2946641,2556879,worker_0,W004,Resize,step_started,started,45.16129032258064,14,31
cp_tutorial_3d_monolayer,3,12,1791409260.3560612,2556879,worker_0,W004,Resize,pattern_group,running,100.0,1,1
cp_tutorial_3d_monolayer,3,12,1791409260.3562045,2556879,worker_0,W004,Resize,step_completed,success,48.38709677419355,15,31
cp_tutorial_3d_monolayer,3,12,1791409260.3567317,2556879,worker_0,W004,Closing,step_started,started,48.38709677419355,15,31
cp_tutorial_3d_monolayer,3,12,1791409260.4372241,2556879,worker_0,W004,Closing,pattern_group,running,100.0,1,1
cp_tutorial_3d_monolayer,3,12,1791409260.4373796,2556879,worker_0,W004,Closing,step_completed,success,51.61290322580645,16,31
cp_tutorial_3d_monolayer,3,12,1791409260.440058,2556879,worker_0,W004,Resize,step_started,started,51.61290322580645,16,31
cp_tutorial_3d_monolayer,3,12,1791409260.488557,2556879,worker_0,W004,Resize,pattern_group,running,100.0,1,1
cp_tutorial_3d_monolayer,3,12,1791409260.4886994,2556879,worker_0,W004,Resize,step_completed,success,54.83870967741935,17,31
cp_tutorial_3d_monolayer,3,12,1791409260.4892163,2556879,worker_0,W004,Threshold,step_started,started,54.83870967741935,17,31
cp_tutorial_3d_monolayer,3,12,1791409260.494751,2556883,worker_2,W006,ImageMath,pattern_group,running,100.0,1,1
cp_tutorial_3d_monolayer,3,12,1791409260.4949105,2556883,worker_2,W006,ImageMath,step_completed,success,45.16129032258064,14,31
cp_tutorial_3d_monolayer,3,12,1791409260.4952888,2556883,worker_2,W006,Resize,step_started,started,45.16129032258064,14,31
cp_tutorial_3d_monolayer,3,12,1791409260.5589683,2556883,worker_2,W006,Resize,pattern_group,running,100.0,1,1
cp_tutorial_3d_monolayer,3,12,1791409260.559109,2556883,worker_2,W006,Resize,step_completed,success,48.38709677419355,15,31
cp_tutorial_3d_monolayer,3,12,1791409260.5596266,2556883,worker_2,W006,Closing,step_started,started,48.38709677419355,15,31
cp_tutorial_3d_monolayer,3,12,1791409260.5700645,2556881,worker_1,W005,ImageMath,pattern_group,running,100.0,1,1
cp_tutorial_3d_monolayer,3,12,1791409260.570231,2556881,worker_1,W005,ImageMath,step_completed,success,45.16129032258064,14,31
cp_tutorial_3d_monolayer,3,12,1791409260.5706224,2556881,worker_1,W005,Resize,step_started,started,45.16129032258064,14,31
cp_tutorial_3d_monolayer,3,12,1791409260.6373608,2556881,worker_1,W005,Resize,pattern_group,running,100.0,1,1
cp_tutorial_3d_monolayer,3,12,1791409260.6374986,2556881,worker_1,W005,Resize,step_completed,success,48.38709677419355,15,31
cp_tutorial_3d_monolayer,3,12,1791409260.638027,2556881,worker_1,W005,Closing,step_started,started,48.38709677419355,15,31
cp_tutorial_3d_monolayer,3,12,1791409260.642703,2556883,worker_2,W006,Closing,pattern_group,running,100.0,1,1
cp_tutorial_3d_monolayer,3,12,1791409260.6428504,2556883,worker_2,W006,Closing,step_completed,success,51.61290322580645,16,31
cp_tutorial_3d_monolayer,3,12,1791409260.6445549,2556883,worker_2,W006,Resize,step_started,started,51.61290322580645,16,31
cp_tutorial_3d_monolayer,3,12,1791409260.6807835,2556879,worker_0,W004,Threshold,pattern_group,running,100.0,1,1
cp_tutorial_3d_monolayer,3,12,1791409260.6810298,2556879,worker_0,W004,Threshold,step_completed,success,58.06451612903226,18,31
cp_tutorial_3d_monolayer,3,12,1791409260.681569,2556879,worker_0,W004,MaskImage,step_started,started,58.06451612903226,18,31
cp_tutorial_3d_monolayer,3,12,1791409260.6930926,2556883,worker_2,W006,Resize,pattern_group,running,100.0,1,1
cp_tutorial_3d_monolayer,3,12,1791409260.6932404,2556883,worker_2,W006,Resize,step_completed,success,54.83870967741935,17,31
cp_tutorial_3d_monolayer,3,12,1791409260.69378,2556883,worker_2,W006,Threshold,step_started,started,54.83870967741935,17,31
cp_tutorial_3d_monolayer,3,12,1791409260.7214715,2556881,worker_1,W005,Closing,pattern_group,running,100.0,1,1
cp_tutorial_3d_monolayer,3,12,1791409260.7216218,2556881,worker_1,W005,Closing,step_completed,success,51.61290322580645,16,31
cp_tutorial_3d_monolayer,3,12,1791409260.7245066,2556881,worker_1,W005,Resize,step_started,started,51.61290322580645,16,31
cp_tutorial_3d_monolayer,3,12,1791409260.7263498,2556879,worker_0,W004,MaskImage,pattern_group,running,100.0,1,1
cp_tutorial_3d_monolayer,3,12,1791409260.7265363,2556879,worker_0,W004,MaskImage,step_completed,success,61.29032258064516,19,31
cp_tutorial_3d_monolayer,3,12,1791409260.7272387,2556879,worker_0,W004,ErodeImage,step_started,started,61.29032258064516,19,31
cp_tutorial_3d_monolayer,3,12,1791409260.7593021,2556879,worker_0,W004,ErodeImage,pattern_group,running,100.0,1,1
cp_tutorial_3d_monolayer,3,12,1791409260.7594573,2556879,worker_0,W004,ErodeImage,step_completed,success,64.51612903225806,20,31
cp_tutorial_3d_monolayer,3,12,1791409260.7646868,2556879,worker_0,W004,Watershed,step_started,started,64.51612903225806,20,31
cp_tutorial_3d_monolayer,3,12,1791409260.7800758,2556881,worker_1,W005,Resize,pattern_group,running,100.0,1,1
cp_tutorial_3d_monolayer,3,12,1791409260.7802284,2556881,worker_1,W005,Resize,step_completed,success,54.83870967741935,17,31
cp_tutorial_3d_monolayer,3,12,1791409260.7808876,2556881,worker_1,W005,Threshold,step_started,started,54.83870967741935,17,31
cp_tutorial_3d_monolayer,3,12,1791409260.873328,2556883,worker_2,W006,Threshold,pattern_group,running,100.0,1,1
cp_tutorial_3d_monolayer,3,12,1791409260.873618,2556883,worker_2,W006,Threshold,step_completed,success,58.06451612903226,18,31
cp_tutorial_3d_monolayer,3,12,1791409260.8742034,2556883,worker_2,W006,MaskImage,step_started,started,58.06451612903226,18,31
cp_tutorial_3d_monolayer,3,12,1791409260.9221108,2556883,worker_2,W006,MaskImage,pattern_group,running,100.0,1,1
cp_tutorial_3d_monolayer,3,12,1791409260.922296,2556883,worker_2,W006,MaskImage,step_completed,success,61.29032258064516,19,31
cp_tutorial_3d_monolayer,3,12,1791409260.922953,2556883,worker_2,W006,ErodeImage,step_started,started,61.29032258064516,19,31
cp_tutorial_3d_monolayer,3,12,1791409260.9401386,2556879,worker_0,W004,Watershed,pattern_group,running,100.0,1,1
cp_tutorial_3d_monolayer,3,12,1791409260.9405801,2556879,worker_0,W004,Watershed,step_completed,success,67.74193548387096,21,31
cp_tutorial_3d_monolayer,3,12,1791409260.9413075,2556879,worker_0,W004,MeasureObjectIntensity,step_started,started,67.74193548387096,21,31
cp_tutorial_3d_monolayer,3,12,1791409260.9584236,2556883,worker_2,W006,ErodeImage,pattern_group,running,100.0,1,1
cp_tutorial_3d_monolayer,3,12,1791409260.9585698,2556883,worker_2,W006,ErodeImage,step_completed,success,64.51612903225806,20,31
cp_tutorial_3d_monolayer,3,12,1791409260.9626648,2556883,worker_2,W006,Watershed,step_started,started,64.51612903225806,20,31
cp_tutorial_3d_monolayer,3,12,1791409260.9734275,2556881,worker_1,W005,Threshold,pattern_group,running,100.0,1,1
cp_tutorial_3d_monolayer,3,12,1791409260.9736795,2556881,worker_1,W005,Threshold,step_completed,success,58.06451612903226,18,31
cp_tutorial_3d_monolayer,3,12,1791409260.974241,2556881,worker_1,W005,MaskImage,step_started,started,58.06451612903226,18,31
cp_tutorial_3d_monolayer,3,12,1791409261.0222201,2556881,worker_1,W005,MaskImage,pattern_group,running,100.0,1,1
cp_tutorial_3d_monolayer,3,12,1791409261.0223792,2556881,worker_1,W005,MaskImage,step_completed,success,61.29032258064516,19,31
cp_tutorial_3d_monolayer,3,12,1791409261.0230038,2556881,worker_1,W005,ErodeImage,step_started,started,61.29032258064516,19,31
cp_tutorial_3d_monolayer,3,12,1791409261.057683,2556881,worker_1,W005,ErodeImage,pattern_group,running,100.0,1,1
cp_tutorial_3d_monolayer,3,12,1791409261.0579975,2556881,worker_1,W005,ErodeImage,step_completed,success,64.51612903225806,20,31
cp_tutorial_3d_monolayer,3,12,1791409261.0643396,2556881,worker_1,W005,Watershed,step_started,started,64.51612903225806,20,31
cp_tutorial_3d_monolayer,3,12,1791409261.0870552,2556883,worker_2,W006,Watershed,pattern_group,running,100.0,1,1
cp_tutorial_3d_monolayer,3,12,1791409261.0874944,2556883,worker_2,W006,Watershed,step_completed,success,67.74193548387096,21,31
cp_tutorial_3d_monolayer,3,12,1791409261.088175,2556883,worker_2,W006,MeasureObjectIntensity,step_started,started,67.74193548387096,21,31
cp_tutorial_3d_monolayer,3,12,1791409261.1959205,2556879,worker_0,W004,MeasureObjectIntensity,pattern_group,running,50.0,1,2
cp_tutorial_3d_monolayer,3,12,1791409261.3123298,2556881,worker_1,W005,Watershed,pattern_group,running,100.0,1,1
cp_tutorial_3d_monolayer,3,12,1791409261.3127363,2556881,worker_1,W005,Watershed,step_completed,success,67.74193548387096,21,31
cp_tutorial_3d_monolayer,3,12,1791409261.313378,2556881,worker_1,W005,MeasureObjectIntensity,step_started,started,67.74193548387096,21,31
cp_tutorial_3d_monolayer,3,12,1791409261.3515978,2556883,worker_2,W006,MeasureObjectIntensity,pattern_group,running,50.0,1,2
cp_tutorial_3d_monolayer,3,12,1791409261.4940424,2556879,worker_0,W004,MeasureObjectIntensity,pattern_group,running,100.0,2,2
cp_tutorial_3d_monolayer,3,12,1791409261.4964297,2556879,worker_0,W004,MeasureObjectIntensity,step_completed,success,70.96774193548387,22,31
cp_tutorial_3d_monolayer,3,12,1791409261.496847,2556879,worker_0,W004,MeasureObjectSizeShape,step_started,started,70.96774193548387,22,31
cp_tutorial_3d_monolayer,3,12,1791409261.5830703,2556881,worker_1,W005,MeasureObjectIntensity,pattern_group,running,50.0,1,2
cp_tutorial_3d_monolayer,3,12,1791409261.5874145,2556879,worker_0,W004,MeasureObjectSizeShape,pattern_group,running,50.0,1,2
cp_tutorial_3d_monolayer,3,12,1791409261.6400614,2556883,worker_2,W006,MeasureObjectIntensity,pattern_group,running,100.0,2,2
cp_tutorial_3d_monolayer,3,12,1791409261.642611,2556883,worker_2,W006,MeasureObjectIntensity,step_completed,success,70.96774193548387,22,31
cp_tutorial_3d_monolayer,3,12,1791409261.6429975,2556883,worker_2,W006,MeasureObjectSizeShape,step_started,started,70.96774193548387,22,31
cp_tutorial_3d_monolayer,3,12,1791409261.6813107,2556879,worker_0,W004,MeasureObjectSizeShape,pattern_group,running,100.0,2,2
cp_tutorial_3d_monolayer,3,12,1791409261.6818864,2556879,worker_0,W004,MeasureObjectSizeShape,step_completed,success,74.19354838709677,23,31
cp_tutorial_3d_monolayer,3,12,1791409261.6822839,2556879,worker_0,W004,OverlayObjects,step_started,started,74.19354838709677,23,31
cp_tutorial_3d_monolayer,3,12,1791409261.722713,2556879,worker_0,W004,OverlayObjects,pattern_group,running,100.0,1,1
cp_tutorial_3d_monolayer,3,12,1791409261.7228496,2556879,worker_0,W004,OverlayObjects,step_completed,success,77.41935483870968,24,31
cp_tutorial_3d_monolayer,3,12,1791409261.7234883,2556879,worker_0,W004,RescaleIntensity,step_started,started,77.41935483870968,24,31
cp_tutorial_3d_monolayer,3,12,1791409261.7320602,2556883,worker_2,W006,MeasureObjectSizeShape,pattern_group,running,50.0,1,2
cp_tutorial_3d_monolayer,3,12,1791409261.81933,2556879,worker_0,W004,RescaleIntensity,pattern_group,running,100.0,1,1
cp_tutorial_3d_monolayer,3,12,1791409261.81947,2556879,worker_0,W004,RescaleIntensity,step_completed,success,80.64516129032258,25,31
cp_tutorial_3d_monolayer,3,12,1791409261.8198426,2556879,worker_0,W004,OverlayObjects,step_started,started,80.64516129032258,25,31
cp_tutorial_3d_monolayer,3,12,1791409261.8280036,2556883,worker_2,W006,MeasureObjectSizeShape,pattern_group,running,100.0,2,2
cp_tutorial_3d_monolayer,3,12,1791409261.8286302,2556883,worker_2,W006,MeasureObjectSizeShape,step_completed,success,74.19354838709677,23,31
cp_tutorial_3d_monolayer,3,12,1791409261.8290439,2556883,worker_2,W006,OverlayObjects,step_started,started,74.19354838709677,23,31
cp_tutorial_3d_monolayer,3,12,1791409261.8606484,2556879,worker_0,W004,OverlayObjects,pattern_group,running,100.0,1,1
cp_tutorial_3d_monolayer,3,12,1791409261.8607786,2556879,worker_0,W004,OverlayObjects,step_completed,success,83.87096774193549,26,31
cp_tutorial_3d_monolayer,3,12,1791409261.8614655,2556879,worker_0,W004,ConvertObjectsToImage,step_started,started,83.87096774193549,26,31
cp_tutorial_3d_monolayer,3,12,1791409261.8708289,2556883,worker_2,W006,OverlayObjects,pattern_group,running,100.0,1,1
cp_tutorial_3d_monolayer,3,12,1791409261.8710504,2556883,worker_2,W006,OverlayObjects,step_completed,success,77.41935483870968,24,31
cp_tutorial_3d_monolayer,3,12,1791409261.8717303,2556883,worker_2,W006,RescaleIntensity,step_started,started,77.41935483870968,24,31
cp_tutorial_3d_monolayer,3,12,1791409261.8873947,2556881,worker_1,W005,MeasureObjectIntensity,pattern_group,running,100.0,2,2
cp_tutorial_3d_monolayer,3,12,1791409261.8897972,2556881,worker_1,W005,MeasureObjectIntensity,step_completed,success,70.96774193548387,22,31
cp_tutorial_3d_monolayer,3,12,1791409261.8904,2556881,worker_1,W005,MeasureObjectSizeShape,step_started,started,70.96774193548387,22,31
cp_tutorial_3d_monolayer,3,12,1791409261.8955555,2556879,worker_0,W004,ConvertObjectsToImage,pattern_group,running,100.0,1,1
cp_tutorial_3d_monolayer,3,12,1791409261.8957746,2556879,worker_0,W004,ConvertObjectsToImage,step_completed,success,87.09677419354838,27,31
cp_tutorial_3d_monolayer,3,12,1791409261.89648,2556879,worker_0,W004,SaveImages,step_started,started,87.09677419354838,27,31
cp_tutorial_3d_monolayer,3,12,1791409261.9488637,2556879,worker_0,W004,SaveImages,pattern_group,running,100.0,1,1
cp_tutorial_3d_monolayer,3,12,1791409261.9614878,2556879,worker_0,W004,SaveImages,step_completed,success,90.32258064516128,28,31
cp_tutorial_3d_monolayer,3,12,1791409261.9621823,2556879,worker_0,W004,ConvertObjectsToImage,step_started,started,90.32258064516128,28,31
cp_tutorial_3d_monolayer,3,12,1791409261.970117,2556883,worker_2,W006,RescaleIntensity,pattern_group,running,100.0,1,1
cp_tutorial_3d_monolayer,3,12,1791409261.9703448,2556883,worker_2,W006,RescaleIntensity,step_completed,success,80.64516129032258,25,31
cp_tutorial_3d_monolayer,3,12,1791409261.9707751,2556883,worker_2,W006,OverlayObjects,step_started,started,80.64516129032258,25,31
cp_tutorial_3d_monolayer,3,12,1791409261.981741,2556881,worker_1,W005,MeasureObjectSizeShape,pattern_group,running,50.0,1,2
cp_tutorial_3d_monolayer,3,12,1791409261.9993532,2556879,worker_0,W004,ConvertObjectsToImage,pattern_group,running,100.0,1,1
cp_tutorial_3d_monolayer,3,12,1791409261.9996643,2556879,worker_0,W004,ConvertObjectsToImage,step_completed,success,93.54838709677419,29,31
cp_tutorial_3d_monolayer,3,12,1791409262.00781,2556879,worker_0,W004,SaveImages,step_started,started,93.54838709677419,29,31
cp_tutorial_3d_monolayer,3,12,1791409262.0118458,2556883,worker_2,W006,OverlayObjects,pattern_group,running,100.0,1,1
cp_tutorial_3d_monolayer,3,12,1791409262.0119455,2556883,worker_2,W006,OverlayObjects,step_completed,success,83.87096774193549,26,31
cp_tutorial_3d_monolayer,3,12,1791409262.012554,2556883,worker_2,W006,ConvertObjectsToImage,step_started,started,83.87096774193549,26,31
cp_tutorial_3d_monolayer,3,12,1791409262.0450394,2556883,worker_2,W006,ConvertObjectsToImage,pattern_group,running,100.0,1,1
cp_tutorial_3d_monolayer,3,12,1791409262.0451875,2556883,worker_2,W006,ConvertObjectsToImage,step_completed,success,87.09677419354838,27,31
cp_tutorial_3d_monolayer,3,12,1791409262.0457888,2556883,worker_2,W006,SaveImages,step_started,started,87.09677419354838,27,31
cp_tutorial_3d_monolayer,3,12,1791409262.057667,2556879,worker_0,W004,SaveImages,pattern_group,running,100.0,1,1
cp_tutorial_3d_monolayer,3,12,1791409262.0671554,2556879,worker_0,W004,SaveImages,step_completed,success,96.7741935483871,30,31
cp_tutorial_3d_monolayer,3,12,1791409262.068396,2556879,worker_0,W004,pipeline,axis_completed,success,96.7741935483871,30,31
cp_tutorial_3d_monolayer,3,12,1791409262.0782173,2556881,worker_1,W005,MeasureObjectSizeShape,pattern_group,running,100.0,2,2
cp_tutorial_3d_monolayer,3,12,1791409262.0788002,2556881,worker_1,W005,MeasureObjectSizeShape,step_completed,success,74.19354838709677,23,31
cp_tutorial_3d_monolayer,3,12,1791409262.0792036,2556881,worker_1,W005,OverlayObjects,step_started,started,74.19354838709677,23,31
cp_tutorial_3d_monolayer,3,12,1791409262.0684736,2556879,worker_0,W007,pipeline,axis_started,started,0.0,0,31
cp_tutorial_3d_monolayer,3,12,1791409262.0716822,2556879,worker_0,W007,RescaleIntensity,step_started,started,0.0,0,31
cp_tutorial_3d_monolayer,3,12,1791409262.0945783,2556883,worker_2,W006,SaveImages,pattern_group,running,100.0,1,1
cp_tutorial_3d_monolayer,3,12,1791409262.1024656,2556883,worker_2,W006,SaveImages,step_completed,success,90.32258064516128,28,31
cp_tutorial_3d_monolayer,3,12,1791409262.1032894,2556883,worker_2,W006,ConvertObjectsToImage,step_started,started,90.32258064516128,28,31
cp_tutorial_3d_monolayer,3,12,1791409262.1193366,2556881,worker_1,W005,OverlayObjects,pattern_group,running,100.0,1,1
cp_tutorial_3d_monolayer,3,12,1791409262.1194513,2556881,worker_1,W005,OverlayObjects,step_completed,success,77.41935483870968,24,31
cp_tutorial_3d_monolayer,3,12,1791409262.1200752,2556881,worker_1,W005,RescaleIntensity,step_started,started,77.41935483870968,24,31
cp_tutorial_3d_monolayer,3,12,1791409262.1367047,2556883,worker_2,W006,ConvertObjectsToImage,pattern_group,running,100.0,1,1
cp_tutorial_3d_monolayer,3,12,1791409262.1368802,2556883,worker_2,W006,ConvertObjectsToImage,step_completed,success,93.54838709677419,29,31
cp_tutorial_3d_monolayer,3,12,1791409262.14409,2556883,worker_2,W006,SaveImages,step_started,started,93.54838709677419,29,31
cp_tutorial_3d_monolayer,3,12,1791409262.1926522,2556883,worker_2,W006,SaveImages,pattern_group,running,100.0,1,1
cp_tutorial_3d_monolayer,3,12,1791409262.1994205,2556883,worker_2,W006,SaveImages,step_completed,success,96.7741935483871,30,31
cp_tutorial_3d_monolayer,3,12,1791409262.2007976,2556883,worker_2,W006,pipeline,axis_completed,success,96.7741935483871,30,31
cp_tutorial_3d_monolayer,3,12,1791409262.2008839,2556883,worker_2,W009,pipeline,axis_started,started,0.0,0,31
cp_tutorial_3d_monolayer,3,12,1791409262.2042432,2556883,worker_2,W009,RescaleIntensity,step_started,started,0.0,0,31
cp_tutorial_3d_monolayer,3,12,1791409262.218675,2556881,worker_1,W005,RescaleIntensity,pattern_group,running,100.0,1,1
cp_tutorial_3d_monolayer,3,12,1791409262.2188106,2556881,worker_1,W005,RescaleIntensity,step_completed,success,80.64516129032258,25,31
cp_tutorial_3d_monolayer,3,12,1791409262.2191854,2556881,worker_1,W005,OverlayObjects,step_started,started,80.64516129032258,25,31
cp_tutorial_3d_monolayer,3,12,1791409262.2532618,2556881,worker_1,W005,OverlayObjects,pattern_group,running,100.0,1,1
cp_tutorial_3d_monolayer,3,12,1791409262.2533703,2556881,worker_1,W005,OverlayObjects,step_completed,success,83.87096774193549,26,31
cp_tutorial_3d_monolayer,3,12,1791409262.254001,2556881,worker_1,W005,ConvertObjectsToImage,step_started,started,83.87096774193549,26,31
cp_tutorial_3d_monolayer,3,12,1791409262.2884731,2556881,worker_1,W005,ConvertObjectsToImage,pattern_group,running,100.0,1,1
cp_tutorial_3d_monolayer,3,12,1791409262.2886183,2556881,worker_1,W005,ConvertObjectsToImage,step_completed,success,87.09677419354838,27,31
cp_tutorial_3d_monolayer,3,12,1791409262.2892358,2556881,worker_1,W005,SaveImages,step_started,started,87.09677419354838,27,31
cp_tutorial_3d_monolayer,3,12,1791409262.3377438,2556881,worker_1,W005,SaveImages,pattern_group,running,100.0,1,1
cp_tutorial_3d_monolayer,3,12,1791409262.344048,2556881,worker_1,W005,SaveImages,step_completed,success,90.32258064516128,28,31
cp_tutorial_3d_monolayer,3,12,1791409262.3446887,2556881,worker_1,W005,ConvertObjectsToImage,step_started,started,90.32258064516128,28,31
cp_tutorial_3d_monolayer,3,12,1791409262.377631,2556881,worker_1,W005,ConvertObjectsToImage,pattern_group,running,100.0,1,1
cp_tutorial_3d_monolayer,3,12,1791409262.3778021,2556881,worker_1,W005,ConvertObjectsToImage,step_completed,success,93.54838709677419,29,31
cp_tutorial_3d_monolayer,3,12,1791409262.386487,2556881,worker_1,W005,SaveImages,step_started,started,93.54838709677419,29,31
cp_tutorial_3d_monolayer,3,12,1791409262.4215949,2556879,worker_0,W007,RescaleIntensity,pattern_group,running,100.0,1,1
cp_tutorial_3d_monolayer,3,12,1791409262.4217434,2556879,worker_0,W007,RescaleIntensity,step_completed,success,3.225806451612903,1,31
cp_tutorial_3d_monolayer,3,12,1791409262.4221096,2556879,worker_0,W007,Resize,step_started,started,3.225806451612903,1,31
cp_tutorial_3d_monolayer,3,12,1791409262.436835,2556881,worker_1,W005,SaveImages,pattern_group,running,100.0,1,1
cp_tutorial_3d_monolayer,3,12,1791409262.4441373,2556881,worker_1,W005,SaveImages,step_completed,success,96.7741935483871,30,31
cp_tutorial_3d_monolayer,3,12,1791409262.4455178,2556881,worker_1,W005,pipeline,axis_completed,success,96.7741935483871,30,31
cp_tutorial_3d_monolayer,3,12,1791409262.4456139,2556881,worker_1,W008,pipeline,axis_started,started,0.0,0,31
cp_tutorial_3d_monolayer,3,12,1791409262.4492152,2556881,worker_1,W008,RescaleIntensity,step_started,started,0.0,0,31
cp_tutorial_3d_monolayer,3,12,1791409262.4792345,2556879,worker_0,W007,Resize,pattern_group,running,100.0,1,1
cp_tutorial_3d_monolayer,3,12,1791409262.479386,2556879,worker_0,W007,Resize,step_completed,success,6.451612903225806,2,31
cp_tutorial_3d_monolayer,3,12,1791409262.479688,2556879,worker_0,W007,MedianFilter,step_started,started,6.451612903225806,2,31
cp_tutorial_3d_monolayer,3,12,1791409262.5433872,2556883,worker_2,W009,RescaleIntensity,pattern_group,running,100.0,1,1
cp_tutorial_3d_monolayer,3,12,1791409262.543522,2556883,worker_2,W009,RescaleIntensity,step_completed,success,3.225806451612903,1,31
cp_tutorial_3d_monolayer,3,12,1791409262.5438063,2556883,worker_2,W009,Resize,step_started,started,3.225806451612903,1,31
cp_tutorial_3d_monolayer,3,12,1791409262.5978234,2556883,worker_2,W009,Resize,pattern_group,running,100.0,1,1
cp_tutorial_3d_monolayer,3,12,1791409262.5979671,2556883,worker_2,W009,Resize,step_completed,success,6.451612903225806,2,31
cp_tutorial_3d_monolayer,3,12,1791409262.5982623,2556883,worker_2,W009,MedianFilter,step_started,started,6.451612903225806,2,31
cp_tutorial_3d_monolayer,3,12,1791409262.6448052,2556879,worker_0,W007,MedianFilter,pattern_group,running,100.0,1,1
cp_tutorial_3d_monolayer,3,12,1791409262.6449494,2556879,worker_0,W007,MedianFilter,step_completed,success,9.67741935483871,3,31
cp_tutorial_3d_monolayer,3,12,1791409262.6453164,2556879,worker_0,W007,Threshold,step_started,started,9.67741935483871,3,31
cp_tutorial_3d_monolayer,3,12,1791409262.6817405,2556879,worker_0,W007,Threshold,pattern_group,running,100.0,1,1
cp_tutorial_3d_monolayer,3,12,1791409262.6819892,2556879,worker_0,W007,Threshold,step_completed,success,12.903225806451612,4,31
cp_tutorial_3d_monolayer,3,12,1791409262.6824274,2556879,worker_0,W007,RemoveHoles,step_started,started,12.903225806451612,4,31
cp_tutorial_3d_monolayer,3,12,1791409262.6993413,2556879,worker_0,W007,RemoveHoles,pattern_group,running,100.0,1,1
cp_tutorial_3d_monolayer,3,12,1791409262.6994805,2556879,worker_0,W007,RemoveHoles,step_completed,success,16.129032258064516,5,31
cp_tutorial_3d_monolayer,3,12,1791409262.699864,2556879,worker_0,W007,Watershed,step_started,started,16.129032258064516,5,31
cp_tutorial_3d_monolayer,3,12,1791409262.76001,2556883,worker_2,W009,MedianFilter,pattern_group,running,100.0,1,1
cp_tutorial_3d_monolayer,3,12,1791409262.7601585,2556883,worker_2,W009,MedianFilter,step_completed,success,9.67741935483871,3,31
cp_tutorial_3d_monolayer,3,12,1791409262.7605405,2556883,worker_2,W009,Threshold,step_started,started,9.67741935483871,3,31
cp_tutorial_3d_monolayer,3,12,1791409262.7849665,2556881,worker_1,W008,RescaleIntensity,pattern_group,running,100.0,1,1
cp_tutorial_3d_monolayer,3,12,1791409262.7851655,2556881,worker_1,W008,RescaleIntensity,step_completed,success,3.225806451612903,1,31
cp_tutorial_3d_monolayer,3,12,1791409262.7855,2556881,worker_1,W008,Resize,step_started,started,3.225806451612903,1,31
cp_tutorial_3d_monolayer,3,12,1791409262.7932017,2556879,worker_0,W007,Watershed,pattern_group,running,100.0,1,1
cp_tutorial_3d_monolayer,3,12,1791409262.793883,2556879,worker_0,W007,Watershed,step_completed,success,19.35483870967742,6,31
cp_tutorial_3d_monolayer,3,12,1791409262.7945318,2556879,worker_0,W007,ResizeObjects,step_started,started,19.35483870967742,6,31
cp_tutorial_3d_monolayer,3,12,1791409262.8010318,2556883,worker_2,W009,Threshold,pattern_group,running,100.0,1,1
cp_tutorial_3d_monolayer,3,12,1791409262.8013926,2556883,worker_2,W009,Threshold,step_completed,success,12.903225806451612,4,31
cp_tutorial_3d_monolayer,3,12,1791409262.8018725,2556883,worker_2,W009,RemoveHoles,step_started,started,12.903225806451612,4,31
cp_tutorial_3d_monolayer,3,12,1791409262.8204503,2556883,worker_2,W009,RemoveHoles,pattern_group,running,100.0,1,1
cp_tutorial_3d_monolayer,3,12,1791409262.8206224,2556883,worker_2,W009,RemoveHoles,step_completed,success,16.129032258064516,5,31
cp_tutorial_3d_monolayer,3,12,1791409262.821093,2556883,worker_2,W009,Watershed,step_started,started,16.129032258064516,5,31
cp_tutorial_3d_monolayer,3,12,1791409262.8397593,2556879,worker_0,W007,ResizeObjects,pattern_group,running,100.0,1,1
cp_tutorial_3d_monolayer,3,12,1791409262.8402247,2556879,worker_0,W007,ResizeObjects,step_completed,success,22.58064516129032,7,31
cp_tutorial_3d_monolayer,3,12,1791409262.8406665,2556879,worker_0,W007,ErodeObjects,step_started,started,22.58064516129032,7,31
cp_tutorial_3d_monolayer,3,12,1791409262.8438032,2556881,worker_1,W008,Resize,pattern_group,running,100.0,1,1
cp_tutorial_3d_monolayer,3,12,1791409262.8439429,2556881,worker_1,W008,Resize,step_completed,success,6.451612903225806,2,31
cp_tutorial_3d_monolayer,3,12,1791409262.8442426,2556881,worker_1,W008,MedianFilter,step_started,started,6.451612903225806,2,31
cp_tutorial_3d_monolayer,3,12,1791409262.897532,2556879,worker_0,W007,ErodeObjects,pattern_group,running,100.0,1,1
cp_tutorial_3d_monolayer,3,12,1791409262.897992,2556879,worker_0,W007,ErodeObjects,step_completed,success,25.806451612903224,8,31
cp_tutorial_3d_monolayer,3,12,1791409262.898527,2556879,worker_0,W007,ResizeObjects,step_started,started,25.806451612903224,8,31
cp_tutorial_3d_monolayer,3,12,1791409262.9160948,2556883,worker_2,W009,Watershed,pattern_group,running,100.0,1,1
cp_tutorial_3d_monolayer,3,12,1791409262.916505,2556883,worker_2,W009,Watershed,step_completed,success,19.35483870967742,6,31
cp_tutorial_3d_monolayer,3,12,1791409262.916946,2556883,worker_2,W009,ResizeObjects,step_started,started,19.35483870967742,6,31
cp_tutorial_3d_monolayer,3,12,1791409263.0075953,2556879,worker_0,W007,ResizeObjects,pattern_group,running,100.0,1,1
cp_tutorial_3d_monolayer,3,12,1791409263.008092,2556879,worker_0,W007,ResizeObjects,step_completed,success,29.03225806451613,9,31
cp_tutorial_3d_monolayer,3,12,1791409263.008657,2556879,worker_0,W007,ConvertObjectsToImage,step_started,started,29.03225806451613,9,31
cp_tutorial_3d_monolayer,3,12,1791409263.0105193,2556881,worker_1,W008,MedianFilter,pattern_group,running,100.0,1,1
cp_tutorial_3d_monolayer,3,12,1791409263.0106795,2556881,worker_1,W008,MedianFilter,step_completed,success,9.67741935483871,3,31
cp_tutorial_3d_monolayer,3,12,1791409263.011066,2556881,worker_1,W008,Threshold,step_started,started,9.67741935483871,3,31
cp_tutorial_3d_monolayer,3,12,1791409263.0255232,2556883,worker_2,W009,ResizeObjects,pattern_group,running,100.0,1,1
cp_tutorial_3d_monolayer,3,12,1791409263.0259862,2556883,worker_2,W009,ResizeObjects,step_completed,success,22.58064516129032,7,31
cp_tutorial_3d_monolayer,3,12,1791409263.0264506,2556883,worker_2,W009,ErodeObjects,step_started,started,22.58064516129032,7,31
cp_tutorial_3d_monolayer,3,12,1791409263.0294309,2556879,worker_0,W007,ConvertObjectsToImage,pattern_group,running,100.0,1,1
cp_tutorial_3d_monolayer,3,12,1791409263.0296035,2556879,worker_0,W007,ConvertObjectsToImage,step_completed,success,32.25806451612903,10,31
cp_tutorial_3d_monolayer,3,12,1791409263.0301137,2556879,worker_0,W007,Threshold,step_started,started,32.25806451612903,10,31
cp_tutorial_3d_monolayer,3,12,1791409263.0511413,2556881,worker_1,W008,Threshold,pattern_group,running,100.0,1,1
cp_tutorial_3d_monolayer,3,12,1791409263.0513859,2556881,worker_1,W008,Threshold,step_completed,success,12.903225806451612,4,31
cp_tutorial_3d_monolayer,3,12,1791409263.051763,2556881,worker_1,W008,RemoveHoles,step_started,started,12.903225806451612,4,31
cp_tutorial_3d_monolayer,3,12,1791409263.0674918,2556881,worker_1,W008,RemoveHoles,pattern_group,running,100.0,1,1
cp_tutorial_3d_monolayer,3,12,1791409263.0676258,2556881,worker_1,W008,RemoveHoles,step_completed,success,16.129032258064516,5,31
cp_tutorial_3d_monolayer,3,12,1791409263.0680072,2556881,worker_1,W008,Watershed,step_started,started,16.129032258064516,5,31
cp_tutorial_3d_monolayer,3,12,1791409263.0868905,2556883,worker_2,W009,ErodeObjects,pattern_group,running,100.0,1,1
cp_tutorial_3d_monolayer,3,12,1791409263.0875905,2556883,worker_2,W009,ErodeObjects,step_completed,success,25.806451612903224,8,31
cp_tutorial_3d_monolayer,3,12,1791409263.088139,2556883,worker_2,W009,ResizeObjects,step_started,started,25.806451612903224,8,31
cp_tutorial_3d_monolayer,3,12,1791409263.121233,2556883,worker_2,W009,ResizeObjects,pattern_group,running,100.0,1,1
cp_tutorial_3d_monolayer,3,12,1791409263.1217,2556883,worker_2,W009,ResizeObjects,step_completed,success,29.03225806451613,9,31
cp_tutorial_3d_monolayer,3,12,1791409263.1222188,2556883,worker_2,W009,ConvertObjectsToImage,step_started,started,29.03225806451613,9,31
cp_tutorial_3d_monolayer,3,12,1791409263.1418731,2556883,worker_2,W009,ConvertObjectsToImage,pattern_group,running,100.0,1,1
cp_tutorial_3d_monolayer,3,12,1791409263.1420207,2556883,worker_2,W009,ConvertObjectsToImage,step_completed,success,32.25806451612903,10,31
cp_tutorial_3d_monolayer,3,12,1791409263.1424968,2556883,worker_2,W009,Threshold,step_started,started,32.25806451612903,10,31
cp_tutorial_3d_monolayer,3,12,1791409263.1633575,2556881,worker_1,W008,Watershed,pattern_group,running,100.0,1,1
cp_tutorial_3d_monolayer,3,12,1791409263.1637635,2556881,worker_1,W008,Watershed,step_completed,success,19.35483870967742,6,31
cp_tutorial_3d_monolayer,3,12,1791409263.1642015,2556881,worker_1,W008,ResizeObjects,step_started,started,19.35483870967742,6,31
cp_tutorial_3d_monolayer,3,12,1791409263.2037046,2556881,worker_1,W008,ResizeObjects,pattern_group,running,100.0,1,1
cp_tutorial_3d_monolayer,3,12,1791409263.204194,2556881,worker_1,W008,ResizeObjects,step_completed,success,22.58064516129032,7,31
cp_tutorial_3d_monolayer,3,12,1791409263.2046835,2556881,worker_1,W008,ErodeObjects,step_started,started,22.58064516129032,7,31
cp_tutorial_3d_monolayer,3,12,1791409263.221869,2556879,worker_0,W007,Threshold,pattern_group,running,100.0,1,1
cp_tutorial_3d_monolayer,3,12,1791409263.2221174,2556879,worker_0,W007,Threshold,step_completed,success,35.483870967741936,11,31
cp_tutorial_3d_monolayer,3,12,1791409263.2224693,2556879,worker_0,W007,ImageMath,step_started,started,35.483870967741936,11,31
cp_tutorial_3d_monolayer,3,12,1791409263.2559452,2556879,worker_0,W007,ImageMath,pattern_group,running,100.0,1,1
cp_tutorial_3d_monolayer,3,12,1791409263.256134,2556879,worker_0,W007,ImageMath,step_completed,success,38.70967741935484,12,31
cp_tutorial_3d_monolayer,3,12,1791409263.2568076,2556879,worker_0,W007,RemoveHoles,step_started,started,38.70967741935484,12,31
cp_tutorial_3d_monolayer,3,12,1791409263.2656097,2556881,worker_1,W008,ErodeObjects,pattern_group,running,100.0,1,1
cp_tutorial_3d_monolayer,3,12,1791409263.2661426,2556881,worker_1,W008,ErodeObjects,step_completed,success,25.806451612903224,8,31
cp_tutorial_3d_monolayer,3,12,1791409263.2667334,2556881,worker_1,W008,ResizeObjects,step_started,started,25.806451612903224,8,31
cp_tutorial_3d_monolayer,3,12,1791409263.302651,2556881,worker_1,W008,ResizeObjects,pattern_group,running,100.0,1,1
cp_tutorial_3d_monolayer,3,12,1791409263.3031576,2556881,worker_1,W008,ResizeObjects,step_completed,success,29.03225806451613,9,31
cp_tutorial_3d_monolayer,3,12,1791409263.3037474,2556881,worker_1,W008,ConvertObjectsToImage,step_started,started,29.03225806451613,9,31
cp_tutorial_3d_monolayer,3,12,1791409263.315826,2556879,worker_0,W007,RemoveHoles,pattern_group,running,100.0,1,1
cp_tutorial_3d_monolayer,3,12,1791409263.3159735,2556879,worker_0,W007,RemoveHoles,step_completed,success,41.935483870967744,13,31
cp_tutorial_3d_monolayer,3,12,1791409263.3165102,2556879,worker_0,W007,ImageMath,step_started,started,41.935483870967744,13,31
cp_tutorial_3d_monolayer,3,12,1791409263.3227715,2556881,worker_1,W008,ConvertObjectsToImage,pattern_group,running,100.0,1,1
cp_tutorial_3d_monolayer,3,12,1791409263.3229125,2556881,worker_1,W008,ConvertObjectsToImage,step_completed,success,32.25806451612903,10,31
cp_tutorial_3d_monolayer,3,12,1791409263.3234184,2556881,worker_1,W008,Threshold,step_started,started,32.25806451612903,10,31
cp_tutorial_3d_monolayer,3,12,1791409263.3356721,2556883,worker_2,W009,Threshold,pattern_group,running,100.0,1,1
cp_tutorial_3d_monolayer,3,12,1791409263.3359118,2556883,worker_2,W009,Threshold,step_completed,success,35.483870967741936,11,31
cp_tutorial_3d_monolayer,3,12,1791409263.336245,2556883,worker_2,W009,ImageMath,step_started,started,35.483870967741936,11,31
cp_tutorial_3d_monolayer,3,12,1791409263.3684652,2556883,worker_2,W009,ImageMath,pattern_group,running,100.0,1,1
cp_tutorial_3d_monolayer,3,12,1791409263.3686085,2556883,worker_2,W009,ImageMath,step_completed,success,38.70967741935484,12,31
cp_tutorial_3d_monolayer,3,12,1791409263.369108,2556883,worker_2,W009,RemoveHoles,step_started,started,38.70967741935484,12,31
cp_tutorial_3d_monolayer,3,12,1791409263.4236658,2556883,worker_2,W009,RemoveHoles,pattern_group,running,100.0,1,1
cp_tutorial_3d_monolayer,3,12,1791409263.4238033,2556883,worker_2,W009,RemoveHoles,step_completed,success,41.935483870967744,13,31
cp_tutorial_3d_monolayer,3,12,1791409263.4243083,2556883,worker_2,W009,ImageMath,step_started,started,41.935483870967744,13,31
cp_tutorial_3d_monolayer,3,12,1791409263.515995,2556881,worker_1,W008,Threshold,pattern_group,running,100.0,1,1
cp_tutorial_3d_monolayer,3,12,1791409263.5162797,2556881,worker_1,W008,Threshold,step_completed,success,35.483870967741936,11,31
cp_tutorial_3d_monolayer,3,12,1791409263.5166836,2556881,worker_1,W008,ImageMath,step_started,started,35.483870967741936,11,31
cp_tutorial_3d_monolayer,3,12,1791409263.5511634,2556881,worker_1,W008,ImageMath,pattern_group,running,100.0,1,1
cp_tutorial_3d_monolayer,3,12,1791409263.5513275,2556881,worker_1,W008,ImageMath,step_completed,success,38.70967741935484,12,31
cp_tutorial_3d_monolayer,3,12,1791409263.5518281,2556881,worker_1,W008,RemoveHoles,step_started,started,38.70967741935484,12,31
cp_tutorial_3d_monolayer,3,12,1791409263.6664762,2556879,worker_0,W007,ImageMath,pattern_group,running,100.0,1,1
cp_tutorial_3d_monolayer,3,12,1791409263.6666439,2556879,worker_0,W007,ImageMath,step_completed,success,45.16129032258064,14,31
cp_tutorial_3d_monolayer,3,12,1791409263.667027,2556879,worker_0,W007,Resize,step_started,started,45.16129032258064,14,31
cp_tutorial_3d_monolayer,3,12,1791409263.667365,2556881,worker_1,W008,RemoveHoles,pattern_group,running,100.0,1,1
cp_tutorial_3d_monolayer,3,12,1791409263.6674998,2556881,worker_1,W008,RemoveHoles,step_completed,success,41.935483870967744,13,31
cp_tutorial_3d_monolayer,3,12,1791409263.6680393,2556881,worker_1,W008,ImageMath,step_started,started,41.935483870967744,13,31
cp_tutorial_3d_monolayer,3,12,1791409263.7269073,2556879,worker_0,W007,Resize,pattern_group,running,100.0,1,1
cp_tutorial_3d_monolayer,3,12,1791409263.7270472,2556879,worker_0,W007,Resize,step_completed,success,48.38709677419355,15,31
cp_tutorial_3d_monolayer,3,12,1791409263.729724,2556879,worker_0,W007,Closing,step_started,started,48.38709677419355,15,31
cp_tutorial_3d_monolayer,3,12,1791409263.762356,2556883,worker_2,W009,ImageMath,pattern_group,running,100.0,1,1
cp_tutorial_3d_monolayer,3,12,1791409263.7625144,2556883,worker_2,W009,ImageMath,step_completed,success,45.16129032258064,14,31
cp_tutorial_3d_monolayer,3,12,1791409263.7628734,2556883,worker_2,W009,Resize,step_started,started,45.16129032258064,14,31
cp_tutorial_3d_monolayer,3,12,1791409263.811834,2556879,worker_0,W007,Closing,pattern_group,running,100.0,1,1
cp_tutorial_3d_monolayer,3,12,1791409263.8119786,2556879,worker_0,W007,Closing,step_completed,success,51.61290322580645,16,31
cp_tutorial_3d_monolayer,3,12,1791409263.8125029,2556879,worker_0,W007,Resize,step_started,started,51.61290322580645,16,31
cp_tutorial_3d_monolayer,3,12,1791409263.8232439,2556883,worker_2,W009,Resize,pattern_group,running,100.0,1,1
cp_tutorial_3d_monolayer,3,12,1791409263.8234038,2556883,worker_2,W009,Resize,step_completed,success,48.38709677419355,15,31
cp_tutorial_3d_monolayer,3,12,1791409263.825409,2556883,worker_2,W009,Closing,step_started,started,48.38709677419355,15,31
cp_tutorial_3d_monolayer,3,12,1791409263.8615835,2556879,worker_0,W007,Resize,pattern_group,running,100.0,1,1
cp_tutorial_3d_monolayer,3,12,1791409263.861726,2556879,worker_0,W007,Resize,step_completed,success,54.83870967741935,17,31
cp_tutorial_3d_monolayer,3,12,1791409263.862249,2556879,worker_0,W007,Threshold,step_started,started,54.83870967741935,17,31
cp_tutorial_3d_monolayer,3,12,1791409263.908758,2556883,worker_2,W009,Closing,pattern_group,running,100.0,1,1
cp_tutorial_3d_monolayer,3,12,1791409263.9091675,2556883,worker_2,W009,Closing,step_completed,success,51.61290322580645,16,31
cp_tutorial_3d_monolayer,3,12,1791409263.9097672,2556883,worker_2,W009,Resize,step_started,started,51.61290322580645,16,31
cp_tutorial_3d_monolayer,3,12,1791409263.9613745,2556883,worker_2,W009,Resize,pattern_group,running,100.0,1,1
cp_tutorial_3d_monolayer,3,12,1791409263.9615643,2556883,worker_2,W009,Resize,step_completed,success,54.83870967741935,17,31
cp_tutorial_3d_monolayer,3,12,1791409263.9620967,2556883,worker_2,W009,Threshold,step_started,started,54.83870967741935,17,31
cp_tutorial_3d_monolayer,3,12,1791409264.0046668,2556881,worker_1,W008,ImageMath,pattern_group,running,100.0,1,1
cp_tutorial_3d_monolayer,3,12,1791409264.0049336,2556881,worker_1,W008,ImageMath,step_completed,success,45.16129032258064,14,31
cp_tutorial_3d_monolayer,3,12,1791409264.0055203,2556881,worker_1,W008,Resize,step_started,started,45.16129032258064,14,31
cp_tutorial_3d_monolayer,3,12,1791409264.0721693,2556879,worker_0,W007,Threshold,pattern_group,running,100.0,1,1
cp_tutorial_3d_monolayer,3,12,1791409264.0724335,2556879,worker_0,W007,Threshold,step_completed,success,58.06451612903226,18,31
cp_tutorial_3d_monolayer,3,12,1791409264.072998,2556879,worker_0,W007,MaskImage,step_started,started,58.06451612903226,18,31
cp_tutorial_3d_monolayer,3,12,1791409264.0716634,2556881,worker_1,W008,Resize,pattern_group,running,100.0,1,1
cp_tutorial_3d_monolayer,3,12,1791409264.0718207,2556881,worker_1,W008,Resize,step_completed,success,48.38709677419355,15,31
cp_tutorial_3d_monolayer,3,12,1791409264.0753052,2556881,worker_1,W008,Closing,step_started,started,48.38709677419355,15,31
cp_tutorial_3d_monolayer,3,12,1791409264.1202977,2556879,worker_0,W007,MaskImage,pattern_group,running,100.0,1,1
cp_tutorial_3d_monolayer,3,12,1791409264.120452,2556879,worker_0,W007,MaskImage,step_completed,success,61.29032258064516,19,31
cp_tutorial_3d_monolayer,3,12,1791409264.1210756,2556879,worker_0,W007,ErodeImage,step_started,started,61.29032258064516,19,31
cp_tutorial_3d_monolayer,3,12,1791409264.1532784,2556879,worker_0,W007,ErodeImage,pattern_group,running,100.0,1,1
cp_tutorial_3d_monolayer,3,12,1791409264.1534204,2556879,worker_0,W007,ErodeImage,step_completed,success,64.51612903225806,20,31
cp_tutorial_3d_monolayer,3,12,1791409264.1582057,2556879,worker_0,W007,Watershed,step_started,started,64.51612903225806,20,31
cp_tutorial_3d_monolayer,3,12,1791409264.157815,2556881,worker_1,W008,Closing,pattern_group,running,100.0,1,1
cp_tutorial_3d_monolayer,3,12,1791409264.1579459,2556881,worker_1,W008,Closing,step_completed,success,51.61290322580645,16,31
cp_tutorial_3d_monolayer,3,12,1791409264.1584864,2556881,worker_1,W008,Resize,step_started,started,51.61290322580645,16,31
cp_tutorial_3d_monolayer,3,12,1791409264.1705139,2556883,worker_2,W009,Threshold,pattern_group,running,100.0,1,1
cp_tutorial_3d_monolayer,3,12,1791409264.170808,2556883,worker_2,W009,Threshold,step_completed,success,58.06451612903226,18,31
cp_tutorial_3d_monolayer,3,12,1791409264.1713927,2556883,worker_2,W009,MaskImage,step_started,started,58.06451612903226,18,31
cp_tutorial_3d_monolayer,3,12,1791409264.2119904,2556881,worker_1,W008,Resize,pattern_group,running,100.0,1,1
cp_tutorial_3d_monolayer,3,12,1791409264.2121708,2556881,worker_1,W008,Resize,step_completed,success,54.83870967741935,17,31
cp_tutorial_3d_monolayer,3,12,1791409264.213109,2556881,worker_1,W008,Threshold,step_started,started,54.83870967741935,17,31
cp_tutorial_3d_monolayer,3,12,1791409264.2230165,2556883,worker_2,W009,MaskImage,pattern_group,running,100.0,1,1
cp_tutorial_3d_monolayer,3,12,1791409264.2231853,2556883,worker_2,W009,MaskImage,step_completed,success,61.29032258064516,19,31
cp_tutorial_3d_monolayer,3,12,1791409264.223899,2556883,worker_2,W009,ErodeImage,step_started,started,61.29032258064516,19,31
cp_tutorial_3d_monolayer,3,12,1791409264.2570639,2556883,worker_2,W009,ErodeImage,pattern_group,running,100.0,1,1
cp_tutorial_3d_monolayer,3,12,1791409264.2572303,2556883,worker_2,W009,ErodeImage,step_completed,success,64.51612903225806,20,31
cp_tutorial_3d_monolayer,3,12,1791409264.2635646,2556883,worker_2,W009,Watershed,step_started,started,64.51612903225806,20,31
cp_tutorial_3d_monolayer,3,12,1791409264.359817,2556879,worker_0,W007,Watershed,pattern_group,running,100.0,1,1
cp_tutorial_3d_monolayer,3,12,1791409264.3602095,2556879,worker_0,W007,Watershed,step_completed,success,67.74193548387096,21,31
cp_tutorial_3d_monolayer,3,12,1791409264.3608172,2556879,worker_0,W007,MeasureObjectIntensity,step_started,started,67.74193548387096,21,31
cp_tutorial_3d_monolayer,3,12,1791409264.4252198,2556881,worker_1,W008,Threshold,pattern_group,running,100.0,1,1
cp_tutorial_3d_monolayer,3,12,1791409264.4254777,2556881,worker_1,W008,Threshold,step_completed,success,58.06451612903226,18,31
cp_tutorial_3d_monolayer,3,12,1791409264.4260187,2556881,worker_1,W008,MaskImage,step_started,started,58.06451612903226,18,31
cp_tutorial_3d_monolayer,3,12,1791409264.4319363,2556883,worker_2,W009,Watershed,pattern_group,running,100.0,1,1
cp_tutorial_3d_monolayer,3,12,1791409264.4323459,2556883,worker_2,W009,Watershed,step_completed,success,67.74193548387096,21,31
cp_tutorial_3d_monolayer,3,12,1791409264.4329467,2556883,worker_2,W009,MeasureObjectIntensity,step_started,started,67.74193548387096,21,31
cp_tutorial_3d_monolayer,3,12,1791409264.470637,2556881,worker_1,W008,MaskImage,pattern_group,running,100.0,1,1
cp_tutorial_3d_monolayer,3,12,1791409264.4707756,2556881,worker_1,W008,MaskImage,step_completed,success,61.29032258064516,19,31
cp_tutorial_3d_monolayer,3,12,1791409264.471381,2556881,worker_1,W008,ErodeImage,step_started,started,61.29032258064516,19,31
cp_tutorial_3d_monolayer,3,12,1791409264.502671,2556881,worker_1,W008,ErodeImage,pattern_group,running,100.0,1,1
cp_tutorial_3d_monolayer,3,12,1791409264.5028386,2556881,worker_1,W008,ErodeImage,step_completed,success,64.51612903225806,20,31
cp_tutorial_3d_monolayer,3,12,1791409264.5076618,2556881,worker_1,W008,Watershed,step_started,started,64.51612903225806,20,31
cp_tutorial_3d_monolayer,3,12,1791409264.617772,2556879,worker_0,W007,MeasureObjectIntensity,pattern_group,running,50.0,1,2
cp_tutorial_3d_monolayer,3,12,1791409264.6939645,2556883,worker_2,W009,MeasureObjectIntensity,pattern_group,running,50.0,1,2
cp_tutorial_3d_monolayer,3,12,1791409264.7186491,2556881,worker_1,W008,Watershed,pattern_group,running,100.0,1,1
cp_tutorial_3d_monolayer,3,12,1791409264.7190711,2556881,worker_1,W008,Watershed,step_completed,success,67.74193548387096,21,31
cp_tutorial_3d_monolayer,3,12,1791409264.7197173,2556881,worker_1,W008,MeasureObjectIntensity,step_started,started,67.74193548387096,21,31
cp_tutorial_3d_monolayer,3,12,1791409264.9123552,2556879,worker_0,W007,MeasureObjectIntensity,pattern_group,running,100.0,2,2
cp_tutorial_3d_monolayer,3,12,1791409264.9145825,2556879,worker_0,W007,MeasureObjectIntensity,step_completed,success,70.96774193548387,22,31
cp_tutorial_3d_monolayer,3,12,1791409264.91497,2556879,worker_0,W007,MeasureObjectSizeShape,step_started,started,70.96774193548387,22,31
cp_tutorial_3d_monolayer,3,12,1791409264.9716053,2556881,worker_1,W008,MeasureObjectIntensity,pattern_group,running,50.0,1,2
cp_tutorial_3d_monolayer,3,12,1791409264.9967203,2556883,worker_2,W009,MeasureObjectIntensity,pattern_group,running,100.0,2,2
cp_tutorial_3d_monolayer,3,12,1791409264.9989402,2556883,worker_2,W009,MeasureObjectIntensity,step_completed,success,70.96774193548387,22,31
cp_tutorial_3d_monolayer,3,12,1791409264.9993298,2556883,worker_2,W009,MeasureObjectSizeShape,step_started,started,70.96774193548387,22,31
cp_tutorial_3d_monolayer,3,12,1791409265.0064328,2556879,worker_0,W007,MeasureObjectSizeShape,pattern_group,running,50.0,1,2
cp_tutorial_3d_monolayer,3,12,1791409265.0968769,2556883,worker_2,W009,MeasureObjectSizeShape,pattern_group,running,50.0,1,2
cp_tutorial_3d_monolayer,3,12,1791409265.1058586,2556879,worker_0,W007,MeasureObjectSizeShape,pattern_group,running,100.0,2,2
cp_tutorial_3d_monolayer,3,12,1791409265.1067593,2556879,worker_0,W007,MeasureObjectSizeShape,step_completed,success,74.19354838709677,23,31
cp_tutorial_3d_monolayer,3,12,1791409265.1073816,2556879,worker_0,W007,OverlayObjects,step_started,started,74.19354838709677,23,31
cp_tutorial_3d_monolayer,3,12,1791409265.1509435,2556879,worker_0,W007,OverlayObjects,pattern_group,running,100.0,1,1
cp_tutorial_3d_monolayer,3,12,1791409265.151073,2556879,worker_0,W007,OverlayObjects,step_completed,success,77.41935483870968,24,31
cp_tutorial_3d_monolayer,3,12,1791409265.1516912,2556879,worker_0,W007,RescaleIntensity,step_started,started,77.41935483870968,24,31
cp_tutorial_3d_monolayer,3,12,1791409265.2026668,2556883,worker_2,W009,MeasureObjectSizeShape,pattern_group,running,100.0,2,2
cp_tutorial_3d_monolayer,3,12,1791409265.2032373,2556883,worker_2,W009,MeasureObjectSizeShape,step_completed,success,74.19354838709677,23,31
cp_tutorial_3d_monolayer,3,12,1791409265.2036448,2556883,worker_2,W009,OverlayObjects,step_started,started,74.19354838709677,23,31
cp_tutorial_3d_monolayer,3,12,1791409265.2475019,2556883,worker_2,W009,OverlayObjects,pattern_group,running,100.0,1,1
cp_tutorial_3d_monolayer,3,12,1791409265.247627,2556883,worker_2,W009,OverlayObjects,step_completed,success,77.41935483870968,24,31
cp_tutorial_3d_monolayer,3,12,1791409265.2482314,2556883,worker_2,W009,RescaleIntensity,step_started,started,77.41935483870968,24,31
cp_tutorial_3d_monolayer,3,12,1791409265.2538588,2556879,worker_0,W007,RescaleIntensity,pattern_group,running,100.0,1,1
cp_tutorial_3d_monolayer,3,12,1791409265.2540197,2556879,worker_0,W007,RescaleIntensity,step_completed,success,80.64516129032258,25,31
cp_tutorial_3d_monolayer,3,12,1791409265.2544417,2556879,worker_0,W007,OverlayObjects,step_started,started,80.64516129032258,25,31
cp_tutorial_3d_monolayer,3,12,1791409265.2662065,2556881,worker_1,W008,MeasureObjectIntensity,pattern_group,running,100.0,2,2
cp_tutorial_3d_monolayer,3,12,1791409265.2684622,2556881,worker_1,W008,MeasureObjectIntensity,step_completed,success,70.96774193548387,22,31
cp_tutorial_3d_monolayer,3,12,1791409265.2688448,2556881,worker_1,W008,MeasureObjectSizeShape,step_started,started,70.96774193548387,22,31
cp_tutorial_3d_monolayer,3,12,1791409265.2964404,2556879,worker_0,W007,OverlayObjects,pattern_group,running,100.0,1,1
cp_tutorial_3d_monolayer,3,12,1791409265.2965498,2556879,worker_0,W007,OverlayObjects,step_completed,success,83.87096774193549,26,31
cp_tutorial_3d_monolayer,3,12,1791409265.2971735,2556879,worker_0,W007,ConvertObjectsToImage,step_started,started,83.87096774193549,26,31
cp_tutorial_3d_monolayer,3,12,1791409265.3298748,2556879,worker_0,W007,ConvertObjectsToImage,pattern_group,running,100.0,1,1
cp_tutorial_3d_monolayer,3,12,1791409265.3300674,2556879,worker_0,W007,ConvertObjectsToImage,step_completed,success,87.09677419354838,27,31
cp_tutorial_3d_monolayer,3,12,1791409265.33083,2556879,worker_0,W007,SaveImages,step_started,started,87.09677419354838,27,31
cp_tutorial_3d_monolayer,3,12,1791409265.3480988,2556883,worker_2,W009,RescaleIntensity,pattern_group,running,100.0,1,1
cp_tutorial_3d_monolayer,3,12,1791409265.3482773,2556883,worker_2,W009,RescaleIntensity,step_completed,success,80.64516129032258,25,31
cp_tutorial_3d_monolayer,3,12,1791409265.348666,2556883,worker_2,W009,OverlayObjects,step_started,started,80.64516129032258,25,31
cp_tutorial_3d_monolayer,3,12,1791409265.358105,2556881,worker_1,W008,MeasureObjectSizeShape,pattern_group,running,50.0,1,2
cp_tutorial_3d_monolayer,3,12,1791409265.3853977,2556879,worker_0,W007,SaveImages,pattern_group,running,100.0,1,1
cp_tutorial_3d_monolayer,3,12,1791409265.3914912,2556883,worker_2,W009,OverlayObjects,pattern_group,running,100.0,1,1
cp_tutorial_3d_monolayer,3,12,1791409265.391591,2556883,worker_2,W009,OverlayObjects,step_completed,success,83.87096774193549,26,31
cp_tutorial_3d_monolayer,3,12,1791409265.3922048,2556883,worker_2,W009,ConvertObjectsToImage,step_started,started,83.87096774193549,26,31
cp_tutorial_3d_monolayer,3,12,1791409265.3926284,2556879,worker_0,W007,SaveImages,step_completed,success,90.32258064516128,28,31
cp_tutorial_3d_monolayer,3,12,1791409265.3933191,2556879,worker_0,W007,ConvertObjectsToImage,step_started,started,90.32258064516128,28,31
cp_tutorial_3d_monolayer,3,12,1791409265.4295385,2556883,worker_2,W009,ConvertObjectsToImage,pattern_group,running,100.0,1,1
cp_tutorial_3d_monolayer,3,12,1791409265.4297242,2556883,worker_2,W009,ConvertObjectsToImage,step_completed,success,87.09677419354838,27,31
cp_tutorial_3d_monolayer,3,12,1791409265.430677,2556883,worker_2,W009,SaveImages,step_started,started,87.09677419354838,27,31
cp_tutorial_3d_monolayer,3,12,1791409265.4305637,2556879,worker_0,W007,ConvertObjectsToImage,pattern_group,running,100.0,1,1
cp_tutorial_3d_monolayer,3,12,1791409265.4307356,2556879,worker_0,W007,ConvertObjectsToImage,step_completed,success,93.54838709677419,29,31
cp_tutorial_3d_monolayer,3,12,1791409265.4383566,2556879,worker_0,W007,SaveImages,step_started,started,93.54838709677419,29,31
cp_tutorial_3d_monolayer,3,12,1791409265.4542804,2556881,worker_1,W008,MeasureObjectSizeShape,pattern_group,running,100.0,2,2
cp_tutorial_3d_monolayer,3,12,1791409265.4548776,2556881,worker_1,W008,MeasureObjectSizeShape,step_completed,success,74.19354838709677,23,31
cp_tutorial_3d_monolayer,3,12,1791409265.4552855,2556881,worker_1,W008,OverlayObjects,step_started,started,74.19354838709677,23,31
cp_tutorial_3d_monolayer,3,12,1791409265.48085,2556883,worker_2,W009,SaveImages,pattern_group,running,100.0,1,1
cp_tutorial_3d_monolayer,3,12,1791409265.4879358,2556883,worker_2,W009,SaveImages,step_completed,success,90.32258064516128,28,31
cp_tutorial_3d_monolayer,3,12,1791409265.4885647,2556883,worker_2,W009,ConvertObjectsToImage,step_started,started,90.32258064516128,28,31
cp_tutorial_3d_monolayer,3,12,1791409265.489548,2556881,worker_1,W008,OverlayObjects,pattern_group,running,100.0,1,1
cp_tutorial_3d_monolayer,3,12,1791409265.4897318,2556881,worker_1,W008,OverlayObjects,step_completed,success,77.41935483870968,24,31
cp_tutorial_3d_monolayer,3,12,1791409265.490432,2556881,worker_1,W008,RescaleIntensity,step_started,started,77.41935483870968,24,31
cp_tutorial_3d_monolayer,3,12,1791409265.4910345,2556879,worker_0,W007,SaveImages,pattern_group,running,100.0,1,1
cp_tutorial_3d_monolayer,3,12,1791409265.4993706,2556879,worker_0,W007,SaveImages,step_completed,success,96.7741935483871,30,31
cp_tutorial_3d_monolayer,3,12,1791409265.5008798,2556879,worker_0,W007,pipeline,axis_completed,success,96.7741935483871,30,31
cp_tutorial_3d_monolayer,3,12,1791409265.5009785,2556879,worker_0,W010,pipeline,axis_started,started,0.0,0,31
cp_tutorial_3d_monolayer,3,12,1791409265.504215,2556879,worker_0,W010,RescaleIntensity,step_started,started,0.0,0,31
cp_tutorial_3d_monolayer,3,12,1791409265.5226693,2556883,worker_2,W009,ConvertObjectsToImage,pattern_group,running,100.0,1,1
cp_tutorial_3d_monolayer,3,12,1791409265.5228822,2556883,worker_2,W009,ConvertObjectsToImage,step_completed,success,93.54838709677419,29,31
cp_tutorial_3d_monolayer,3,12,1791409265.5318613,2556883,worker_2,W009,SaveImages,step_started,started,93.54838709677419,29,31
cp_tutorial_3d_monolayer,3,12,1791409265.5842383,2556881,worker_1,W008,RescaleIntensity,pattern_group,running,100.0,1,1
cp_tutorial_3d_monolayer,3,12,1791409265.5843751,2556881,worker_1,W008,RescaleIntensity,step_completed,success,80.64516129032258,25,31
cp_tutorial_3d_monolayer,3,12,1791409265.5847385,2556881,worker_1,W008,OverlayObjects,step_started,started,80.64516129032258,25,31
cp_tutorial_3d_monolayer,3,12,1791409265.5839837,2556883,worker_2,W009,SaveImages,pattern_group,running,100.0,1,1
cp_tutorial_3d_monolayer,3,12,1791409265.5918808,2556883,worker_2,W009,SaveImages,step_completed,success,96.7741935483871,30,31
cp_tutorial_3d_monolayer,3,12,1791409265.5930946,2556883,worker_2,W009,pipeline,axis_completed,success,96.7741935483871,30,31
cp_tutorial_3d_monolayer,3,12,1791409265.5931647,2556883,worker_2,W012,pipeline,axis_started,started,0.0,0,31
cp_tutorial_3d_monolayer,3,12,1791409265.59628,2556883,worker_2,W012,RescaleIntensity,step_started,started,0.0,0,31
cp_tutorial_3d_monolayer,3,12,1791409265.6239583,2556881,worker_1,W008,OverlayObjects,pattern_group,running,100.0,1,1
cp_tutorial_3d_monolayer,3,12,1791409265.6240556,2556881,worker_1,W008,OverlayObjects,step_completed,success,83.87096774193549,26,31
cp_tutorial_3d_monolayer,3,12,1791409265.6246698,2556881,worker_1,W008,ConvertObjectsToImage,step_started,started,83.87096774193549,26,31
cp_tutorial_3d_monolayer,3,12,1791409265.656815,2556881,worker_1,W008,ConvertObjectsToImage,pattern_group,running,100.0,1,1
cp_tutorial_3d_monolayer,3,12,1791409265.6569548,2556881,worker_1,W008,ConvertObjectsToImage,step_completed,success,87.09677419354838,27,31
cp_tutorial_3d_monolayer,3,12,1791409265.6575477,2556881,worker_1,W008,SaveImages,step_started,started,87.09677419354838,27,31
cp_tutorial_3d_monolayer,3,12,1791409265.7048712,2556881,worker_1,W008,SaveImages,pattern_group,running,100.0,1,1
cp_tutorial_3d_monolayer,3,12,1791409265.7119772,2556881,worker_1,W008,SaveImages,step_completed,success,90.32258064516128,28,31
cp_tutorial_3d_monolayer,3,12,1791409265.7126105,2556881,worker_1,W008,ConvertObjectsToImage,step_started,started,90.32258064516128,28,31
cp_tutorial_3d_monolayer,3,12,1791409265.7453606,2556881,worker_1,W008,ConvertObjectsToImage,pattern_group,running,100.0,1,1
cp_tutorial_3d_monolayer,3,12,1791409265.7455328,2556881,worker_1,W008,ConvertObjectsToImage,step_completed,success,93.54838709677419,29,31
cp_tutorial_3d_monolayer,3,12,1791409265.755894,2556881,worker_1,W008,SaveImages,step_started,started,93.54838709677419,29,31
cp_tutorial_3d_monolayer,3,12,1791409265.7664256,2556879,worker_0,W010,RescaleIntensity,pattern_group,running,100.0,1,1
cp_tutorial_3d_monolayer,3,12,1791409265.766566,2556879,worker_0,W010,RescaleIntensity,step_completed,success,3.225806451612903,1,31
cp_tutorial_3d_monolayer,3,12,1791409265.7668667,2556879,worker_0,W010,Resize,step_started,started,3.225806451612903,1,31
cp_tutorial_3d_monolayer,3,12,1791409265.8063293,2556881,worker_1,W008,SaveImages,pattern_group,running,100.0,1,1
cp_tutorial_3d_monolayer,3,12,1791409265.81308,2556881,worker_1,W008,SaveImages,step_completed,success,96.7741935483871,30,31
cp_tutorial_3d_monolayer,3,12,1791409265.8225899,2556879,worker_0,W010,Resize,pattern_group,running,100.0,1,1
cp_tutorial_3d_monolayer,3,12,1791409265.8142114,2556881,worker_1,W008,pipeline,axis_completed,success,96.7741935483871,30,31
cp_tutorial_3d_monolayer,3,12,1791409265.8227253,2556879,worker_0,W010,Resize,step_completed,success,6.451612903225806,2,31
cp_tutorial_3d_monolayer,3,12,1791409265.8142824,2556881,worker_1,W011,pipeline,axis_started,started,0.0,0,31
cp_tutorial_3d_monolayer,3,12,1791409265.8173282,2556881,worker_1,W011,RescaleIntensity,step_started,started,0.0,0,31
cp_tutorial_3d_monolayer,3,12,1791409265.8230202,2556879,worker_0,W010,MedianFilter,step_started,started,6.451612903225806,2,31
cp_tutorial_3d_monolayer,3,12,1791409265.8685408,2556883,worker_2,W012,RescaleIntensity,pattern_group,running,100.0,1,1
cp_tutorial_3d_monolayer,3,12,1791409265.8686774,2556883,worker_2,W012,RescaleIntensity,step_completed,success,3.225806451612903,1,31
cp_tutorial_3d_monolayer,3,12,1791409265.868967,2556883,worker_2,W012,Resize,step_started,started,3.225806451612903,1,31
cp_tutorial_3d_monolayer,3,12,1791409265.9263182,2556883,worker_2,W012,Resize,pattern_group,running,100.0,1,1
cp_tutorial_3d_monolayer,3,12,1791409265.9264512,2556883,worker_2,W012,Resize,step_completed,success,6.451612903225806,2,31
cp_tutorial_3d_monolayer,3,12,1791409265.9267473,2556883,worker_2,W012,MedianFilter,step_started,started,6.451612903225806,2,31
cp_tutorial_3d_monolayer,3,12,1791409265.9896173,2556879,worker_0,W010,MedianFilter,pattern_group,running,100.0,1,1
cp_tutorial_3d_monolayer,3,12,1791409265.9897556,2556879,worker_0,W010,MedianFilter,step_completed,success,9.67741935483871,3,31
cp_tutorial_3d_monolayer,3,12,1791409265.990121,2556879,worker_0,W010,Threshold,step_started,started,9.67741935483871,3,31
cp_tutorial_3d_monolayer,3,12,1791409266.0256934,2556879,worker_0,W010,Threshold,pattern_group,running,100.0,1,1
cp_tutorial_3d_monolayer,3,12,1791409266.0259328,2556879,worker_0,W010,Threshold,step_completed,success,12.903225806451612,4,31
cp_tutorial_3d_monolayer,3,12,1791409266.0263278,2556879,worker_0,W010,RemoveHoles,step_started,started,12.903225806451612,4,31
cp_tutorial_3d_monolayer,3,12,1791409266.0424652,2556879,worker_0,W010,RemoveHoles,pattern_group,running,100.0,1,1
cp_tutorial_3d_monolayer,3,12,1791409266.0426059,2556879,worker_0,W010,RemoveHoles,step_completed,success,16.129032258064516,5,31
cp_tutorial_3d_monolayer,3,12,1791409266.042993,2556879,worker_0,W010,Watershed,step_started,started,16.129032258064516,5,31
cp_tutorial_3d_monolayer,3,12,1791409266.0724702,2556881,worker_1,W011,RescaleIntensity,pattern_group,running,100.0,1,1
cp_tutorial_3d_monolayer,3,12,1791409266.0726063,2556881,worker_1,W011,RescaleIntensity,step_completed,success,3.225806451612903,1,31
cp_tutorial_3d_monolayer,3,12,1791409266.072908,2556881,worker_1,W011,Resize,step_started,started,3.225806451612903,1,31
cp_tutorial_3d_monolayer,3,12,1791409266.0978491,2556883,worker_2,W012,MedianFilter,pattern_group,running,100.0,1,1
cp_tutorial_3d_monolayer,3,12,1791409266.0979915,2556883,worker_2,W012,MedianFilter,step_completed,success,9.67741935483871,3,31
cp_tutorial_3d_monolayer,3,12,1791409266.098377,2556883,worker_2,W012,Threshold,step_started,started,9.67741935483871,3,31
cp_tutorial_3d_monolayer,3,12,1791409266.1287951,2556881,worker_1,W011,Resize,pattern_group,running,100.0,1,1
cp_tutorial_3d_monolayer,3,12,1791409266.128942,2556881,worker_1,W011,Resize,step_completed,success,6.451612903225806,2,31
cp_tutorial_3d_monolayer,3,12,1791409266.1292439,2556881,worker_1,W011,MedianFilter,step_started,started,6.451612903225806,2,31
cp_tutorial_3d_monolayer,3,12,1791409266.1363142,2556879,worker_0,W010,Watershed,pattern_group,running,100.0,1,1
cp_tutorial_3d_monolayer,3,12,1791409266.1366966,2556879,worker_0,W010,Watershed,step_completed,success,19.35483870967742,6,31
cp_tutorial_3d_monolayer,3,12,1791409266.137105,2556879,worker_0,W010,ResizeObjects,step_started,started,19.35483870967742,6,31
cp_tutorial_3d_monolayer,3,12,1791409266.137872,2556883,worker_2,W012,Threshold,pattern_group,running,100.0,1,1
cp_tutorial_3d_monolayer,3,12,1791409266.1381044,2556883,worker_2,W012,Threshold,step_completed,success,12.903225806451612,4,31
cp_tutorial_3d_monolayer,3,12,1791409266.1385286,2556883,worker_2,W012,RemoveHoles,step_started,started,12.903225806451612,4,31
cp_tutorial_3d_monolayer,3,12,1791409266.1571648,2556883,worker_2,W012,RemoveHoles,pattern_group,running,100.0,1,1
cp_tutorial_3d_monolayer,3,12,1791409266.1573176,2556883,worker_2,W012,RemoveHoles,step_completed,success,16.129032258064516,5,31
cp_tutorial_3d_monolayer,3,12,1791409266.157708,2556883,worker_2,W012,Watershed,step_started,started,16.129032258064516,5,31
cp_tutorial_3d_monolayer,3,12,1791409266.1696105,2556879,worker_0,W010,ResizeObjects,pattern_group,running,100.0,1,1
cp_tutorial_3d_monolayer,3,12,1791409266.1701033,2556879,worker_0,W010,ResizeObjects,step_completed,success,22.58064516129032,7,31
cp_tutorial_3d_monolayer,3,12,1791409266.170569,2556879,worker_0,W010,ErodeObjects,step_started,started,22.58064516129032,7,31
cp_tutorial_3d_monolayer,3,12,1791409266.228526,2556879,worker_0,W010,ErodeObjects,pattern_group,running,100.0,1,1
cp_tutorial_3d_monolayer,3,12,1791409266.229184,2556879,worker_0,W010,ErodeObjects,step_completed,success,25.806451612903224,8,31
cp_tutorial_3d_monolayer,3,12,1791409266.2300344,2556879,worker_0,W010,ResizeObjects,step_started,started,25.806451612903224,8,31
cp_tutorial_3d_monolayer,3,12,1791409266.2518828,2556883,worker_2,W012,Watershed,pattern_group,running,100.0,1,1
cp_tutorial_3d_monolayer,3,12,1791409266.2522945,2556883,worker_2,W012,Watershed,step_completed,success,19.35483870967742,6,31
cp_tutorial_3d_monolayer,3,12,1791409266.2527313,2556883,worker_2,W012,ResizeObjects,step_started,started,19.35483870967742,6,31
cp_tutorial_3d_monolayer,3,12,1791409266.263261,2556879,worker_0,W010,ResizeObjects,pattern_group,running,100.0,1,1
cp_tutorial_3d_monolayer,3,12,1791409266.2640755,2556879,worker_0,W010,ResizeObjects,step_completed,success,29.03225806451613,9,31
cp_tutorial_3d_monolayer,3,12,1791409266.264798,2556879,worker_0,W010,ConvertObjectsToImage,step_started,started,29.03225806451613,9,31
cp_tutorial_3d_monolayer,3,12,1791409266.284568,2556879,worker_0,W010,ConvertObjectsToImage,pattern_group,running,100.0,1,1
cp_tutorial_3d_monolayer,3,12,1791409266.284721,2556879,worker_0,W010,ConvertObjectsToImage,step_completed,success,32.25806451612903,10,31
cp_tutorial_3d_monolayer,3,12,1791409266.2852163,2556879,worker_0,W010,Threshold,step_started,started,32.25806451612903,10,31
cp_tutorial_3d_monolayer,3,12,1791409266.2965431,2556881,worker_1,W011,MedianFilter,pattern_group,running,100.0,1,1
cp_tutorial_3d_monolayer,3,12,1791409266.2967165,2556881,worker_1,W011,MedianFilter,step_completed,success,9.67741935483871,3,31
cp_tutorial_3d_monolayer,3,12,1791409266.2971008,2556881,worker_1,W011,Threshold,step_started,started,9.67741935483871,3,31
cp_tutorial_3d_monolayer,3,12,1791409266.334549,2556881,worker_1,W011,Threshold,pattern_group,running,100.0,1,1
cp_tutorial_3d_monolayer,3,12,1791409266.3347948,2556881,worker_1,W011,Threshold,step_completed,success,12.903225806451612,4,31
cp_tutorial_3d_monolayer,3,12,1791409266.3351984,2556881,worker_1,W011,RemoveHoles,step_started,started,12.903225806451612,4,31
cp_tutorial_3d_monolayer,3,12,1791409266.3520072,2556881,worker_1,W011,RemoveHoles,pattern_group,running,100.0,1,1
cp_tutorial_3d_monolayer,3,12,1791409266.3521676,2556881,worker_1,W011,RemoveHoles,step_completed,success,16.129032258064516,5,31
cp_tutorial_3d_monolayer,3,12,1791409266.3525672,2556881,worker_1,W011,Watershed,step_started,started,16.129032258064516,5,31
cp_tutorial_3d_monolayer,3,12,1791409266.3585863,2556883,worker_2,W012,ResizeObjects,pattern_group,running,100.0,1,1
cp_tutorial_3d_monolayer,3,12,1791409266.3590522,2556883,worker_2,W012,ResizeObjects,step_completed,success,22.58064516129032,7,31
cp_tutorial_3d_monolayer,3,12,1791409266.3595204,2556883,worker_2,W012,ErodeObjects,step_started,started,22.58064516129032,7,31
cp_tutorial_3d_monolayer,3,12,1791409266.4176052,2556883,worker_2,W012,ErodeObjects,pattern_group,running,100.0,1,1
cp_tutorial_3d_monolayer,3,12,1791409266.4180892,2556883,worker_2,W012,ErodeObjects,step_completed,success,25.806451612903224,8,31
cp_tutorial_3d_monolayer,3,12,1791409266.4186075,2556883,worker_2,W012,ResizeObjects,step_started,started,25.806451612903224,8,31
cp_tutorial_3d_monolayer,3,12,1791409266.4455564,2556881,worker_1,W011,Watershed,pattern_group,running,100.0,1,1
cp_tutorial_3d_monolayer,3,12,1791409266.4459324,2556881,worker_1,W011,Watershed,step_completed,success,19.35483870967742,6,31
cp_tutorial_3d_monolayer,3,12,1791409266.4465365,2556881,worker_1,W011,ResizeObjects,step_started,started,19.35483870967742,6,31
cp_tutorial_3d_monolayer,3,12,1791409266.4529433,2556883,worker_2,W012,ResizeObjects,pattern_group,running,100.0,1,1
cp_tutorial_3d_monolayer,3,12,1791409266.453492,2556883,worker_2,W012,ResizeObjects,step_completed,success,29.03225806451613,9,31
cp_tutorial_3d_monolayer,3,12,1791409266.4540796,2556883,worker_2,W012,ConvertObjectsToImage,step_started,started,29.03225806451613,9,31
cp_tutorial_3d_monolayer,3,12,1791409266.4757948,2556883,worker_2,W012,ConvertObjectsToImage,pattern_group,running,100.0,1,1
cp_tutorial_3d_monolayer,3,12,1791409266.4759426,2556883,worker_2,W012,ConvertObjectsToImage,step_completed,success,32.25806451612903,10,31
cp_tutorial_3d_monolayer,3,12,1791409266.4764614,2556883,worker_2,W012,Threshold,step_started,started,32.25806451612903,10,31
cp_tutorial_3d_monolayer,3,12,1791409266.477633,2556879,worker_0,W010,Threshold,pattern_group,running,100.0,1,1
cp_tutorial_3d_monolayer,3,12,1791409266.4778926,2556879,worker_0,W010,Threshold,step_completed,success,35.483870967741936,11,31
cp_tutorial_3d_monolayer,3,12,1791409266.4782453,2556879,worker_0,W010,ImageMath,step_started,started,35.483870967741936,11,31
cp_tutorial_3d_monolayer,3,12,1791409266.4866965,2556881,worker_1,W011,ResizeObjects,pattern_group,running,100.0,1,1
cp_tutorial_3d_monolayer,3,12,1791409266.4871824,2556881,worker_1,W011,ResizeObjects,step_completed,success,22.58064516129032,7,31
cp_tutorial_3d_monolayer,3,12,1791409266.487639,2556881,worker_1,W011,ErodeObjects,step_started,started,22.58064516129032,7,31
cp_tutorial_3d_monolayer,3,12,1791409266.5112908,2556879,worker_0,W010,ImageMath,pattern_group,running,100.0,1,1
cp_tutorial_3d_monolayer,3,12,1791409266.5114377,2556879,worker_0,W010,ImageMath,step_completed,success,38.70967741935484,12,31
cp_tutorial_3d_monolayer,3,12,1791409266.5119436,2556879,worker_0,W010,RemoveHoles,step_started,started,38.70967741935484,12,31
cp_tutorial_3d_monolayer,3,12,1791409266.5447834,2556881,worker_1,W011,ErodeObjects,pattern_group,running,100.0,1,1
cp_tutorial_3d_monolayer,3,12,1791409266.5452409,2556881,worker_1,W011,ErodeObjects,step_completed,success,25.806451612903224,8,31
cp_tutorial_3d_monolayer,3,12,1791409266.5457368,2556881,worker_1,W011,ResizeObjects,step_started,started,25.806451612903224,8,31
cp_tutorial_3d_monolayer,3,12,1791409266.5655155,2556879,worker_0,W010,RemoveHoles,pattern_group,running,100.0,1,1
cp_tutorial_3d_monolayer,3,12,1791409266.565764,2556879,worker_0,W010,RemoveHoles,step_completed,success,41.935483870967744,13,31
cp_tutorial_3d_monolayer,3,12,1791409266.5667617,2556879,worker_0,W010,ImageMath,step_started,started,41.935483870967744,13,31
cp_tutorial_3d_monolayer,3,12,1791409266.5765073,2556881,worker_1,W011,ResizeObjects,pattern_group,running,100.0,1,1
cp_tutorial_3d_monolayer,3,12,1791409266.5769641,2556881,worker_1,W011,ResizeObjects,step_completed,success,29.03225806451613,9,31
cp_tutorial_3d_monolayer,3,12,1791409266.5774958,2556881,worker_1,W011,ConvertObjectsToImage,step_started,started,29.03225806451613,9,31
cp_tutorial_3d_monolayer,3,12,1791409266.5983605,2556881,worker_1,W011,ConvertObjectsToImage,pattern_group,running,100.0,1,1
cp_tutorial_3d_monolayer,3,12,1791409266.5985217,2556881,worker_1,W011,ConvertObjectsToImage,step_completed,success,32.25806451612903,10,31
cp_tutorial_3d_monolayer,3,12,1791409266.599026,2556881,worker_1,W011,Threshold,step_started,started,32.25806451612903,10,31
cp_tutorial_3d_monolayer,3,12,1791409266.6647635,2556883,worker_2,W012,Threshold,pattern_group,running,100.0,1,1
cp_tutorial_3d_monolayer,3,12,1791409266.6650074,2556883,worker_2,W012,Threshold,step_completed,success,35.483870967741936,11,31
cp_tutorial_3d_monolayer,3,12,1791409266.6653726,2556883,worker_2,W012,ImageMath,step_started,started,35.483870967741936,11,31
cp_tutorial_3d_monolayer,3,12,1791409266.6991599,2556883,worker_2,W012,ImageMath,pattern_group,running,100.0,1,1
cp_tutorial_3d_monolayer,3,12,1791409266.6993978,2556883,worker_2,W012,ImageMath,step_completed,success,38.70967741935484,12,31
cp_tutorial_3d_monolayer,3,12,1791409266.70001,2556883,worker_2,W012,RemoveHoles,step_started,started,38.70967741935484,12,31
cp_tutorial_3d_monolayer,3,12,1791409266.7547495,2556883,worker_2,W012,RemoveHoles,pattern_group,running,100.0,1,1
cp_tutorial_3d_monolayer,3,12,1791409266.7548964,2556883,worker_2,W012,RemoveHoles,step_completed,success,41.935483870967744,13,31
cp_tutorial_3d_monolayer,3,12,1791409266.755444,2556883,worker_2,W012,ImageMath,step_started,started,41.935483870967744,13,31
cp_tutorial_3d_monolayer,3,12,1791409266.7861736,2556881,worker_1,W011,Threshold,pattern_group,running,100.0,1,1
cp_tutorial_3d_monolayer,3,12,1791409266.78644,2556881,worker_1,W011,Threshold,step_completed,success,35.483870967741936,11,31
cp_tutorial_3d_monolayer,3,12,1791409266.7868004,2556881,worker_1,W011,ImageMath,step_started,started,35.483870967741936,11,31
cp_tutorial_3d_monolayer,3,12,1791409266.8186824,2556881,worker_1,W011,ImageMath,pattern_group,running,100.0,1,1
cp_tutorial_3d_monolayer,3,12,1791409266.8188279,2556881,worker_1,W011,ImageMath,step_completed,success,38.70967741935484,12,31
cp_tutorial_3d_monolayer,3,12,1791409266.8193502,2556881,worker_1,W011,RemoveHoles,step_started,started,38.70967741935484,12,31
cp_tutorial_3d_monolayer,3,12,1791409266.8675044,2556881,worker_1,W011,RemoveHoles,pattern_group,running,100.0,1,1
cp_tutorial_3d_monolayer,3,12,1791409266.8676567,2556881,worker_1,W011,RemoveHoles,step_completed,success,41.935483870967744,13,31
cp_tutorial_3d_monolayer,3,12,1791409266.8682017,2556881,worker_1,W011,ImageMath,step_started,started,41.935483870967744,13,31
cp_tutorial_3d_monolayer,3,12,1791409266.8984392,2556879,worker_0,W010,ImageMath,pattern_group,running,100.0,1,1
cp_tutorial_3d_monolayer,3,12,1791409266.8986058,2556879,worker_0,W010,ImageMath,step_completed,success,45.16129032258064,14,31
cp_tutorial_3d_monolayer,3,12,1791409266.8989842,2556879,worker_0,W010,Resize,step_started,started,45.16129032258064,14,31
cp_tutorial_3d_monolayer,3,12,1791409266.9619212,2556879,worker_0,W010,Resize,pattern_group,running,100.0,1,1
cp_tutorial_3d_monolayer,3,12,1791409266.962082,2556879,worker_0,W010,Resize,step_completed,success,48.38709677419355,15,31
cp_tutorial_3d_monolayer,3,12,1791409266.9642532,2556879,worker_0,W010,Closing,step_started,started,48.38709677419355,15,31
cp_tutorial_3d_monolayer,3,12,1791409267.0420678,2556879,worker_0,W010,Closing,pattern_group,running,100.0,1,1
cp_tutorial_3d_monolayer,3,12,1791409267.0422118,2556879,worker_0,W010,Closing,step_completed,success,51.61290322580645,16,31
cp_tutorial_3d_monolayer,3,12,1791409267.042755,2556879,worker_0,W010,Resize,step_started,started,51.61290322580645,16,31
cp_tutorial_3d_monolayer,3,12,1791409267.1306937,2556883,worker_2,W012,ImageMath,pattern_group,running,100.0,1,1
cp_tutorial_3d_monolayer,3,12,1791409267.1308599,2556883,worker_2,W012,ImageMath,step_completed,success,45.16129032258064,14,31
cp_tutorial_3d_monolayer,3,12,1791409267.1312406,2556883,worker_2,W012,Resize,step_started,started,45.16129032258064,14,31
cp_tutorial_3d_monolayer,3,12,1791409267.181824,2556881,worker_1,W011,ImageMath,pattern_group,running,100.0,1,1
cp_tutorial_3d_monolayer,3,12,1791409267.1820004,2556881,worker_1,W011,ImageMath,step_completed,success,45.16129032258064,14,31
cp_tutorial_3d_monolayer,3,12,1791409267.1823878,2556881,worker_1,W011,Resize,step_started,started,45.16129032258064,14,31
cp_tutorial_3d_monolayer,3,12,1791409267.1899986,2556879,worker_0,W010,Resize,pattern_group,running,100.0,1,1
cp_tutorial_3d_monolayer,3,12,1791409267.190139,2556879,worker_0,W010,Resize,step_completed,success,54.83870967741935,17,31
cp_tutorial_3d_monolayer,3,12,1791409267.1906655,2556879,worker_0,W010,Threshold,step_started,started,54.83870967741935,17,31
cp_tutorial_3d_monolayer,3,12,1791409267.1916955,2556883,worker_2,W012,Resize,pattern_group,running,100.0,1,1
cp_tutorial_3d_monolayer,3,12,1791409267.1918504,2556883,worker_2,W012,Resize,step_completed,success,48.38709677419355,15,31
cp_tutorial_3d_monolayer,3,12,1791409267.194447,2556883,worker_2,W012,Closing,step_started,started,48.38709677419355,15,31
cp_tutorial_3d_monolayer,3,12,1791409267.246126,2556881,worker_1,W011,Resize,pattern_group,running,100.0,1,1
cp_tutorial_3d_monolayer,3,12,1791409267.2463,2556881,worker_1,W011,Resize,step_completed,success,48.38709677419355,15,31
cp_tutorial_3d_monolayer,3,12,1791409267.2487361,2556881,worker_1,W011,Closing,step_started,started,48.38709677419355,15,31
cp_tutorial_3d_monolayer,3,12,1791409267.2771657,2556883,worker_2,W012,Closing,pattern_group,running,100.0,1,1
cp_tutorial_3d_monolayer,3,12,1791409267.2773302,2556883,worker_2,W012,Closing,step_completed,success,51.61290322580645,16,31
cp_tutorial_3d_monolayer,3,12,1791409267.2778945,2556883,worker_2,W012,Resize,step_started,started,51.61290322580645,16,31
cp_tutorial_3d_monolayer,3,12,1791409267.3299892,2556881,worker_1,W011,Closing,pattern_group,running,100.0,1,1
cp_tutorial_3d_monolayer,3,12,1791409267.3301406,2556881,worker_1,W011,Closing,step_completed,success,51.61290322580645,16,31
cp_tutorial_3d_monolayer,3,12,1791409267.3306775,2556881,worker_1,W011,Resize,step_started,started,51.61290322580645,16,31
cp_tutorial_3d_monolayer,3,12,1791409267.3671353,2556879,worker_0,W010,Threshold,pattern_group,running,100.0,1,1
cp_tutorial_3d_monolayer,3,12,1791409267.3673828,2556879,worker_0,W010,Threshold,step_completed,success,58.06451612903226,18,31
cp_tutorial_3d_monolayer,3,12,1791409267.3679144,2556879,worker_0,W010,MaskImage,step_started,started,58.06451612903226,18,31
cp_tutorial_3d_monolayer,3,12,1791409267.4148102,2556879,worker_0,W010,MaskImage,pattern_group,running,100.0,1,1
cp_tutorial_3d_monolayer,3,12,1791409267.4149947,2556879,worker_0,W010,MaskImage,step_completed,success,61.29032258064516,19,31
cp_tutorial_3d_monolayer,3,12,1791409267.4156654,2556879,worker_0,W010,ErodeImage,step_started,started,61.29032258064516,19,31
cp_tutorial_3d_monolayer,3,12,1791409267.4167786,2556883,worker_2,W012,Resize,pattern_group,running,100.0,1,1
cp_tutorial_3d_monolayer,3,12,1791409267.4169753,2556883,worker_2,W012,Resize,step_completed,success,54.83870967741935,17,31
cp_tutorial_3d_monolayer,3,12,1791409267.4175813,2556883,worker_2,W012,Threshold,step_started,started,54.83870967741935,17,31
cp_tutorial_3d_monolayer,3,12,1791409267.4495656,2556879,worker_0,W010,ErodeImage,pattern_group,running,100.0,1,1
cp_tutorial_3d_monolayer,3,12,1791409267.4497135,2556879,worker_0,W010,ErodeImage,step_completed,success,64.51612903225806,20,31
cp_tutorial_3d_monolayer,3,12,1791409267.4527335,2556879,worker_0,W010,Watershed,step_started,started,64.51612903225806,20,31
cp_tutorial_3d_monolayer,3,12,1791409267.4744165,2556881,worker_1,W011,Resize,pattern_group,running,100.0,1,1
cp_tutorial_3d_monolayer,3,12,1791409267.4748068,2556881,worker_1,W011,Resize,step_completed,success,54.83870967741935,17,31
cp_tutorial_3d_monolayer,3,12,1791409267.47562,2556881,worker_1,W011,Threshold,step_started,started,54.83870967741935,17,31
cp_tutorial_3d_monolayer,3,12,1791409267.5773013,2556883,worker_2,W012,Threshold,pattern_group,running,100.0,1,1
cp_tutorial_3d_monolayer,3,12,1791409267.5775588,2556883,worker_2,W012,Threshold,step_completed,success,58.06451612903226,18,31
cp_tutorial_3d_monolayer,3,12,1791409267.578117,2556883,worker_2,W012,MaskImage,step_started,started,58.06451612903226,18,31
cp_tutorial_3d_monolayer,3,12,1791409267.5860066,2556879,worker_0,W010,Watershed,pattern_group,running,100.0,1,1
cp_tutorial_3d_monolayer,3,12,1791409267.586394,2556879,worker_0,W010,Watershed,step_completed,success,67.74193548387096,21,31
cp_tutorial_3d_monolayer,3,12,1791409267.5869877,2556879,worker_0,W010,MeasureObjectIntensity,step_started,started,67.74193548387096,21,31
cp_tutorial_3d_monolayer,3,12,1791409267.6227872,2556883,worker_2,W012,MaskImage,pattern_group,running,100.0,1,1
cp_tutorial_3d_monolayer,3,12,1791409267.6230152,2556883,worker_2,W012,MaskImage,step_completed,success,61.29032258064516,19,31
cp_tutorial_3d_monolayer,3,12,1791409267.623714,2556883,worker_2,W012,ErodeImage,step_started,started,61.29032258064516,19,31
cp_tutorial_3d_monolayer,3,12,1791409267.6398294,2556881,worker_1,W011,Threshold,pattern_group,running,100.0,1,1
cp_tutorial_3d_monolayer,3,12,1791409267.6400814,2556881,worker_1,W011,Threshold,step_completed,success,58.06451612903226,18,31
cp_tutorial_3d_monolayer,3,12,1791409267.6406238,2556881,worker_1,W011,MaskImage,step_started,started,58.06451612903226,18,31
cp_tutorial_3d_monolayer,3,12,1791409267.6543386,2556883,worker_2,W012,ErodeImage,pattern_group,running,100.0,1,1
cp_tutorial_3d_monolayer,3,12,1791409267.6544845,2556883,worker_2,W012,ErodeImage,step_completed,success,64.51612903225806,20,31
cp_tutorial_3d_monolayer,3,12,1791409267.6580887,2556883,worker_2,W012,Watershed,step_started,started,64.51612903225806,20,31
cp_tutorial_3d_monolayer,3,12,1791409267.6870205,2556881,worker_1,W011,MaskImage,pattern_group,running,100.0,1,1
cp_tutorial_3d_monolayer,3,12,1791409267.6871858,2556881,worker_1,W011,MaskImage,step_completed,success,61.29032258064516,19,31
cp_tutorial_3d_monolayer,3,12,1791409267.687931,2556881,worker_1,W011,ErodeImage,step_started,started,61.29032258064516,19,31
cp_tutorial_3d_monolayer,3,12,1791409267.7194908,2556881,worker_1,W011,ErodeImage,pattern_group,running,100.0,1,1
cp_tutorial_3d_monolayer,3,12,1791409267.719639,2556881,worker_1,W011,ErodeImage,step_completed,success,64.51612903225806,20,31
cp_tutorial_3d_monolayer,3,12,1791409267.7236645,2556881,worker_1,W011,Watershed,step_started,started,64.51612903225806,20,31
cp_tutorial_3d_monolayer,3,12,1791409267.7773442,2556883,worker_2,W012,Watershed,pattern_group,running,100.0,1,1
cp_tutorial_3d_monolayer,3,12,1791409267.7777407,2556883,worker_2,W012,Watershed,step_completed,success,67.74193548387096,21,31
cp_tutorial_3d_monolayer,3,12,1791409267.77837,2556883,worker_2,W012,MeasureObjectIntensity,step_started,started,67.74193548387096,21,31
cp_tutorial_3d_monolayer,3,12,1791409267.8549948,2556879,worker_0,W010,MeasureObjectIntensity,pattern_group,running,50.0,1,2
cp_tutorial_3d_monolayer,3,12,1791409267.8605044,2556881,worker_1,W011,Watershed,pattern_group,running,100.0,1,1
cp_tutorial_3d_monolayer,3,12,1791409267.860887,2556881,worker_1,W011,Watershed,step_completed,success,67.74193548387096,21,31
cp_tutorial_3d_monolayer,3,12,1791409267.8614883,2556881,worker_1,W011,MeasureObjectIntensity,step_started,started,67.74193548387096,21,31
cp_tutorial_3d_monolayer,3,12,1791409268.033175,2556883,worker_2,W012,MeasureObjectIntensity,pattern_group,running,50.0,1,2
cp_tutorial_3d_monolayer,3,12,1791409268.1129491,2556881,worker_1,W011,MeasureObjectIntensity,pattern_group,running,50.0,1,2
cp_tutorial_3d_monolayer,3,12,1791409268.1594222,2556879,worker_0,W010,MeasureObjectIntensity,pattern_group,running,100.0,2,2
cp_tutorial_3d_monolayer,3,12,1791409268.1617384,2556879,worker_0,W010,MeasureObjectIntensity,step_completed,success,70.96774193548387,22,31
cp_tutorial_3d_monolayer,3,12,1791409268.1622314,2556879,worker_0,W010,MeasureObjectSizeShape,step_started,started,70.96774193548387,22,31
cp_tutorial_3d_monolayer,3,12,1791409268.2599576,2556879,worker_0,W010,MeasureObjectSizeShape,pattern_group,running,50.0,1,2
cp_tutorial_3d_monolayer,3,12,1791409268.3287404,2556883,worker_2,W012,MeasureObjectIntensity,pattern_group,running,100.0,2,2
cp_tutorial_3d_monolayer,3,12,1791409268.3309405,2556883,worker_2,W012,MeasureObjectIntensity,step_completed,success,70.96774193548387,22,31
cp_tutorial_3d_monolayer,3,12,1791409268.3313246,2556883,worker_2,W012,MeasureObjectSizeShape,step_started,started,70.96774193548387,22,31
cp_tutorial_3d_monolayer,3,12,1791409268.3566618,2556879,worker_0,W010,MeasureObjectSizeShape,pattern_group,running,100.0,2,2
cp_tutorial_3d_monolayer,3,12,1791409268.3572204,2556879,worker_0,W010,MeasureObjectSizeShape,step_completed,success,74.19354838709677,23,31
cp_tutorial_3d_monolayer,3,12,1791409268.357606,2556879,worker_0,W010,OverlayObjects,step_started,started,74.19354838709677,23,31
cp_tutorial_3d_monolayer,3,12,1791409268.3991103,2556879,worker_0,W010,OverlayObjects,pattern_group,running,100.0,1,1
cp_tutorial_3d_monolayer,3,12,1791409268.399237,2556879,worker_0,W010,OverlayObjects,step_completed,success,77.41935483870968,24,31
cp_tutorial_3d_monolayer,3,12,1791409268.4071226,2556881,worker_1,W011,MeasureObjectIntensity,pattern_group,running,100.0,2,2
cp_tutorial_3d_monolayer,3,12,1791409268.3998384,2556879,worker_0,W010,RescaleIntensity,step_started,started,77.41935483870968,24,31
cp_tutorial_3d_monolayer,3,12,1791409268.4093041,2556881,worker_1,W011,MeasureObjectIntensity,step_completed,success,70.96774193548387,22,31
cp_tutorial_3d_monolayer,3,12,1791409268.4096813,2556881,worker_1,W011,MeasureObjectSizeShape,step_started,started,70.96774193548387,22,31
cp_tutorial_3d_monolayer,3,12,1791409268.4210289,2556883,worker_2,W012,MeasureObjectSizeShape,pattern_group,running,50.0,1,2
cp_tutorial_3d_monolayer,3,12,1791409268.4934592,2556879,worker_0,W010,RescaleIntensity,pattern_group,running,100.0,1,1
cp_tutorial_3d_monolayer,3,12,1791409268.493598,2556879,worker_0,W010,RescaleIntensity,step_completed,success,80.64516129032258,25,31
cp_tutorial_3d_monolayer,3,12,1791409268.49397,2556879,worker_0,W010,OverlayObjects,step_started,started,80.64516129032258,25,31
cp_tutorial_3d_monolayer,3,12,1791409268.4982862,2556881,worker_1,W011,MeasureObjectSizeShape,pattern_group,running,50.0,1,2
cp_tutorial_3d_monolayer,3,12,1791409268.5167499,2556883,worker_2,W012,MeasureObjectSizeShape,pattern_group,running,100.0,2,2
cp_tutorial_3d_monolayer,3,12,1791409268.5173347,2556883,worker_2,W012,MeasureObjectSizeShape,step_completed,success,74.19354838709677,23,31
cp_tutorial_3d_monolayer,3,12,1791409268.5177264,2556883,worker_2,W012,OverlayObjects,step_started,started,74.19354838709677,23,31
cp_tutorial_3d_monolayer,3,12,1791409268.537006,2556879,worker_0,W010,OverlayObjects,pattern_group,running,100.0,1,1
cp_tutorial_3d_monolayer,3,12,1791409268.5371242,2556879,worker_0,W010,OverlayObjects,step_completed,success,83.87096774193549,26,31
cp_tutorial_3d_monolayer,3,12,1791409268.5377743,2556879,worker_0,W010,ConvertObjectsToImage,step_started,started,83.87096774193549,26,31
cp_tutorial_3d_monolayer,3,12,1791409268.5590882,2556883,worker_2,W012,OverlayObjects,pattern_group,running,100.0,1,1
cp_tutorial_3d_monolayer,3,12,1791409268.5592,2556883,worker_2,W012,OverlayObjects,step_completed,success,77.41935483870968,24,31
cp_tutorial_3d_monolayer,3,12,1791409268.5598912,2556883,worker_2,W012,RescaleIntensity,step_started,started,77.41935483870968,24,31
cp_tutorial_3d_monolayer,3,12,1791409268.5706313,2556879,worker_0,W010,ConvertObjectsToImage,pattern_group,running,100.0,1,1
cp_tutorial_3d_monolayer,3,12,1791409268.5707703,2556879,worker_0,W010,ConvertObjectsToImage,step_completed,success,87.09677419354838,27,31
cp_tutorial_3d_monolayer,3,12,1791409268.5713663,2556879,worker_0,W010,SaveImages,step_started,started,87.09677419354838,27,31
cp_tutorial_3d_monolayer,3,12,1791409268.5948267,2556881,worker_1,W011,MeasureObjectSizeShape,pattern_group,running,100.0,2,2
cp_tutorial_3d_monolayer,3,12,1791409268.5953918,2556881,worker_1,W011,MeasureObjectSizeShape,step_completed,success,74.19354838709677,23,31
cp_tutorial_3d_monolayer,3,12,1791409268.5957747,2556881,worker_1,W011,OverlayObjects,step_started,started,74.19354838709677,23,31
cp_tutorial_3d_monolayer,3,12,1791409268.619555,2556879,worker_0,W010,SaveImages,pattern_group,running,100.0,1,1
cp_tutorial_3d_monolayer,3,12,1791409268.6267521,2556879,worker_0,W010,SaveImages,step_completed,success,90.32258064516128,28,31
cp_tutorial_3d_monolayer,3,12,1791409268.6274135,2556879,worker_0,W010,ConvertObjectsToImage,step_started,started,90.32258064516128,28,31
cp_tutorial_3d_monolayer,3,12,1791409268.6348526,2556881,worker_1,W011,OverlayObjects,pattern_group,running,100.0,1,1
cp_tutorial_3d_monolayer,3,12,1791409268.6349685,2556881,worker_1,W011,OverlayObjects,step_completed,success,77.41935483870968,24,31
cp_tutorial_3d_monolayer,3,12,1791409268.6355913,2556881,worker_1,W011,RescaleIntensity,step_started,started,77.41935483870968,24,31
cp_tutorial_3d_monolayer,3,12,1791409268.6563954,2556883,worker_2,W012,RescaleIntensity,pattern_group,running,100.0,1,1
cp_tutorial_3d_monolayer,3,12,1791409268.6565301,2556883,worker_2,W012,RescaleIntensity,step_completed,success,80.64516129032258,25,31
cp_tutorial_3d_monolayer,3,12,1791409268.6568904,2556883,worker_2,W012,OverlayObjects,step_started,started,80.64516129032258,25,31
cp_tutorial_3d_monolayer,3,12,1791409268.6641302,2556879,worker_0,W010,ConvertObjectsToImage,pattern_group,running,100.0,1,1
cp_tutorial_3d_monolayer,3,12,1791409268.66434,2556879,worker_0,W010,ConvertObjectsToImage,step_completed,success,93.54838709677419,29,31
cp_tutorial_3d_monolayer,3,12,1791409268.6705265,2556879,worker_0,W010,SaveImages,step_started,started,93.54838709677419,29,31
cp_tutorial_3d_monolayer,3,12,1791409268.6788445,2556883,worker_2,W012,OverlayObjects,pattern_group,running,100.0,1,1
cp_tutorial_3d_monolayer,3,12,1791409268.6789455,2556883,worker_2,W012,OverlayObjects,step_completed,success,83.87096774193549,26,31
cp_tutorial_3d_monolayer,3,12,1791409268.679558,2556883,worker_2,W012,ConvertObjectsToImage,step_started,started,83.87096774193549,26,31
cp_tutorial_3d_monolayer,3,12,1791409268.7142878,2556883,worker_2,W012,ConvertObjectsToImage,pattern_group,running,100.0,1,1
cp_tutorial_3d_monolayer,3,12,1791409268.7144523,2556883,worker_2,W012,ConvertObjectsToImage,step_completed,success,87.09677419354838,27,31
cp_tutorial_3d_monolayer,3,12,1791409268.7151582,2556883,worker_2,W012,SaveImages,step_started,started,87.09677419354838,27,31
cp_tutorial_3d_monolayer,3,12,1791409268.724801,2556879,worker_0,W010,SaveImages,pattern_group,running,100.0,1,1
cp_tutorial_3d_monolayer,3,12,1791409268.7326782,2556881,worker_1,W011,RescaleIntensity,pattern_group,running,100.0,1,1
cp_tutorial_3d_monolayer,3,12,1791409268.7328231,2556881,worker_1,W011,RescaleIntensity,step_completed,success,80.64516129032258,25,31
cp_tutorial_3d_monolayer,3,12,1791409268.7332118,2556881,worker_1,W011,OverlayObjects,step_started,started,80.64516129032258,25,31
cp_tutorial_3d_monolayer,3,12,1791409268.731332,2556879,worker_0,W010,SaveImages,step_completed,success,96.7741935483871,30,31
cp_tutorial_3d_monolayer,3,12,1791409268.7327306,2556879,worker_0,W010,pipeline,axis_completed,success,96.7741935483871,30,31
cp_tutorial_3d_monolayer,3,12,1791409268.7558632,2556881,worker_1,W011,OverlayObjects,pattern_group,running,100.0,1,1
cp_tutorial_3d_monolayer,3,12,1791409268.7559645,2556881,worker_1,W011,OverlayObjects,step_completed,success,83.87096774193549,26,31
cp_tutorial_3d_monolayer,3,12,1791409268.7565813,2556881,worker_1,W011,ConvertObjectsToImage,step_started,started,83.87096774193549,26,31
cp_tutorial_3d_monolayer,3,12,1791409268.7686646,2556883,worker_2,W012,SaveImages,pattern_group,running,100.0,1,1
cp_tutorial_3d_monolayer,3,12,1791409268.7752352,2556883,worker_2,W012,SaveImages,step_completed,success,90.32258064516128,28,31
cp_tutorial_3d_monolayer,3,12,1791409268.7758722,2556883,worker_2,W012,ConvertObjectsToImage,step_started,started,90.32258064516128,28,31
cp_tutorial_3d_monolayer,3,12,1791409268.7940807,2556881,worker_1,W011,ConvertObjectsToImage,pattern_group,running,100.0,1,1
cp_tutorial_3d_monolayer,3,12,1791409268.7942274,2556881,worker_1,W011,ConvertObjectsToImage,step_completed,success,87.09677419354838,27,31
cp_tutorial_3d_monolayer,3,12,1791409268.7948442,2556881,worker_1,W011,SaveImages,step_started,started,87.09677419354838,27,31
cp_tutorial_3d_monolayer,3,12,1791409268.8105018,2556883,worker_2,W012,ConvertObjectsToImage,pattern_group,running,100.0,1,1
cp_tutorial_3d_monolayer,3,12,1791409268.8106987,2556883,worker_2,W012,ConvertObjectsToImage,step_completed,success,93.54838709677419,29,31
cp_tutorial_3d_monolayer,3,12,1791409268.8174057,2556883,worker_2,W012,SaveImages,step_started,started,93.54838709677419,29,31
cp_tutorial_3d_monolayer,3,12,1791409268.8435602,2556881,worker_1,W011,SaveImages,pattern_group,running,100.0,1,1
cp_tutorial_3d_monolayer,3,12,1791409268.8498893,2556881,worker_1,W011,SaveImages,step_completed,success,90.32258064516128,28,31
cp_tutorial_3d_monolayer,3,12,1791409268.850497,2556881,worker_1,W011,ConvertObjectsToImage,step_started,started,90.32258064516128,28,31
cp_tutorial_3d_monolayer,3,12,1791409268.8658438,2556883,worker_2,W012,SaveImages,pattern_group,running,100.0,1,1
cp_tutorial_3d_monolayer,3,12,1791409268.8723066,2556883,worker_2,W012,SaveImages,step_completed,success,96.7741935483871,30,31
cp_tutorial_3d_monolayer,3,12,1791409268.8736086,2556883,worker_2,W012,pipeline,axis_completed,success,96.7741935483871,30,31
cp_tutorial_3d_monolayer,3,12,1791409268.8834648,2556881,worker_1,W011,ConvertObjectsToImage,pattern_group,running,100.0,1,1
cp_tutorial_3d_monolayer,3,12,1791409268.8836355,2556881,worker_1,W011,ConvertObjectsToImage,step_completed,success,93.54838709677419,29,31
cp_tutorial_3d_monolayer,3,12,1791409268.8887386,2556881,worker_1,W011,SaveImages,step_started,started,93.54838709677419,29,31
cp_tutorial_3d_monolayer,3,12,1791409268.9373965,2556881,worker_1,W011,SaveImages,pattern_group,running,100.0,1,1
cp_tutorial_3d_monolayer,3,12,1791409268.9441772,2556881,worker_1,W011,SaveImages,step_completed,success,96.7741935483871,30,31
cp_tutorial_3d_monolayer,3,12,1791409268.945394,2556881,worker_1,W011,pipeline,axis_completed,success,96.7741935483871,30,31
cp_tutorial_3d_monolayer,3,12,1791409269.0670142,2547534,,,ExportToSpreadsheet,step_started,started,96.7741935483871,30,31
cp_tutorial_3d_monolayer,3,12,1791409269.3314984,2547534,,,ExportToSpreadsheet,step_completed,success,100.0,31,31
cp_tutorial_3d_monolayer,3,12,1791409269.5949426,2547534,,,pipeline,success,success,100.0,31,31
