case_name,worker_count,well_count,timestamp,pid,worker_slot,axis_id,step_name,phase,status,percent,completed,total
cp_tutorial_3d_monolayer,3,9,1791314200.2536237,2504960,,,pipeline,compile,started,0.0,0,31
cp_tutorial_3d_monolayer,3,9,1791314200.5996945,2504960,,,,init,started,0.0,0,1
cp_tutorial_3d_monolayer,3,9,1791314201.1219869,2504960,,W001,compilation,compile,running,11.11111111111111,1,9
cp_tutorial_3d_monolayer,3,9,1791314201.1772516,2504960,,W002,compilation,compile,running,22.22222222222222,2,9
cp_tutorial_3d_monolayer,3,9,1791314201.2318664,2504960,,W003,compilation,compile,running,33.33333333333333,3,9
cp_tutorial_3d_monolayer,3,9,1791314201.284951,2504960,,W004,compilation,compile,running,44.44444444444444,4,9
cp_tutorial_3d_monolayer,3,9,1791314201.3389235,2504960,,W005,compilation,compile,running,55.55555555555556,5,9
cp_tutorial_3d_monolayer,3,9,1791314201.3922298,2504960,,W006,compilation,compile,running,66.66666666666666,6,9
cp_tutorial_3d_monolayer,3,9,1791314201.445572,2504960,,W007,compilation,compile,running,77.77777777777779,7,9
cp_tutorial_3d_monolayer,3,9,1791314201.500515,2504960,,W008,compilation,compile,running,88.88888888888889,8,9
cp_tutorial_3d_monolayer,3,9,1791314201.5536094,2504960,,W009,compilation,compile,running,100.0,9,9
cp_tutorial_3d_monolayer,3,9,1791314201.5706735,2504960,,,,init,started,0.0,0,1
cp_tutorial_3d_monolayer,3,9,1791314201.5707598,2504960,,,pipeline,compile,success,100.0,1,31
cp_tutorial_3d_monolayer,3,9,1791314201.5708072,2504960,,W001,compilation,compile,success,100.0,1,1
cp_tutorial_3d_monolayer,3,9,1791314201.570835,2504960,,W002,compilation,compile,success,100.0,1,1
cp_tutorial_3d_monolayer,3,9,1791314201.5708604,2504960,,W003,compilation,compile,success,100.0,1,1
cp_tutorial_3d_monolayer,3,9,1791314201.570884,2504960,,W004,compilation,compile,success,100.0,1,1
cp_tutorial_3d_monolayer,3,9,1791314201.5709076,2504960,,W005,compilation,compile,success,100.0,1,1
cp_tutorial_3d_monolayer,3,9,1791314201.5709312,2504960,,W006,compilation,compile,success,100.0,1,1
cp_tutorial_3d_monolayer,3,9,1791314201.5709548,2504960,,W007,compilation,compile,success,100.0,1,1
cp_tutorial_3d_monolayer,3,9,1791314201.5709782,2504960,,W008,compilation,compile,success,100.0,1,1
cp_tutorial_3d_monolayer,3,9,1791314201.5710008,2504960,,W009,compilation,compile,success,100.0,1,1
cp_tutorial_3d_monolayer,3,9,1791314201.6196454,2504960,,,,init,started,0.0,0,1
cp_tutorial_3d_monolayer,3,9,1791314201.647919,2544838,worker_0,W001,pipeline,axis_started,started,0.0,0,31
cp_tutorial_3d_monolayer,3,9,1791314201.648493,2544838,worker_0,W001,RescaleIntensity,step_started,started,0.0,0,31
cp_tutorial_3d_monolayer,3,9,1791314201.661991,2544840,worker_1,W002,pipeline,axis_started,started,0.0,0,31
cp_tutorial_3d_monolayer,3,9,1791314201.662427,2544840,worker_1,W002,RescaleIntensity,step_started,started,0.0,0,31
cp_tutorial_3d_monolayer,3,9,1791314201.6818676,2544842,worker_2,W003,pipeline,axis_started,started,0.0,0,31
cp_tutorial_3d_monolayer,3,9,1791314201.6823444,2544842,worker_2,W003,RescaleIntensity,step_started,started,0.0,0,31
cp_tutorial_3d_monolayer,3,9,1791314201.9991906,2544840,worker_1,W002,RescaleIntensity,pattern_group,running,100.0,1,1
cp_tutorial_3d_monolayer,3,9,1791314202.0004008,2544840,worker_1,W002,RescaleIntensity,step_completed,success,3.225806451612903,1,31
cp_tutorial_3d_monolayer,3,9,1791314202.0005212,2544840,worker_1,W002,Resize,step_started,started,3.225806451612903,1,31
cp_tutorial_3d_monolayer,3,9,1791314201.9991944,2544838,worker_0,W001,RescaleIntensity,pattern_group,running,100.0,1,1
cp_tutorial_3d_monolayer,3,9,1791314202.0004008,2544838,worker_0,W001,RescaleIntensity,step_completed,success,3.225806451612903,1,31
cp_tutorial_3d_monolayer,3,9,1791314202.0005198,2544838,worker_0,W001,Resize,step_started,started,3.225806451612903,1,31
cp_tutorial_3d_monolayer,3,9,1791314202.0167127,2544842,worker_2,W003,RescaleIntensity,pattern_group,running,100.0,1,1
cp_tutorial_3d_monolayer,3,9,1791314202.0180085,2544842,worker_2,W003,RescaleIntensity,step_completed,success,3.225806451612903,1,31
cp_tutorial_3d_monolayer,3,9,1791314202.018068,2544842,worker_2,W003,Resize,step_started,started,3.225806451612903,1,31
cp_tutorial_3d_monolayer,3,9,1791314202.0769584,2544840,worker_1,W002,Resize,pattern_group,running,100.0,1,1
cp_tutorial_3d_monolayer,3,9,1791314202.0771544,2544840,worker_1,W002,Resize,step_completed,success,6.451612903225806,2,31
cp_tutorial_3d_monolayer,3,9,1791314202.0771778,2544840,worker_1,W002,MedianFilter,step_started,started,6.451612903225806,2,31
cp_tutorial_3d_monolayer,3,9,1791314202.0774026,2544838,worker_0,W001,Resize,pattern_group,running,100.0,1,1
cp_tutorial_3d_monolayer,3,9,1791314202.0775747,2544838,worker_0,W001,Resize,step_completed,success,6.451612903225806,2,31
cp_tutorial_3d_monolayer,3,9,1791314202.0775957,2544838,worker_0,W001,MedianFilter,step_started,started,6.451612903225806,2,31
cp_tutorial_3d_monolayer,3,9,1791314202.0933769,2544842,worker_2,W003,Resize,pattern_group,running,100.0,1,1
cp_tutorial_3d_monolayer,3,9,1791314202.0935512,2544842,worker_2,W003,Resize,step_completed,success,6.451612903225806,2,31
cp_tutorial_3d_monolayer,3,9,1791314202.0935752,2544842,worker_2,W003,MedianFilter,step_started,started,6.451612903225806,2,31
cp_tutorial_3d_monolayer,3,9,1791314202.2430854,2544840,worker_1,W002,MedianFilter,pattern_group,running,100.0,1,1
cp_tutorial_3d_monolayer,3,9,1791314202.2432337,2544840,worker_1,W002,MedianFilter,step_completed,success,9.67741935483871,3,31
cp_tutorial_3d_monolayer,3,9,1791314202.2432528,2544840,worker_1,W002,Threshold,step_started,started,9.67741935483871,3,31
cp_tutorial_3d_monolayer,3,9,1791314202.2469065,2544838,worker_0,W001,MedianFilter,pattern_group,running,100.0,1,1
cp_tutorial_3d_monolayer,3,9,1791314202.2470546,2544838,worker_0,W001,MedianFilter,step_completed,success,9.67741935483871,3,31
cp_tutorial_3d_monolayer,3,9,1791314202.2470737,2544838,worker_0,W001,Threshold,step_started,started,9.67741935483871,3,31
cp_tutorial_3d_monolayer,3,9,1791314202.2621102,2544842,worker_2,W003,MedianFilter,pattern_group,running,100.0,1,1
cp_tutorial_3d_monolayer,3,9,1791314202.2622654,2544842,worker_2,W003,MedianFilter,step_completed,success,9.67741935483871,3,31
cp_tutorial_3d_monolayer,3,9,1791314202.2622957,2544842,worker_2,W003,Threshold,step_started,started,9.67741935483871,3,31
cp_tutorial_3d_monolayer,3,9,1791314202.3055606,2544840,worker_1,W002,Threshold,pattern_group,running,100.0,1,1
cp_tutorial_3d_monolayer,3,9,1791314202.3059473,2544840,worker_1,W002,Threshold,step_completed,success,12.903225806451612,4,31
cp_tutorial_3d_monolayer,3,9,1791314202.305969,2544840,worker_1,W002,RemoveHoles,step_started,started,12.903225806451612,4,31
cp_tutorial_3d_monolayer,3,9,1791314202.3056939,2544838,worker_0,W001,Threshold,pattern_group,running,100.0,1,1
cp_tutorial_3d_monolayer,3,9,1791314202.3060126,2544838,worker_0,W001,Threshold,step_completed,success,12.903225806451612,4,31
cp_tutorial_3d_monolayer,3,9,1791314202.3060334,2544838,worker_0,W001,RemoveHoles,step_started,started,12.903225806451612,4,31
cp_tutorial_3d_monolayer,3,9,1791314202.3242788,2544842,worker_2,W003,Threshold,pattern_group,running,100.0,1,1
cp_tutorial_3d_monolayer,3,9,1791314202.3246386,2544842,worker_2,W003,Threshold,step_completed,success,12.903225806451612,4,31
cp_tutorial_3d_monolayer,3,9,1791314202.3246644,2544842,worker_2,W003,RemoveHoles,step_started,started,12.903225806451612,4,31
cp_tutorial_3d_monolayer,3,9,1791314202.3295658,2544840,worker_1,W002,RemoveHoles,pattern_group,running,100.0,1,1
cp_tutorial_3d_monolayer,3,9,1791314202.329733,2544840,worker_1,W002,RemoveHoles,step_completed,success,16.129032258064516,5,31
cp_tutorial_3d_monolayer,3,9,1791314202.3297527,2544840,worker_1,W002,Watershed,step_started,started,16.129032258064516,5,31
cp_tutorial_3d_monolayer,3,9,1791314202.3304787,2544838,worker_0,W001,RemoveHoles,pattern_group,running,100.0,1,1
cp_tutorial_3d_monolayer,3,9,1791314202.3306506,2544838,worker_0,W001,RemoveHoles,step_completed,success,16.129032258064516,5,31
cp_tutorial_3d_monolayer,3,9,1791314202.3306704,2544838,worker_0,W001,Watershed,step_started,started,16.129032258064516,5,31
cp_tutorial_3d_monolayer,3,9,1791314202.3495238,2544842,worker_2,W003,RemoveHoles,pattern_group,running,100.0,1,1
cp_tutorial_3d_monolayer,3,9,1791314202.3496916,2544842,worker_2,W003,RemoveHoles,step_completed,success,16.129032258064516,5,31
cp_tutorial_3d_monolayer,3,9,1791314202.3497126,2544842,worker_2,W003,Watershed,step_started,started,16.129032258064516,5,31
cp_tutorial_3d_monolayer,3,9,1791314202.4391193,2544838,worker_0,W001,Watershed,pattern_group,running,100.0,1,1
cp_tutorial_3d_monolayer,3,9,1791314202.4391193,2544840,worker_1,W002,Watershed,pattern_group,running,100.0,1,1
cp_tutorial_3d_monolayer,3,9,1791314202.43959,2544838,worker_0,W001,Watershed,step_completed,success,19.35483870967742,6,31
cp_tutorial_3d_monolayer,3,9,1791314202.4396117,2544838,worker_0,W001,ResizeObjects,step_started,started,19.35483870967742,6,31
cp_tutorial_3d_monolayer,3,9,1791314202.4395885,2544840,worker_1,W002,Watershed,step_completed,success,19.35483870967742,6,31
cp_tutorial_3d_monolayer,3,9,1791314202.4396098,2544840,worker_1,W002,ResizeObjects,step_started,started,19.35483870967742,6,31
cp_tutorial_3d_monolayer,3,9,1791314202.4563975,2544842,worker_2,W003,Watershed,pattern_group,running,100.0,1,1
cp_tutorial_3d_monolayer,3,9,1791314202.4569395,2544842,worker_2,W003,Watershed,step_completed,success,19.35483870967742,6,31
cp_tutorial_3d_monolayer,3,9,1791314202.4569664,2544842,worker_2,W003,ResizeObjects,step_started,started,19.35483870967742,6,31
cp_tutorial_3d_monolayer,3,9,1791314202.4832087,2544840,worker_1,W002,ResizeObjects,pattern_group,running,100.0,1,1
cp_tutorial_3d_monolayer,3,9,1791314202.483741,2544840,worker_1,W002,ResizeObjects,step_completed,success,22.58064516129032,7,31
cp_tutorial_3d_monolayer,3,9,1791314202.4837637,2544840,worker_1,W002,ErodeObjects,step_started,started,22.58064516129032,7,31
cp_tutorial_3d_monolayer,3,9,1791314202.4867997,2544838,worker_0,W001,ResizeObjects,pattern_group,running,100.0,1,1
cp_tutorial_3d_monolayer,3,9,1791314202.4873254,2544838,worker_0,W001,ResizeObjects,step_completed,success,22.58064516129032,7,31
cp_tutorial_3d_monolayer,3,9,1791314202.4873476,2544838,worker_0,W001,ErodeObjects,step_started,started,22.58064516129032,7,31
cp_tutorial_3d_monolayer,3,9,1791314202.5009837,2544842,worker_2,W003,ResizeObjects,pattern_group,running,100.0,1,1
cp_tutorial_3d_monolayer,3,9,1791314202.5014865,2544842,worker_2,W003,ResizeObjects,step_completed,success,22.58064516129032,7,31
cp_tutorial_3d_monolayer,3,9,1791314202.501508,2544842,worker_2,W003,ErodeObjects,step_started,started,22.58064516129032,7,31
cp_tutorial_3d_monolayer,3,9,1791314202.5400558,2544840,worker_1,W002,ErodeObjects,pattern_group,running,100.0,1,1
cp_tutorial_3d_monolayer,3,9,1791314202.540542,2544840,worker_1,W002,ErodeObjects,step_completed,success,25.806451612903224,8,31
cp_tutorial_3d_monolayer,3,9,1791314202.5405648,2544840,worker_1,W002,ResizeObjects,step_started,started,25.806451612903224,8,31
cp_tutorial_3d_monolayer,3,9,1791314202.5489368,2544838,worker_0,W001,ErodeObjects,pattern_group,running,100.0,1,1
cp_tutorial_3d_monolayer,3,9,1791314202.5494614,2544838,worker_0,W001,ErodeObjects,step_completed,success,25.806451612903224,8,31
cp_tutorial_3d_monolayer,3,9,1791314202.549485,2544838,worker_0,W001,ResizeObjects,step_started,started,25.806451612903224,8,31
cp_tutorial_3d_monolayer,3,9,1791314202.5643172,2544842,worker_2,W003,ErodeObjects,pattern_group,running,100.0,1,1
cp_tutorial_3d_monolayer,3,9,1791314202.5648863,2544842,worker_2,W003,ErodeObjects,step_completed,success,25.806451612903224,8,31
cp_tutorial_3d_monolayer,3,9,1791314202.5649283,2544842,worker_2,W003,ResizeObjects,step_started,started,25.806451612903224,8,31
cp_tutorial_3d_monolayer,3,9,1791314202.571587,2544840,worker_1,W002,ResizeObjects,pattern_group,running,100.0,1,1
cp_tutorial_3d_monolayer,3,9,1791314202.5723968,2544840,worker_1,W002,ResizeObjects,step_completed,success,29.03225806451613,9,31
cp_tutorial_3d_monolayer,3,9,1791314202.5724401,2544840,worker_1,W002,ConvertObjectsToImage,step_started,started,29.03225806451613,9,31
cp_tutorial_3d_monolayer,3,9,1791314202.5854828,2544838,worker_0,W001,ResizeObjects,pattern_group,running,100.0,1,1
cp_tutorial_3d_monolayer,3,9,1791314202.58605,2544838,worker_0,W001,ResizeObjects,step_completed,success,29.03225806451613,9,31
cp_tutorial_3d_monolayer,3,9,1791314202.586078,2544838,worker_0,W001,ConvertObjectsToImage,step_started,started,29.03225806451613,9,31
cp_tutorial_3d_monolayer,3,9,1791314202.5999937,2544840,worker_1,W002,ConvertObjectsToImage,pattern_group,running,100.0,1,1
cp_tutorial_3d_monolayer,3,9,1791314202.6002412,2544840,worker_1,W002,ConvertObjectsToImage,step_completed,success,32.25806451612903,10,31
cp_tutorial_3d_monolayer,3,9,1791314202.6002765,2544840,worker_1,W002,Threshold,step_started,started,32.25806451612903,10,31
cp_tutorial_3d_monolayer,3,9,1791314202.6012042,2544842,worker_2,W003,ResizeObjects,pattern_group,running,100.0,1,1
cp_tutorial_3d_monolayer,3,9,1791314202.6017623,2544842,worker_2,W003,ResizeObjects,step_completed,success,29.03225806451613,9,31
cp_tutorial_3d_monolayer,3,9,1791314202.601784,2544842,worker_2,W003,ConvertObjectsToImage,step_started,started,29.03225806451613,9,31
cp_tutorial_3d_monolayer,3,9,1791314202.6147647,2544838,worker_0,W001,ConvertObjectsToImage,pattern_group,running,100.0,1,1
cp_tutorial_3d_monolayer,3,9,1791314202.615043,2544838,worker_0,W001,ConvertObjectsToImage,step_completed,success,32.25806451612903,10,31
cp_tutorial_3d_monolayer,3,9,1791314202.6150715,2544838,worker_0,W001,Threshold,step_started,started,32.25806451612903,10,31
cp_tutorial_3d_monolayer,3,9,1791314202.6255524,2544842,worker_2,W003,ConvertObjectsToImage,pattern_group,running,100.0,1,1
cp_tutorial_3d_monolayer,3,9,1791314202.6257195,2544842,worker_2,W003,ConvertObjectsToImage,step_completed,success,32.25806451612903,10,31
cp_tutorial_3d_monolayer,3,9,1791314202.6257408,2544842,worker_2,W003,Threshold,step_started,started,32.25806451612903,10,31
cp_tutorial_3d_monolayer,3,9,1791314202.8502653,2544840,worker_1,W002,Threshold,pattern_group,running,100.0,1,1
cp_tutorial_3d_monolayer,3,9,1791314202.850532,2544840,worker_1,W002,Threshold,step_completed,success,35.483870967741936,11,31
cp_tutorial_3d_monolayer,3,9,1791314202.8505518,2544840,worker_1,W002,ImageMath,step_started,started,35.483870967741936,11,31
cp_tutorial_3d_monolayer,3,9,1791314202.8694043,2544838,worker_0,W001,Threshold,pattern_group,running,100.0,1,1
cp_tutorial_3d_monolayer,3,9,1791314202.869684,2544838,worker_0,W001,Threshold,step_completed,success,35.483870967741936,11,31
cp_tutorial_3d_monolayer,3,9,1791314202.8697088,2544838,worker_0,W001,ImageMath,step_started,started,35.483870967741936,11,31
cp_tutorial_3d_monolayer,3,9,1791314202.882071,2544842,worker_2,W003,Threshold,pattern_group,running,100.0,1,1
cp_tutorial_3d_monolayer,3,9,1791314202.8824894,2544842,worker_2,W003,Threshold,step_completed,success,35.483870967741936,11,31
cp_tutorial_3d_monolayer,3,9,1791314202.8825276,2544842,worker_2,W003,ImageMath,step_started,started,35.483870967741936,11,31
cp_tutorial_3d_monolayer,3,9,1791314202.8883069,2544840,worker_1,W002,ImageMath,pattern_group,running,100.0,1,1
cp_tutorial_3d_monolayer,3,9,1791314202.8884754,2544840,worker_1,W002,ImageMath,step_completed,success,38.70967741935484,12,31
cp_tutorial_3d_monolayer,3,9,1791314202.8884952,2544840,worker_1,W002,RemoveHoles,step_started,started,38.70967741935484,12,31
cp_tutorial_3d_monolayer,3,9,1791314202.9111993,2544838,worker_0,W001,ImageMath,pattern_group,running,100.0,1,1
cp_tutorial_3d_monolayer,3,9,1791314202.911374,2544838,worker_0,W001,ImageMath,step_completed,success,38.70967741935484,12,31
cp_tutorial_3d_monolayer,3,9,1791314202.9113941,2544838,worker_0,W001,RemoveHoles,step_started,started,38.70967741935484,12,31
cp_tutorial_3d_monolayer,3,9,1791314202.925085,2544842,worker_2,W003,ImageMath,pattern_group,running,100.0,1,1
cp_tutorial_3d_monolayer,3,9,1791314202.9252768,2544842,worker_2,W003,ImageMath,step_completed,success,38.70967741935484,12,31
cp_tutorial_3d_monolayer,3,9,1791314202.9253025,2544842,worker_2,W003,RemoveHoles,step_started,started,38.70967741935484,12,31
cp_tutorial_3d_monolayer,3,9,1791314202.9494963,2544840,worker_1,W002,RemoveHoles,pattern_group,running,100.0,1,1
cp_tutorial_3d_monolayer,3,9,1791314202.9497192,2544840,worker_1,W002,RemoveHoles,step_completed,success,41.935483870967744,13,31
cp_tutorial_3d_monolayer,3,9,1791314202.949745,2544840,worker_1,W002,ImageMath,step_started,started,41.935483870967744,13,31
cp_tutorial_3d_monolayer,3,9,1791314203.0707753,2544838,worker_0,W001,RemoveHoles,pattern_group,running,100.0,1,1
cp_tutorial_3d_monolayer,3,9,1791314203.0709388,2544838,worker_0,W001,RemoveHoles,step_completed,success,41.935483870967744,13,31
cp_tutorial_3d_monolayer,3,9,1791314203.0709593,2544838,worker_0,W001,ImageMath,step_started,started,41.935483870967744,13,31
cp_tutorial_3d_monolayer,3,9,1791314203.1074276,2544842,worker_2,W003,RemoveHoles,pattern_group,running,100.0,1,1
cp_tutorial_3d_monolayer,3,9,1791314203.1075861,2544842,worker_2,W003,RemoveHoles,step_completed,success,41.935483870967744,13,31
cp_tutorial_3d_monolayer,3,9,1791314203.1076078,2544842,worker_2,W003,ImageMath,step_started,started,41.935483870967744,13,31
cp_tutorial_3d_monolayer,3,9,1791314203.4791877,2544840,worker_1,W002,ImageMath,pattern_group,running,100.0,1,1
cp_tutorial_3d_monolayer,3,9,1791314203.4793963,2544840,worker_1,W002,ImageMath,step_completed,success,45.16129032258064,14,31
cp_tutorial_3d_monolayer,3,9,1791314203.4794202,2544840,worker_1,W002,Resize,step_started,started,45.16129032258064,14,31
cp_tutorial_3d_monolayer,3,9,1791314203.5413923,2544840,worker_1,W002,Resize,pattern_group,running,100.0,1,1
cp_tutorial_3d_monolayer,3,9,1791314203.5415616,2544840,worker_1,W002,Resize,step_completed,success,48.38709677419355,15,31
cp_tutorial_3d_monolayer,3,9,1791314203.541584,2544840,worker_1,W002,Closing,step_started,started,48.38709677419355,15,31
cp_tutorial_3d_monolayer,3,9,1791314203.619317,2544838,worker_0,W001,ImageMath,pattern_group,running,100.0,1,1
cp_tutorial_3d_monolayer,3,9,1791314203.6194968,2544838,worker_0,W001,ImageMath,step_completed,success,45.16129032258064,14,31
cp_tutorial_3d_monolayer,3,9,1791314203.619518,2544838,worker_0,W001,Resize,step_started,started,45.16129032258064,14,31
cp_tutorial_3d_monolayer,3,9,1791314203.6245115,2544840,worker_1,W002,Closing,pattern_group,running,100.0,1,1
cp_tutorial_3d_monolayer,3,9,1791314203.624691,2544840,worker_1,W002,Closing,step_completed,success,51.61290322580645,16,31
cp_tutorial_3d_monolayer,3,9,1791314203.6247125,2544840,worker_1,W002,Resize,step_started,started,51.61290322580645,16,31
cp_tutorial_3d_monolayer,3,9,1791314203.6759913,2544840,worker_1,W002,Resize,pattern_group,running,100.0,1,1
cp_tutorial_3d_monolayer,3,9,1791314203.6761749,2544840,worker_1,W002,Resize,step_completed,success,54.83870967741935,17,31
cp_tutorial_3d_monolayer,3,9,1791314203.676198,2544840,worker_1,W002,Threshold,step_started,started,54.83870967741935,17,31
cp_tutorial_3d_monolayer,3,9,1791314203.682262,2544838,worker_0,W001,Resize,pattern_group,running,100.0,1,1
cp_tutorial_3d_monolayer,3,9,1791314203.6824307,2544838,worker_0,W001,Resize,step_completed,success,48.38709677419355,15,31
cp_tutorial_3d_monolayer,3,9,1791314203.6824512,2544838,worker_0,W001,Closing,step_started,started,48.38709677419355,15,31
cp_tutorial_3d_monolayer,3,9,1791314203.7307887,2544842,worker_2,W003,ImageMath,pattern_group,running,100.0,1,1
cp_tutorial_3d_monolayer,3,9,1791314203.7309644,2544842,worker_2,W003,ImageMath,step_completed,success,45.16129032258064,14,31
cp_tutorial_3d_monolayer,3,9,1791314203.7309852,2544842,worker_2,W003,Resize,step_started,started,45.16129032258064,14,31
cp_tutorial_3d_monolayer,3,9,1791314203.7685454,2544838,worker_0,W001,Closing,pattern_group,running,100.0,1,1
cp_tutorial_3d_monolayer,3,9,1791314203.768741,2544838,worker_0,W001,Closing,step_completed,success,51.61290322580645,16,31
cp_tutorial_3d_monolayer,3,9,1791314203.7687647,2544838,worker_0,W001,Resize,step_started,started,51.61290322580645,16,31
cp_tutorial_3d_monolayer,3,9,1791314203.7964733,2544842,worker_2,W003,Resize,pattern_group,running,100.0,1,1
cp_tutorial_3d_monolayer,3,9,1791314203.7968338,2544842,worker_2,W003,Resize,step_completed,success,48.38709677419355,15,31
cp_tutorial_3d_monolayer,3,9,1791314203.7968624,2544842,worker_2,W003,Closing,step_started,started,48.38709677419355,15,31
cp_tutorial_3d_monolayer,3,9,1791314203.819149,2544838,worker_0,W001,Resize,pattern_group,running,100.0,1,1
cp_tutorial_3d_monolayer,3,9,1791314203.8193564,2544838,worker_0,W001,Resize,step_completed,success,54.83870967741935,17,31
cp_tutorial_3d_monolayer,3,9,1791314203.8193808,2544838,worker_0,W001,Threshold,step_started,started,54.83870967741935,17,31
cp_tutorial_3d_monolayer,3,9,1791314203.8861756,2544842,worker_2,W003,Closing,pattern_group,running,100.0,1,1
cp_tutorial_3d_monolayer,3,9,1791314203.886334,2544842,worker_2,W003,Closing,step_completed,success,51.61290322580645,16,31
cp_tutorial_3d_monolayer,3,9,1791314203.8863533,2544842,worker_2,W003,Resize,step_started,started,51.61290322580645,16,31
cp_tutorial_3d_monolayer,3,9,1791314203.9372385,2544842,worker_2,W003,Resize,pattern_group,running,100.0,1,1
cp_tutorial_3d_monolayer,3,9,1791314203.9374218,2544842,worker_2,W003,Resize,step_completed,success,54.83870967741935,17,31
cp_tutorial_3d_monolayer,3,9,1791314203.9374454,2544842,worker_2,W003,Threshold,step_started,started,54.83870967741935,17,31
cp_tutorial_3d_monolayer,3,9,1791314204.1399198,2544840,worker_1,W002,Threshold,pattern_group,running,100.0,1,1
cp_tutorial_3d_monolayer,3,9,1791314204.1401749,2544840,worker_1,W002,Threshold,step_completed,success,58.06451612903226,18,31
cp_tutorial_3d_monolayer,3,9,1791314204.1401935,2544840,worker_1,W002,MaskImage,step_started,started,58.06451612903226,18,31
cp_tutorial_3d_monolayer,3,9,1791314204.194032,2544840,worker_1,W002,MaskImage,pattern_group,running,100.0,1,1
cp_tutorial_3d_monolayer,3,9,1791314204.194229,2544840,worker_1,W002,MaskImage,step_completed,success,61.29032258064516,19,31
cp_tutorial_3d_monolayer,3,9,1791314204.1942494,2544840,worker_1,W002,ErodeImage,step_started,started,61.29032258064516,19,31
cp_tutorial_3d_monolayer,3,9,1791314204.2268455,2544840,worker_1,W002,ErodeImage,pattern_group,running,100.0,1,1
cp_tutorial_3d_monolayer,3,9,1791314204.2270076,2544840,worker_1,W002,ErodeImage,step_completed,success,64.51612903225806,20,31
cp_tutorial_3d_monolayer,3,9,1791314204.2270272,2544840,worker_1,W002,Watershed,step_started,started,64.51612903225806,20,31
cp_tutorial_3d_monolayer,3,9,1791314204.280491,2544838,worker_0,W001,Threshold,pattern_group,running,100.0,1,1
cp_tutorial_3d_monolayer,3,9,1791314204.2807612,2544838,worker_0,W001,Threshold,step_completed,success,58.06451612903226,18,31
cp_tutorial_3d_monolayer,3,9,1791314204.2807815,2544838,worker_0,W001,MaskImage,step_started,started,58.06451612903226,18,31
cp_tutorial_3d_monolayer,3,9,1791314204.3324587,2544838,worker_0,W001,MaskImage,pattern_group,running,100.0,1,1
cp_tutorial_3d_monolayer,3,9,1791314204.332609,2544838,worker_0,W001,MaskImage,step_completed,success,61.29032258064516,19,31
cp_tutorial_3d_monolayer,3,9,1791314204.3326285,2544838,worker_0,W001,ErodeImage,step_started,started,61.29032258064516,19,31
cp_tutorial_3d_monolayer,3,9,1791314204.3460987,2544842,worker_2,W003,Threshold,pattern_group,running,100.0,1,1
cp_tutorial_3d_monolayer,3,9,1791314204.3463817,2544842,worker_2,W003,Threshold,step_completed,success,58.06451612903226,18,31
cp_tutorial_3d_monolayer,3,9,1791314204.3464015,2544842,worker_2,W003,MaskImage,step_started,started,58.06451612903226,18,31
cp_tutorial_3d_monolayer,3,9,1791314204.3659773,2544838,worker_0,W001,ErodeImage,pattern_group,running,100.0,1,1
cp_tutorial_3d_monolayer,3,9,1791314204.36613,2544838,worker_0,W001,ErodeImage,step_completed,success,64.51612903225806,20,31
cp_tutorial_3d_monolayer,3,9,1791314204.3661501,2544838,worker_0,W001,Watershed,step_started,started,64.51612903225806,20,31
cp_tutorial_3d_monolayer,3,9,1791314204.3827953,2544840,worker_1,W002,Watershed,pattern_group,running,100.0,1,1
cp_tutorial_3d_monolayer,3,9,1791314204.3832,2544840,worker_1,W002,Watershed,step_completed,success,67.74193548387096,21,31
cp_tutorial_3d_monolayer,3,9,1791314204.3832214,2544840,worker_1,W002,MeasureObjectIntensity,step_started,started,67.74193548387096,21,31
cp_tutorial_3d_monolayer,3,9,1791314204.3994596,2544842,worker_2,W003,MaskImage,pattern_group,running,100.0,1,1
cp_tutorial_3d_monolayer,3,9,1791314204.3996334,2544842,worker_2,W003,MaskImage,step_completed,success,61.29032258064516,19,31
cp_tutorial_3d_monolayer,3,9,1791314204.399652,2544842,worker_2,W003,ErodeImage,step_started,started,61.29032258064516,19,31
cp_tutorial_3d_monolayer,3,9,1791314204.4320974,2544842,worker_2,W003,ErodeImage,pattern_group,running,100.0,1,1
cp_tutorial_3d_monolayer,3,9,1791314204.432307,2544842,worker_2,W003,ErodeImage,step_completed,success,64.51612903225806,20,31
cp_tutorial_3d_monolayer,3,9,1791314204.432333,2544842,worker_2,W003,Watershed,step_started,started,64.51612903225806,20,31
cp_tutorial_3d_monolayer,3,9,1791314204.5411878,2544838,worker_0,W001,Watershed,pattern_group,running,100.0,1,1
cp_tutorial_3d_monolayer,3,9,1791314204.5416481,2544838,worker_0,W001,Watershed,step_completed,success,67.74193548387096,21,31
cp_tutorial_3d_monolayer,3,9,1791314204.541672,2544838,worker_0,W001,MeasureObjectIntensity,step_started,started,67.74193548387096,21,31
cp_tutorial_3d_monolayer,3,9,1791314204.5674934,2544842,worker_2,W003,Watershed,pattern_group,running,100.0,1,1
cp_tutorial_3d_monolayer,3,9,1791314204.5679348,2544842,worker_2,W003,Watershed,step_completed,success,67.74193548387096,21,31
cp_tutorial_3d_monolayer,3,9,1791314204.5679584,2544842,worker_2,W003,MeasureObjectIntensity,step_started,started,67.74193548387096,21,31
cp_tutorial_3d_monolayer,3,9,1791314204.7024841,2544840,worker_1,W002,MeasureObjectIntensity,pattern_group,running,50.0,1,2
cp_tutorial_3d_monolayer,3,9,1791314204.9251623,2544838,worker_0,W001,MeasureObjectIntensity,pattern_group,running,50.0,1,2
cp_tutorial_3d_monolayer,3,9,1791314204.9960063,2544842,worker_2,W003,MeasureObjectIntensity,pattern_group,running,50.0,1,2
cp_tutorial_3d_monolayer,3,9,1791314205.1347117,2544840,worker_1,W002,MeasureObjectIntensity,pattern_group,running,100.0,2,2
cp_tutorial_3d_monolayer,3,9,1791314205.137185,2544840,worker_1,W002,MeasureObjectIntensity,step_completed,success,70.96774193548387,22,31
cp_tutorial_3d_monolayer,3,9,1791314205.1372151,2544840,worker_1,W002,MeasureObjectSizeShape,step_started,started,70.96774193548387,22,31
cp_tutorial_3d_monolayer,3,9,1791314205.2343464,2544840,worker_1,W002,MeasureObjectSizeShape,pattern_group,running,50.0,1,2
cp_tutorial_3d_monolayer,3,9,1791314205.330919,2544840,worker_1,W002,MeasureObjectSizeShape,pattern_group,running,100.0,2,2
cp_tutorial_3d_monolayer,3,9,1791314205.3315475,2544840,worker_1,W002,MeasureObjectSizeShape,step_completed,success,74.19354838709677,23,31
cp_tutorial_3d_monolayer,3,9,1791314205.3315694,2544840,worker_1,W002,OverlayObjects,step_started,started,74.19354838709677,23,31
cp_tutorial_3d_monolayer,3,9,1791314205.3376908,2544838,worker_0,W001,MeasureObjectIntensity,pattern_group,running,100.0,2,2
cp_tutorial_3d_monolayer,3,9,1791314205.3403134,2544838,worker_0,W001,MeasureObjectIntensity,step_completed,success,70.96774193548387,22,31
cp_tutorial_3d_monolayer,3,9,1791314205.3403482,2544838,worker_0,W001,MeasureObjectSizeShape,step_started,started,70.96774193548387,22,31
cp_tutorial_3d_monolayer,3,9,1791314205.3501372,2544842,worker_2,W003,MeasureObjectIntensity,pattern_group,running,100.0,2,2
cp_tutorial_3d_monolayer,3,9,1791314205.3528993,2544842,worker_2,W003,MeasureObjectIntensity,step_completed,success,70.96774193548387,22,31
cp_tutorial_3d_monolayer,3,9,1791314205.352969,2544842,worker_2,W003,MeasureObjectSizeShape,step_started,started,70.96774193548387,22,31
cp_tutorial_3d_monolayer,3,9,1791314205.3792427,2544840,worker_1,W002,OverlayObjects,pattern_group,running,100.0,1,1
cp_tutorial_3d_monolayer,3,9,1791314205.3794084,2544840,worker_1,W002,OverlayObjects,step_completed,success,77.41935483870968,24,31
cp_tutorial_3d_monolayer,3,9,1791314205.379429,2544840,worker_1,W002,RescaleIntensity,step_started,started,77.41935483870968,24,31
cp_tutorial_3d_monolayer,3,9,1791314205.4436576,2544838,worker_0,W001,MeasureObjectSizeShape,pattern_group,running,50.0,1,2
cp_tutorial_3d_monolayer,3,9,1791314205.4489083,2544842,worker_2,W003,MeasureObjectSizeShape,pattern_group,running,50.0,1,2
cp_tutorial_3d_monolayer,3,9,1791314205.473074,2544840,worker_1,W002,RescaleIntensity,pattern_group,running,100.0,1,1
cp_tutorial_3d_monolayer,3,9,1791314205.473216,2544840,worker_1,W002,RescaleIntensity,step_completed,success,80.64516129032258,25,31
cp_tutorial_3d_monolayer,3,9,1791314205.4732347,2544840,worker_1,W002,OverlayObjects,step_started,started,80.64516129032258,25,31
cp_tutorial_3d_monolayer,3,9,1791314205.5128443,2544840,worker_1,W002,OverlayObjects,pattern_group,running,100.0,1,1
cp_tutorial_3d_monolayer,3,9,1791314205.5129566,2544840,worker_1,W002,OverlayObjects,step_completed,success,83.87096774193549,26,31
cp_tutorial_3d_monolayer,3,9,1791314205.5129771,2544840,worker_1,W002,ConvertObjectsToImage,step_started,started,83.87096774193549,26,31
cp_tutorial_3d_monolayer,3,9,1791314205.5500407,2544838,worker_0,W001,MeasureObjectSizeShape,pattern_group,running,100.0,2,2
cp_tutorial_3d_monolayer,3,9,1791314205.550646,2544838,worker_0,W001,MeasureObjectSizeShape,step_completed,success,74.19354838709677,23,31
cp_tutorial_3d_monolayer,3,9,1791314205.5506675,2544838,worker_0,W001,OverlayObjects,step_started,started,74.19354838709677,23,31
cp_tutorial_3d_monolayer,3,9,1791314205.5505111,2544840,worker_1,W002,ConvertObjectsToImage,pattern_group,running,100.0,1,1
cp_tutorial_3d_monolayer,3,9,1791314205.5506809,2544840,worker_1,W002,ConvertObjectsToImage,step_completed,success,87.09677419354838,27,31
cp_tutorial_3d_monolayer,3,9,1791314205.5507014,2544840,worker_1,W002,SaveImages,step_started,started,87.09677419354838,27,31
cp_tutorial_3d_monolayer,3,9,1791314205.5557845,2544842,worker_2,W003,MeasureObjectSizeShape,pattern_group,running,100.0,2,2
cp_tutorial_3d_monolayer,3,9,1791314205.5564282,2544842,worker_2,W003,MeasureObjectSizeShape,step_completed,success,74.19354838709677,23,31
cp_tutorial_3d_monolayer,3,9,1791314205.5564504,2544842,worker_2,W003,OverlayObjects,step_started,started,74.19354838709677,23,31
cp_tutorial_3d_monolayer,3,9,1791314205.599659,2544838,worker_0,W001,OverlayObjects,pattern_group,running,100.0,1,1
cp_tutorial_3d_monolayer,3,9,1791314205.5997863,2544838,worker_0,W001,OverlayObjects,step_completed,success,77.41935483870968,24,31
cp_tutorial_3d_monolayer,3,9,1791314205.599806,2544838,worker_0,W001,RescaleIntensity,step_started,started,77.41935483870968,24,31
cp_tutorial_3d_monolayer,3,9,1791314205.602616,2544842,worker_2,W003,OverlayObjects,pattern_group,running,100.0,1,1
cp_tutorial_3d_monolayer,3,9,1791314205.6027267,2544842,worker_2,W003,OverlayObjects,step_completed,success,77.41935483870968,24,31
cp_tutorial_3d_monolayer,3,9,1791314205.602747,2544842,worker_2,W003,RescaleIntensity,step_started,started,77.41935483870968,24,31
cp_tutorial_3d_monolayer,3,9,1791314205.6054158,2544840,worker_1,W002,SaveImages,pattern_group,running,100.0,1,1
cp_tutorial_3d_monolayer,3,9,1791314205.6232803,2544840,worker_1,W002,SaveImages,step_completed,success,90.32258064516128,28,31
cp_tutorial_3d_monolayer,3,9,1791314205.6233332,2544840,worker_1,W002,ConvertObjectsToImage,step_started,started,90.32258064516128,28,31
cp_tutorial_3d_monolayer,3,9,1791314205.6999576,2544838,worker_0,W001,RescaleIntensity,pattern_group,running,100.0,1,1
cp_tutorial_3d_monolayer,3,9,1791314205.7001278,2544838,worker_0,W001,RescaleIntensity,step_completed,success,80.64516129032258,25,31
cp_tutorial_3d_monolayer,3,9,1791314205.70015,2544838,worker_0,W001,OverlayObjects,step_started,started,80.64516129032258,25,31
cp_tutorial_3d_monolayer,3,9,1791314205.7025738,2544842,worker_2,W003,RescaleIntensity,pattern_group,running,100.0,1,1
cp_tutorial_3d_monolayer,3,9,1791314205.7027402,2544842,worker_2,W003,RescaleIntensity,step_completed,success,80.64516129032258,25,31
cp_tutorial_3d_monolayer,3,9,1791314205.7027605,2544842,worker_2,W003,OverlayObjects,step_started,started,80.64516129032258,25,31
cp_tutorial_3d_monolayer,3,9,1791314205.7469108,2544838,worker_0,W001,OverlayObjects,pattern_group,running,100.0,1,1
cp_tutorial_3d_monolayer,3,9,1791314205.747026,2544838,worker_0,W001,OverlayObjects,step_completed,success,83.87096774193549,26,31
cp_tutorial_3d_monolayer,3,9,1791314205.7470472,2544838,worker_0,W001,ConvertObjectsToImage,step_started,started,83.87096774193549,26,31
cp_tutorial_3d_monolayer,3,9,1791314205.748829,2544842,worker_2,W003,OverlayObjects,pattern_group,running,100.0,1,1
cp_tutorial_3d_monolayer,3,9,1791314205.7489915,2544842,worker_2,W003,OverlayObjects,step_completed,success,83.87096774193549,26,31
cp_tutorial_3d_monolayer,3,9,1791314205.7490191,2544842,worker_2,W003,ConvertObjectsToImage,step_started,started,83.87096774193549,26,31
cp_tutorial_3d_monolayer,3,9,1791314205.7497478,2544840,worker_1,W002,ConvertObjectsToImage,pattern_group,running,100.0,1,1
cp_tutorial_3d_monolayer,3,9,1791314205.749935,2544840,worker_1,W002,ConvertObjectsToImage,step_completed,success,93.54838709677419,29,31
cp_tutorial_3d_monolayer,3,9,1791314205.7499566,2544840,worker_1,W002,SaveImages,step_started,started,93.54838709677419,29,31
cp_tutorial_3d_monolayer,3,9,1791314205.799511,2544838,worker_0,W001,ConvertObjectsToImage,pattern_group,running,100.0,1,1
cp_tutorial_3d_monolayer,3,9,1791314205.7996743,2544838,worker_0,W001,ConvertObjectsToImage,step_completed,success,87.09677419354838,27,31
cp_tutorial_3d_monolayer,3,9,1791314205.799703,2544838,worker_0,W001,SaveImages,step_started,started,87.09677419354838,27,31
cp_tutorial_3d_monolayer,3,9,1791314205.8017247,2544842,worker_2,W003,ConvertObjectsToImage,pattern_group,running,100.0,1,1
cp_tutorial_3d_monolayer,3,9,1791314205.8018868,2544842,worker_2,W003,ConvertObjectsToImage,step_completed,success,87.09677419354838,27,31
cp_tutorial_3d_monolayer,3,9,1791314205.8019083,2544842,worker_2,W003,SaveImages,step_started,started,87.09677419354838,27,31
cp_tutorial_3d_monolayer,3,9,1791314205.8089774,2544840,worker_1,W002,SaveImages,pattern_group,running,100.0,1,1
cp_tutorial_3d_monolayer,3,9,1791314205.8291886,2544840,worker_1,W002,SaveImages,step_completed,success,96.7741935483871,30,31
cp_tutorial_3d_monolayer,3,9,1791314205.8430657,2544840,worker_1,W002,pipeline,axis_completed,success,96.7741935483871,30,31
cp_tutorial_3d_monolayer,3,9,1791314205.8431685,2544840,worker_1,W005,pipeline,axis_started,started,0.0,0,31
cp_tutorial_3d_monolayer,3,9,1791314205.843212,2544840,worker_1,W005,RescaleIntensity,step_started,started,0.0,0,31
cp_tutorial_3d_monolayer,3,9,1791314205.8550198,2544842,worker_2,W003,SaveImages,pattern_group,running,100.0,1,1
cp_tutorial_3d_monolayer,3,9,1791314205.8548641,2544838,worker_0,W001,SaveImages,pattern_group,running,100.0,1,1
cp_tutorial_3d_monolayer,3,9,1791314205.8637145,2544842,worker_2,W003,SaveImages,step_completed,success,90.32258064516128,28,31
cp_tutorial_3d_monolayer,3,9,1791314205.8637605,2544842,worker_2,W003,ConvertObjectsToImage,step_started,started,90.32258064516128,28,31
cp_tutorial_3d_monolayer,3,9,1791314205.8640158,2544838,worker_0,W001,SaveImages,step_completed,success,90.32258064516128,28,31
cp_tutorial_3d_monolayer,3,9,1791314205.8640637,2544838,worker_0,W001,ConvertObjectsToImage,step_started,started,90.32258064516128,28,31
cp_tutorial_3d_monolayer,3,9,1791314205.9038212,2544838,worker_0,W001,ConvertObjectsToImage,pattern_group,running,100.0,1,1
cp_tutorial_3d_monolayer,3,9,1791314205.9036365,2544842,worker_2,W003,ConvertObjectsToImage,pattern_group,running,100.0,1,1
cp_tutorial_3d_monolayer,3,9,1791314205.904012,2544842,worker_2,W003,ConvertObjectsToImage,step_completed,success,93.54838709677419,29,31
cp_tutorial_3d_monolayer,3,9,1791314205.9040341,2544842,worker_2,W003,SaveImages,step_started,started,93.54838709677419,29,31
cp_tutorial_3d_monolayer,3,9,1791314205.9040043,2544838,worker_0,W001,ConvertObjectsToImage,step_completed,success,93.54838709677419,29,31
cp_tutorial_3d_monolayer,3,9,1791314205.904025,2544838,worker_0,W001,SaveImages,step_started,started,93.54838709677419,29,31
cp_tutorial_3d_monolayer,3,9,1791314205.9578178,2544842,worker_2,W003,SaveImages,pattern_group,running,100.0,1,1
cp_tutorial_3d_monolayer,3,9,1791314205.9574666,2544838,worker_0,W001,SaveImages,pattern_group,running,100.0,1,1
cp_tutorial_3d_monolayer,3,9,1791314205.9650338,2544838,worker_0,W001,SaveImages,step_completed,success,96.7741935483871,30,31
cp_tutorial_3d_monolayer,3,9,1791314205.964832,2544842,worker_2,W003,SaveImages,step_completed,success,96.7741935483871,30,31
cp_tutorial_3d_monolayer,3,9,1791314205.9798687,2544842,worker_2,W003,pipeline,axis_completed,success,96.7741935483871,30,31
cp_tutorial_3d_monolayer,3,9,1791314205.9799683,2544842,worker_2,W006,pipeline,axis_started,started,0.0,0,31
cp_tutorial_3d_monolayer,3,9,1791314205.9800115,2544842,worker_2,W006,RescaleIntensity,step_started,started,0.0,0,31
cp_tutorial_3d_monolayer,3,9,1791314205.9795997,2544838,worker_0,W001,pipeline,axis_completed,success,96.7741935483871,30,31
cp_tutorial_3d_monolayer,3,9,1791314205.9797099,2544838,worker_0,W004,pipeline,axis_started,started,0.0,0,31
cp_tutorial_3d_monolayer,3,9,1791314205.9797583,2544838,worker_0,W004,RescaleIntensity,step_started,started,0.0,0,31
cp_tutorial_3d_monolayer,3,9,1791314206.099721,2544840,worker_1,W005,RescaleIntensity,pattern_group,running,100.0,1,1
cp_tutorial_3d_monolayer,3,9,1791314206.0999098,2544840,worker_1,W005,RescaleIntensity,step_completed,success,3.225806451612903,1,31
cp_tutorial_3d_monolayer,3,9,1791314206.0999353,2544840,worker_1,W005,Resize,step_started,started,3.225806451612903,1,31
cp_tutorial_3d_monolayer,3,9,1791314206.1569571,2544840,worker_1,W005,Resize,pattern_group,running,100.0,1,1
cp_tutorial_3d_monolayer,3,9,1791314206.157103,2544840,worker_1,W005,Resize,step_completed,success,6.451612903225806,2,31
cp_tutorial_3d_monolayer,3,9,1791314206.157122,2544840,worker_1,W005,MedianFilter,step_started,started,6.451612903225806,2,31
cp_tutorial_3d_monolayer,3,9,1791314206.209287,2544838,worker_0,W004,RescaleIntensity,pattern_group,running,100.0,1,1
cp_tutorial_3d_monolayer,3,9,1791314206.2094407,2544838,worker_0,W004,RescaleIntensity,step_completed,success,3.225806451612903,1,31
cp_tutorial_3d_monolayer,3,9,1791314206.2094603,2544838,worker_0,W004,Resize,step_started,started,3.225806451612903,1,31
cp_tutorial_3d_monolayer,3,9,1791314206.2140837,2544842,worker_2,W006,RescaleIntensity,pattern_group,running,100.0,1,1
cp_tutorial_3d_monolayer,3,9,1791314206.2142653,2544842,worker_2,W006,RescaleIntensity,step_completed,success,3.225806451612903,1,31
cp_tutorial_3d_monolayer,3,9,1791314206.2142925,2544842,worker_2,W006,Resize,step_started,started,3.225806451612903,1,31
cp_tutorial_3d_monolayer,3,9,1791314206.266898,2544838,worker_0,W004,Resize,pattern_group,running,100.0,1,1
cp_tutorial_3d_monolayer,3,9,1791314206.2670484,2544838,worker_0,W004,Resize,step_completed,success,6.451612903225806,2,31
cp_tutorial_3d_monolayer,3,9,1791314206.2670674,2544838,worker_0,W004,MedianFilter,step_started,started,6.451612903225806,2,31
cp_tutorial_3d_monolayer,3,9,1791314206.271369,2544842,worker_2,W006,Resize,pattern_group,running,100.0,1,1
cp_tutorial_3d_monolayer,3,9,1791314206.2715209,2544842,worker_2,W006,Resize,step_completed,success,6.451612903225806,2,31
cp_tutorial_3d_monolayer,3,9,1791314206.2715397,2544842,worker_2,W006,MedianFilter,step_started,started,6.451612903225806,2,31
cp_tutorial_3d_monolayer,3,9,1791314206.323446,2544840,worker_1,W005,MedianFilter,pattern_group,running,100.0,1,1
cp_tutorial_3d_monolayer,3,9,1791314206.3235803,2544840,worker_1,W005,MedianFilter,step_completed,success,9.67741935483871,3,31
cp_tutorial_3d_monolayer,3,9,1791314206.3235986,2544840,worker_1,W005,Threshold,step_started,started,9.67741935483871,3,31
cp_tutorial_3d_monolayer,3,9,1791314206.3603916,2544840,worker_1,W005,Threshold,pattern_group,running,100.0,1,1
cp_tutorial_3d_monolayer,3,9,1791314206.3606572,2544840,worker_1,W005,Threshold,step_completed,success,12.903225806451612,4,31
cp_tutorial_3d_monolayer,3,9,1791314206.3606791,2544840,worker_1,W005,RemoveHoles,step_started,started,12.903225806451612,4,31
cp_tutorial_3d_monolayer,3,9,1791314206.3769295,2544840,worker_1,W005,RemoveHoles,pattern_group,running,100.0,1,1
cp_tutorial_3d_monolayer,3,9,1791314206.377081,2544840,worker_1,W005,RemoveHoles,step_completed,success,16.129032258064516,5,31
cp_tutorial_3d_monolayer,3,9,1791314206.3770998,2544840,worker_1,W005,Watershed,step_started,started,16.129032258064516,5,31
cp_tutorial_3d_monolayer,3,9,1791314206.4329364,2544838,worker_0,W004,MedianFilter,pattern_group,running,100.0,1,1
cp_tutorial_3d_monolayer,3,9,1791314206.4330852,2544838,worker_0,W004,MedianFilter,step_completed,success,9.67741935483871,3,31
cp_tutorial_3d_monolayer,3,9,1791314206.4331038,2544838,worker_0,W004,Threshold,step_started,started,9.67741935483871,3,31
cp_tutorial_3d_monolayer,3,9,1791314206.437312,2544842,worker_2,W006,MedianFilter,pattern_group,running,100.0,1,1
cp_tutorial_3d_monolayer,3,9,1791314206.4374588,2544842,worker_2,W006,MedianFilter,step_completed,success,9.67741935483871,3,31
cp_tutorial_3d_monolayer,3,9,1791314206.437478,2544842,worker_2,W006,Threshold,step_started,started,9.67741935483871,3,31
cp_tutorial_3d_monolayer,3,9,1791314206.4664307,2544840,worker_1,W005,Watershed,pattern_group,running,100.0,1,1
cp_tutorial_3d_monolayer,3,9,1791314206.4668236,2544840,worker_1,W005,Watershed,step_completed,success,19.35483870967742,6,31
cp_tutorial_3d_monolayer,3,9,1791314206.466844,2544840,worker_1,W005,ResizeObjects,step_started,started,19.35483870967742,6,31
cp_tutorial_3d_monolayer,3,9,1791314206.471576,2544838,worker_0,W004,Threshold,pattern_group,running,100.0,1,1
cp_tutorial_3d_monolayer,3,9,1791314206.4719594,2544838,worker_0,W004,Threshold,step_completed,success,12.903225806451612,4,31
cp_tutorial_3d_monolayer,3,9,1791314206.471988,2544838,worker_0,W004,RemoveHoles,step_started,started,12.903225806451612,4,31
cp_tutorial_3d_monolayer,3,9,1791314206.4774055,2544842,worker_2,W006,Threshold,pattern_group,running,100.0,1,1
cp_tutorial_3d_monolayer,3,9,1791314206.4777076,2544842,worker_2,W006,Threshold,step_completed,success,12.903225806451612,4,31
cp_tutorial_3d_monolayer,3,9,1791314206.4777286,2544842,worker_2,W006,RemoveHoles,step_started,started,12.903225806451612,4,31
cp_tutorial_3d_monolayer,3,9,1791314206.4906693,2544838,worker_0,W004,RemoveHoles,pattern_group,running,100.0,1,1
cp_tutorial_3d_monolayer,3,9,1791314206.4908473,2544838,worker_0,W004,RemoveHoles,step_completed,success,16.129032258064516,5,31
cp_tutorial_3d_monolayer,3,9,1791314206.4908674,2544838,worker_0,W004,Watershed,step_started,started,16.129032258064516,5,31
cp_tutorial_3d_monolayer,3,9,1791314206.496678,2544842,worker_2,W006,RemoveHoles,pattern_group,running,100.0,1,1
cp_tutorial_3d_monolayer,3,9,1791314206.4968398,2544842,worker_2,W006,RemoveHoles,step_completed,success,16.129032258064516,5,31
cp_tutorial_3d_monolayer,3,9,1791314206.4968588,2544842,worker_2,W006,Watershed,step_started,started,16.129032258064516,5,31
cp_tutorial_3d_monolayer,3,9,1791314206.499158,2544840,worker_1,W005,ResizeObjects,pattern_group,running,100.0,1,1
cp_tutorial_3d_monolayer,3,9,1791314206.4996457,2544840,worker_1,W005,ResizeObjects,step_completed,success,22.58064516129032,7,31
cp_tutorial_3d_monolayer,3,9,1791314206.4996667,2544840,worker_1,W005,ErodeObjects,step_started,started,22.58064516129032,7,31
cp_tutorial_3d_monolayer,3,9,1791314206.557947,2544840,worker_1,W005,ErodeObjects,pattern_group,running,100.0,1,1
cp_tutorial_3d_monolayer,3,9,1791314206.5584254,2544840,worker_1,W005,ErodeObjects,step_completed,success,25.806451612903224,8,31
cp_tutorial_3d_monolayer,3,9,1791314206.5584474,2544840,worker_1,W005,ResizeObjects,step_started,started,25.806451612903224,8,31
cp_tutorial_3d_monolayer,3,9,1791314206.5864573,2544838,worker_0,W004,Watershed,pattern_group,running,100.0,1,1
cp_tutorial_3d_monolayer,3,9,1791314206.5881596,2544842,worker_2,W006,Watershed,pattern_group,running,100.0,1,1
cp_tutorial_3d_monolayer,3,9,1791314206.5885978,2544842,worker_2,W006,Watershed,step_completed,success,19.35483870967742,6,31
cp_tutorial_3d_monolayer,3,9,1791314206.5869534,2544838,worker_0,W004,Watershed,step_completed,success,19.35483870967742,6,31
cp_tutorial_3d_monolayer,3,9,1791314206.5869834,2544838,worker_0,W004,ResizeObjects,step_started,started,19.35483870967742,6,31
cp_tutorial_3d_monolayer,3,9,1791314206.5886233,2544842,worker_2,W006,ResizeObjects,step_started,started,19.35483870967742,6,31
cp_tutorial_3d_monolayer,3,9,1791314206.589492,2544840,worker_1,W005,ResizeObjects,pattern_group,running,100.0,1,1
cp_tutorial_3d_monolayer,3,9,1791314206.590036,2544840,worker_1,W005,ResizeObjects,step_completed,success,29.03225806451613,9,31
cp_tutorial_3d_monolayer,3,9,1791314206.5900736,2544840,worker_1,W005,ConvertObjectsToImage,step_started,started,29.03225806451613,9,31
cp_tutorial_3d_monolayer,3,9,1791314206.6208556,2544840,worker_1,W005,ConvertObjectsToImage,pattern_group,running,100.0,1,1
cp_tutorial_3d_monolayer,3,9,1791314206.6210227,2544840,worker_1,W005,ConvertObjectsToImage,step_completed,success,32.25806451612903,10,31
cp_tutorial_3d_monolayer,3,9,1791314206.6210432,2544840,worker_1,W005,Threshold,step_started,started,32.25806451612903,10,31
cp_tutorial_3d_monolayer,3,9,1791314206.623725,2544838,worker_0,W004,ResizeObjects,pattern_group,running,100.0,1,1
cp_tutorial_3d_monolayer,3,9,1791314206.6242254,2544838,worker_0,W004,ResizeObjects,step_completed,success,22.58064516129032,7,31
cp_tutorial_3d_monolayer,3,9,1791314206.6242497,2544838,worker_0,W004,ErodeObjects,step_started,started,22.58064516129032,7,31
cp_tutorial_3d_monolayer,3,9,1791314206.629539,2544842,worker_2,W006,ResizeObjects,pattern_group,running,100.0,1,1
cp_tutorial_3d_monolayer,3,9,1791314206.630069,2544842,worker_2,W006,ResizeObjects,step_completed,success,22.58064516129032,7,31
cp_tutorial_3d_monolayer,3,9,1791314206.6300979,2544842,worker_2,W006,ErodeObjects,step_started,started,22.58064516129032,7,31
cp_tutorial_3d_monolayer,3,9,1791314206.681747,2544838,worker_0,W004,ErodeObjects,pattern_group,running,100.0,1,1
cp_tutorial_3d_monolayer,3,9,1791314206.68223,2544838,worker_0,W004,ErodeObjects,step_completed,success,25.806451612903224,8,31
cp_tutorial_3d_monolayer,3,9,1791314206.6822517,2544838,worker_0,W004,ResizeObjects,step_started,started,25.806451612903224,8,31
cp_tutorial_3d_monolayer,3,9,1791314206.6873622,2544842,worker_2,W006,ErodeObjects,pattern_group,running,100.0,1,1
cp_tutorial_3d_monolayer,3,9,1791314206.6879027,2544842,worker_2,W006,ErodeObjects,step_completed,success,25.806451612903224,8,31
cp_tutorial_3d_monolayer,3,9,1791314206.6879342,2544842,worker_2,W006,ResizeObjects,step_started,started,25.806451612903224,8,31
cp_tutorial_3d_monolayer,3,9,1791314206.71399,2544838,worker_0,W004,ResizeObjects,pattern_group,running,100.0,1,1
cp_tutorial_3d_monolayer,3,9,1791314206.7144885,2544838,worker_0,W004,ResizeObjects,step_completed,success,29.03225806451613,9,31
cp_tutorial_3d_monolayer,3,9,1791314206.7145112,2544838,worker_0,W004,ConvertObjectsToImage,step_started,started,29.03225806451613,9,31
cp_tutorial_3d_monolayer,3,9,1791314206.758537,2544842,worker_2,W006,ResizeObjects,pattern_group,running,100.0,1,1
cp_tutorial_3d_monolayer,3,9,1791314206.7590487,2544842,worker_2,W006,ResizeObjects,step_completed,success,29.03225806451613,9,31
cp_tutorial_3d_monolayer,3,9,1791314206.7590716,2544842,worker_2,W006,ConvertObjectsToImage,step_started,started,29.03225806451613,9,31
cp_tutorial_3d_monolayer,3,9,1791314206.788393,2544838,worker_0,W004,ConvertObjectsToImage,pattern_group,running,100.0,1,1
cp_tutorial_3d_monolayer,3,9,1791314206.7886076,2544838,worker_0,W004,ConvertObjectsToImage,step_completed,success,32.25806451612903,10,31
cp_tutorial_3d_monolayer,3,9,1791314206.7886324,2544838,worker_0,W004,Threshold,step_started,started,32.25806451612903,10,31
cp_tutorial_3d_monolayer,3,9,1791314206.7967286,2544842,worker_2,W006,ConvertObjectsToImage,pattern_group,running,100.0,1,1
cp_tutorial_3d_monolayer,3,9,1791314206.7968779,2544842,worker_2,W006,ConvertObjectsToImage,step_completed,success,32.25806451612903,10,31
cp_tutorial_3d_monolayer,3,9,1791314206.7968976,2544842,worker_2,W006,Threshold,step_started,started,32.25806451612903,10,31
cp_tutorial_3d_monolayer,3,9,1791314206.8890204,2544840,worker_1,W005,Threshold,pattern_group,running,100.0,1,1
cp_tutorial_3d_monolayer,3,9,1791314206.8892941,2544840,worker_1,W005,Threshold,step_completed,success,35.483870967741936,11,31
cp_tutorial_3d_monolayer,3,9,1791314206.8893135,2544840,worker_1,W005,ImageMath,step_started,started,35.483870967741936,11,31
cp_tutorial_3d_monolayer,3,9,1791314206.9223928,2544840,worker_1,W005,ImageMath,pattern_group,running,100.0,1,1
cp_tutorial_3d_monolayer,3,9,1791314206.922546,2544840,worker_1,W005,ImageMath,step_completed,success,38.70967741935484,12,31
cp_tutorial_3d_monolayer,3,9,1791314206.9225655,2544840,worker_1,W005,RemoveHoles,step_started,started,38.70967741935484,12,31
cp_tutorial_3d_monolayer,3,9,1791314207.0038507,2544840,worker_1,W005,RemoveHoles,pattern_group,running,100.0,1,1
cp_tutorial_3d_monolayer,3,9,1791314207.0040076,2544840,worker_1,W005,RemoveHoles,step_completed,success,41.935483870967744,13,31
cp_tutorial_3d_monolayer,3,9,1791314207.0040264,2544840,worker_1,W005,ImageMath,step_started,started,41.935483870967744,13,31
cp_tutorial_3d_monolayer,3,9,1791314207.0435796,2544838,worker_0,W004,Threshold,pattern_group,running,100.0,1,1
cp_tutorial_3d_monolayer,3,9,1791314207.0438411,2544838,worker_0,W004,Threshold,step_completed,success,35.483870967741936,11,31
cp_tutorial_3d_monolayer,3,9,1791314207.0438619,2544838,worker_0,W004,ImageMath,step_started,started,35.483870967741936,11,31
cp_tutorial_3d_monolayer,3,9,1791314207.0543754,2544842,worker_2,W006,Threshold,pattern_group,running,100.0,1,1
cp_tutorial_3d_monolayer,3,9,1791314207.0546474,2544842,worker_2,W006,Threshold,step_completed,success,35.483870967741936,11,31
cp_tutorial_3d_monolayer,3,9,1791314207.054668,2544842,worker_2,W006,ImageMath,step_started,started,35.483870967741936,11,31
cp_tutorial_3d_monolayer,3,9,1791314207.0771456,2544838,worker_0,W004,ImageMath,pattern_group,running,100.0,1,1
cp_tutorial_3d_monolayer,3,9,1791314207.0773108,2544838,worker_0,W004,ImageMath,step_completed,success,38.70967741935484,12,31
cp_tutorial_3d_monolayer,3,9,1791314207.0773304,2544838,worker_0,W004,RemoveHoles,step_started,started,38.70967741935484,12,31
cp_tutorial_3d_monolayer,3,9,1791314207.0910182,2544842,worker_2,W006,ImageMath,pattern_group,running,100.0,1,1
cp_tutorial_3d_monolayer,3,9,1791314207.091175,2544842,worker_2,W006,ImageMath,step_completed,success,38.70967741935484,12,31
cp_tutorial_3d_monolayer,3,9,1791314207.0911942,2544842,worker_2,W006,RemoveHoles,step_started,started,38.70967741935484,12,31
cp_tutorial_3d_monolayer,3,9,1791314207.1541612,2544838,worker_0,W004,RemoveHoles,pattern_group,running,100.0,1,1
cp_tutorial_3d_monolayer,3,9,1791314207.154369,2544838,worker_0,W004,RemoveHoles,step_completed,success,41.935483870967744,13,31
cp_tutorial_3d_monolayer,3,9,1791314207.154392,2544838,worker_0,W004,ImageMath,step_started,started,41.935483870967744,13,31
cp_tutorial_3d_monolayer,3,9,1791314207.1705093,2544842,worker_2,W006,RemoveHoles,pattern_group,running,100.0,1,1
cp_tutorial_3d_monolayer,3,9,1791314207.1706724,2544842,worker_2,W006,RemoveHoles,step_completed,success,41.935483870967744,13,31
cp_tutorial_3d_monolayer,3,9,1791314207.1706946,2544842,worker_2,W006,ImageMath,step_started,started,41.935483870967744,13,31
cp_tutorial_3d_monolayer,3,9,1791314207.4309149,2544840,worker_1,W005,ImageMath,pattern_group,running,100.0,1,1
cp_tutorial_3d_monolayer,3,9,1791314207.431111,2544840,worker_1,W005,ImageMath,step_completed,success,45.16129032258064,14,31
cp_tutorial_3d_monolayer,3,9,1791314207.431135,2544840,worker_1,W005,Resize,step_started,started,45.16129032258064,14,31
cp_tutorial_3d_monolayer,3,9,1791314207.4928985,2544842,worker_2,W006,ImageMath,pattern_group,running,100.0,1,1
cp_tutorial_3d_monolayer,3,9,1791314207.4930615,2544842,worker_2,W006,ImageMath,step_completed,success,45.16129032258064,14,31
cp_tutorial_3d_monolayer,3,9,1791314207.4930818,2544842,worker_2,W006,Resize,step_started,started,45.16129032258064,14,31
cp_tutorial_3d_monolayer,3,9,1791314207.4975324,2544840,worker_1,W005,Resize,pattern_group,running,100.0,1,1
cp_tutorial_3d_monolayer,3,9,1791314207.497684,2544840,worker_1,W005,Resize,step_completed,success,48.38709677419355,15,31
cp_tutorial_3d_monolayer,3,9,1791314207.4977033,2544840,worker_1,W005,Closing,step_started,started,48.38709677419355,15,31
cp_tutorial_3d_monolayer,3,9,1791314207.527163,2544838,worker_0,W004,ImageMath,pattern_group,running,100.0,1,1
cp_tutorial_3d_monolayer,3,9,1791314207.5273395,2544838,worker_0,W004,ImageMath,step_completed,success,45.16129032258064,14,31
cp_tutorial_3d_monolayer,3,9,1791314207.5273588,2544838,worker_0,W004,Resize,step_started,started,45.16129032258064,14,31
cp_tutorial_3d_monolayer,3,9,1791314207.5566423,2544842,worker_2,W006,Resize,pattern_group,running,100.0,1,1
cp_tutorial_3d_monolayer,3,9,1791314207.5568023,2544842,worker_2,W006,Resize,step_completed,success,48.38709677419355,15,31
cp_tutorial_3d_monolayer,3,9,1791314207.5568216,2544842,worker_2,W006,Closing,step_started,started,48.38709677419355,15,31
cp_tutorial_3d_monolayer,3,9,1791314207.5851955,2544840,worker_1,W005,Closing,pattern_group,running,100.0,1,1
cp_tutorial_3d_monolayer,3,9,1791314207.5853527,2544840,worker_1,W005,Closing,step_completed,success,51.61290322580645,16,31
cp_tutorial_3d_monolayer,3,9,1791314207.5853722,2544840,worker_1,W005,Resize,step_started,started,51.61290322580645,16,31
cp_tutorial_3d_monolayer,3,9,1791314207.5913193,2544838,worker_0,W004,Resize,pattern_group,running,100.0,1,1
cp_tutorial_3d_monolayer,3,9,1791314207.5914762,2544838,worker_0,W004,Resize,step_completed,success,48.38709677419355,15,31
cp_tutorial_3d_monolayer,3,9,1791314207.5914953,2544838,worker_0,W004,Closing,step_started,started,48.38709677419355,15,31
cp_tutorial_3d_monolayer,3,9,1791314207.6385849,2544840,worker_1,W005,Resize,pattern_group,running,100.0,1,1
cp_tutorial_3d_monolayer,3,9,1791314207.6387293,2544840,worker_1,W005,Resize,step_completed,success,54.83870967741935,17,31
cp_tutorial_3d_monolayer,3,9,1791314207.6387486,2544840,worker_1,W005,Threshold,step_started,started,54.83870967741935,17,31
cp_tutorial_3d_monolayer,3,9,1791314207.63957,2544842,worker_2,W006,Closing,pattern_group,running,100.0,1,1
cp_tutorial_3d_monolayer,3,9,1791314207.6398625,2544842,worker_2,W006,Closing,step_completed,success,51.61290322580645,16,31
cp_tutorial_3d_monolayer,3,9,1791314207.6399083,2544842,worker_2,W006,Resize,step_started,started,51.61290322580645,16,31
cp_tutorial_3d_monolayer,3,9,1791314207.6762092,2544838,worker_0,W004,Closing,pattern_group,running,100.0,1,1
cp_tutorial_3d_monolayer,3,9,1791314207.6763935,2544838,worker_0,W004,Closing,step_completed,success,51.61290322580645,16,31
cp_tutorial_3d_monolayer,3,9,1791314207.6764143,2544838,worker_0,W004,Resize,step_started,started,51.61290322580645,16,31
cp_tutorial_3d_monolayer,3,9,1791314207.6905887,2544842,worker_2,W006,Resize,pattern_group,running,100.0,1,1
cp_tutorial_3d_monolayer,3,9,1791314207.6907468,2544842,worker_2,W006,Resize,step_completed,success,54.83870967741935,17,31
cp_tutorial_3d_monolayer,3,9,1791314207.6907656,2544842,worker_2,W006,Threshold,step_started,started,54.83870967741935,17,31
cp_tutorial_3d_monolayer,3,9,1791314207.728965,2544838,worker_0,W004,Resize,pattern_group,running,100.0,1,1
cp_tutorial_3d_monolayer,3,9,1791314207.729147,2544838,worker_0,W004,Resize,step_completed,success,54.83870967741935,17,31
cp_tutorial_3d_monolayer,3,9,1791314207.7291696,2544838,worker_0,W004,Threshold,step_started,started,54.83870967741935,17,31
cp_tutorial_3d_monolayer,3,9,1791314208.0442152,2544840,worker_1,W005,Threshold,pattern_group,running,100.0,1,1
cp_tutorial_3d_monolayer,3,9,1791314208.0444717,2544840,worker_1,W005,Threshold,step_completed,success,58.06451612903226,18,31
cp_tutorial_3d_monolayer,3,9,1791314208.0444908,2544840,worker_1,W005,MaskImage,step_started,started,58.06451612903226,18,31
cp_tutorial_3d_monolayer,3,9,1791314208.0911317,2544840,worker_1,W005,MaskImage,pattern_group,running,100.0,1,1
cp_tutorial_3d_monolayer,3,9,1791314208.0913496,2544840,worker_1,W005,MaskImage,step_completed,success,61.29032258064516,19,31
cp_tutorial_3d_monolayer,3,9,1791314208.0913732,2544840,worker_1,W005,ErodeImage,step_started,started,61.29032258064516,19,31
cp_tutorial_3d_monolayer,3,9,1791314208.0985548,2544842,worker_2,W006,Threshold,pattern_group,running,100.0,1,1
cp_tutorial_3d_monolayer,3,9,1791314208.0988812,2544842,worker_2,W006,Threshold,step_completed,success,58.06451612903226,18,31
cp_tutorial_3d_monolayer,3,9,1791314208.0989113,2544842,worker_2,W006,MaskImage,step_started,started,58.06451612903226,18,31
cp_tutorial_3d_monolayer,3,9,1791314208.1237473,2544840,worker_1,W005,ErodeImage,pattern_group,running,100.0,1,1
cp_tutorial_3d_monolayer,3,9,1791314208.123905,2544840,worker_1,W005,ErodeImage,step_completed,success,64.51612903225806,20,31
cp_tutorial_3d_monolayer,3,9,1791314208.1239235,2544840,worker_1,W005,Watershed,step_started,started,64.51612903225806,20,31
cp_tutorial_3d_monolayer,3,9,1791314208.1481695,2544842,worker_2,W006,MaskImage,pattern_group,running,100.0,1,1
cp_tutorial_3d_monolayer,3,9,1791314208.1483424,2544842,worker_2,W006,MaskImage,step_completed,success,61.29032258064516,19,31
cp_tutorial_3d_monolayer,3,9,1791314208.1483622,2544842,worker_2,W006,ErodeImage,step_started,started,61.29032258064516,19,31
cp_tutorial_3d_monolayer,3,9,1791314208.180551,2544842,worker_2,W006,ErodeImage,pattern_group,running,100.0,1,1
cp_tutorial_3d_monolayer,3,9,1791314208.1807356,2544842,worker_2,W006,ErodeImage,step_completed,success,64.51612903225806,20,31
cp_tutorial_3d_monolayer,3,9,1791314208.1807559,2544842,worker_2,W006,Watershed,step_started,started,64.51612903225806,20,31
cp_tutorial_3d_monolayer,3,9,1791314208.1977453,2544838,worker_0,W004,Threshold,pattern_group,running,100.0,1,1
cp_tutorial_3d_monolayer,3,9,1791314208.1980288,2544838,worker_0,W004,Threshold,step_completed,success,58.06451612903226,18,31
cp_tutorial_3d_monolayer,3,9,1791314208.1980488,2544838,worker_0,W004,MaskImage,step_started,started,58.06451612903226,18,31
cp_tutorial_3d_monolayer,3,9,1791314208.2448165,2544838,worker_0,W004,MaskImage,pattern_group,running,100.0,1,1
cp_tutorial_3d_monolayer,3,9,1791314208.2450209,2544838,worker_0,W004,MaskImage,step_completed,success,61.29032258064516,19,31
cp_tutorial_3d_monolayer,3,9,1791314208.245044,2544838,worker_0,W004,ErodeImage,step_started,started,61.29032258064516,19,31
cp_tutorial_3d_monolayer,3,9,1791314208.2764854,2544838,worker_0,W004,ErodeImage,pattern_group,running,100.0,1,1
cp_tutorial_3d_monolayer,3,9,1791314208.2766411,2544838,worker_0,W004,ErodeImage,step_completed,success,64.51612903225806,20,31
cp_tutorial_3d_monolayer,3,9,1791314208.2766597,2544838,worker_0,W004,Watershed,step_started,started,64.51612903225806,20,31
cp_tutorial_3d_monolayer,3,9,1791314208.3152514,2544840,worker_1,W005,Watershed,pattern_group,running,100.0,1,1
cp_tutorial_3d_monolayer,3,9,1791314208.315662,2544840,worker_1,W005,Watershed,step_completed,success,67.74193548387096,21,31
cp_tutorial_3d_monolayer,3,9,1791314208.3156831,2544840,worker_1,W005,MeasureObjectIntensity,step_started,started,67.74193548387096,21,31
cp_tutorial_3d_monolayer,3,9,1791314208.3966997,2544842,worker_2,W006,Watershed,pattern_group,running,100.0,1,1
cp_tutorial_3d_monolayer,3,9,1791314208.397149,2544842,worker_2,W006,Watershed,step_completed,success,67.74193548387096,21,31
cp_tutorial_3d_monolayer,3,9,1791314208.3971741,2544842,worker_2,W006,MeasureObjectIntensity,step_started,started,67.74193548387096,21,31
cp_tutorial_3d_monolayer,3,9,1791314208.529846,2544838,worker_0,W004,Watershed,pattern_group,running,100.0,1,1
cp_tutorial_3d_monolayer,3,9,1791314208.5302641,2544838,worker_0,W004,Watershed,step_completed,success,67.74193548387096,21,31
cp_tutorial_3d_monolayer,3,9,1791314208.5302916,2544838,worker_0,W004,MeasureObjectIntensity,step_started,started,67.74193548387096,21,31
cp_tutorial_3d_monolayer,3,9,1791314208.6673343,2544840,worker_1,W005,MeasureObjectIntensity,pattern_group,running,50.0,1,2
cp_tutorial_3d_monolayer,3,9,1791314208.8340828,2544842,worker_2,W006,MeasureObjectIntensity,pattern_group,running,50.0,1,2
cp_tutorial_3d_monolayer,3,9,1791314208.8881009,2544838,worker_0,W004,MeasureObjectIntensity,pattern_group,running,50.0,1,2
cp_tutorial_3d_monolayer,3,9,1791314209.1350443,2544840,worker_1,W005,MeasureObjectIntensity,pattern_group,running,100.0,2,2
cp_tutorial_3d_monolayer,3,9,1791314209.1372662,2544840,worker_1,W005,MeasureObjectIntensity,step_completed,success,70.96774193548387,22,31
cp_tutorial_3d_monolayer,3,9,1791314209.1372979,2544840,worker_1,W005,MeasureObjectSizeShape,step_started,started,70.96774193548387,22,31
cp_tutorial_3d_monolayer,3,9,1791314209.1946766,2544842,worker_2,W006,MeasureObjectIntensity,pattern_group,running,100.0,2,2
cp_tutorial_3d_monolayer,3,9,1791314209.1969664,2544842,worker_2,W006,MeasureObjectIntensity,step_completed,success,70.96774193548387,22,31
cp_tutorial_3d_monolayer,3,9,1791314209.1970005,2544842,worker_2,W006,MeasureObjectSizeShape,step_started,started,70.96774193548387,22,31
cp_tutorial_3d_monolayer,3,9,1791314209.2319865,2544840,worker_1,W005,MeasureObjectSizeShape,pattern_group,running,50.0,1,2
cp_tutorial_3d_monolayer,3,9,1791314209.2860487,2544842,worker_2,W006,MeasureObjectSizeShape,pattern_group,running,50.0,1,2
cp_tutorial_3d_monolayer,3,9,1791314209.3087616,2544838,worker_0,W004,MeasureObjectIntensity,pattern_group,running,100.0,2,2
cp_tutorial_3d_monolayer,3,9,1791314209.3109763,2544838,worker_0,W004,MeasureObjectIntensity,step_completed,success,70.96774193548387,22,31
cp_tutorial_3d_monolayer,3,9,1791314209.3109982,2544838,worker_0,W004,MeasureObjectSizeShape,step_started,started,70.96774193548387,22,31
cp_tutorial_3d_monolayer,3,9,1791314209.329539,2544840,worker_1,W005,MeasureObjectSizeShape,pattern_group,running,100.0,2,2
cp_tutorial_3d_monolayer,3,9,1791314209.3301754,2544840,worker_1,W005,MeasureObjectSizeShape,step_completed,success,74.19354838709677,23,31
cp_tutorial_3d_monolayer,3,9,1791314209.3302045,2544840,worker_1,W005,OverlayObjects,step_started,started,74.19354838709677,23,31
cp_tutorial_3d_monolayer,3,9,1791314209.3484514,2544840,worker_1,W005,OverlayObjects,pattern_group,running,100.0,1,1
cp_tutorial_3d_monolayer,3,9,1791314209.3485703,2544840,worker_1,W005,OverlayObjects,step_completed,success,77.41935483870968,24,31
cp_tutorial_3d_monolayer,3,9,1791314209.3485897,2544840,worker_1,W005,RescaleIntensity,step_started,started,77.41935483870968,24,31
cp_tutorial_3d_monolayer,3,9,1791314209.3859508,2544842,worker_2,W006,MeasureObjectSizeShape,pattern_group,running,100.0,2,2
cp_tutorial_3d_monolayer,3,9,1791314209.3865333,2544842,worker_2,W006,MeasureObjectSizeShape,step_completed,success,74.19354838709677,23,31
cp_tutorial_3d_monolayer,3,9,1791314209.386555,2544842,worker_2,W006,OverlayObjects,step_started,started,74.19354838709677,23,31
cp_tutorial_3d_monolayer,3,9,1791314209.4057791,2544838,worker_0,W004,MeasureObjectSizeShape,pattern_group,running,50.0,1,2
cp_tutorial_3d_monolayer,3,9,1791314209.406069,2544842,worker_2,W006,OverlayObjects,pattern_group,running,100.0,1,1
cp_tutorial_3d_monolayer,3,9,1791314209.4061887,2544842,worker_2,W006,OverlayObjects,step_completed,success,77.41935483870968,24,31
cp_tutorial_3d_monolayer,3,9,1791314209.406209,2544842,worker_2,W006,RescaleIntensity,step_started,started,77.41935483870968,24,31
cp_tutorial_3d_monolayer,3,9,1791314209.4365988,2544840,worker_1,W005,RescaleIntensity,pattern_group,running,100.0,1,1
cp_tutorial_3d_monolayer,3,9,1791314209.4367483,2544840,worker_1,W005,RescaleIntensity,step_completed,success,80.64516129032258,25,31
cp_tutorial_3d_monolayer,3,9,1791314209.4367673,2544840,worker_1,W005,OverlayObjects,step_started,started,80.64516129032258,25,31
cp_tutorial_3d_monolayer,3,9,1791314209.4559004,2544840,worker_1,W005,OverlayObjects,pattern_group,running,100.0,1,1
cp_tutorial_3d_monolayer,3,9,1791314209.4560213,2544840,worker_1,W005,OverlayObjects,step_completed,success,83.87096774193549,26,31
cp_tutorial_3d_monolayer,3,9,1791314209.4560416,2544840,worker_1,W005,ConvertObjectsToImage,step_started,started,83.87096774193549,26,31
cp_tutorial_3d_monolayer,3,9,1791314209.4909003,2544840,worker_1,W005,ConvertObjectsToImage,pattern_group,running,100.0,1,1
cp_tutorial_3d_monolayer,3,9,1791314209.4910684,2544840,worker_1,W005,ConvertObjectsToImage,step_completed,success,87.09677419354838,27,31
cp_tutorial_3d_monolayer,3,9,1791314209.49109,2544840,worker_1,W005,SaveImages,step_started,started,87.09677419354838,27,31
cp_tutorial_3d_monolayer,3,9,1791314209.4967868,2544842,worker_2,W006,RescaleIntensity,pattern_group,running,100.0,1,1
cp_tutorial_3d_monolayer,3,9,1791314209.496967,2544842,worker_2,W006,RescaleIntensity,step_completed,success,80.64516129032258,25,31
cp_tutorial_3d_monolayer,3,9,1791314209.4969869,2544842,worker_2,W006,OverlayObjects,step_started,started,80.64516129032258,25,31
cp_tutorial_3d_monolayer,3,9,1791314209.5114818,2544838,worker_0,W004,MeasureObjectSizeShape,pattern_group,running,100.0,2,2
cp_tutorial_3d_monolayer,3,9,1791314209.5121868,2544838,worker_0,W004,MeasureObjectSizeShape,step_completed,success,74.19354838709677,23,31
cp_tutorial_3d_monolayer,3,9,1791314209.512214,2544838,worker_0,W004,OverlayObjects,step_started,started,74.19354838709677,23,31
cp_tutorial_3d_monolayer,3,9,1791314209.516814,2544842,worker_2,W006,OverlayObjects,pattern_group,running,100.0,1,1
cp_tutorial_3d_monolayer,3,9,1791314209.5170047,2544842,worker_2,W006,OverlayObjects,step_completed,success,83.87096774193549,26,31
cp_tutorial_3d_monolayer,3,9,1791314209.5170326,2544842,worker_2,W006,ConvertObjectsToImage,step_started,started,83.87096774193549,26,31
cp_tutorial_3d_monolayer,3,9,1791314209.5357244,2544838,worker_0,W004,OverlayObjects,pattern_group,running,100.0,1,1
cp_tutorial_3d_monolayer,3,9,1791314209.5358484,2544838,worker_0,W004,OverlayObjects,step_completed,success,77.41935483870968,24,31
cp_tutorial_3d_monolayer,3,9,1791314209.5358675,2544838,worker_0,W004,RescaleIntensity,step_started,started,77.41935483870968,24,31
cp_tutorial_3d_monolayer,3,9,1791314209.5476809,2544840,worker_1,W005,SaveImages,pattern_group,running,100.0,1,1
cp_tutorial_3d_monolayer,3,9,1791314209.5546606,2544842,worker_2,W006,ConvertObjectsToImage,pattern_group,running,100.0,1,1
cp_tutorial_3d_monolayer,3,9,1791314209.5548127,2544842,worker_2,W006,ConvertObjectsToImage,step_completed,success,87.09677419354838,27,31
cp_tutorial_3d_monolayer,3,9,1791314209.554834,2544842,worker_2,W006,SaveImages,step_started,started,87.09677419354838,27,31
cp_tutorial_3d_monolayer,3,9,1791314209.5658703,2544840,worker_1,W005,SaveImages,step_completed,success,90.32258064516128,28,31
cp_tutorial_3d_monolayer,3,9,1791314209.5659218,2544840,worker_1,W005,ConvertObjectsToImage,step_started,started,90.32258064516128,28,31
cp_tutorial_3d_monolayer,3,9,1791314209.6023304,2544840,worker_1,W005,ConvertObjectsToImage,pattern_group,running,100.0,1,1
cp_tutorial_3d_monolayer,3,9,1791314209.6025248,2544840,worker_1,W005,ConvertObjectsToImage,step_completed,success,93.54838709677419,29,31
cp_tutorial_3d_monolayer,3,9,1791314209.6025467,2544840,worker_1,W005,SaveImages,step_started,started,93.54838709677419,29,31
cp_tutorial_3d_monolayer,3,9,1791314209.6079762,2544842,worker_2,W006,SaveImages,pattern_group,running,100.0,1,1
cp_tutorial_3d_monolayer,3,9,1791314209.6177752,2544842,worker_2,W006,SaveImages,step_completed,success,90.32258064516128,28,31
cp_tutorial_3d_monolayer,3,9,1791314209.6178133,2544842,worker_2,W006,ConvertObjectsToImage,step_started,started,90.32258064516128,28,31
cp_tutorial_3d_monolayer,3,9,1791314209.642367,2544838,worker_0,W004,RescaleIntensity,pattern_group,running,100.0,1,1
cp_tutorial_3d_monolayer,3,9,1791314209.642518,2544838,worker_0,W004,RescaleIntensity,step_completed,success,80.64516129032258,25,31
cp_tutorial_3d_monolayer,3,9,1791314209.6425378,2544838,worker_0,W004,OverlayObjects,step_started,started,80.64516129032258,25,31
cp_tutorial_3d_monolayer,3,9,1791314209.655595,2544842,worker_2,W006,ConvertObjectsToImage,pattern_group,running,100.0,1,1
cp_tutorial_3d_monolayer,3,9,1791314209.6558206,2544842,worker_2,W006,ConvertObjectsToImage,step_completed,success,93.54838709677419,29,31
cp_tutorial_3d_monolayer,3,9,1791314209.6558452,2544842,worker_2,W006,SaveImages,step_started,started,93.54838709677419,29,31
cp_tutorial_3d_monolayer,3,9,1791314209.6654818,2544838,worker_0,W004,OverlayObjects,pattern_group,running,100.0,1,1
cp_tutorial_3d_monolayer,3,9,1791314209.6655855,2544838,worker_0,W004,OverlayObjects,step_completed,success,83.87096774193549,26,31
cp_tutorial_3d_monolayer,3,9,1791314209.665605,2544838,worker_0,W004,ConvertObjectsToImage,step_started,started,83.87096774193549,26,31
cp_tutorial_3d_monolayer,3,9,1791314209.6681266,2544840,worker_1,W005,SaveImages,pattern_group,running,100.0,1,1
cp_tutorial_3d_monolayer,3,9,1791314209.678987,2544840,worker_1,W005,SaveImages,step_completed,success,96.7741935483871,30,31
cp_tutorial_3d_monolayer,3,9,1791314209.6880887,2544840,worker_1,W005,pipeline,axis_completed,success,96.7741935483871,30,31
cp_tutorial_3d_monolayer,3,9,1791314209.6881902,2544840,worker_1,W008,pipeline,axis_started,started,0.0,0,31
cp_tutorial_3d_monolayer,3,9,1791314209.6882288,2544840,worker_1,W008,RescaleIntensity,step_started,started,0.0,0,31
cp_tutorial_3d_monolayer,3,9,1791314209.7026293,2544838,worker_0,W004,ConvertObjectsToImage,pattern_group,running,100.0,1,1
cp_tutorial_3d_monolayer,3,9,1791314209.7027879,2544838,worker_0,W004,ConvertObjectsToImage,step_completed,success,87.09677419354838,27,31
cp_tutorial_3d_monolayer,3,9,1791314209.7028084,2544838,worker_0,W004,SaveImages,step_started,started,87.09677419354838,27,31
cp_tutorial_3d_monolayer,3,9,1791314209.7085996,2544842,worker_2,W006,SaveImages,pattern_group,running,100.0,1,1
cp_tutorial_3d_monolayer,3,9,1791314209.7149885,2544842,worker_2,W006,SaveImages,step_completed,success,96.7741935483871,30,31
cp_tutorial_3d_monolayer,3,9,1791314209.7239628,2544842,worker_2,W006,pipeline,axis_completed,success,96.7741935483871,30,31
cp_tutorial_3d_monolayer,3,9,1791314209.7240682,2544842,worker_2,W009,pipeline,axis_started,started,0.0,0,31
cp_tutorial_3d_monolayer,3,9,1791314209.724118,2544842,worker_2,W009,RescaleIntensity,step_started,started,0.0,0,31
cp_tutorial_3d_monolayer,3,9,1791314209.7537777,2544838,worker_0,W004,SaveImages,pattern_group,running,100.0,1,1
cp_tutorial_3d_monolayer,3,9,1791314209.7603884,2544838,worker_0,W004,SaveImages,step_completed,success,90.32258064516128,28,31
cp_tutorial_3d_monolayer,3,9,1791314209.7604296,2544838,worker_0,W004,ConvertObjectsToImage,step_started,started,90.32258064516128,28,31
cp_tutorial_3d_monolayer,3,9,1791314209.7942357,2544838,worker_0,W004,ConvertObjectsToImage,pattern_group,running,100.0,1,1
cp_tutorial_3d_monolayer,3,9,1791314209.7944298,2544838,worker_0,W004,ConvertObjectsToImage,step_completed,success,93.54838709677419,29,31
cp_tutorial_3d_monolayer,3,9,1791314209.7944522,2544838,worker_0,W004,SaveImages,step_started,started,93.54838709677419,29,31
cp_tutorial_3d_monolayer,3,9,1791314209.843785,2544838,worker_0,W004,SaveImages,pattern_group,running,100.0,1,1
cp_tutorial_3d_monolayer,3,9,1791314209.8503878,2544838,worker_0,W004,SaveImages,step_completed,success,96.7741935483871,30,31
cp_tutorial_3d_monolayer,3,9,1791314209.859186,2544838,worker_0,W004,pipeline,axis_completed,success,96.7741935483871,30,31
cp_tutorial_3d_monolayer,3,9,1791314209.8592916,2544838,worker_0,W007,pipeline,axis_started,started,0.0,0,31
cp_tutorial_3d_monolayer,3,9,1791314209.859342,2544838,worker_0,W007,RescaleIntensity,step_started,started,0.0,0,31
cp_tutorial_3d_monolayer,3,9,1791314209.9187248,2544840,worker_1,W008,RescaleIntensity,pattern_group,running,100.0,1,1
cp_tutorial_3d_monolayer,3,9,1791314209.918873,2544840,worker_1,W008,RescaleIntensity,step_completed,success,3.225806451612903,1,31
cp_tutorial_3d_monolayer,3,9,1791314209.9188921,2544840,worker_1,W008,Resize,step_started,started,3.225806451612903,1,31
cp_tutorial_3d_monolayer,3,9,1791314209.9541926,2544842,worker_2,W009,RescaleIntensity,pattern_group,running,100.0,1,1
cp_tutorial_3d_monolayer,3,9,1791314209.954366,2544842,worker_2,W009,RescaleIntensity,step_completed,success,3.225806451612903,1,31
cp_tutorial_3d_monolayer,3,9,1791314209.954386,2544842,worker_2,W009,Resize,step_started,started,3.225806451612903,1,31
cp_tutorial_3d_monolayer,3,9,1791314209.9787865,2544840,worker_1,W008,Resize,pattern_group,running,100.0,1,1
cp_tutorial_3d_monolayer,3,9,1791314209.9789429,2544840,worker_1,W008,Resize,step_completed,success,6.451612903225806,2,31
cp_tutorial_3d_monolayer,3,9,1791314209.9789634,2544840,worker_1,W008,MedianFilter,step_started,started,6.451612903225806,2,31
cp_tutorial_3d_monolayer,3,9,1791314210.0104697,2544842,worker_2,W009,Resize,pattern_group,running,100.0,1,1
cp_tutorial_3d_monolayer,3,9,1791314210.010618,2544842,worker_2,W009,Resize,step_completed,success,6.451612903225806,2,31
cp_tutorial_3d_monolayer,3,9,1791314210.0106373,2544842,worker_2,W009,MedianFilter,step_started,started,6.451612903225806,2,31
cp_tutorial_3d_monolayer,3,9,1791314210.0932326,2544838,worker_0,W007,RescaleIntensity,pattern_group,running,100.0,1,1
cp_tutorial_3d_monolayer,3,9,1791314210.0933852,2544838,worker_0,W007,RescaleIntensity,step_completed,success,3.225806451612903,1,31
cp_tutorial_3d_monolayer,3,9,1791314210.0934038,2544838,worker_0,W007,Resize,step_started,started,3.225806451612903,1,31
cp_tutorial_3d_monolayer,3,9,1791314210.1459346,2544840,worker_1,W008,MedianFilter,pattern_group,running,100.0,1,1
cp_tutorial_3d_monolayer,3,9,1791314210.146083,2544840,worker_1,W008,MedianFilter,step_completed,success,9.67741935483871,3,31
cp_tutorial_3d_monolayer,3,9,1791314210.1461024,2544840,worker_1,W008,Threshold,step_started,started,9.67741935483871,3,31
cp_tutorial_3d_monolayer,3,9,1791314210.1499398,2544838,worker_0,W007,Resize,pattern_group,running,100.0,1,1
cp_tutorial_3d_monolayer,3,9,1791314210.1500797,2544838,worker_0,W007,Resize,step_completed,success,6.451612903225806,2,31
cp_tutorial_3d_monolayer,3,9,1791314210.150098,2544838,worker_0,W007,MedianFilter,step_started,started,6.451612903225806,2,31
cp_tutorial_3d_monolayer,3,9,1791314210.1755238,2544842,worker_2,W009,MedianFilter,pattern_group,running,100.0,1,1
cp_tutorial_3d_monolayer,3,9,1791314210.1756756,2544842,worker_2,W009,MedianFilter,step_completed,success,9.67741935483871,3,31
cp_tutorial_3d_monolayer,3,9,1791314210.1756947,2544842,worker_2,W009,Threshold,step_started,started,9.67741935483871,3,31
cp_tutorial_3d_monolayer,3,9,1791314210.187474,2544840,worker_1,W008,Threshold,pattern_group,running,100.0,1,1
cp_tutorial_3d_monolayer,3,9,1791314210.1877265,2544840,worker_1,W008,Threshold,step_completed,success,12.903225806451612,4,31
cp_tutorial_3d_monolayer,3,9,1791314210.1877456,2544840,worker_1,W008,RemoveHoles,step_started,started,12.903225806451612,4,31
cp_tutorial_3d_monolayer,3,9,1791314210.204378,2544840,worker_1,W008,RemoveHoles,pattern_group,running,100.0,1,1
cp_tutorial_3d_monolayer,3,9,1791314210.2045338,2544840,worker_1,W008,RemoveHoles,step_completed,success,16.129032258064516,5,31
cp_tutorial_3d_monolayer,3,9,1791314210.204552,2544840,worker_1,W008,Watershed,step_started,started,16.129032258064516,5,31
cp_tutorial_3d_monolayer,3,9,1791314210.213504,2544842,worker_2,W009,Threshold,pattern_group,running,100.0,1,1
cp_tutorial_3d_monolayer,3,9,1791314210.2137513,2544842,worker_2,W009,Threshold,step_completed,success,12.903225806451612,4,31
cp_tutorial_3d_monolayer,3,9,1791314210.2137709,2544842,worker_2,W009,RemoveHoles,step_started,started,12.903225806451612,4,31
cp_tutorial_3d_monolayer,3,9,1791314210.2294793,2544842,worker_2,W009,RemoveHoles,pattern_group,running,100.0,1,1
cp_tutorial_3d_monolayer,3,9,1791314210.2296333,2544842,worker_2,W009,RemoveHoles,step_completed,success,16.129032258064516,5,31
cp_tutorial_3d_monolayer,3,9,1791314210.2296524,2544842,worker_2,W009,Watershed,step_started,started,16.129032258064516,5,31
cp_tutorial_3d_monolayer,3,9,1791314210.2945406,2544840,worker_1,W008,Watershed,pattern_group,running,100.0,1,1
cp_tutorial_3d_monolayer,3,9,1791314210.2949314,2544840,worker_1,W008,Watershed,step_completed,success,19.35483870967742,6,31
cp_tutorial_3d_monolayer,3,9,1791314210.2949514,2544840,worker_1,W008,ResizeObjects,step_started,started,19.35483870967742,6,31
cp_tutorial_3d_monolayer,3,9,1791314210.3197522,2544842,worker_2,W009,Watershed,pattern_group,running,100.0,1,1
cp_tutorial_3d_monolayer,3,9,1791314210.3201737,2544842,worker_2,W009,Watershed,step_completed,success,19.35483870967742,6,31
cp_tutorial_3d_monolayer,3,9,1791314210.3201964,2544842,worker_2,W009,ResizeObjects,step_started,started,19.35483870967742,6,31
cp_tutorial_3d_monolayer,3,9,1791314210.3252764,2544838,worker_0,W007,MedianFilter,pattern_group,running,100.0,1,1
cp_tutorial_3d_monolayer,3,9,1791314210.325466,2544838,worker_0,W007,MedianFilter,step_completed,success,9.67741935483871,3,31
cp_tutorial_3d_monolayer,3,9,1791314210.3254888,2544838,worker_0,W007,Threshold,step_started,started,9.67741935483871,3,31
cp_tutorial_3d_monolayer,3,9,1791314210.3241205,2544840,worker_1,W008,ResizeObjects,pattern_group,running,100.0,1,1
cp_tutorial_3d_monolayer,3,9,1791314210.3255095,2544840,worker_1,W008,ResizeObjects,step_completed,success,22.58064516129032,7,31
cp_tutorial_3d_monolayer,3,9,1791314210.325551,2544840,worker_1,W008,ErodeObjects,step_started,started,22.58064516129032,7,31
cp_tutorial_3d_monolayer,3,9,1791314210.3513975,2544842,worker_2,W009,ResizeObjects,pattern_group,running,100.0,1,1
cp_tutorial_3d_monolayer,3,9,1791314210.3519423,2544842,worker_2,W009,ResizeObjects,step_completed,success,22.58064516129032,7,31
cp_tutorial_3d_monolayer,3,9,1791314210.3519664,2544842,worker_2,W009,ErodeObjects,step_started,started,22.58064516129032,7,31
cp_tutorial_3d_monolayer,3,9,1791314210.368691,2544838,worker_0,W007,Threshold,pattern_group,running,100.0,1,1
cp_tutorial_3d_monolayer,3,9,1791314210.3689935,2544838,worker_0,W007,Threshold,step_completed,success,12.903225806451612,4,31
cp_tutorial_3d_monolayer,3,9,1791314210.369015,2544838,worker_0,W007,RemoveHoles,step_started,started,12.903225806451612,4,31
cp_tutorial_3d_monolayer,3,9,1791314210.3833792,2544840,worker_1,W008,ErodeObjects,pattern_group,running,100.0,1,1
cp_tutorial_3d_monolayer,3,9,1791314210.3838625,2544840,worker_1,W008,ErodeObjects,step_completed,success,25.806451612903224,8,31
cp_tutorial_3d_monolayer,3,9,1791314210.3838837,2544840,worker_1,W008,ResizeObjects,step_started,started,25.806451612903224,8,31
cp_tutorial_3d_monolayer,3,9,1791314210.3857613,2544838,worker_0,W007,RemoveHoles,pattern_group,running,100.0,1,1
cp_tutorial_3d_monolayer,3,9,1791314210.3859658,2544838,worker_0,W007,RemoveHoles,step_completed,success,16.129032258064516,5,31
cp_tutorial_3d_monolayer,3,9,1791314210.3859887,2544838,worker_0,W007,Watershed,step_started,started,16.129032258064516,5,31
cp_tutorial_3d_monolayer,3,9,1791314210.403592,2544842,worker_2,W009,ErodeObjects,pattern_group,running,100.0,1,1
cp_tutorial_3d_monolayer,3,9,1791314210.4040678,2544842,worker_2,W009,ErodeObjects,step_completed,success,25.806451612903224,8,31
cp_tutorial_3d_monolayer,3,9,1791314210.4040883,2544842,worker_2,W009,ResizeObjects,step_started,started,25.806451612903224,8,31
cp_tutorial_3d_monolayer,3,9,1791314210.4122796,2544840,worker_1,W008,ResizeObjects,pattern_group,running,100.0,1,1
cp_tutorial_3d_monolayer,3,9,1791314210.4128385,2544840,worker_1,W008,ResizeObjects,step_completed,success,29.03225806451613,9,31
cp_tutorial_3d_monolayer,3,9,1791314210.4128692,2544840,worker_1,W008,ConvertObjectsToImage,step_started,started,29.03225806451613,9,31
cp_tutorial_3d_monolayer,3,9,1791314210.4324687,2544842,worker_2,W009,ResizeObjects,pattern_group,running,100.0,1,1
cp_tutorial_3d_monolayer,3,9,1791314210.4329467,2544842,worker_2,W009,ResizeObjects,step_completed,success,29.03225806451613,9,31
cp_tutorial_3d_monolayer,3,9,1791314210.432968,2544842,worker_2,W009,ConvertObjectsToImage,step_started,started,29.03225806451613,9,31
cp_tutorial_3d_monolayer,3,9,1791314210.4369981,2544840,worker_1,W008,ConvertObjectsToImage,pattern_group,running,100.0,1,1
cp_tutorial_3d_monolayer,3,9,1791314210.4371545,2544840,worker_1,W008,ConvertObjectsToImage,step_completed,success,32.25806451612903,10,31
cp_tutorial_3d_monolayer,3,9,1791314210.437174,2544840,worker_1,W008,Threshold,step_started,started,32.25806451612903,10,31
cp_tutorial_3d_monolayer,3,9,1791314210.4537282,2544842,worker_2,W009,ConvertObjectsToImage,pattern_group,running,100.0,1,1
cp_tutorial_3d_monolayer,3,9,1791314210.4538927,2544842,worker_2,W009,ConvertObjectsToImage,step_completed,success,32.25806451612903,10,31
cp_tutorial_3d_monolayer,3,9,1791314210.4539137,2544842,worker_2,W009,Threshold,step_started,started,32.25806451612903,10,31
cp_tutorial_3d_monolayer,3,9,1791314210.4858892,2544838,worker_0,W007,Watershed,pattern_group,running,100.0,1,1
cp_tutorial_3d_monolayer,3,9,1791314210.4862907,2544838,worker_0,W007,Watershed,step_completed,success,19.35483870967742,6,31
cp_tutorial_3d_monolayer,3,9,1791314210.4863114,2544838,worker_0,W007,ResizeObjects,step_started,started,19.35483870967742,6,31
cp_tutorial_3d_monolayer,3,9,1791314210.5160277,2544838,worker_0,W007,ResizeObjects,pattern_group,running,100.0,1,1
cp_tutorial_3d_monolayer,3,9,1791314210.5165124,2544838,worker_0,W007,ResizeObjects,step_completed,success,22.58064516129032,7,31
cp_tutorial_3d_monolayer,3,9,1791314210.516534,2544838,worker_0,W007,ErodeObjects,step_started,started,22.58064516129032,7,31
cp_tutorial_3d_monolayer,3,9,1791314210.5733995,2544838,worker_0,W007,ErodeObjects,pattern_group,running,100.0,1,1
cp_tutorial_3d_monolayer,3,9,1791314210.5739055,2544838,worker_0,W007,ErodeObjects,step_completed,success,25.806451612903224,8,31
cp_tutorial_3d_monolayer,3,9,1791314210.573928,2544838,worker_0,W007,ResizeObjects,step_started,started,25.806451612903224,8,31
cp_tutorial_3d_monolayer,3,9,1791314210.599953,2544838,worker_0,W007,ResizeObjects,pattern_group,running,100.0,1,1
cp_tutorial_3d_monolayer,3,9,1791314210.6004333,2544838,worker_0,W007,ResizeObjects,step_completed,success,29.03225806451613,9,31
cp_tutorial_3d_monolayer,3,9,1791314210.6004553,2544838,worker_0,W007,ConvertObjectsToImage,step_started,started,29.03225806451613,9,31
cp_tutorial_3d_monolayer,3,9,1791314210.6237364,2544838,worker_0,W007,ConvertObjectsToImage,pattern_group,running,100.0,1,1
cp_tutorial_3d_monolayer,3,9,1791314210.6238964,2544838,worker_0,W007,ConvertObjectsToImage,step_completed,success,32.25806451612903,10,31
cp_tutorial_3d_monolayer,3,9,1791314210.6239166,2544838,worker_0,W007,Threshold,step_started,started,32.25806451612903,10,31
cp_tutorial_3d_monolayer,3,9,1791314210.6255577,2544840,worker_1,W008,Threshold,pattern_group,running,100.0,1,1
cp_tutorial_3d_monolayer,3,9,1791314210.6258016,2544840,worker_1,W008,Threshold,step_completed,success,35.483870967741936,11,31
cp_tutorial_3d_monolayer,3,9,1791314210.6258206,2544840,worker_1,W008,ImageMath,step_started,started,35.483870967741936,11,31
cp_tutorial_3d_monolayer,3,9,1791314210.6335905,2544842,worker_2,W009,Threshold,pattern_group,running,100.0,1,1
cp_tutorial_3d_monolayer,3,9,1791314210.6338427,2544842,worker_2,W009,Threshold,step_completed,success,35.483870967741936,11,31
cp_tutorial_3d_monolayer,3,9,1791314210.633863,2544842,worker_2,W009,ImageMath,step_started,started,35.483870967741936,11,31
cp_tutorial_3d_monolayer,3,9,1791314210.735776,2544840,worker_1,W008,ImageMath,pattern_group,running,100.0,1,1
cp_tutorial_3d_monolayer,3,9,1791314210.7359285,2544840,worker_1,W008,ImageMath,step_completed,success,38.70967741935484,12,31
cp_tutorial_3d_monolayer,3,9,1791314210.7359478,2544840,worker_1,W008,RemoveHoles,step_started,started,38.70967741935484,12,31
cp_tutorial_3d_monolayer,3,9,1791314210.7438664,2544842,worker_2,W009,ImageMath,pattern_group,running,100.0,1,1
cp_tutorial_3d_monolayer,3,9,1791314210.7440472,2544842,worker_2,W009,ImageMath,step_completed,success,38.70967741935484,12,31
cp_tutorial_3d_monolayer,3,9,1791314210.7440717,2544842,worker_2,W009,RemoveHoles,step_started,started,38.70967741935484,12,31
cp_tutorial_3d_monolayer,3,9,1791314210.786204,2544840,worker_1,W008,RemoveHoles,pattern_group,running,100.0,1,1
cp_tutorial_3d_monolayer,3,9,1791314210.7863672,2544840,worker_1,W008,RemoveHoles,step_completed,success,41.935483870967744,13,31
cp_tutorial_3d_monolayer,3,9,1791314210.7863863,2544840,worker_1,W008,ImageMath,step_started,started,41.935483870967744,13,31
cp_tutorial_3d_monolayer,3,9,1791314210.794,2544842,worker_2,W009,RemoveHoles,pattern_group,running,100.0,1,1
cp_tutorial_3d_monolayer,3,9,1791314210.7941442,2544842,worker_2,W009,RemoveHoles,step_completed,success,41.935483870967744,13,31
cp_tutorial_3d_monolayer,3,9,1791314210.7941637,2544842,worker_2,W009,ImageMath,step_started,started,41.935483870967744,13,31
cp_tutorial_3d_monolayer,3,9,1791314210.8070836,2544838,worker_0,W007,Threshold,pattern_group,running,100.0,1,1
cp_tutorial_3d_monolayer,3,9,1791314210.8073456,2544838,worker_0,W007,Threshold,step_completed,success,35.483870967741936,11,31
cp_tutorial_3d_monolayer,3,9,1791314210.807366,2544838,worker_0,W007,ImageMath,step_started,started,35.483870967741936,11,31
cp_tutorial_3d_monolayer,3,9,1791314210.9111328,2544838,worker_0,W007,ImageMath,pattern_group,running,100.0,1,1
cp_tutorial_3d_monolayer,3,9,1791314210.9114301,2544838,worker_0,W007,ImageMath,step_completed,success,38.70967741935484,12,31
cp_tutorial_3d_monolayer,3,9,1791314210.911463,2544838,worker_0,W007,RemoveHoles,step_started,started,38.70967741935484,12,31
cp_tutorial_3d_monolayer,3,9,1791314210.9620867,2544838,worker_0,W007,RemoveHoles,pattern_group,running,100.0,1,1
cp_tutorial_3d_monolayer,3,9,1791314210.9622378,2544838,worker_0,W007,RemoveHoles,step_completed,success,41.935483870967744,13,31
cp_tutorial_3d_monolayer,3,9,1791314210.9622574,2544838,worker_0,W007,ImageMath,step_started,started,41.935483870967744,13,31
cp_tutorial_3d_monolayer,3,9,1791314211.0611103,2544840,worker_1,W008,ImageMath,pattern_group,running,100.0,1,1
cp_tutorial_3d_monolayer,3,9,1791314211.0612736,2544840,worker_1,W008,ImageMath,step_completed,success,45.16129032258064,14,31
cp_tutorial_3d_monolayer,3,9,1791314211.0612934,2544840,worker_1,W008,Resize,step_started,started,45.16129032258064,14,31
cp_tutorial_3d_monolayer,3,9,1791314211.0649996,2544842,worker_2,W009,ImageMath,pattern_group,running,100.0,1,1
cp_tutorial_3d_monolayer,3,9,1791314211.0651639,2544842,worker_2,W009,ImageMath,step_completed,success,45.16129032258064,14,31
cp_tutorial_3d_monolayer,3,9,1791314211.0651834,2544842,worker_2,W009,Resize,step_started,started,45.16129032258064,14,31
cp_tutorial_3d_monolayer,3,9,1791314211.1262937,2544840,worker_1,W008,Resize,pattern_group,running,100.0,1,1
cp_tutorial_3d_monolayer,3,9,1791314211.126442,2544840,worker_1,W008,Resize,step_completed,success,48.38709677419355,15,31
cp_tutorial_3d_monolayer,3,9,1791314211.1264603,2544840,worker_1,W008,Closing,step_started,started,48.38709677419355,15,31
cp_tutorial_3d_monolayer,3,9,1791314211.129055,2544842,worker_2,W009,Resize,pattern_group,running,100.0,1,1
cp_tutorial_3d_monolayer,3,9,1791314211.1291912,2544842,worker_2,W009,Resize,step_completed,success,48.38709677419355,15,31
cp_tutorial_3d_monolayer,3,9,1791314211.1292098,2544842,worker_2,W009,Closing,step_started,started,48.38709677419355,15,31
cp_tutorial_3d_monolayer,3,9,1791314211.2121937,2544840,worker_1,W008,Closing,pattern_group,running,100.0,1,1
cp_tutorial_3d_monolayer,3,9,1791314211.2123528,2544840,worker_1,W008,Closing,step_completed,success,51.61290322580645,16,31
cp_tutorial_3d_monolayer,3,9,1791314211.212372,2544840,worker_1,W008,Resize,step_started,started,51.61290322580645,16,31
cp_tutorial_3d_monolayer,3,9,1791314211.2180493,2544842,worker_2,W009,Closing,pattern_group,running,100.0,1,1
cp_tutorial_3d_monolayer,3,9,1791314211.2182016,2544842,worker_2,W009,Closing,step_completed,success,51.61290322580645,16,31
cp_tutorial_3d_monolayer,3,9,1791314211.2182221,2544842,worker_2,W009,Resize,step_started,started,51.61290322580645,16,31
cp_tutorial_3d_monolayer,3,9,1791314211.2368882,2544838,worker_0,W007,ImageMath,pattern_group,running,100.0,1,1
cp_tutorial_3d_monolayer,3,9,1791314211.2370462,2544838,worker_0,W007,ImageMath,step_completed,success,45.16129032258064,14,31
cp_tutorial_3d_monolayer,3,9,1791314211.2370658,2544838,worker_0,W007,Resize,step_started,started,45.16129032258064,14,31
cp_tutorial_3d_monolayer,3,9,1791314211.2633038,2544840,worker_1,W008,Resize,pattern_group,running,100.0,1,1
cp_tutorial_3d_monolayer,3,9,1791314211.2634597,2544840,worker_1,W008,Resize,step_completed,success,54.83870967741935,17,31
cp_tutorial_3d_monolayer,3,9,1791314211.2634785,2544840,worker_1,W008,Threshold,step_started,started,54.83870967741935,17,31
cp_tutorial_3d_monolayer,3,9,1791314211.2705789,2544842,worker_2,W009,Resize,pattern_group,running,100.0,1,1
cp_tutorial_3d_monolayer,3,9,1791314211.270766,2544842,worker_2,W009,Resize,step_completed,success,54.83870967741935,17,31
cp_tutorial_3d_monolayer,3,9,1791314211.2707887,2544842,worker_2,W009,Threshold,step_started,started,54.83870967741935,17,31
cp_tutorial_3d_monolayer,3,9,1791314211.3061986,2544838,worker_0,W007,Resize,pattern_group,running,100.0,1,1
cp_tutorial_3d_monolayer,3,9,1791314211.3063745,2544838,worker_0,W007,Resize,step_completed,success,48.38709677419355,15,31
cp_tutorial_3d_monolayer,3,9,1791314211.3063965,2544838,worker_0,W007,Closing,step_started,started,48.38709677419355,15,31
cp_tutorial_3d_monolayer,3,9,1791314211.400783,2544838,worker_0,W007,Closing,pattern_group,running,100.0,1,1
cp_tutorial_3d_monolayer,3,9,1791314211.4009378,2544838,worker_0,W007,Closing,step_completed,success,51.61290322580645,16,31
cp_tutorial_3d_monolayer,3,9,1791314211.4009564,2544838,worker_0,W007,Resize,step_started,started,51.61290322580645,16,31
cp_tutorial_3d_monolayer,3,9,1791314211.4468927,2544840,worker_1,W008,Threshold,pattern_group,running,100.0,1,1
cp_tutorial_3d_monolayer,3,9,1791314211.4471571,2544840,worker_1,W008,Threshold,step_completed,success,58.06451612903226,18,31
cp_tutorial_3d_monolayer,3,9,1791314211.4471765,2544840,worker_1,W008,MaskImage,step_started,started,58.06451612903226,18,31
cp_tutorial_3d_monolayer,3,9,1791314211.4497464,2544838,worker_0,W007,Resize,pattern_group,running,100.0,1,1
cp_tutorial_3d_monolayer,3,9,1791314211.4498982,2544838,worker_0,W007,Resize,step_completed,success,54.83870967741935,17,31
cp_tutorial_3d_monolayer,3,9,1791314211.449917,2544838,worker_0,W007,Threshold,step_started,started,54.83870967741935,17,31
cp_tutorial_3d_monolayer,3,9,1791314211.4840853,2544842,worker_2,W009,Threshold,pattern_group,running,100.0,1,1
cp_tutorial_3d_monolayer,3,9,1791314211.4843614,2544842,worker_2,W009,Threshold,step_completed,success,58.06451612903226,18,31
cp_tutorial_3d_monolayer,3,9,1791314211.4843833,2544842,worker_2,W009,MaskImage,step_started,started,58.06451612903226,18,31
cp_tutorial_3d_monolayer,3,9,1791314211.4994133,2544840,worker_1,W008,MaskImage,pattern_group,running,100.0,1,1
cp_tutorial_3d_monolayer,3,9,1791314211.4995723,2544840,worker_1,W008,MaskImage,step_completed,success,61.29032258064516,19,31
cp_tutorial_3d_monolayer,3,9,1791314211.499594,2544840,worker_1,W008,ErodeImage,step_started,started,61.29032258064516,19,31
cp_tutorial_3d_monolayer,3,9,1791314211.5346475,2544840,worker_1,W008,ErodeImage,pattern_group,running,100.0,1,1
cp_tutorial_3d_monolayer,3,9,1791314211.5347977,2544840,worker_1,W008,ErodeImage,step_completed,success,64.51612903225806,20,31
cp_tutorial_3d_monolayer,3,9,1791314211.5348163,2544840,worker_1,W008,Watershed,step_started,started,64.51612903225806,20,31
cp_tutorial_3d_monolayer,3,9,1791314211.5403266,2544842,worker_2,W009,MaskImage,pattern_group,running,100.0,1,1
cp_tutorial_3d_monolayer,3,9,1791314211.540539,2544842,worker_2,W009,MaskImage,step_completed,success,61.29032258064516,19,31
cp_tutorial_3d_monolayer,3,9,1791314211.5405655,2544842,worker_2,W009,ErodeImage,step_started,started,61.29032258064516,19,31
cp_tutorial_3d_monolayer,3,9,1791314211.577054,2544842,worker_2,W009,ErodeImage,pattern_group,running,100.0,1,1
cp_tutorial_3d_monolayer,3,9,1791314211.5772107,2544842,worker_2,W009,ErodeImage,step_completed,success,64.51612903225806,20,31
cp_tutorial_3d_monolayer,3,9,1791314211.577231,2544842,worker_2,W009,Watershed,step_started,started,64.51612903225806,20,31
cp_tutorial_3d_monolayer,3,9,1791314211.6245177,2544838,worker_0,W007,Threshold,pattern_group,running,100.0,1,1
cp_tutorial_3d_monolayer,3,9,1791314211.6247847,2544838,worker_0,W007,Threshold,step_completed,success,58.06451612903226,18,31
cp_tutorial_3d_monolayer,3,9,1791314211.624805,2544838,worker_0,W007,MaskImage,step_started,started,58.06451612903226,18,31
cp_tutorial_3d_monolayer,3,9,1791314211.673147,2544838,worker_0,W007,MaskImage,pattern_group,running,100.0,1,1
cp_tutorial_3d_monolayer,3,9,1791314211.6733747,2544838,worker_0,W007,MaskImage,step_completed,success,61.29032258064516,19,31
cp_tutorial_3d_monolayer,3,9,1791314211.6733975,2544838,worker_0,W007,ErodeImage,step_started,started,61.29032258064516,19,31
cp_tutorial_3d_monolayer,3,9,1791314211.6863403,2544840,worker_1,W008,Watershed,pattern_group,running,100.0,1,1
cp_tutorial_3d_monolayer,3,9,1791314211.6867533,2544840,worker_1,W008,Watershed,step_completed,success,67.74193548387096,21,31
cp_tutorial_3d_monolayer,3,9,1791314211.6867747,2544840,worker_1,W008,MeasureObjectIntensity,step_started,started,67.74193548387096,21,31
cp_tutorial_3d_monolayer,3,9,1791314211.7084014,2544838,worker_0,W007,ErodeImage,pattern_group,running,100.0,1,1
cp_tutorial_3d_monolayer,3,9,1791314211.7086039,2544838,worker_0,W007,ErodeImage,step_completed,success,64.51612903225806,20,31
cp_tutorial_3d_monolayer,3,9,1791314211.7086227,2544838,worker_0,W007,Watershed,step_started,started,64.51612903225806,20,31
cp_tutorial_3d_monolayer,3,9,1791314211.813836,2544842,worker_2,W009,Watershed,pattern_group,running,100.0,1,1
cp_tutorial_3d_monolayer,3,9,1791314211.814299,2544842,worker_2,W009,Watershed,step_completed,success,67.74193548387096,21,31
cp_tutorial_3d_monolayer,3,9,1791314211.8143256,2544842,worker_2,W009,MeasureObjectIntensity,step_started,started,67.74193548387096,21,31
cp_tutorial_3d_monolayer,3,9,1791314211.9710462,2544838,worker_0,W007,Watershed,pattern_group,running,100.0,1,1
cp_tutorial_3d_monolayer,3,9,1791314211.9714894,2544838,worker_0,W007,Watershed,step_completed,success,67.74193548387096,21,31
cp_tutorial_3d_monolayer,3,9,1791314211.9715126,2544838,worker_0,W007,MeasureObjectIntensity,step_started,started,67.74193548387096,21,31
cp_tutorial_3d_monolayer,3,9,1791314212.013518,2544840,worker_1,W008,MeasureObjectIntensity,pattern_group,running,50.0,1,2
cp_tutorial_3d_monolayer,3,9,1791314212.1494114,2544842,worker_2,W009,MeasureObjectIntensity,pattern_group,running,50.0,1,2
cp_tutorial_3d_monolayer,3,9,1791314212.2530913,2544838,worker_0,W007,MeasureObjectIntensity,pattern_group,running,50.0,1,2
cp_tutorial_3d_monolayer,3,9,1791314212.3131158,2544840,worker_1,W008,MeasureObjectIntensity,pattern_group,running,100.0,2,2
cp_tutorial_3d_monolayer,3,9,1791314212.3154237,2544840,worker_1,W008,MeasureObjectIntensity,step_completed,success,70.96774193548387,22,31
cp_tutorial_3d_monolayer,3,9,1791314212.3154516,2544840,worker_1,W008,MeasureObjectSizeShape,step_started,started,70.96774193548387,22,31
cp_tutorial_3d_monolayer,3,9,1791314212.4094074,2544840,worker_1,W008,MeasureObjectSizeShape,pattern_group,running,50.0,1,2
cp_tutorial_3d_monolayer,3,9,1791314212.4524286,2544842,worker_2,W009,MeasureObjectIntensity,pattern_group,running,100.0,2,2
cp_tutorial_3d_monolayer,3,9,1791314212.4554732,2544842,worker_2,W009,MeasureObjectIntensity,step_completed,success,70.96774193548387,22,31
cp_tutorial_3d_monolayer,3,9,1791314212.455506,2544842,worker_2,W009,MeasureObjectSizeShape,step_started,started,70.96774193548387,22,31
cp_tutorial_3d_monolayer,3,9,1791314212.5162368,2544840,worker_1,W008,MeasureObjectSizeShape,pattern_group,running,100.0,2,2
cp_tutorial_3d_monolayer,3,9,1791314212.5169044,2544840,worker_1,W008,MeasureObjectSizeShape,step_completed,success,74.19354838709677,23,31
cp_tutorial_3d_monolayer,3,9,1791314212.5169294,2544840,worker_1,W008,OverlayObjects,step_started,started,74.19354838709677,23,31
cp_tutorial_3d_monolayer,3,9,1791314212.545886,2544842,worker_2,W009,MeasureObjectSizeShape,pattern_group,running,50.0,1,2
cp_tutorial_3d_monolayer,3,9,1791314212.5453067,2544838,worker_0,W007,MeasureObjectIntensity,pattern_group,running,100.0,2,2
cp_tutorial_3d_monolayer,3,9,1791314212.5476956,2544838,worker_0,W007,MeasureObjectIntensity,step_completed,success,70.96774193548387,22,31
cp_tutorial_3d_monolayer,3,9,1791314212.5477376,2544838,worker_0,W007,MeasureObjectSizeShape,step_started,started,70.96774193548387,22,31
cp_tutorial_3d_monolayer,3,9,1791314212.5692506,2544840,worker_1,W008,OverlayObjects,pattern_group,running,100.0,1,1
cp_tutorial_3d_monolayer,3,9,1791314212.5694153,2544840,worker_1,W008,OverlayObjects,step_completed,success,77.41935483870968,24,31
cp_tutorial_3d_monolayer,3,9,1791314212.5694425,2544840,worker_1,W008,RescaleIntensity,step_started,started,77.41935483870968,24,31
cp_tutorial_3d_monolayer,3,9,1791314212.6386087,2544838,worker_0,W007,MeasureObjectSizeShape,pattern_group,running,50.0,1,2
cp_tutorial_3d_monolayer,3,9,1791314212.653792,2544842,worker_2,W009,MeasureObjectSizeShape,pattern_group,running,100.0,2,2
cp_tutorial_3d_monolayer,3,9,1791314212.6544123,2544842,worker_2,W009,MeasureObjectSizeShape,step_completed,success,74.19354838709677,23,31
cp_tutorial_3d_monolayer,3,9,1791314212.6544344,2544842,worker_2,W009,OverlayObjects,step_started,started,74.19354838709677,23,31
cp_tutorial_3d_monolayer,3,9,1791314212.6577475,2544840,worker_1,W008,RescaleIntensity,pattern_group,running,100.0,1,1
cp_tutorial_3d_monolayer,3,9,1791314212.657928,2544840,worker_1,W008,RescaleIntensity,step_completed,success,80.64516129032258,25,31
cp_tutorial_3d_monolayer,3,9,1791314212.6579492,2544840,worker_1,W008,OverlayObjects,step_started,started,80.64516129032258,25,31
cp_tutorial_3d_monolayer,3,9,1791314212.701949,2544842,worker_2,W009,OverlayObjects,pattern_group,running,100.0,1,1
cp_tutorial_3d_monolayer,3,9,1791314212.7020636,2544842,worker_2,W009,OverlayObjects,step_completed,success,77.41935483870968,24,31
cp_tutorial_3d_monolayer,3,9,1791314212.7020826,2544842,worker_2,W009,RescaleIntensity,step_started,started,77.41935483870968,24,31
cp_tutorial_3d_monolayer,3,9,1791314212.7016895,2544840,worker_1,W008,OverlayObjects,pattern_group,running,100.0,1,1
cp_tutorial_3d_monolayer,3,9,1791314212.7017996,2544840,worker_1,W008,OverlayObjects,step_completed,success,83.87096774193549,26,31
cp_tutorial_3d_monolayer,3,9,1791314212.70182,2544840,worker_1,W008,ConvertObjectsToImage,step_started,started,83.87096774193549,26,31
cp_tutorial_3d_monolayer,3,9,1791314212.7337425,2544840,worker_1,W008,ConvertObjectsToImage,pattern_group,running,100.0,1,1
cp_tutorial_3d_monolayer,3,9,1791314212.7339041,2544840,worker_1,W008,ConvertObjectsToImage,step_completed,success,87.09677419354838,27,31
cp_tutorial_3d_monolayer,3,9,1791314212.733925,2544840,worker_1,W008,SaveImages,step_started,started,87.09677419354838,27,31
cp_tutorial_3d_monolayer,3,9,1791314212.7361941,2544838,worker_0,W007,MeasureObjectSizeShape,pattern_group,running,100.0,2,2
cp_tutorial_3d_monolayer,3,9,1791314212.7367742,2544838,worker_0,W007,MeasureObjectSizeShape,step_completed,success,74.19354838709677,23,31
cp_tutorial_3d_monolayer,3,9,1791314212.7367954,2544838,worker_0,W007,OverlayObjects,step_started,started,74.19354838709677,23,31
cp_tutorial_3d_monolayer,3,9,1791314212.7782993,2544838,worker_0,W007,OverlayObjects,pattern_group,running,100.0,1,1
cp_tutorial_3d_monolayer,3,9,1791314212.778496,2544838,worker_0,W007,OverlayObjects,step_completed,success,77.41935483870968,24,31
cp_tutorial_3d_monolayer,3,9,1791314212.7785192,2544838,worker_0,W007,RescaleIntensity,step_started,started,77.41935483870968,24,31
cp_tutorial_3d_monolayer,3,9,1791314212.7863016,2544840,worker_1,W008,SaveImages,pattern_group,running,100.0,1,1
cp_tutorial_3d_monolayer,3,9,1791314212.7932832,2544840,worker_1,W008,SaveImages,step_completed,success,90.32258064516128,28,31
cp_tutorial_3d_monolayer,3,9,1791314212.793325,2544840,worker_1,W008,ConvertObjectsToImage,step_started,started,90.32258064516128,28,31
cp_tutorial_3d_monolayer,3,9,1791314212.7957609,2544842,worker_2,W009,RescaleIntensity,pattern_group,running,100.0,1,1
cp_tutorial_3d_monolayer,3,9,1791314212.795909,2544842,worker_2,W009,RescaleIntensity,step_completed,success,80.64516129032258,25,31
cp_tutorial_3d_monolayer,3,9,1791314212.7959282,2544842,worker_2,W009,OverlayObjects,step_started,started,80.64516129032258,25,31
cp_tutorial_3d_monolayer,3,9,1791314212.8283367,2544840,worker_1,W008,ConvertObjectsToImage,pattern_group,running,100.0,1,1
cp_tutorial_3d_monolayer,3,9,1791314212.8285413,2544840,worker_1,W008,ConvertObjectsToImage,step_completed,success,93.54838709677419,29,31
cp_tutorial_3d_monolayer,3,9,1791314212.8285635,2544840,worker_1,W008,SaveImages,step_started,started,93.54838709677419,29,31
cp_tutorial_3d_monolayer,3,9,1791314212.84257,2544842,worker_2,W009,OverlayObjects,pattern_group,running,100.0,1,1
cp_tutorial_3d_monolayer,3,9,1791314212.8427002,2544842,worker_2,W009,OverlayObjects,step_completed,success,83.87096774193549,26,31
cp_tutorial_3d_monolayer,3,9,1791314212.8427207,2544842,worker_2,W009,ConvertObjectsToImage,step_started,started,83.87096774193549,26,31
cp_tutorial_3d_monolayer,3,9,1791314212.8707254,2544838,worker_0,W007,RescaleIntensity,pattern_group,running,100.0,1,1
cp_tutorial_3d_monolayer,3,9,1791314212.8708684,2544838,worker_0,W007,RescaleIntensity,step_completed,success,80.64516129032258,25,31
cp_tutorial_3d_monolayer,3,9,1791314212.8708868,2544838,worker_0,W007,OverlayObjects,step_started,started,80.64516129032258,25,31
cp_tutorial_3d_monolayer,3,9,1791314212.8810132,2544840,worker_1,W008,SaveImages,pattern_group,running,100.0,1,1
cp_tutorial_3d_monolayer,3,9,1791314212.8859434,2544842,worker_2,W009,ConvertObjectsToImage,pattern_group,running,100.0,1,1
cp_tutorial_3d_monolayer,3,9,1791314212.886134,2544842,worker_2,W009,ConvertObjectsToImage,step_completed,success,87.09677419354838,27,31
cp_tutorial_3d_monolayer,3,9,1791314212.8861558,2544842,worker_2,W009,SaveImages,step_started,started,87.09677419354838,27,31
cp_tutorial_3d_monolayer,3,9,1791314212.8898032,2544840,worker_1,W008,SaveImages,step_completed,success,96.7741935483871,30,31
cp_tutorial_3d_monolayer,3,9,1791314212.8927925,2544840,worker_1,W008,pipeline,axis_completed,success,96.7741935483871,30,31
cp_tutorial_3d_monolayer,3,9,1791314212.9047801,2544838,worker_0,W007,OverlayObjects,pattern_group,running,100.0,1,1
cp_tutorial_3d_monolayer,3,9,1791314212.9049284,2544838,worker_0,W007,OverlayObjects,step_completed,success,83.87096774193549,26,31
cp_tutorial_3d_monolayer,3,9,1791314212.9049525,2544838,worker_0,W007,ConvertObjectsToImage,step_started,started,83.87096774193549,26,31
cp_tutorial_3d_monolayer,3,9,1791314212.938882,2544838,worker_0,W007,ConvertObjectsToImage,pattern_group,running,100.0,1,1
cp_tutorial_3d_monolayer,3,9,1791314212.9394598,2544842,worker_2,W009,SaveImages,pattern_group,running,100.0,1,1
cp_tutorial_3d_monolayer,3,9,1791314212.946683,2544842,worker_2,W009,SaveImages,step_completed,success,90.32258064516128,28,31
cp_tutorial_3d_monolayer,3,9,1791314212.9467146,2544842,worker_2,W009,ConvertObjectsToImage,step_started,started,90.32258064516128,28,31
cp_tutorial_3d_monolayer,3,9,1791314212.939069,2544838,worker_0,W007,ConvertObjectsToImage,step_completed,success,87.09677419354838,27,31
cp_tutorial_3d_monolayer,3,9,1791314212.9390955,2544838,worker_0,W007,SaveImages,step_started,started,87.09677419354838,27,31
cp_tutorial_3d_monolayer,3,9,1791314212.9799757,2544842,worker_2,W009,ConvertObjectsToImage,pattern_group,running,100.0,1,1
cp_tutorial_3d_monolayer,3,9,1791314212.9801426,2544842,worker_2,W009,ConvertObjectsToImage,step_completed,success,93.54838709677419,29,31
cp_tutorial_3d_monolayer,3,9,1791314212.9801629,2544842,worker_2,W009,SaveImages,step_started,started,93.54838709677419,29,31
cp_tutorial_3d_monolayer,3,9,1791314212.9905264,2544838,worker_0,W007,SaveImages,pattern_group,running,100.0,1,1
cp_tutorial_3d_monolayer,3,9,1791314212.9969685,2544838,worker_0,W007,SaveImages,step_completed,success,90.32258064516128,28,31
cp_tutorial_3d_monolayer,3,9,1791314212.9970002,2544838,worker_0,W007,ConvertObjectsToImage,step_started,started,90.32258064516128,28,31
cp_tutorial_3d_monolayer,3,9,1791314213.0294955,2544838,worker_0,W007,ConvertObjectsToImage,pattern_group,running,100.0,1,1
cp_tutorial_3d_monolayer,3,9,1791314213.0296714,2544838,worker_0,W007,ConvertObjectsToImage,step_completed,success,93.54838709677419,29,31
cp_tutorial_3d_monolayer,3,9,1791314213.0296922,2544838,worker_0,W007,SaveImages,step_started,started,93.54838709677419,29,31
cp_tutorial_3d_monolayer,3,9,1791314213.029501,2544842,worker_2,W009,SaveImages,pattern_group,running,100.0,1,1
cp_tutorial_3d_monolayer,3,9,1791314213.0359323,2544842,worker_2,W009,SaveImages,step_completed,success,96.7741935483871,30,31
cp_tutorial_3d_monolayer,3,9,1791314213.041068,2544842,worker_2,W009,pipeline,axis_completed,success,96.7741935483871,30,31
cp_tutorial_3d_monolayer,3,9,1791314213.0801244,2544838,worker_0,W007,SaveImages,pattern_group,running,100.0,1,1
cp_tutorial_3d_monolayer,3,9,1791314213.0868766,2544838,worker_0,W007,SaveImages,step_completed,success,96.7741935483871,30,31
cp_tutorial_3d_monolayer,3,9,1791314213.0922894,2544838,worker_0,W007,pipeline,axis_completed,success,96.7741935483871,30,31
cp_tutorial_3d_monolayer,3,9,1791314213.262461,2504960,,,ExportToSpreadsheet,step_started,started,96.7741935483871,30,31
cp_tutorial_3d_monolayer,3,9,1791314213.4336247,2504960,,,ExportToSpreadsheet,step_completed,success,100.0,31,31
cp_tutorial_3d_monolayer,3,9,1791314213.665405,2504960,,,pipeline,success,success,100.0,31,31
