case_name,worker_count,well_count,timestamp,pid,worker_slot,axis_id,step_name,phase,status,percent,completed,total
cp_tutorial_3d_monolayer,4,12,1791460210.4757164,1506880,,,pipeline,compile,started,0.0,0,31
cp_tutorial_3d_monolayer,4,12,1791460210.9249263,1506880,,,,init,started,0.0,0,1
cp_tutorial_3d_monolayer,4,12,1791460211.447577,1506880,,W001,compilation,compile,running,8.333333333333332,1,12
cp_tutorial_3d_monolayer,4,12,1791460211.5002563,1506880,,W002,compilation,compile,running,16.666666666666664,2,12
cp_tutorial_3d_monolayer,4,12,1791460211.5818644,1506880,,W003,compilation,compile,running,25.0,3,12
cp_tutorial_3d_monolayer,4,12,1791460211.6342542,1506880,,W004,compilation,compile,running,33.33333333333333,4,12
cp_tutorial_3d_monolayer,4,12,1791460211.6865122,1506880,,W005,compilation,compile,running,41.66666666666667,5,12
cp_tutorial_3d_monolayer,4,12,1791460211.7387712,1506880,,W006,compilation,compile,running,50.0,6,12
cp_tutorial_3d_monolayer,4,12,1791460211.7911127,1506880,,W007,compilation,compile,running,58.333333333333336,7,12
cp_tutorial_3d_monolayer,4,12,1791460211.843813,1506880,,W008,compilation,compile,running,66.66666666666666,8,12
cp_tutorial_3d_monolayer,4,12,1791460211.8963141,1506880,,W009,compilation,compile,running,75.0,9,12
cp_tutorial_3d_monolayer,4,12,1791460211.950481,1506880,,W010,compilation,compile,running,83.33333333333334,10,12
cp_tutorial_3d_monolayer,4,12,1791460212.0039742,1506880,,W011,compilation,compile,running,91.66666666666666,11,12
cp_tutorial_3d_monolayer,4,12,1791460212.0558846,1506880,,W012,compilation,compile,running,100.0,12,12
cp_tutorial_3d_monolayer,4,12,1791460212.0636,1506880,,,,init,started,0.0,0,1
cp_tutorial_3d_monolayer,4,12,1791460212.0636988,1506880,,,pipeline,compile,success,100.0,1,31
cp_tutorial_3d_monolayer,4,12,1791460212.0637515,1506880,,W001,compilation,compile,success,100.0,1,1
cp_tutorial_3d_monolayer,4,12,1791460212.0637805,1506880,,W002,compilation,compile,success,100.0,1,1
cp_tutorial_3d_monolayer,4,12,1791460212.0638063,1506880,,W003,compilation,compile,success,100.0,1,1
cp_tutorial_3d_monolayer,4,12,1791460212.0638309,1506880,,W004,compilation,compile,success,100.0,1,1
cp_tutorial_3d_monolayer,4,12,1791460212.0638552,1506880,,W005,compilation,compile,success,100.0,1,1
cp_tutorial_3d_monolayer,4,12,1791460212.0638795,1506880,,W006,compilation,compile,success,100.0,1,1
cp_tutorial_3d_monolayer,4,12,1791460212.0639033,1506880,,W007,compilation,compile,success,100.0,1,1
cp_tutorial_3d_monolayer,4,12,1791460212.0639274,1506880,,W008,compilation,compile,success,100.0,1,1
cp_tutorial_3d_monolayer,4,12,1791460212.0639508,1506880,,W009,compilation,compile,success,100.0,1,1
cp_tutorial_3d_monolayer,4,12,1791460212.0639753,1506880,,W010,compilation,compile,success,100.0,1,1
cp_tutorial_3d_monolayer,4,12,1791460212.064,1506880,,W011,compilation,compile,success,100.0,1,1
cp_tutorial_3d_monolayer,4,12,1791460212.0640242,1506880,,W012,compilation,compile,success,100.0,1,1
cp_tutorial_3d_monolayer,4,12,1791460212.0847304,1506880,,,,init,started,0.0,0,1
cp_tutorial_3d_monolayer,4,12,1791460212.3301737,1507333,worker_0,W001,pipeline,axis_started,started,0.0,0,31
cp_tutorial_3d_monolayer,4,12,1791460212.3337936,1507333,worker_0,W001,RescaleIntensity,step_started,started,0.0,0,31
cp_tutorial_3d_monolayer,4,12,1791460212.355138,1507334,worker_1,W002,pipeline,axis_started,started,0.0,0,31
cp_tutorial_3d_monolayer,4,12,1791460212.3585749,1507334,worker_1,W002,RescaleIntensity,step_started,started,0.0,0,31
cp_tutorial_3d_monolayer,4,12,1791460212.3805666,1507335,worker_2,W003,pipeline,axis_started,started,0.0,0,31
cp_tutorial_3d_monolayer,4,12,1791460212.3837795,1507335,worker_2,W003,RescaleIntensity,step_started,started,0.0,0,31
cp_tutorial_3d_monolayer,4,12,1791460212.4065995,1507336,worker_3,W004,pipeline,axis_started,started,0.0,0,31
cp_tutorial_3d_monolayer,4,12,1791460212.409768,1507336,worker_3,W004,RescaleIntensity,step_started,started,0.0,0,31
cp_tutorial_3d_monolayer,4,12,1791460212.9200394,1507333,worker_0,W001,RescaleIntensity,pattern_group,running,100.0,1,1
cp_tutorial_3d_monolayer,4,12,1791460212.9205925,1507333,worker_0,W001,RescaleIntensity,step_completed,success,3.225806451612903,1,31
cp_tutorial_3d_monolayer,4,12,1791460212.9209344,1507333,worker_0,W001,Resize,step_started,started,3.225806451612903,1,31
cp_tutorial_3d_monolayer,4,12,1791460212.9518354,1507334,worker_1,W002,RescaleIntensity,pattern_group,running,100.0,1,1
cp_tutorial_3d_monolayer,4,12,1791460212.9524531,1507334,worker_1,W002,RescaleIntensity,step_completed,success,3.225806451612903,1,31
cp_tutorial_3d_monolayer,4,12,1791460212.952912,1507334,worker_1,W002,Resize,step_started,started,3.225806451612903,1,31
cp_tutorial_3d_monolayer,4,12,1791460212.969414,1507335,worker_2,W003,RescaleIntensity,pattern_group,running,100.0,1,1
cp_tutorial_3d_monolayer,4,12,1791460212.9698274,1507335,worker_2,W003,RescaleIntensity,step_completed,success,3.225806451612903,1,31
cp_tutorial_3d_monolayer,4,12,1791460212.9702268,1507335,worker_2,W003,Resize,step_started,started,3.225806451612903,1,31
cp_tutorial_3d_monolayer,4,12,1791460212.9887269,1507333,worker_0,W001,Resize,pattern_group,running,100.0,1,1
cp_tutorial_3d_monolayer,4,12,1791460212.989608,1507333,worker_0,W001,Resize,step_completed,success,6.451612903225806,2,31
cp_tutorial_3d_monolayer,4,12,1791460212.9902916,1507333,worker_0,W001,MedianFilter,step_started,started,6.451612903225806,2,31
cp_tutorial_3d_monolayer,4,12,1791460213.015261,1507336,worker_3,W004,RescaleIntensity,pattern_group,running,100.0,1,1
cp_tutorial_3d_monolayer,4,12,1791460213.015703,1507336,worker_3,W004,RescaleIntensity,step_completed,success,3.225806451612903,1,31
cp_tutorial_3d_monolayer,4,12,1791460213.0161114,1507336,worker_3,W004,Resize,step_started,started,3.225806451612903,1,31
cp_tutorial_3d_monolayer,4,12,1791460213.0202527,1507334,worker_1,W002,Resize,pattern_group,running,100.0,1,1
cp_tutorial_3d_monolayer,4,12,1791460213.0206008,1507334,worker_1,W002,Resize,step_completed,success,6.451612903225806,2,31
cp_tutorial_3d_monolayer,4,12,1791460213.0209975,1507334,worker_1,W002,MedianFilter,step_started,started,6.451612903225806,2,31
cp_tutorial_3d_monolayer,4,12,1791460213.0304737,1507335,worker_2,W003,Resize,pattern_group,running,100.0,1,1
cp_tutorial_3d_monolayer,4,12,1791460213.0308464,1507335,worker_2,W003,Resize,step_completed,success,6.451612903225806,2,31
cp_tutorial_3d_monolayer,4,12,1791460213.0312295,1507335,worker_2,W003,MedianFilter,step_started,started,6.451612903225806,2,31
cp_tutorial_3d_monolayer,4,12,1791460213.074295,1507336,worker_3,W004,Resize,pattern_group,running,100.0,1,1
cp_tutorial_3d_monolayer,4,12,1791460213.0746422,1507336,worker_3,W004,Resize,step_completed,success,6.451612903225806,2,31
cp_tutorial_3d_monolayer,4,12,1791460213.0750175,1507336,worker_3,W004,MedianFilter,step_started,started,6.451612903225806,2,31
cp_tutorial_3d_monolayer,4,12,1791460213.1603496,1507333,worker_0,W001,MedianFilter,pattern_group,running,100.0,1,1
cp_tutorial_3d_monolayer,4,12,1791460213.1606956,1507333,worker_0,W001,MedianFilter,step_completed,success,9.67741935483871,3,31
cp_tutorial_3d_monolayer,4,12,1791460213.1611195,1507333,worker_0,W001,Threshold,step_started,started,9.67741935483871,3,31
cp_tutorial_3d_monolayer,4,12,1791460213.1882973,1507334,worker_1,W002,MedianFilter,pattern_group,running,100.0,1,1
cp_tutorial_3d_monolayer,4,12,1791460213.188829,1507334,worker_1,W002,MedianFilter,step_completed,success,9.67741935483871,3,31
cp_tutorial_3d_monolayer,4,12,1791460213.1892855,1507334,worker_1,W002,Threshold,step_started,started,9.67741935483871,3,31
cp_tutorial_3d_monolayer,4,12,1791460213.1937816,1507335,worker_2,W003,MedianFilter,pattern_group,running,100.0,1,1
cp_tutorial_3d_monolayer,4,12,1791460213.1940856,1507335,worker_2,W003,MedianFilter,step_completed,success,9.67741935483871,3,31
cp_tutorial_3d_monolayer,4,12,1791460213.1946278,1507335,worker_2,W003,Threshold,step_started,started,9.67741935483871,3,31
cp_tutorial_3d_monolayer,4,12,1791460213.1978776,1507333,worker_0,W001,Threshold,pattern_group,running,100.0,1,1
cp_tutorial_3d_monolayer,4,12,1791460213.1983492,1507333,worker_0,W001,Threshold,step_completed,success,12.903225806451612,4,31
cp_tutorial_3d_monolayer,4,12,1791460213.1988323,1507333,worker_0,W001,RemoveHoles,step_started,started,12.903225806451612,4,31
cp_tutorial_3d_monolayer,4,12,1791460213.215909,1507333,worker_0,W001,RemoveHoles,pattern_group,running,100.0,1,1
cp_tutorial_3d_monolayer,4,12,1791460213.2163048,1507333,worker_0,W001,RemoveHoles,step_completed,success,16.129032258064516,5,31
cp_tutorial_3d_monolayer,4,12,1791460213.2169845,1507333,worker_0,W001,Watershed,step_started,started,16.129032258064516,5,31
cp_tutorial_3d_monolayer,4,12,1791460213.229149,1507334,worker_1,W002,Threshold,pattern_group,running,100.0,1,1
cp_tutorial_3d_monolayer,4,12,1791460213.2296474,1507334,worker_1,W002,Threshold,step_completed,success,12.903225806451612,4,31
cp_tutorial_3d_monolayer,4,12,1791460213.2301378,1507334,worker_1,W002,RemoveHoles,step_started,started,12.903225806451612,4,31
cp_tutorial_3d_monolayer,4,12,1791460213.2351744,1507335,worker_2,W003,Threshold,pattern_group,running,100.0,1,1
cp_tutorial_3d_monolayer,4,12,1791460213.235796,1507335,worker_2,W003,Threshold,step_completed,success,12.903225806451612,4,31
cp_tutorial_3d_monolayer,4,12,1791460213.2365062,1507335,worker_2,W003,RemoveHoles,step_started,started,12.903225806451612,4,31
cp_tutorial_3d_monolayer,4,12,1791460213.2421381,1507336,worker_3,W004,MedianFilter,pattern_group,running,100.0,1,1
cp_tutorial_3d_monolayer,4,12,1791460213.242438,1507336,worker_3,W004,MedianFilter,step_completed,success,9.67741935483871,3,31
cp_tutorial_3d_monolayer,4,12,1791460213.2428446,1507336,worker_3,W004,Threshold,step_started,started,9.67741935483871,3,31
cp_tutorial_3d_monolayer,4,12,1791460213.2479646,1507334,worker_1,W002,RemoveHoles,pattern_group,running,100.0,1,1
cp_tutorial_3d_monolayer,4,12,1791460213.2483563,1507334,worker_1,W002,RemoveHoles,step_completed,success,16.129032258064516,5,31
cp_tutorial_3d_monolayer,4,12,1791460213.2489638,1507334,worker_1,W002,Watershed,step_started,started,16.129032258064516,5,31
cp_tutorial_3d_monolayer,4,12,1791460213.256149,1507335,worker_2,W003,RemoveHoles,pattern_group,running,100.0,1,1
cp_tutorial_3d_monolayer,4,12,1791460213.2567122,1507335,worker_2,W003,RemoveHoles,step_completed,success,16.129032258064516,5,31
cp_tutorial_3d_monolayer,4,12,1791460213.2573545,1507335,worker_2,W003,Watershed,step_started,started,16.129032258064516,5,31
cp_tutorial_3d_monolayer,4,12,1791460213.2855468,1507336,worker_3,W004,Threshold,pattern_group,running,100.0,1,1
cp_tutorial_3d_monolayer,4,12,1791460213.2862391,1507336,worker_3,W004,Threshold,step_completed,success,12.903225806451612,4,31
cp_tutorial_3d_monolayer,4,12,1791460213.2868216,1507336,worker_3,W004,RemoveHoles,step_started,started,12.903225806451612,4,31
cp_tutorial_3d_monolayer,4,12,1791460213.305825,1507336,worker_3,W004,RemoveHoles,pattern_group,running,100.0,1,1
cp_tutorial_3d_monolayer,4,12,1791460213.3062174,1507336,worker_3,W004,RemoveHoles,step_completed,success,16.129032258064516,5,31
cp_tutorial_3d_monolayer,4,12,1791460213.3067174,1507336,worker_3,W004,Watershed,step_started,started,16.129032258064516,5,31
cp_tutorial_3d_monolayer,4,12,1791460213.3100371,1507333,worker_0,W001,Watershed,pattern_group,running,100.0,1,1
cp_tutorial_3d_monolayer,4,12,1791460213.310762,1507333,worker_0,W001,Watershed,step_completed,success,19.35483870967742,6,31
cp_tutorial_3d_monolayer,4,12,1791460213.3113406,1507333,worker_0,W001,ResizeObjects,step_started,started,19.35483870967742,6,31
cp_tutorial_3d_monolayer,4,12,1791460213.3391364,1507333,worker_0,W001,ResizeObjects,pattern_group,running,100.0,1,1
cp_tutorial_3d_monolayer,4,12,1791460213.3398798,1507333,worker_0,W001,ResizeObjects,step_completed,success,22.58064516129032,7,31
cp_tutorial_3d_monolayer,4,12,1791460213.3404956,1507333,worker_0,W001,ErodeObjects,step_started,started,22.58064516129032,7,31
cp_tutorial_3d_monolayer,4,12,1791460213.3492637,1507334,worker_1,W002,Watershed,pattern_group,running,100.0,1,1
cp_tutorial_3d_monolayer,4,12,1791460213.3502147,1507334,worker_1,W002,Watershed,step_completed,success,19.35483870967742,6,31
cp_tutorial_3d_monolayer,4,12,1791460213.3508677,1507334,worker_1,W002,ResizeObjects,step_started,started,19.35483870967742,6,31
cp_tutorial_3d_monolayer,4,12,1791460213.3556485,1507335,worker_2,W003,Watershed,pattern_group,running,100.0,1,1
cp_tutorial_3d_monolayer,4,12,1791460213.3566203,1507335,worker_2,W003,Watershed,step_completed,success,19.35483870967742,6,31
cp_tutorial_3d_monolayer,4,12,1791460213.3580806,1507335,worker_2,W003,ResizeObjects,step_started,started,19.35483870967742,6,31
cp_tutorial_3d_monolayer,4,12,1791460213.3815172,1507334,worker_1,W002,ResizeObjects,pattern_group,running,100.0,1,1
cp_tutorial_3d_monolayer,4,12,1791460213.3823142,1507334,worker_1,W002,ResizeObjects,step_completed,success,22.58064516129032,7,31
cp_tutorial_3d_monolayer,4,12,1791460213.382928,1507334,worker_1,W002,ErodeObjects,step_started,started,22.58064516129032,7,31
cp_tutorial_3d_monolayer,4,12,1791460213.389202,1507335,worker_2,W003,ResizeObjects,pattern_group,running,100.0,1,1
cp_tutorial_3d_monolayer,4,12,1791460213.3904083,1507335,worker_2,W003,ResizeObjects,step_completed,success,22.58064516129032,7,31
cp_tutorial_3d_monolayer,4,12,1791460213.3915975,1507335,worker_2,W003,ErodeObjects,step_started,started,22.58064516129032,7,31
cp_tutorial_3d_monolayer,4,12,1791460213.3956223,1507333,worker_0,W001,ErodeObjects,pattern_group,running,100.0,1,1
cp_tutorial_3d_monolayer,4,12,1791460213.3965018,1507333,worker_0,W001,ErodeObjects,step_completed,success,25.806451612903224,8,31
cp_tutorial_3d_monolayer,4,12,1791460213.397225,1507333,worker_0,W001,ResizeObjects,step_started,started,25.806451612903224,8,31
cp_tutorial_3d_monolayer,4,12,1791460213.4135647,1507336,worker_3,W004,Watershed,pattern_group,running,100.0,1,1
cp_tutorial_3d_monolayer,4,12,1791460213.4143205,1507336,worker_3,W004,Watershed,step_completed,success,19.35483870967742,6,31
cp_tutorial_3d_monolayer,4,12,1791460213.4149034,1507336,worker_3,W004,ResizeObjects,step_started,started,19.35483870967742,6,31
cp_tutorial_3d_monolayer,4,12,1791460213.424385,1507333,worker_0,W001,ResizeObjects,pattern_group,running,100.0,1,1
cp_tutorial_3d_monolayer,4,12,1791460213.4254599,1507333,worker_0,W001,ResizeObjects,step_completed,success,29.03225806451613,9,31
cp_tutorial_3d_monolayer,4,12,1791460213.4262328,1507333,worker_0,W001,ConvertObjectsToImage,step_started,started,29.03225806451613,9,31
cp_tutorial_3d_monolayer,4,12,1791460213.4427288,1507334,worker_1,W002,ErodeObjects,pattern_group,running,100.0,1,1
cp_tutorial_3d_monolayer,4,12,1791460213.4435246,1507334,worker_1,W002,ErodeObjects,step_completed,success,25.806451612903224,8,31
cp_tutorial_3d_monolayer,4,12,1791460213.4442258,1507334,worker_1,W002,ResizeObjects,step_started,started,25.806451612903224,8,31
cp_tutorial_3d_monolayer,4,12,1791460213.447373,1507336,worker_3,W004,ResizeObjects,pattern_group,running,100.0,1,1
cp_tutorial_3d_monolayer,4,12,1791460213.4483392,1507335,worker_2,W003,ErodeObjects,pattern_group,running,100.0,1,1
cp_tutorial_3d_monolayer,4,12,1791460213.4488955,1507336,worker_3,W004,ResizeObjects,step_completed,success,22.58064516129032,7,31
cp_tutorial_3d_monolayer,4,12,1791460213.4490404,1507335,worker_2,W003,ErodeObjects,step_completed,success,25.806451612903224,8,31
cp_tutorial_3d_monolayer,4,12,1791460213.4494824,1507336,worker_3,W004,ErodeObjects,step_started,started,22.58064516129032,7,31
cp_tutorial_3d_monolayer,4,12,1791460213.449717,1507335,worker_2,W003,ResizeObjects,step_started,started,25.806451612903224,8,31
cp_tutorial_3d_monolayer,4,12,1791460213.4514134,1507333,worker_0,W001,ConvertObjectsToImage,pattern_group,running,100.0,1,1
cp_tutorial_3d_monolayer,4,12,1791460213.4522011,1507333,worker_0,W001,ConvertObjectsToImage,step_completed,success,32.25806451612903,10,31
cp_tutorial_3d_monolayer,4,12,1791460213.4529881,1507333,worker_0,W001,Threshold,step_started,started,32.25806451612903,10,31
cp_tutorial_3d_monolayer,4,12,1791460213.4763455,1507334,worker_1,W002,ResizeObjects,pattern_group,running,100.0,1,1
cp_tutorial_3d_monolayer,4,12,1791460213.4770682,1507334,worker_1,W002,ResizeObjects,step_completed,success,29.03225806451613,9,31
cp_tutorial_3d_monolayer,4,12,1791460213.4777424,1507334,worker_1,W002,ConvertObjectsToImage,step_started,started,29.03225806451613,9,31
cp_tutorial_3d_monolayer,4,12,1791460213.478854,1507335,worker_2,W003,ResizeObjects,pattern_group,running,100.0,1,1
cp_tutorial_3d_monolayer,4,12,1791460213.4796746,1507335,worker_2,W003,ResizeObjects,step_completed,success,29.03225806451613,9,31
cp_tutorial_3d_monolayer,4,12,1791460213.4811919,1507335,worker_2,W003,ConvertObjectsToImage,step_started,started,29.03225806451613,9,31
cp_tutorial_3d_monolayer,4,12,1791460213.5021873,1507334,worker_1,W002,ConvertObjectsToImage,pattern_group,running,100.0,1,1
cp_tutorial_3d_monolayer,4,12,1791460213.502483,1507334,worker_1,W002,ConvertObjectsToImage,step_completed,success,32.25806451612903,10,31
cp_tutorial_3d_monolayer,4,12,1791460213.5029726,1507334,worker_1,W002,Threshold,step_started,started,32.25806451612903,10,31
cp_tutorial_3d_monolayer,4,12,1791460213.5063796,1507335,worker_2,W003,ConvertObjectsToImage,pattern_group,running,100.0,1,1
cp_tutorial_3d_monolayer,4,12,1791460213.5068417,1507335,worker_2,W003,ConvertObjectsToImage,step_completed,success,32.25806451612903,10,31
cp_tutorial_3d_monolayer,4,12,1791460213.5075467,1507335,worker_2,W003,Threshold,step_started,started,32.25806451612903,10,31
cp_tutorial_3d_monolayer,4,12,1791460213.5103083,1507336,worker_3,W004,ErodeObjects,pattern_group,running,100.0,1,1
cp_tutorial_3d_monolayer,4,12,1791460213.5109375,1507336,worker_3,W004,ErodeObjects,step_completed,success,25.806451612903224,8,31
cp_tutorial_3d_monolayer,4,12,1791460213.5115561,1507336,worker_3,W004,ResizeObjects,step_started,started,25.806451612903224,8,31
cp_tutorial_3d_monolayer,4,12,1791460213.5365982,1507336,worker_3,W004,ResizeObjects,pattern_group,running,100.0,1,1
cp_tutorial_3d_monolayer,4,12,1791460213.5373068,1507336,worker_3,W004,ResizeObjects,step_completed,success,29.03225806451613,9,31
cp_tutorial_3d_monolayer,4,12,1791460213.5379636,1507336,worker_3,W004,ConvertObjectsToImage,step_started,started,29.03225806451613,9,31
cp_tutorial_3d_monolayer,4,12,1791460213.5590208,1507336,worker_3,W004,ConvertObjectsToImage,pattern_group,running,100.0,1,1
cp_tutorial_3d_monolayer,4,12,1791460213.5594044,1507336,worker_3,W004,ConvertObjectsToImage,step_completed,success,32.25806451612903,10,31
cp_tutorial_3d_monolayer,4,12,1791460213.5599773,1507336,worker_3,W004,Threshold,step_started,started,32.25806451612903,10,31
cp_tutorial_3d_monolayer,4,12,1791460213.6520681,1507333,worker_0,W001,Threshold,pattern_group,running,100.0,1,1
cp_tutorial_3d_monolayer,4,12,1791460213.6526024,1507333,worker_0,W001,Threshold,step_completed,success,35.483870967741936,11,31
cp_tutorial_3d_monolayer,4,12,1791460213.6530797,1507333,worker_0,W001,ImageMath,step_started,started,35.483870967741936,11,31
cp_tutorial_3d_monolayer,4,12,1791460213.6931276,1507333,worker_0,W001,ImageMath,pattern_group,running,100.0,1,1
cp_tutorial_3d_monolayer,4,12,1791460213.6935365,1507333,worker_0,W001,ImageMath,step_completed,success,38.70967741935484,12,31
cp_tutorial_3d_monolayer,4,12,1791460213.6941679,1507333,worker_0,W001,RemoveHoles,step_started,started,38.70967741935484,12,31
cp_tutorial_3d_monolayer,4,12,1791460213.6954725,1507334,worker_1,W002,Threshold,pattern_group,running,100.0,1,1
cp_tutorial_3d_monolayer,4,12,1791460213.6960025,1507334,worker_1,W002,Threshold,step_completed,success,35.483870967741936,11,31
cp_tutorial_3d_monolayer,4,12,1791460213.6964633,1507334,worker_1,W002,ImageMath,step_started,started,35.483870967741936,11,31
cp_tutorial_3d_monolayer,4,12,1791460213.7026198,1507335,worker_2,W003,Threshold,pattern_group,running,100.0,1,1
cp_tutorial_3d_monolayer,4,12,1791460213.7032347,1507335,worker_2,W003,Threshold,step_completed,success,35.483870967741936,11,31
cp_tutorial_3d_monolayer,4,12,1791460213.7036195,1507335,worker_2,W003,ImageMath,step_started,started,35.483870967741936,11,31
cp_tutorial_3d_monolayer,4,12,1791460213.732046,1507334,worker_1,W002,ImageMath,pattern_group,running,100.0,1,1
cp_tutorial_3d_monolayer,4,12,1791460213.7325182,1507334,worker_1,W002,ImageMath,step_completed,success,38.70967741935484,12,31
cp_tutorial_3d_monolayer,4,12,1791460213.7334566,1507334,worker_1,W002,RemoveHoles,step_started,started,38.70967741935484,12,31
cp_tutorial_3d_monolayer,4,12,1791460213.739137,1507335,worker_2,W003,ImageMath,pattern_group,running,100.0,1,1
cp_tutorial_3d_monolayer,4,12,1791460213.7398503,1507335,worker_2,W003,ImageMath,step_completed,success,38.70967741935484,12,31
cp_tutorial_3d_monolayer,4,12,1791460213.7408621,1507335,worker_2,W003,RemoveHoles,step_started,started,38.70967741935484,12,31
cp_tutorial_3d_monolayer,4,12,1791460213.7452316,1507333,worker_0,W001,RemoveHoles,pattern_group,running,100.0,1,1
cp_tutorial_3d_monolayer,4,12,1791460213.7457037,1507333,worker_0,W001,RemoveHoles,step_completed,success,41.935483870967744,13,31
cp_tutorial_3d_monolayer,4,12,1791460213.746338,1507333,worker_0,W001,ImageMath,step_started,started,41.935483870967744,13,31
cp_tutorial_3d_monolayer,4,12,1791460213.7491653,1507336,worker_3,W004,Threshold,pattern_group,running,100.0,1,1
cp_tutorial_3d_monolayer,4,12,1791460213.749851,1507336,worker_3,W004,Threshold,step_completed,success,35.483870967741936,11,31
cp_tutorial_3d_monolayer,4,12,1791460213.7503986,1507336,worker_3,W004,ImageMath,step_started,started,35.483870967741936,11,31
cp_tutorial_3d_monolayer,4,12,1791460213.787119,1507336,worker_3,W004,ImageMath,pattern_group,running,100.0,1,1
cp_tutorial_3d_monolayer,4,12,1791460213.7889428,1507334,worker_1,W002,RemoveHoles,pattern_group,running,100.0,1,1
cp_tutorial_3d_monolayer,4,12,1791460213.7875803,1507336,worker_3,W004,ImageMath,step_completed,success,38.70967741935484,12,31
cp_tutorial_3d_monolayer,4,12,1791460213.7892582,1507334,worker_1,W002,RemoveHoles,step_completed,success,41.935483870967744,13,31
cp_tutorial_3d_monolayer,4,12,1791460213.7881432,1507336,worker_3,W004,RemoveHoles,step_started,started,38.70967741935484,12,31
cp_tutorial_3d_monolayer,4,12,1791460213.7898543,1507334,worker_1,W002,ImageMath,step_started,started,41.935483870967744,13,31
cp_tutorial_3d_monolayer,4,12,1791460213.7944844,1507335,worker_2,W003,RemoveHoles,pattern_group,running,100.0,1,1
cp_tutorial_3d_monolayer,4,12,1791460213.7949297,1507335,worker_2,W003,RemoveHoles,step_completed,success,41.935483870967744,13,31
cp_tutorial_3d_monolayer,4,12,1791460213.795904,1507335,worker_2,W003,ImageMath,step_started,started,41.935483870967744,13,31
cp_tutorial_3d_monolayer,4,12,1791460213.847654,1507336,worker_3,W004,RemoveHoles,pattern_group,running,100.0,1,1
cp_tutorial_3d_monolayer,4,12,1791460213.848066,1507336,worker_3,W004,RemoveHoles,step_completed,success,41.935483870967744,13,31
cp_tutorial_3d_monolayer,4,12,1791460213.8486745,1507336,worker_3,W004,ImageMath,step_started,started,41.935483870967744,13,31
cp_tutorial_3d_monolayer,4,12,1791460214.05048,1507333,worker_0,W001,ImageMath,pattern_group,running,100.0,1,1
cp_tutorial_3d_monolayer,4,12,1791460214.0509129,1507333,worker_0,W001,ImageMath,step_completed,success,45.16129032258064,14,31
cp_tutorial_3d_monolayer,4,12,1791460214.0514114,1507333,worker_0,W001,Resize,step_started,started,45.16129032258064,14,31
cp_tutorial_3d_monolayer,4,12,1791460214.0805836,1507335,worker_2,W003,ImageMath,pattern_group,running,100.0,1,1
cp_tutorial_3d_monolayer,4,12,1791460214.0809875,1507335,worker_2,W003,ImageMath,step_completed,success,45.16129032258064,14,31
cp_tutorial_3d_monolayer,4,12,1791460214.081201,1507334,worker_1,W002,ImageMath,pattern_group,running,100.0,1,1
cp_tutorial_3d_monolayer,4,12,1791460214.0814433,1507335,worker_2,W003,Resize,step_started,started,45.16129032258064,14,31
cp_tutorial_3d_monolayer,4,12,1791460214.0815353,1507334,worker_1,W002,ImageMath,step_completed,success,45.16129032258064,14,31
cp_tutorial_3d_monolayer,4,12,1791460214.0820029,1507334,worker_1,W002,Resize,step_started,started,45.16129032258064,14,31
cp_tutorial_3d_monolayer,4,12,1791460214.1181424,1507333,worker_0,W001,Resize,pattern_group,running,100.0,1,1
cp_tutorial_3d_monolayer,4,12,1791460214.1185758,1507333,worker_0,W001,Resize,step_completed,success,48.38709677419355,15,31
cp_tutorial_3d_monolayer,4,12,1791460214.119239,1507333,worker_0,W001,Closing,step_started,started,48.38709677419355,15,31
cp_tutorial_3d_monolayer,4,12,1791460214.140181,1507336,worker_3,W004,ImageMath,pattern_group,running,100.0,1,1
cp_tutorial_3d_monolayer,4,12,1791460214.140556,1507336,worker_3,W004,ImageMath,step_completed,success,45.16129032258064,14,31
cp_tutorial_3d_monolayer,4,12,1791460214.14093,1507336,worker_3,W004,Resize,step_started,started,45.16129032258064,14,31
cp_tutorial_3d_monolayer,4,12,1791460214.1451185,1507335,worker_2,W003,Resize,pattern_group,running,100.0,1,1
cp_tutorial_3d_monolayer,4,12,1791460214.145583,1507335,worker_2,W003,Resize,step_completed,success,48.38709677419355,15,31
cp_tutorial_3d_monolayer,4,12,1791460214.146328,1507335,worker_2,W003,Closing,step_started,started,48.38709677419355,15,31
cp_tutorial_3d_monolayer,4,12,1791460214.1466928,1507334,worker_1,W002,Resize,pattern_group,running,100.0,1,1
cp_tutorial_3d_monolayer,4,12,1791460214.1470468,1507334,worker_1,W002,Resize,step_completed,success,48.38709677419355,15,31
cp_tutorial_3d_monolayer,4,12,1791460214.1477456,1507334,worker_1,W002,Closing,step_started,started,48.38709677419355,15,31
cp_tutorial_3d_monolayer,4,12,1791460214.2054453,1507336,worker_3,W004,Resize,pattern_group,running,100.0,1,1
cp_tutorial_3d_monolayer,4,12,1791460214.2060556,1507336,worker_3,W004,Resize,step_completed,success,48.38709677419355,15,31
cp_tutorial_3d_monolayer,4,12,1791460214.2068818,1507336,worker_3,W004,Closing,step_started,started,48.38709677419355,15,31
cp_tutorial_3d_monolayer,4,12,1791460214.2114873,1507333,worker_0,W001,Closing,pattern_group,running,100.0,1,1
cp_tutorial_3d_monolayer,4,12,1791460214.2118976,1507333,worker_0,W001,Closing,step_completed,success,51.61290322580645,16,31
cp_tutorial_3d_monolayer,4,12,1791460214.212681,1507333,worker_0,W001,Resize,step_started,started,51.61290322580645,16,31
cp_tutorial_3d_monolayer,4,12,1791460214.2325373,1507335,worker_2,W003,Closing,pattern_group,running,100.0,1,1
cp_tutorial_3d_monolayer,4,12,1791460214.2329245,1507335,worker_2,W003,Closing,step_completed,success,51.61290322580645,16,31
cp_tutorial_3d_monolayer,4,12,1791460214.233692,1507335,worker_2,W003,Resize,step_started,started,51.61290322580645,16,31
cp_tutorial_3d_monolayer,4,12,1791460214.2357044,1507334,worker_1,W002,Closing,pattern_group,running,100.0,1,1
cp_tutorial_3d_monolayer,4,12,1791460214.2360346,1507334,worker_1,W002,Closing,step_completed,success,51.61290322580645,16,31
cp_tutorial_3d_monolayer,4,12,1791460214.2371235,1507334,worker_1,W002,Resize,step_started,started,51.61290322580645,16,31
cp_tutorial_3d_monolayer,4,12,1791460214.2674084,1507333,worker_0,W001,Resize,pattern_group,running,100.0,1,1
cp_tutorial_3d_monolayer,4,12,1791460214.2679079,1507333,worker_0,W001,Resize,step_completed,success,54.83870967741935,17,31
cp_tutorial_3d_monolayer,4,12,1791460214.268617,1507333,worker_0,W001,Threshold,step_started,started,54.83870967741935,17,31
cp_tutorial_3d_monolayer,4,12,1791460214.2846975,1507335,worker_2,W003,Resize,pattern_group,running,100.0,1,1
cp_tutorial_3d_monolayer,4,12,1791460214.2853947,1507335,worker_2,W003,Resize,step_completed,success,54.83870967741935,17,31
cp_tutorial_3d_monolayer,4,12,1791460214.2862625,1507335,worker_2,W003,Threshold,step_started,started,54.83870967741935,17,31
cp_tutorial_3d_monolayer,4,12,1791460214.2892935,1507334,worker_1,W002,Resize,pattern_group,running,100.0,1,1
cp_tutorial_3d_monolayer,4,12,1791460214.289713,1507334,worker_1,W002,Resize,step_completed,success,54.83870967741935,17,31
cp_tutorial_3d_monolayer,4,12,1791460214.2904987,1507334,worker_1,W002,Threshold,step_started,started,54.83870967741935,17,31
cp_tutorial_3d_monolayer,4,12,1791460214.292972,1507336,worker_3,W004,Closing,pattern_group,running,100.0,1,1
cp_tutorial_3d_monolayer,4,12,1791460214.2934484,1507336,worker_3,W004,Closing,step_completed,success,51.61290322580645,16,31
cp_tutorial_3d_monolayer,4,12,1791460214.2941754,1507336,worker_3,W004,Resize,step_started,started,51.61290322580645,16,31
cp_tutorial_3d_monolayer,4,12,1791460214.3493652,1507336,worker_3,W004,Resize,pattern_group,running,100.0,1,1
cp_tutorial_3d_monolayer,4,12,1791460214.3498204,1507336,worker_3,W004,Resize,step_completed,success,54.83870967741935,17,31
cp_tutorial_3d_monolayer,4,12,1791460214.3507214,1507336,worker_3,W004,Threshold,step_started,started,54.83870967741935,17,31
cp_tutorial_3d_monolayer,4,12,1791460214.4215155,1507333,worker_0,W001,Threshold,pattern_group,running,100.0,1,1
cp_tutorial_3d_monolayer,4,12,1791460214.4221015,1507333,worker_0,W001,Threshold,step_completed,success,58.06451612903226,18,31
cp_tutorial_3d_monolayer,4,12,1791460214.4228542,1507333,worker_0,W001,MaskImage,step_started,started,58.06451612903226,18,31
cp_tutorial_3d_monolayer,4,12,1791460214.4425867,1507335,worker_2,W003,Threshold,pattern_group,running,100.0,1,1
cp_tutorial_3d_monolayer,4,12,1791460214.4430933,1507335,worker_2,W003,Threshold,step_completed,success,58.06451612903226,18,31
cp_tutorial_3d_monolayer,4,12,1791460214.4436722,1507335,worker_2,W003,MaskImage,step_started,started,58.06451612903226,18,31
cp_tutorial_3d_monolayer,4,12,1791460214.4479458,1507334,worker_1,W002,Threshold,pattern_group,running,100.0,1,1
cp_tutorial_3d_monolayer,4,12,1791460214.4484572,1507334,worker_1,W002,Threshold,step_completed,success,58.06451612903226,18,31
cp_tutorial_3d_monolayer,4,12,1791460214.4491339,1507334,worker_1,W002,MaskImage,step_started,started,58.06451612903226,18,31
cp_tutorial_3d_monolayer,4,12,1791460214.4736931,1507333,worker_0,W001,MaskImage,pattern_group,running,100.0,1,1
cp_tutorial_3d_monolayer,4,12,1791460214.4741085,1507333,worker_0,W001,MaskImage,step_completed,success,61.29032258064516,19,31
cp_tutorial_3d_monolayer,4,12,1791460214.4748876,1507333,worker_0,W001,ErodeImage,step_started,started,61.29032258064516,19,31
cp_tutorial_3d_monolayer,4,12,1791460214.4887419,1507336,worker_3,W004,Threshold,pattern_group,running,100.0,1,1
cp_tutorial_3d_monolayer,4,12,1791460214.489342,1507336,worker_3,W004,Threshold,step_completed,success,58.06451612903226,18,31
cp_tutorial_3d_monolayer,4,12,1791460214.490151,1507336,worker_3,W004,MaskImage,step_started,started,58.06451612903226,18,31
cp_tutorial_3d_monolayer,4,12,1791460214.4926598,1507335,worker_2,W003,MaskImage,pattern_group,running,100.0,1,1
cp_tutorial_3d_monolayer,4,12,1791460214.4930506,1507335,worker_2,W003,MaskImage,step_completed,success,61.29032258064516,19,31
cp_tutorial_3d_monolayer,4,12,1791460214.4940617,1507335,worker_2,W003,ErodeImage,step_started,started,61.29032258064516,19,31
cp_tutorial_3d_monolayer,4,12,1791460214.4976852,1507334,worker_1,W002,MaskImage,pattern_group,running,100.0,1,1
cp_tutorial_3d_monolayer,4,12,1791460214.498084,1507334,worker_1,W002,MaskImage,step_completed,success,61.29032258064516,19,31
cp_tutorial_3d_monolayer,4,12,1791460214.4988332,1507334,worker_1,W002,ErodeImage,step_started,started,61.29032258064516,19,31
cp_tutorial_3d_monolayer,4,12,1791460214.508305,1507333,worker_0,W001,ErodeImage,pattern_group,running,100.0,1,1
cp_tutorial_3d_monolayer,4,12,1791460214.5088139,1507333,worker_0,W001,ErodeImage,step_completed,success,64.51612903225806,20,31
cp_tutorial_3d_monolayer,4,12,1791460214.5095031,1507333,worker_0,W001,Watershed,step_started,started,64.51612903225806,20,31
cp_tutorial_3d_monolayer,4,12,1791460214.5275748,1507335,worker_2,W003,ErodeImage,pattern_group,running,100.0,1,1
cp_tutorial_3d_monolayer,4,12,1791460214.528158,1507335,worker_2,W003,ErodeImage,step_completed,success,64.51612903225806,20,31
cp_tutorial_3d_monolayer,4,12,1791460214.52893,1507335,worker_2,W003,Watershed,step_started,started,64.51612903225806,20,31
cp_tutorial_3d_monolayer,4,12,1791460214.534192,1507334,worker_1,W002,ErodeImage,pattern_group,running,100.0,1,1
cp_tutorial_3d_monolayer,4,12,1791460214.534757,1507334,worker_1,W002,ErodeImage,step_completed,success,64.51612903225806,20,31
cp_tutorial_3d_monolayer,4,12,1791460214.5354645,1507334,worker_1,W002,Watershed,step_started,started,64.51612903225806,20,31
cp_tutorial_3d_monolayer,4,12,1791460214.541891,1507336,worker_3,W004,MaskImage,pattern_group,running,100.0,1,1
cp_tutorial_3d_monolayer,4,12,1791460214.5425663,1507336,worker_3,W004,MaskImage,step_completed,success,61.29032258064516,19,31
cp_tutorial_3d_monolayer,4,12,1791460214.5433815,1507336,worker_3,W004,ErodeImage,step_started,started,61.29032258064516,19,31
cp_tutorial_3d_monolayer,4,12,1791460214.5793734,1507336,worker_3,W004,ErodeImage,pattern_group,running,100.0,1,1
cp_tutorial_3d_monolayer,4,12,1791460214.5798326,1507336,worker_3,W004,ErodeImage,step_completed,success,64.51612903225806,20,31
cp_tutorial_3d_monolayer,4,12,1791460214.5805202,1507336,worker_3,W004,Watershed,step_started,started,64.51612903225806,20,31
cp_tutorial_3d_monolayer,4,12,1791460214.6492434,1507335,worker_2,W003,Watershed,pattern_group,running,100.0,1,1
cp_tutorial_3d_monolayer,4,12,1791460214.6501465,1507335,worker_2,W003,Watershed,step_completed,success,67.74193548387096,21,31
cp_tutorial_3d_monolayer,4,12,1791460214.651017,1507335,worker_2,W003,MeasureObjectIntensity,step_started,started,67.74193548387096,21,31
cp_tutorial_3d_monolayer,4,12,1791460214.6513267,1507333,worker_0,W001,Watershed,pattern_group,running,100.0,1,1
cp_tutorial_3d_monolayer,4,12,1791460214.6520917,1507333,worker_0,W001,Watershed,step_completed,success,67.74193548387096,21,31
cp_tutorial_3d_monolayer,4,12,1791460214.6531513,1507333,worker_0,W001,MeasureObjectIntensity,step_started,started,67.74193548387096,21,31
cp_tutorial_3d_monolayer,4,12,1791460214.657466,1507334,worker_1,W002,Watershed,pattern_group,running,100.0,1,1
cp_tutorial_3d_monolayer,4,12,1791460214.658201,1507334,worker_1,W002,Watershed,step_completed,success,67.74193548387096,21,31
cp_tutorial_3d_monolayer,4,12,1791460214.6591477,1507334,worker_1,W002,MeasureObjectIntensity,step_started,started,67.74193548387096,21,31
cp_tutorial_3d_monolayer,4,12,1791460214.6899805,1507336,worker_3,W004,Watershed,pattern_group,running,100.0,1,1
cp_tutorial_3d_monolayer,4,12,1791460214.690811,1507336,worker_3,W004,Watershed,step_completed,success,67.74193548387096,21,31
cp_tutorial_3d_monolayer,4,12,1791460214.6919746,1507336,worker_3,W004,MeasureObjectIntensity,step_started,started,67.74193548387096,21,31
cp_tutorial_3d_monolayer,4,12,1791460214.898071,1507335,worker_2,W003,MeasureObjectIntensity,pattern_group,running,50.0,1,2
cp_tutorial_3d_monolayer,4,12,1791460214.9139977,1507334,worker_1,W002,MeasureObjectIntensity,pattern_group,running,50.0,1,2
cp_tutorial_3d_monolayer,4,12,1791460214.9230278,1507333,worker_0,W001,MeasureObjectIntensity,pattern_group,running,50.0,1,2
cp_tutorial_3d_monolayer,4,12,1791460214.938403,1507336,worker_3,W004,MeasureObjectIntensity,pattern_group,running,50.0,1,2
cp_tutorial_3d_monolayer,4,12,1791460215.1847327,1507335,worker_2,W003,MeasureObjectIntensity,pattern_group,running,100.0,2,2
cp_tutorial_3d_monolayer,4,12,1791460215.1872497,1507335,worker_2,W003,MeasureObjectIntensity,step_completed,success,70.96774193548387,22,31
cp_tutorial_3d_monolayer,4,12,1791460215.1881797,1507335,worker_2,W003,MeasureObjectSizeShape,step_started,started,70.96774193548387,22,31
cp_tutorial_3d_monolayer,4,12,1791460215.21342,1507334,worker_1,W002,MeasureObjectIntensity,pattern_group,running,100.0,2,2
cp_tutorial_3d_monolayer,4,12,1791460215.21625,1507334,worker_1,W002,MeasureObjectIntensity,step_completed,success,70.96774193548387,22,31
cp_tutorial_3d_monolayer,4,12,1791460215.21683,1507334,worker_1,W002,MeasureObjectSizeShape,step_started,started,70.96774193548387,22,31
cp_tutorial_3d_monolayer,4,12,1791460215.242611,1507333,worker_0,W001,MeasureObjectIntensity,pattern_group,running,100.0,2,2
cp_tutorial_3d_monolayer,4,12,1791460215.244847,1507336,worker_3,W004,MeasureObjectIntensity,pattern_group,running,100.0,2,2
cp_tutorial_3d_monolayer,4,12,1791460215.2451289,1507333,worker_0,W001,MeasureObjectIntensity,step_completed,success,70.96774193548387,22,31
cp_tutorial_3d_monolayer,4,12,1791460215.2459478,1507333,worker_0,W001,MeasureObjectSizeShape,step_started,started,70.96774193548387,22,31
cp_tutorial_3d_monolayer,4,12,1791460215.2499008,1507336,worker_3,W004,MeasureObjectIntensity,step_completed,success,70.96774193548387,22,31
cp_tutorial_3d_monolayer,4,12,1791460215.2504675,1507336,worker_3,W004,MeasureObjectSizeShape,step_started,started,70.96774193548387,22,31
cp_tutorial_3d_monolayer,4,12,1791460215.283196,1507335,worker_2,W003,MeasureObjectSizeShape,pattern_group,running,50.0,1,2
cp_tutorial_3d_monolayer,4,12,1791460215.311987,1507334,worker_1,W002,MeasureObjectSizeShape,pattern_group,running,50.0,1,2
cp_tutorial_3d_monolayer,4,12,1791460215.3428361,1507336,worker_3,W004,MeasureObjectSizeShape,pattern_group,running,50.0,1,2
cp_tutorial_3d_monolayer,4,12,1791460215.3447714,1507333,worker_0,W001,MeasureObjectSizeShape,pattern_group,running,50.0,1,2
cp_tutorial_3d_monolayer,4,12,1791460215.377386,1507335,worker_2,W003,MeasureObjectSizeShape,pattern_group,running,100.0,2,2
cp_tutorial_3d_monolayer,4,12,1791460215.3782213,1507335,worker_2,W003,MeasureObjectSizeShape,step_completed,success,74.19354838709677,23,31
cp_tutorial_3d_monolayer,4,12,1791460215.3788533,1507335,worker_2,W003,OverlayObjects,step_started,started,74.19354838709677,23,31
cp_tutorial_3d_monolayer,4,12,1791460215.3969526,1507335,worker_2,W003,OverlayObjects,pattern_group,running,100.0,1,1
cp_tutorial_3d_monolayer,4,12,1791460215.3973317,1507335,worker_2,W003,OverlayObjects,step_completed,success,77.41935483870968,24,31
cp_tutorial_3d_monolayer,4,12,1791460215.3980322,1507335,worker_2,W003,RescaleIntensity,step_started,started,77.41935483870968,24,31
cp_tutorial_3d_monolayer,4,12,1791460215.4081864,1507334,worker_1,W002,MeasureObjectSizeShape,pattern_group,running,100.0,2,2
cp_tutorial_3d_monolayer,4,12,1791460215.4089744,1507334,worker_1,W002,MeasureObjectSizeShape,step_completed,success,74.19354838709677,23,31
cp_tutorial_3d_monolayer,4,12,1791460215.4095726,1507334,worker_1,W002,OverlayObjects,step_started,started,74.19354838709677,23,31
cp_tutorial_3d_monolayer,4,12,1791460215.4286408,1507334,worker_1,W002,OverlayObjects,pattern_group,running,100.0,1,1
cp_tutorial_3d_monolayer,4,12,1791460215.4289773,1507334,worker_1,W002,OverlayObjects,step_completed,success,77.41935483870968,24,31
cp_tutorial_3d_monolayer,4,12,1791460215.4296534,1507334,worker_1,W002,RescaleIntensity,step_started,started,77.41935483870968,24,31
cp_tutorial_3d_monolayer,4,12,1791460215.4442115,1507336,worker_3,W004,MeasureObjectSizeShape,pattern_group,running,100.0,2,2
cp_tutorial_3d_monolayer,4,12,1791460215.4451468,1507336,worker_3,W004,MeasureObjectSizeShape,step_completed,success,74.19354838709677,23,31
cp_tutorial_3d_monolayer,4,12,1791460215.4457176,1507336,worker_3,W004,OverlayObjects,step_started,started,74.19354838709677,23,31
cp_tutorial_3d_monolayer,4,12,1791460215.4490886,1507333,worker_0,W001,MeasureObjectSizeShape,pattern_group,running,100.0,2,2
cp_tutorial_3d_monolayer,4,12,1791460215.4499354,1507333,worker_0,W001,MeasureObjectSizeShape,step_completed,success,74.19354838709677,23,31
cp_tutorial_3d_monolayer,4,12,1791460215.4506614,1507333,worker_0,W001,OverlayObjects,step_started,started,74.19354838709677,23,31
cp_tutorial_3d_monolayer,4,12,1791460215.4644804,1507336,worker_3,W004,OverlayObjects,pattern_group,running,100.0,1,1
cp_tutorial_3d_monolayer,4,12,1791460215.4648786,1507336,worker_3,W004,OverlayObjects,step_completed,success,77.41935483870968,24,31
cp_tutorial_3d_monolayer,4,12,1791460215.4655669,1507336,worker_3,W004,RescaleIntensity,step_started,started,77.41935483870968,24,31
cp_tutorial_3d_monolayer,4,12,1791460215.4766133,1507333,worker_0,W001,OverlayObjects,pattern_group,running,100.0,1,1
cp_tutorial_3d_monolayer,4,12,1791460215.4769647,1507333,worker_0,W001,OverlayObjects,step_completed,success,77.41935483870968,24,31
cp_tutorial_3d_monolayer,4,12,1791460215.47796,1507333,worker_0,W001,RescaleIntensity,step_started,started,77.41935483870968,24,31
cp_tutorial_3d_monolayer,4,12,1791460215.4959235,1507335,worker_2,W003,RescaleIntensity,pattern_group,running,100.0,1,1
cp_tutorial_3d_monolayer,4,12,1791460215.4964333,1507335,worker_2,W003,RescaleIntensity,step_completed,success,80.64516129032258,25,31
cp_tutorial_3d_monolayer,4,12,1791460215.4970117,1507335,worker_2,W003,OverlayObjects,step_started,started,80.64516129032258,25,31
cp_tutorial_3d_monolayer,4,12,1791460215.5160072,1507335,worker_2,W003,OverlayObjects,pattern_group,running,100.0,1,1
cp_tutorial_3d_monolayer,4,12,1791460215.51648,1507335,worker_2,W003,OverlayObjects,step_completed,success,83.87096774193549,26,31
cp_tutorial_3d_monolayer,4,12,1791460215.517437,1507335,worker_2,W003,ConvertObjectsToImage,step_started,started,83.87096774193549,26,31
cp_tutorial_3d_monolayer,4,12,1791460215.5324492,1507334,worker_1,W002,RescaleIntensity,pattern_group,running,100.0,1,1
cp_tutorial_3d_monolayer,4,12,1791460215.5328193,1507334,worker_1,W002,RescaleIntensity,step_completed,success,80.64516129032258,25,31
cp_tutorial_3d_monolayer,4,12,1791460215.5332751,1507334,worker_1,W002,OverlayObjects,step_started,started,80.64516129032258,25,31
cp_tutorial_3d_monolayer,4,12,1791460215.5523515,1507334,worker_1,W002,OverlayObjects,pattern_group,running,100.0,1,1
cp_tutorial_3d_monolayer,4,12,1791460215.5529218,1507334,worker_1,W002,OverlayObjects,step_completed,success,83.87096774193549,26,31
cp_tutorial_3d_monolayer,4,12,1791460215.5537355,1507334,worker_1,W002,ConvertObjectsToImage,step_started,started,83.87096774193549,26,31
cp_tutorial_3d_monolayer,4,12,1791460215.5575242,1507335,worker_2,W003,ConvertObjectsToImage,pattern_group,running,100.0,1,1
cp_tutorial_3d_monolayer,4,12,1791460215.5581965,1507335,worker_2,W003,ConvertObjectsToImage,step_completed,success,87.09677419354838,27,31
cp_tutorial_3d_monolayer,4,12,1791460215.5589948,1507335,worker_2,W003,SaveImages,step_started,started,87.09677419354838,27,31
cp_tutorial_3d_monolayer,4,12,1791460215.5695717,1507336,worker_3,W004,RescaleIntensity,pattern_group,running,100.0,1,1
cp_tutorial_3d_monolayer,4,12,1791460215.570112,1507336,worker_3,W004,RescaleIntensity,step_completed,success,80.64516129032258,25,31
cp_tutorial_3d_monolayer,4,12,1791460215.570638,1507336,worker_3,W004,OverlayObjects,step_started,started,80.64516129032258,25,31
cp_tutorial_3d_monolayer,4,12,1791460215.5909023,1507333,worker_0,W001,RescaleIntensity,pattern_group,running,100.0,1,1
cp_tutorial_3d_monolayer,4,12,1791460215.591287,1507333,worker_0,W001,RescaleIntensity,step_completed,success,80.64516129032258,25,31
cp_tutorial_3d_monolayer,4,12,1791460215.5917666,1507333,worker_0,W001,OverlayObjects,step_started,started,80.64516129032258,25,31
cp_tutorial_3d_monolayer,4,12,1791460215.5940337,1507336,worker_3,W004,OverlayObjects,pattern_group,running,100.0,1,1
cp_tutorial_3d_monolayer,4,12,1791460215.5943177,1507336,worker_3,W004,OverlayObjects,step_completed,success,83.87096774193549,26,31
cp_tutorial_3d_monolayer,4,12,1791460215.5950265,1507334,worker_1,W002,ConvertObjectsToImage,pattern_group,running,100.0,1,1
cp_tutorial_3d_monolayer,4,12,1791460215.5954642,1507334,worker_1,W002,ConvertObjectsToImage,step_completed,success,87.09677419354838,27,31
cp_tutorial_3d_monolayer,4,12,1791460215.5951934,1507336,worker_3,W004,ConvertObjectsToImage,step_started,started,83.87096774193549,26,31
cp_tutorial_3d_monolayer,4,12,1791460215.5961545,1507334,worker_1,W002,SaveImages,step_started,started,87.09677419354838,27,31
cp_tutorial_3d_monolayer,4,12,1791460215.6132646,1507333,worker_0,W001,OverlayObjects,pattern_group,running,100.0,1,1
cp_tutorial_3d_monolayer,4,12,1791460215.6135917,1507333,worker_0,W001,OverlayObjects,step_completed,success,83.87096774193549,26,31
cp_tutorial_3d_monolayer,4,12,1791460215.6143148,1507333,worker_0,W001,ConvertObjectsToImage,step_started,started,83.87096774193549,26,31
cp_tutorial_3d_monolayer,4,12,1791460215.6178098,1507335,worker_2,W003,SaveImages,pattern_group,running,100.0,1,1
cp_tutorial_3d_monolayer,4,12,1791460215.6340163,1507336,worker_3,W004,ConvertObjectsToImage,pattern_group,running,100.0,1,1
cp_tutorial_3d_monolayer,4,12,1791460215.6344333,1507336,worker_3,W004,ConvertObjectsToImage,step_completed,success,87.09677419354838,27,31
cp_tutorial_3d_monolayer,4,12,1791460215.6351798,1507336,worker_3,W004,SaveImages,step_started,started,87.09677419354838,27,31
cp_tutorial_3d_monolayer,4,12,1791460215.638574,1507335,worker_2,W003,SaveImages,step_completed,success,90.32258064516128,28,31
cp_tutorial_3d_monolayer,4,12,1791460215.6393766,1507335,worker_2,W003,ConvertObjectsToImage,step_started,started,90.32258064516128,28,31
cp_tutorial_3d_monolayer,4,12,1791460215.6527715,1507333,worker_0,W001,ConvertObjectsToImage,pattern_group,running,100.0,1,1
cp_tutorial_3d_monolayer,4,12,1791460215.6532261,1507333,worker_0,W001,ConvertObjectsToImage,step_completed,success,87.09677419354838,27,31
cp_tutorial_3d_monolayer,4,12,1791460215.6541483,1507333,worker_0,W001,SaveImages,step_started,started,87.09677419354838,27,31
cp_tutorial_3d_monolayer,4,12,1791460215.6544685,1507334,worker_1,W002,SaveImages,pattern_group,running,100.0,1,1
cp_tutorial_3d_monolayer,4,12,1791460215.6766043,1507335,worker_2,W003,ConvertObjectsToImage,pattern_group,running,100.0,1,1
cp_tutorial_3d_monolayer,4,12,1791460215.6771433,1507335,worker_2,W003,ConvertObjectsToImage,step_completed,success,93.54838709677419,29,31
cp_tutorial_3d_monolayer,4,12,1791460215.6842089,1507335,worker_2,W003,SaveImages,step_started,started,93.54838709677419,29,31
cp_tutorial_3d_monolayer,4,12,1791460215.6843112,1507334,worker_1,W002,SaveImages,step_completed,success,90.32258064516128,28,31
cp_tutorial_3d_monolayer,4,12,1791460215.6850517,1507334,worker_1,W002,ConvertObjectsToImage,step_started,started,90.32258064516128,28,31
cp_tutorial_3d_monolayer,4,12,1791460215.6888082,1507336,worker_3,W004,SaveImages,pattern_group,running,100.0,1,1
cp_tutorial_3d_monolayer,4,12,1791460215.7147646,1507336,worker_3,W004,SaveImages,step_completed,success,90.32258064516128,28,31
cp_tutorial_3d_monolayer,4,12,1791460215.715704,1507336,worker_3,W004,ConvertObjectsToImage,step_started,started,90.32258064516128,28,31
cp_tutorial_3d_monolayer,4,12,1791460215.7179067,1507333,worker_0,W001,SaveImages,pattern_group,running,100.0,1,1
cp_tutorial_3d_monolayer,4,12,1791460215.721995,1507334,worker_1,W002,ConvertObjectsToImage,pattern_group,running,100.0,1,1
cp_tutorial_3d_monolayer,4,12,1791460215.7225301,1507334,worker_1,W002,ConvertObjectsToImage,step_completed,success,93.54838709677419,29,31
cp_tutorial_3d_monolayer,4,12,1791460215.7296638,1507334,worker_1,W002,SaveImages,step_started,started,93.54838709677419,29,31
cp_tutorial_3d_monolayer,4,12,1791460215.7326238,1507333,worker_0,W001,SaveImages,step_completed,success,90.32258064516128,28,31
cp_tutorial_3d_monolayer,4,12,1791460215.7340288,1507333,worker_0,W001,ConvertObjectsToImage,step_started,started,90.32258064516128,28,31
cp_tutorial_3d_monolayer,4,12,1791460215.7409256,1507335,worker_2,W003,SaveImages,pattern_group,running,100.0,1,1
cp_tutorial_3d_monolayer,4,12,1791460215.7535205,1507335,worker_2,W003,SaveImages,step_completed,success,96.7741935483871,30,31
cp_tutorial_3d_monolayer,4,12,1791460215.7543952,1507336,worker_3,W004,ConvertObjectsToImage,pattern_group,running,100.0,1,1
cp_tutorial_3d_monolayer,4,12,1791460215.7547789,1507336,worker_3,W004,ConvertObjectsToImage,step_completed,success,93.54838709677419,29,31
cp_tutorial_3d_monolayer,4,12,1791460215.7555048,1507336,worker_3,W004,SaveImages,step_started,started,93.54838709677419,29,31
cp_tutorial_3d_monolayer,4,12,1791460215.7562425,1507335,worker_2,W003,pipeline,axis_completed,success,96.7741935483871,30,31
cp_tutorial_3d_monolayer,4,12,1791460215.7563787,1507335,worker_2,W007,pipeline,axis_started,started,0.0,0,31
cp_tutorial_3d_monolayer,4,12,1791460215.7624142,1507335,worker_2,W007,RescaleIntensity,step_started,started,0.0,0,31
cp_tutorial_3d_monolayer,4,12,1791460215.7777367,1507333,worker_0,W001,ConvertObjectsToImage,pattern_group,running,100.0,1,1
cp_tutorial_3d_monolayer,4,12,1791460215.778294,1507333,worker_0,W001,ConvertObjectsToImage,step_completed,success,93.54838709677419,29,31
cp_tutorial_3d_monolayer,4,12,1791460215.7838511,1507333,worker_0,W001,SaveImages,step_started,started,93.54838709677419,29,31
cp_tutorial_3d_monolayer,4,12,1791460215.7866857,1507334,worker_1,W002,SaveImages,pattern_group,running,100.0,1,1
cp_tutorial_3d_monolayer,4,12,1791460215.796347,1507334,worker_1,W002,SaveImages,step_completed,success,96.7741935483871,30,31
cp_tutorial_3d_monolayer,4,12,1791460215.7977257,1507334,worker_1,W002,pipeline,axis_completed,success,96.7741935483871,30,31
cp_tutorial_3d_monolayer,4,12,1791460215.7979782,1507334,worker_1,W006,pipeline,axis_started,started,0.0,0,31
cp_tutorial_3d_monolayer,4,12,1791460215.801297,1507334,worker_1,W006,RescaleIntensity,step_started,started,0.0,0,31
cp_tutorial_3d_monolayer,4,12,1791460215.8109846,1507336,worker_3,W004,SaveImages,pattern_group,running,100.0,1,1
cp_tutorial_3d_monolayer,4,12,1791460215.8228805,1507336,worker_3,W004,SaveImages,step_completed,success,96.7741935483871,30,31
cp_tutorial_3d_monolayer,4,12,1791460215.8242571,1507336,worker_3,W004,pipeline,axis_completed,success,96.7741935483871,30,31
cp_tutorial_3d_monolayer,4,12,1791460215.8243563,1507336,worker_3,W008,pipeline,axis_started,started,0.0,0,31
cp_tutorial_3d_monolayer,4,12,1791460215.8280878,1507336,worker_3,W008,RescaleIntensity,step_started,started,0.0,0,31
cp_tutorial_3d_monolayer,4,12,1791460215.8346114,1507333,worker_0,W001,SaveImages,pattern_group,running,100.0,1,1
cp_tutorial_3d_monolayer,4,12,1791460215.844385,1507333,worker_0,W001,SaveImages,step_completed,success,96.7741935483871,30,31
cp_tutorial_3d_monolayer,4,12,1791460215.8457594,1507333,worker_0,W001,pipeline,axis_completed,success,96.7741935483871,30,31
cp_tutorial_3d_monolayer,4,12,1791460215.845924,1507333,worker_0,W005,pipeline,axis_started,started,0.0,0,31
cp_tutorial_3d_monolayer,4,12,1791460215.849306,1507333,worker_0,W005,RescaleIntensity,step_started,started,0.0,0,31
cp_tutorial_3d_monolayer,4,12,1791460216.1269023,1507335,worker_2,W007,RescaleIntensity,pattern_group,running,100.0,1,1
cp_tutorial_3d_monolayer,4,12,1791460216.1272893,1507335,worker_2,W007,RescaleIntensity,step_completed,success,3.225806451612903,1,31
cp_tutorial_3d_monolayer,4,12,1791460216.1276639,1507335,worker_2,W007,Resize,step_started,started,3.225806451612903,1,31
cp_tutorial_3d_monolayer,4,12,1791460216.1633666,1507334,worker_1,W006,RescaleIntensity,pattern_group,running,100.0,1,1
cp_tutorial_3d_monolayer,4,12,1791460216.1640654,1507334,worker_1,W006,RescaleIntensity,step_completed,success,3.225806451612903,1,31
cp_tutorial_3d_monolayer,4,12,1791460216.164636,1507334,worker_1,W006,Resize,step_started,started,3.225806451612903,1,31
cp_tutorial_3d_monolayer,4,12,1791460216.190572,1507335,worker_2,W007,Resize,pattern_group,running,100.0,1,1
cp_tutorial_3d_monolayer,4,12,1791460216.191161,1507335,worker_2,W007,Resize,step_completed,success,6.451612903225806,2,31
cp_tutorial_3d_monolayer,4,12,1791460216.1916015,1507335,worker_2,W007,MedianFilter,step_started,started,6.451612903225806,2,31
cp_tutorial_3d_monolayer,4,12,1791460216.1934705,1507336,worker_3,W008,RescaleIntensity,pattern_group,running,100.0,1,1
cp_tutorial_3d_monolayer,4,12,1791460216.193975,1507336,worker_3,W008,RescaleIntensity,step_completed,success,3.225806451612903,1,31
cp_tutorial_3d_monolayer,4,12,1791460216.194437,1507336,worker_3,W008,Resize,step_started,started,3.225806451612903,1,31
cp_tutorial_3d_monolayer,4,12,1791460216.2114403,1507333,worker_0,W005,RescaleIntensity,pattern_group,running,100.0,1,1
cp_tutorial_3d_monolayer,4,12,1791460216.2119937,1507333,worker_0,W005,RescaleIntensity,step_completed,success,3.225806451612903,1,31
cp_tutorial_3d_monolayer,4,12,1791460216.2124894,1507333,worker_0,W005,Resize,step_started,started,3.225806451612903,1,31
cp_tutorial_3d_monolayer,4,12,1791460216.2290576,1507334,worker_1,W006,Resize,pattern_group,running,100.0,1,1
cp_tutorial_3d_monolayer,4,12,1791460216.2294843,1507334,worker_1,W006,Resize,step_completed,success,6.451612903225806,2,31
cp_tutorial_3d_monolayer,4,12,1791460216.2298813,1507334,worker_1,W006,MedianFilter,step_started,started,6.451612903225806,2,31
cp_tutorial_3d_monolayer,4,12,1791460216.2581587,1507336,worker_3,W008,Resize,pattern_group,running,100.0,1,1
cp_tutorial_3d_monolayer,4,12,1791460216.2585545,1507336,worker_3,W008,Resize,step_completed,success,6.451612903225806,2,31
cp_tutorial_3d_monolayer,4,12,1791460216.2589335,1507336,worker_3,W008,MedianFilter,step_started,started,6.451612903225806,2,31
cp_tutorial_3d_monolayer,4,12,1791460216.2713013,1507333,worker_0,W005,Resize,pattern_group,running,100.0,1,1
cp_tutorial_3d_monolayer,4,12,1791460216.271664,1507333,worker_0,W005,Resize,step_completed,success,6.451612903225806,2,31
cp_tutorial_3d_monolayer,4,12,1791460216.2720537,1507333,worker_0,W005,MedianFilter,step_started,started,6.451612903225806,2,31
cp_tutorial_3d_monolayer,4,12,1791460216.3608246,1507335,worker_2,W007,MedianFilter,pattern_group,running,100.0,1,1
cp_tutorial_3d_monolayer,4,12,1791460216.361345,1507335,worker_2,W007,MedianFilter,step_completed,success,9.67741935483871,3,31
cp_tutorial_3d_monolayer,4,12,1791460216.3617854,1507335,worker_2,W007,Threshold,step_started,started,9.67741935483871,3,31
cp_tutorial_3d_monolayer,4,12,1791460216.3949137,1507334,worker_1,W006,MedianFilter,pattern_group,running,100.0,1,1
cp_tutorial_3d_monolayer,4,12,1791460216.3954642,1507334,worker_1,W006,MedianFilter,step_completed,success,9.67741935483871,3,31
cp_tutorial_3d_monolayer,4,12,1791460216.396046,1507334,worker_1,W006,Threshold,step_started,started,9.67741935483871,3,31
cp_tutorial_3d_monolayer,4,12,1791460216.399304,1507335,worker_2,W007,Threshold,pattern_group,running,100.0,1,1
cp_tutorial_3d_monolayer,4,12,1791460216.3997266,1507335,worker_2,W007,Threshold,step_completed,success,12.903225806451612,4,31
cp_tutorial_3d_monolayer,4,12,1791460216.400244,1507335,worker_2,W007,RemoveHoles,step_started,started,12.903225806451612,4,31
cp_tutorial_3d_monolayer,4,12,1791460216.4168036,1507335,worker_2,W007,RemoveHoles,pattern_group,running,100.0,1,1
cp_tutorial_3d_monolayer,4,12,1791460216.417189,1507335,worker_2,W007,RemoveHoles,step_completed,success,16.129032258064516,5,31
cp_tutorial_3d_monolayer,4,12,1791460216.417655,1507335,worker_2,W007,Watershed,step_started,started,16.129032258064516,5,31
cp_tutorial_3d_monolayer,4,12,1791460216.4271615,1507336,worker_3,W008,MedianFilter,pattern_group,running,100.0,1,1
cp_tutorial_3d_monolayer,4,12,1791460216.427517,1507336,worker_3,W008,MedianFilter,step_completed,success,9.67741935483871,3,31
cp_tutorial_3d_monolayer,4,12,1791460216.4279623,1507336,worker_3,W008,Threshold,step_started,started,9.67741935483871,3,31
cp_tutorial_3d_monolayer,4,12,1791460216.435037,1507333,worker_0,W005,MedianFilter,pattern_group,running,100.0,1,1
cp_tutorial_3d_monolayer,4,12,1791460216.4356017,1507333,worker_0,W005,MedianFilter,step_completed,success,9.67741935483871,3,31
cp_tutorial_3d_monolayer,4,12,1791460216.4360952,1507333,worker_0,W005,Threshold,step_started,started,9.67741935483871,3,31
cp_tutorial_3d_monolayer,4,12,1791460216.437257,1507334,worker_1,W006,Threshold,pattern_group,running,100.0,1,1
cp_tutorial_3d_monolayer,4,12,1791460216.438149,1507334,worker_1,W006,Threshold,step_completed,success,12.903225806451612,4,31
cp_tutorial_3d_monolayer,4,12,1791460216.4387023,1507334,worker_1,W006,RemoveHoles,step_started,started,12.903225806451612,4,31
cp_tutorial_3d_monolayer,4,12,1791460216.4572022,1507334,worker_1,W006,RemoveHoles,pattern_group,running,100.0,1,1
cp_tutorial_3d_monolayer,4,12,1791460216.4577582,1507334,worker_1,W006,RemoveHoles,step_completed,success,16.129032258064516,5,31
cp_tutorial_3d_monolayer,4,12,1791460216.4583611,1507334,worker_1,W006,Watershed,step_started,started,16.129032258064516,5,31
cp_tutorial_3d_monolayer,4,12,1791460216.4707744,1507336,worker_3,W008,Threshold,pattern_group,running,100.0,1,1
cp_tutorial_3d_monolayer,4,12,1791460216.4712782,1507336,worker_3,W008,Threshold,step_completed,success,12.903225806451612,4,31
cp_tutorial_3d_monolayer,4,12,1791460216.471781,1507336,worker_3,W008,RemoveHoles,step_started,started,12.903225806451612,4,31
cp_tutorial_3d_monolayer,4,12,1791460216.4762447,1507333,worker_0,W005,Threshold,pattern_group,running,100.0,1,1
cp_tutorial_3d_monolayer,4,12,1791460216.476736,1507333,worker_0,W005,Threshold,step_completed,success,12.903225806451612,4,31
cp_tutorial_3d_monolayer,4,12,1791460216.4772286,1507333,worker_0,W005,RemoveHoles,step_started,started,12.903225806451612,4,31
cp_tutorial_3d_monolayer,4,12,1791460216.4907546,1507336,worker_3,W008,RemoveHoles,pattern_group,running,100.0,1,1
cp_tutorial_3d_monolayer,4,12,1791460216.4912035,1507336,worker_3,W008,RemoveHoles,step_completed,success,16.129032258064516,5,31
cp_tutorial_3d_monolayer,4,12,1791460216.4917662,1507336,worker_3,W008,Watershed,step_started,started,16.129032258064516,5,31
cp_tutorial_3d_monolayer,4,12,1791460216.4948366,1507333,worker_0,W005,RemoveHoles,pattern_group,running,100.0,1,1
cp_tutorial_3d_monolayer,4,12,1791460216.4953659,1507333,worker_0,W005,RemoveHoles,step_completed,success,16.129032258064516,5,31
cp_tutorial_3d_monolayer,4,12,1791460216.4959865,1507333,worker_0,W005,Watershed,step_started,started,16.129032258064516,5,31
cp_tutorial_3d_monolayer,4,12,1791460216.5138352,1507335,worker_2,W007,Watershed,pattern_group,running,100.0,1,1
cp_tutorial_3d_monolayer,4,12,1791460216.5145206,1507335,worker_2,W007,Watershed,step_completed,success,19.35483870967742,6,31
cp_tutorial_3d_monolayer,4,12,1791460216.5150747,1507335,worker_2,W007,ResizeObjects,step_started,started,19.35483870967742,6,31
cp_tutorial_3d_monolayer,4,12,1791460216.5472558,1507335,worker_2,W007,ResizeObjects,pattern_group,running,100.0,1,1
cp_tutorial_3d_monolayer,4,12,1791460216.5480127,1507335,worker_2,W007,ResizeObjects,step_completed,success,22.58064516129032,7,31
cp_tutorial_3d_monolayer,4,12,1791460216.5486681,1507335,worker_2,W007,ErodeObjects,step_started,started,22.58064516129032,7,31
cp_tutorial_3d_monolayer,4,12,1791460216.5516202,1507334,worker_1,W006,Watershed,pattern_group,running,100.0,1,1
cp_tutorial_3d_monolayer,4,12,1791460216.5523267,1507334,worker_1,W006,Watershed,step_completed,success,19.35483870967742,6,31
cp_tutorial_3d_monolayer,4,12,1791460216.5529568,1507334,worker_1,W006,ResizeObjects,step_started,started,19.35483870967742,6,31
cp_tutorial_3d_monolayer,4,12,1791460216.5808687,1507334,worker_1,W006,ResizeObjects,pattern_group,running,100.0,1,1
cp_tutorial_3d_monolayer,4,12,1791460216.5816033,1507334,worker_1,W006,ResizeObjects,step_completed,success,22.58064516129032,7,31
cp_tutorial_3d_monolayer,4,12,1791460216.5821745,1507334,worker_1,W006,ErodeObjects,step_started,started,22.58064516129032,7,31
cp_tutorial_3d_monolayer,4,12,1791460216.5984745,1507333,worker_0,W005,Watershed,pattern_group,running,100.0,1,1
cp_tutorial_3d_monolayer,4,12,1791460216.598955,1507336,worker_3,W008,Watershed,pattern_group,running,100.0,1,1
cp_tutorial_3d_monolayer,4,12,1791460216.5994112,1507333,worker_0,W005,Watershed,step_completed,success,19.35483870967742,6,31
cp_tutorial_3d_monolayer,4,12,1791460216.6003604,1507333,worker_0,W005,ResizeObjects,step_started,started,19.35483870967742,6,31
cp_tutorial_3d_monolayer,4,12,1791460216.5995598,1507336,worker_3,W008,Watershed,step_completed,success,19.35483870967742,6,31
cp_tutorial_3d_monolayer,4,12,1791460216.6000154,1507336,worker_3,W008,ResizeObjects,step_started,started,19.35483870967742,6,31
cp_tutorial_3d_monolayer,4,12,1791460216.6065288,1507335,worker_2,W007,ErodeObjects,pattern_group,running,100.0,1,1
cp_tutorial_3d_monolayer,4,12,1791460216.6075022,1507335,worker_2,W007,ErodeObjects,step_completed,success,25.806451612903224,8,31
cp_tutorial_3d_monolayer,4,12,1791460216.608623,1507335,worker_2,W007,ResizeObjects,step_started,started,25.806451612903224,8,31
cp_tutorial_3d_monolayer,4,12,1791460216.638417,1507333,worker_0,W005,ResizeObjects,pattern_group,running,100.0,1,1
cp_tutorial_3d_monolayer,4,12,1791460216.6385043,1507336,worker_3,W008,ResizeObjects,pattern_group,running,100.0,1,1
cp_tutorial_3d_monolayer,4,12,1791460216.6391306,1507336,worker_3,W008,ResizeObjects,step_completed,success,22.58064516129032,7,31
cp_tutorial_3d_monolayer,4,12,1791460216.639178,1507333,worker_0,W005,ResizeObjects,step_completed,success,22.58064516129032,7,31
cp_tutorial_3d_monolayer,4,12,1791460216.6392133,1507334,worker_1,W006,ErodeObjects,pattern_group,running,100.0,1,1
cp_tutorial_3d_monolayer,4,12,1791460216.6396646,1507333,worker_0,W005,ErodeObjects,step_started,started,22.58064516129032,7,31
cp_tutorial_3d_monolayer,4,12,1791460216.639803,1507334,worker_1,W006,ErodeObjects,step_completed,success,25.806451612903224,8,31
cp_tutorial_3d_monolayer,4,12,1791460216.6398268,1507336,worker_3,W008,ErodeObjects,step_started,started,22.58064516129032,7,31
cp_tutorial_3d_monolayer,4,12,1791460216.6403396,1507334,worker_1,W006,ResizeObjects,step_started,started,25.806451612903224,8,31
cp_tutorial_3d_monolayer,4,12,1791460216.6605313,1507335,worker_2,W007,ResizeObjects,pattern_group,running,100.0,1,1
cp_tutorial_3d_monolayer,4,12,1791460216.6614578,1507335,worker_2,W007,ResizeObjects,step_completed,success,29.03225806451613,9,31
cp_tutorial_3d_monolayer,4,12,1791460216.6626308,1507335,worker_2,W007,ConvertObjectsToImage,step_started,started,29.03225806451613,9,31
cp_tutorial_3d_monolayer,4,12,1791460216.6693196,1507334,worker_1,W006,ResizeObjects,pattern_group,running,100.0,1,1
cp_tutorial_3d_monolayer,4,12,1791460216.6702607,1507334,worker_1,W006,ResizeObjects,step_completed,success,29.03225806451613,9,31
cp_tutorial_3d_monolayer,4,12,1791460216.6716044,1507334,worker_1,W006,ConvertObjectsToImage,step_started,started,29.03225806451613,9,31
cp_tutorial_3d_monolayer,4,12,1791460216.6849308,1507335,worker_2,W007,ConvertObjectsToImage,pattern_group,running,100.0,1,1
cp_tutorial_3d_monolayer,4,12,1791460216.685583,1507335,worker_2,W007,ConvertObjectsToImage,step_completed,success,32.25806451612903,10,31
cp_tutorial_3d_monolayer,4,12,1791460216.686307,1507335,worker_2,W007,Threshold,step_started,started,32.25806451612903,10,31
cp_tutorial_3d_monolayer,4,12,1791460216.6976674,1507333,worker_0,W005,ErodeObjects,pattern_group,running,100.0,1,1
cp_tutorial_3d_monolayer,4,12,1791460216.698363,1507333,worker_0,W005,ErodeObjects,step_completed,success,25.806451612903224,8,31
cp_tutorial_3d_monolayer,4,12,1791460216.698991,1507333,worker_0,W005,ResizeObjects,step_started,started,25.806451612903224,8,31
cp_tutorial_3d_monolayer,4,12,1791460216.7000916,1507334,worker_1,W006,ConvertObjectsToImage,pattern_group,running,100.0,1,1
cp_tutorial_3d_monolayer,4,12,1791460216.70048,1507336,worker_3,W008,ErodeObjects,pattern_group,running,100.0,1,1
cp_tutorial_3d_monolayer,4,12,1791460216.7006054,1507334,worker_1,W006,ConvertObjectsToImage,step_completed,success,32.25806451612903,10,31
cp_tutorial_3d_monolayer,4,12,1791460216.7014248,1507334,worker_1,W006,Threshold,step_started,started,32.25806451612903,10,31
cp_tutorial_3d_monolayer,4,12,1791460216.7019248,1507336,worker_3,W008,ErodeObjects,step_completed,success,25.806451612903224,8,31
cp_tutorial_3d_monolayer,4,12,1791460216.703373,1507336,worker_3,W008,ResizeObjects,step_started,started,25.806451612903224,8,31
cp_tutorial_3d_monolayer,4,12,1791460216.728193,1507333,worker_0,W005,ResizeObjects,pattern_group,running,100.0,1,1
cp_tutorial_3d_monolayer,4,12,1791460216.7289293,1507333,worker_0,W005,ResizeObjects,step_completed,success,29.03225806451613,9,31
cp_tutorial_3d_monolayer,4,12,1791460216.7296078,1507333,worker_0,W005,ConvertObjectsToImage,step_started,started,29.03225806451613,9,31
cp_tutorial_3d_monolayer,4,12,1791460216.7322528,1507336,worker_3,W008,ResizeObjects,pattern_group,running,100.0,1,1
cp_tutorial_3d_monolayer,4,12,1791460216.7332537,1507336,worker_3,W008,ResizeObjects,step_completed,success,29.03225806451613,9,31
cp_tutorial_3d_monolayer,4,12,1791460216.733916,1507336,worker_3,W008,ConvertObjectsToImage,step_started,started,29.03225806451613,9,31
cp_tutorial_3d_monolayer,4,12,1791460216.7538364,1507333,worker_0,W005,ConvertObjectsToImage,pattern_group,running,100.0,1,1
cp_tutorial_3d_monolayer,4,12,1791460216.7542653,1507333,worker_0,W005,ConvertObjectsToImage,step_completed,success,32.25806451612903,10,31
cp_tutorial_3d_monolayer,4,12,1791460216.7548835,1507333,worker_0,W005,Threshold,step_started,started,32.25806451612903,10,31
cp_tutorial_3d_monolayer,4,12,1791460216.7591743,1507336,worker_3,W008,ConvertObjectsToImage,pattern_group,running,100.0,1,1
cp_tutorial_3d_monolayer,4,12,1791460216.7596033,1507336,worker_3,W008,ConvertObjectsToImage,step_completed,success,32.25806451612903,10,31
cp_tutorial_3d_monolayer,4,12,1791460216.7602606,1507336,worker_3,W008,Threshold,step_started,started,32.25806451612903,10,31
cp_tutorial_3d_monolayer,4,12,1791460216.8910854,1507335,worker_2,W007,Threshold,pattern_group,running,100.0,1,1
cp_tutorial_3d_monolayer,4,12,1791460216.8916593,1507335,worker_2,W007,Threshold,step_completed,success,35.483870967741936,11,31
cp_tutorial_3d_monolayer,4,12,1791460216.8921592,1507335,worker_2,W007,ImageMath,step_started,started,35.483870967741936,11,31
cp_tutorial_3d_monolayer,4,12,1791460216.910141,1507334,worker_1,W006,Threshold,pattern_group,running,100.0,1,1
cp_tutorial_3d_monolayer,4,12,1791460216.9108913,1507334,worker_1,W006,Threshold,step_completed,success,35.483870967741936,11,31
cp_tutorial_3d_monolayer,4,12,1791460216.9113636,1507334,worker_1,W006,ImageMath,step_started,started,35.483870967741936,11,31
cp_tutorial_3d_monolayer,4,12,1791460216.9272835,1507335,worker_2,W007,ImageMath,pattern_group,running,100.0,1,1
cp_tutorial_3d_monolayer,4,12,1791460216.9277213,1507335,worker_2,W007,ImageMath,step_completed,success,38.70967741935484,12,31
cp_tutorial_3d_monolayer,4,12,1791460216.9283843,1507335,worker_2,W007,RemoveHoles,step_started,started,38.70967741935484,12,31
cp_tutorial_3d_monolayer,4,12,1791460216.9493566,1507334,worker_1,W006,ImageMath,pattern_group,running,100.0,1,1
cp_tutorial_3d_monolayer,4,12,1791460216.949766,1507334,worker_1,W006,ImageMath,step_completed,success,38.70967741935484,12,31
cp_tutorial_3d_monolayer,4,12,1791460216.9503887,1507334,worker_1,W006,RemoveHoles,step_started,started,38.70967741935484,12,31
cp_tutorial_3d_monolayer,4,12,1791460216.9524088,1507333,worker_0,W005,Threshold,pattern_group,running,100.0,1,1
cp_tutorial_3d_monolayer,4,12,1791460216.953036,1507333,worker_0,W005,Threshold,step_completed,success,35.483870967741936,11,31
cp_tutorial_3d_monolayer,4,12,1791460216.953503,1507333,worker_0,W005,ImageMath,step_started,started,35.483870967741936,11,31
cp_tutorial_3d_monolayer,4,12,1791460216.959427,1507336,worker_3,W008,Threshold,pattern_group,running,100.0,1,1
cp_tutorial_3d_monolayer,4,12,1791460216.9600072,1507336,worker_3,W008,Threshold,step_completed,success,35.483870967741936,11,31
cp_tutorial_3d_monolayer,4,12,1791460216.9609225,1507336,worker_3,W008,ImageMath,step_started,started,35.483870967741936,11,31
cp_tutorial_3d_monolayer,4,12,1791460216.983961,1507335,worker_2,W007,RemoveHoles,pattern_group,running,100.0,1,1
cp_tutorial_3d_monolayer,4,12,1791460216.9845235,1507335,worker_2,W007,RemoveHoles,step_completed,success,41.935483870967744,13,31
cp_tutorial_3d_monolayer,4,12,1791460216.9851665,1507335,worker_2,W007,ImageMath,step_started,started,41.935483870967744,13,31
cp_tutorial_3d_monolayer,4,12,1791460216.9914577,1507333,worker_0,W005,ImageMath,pattern_group,running,100.0,1,1
cp_tutorial_3d_monolayer,4,12,1791460216.991933,1507333,worker_0,W005,ImageMath,step_completed,success,38.70967741935484,12,31
cp_tutorial_3d_monolayer,4,12,1791460216.9926102,1507333,worker_0,W005,RemoveHoles,step_started,started,38.70967741935484,12,31
cp_tutorial_3d_monolayer,4,12,1791460216.9998434,1507336,worker_3,W008,ImageMath,pattern_group,running,100.0,1,1
cp_tutorial_3d_monolayer,4,12,1791460217.0005624,1507336,worker_3,W008,ImageMath,step_completed,success,38.70967741935484,12,31
cp_tutorial_3d_monolayer,4,12,1791460217.001397,1507336,worker_3,W008,RemoveHoles,step_started,started,38.70967741935484,12,31
cp_tutorial_3d_monolayer,4,12,1791460217.0109835,1507334,worker_1,W006,RemoveHoles,pattern_group,running,100.0,1,1
cp_tutorial_3d_monolayer,4,12,1791460217.0113907,1507334,worker_1,W006,RemoveHoles,step_completed,success,41.935483870967744,13,31
cp_tutorial_3d_monolayer,4,12,1791460217.012018,1507334,worker_1,W006,ImageMath,step_started,started,41.935483870967744,13,31
cp_tutorial_3d_monolayer,4,12,1791460217.041881,1507333,worker_0,W005,RemoveHoles,pattern_group,running,100.0,1,1
cp_tutorial_3d_monolayer,4,12,1791460217.0423136,1507333,worker_0,W005,RemoveHoles,step_completed,success,41.935483870967744,13,31
cp_tutorial_3d_monolayer,4,12,1791460217.042944,1507333,worker_0,W005,ImageMath,step_started,started,41.935483870967744,13,31
cp_tutorial_3d_monolayer,4,12,1791460217.0509665,1507336,worker_3,W008,RemoveHoles,pattern_group,running,100.0,1,1
cp_tutorial_3d_monolayer,4,12,1791460217.0515306,1507336,worker_3,W008,RemoveHoles,step_completed,success,41.935483870967744,13,31
cp_tutorial_3d_monolayer,4,12,1791460217.0522404,1507336,worker_3,W008,ImageMath,step_started,started,41.935483870967744,13,31
cp_tutorial_3d_monolayer,4,12,1791460217.291702,1507335,worker_2,W007,ImageMath,pattern_group,running,100.0,1,1
cp_tutorial_3d_monolayer,4,12,1791460217.292177,1507335,worker_2,W007,ImageMath,step_completed,success,45.16129032258064,14,31
cp_tutorial_3d_monolayer,4,12,1791460217.2926893,1507335,worker_2,W007,Resize,step_started,started,45.16129032258064,14,31
cp_tutorial_3d_monolayer,4,12,1791460217.3054914,1507334,worker_1,W006,ImageMath,pattern_group,running,100.0,1,1
cp_tutorial_3d_monolayer,4,12,1791460217.3059037,1507334,worker_1,W006,ImageMath,step_completed,success,45.16129032258064,14,31
cp_tutorial_3d_monolayer,4,12,1791460217.306368,1507334,worker_1,W006,Resize,step_started,started,45.16129032258064,14,31
cp_tutorial_3d_monolayer,4,12,1791460217.3319764,1507336,worker_3,W008,ImageMath,pattern_group,running,100.0,1,1
cp_tutorial_3d_monolayer,4,12,1791460217.3326159,1507336,worker_3,W008,ImageMath,step_completed,success,45.16129032258064,14,31
cp_tutorial_3d_monolayer,4,12,1791460217.33323,1507336,worker_3,W008,Resize,step_started,started,45.16129032258064,14,31
cp_tutorial_3d_monolayer,4,12,1791460217.346979,1507333,worker_0,W005,ImageMath,pattern_group,running,100.0,1,1
cp_tutorial_3d_monolayer,4,12,1791460217.3476443,1507333,worker_0,W005,ImageMath,step_completed,success,45.16129032258064,14,31
cp_tutorial_3d_monolayer,4,12,1791460217.348338,1507333,worker_0,W005,Resize,step_started,started,45.16129032258064,14,31
cp_tutorial_3d_monolayer,4,12,1791460217.3571105,1507335,worker_2,W007,Resize,pattern_group,running,100.0,1,1
cp_tutorial_3d_monolayer,4,12,1791460217.3576498,1507335,worker_2,W007,Resize,step_completed,success,48.38709677419355,15,31
cp_tutorial_3d_monolayer,4,12,1791460217.3640573,1507335,worker_2,W007,Closing,step_started,started,48.38709677419355,15,31
cp_tutorial_3d_monolayer,4,12,1791460217.3717117,1507334,worker_1,W006,Resize,pattern_group,running,100.0,1,1
cp_tutorial_3d_monolayer,4,12,1791460217.3721297,1507334,worker_1,W006,Resize,step_completed,success,48.38709677419355,15,31
cp_tutorial_3d_monolayer,4,12,1791460217.3795156,1507334,worker_1,W006,Closing,step_started,started,48.38709677419355,15,31
cp_tutorial_3d_monolayer,4,12,1791460217.3965614,1507336,worker_3,W008,Resize,pattern_group,running,100.0,1,1
cp_tutorial_3d_monolayer,4,12,1791460217.3970292,1507336,worker_3,W008,Resize,step_completed,success,48.38709677419355,15,31
cp_tutorial_3d_monolayer,4,12,1791460217.3976653,1507336,worker_3,W008,Closing,step_started,started,48.38709677419355,15,31
cp_tutorial_3d_monolayer,4,12,1791460217.4142292,1507333,worker_0,W005,Resize,pattern_group,running,100.0,1,1
cp_tutorial_3d_monolayer,4,12,1791460217.4147832,1507333,worker_0,W005,Resize,step_completed,success,48.38709677419355,15,31
cp_tutorial_3d_monolayer,4,12,1791460217.4154582,1507333,worker_0,W005,Closing,step_started,started,48.38709677419355,15,31
cp_tutorial_3d_monolayer,4,12,1791460217.4540582,1507335,worker_2,W007,Closing,pattern_group,running,100.0,1,1
cp_tutorial_3d_monolayer,4,12,1791460217.454665,1507335,worker_2,W007,Closing,step_completed,success,51.61290322580645,16,31
cp_tutorial_3d_monolayer,4,12,1791460217.4554503,1507335,worker_2,W007,Resize,step_started,started,51.61290322580645,16,31
cp_tutorial_3d_monolayer,4,12,1791460217.4675639,1507334,worker_1,W006,Closing,pattern_group,running,100.0,1,1
cp_tutorial_3d_monolayer,4,12,1791460217.4680095,1507334,worker_1,W006,Closing,step_completed,success,51.61290322580645,16,31
cp_tutorial_3d_monolayer,4,12,1791460217.4688196,1507334,worker_1,W006,Resize,step_started,started,51.61290322580645,16,31
cp_tutorial_3d_monolayer,4,12,1791460217.482812,1507336,worker_3,W008,Closing,pattern_group,running,100.0,1,1
cp_tutorial_3d_monolayer,4,12,1791460217.4833264,1507336,worker_3,W008,Closing,step_completed,success,51.61290322580645,16,31
cp_tutorial_3d_monolayer,4,12,1791460217.484006,1507336,worker_3,W008,Resize,step_started,started,51.61290322580645,16,31
cp_tutorial_3d_monolayer,4,12,1791460217.5035157,1507333,worker_0,W005,Closing,pattern_group,running,100.0,1,1
cp_tutorial_3d_monolayer,4,12,1791460217.5039186,1507333,worker_0,W005,Closing,step_completed,success,51.61290322580645,16,31
cp_tutorial_3d_monolayer,4,12,1791460217.504524,1507333,worker_0,W005,Resize,step_started,started,51.61290322580645,16,31
cp_tutorial_3d_monolayer,4,12,1791460217.5058103,1507335,worker_2,W007,Resize,pattern_group,running,100.0,1,1
cp_tutorial_3d_monolayer,4,12,1791460217.5061715,1507335,worker_2,W007,Resize,step_completed,success,54.83870967741935,17,31
cp_tutorial_3d_monolayer,4,12,1791460217.5068135,1507335,worker_2,W007,Threshold,step_started,started,54.83870967741935,17,31
cp_tutorial_3d_monolayer,4,12,1791460217.5220766,1507334,worker_1,W006,Resize,pattern_group,running,100.0,1,1
cp_tutorial_3d_monolayer,4,12,1791460217.5225067,1507334,worker_1,W006,Resize,step_completed,success,54.83870967741935,17,31
cp_tutorial_3d_monolayer,4,12,1791460217.5231464,1507334,worker_1,W006,Threshold,step_started,started,54.83870967741935,17,31
cp_tutorial_3d_monolayer,4,12,1791460217.5375056,1507336,worker_3,W008,Resize,pattern_group,running,100.0,1,1
cp_tutorial_3d_monolayer,4,12,1791460217.5381174,1507336,worker_3,W008,Resize,step_completed,success,54.83870967741935,17,31
cp_tutorial_3d_monolayer,4,12,1791460217.5389304,1507336,worker_3,W008,Threshold,step_started,started,54.83870967741935,17,31
cp_tutorial_3d_monolayer,4,12,1791460217.5585248,1507333,worker_0,W005,Resize,pattern_group,running,100.0,1,1
cp_tutorial_3d_monolayer,4,12,1791460217.559017,1507333,worker_0,W005,Resize,step_completed,success,54.83870967741935,17,31
cp_tutorial_3d_monolayer,4,12,1791460217.5604317,1507333,worker_0,W005,Threshold,step_started,started,54.83870967741935,17,31
cp_tutorial_3d_monolayer,4,12,1791460217.6867764,1507335,worker_2,W007,Threshold,pattern_group,running,100.0,1,1
cp_tutorial_3d_monolayer,4,12,1791460217.6875303,1507335,worker_2,W007,Threshold,step_completed,success,58.06451612903226,18,31
cp_tutorial_3d_monolayer,4,12,1791460217.6885347,1507335,worker_2,W007,MaskImage,step_started,started,58.06451612903226,18,31
cp_tutorial_3d_monolayer,4,12,1791460217.6955454,1507336,worker_3,W008,Threshold,pattern_group,running,100.0,1,1
cp_tutorial_3d_monolayer,4,12,1791460217.6960475,1507336,worker_3,W008,Threshold,step_completed,success,58.06451612903226,18,31
cp_tutorial_3d_monolayer,4,12,1791460217.696705,1507336,worker_3,W008,MaskImage,step_started,started,58.06451612903226,18,31
cp_tutorial_3d_monolayer,4,12,1791460217.710591,1507334,worker_1,W006,Threshold,pattern_group,running,100.0,1,1
cp_tutorial_3d_monolayer,4,12,1791460217.7111013,1507334,worker_1,W006,Threshold,step_completed,success,58.06451612903226,18,31
cp_tutorial_3d_monolayer,4,12,1791460217.7117534,1507334,worker_1,W006,MaskImage,step_started,started,58.06451612903226,18,31
cp_tutorial_3d_monolayer,4,12,1791460217.724556,1507333,worker_0,W005,Threshold,pattern_group,running,100.0,1,1
cp_tutorial_3d_monolayer,4,12,1791460217.7250729,1507333,worker_0,W005,Threshold,step_completed,success,58.06451612903226,18,31
cp_tutorial_3d_monolayer,4,12,1791460217.7257383,1507333,worker_0,W005,MaskImage,step_started,started,58.06451612903226,18,31
cp_tutorial_3d_monolayer,4,12,1791460217.7381215,1507335,worker_2,W007,MaskImage,pattern_group,running,100.0,1,1
cp_tutorial_3d_monolayer,4,12,1791460217.738644,1507335,worker_2,W007,MaskImage,step_completed,success,61.29032258064516,19,31
cp_tutorial_3d_monolayer,4,12,1791460217.7397876,1507335,worker_2,W007,ErodeImage,step_started,started,61.29032258064516,19,31
cp_tutorial_3d_monolayer,4,12,1791460217.7453854,1507336,worker_3,W008,MaskImage,pattern_group,running,100.0,1,1
cp_tutorial_3d_monolayer,4,12,1791460217.7457619,1507336,worker_3,W008,MaskImage,step_completed,success,61.29032258064516,19,31
cp_tutorial_3d_monolayer,4,12,1791460217.7464817,1507336,worker_3,W008,ErodeImage,step_started,started,61.29032258064516,19,31
cp_tutorial_3d_monolayer,4,12,1791460217.76089,1507334,worker_1,W006,MaskImage,pattern_group,running,100.0,1,1
cp_tutorial_3d_monolayer,4,12,1791460217.7613075,1507334,worker_1,W006,MaskImage,step_completed,success,61.29032258064516,19,31
cp_tutorial_3d_monolayer,4,12,1791460217.762421,1507334,worker_1,W006,ErodeImage,step_started,started,61.29032258064516,19,31
cp_tutorial_3d_monolayer,4,12,1791460217.771769,1507335,worker_2,W007,ErodeImage,pattern_group,running,100.0,1,1
cp_tutorial_3d_monolayer,4,12,1791460217.772374,1507335,worker_2,W007,ErodeImage,step_completed,success,64.51612903225806,20,31
cp_tutorial_3d_monolayer,4,12,1791460217.7731104,1507335,worker_2,W007,Watershed,step_started,started,64.51612903225806,20,31
cp_tutorial_3d_monolayer,4,12,1791460217.7763948,1507333,worker_0,W005,MaskImage,pattern_group,running,100.0,1,1
cp_tutorial_3d_monolayer,4,12,1791460217.7768114,1507333,worker_0,W005,MaskImage,step_completed,success,61.29032258064516,19,31
cp_tutorial_3d_monolayer,4,12,1791460217.7775633,1507333,worker_0,W005,ErodeImage,step_started,started,61.29032258064516,19,31
cp_tutorial_3d_monolayer,4,12,1791460217.7780983,1507336,worker_3,W008,ErodeImage,pattern_group,running,100.0,1,1
cp_tutorial_3d_monolayer,4,12,1791460217.778424,1507336,worker_3,W008,ErodeImage,step_completed,success,64.51612903225806,20,31
cp_tutorial_3d_monolayer,4,12,1791460217.7790506,1507336,worker_3,W008,Watershed,step_started,started,64.51612903225806,20,31
cp_tutorial_3d_monolayer,4,12,1791460217.7960672,1507334,worker_1,W006,ErodeImage,pattern_group,running,100.0,1,1
cp_tutorial_3d_monolayer,4,12,1791460217.7966533,1507334,worker_1,W006,ErodeImage,step_completed,success,64.51612903225806,20,31
cp_tutorial_3d_monolayer,4,12,1791460217.7976863,1507334,worker_1,W006,Watershed,step_started,started,64.51612903225806,20,31
cp_tutorial_3d_monolayer,4,12,1791460217.8169556,1507333,worker_0,W005,ErodeImage,pattern_group,running,100.0,1,1
cp_tutorial_3d_monolayer,4,12,1791460217.8174849,1507333,worker_0,W005,ErodeImage,step_completed,success,64.51612903225806,20,31
cp_tutorial_3d_monolayer,4,12,1791460217.818208,1507333,worker_0,W005,Watershed,step_started,started,64.51612903225806,20,31
cp_tutorial_3d_monolayer,4,12,1791460217.8982596,1507336,worker_3,W008,Watershed,pattern_group,running,100.0,1,1
cp_tutorial_3d_monolayer,4,12,1791460217.899266,1507336,worker_3,W008,Watershed,step_completed,success,67.74193548387096,21,31
cp_tutorial_3d_monolayer,4,12,1791460217.900355,1507336,worker_3,W008,MeasureObjectIntensity,step_started,started,67.74193548387096,21,31
cp_tutorial_3d_monolayer,4,12,1791460217.9066246,1507335,worker_2,W007,Watershed,pattern_group,running,100.0,1,1
cp_tutorial_3d_monolayer,4,12,1791460217.9073477,1507335,worker_2,W007,Watershed,step_completed,success,67.74193548387096,21,31
cp_tutorial_3d_monolayer,4,12,1791460217.9080591,1507335,worker_2,W007,MeasureObjectIntensity,step_started,started,67.74193548387096,21,31
cp_tutorial_3d_monolayer,4,12,1791460217.9255333,1507334,worker_1,W006,Watershed,pattern_group,running,100.0,1,1
cp_tutorial_3d_monolayer,4,12,1791460217.9262156,1507334,worker_1,W006,Watershed,step_completed,success,67.74193548387096,21,31
cp_tutorial_3d_monolayer,4,12,1791460217.9269764,1507334,worker_1,W006,MeasureObjectIntensity,step_started,started,67.74193548387096,21,31
cp_tutorial_3d_monolayer,4,12,1791460217.938777,1507333,worker_0,W005,Watershed,pattern_group,running,100.0,1,1
cp_tutorial_3d_monolayer,4,12,1791460217.9394608,1507333,worker_0,W005,Watershed,step_completed,success,67.74193548387096,21,31
cp_tutorial_3d_monolayer,4,12,1791460217.940252,1507333,worker_0,W005,MeasureObjectIntensity,step_started,started,67.74193548387096,21,31
cp_tutorial_3d_monolayer,4,12,1791460218.1527185,1507336,worker_3,W008,MeasureObjectIntensity,pattern_group,running,50.0,1,2
cp_tutorial_3d_monolayer,4,12,1791460218.1608455,1507335,worker_2,W007,MeasureObjectIntensity,pattern_group,running,50.0,1,2
cp_tutorial_3d_monolayer,4,12,1791460218.1886601,1507334,worker_1,W006,MeasureObjectIntensity,pattern_group,running,50.0,1,2
cp_tutorial_3d_monolayer,4,12,1791460218.1952019,1507333,worker_0,W005,MeasureObjectIntensity,pattern_group,running,50.0,1,2
cp_tutorial_3d_monolayer,4,12,1791460218.4419205,1507336,worker_3,W008,MeasureObjectIntensity,pattern_group,running,100.0,2,2
cp_tutorial_3d_monolayer,4,12,1791460218.444487,1507336,worker_3,W008,MeasureObjectIntensity,step_completed,success,70.96774193548387,22,31
cp_tutorial_3d_monolayer,4,12,1791460218.4453745,1507336,worker_3,W008,MeasureObjectSizeShape,step_started,started,70.96774193548387,22,31
cp_tutorial_3d_monolayer,4,12,1791460218.464011,1507335,worker_2,W007,MeasureObjectIntensity,pattern_group,running,100.0,2,2
cp_tutorial_3d_monolayer,4,12,1791460218.468527,1507335,worker_2,W007,MeasureObjectIntensity,step_completed,success,70.96774193548387,22,31
cp_tutorial_3d_monolayer,4,12,1791460218.4728062,1507335,worker_2,W007,MeasureObjectSizeShape,step_started,started,70.96774193548387,22,31
cp_tutorial_3d_monolayer,4,12,1791460218.4942548,1507334,worker_1,W006,MeasureObjectIntensity,pattern_group,running,100.0,2,2
cp_tutorial_3d_monolayer,4,12,1791460218.4966986,1507334,worker_1,W006,MeasureObjectIntensity,step_completed,success,70.96774193548387,22,31
cp_tutorial_3d_monolayer,4,12,1791460218.4973245,1507334,worker_1,W006,MeasureObjectSizeShape,step_started,started,70.96774193548387,22,31
cp_tutorial_3d_monolayer,4,12,1791460218.502565,1507333,worker_0,W005,MeasureObjectIntensity,pattern_group,running,100.0,2,2
cp_tutorial_3d_monolayer,4,12,1791460218.505623,1507333,worker_0,W005,MeasureObjectIntensity,step_completed,success,70.96774193548387,22,31
cp_tutorial_3d_monolayer,4,12,1791460218.5069044,1507333,worker_0,W005,MeasureObjectSizeShape,step_started,started,70.96774193548387,22,31
cp_tutorial_3d_monolayer,4,12,1791460218.5698338,1507336,worker_3,W008,MeasureObjectSizeShape,pattern_group,running,50.0,1,2
cp_tutorial_3d_monolayer,4,12,1791460218.5858343,1507334,worker_1,W006,MeasureObjectSizeShape,pattern_group,running,50.0,1,2
cp_tutorial_3d_monolayer,4,12,1791460218.5960999,1507333,worker_0,W005,MeasureObjectSizeShape,pattern_group,running,50.0,1,2
cp_tutorial_3d_monolayer,4,12,1791460218.5987275,1507335,worker_2,W007,MeasureObjectSizeShape,pattern_group,running,50.0,1,2
cp_tutorial_3d_monolayer,4,12,1791460218.6689272,1507336,worker_3,W008,MeasureObjectSizeShape,pattern_group,running,100.0,2,2
cp_tutorial_3d_monolayer,4,12,1791460218.6702106,1507336,worker_3,W008,MeasureObjectSizeShape,step_completed,success,74.19354838709677,23,31
cp_tutorial_3d_monolayer,4,12,1791460218.670658,1507336,worker_3,W008,OverlayObjects,step_started,started,74.19354838709677,23,31
cp_tutorial_3d_monolayer,4,12,1791460218.6827447,1507334,worker_1,W006,MeasureObjectSizeShape,pattern_group,running,100.0,2,2
cp_tutorial_3d_monolayer,4,12,1791460218.683633,1507334,worker_1,W006,MeasureObjectSizeShape,step_completed,success,74.19354838709677,23,31
cp_tutorial_3d_monolayer,4,12,1791460218.684284,1507334,worker_1,W006,OverlayObjects,step_started,started,74.19354838709677,23,31
cp_tutorial_3d_monolayer,4,12,1791460218.6911223,1507336,worker_3,W008,OverlayObjects,pattern_group,running,100.0,1,1
cp_tutorial_3d_monolayer,4,12,1791460218.6915534,1507336,worker_3,W008,OverlayObjects,step_completed,success,77.41935483870968,24,31
cp_tutorial_3d_monolayer,4,12,1791460218.6946657,1507336,worker_3,W008,RescaleIntensity,step_started,started,77.41935483870968,24,31
cp_tutorial_3d_monolayer,4,12,1791460218.6961138,1507333,worker_0,W005,MeasureObjectSizeShape,pattern_group,running,100.0,2,2
cp_tutorial_3d_monolayer,4,12,1791460218.6970818,1507333,worker_0,W005,MeasureObjectSizeShape,step_completed,success,74.19354838709677,23,31
cp_tutorial_3d_monolayer,4,12,1791460218.6978018,1507333,worker_0,W005,OverlayObjects,step_started,started,74.19354838709677,23,31
cp_tutorial_3d_monolayer,4,12,1791460218.7039077,1507335,worker_2,W007,MeasureObjectSizeShape,pattern_group,running,100.0,2,2
cp_tutorial_3d_monolayer,4,12,1791460218.7049406,1507334,worker_1,W006,OverlayObjects,pattern_group,running,100.0,1,1
cp_tutorial_3d_monolayer,4,12,1791460218.7052228,1507334,worker_1,W006,OverlayObjects,step_completed,success,77.41935483870968,24,31
cp_tutorial_3d_monolayer,4,12,1791460218.7049553,1507335,worker_2,W007,MeasureObjectSizeShape,step_completed,success,74.19354838709677,23,31
cp_tutorial_3d_monolayer,4,12,1791460218.705463,1507335,worker_2,W007,OverlayObjects,step_started,started,74.19354838709677,23,31
cp_tutorial_3d_monolayer,4,12,1791460218.7062192,1507334,worker_1,W006,RescaleIntensity,step_started,started,77.41935483870968,24,31
cp_tutorial_3d_monolayer,4,12,1791460218.7199192,1507333,worker_0,W005,OverlayObjects,pattern_group,running,100.0,1,1
cp_tutorial_3d_monolayer,4,12,1791460218.7204168,1507333,worker_0,W005,OverlayObjects,step_completed,success,77.41935483870968,24,31
cp_tutorial_3d_monolayer,4,12,1791460218.7212489,1507333,worker_0,W005,RescaleIntensity,step_started,started,77.41935483870968,24,31
cp_tutorial_3d_monolayer,4,12,1791460218.7273402,1507335,worker_2,W007,OverlayObjects,pattern_group,running,100.0,1,1
cp_tutorial_3d_monolayer,4,12,1791460218.7276137,1507335,worker_2,W007,OverlayObjects,step_completed,success,77.41935483870968,24,31
cp_tutorial_3d_monolayer,4,12,1791460218.7283037,1507335,worker_2,W007,RescaleIntensity,step_started,started,77.41935483870968,24,31
cp_tutorial_3d_monolayer,4,12,1791460218.8737438,1507336,worker_3,W008,RescaleIntensity,pattern_group,running,100.0,1,1
cp_tutorial_3d_monolayer,4,12,1791460218.8741276,1507336,worker_3,W008,RescaleIntensity,step_completed,success,80.64516129032258,25,31
cp_tutorial_3d_monolayer,4,12,1791460218.8745854,1507336,worker_3,W008,OverlayObjects,step_started,started,80.64516129032258,25,31
cp_tutorial_3d_monolayer,4,12,1791460218.880308,1507334,worker_1,W006,RescaleIntensity,pattern_group,running,100.0,1,1
cp_tutorial_3d_monolayer,4,12,1791460218.8809865,1507334,worker_1,W006,RescaleIntensity,step_completed,success,80.64516129032258,25,31
cp_tutorial_3d_monolayer,4,12,1791460218.8814797,1507334,worker_1,W006,OverlayObjects,step_started,started,80.64516129032258,25,31
cp_tutorial_3d_monolayer,4,12,1791460218.8992395,1507336,worker_3,W008,OverlayObjects,pattern_group,running,100.0,1,1
cp_tutorial_3d_monolayer,4,12,1791460218.900738,1507336,worker_3,W008,OverlayObjects,step_completed,success,83.87096774193549,26,31
cp_tutorial_3d_monolayer,4,12,1791460218.9025135,1507336,worker_3,W008,ConvertObjectsToImage,step_started,started,83.87096774193549,26,31
cp_tutorial_3d_monolayer,4,12,1791460218.9106102,1507334,worker_1,W006,OverlayObjects,pattern_group,running,100.0,1,1
cp_tutorial_3d_monolayer,4,12,1791460218.9111054,1507334,worker_1,W006,OverlayObjects,step_completed,success,83.87096774193549,26,31
cp_tutorial_3d_monolayer,4,12,1791460218.9120288,1507334,worker_1,W006,ConvertObjectsToImage,step_started,started,83.87096774193549,26,31
cp_tutorial_3d_monolayer,4,12,1791460218.9175045,1507333,worker_0,W005,RescaleIntensity,pattern_group,running,100.0,1,1
cp_tutorial_3d_monolayer,4,12,1791460218.9183466,1507333,worker_0,W005,RescaleIntensity,step_completed,success,80.64516129032258,25,31
cp_tutorial_3d_monolayer,4,12,1791460218.9191256,1507333,worker_0,W005,OverlayObjects,step_started,started,80.64516129032258,25,31
cp_tutorial_3d_monolayer,4,12,1791460218.9235585,1507335,worker_2,W007,RescaleIntensity,pattern_group,running,100.0,1,1
cp_tutorial_3d_monolayer,4,12,1791460218.9241254,1507335,worker_2,W007,RescaleIntensity,step_completed,success,80.64516129032258,25,31
cp_tutorial_3d_monolayer,4,12,1791460218.924647,1507335,worker_2,W007,OverlayObjects,step_started,started,80.64516129032258,25,31
cp_tutorial_3d_monolayer,4,12,1791460218.9447021,1507333,worker_0,W005,OverlayObjects,pattern_group,running,100.0,1,1
cp_tutorial_3d_monolayer,4,12,1791460218.9451954,1507333,worker_0,W005,OverlayObjects,step_completed,success,83.87096774193549,26,31
cp_tutorial_3d_monolayer,4,12,1791460218.9459972,1507333,worker_0,W005,ConvertObjectsToImage,step_started,started,83.87096774193549,26,31
cp_tutorial_3d_monolayer,4,12,1791460218.9505885,1507335,worker_2,W007,OverlayObjects,pattern_group,running,100.0,1,1
cp_tutorial_3d_monolayer,4,12,1791460218.9510286,1507335,worker_2,W007,OverlayObjects,step_completed,success,83.87096774193549,26,31
cp_tutorial_3d_monolayer,4,12,1791460218.9523268,1507335,worker_2,W007,ConvertObjectsToImage,step_started,started,83.87096774193549,26,31
cp_tutorial_3d_monolayer,4,12,1791460218.9549444,1507336,worker_3,W008,ConvertObjectsToImage,pattern_group,running,100.0,1,1
cp_tutorial_3d_monolayer,4,12,1791460218.9554825,1507336,worker_3,W008,ConvertObjectsToImage,step_completed,success,87.09677419354838,27,31
cp_tutorial_3d_monolayer,4,12,1791460218.9563227,1507336,worker_3,W008,SaveImages,step_started,started,87.09677419354838,27,31
cp_tutorial_3d_monolayer,4,12,1791460218.9579222,1507334,worker_1,W006,ConvertObjectsToImage,pattern_group,running,100.0,1,1
cp_tutorial_3d_monolayer,4,12,1791460218.9586701,1507334,worker_1,W006,ConvertObjectsToImage,step_completed,success,87.09677419354838,27,31
cp_tutorial_3d_monolayer,4,12,1791460218.9598823,1507334,worker_1,W006,SaveImages,step_started,started,87.09677419354838,27,31
cp_tutorial_3d_monolayer,4,12,1791460218.9832184,1507333,worker_0,W005,ConvertObjectsToImage,pattern_group,running,100.0,1,1
cp_tutorial_3d_monolayer,4,12,1791460218.983614,1507333,worker_0,W005,ConvertObjectsToImage,step_completed,success,87.09677419354838,27,31
cp_tutorial_3d_monolayer,4,12,1791460218.9843302,1507333,worker_0,W005,SaveImages,step_started,started,87.09677419354838,27,31
cp_tutorial_3d_monolayer,4,12,1791460218.989608,1507335,worker_2,W007,ConvertObjectsToImage,pattern_group,running,100.0,1,1
cp_tutorial_3d_monolayer,4,12,1791460218.989933,1507335,worker_2,W007,ConvertObjectsToImage,step_completed,success,87.09677419354838,27,31
cp_tutorial_3d_monolayer,4,12,1791460218.990613,1507335,worker_2,W007,SaveImages,step_started,started,87.09677419354838,27,31
cp_tutorial_3d_monolayer,4,12,1791460219.0103877,1507336,worker_3,W008,SaveImages,pattern_group,running,100.0,1,1
cp_tutorial_3d_monolayer,4,12,1791460219.0119941,1507334,worker_1,W006,SaveImages,pattern_group,running,100.0,1,1
cp_tutorial_3d_monolayer,4,12,1791460219.026831,1507336,worker_3,W008,SaveImages,step_completed,success,90.32258064516128,28,31
cp_tutorial_3d_monolayer,4,12,1791460219.0278091,1507336,worker_3,W008,ConvertObjectsToImage,step_started,started,90.32258064516128,28,31
cp_tutorial_3d_monolayer,4,12,1791460219.0286007,1507334,worker_1,W006,SaveImages,step_completed,success,90.32258064516128,28,31
cp_tutorial_3d_monolayer,4,12,1791460219.0296001,1507334,worker_1,W006,ConvertObjectsToImage,step_started,started,90.32258064516128,28,31
cp_tutorial_3d_monolayer,4,12,1791460219.037611,1507333,worker_0,W005,SaveImages,pattern_group,running,100.0,1,1
cp_tutorial_3d_monolayer,4,12,1791460219.047089,1507335,worker_2,W007,SaveImages,pattern_group,running,100.0,1,1
cp_tutorial_3d_monolayer,4,12,1791460219.0613298,1507333,worker_0,W005,SaveImages,step_completed,success,90.32258064516128,28,31
cp_tutorial_3d_monolayer,4,12,1791460219.062125,1507333,worker_0,W005,ConvertObjectsToImage,step_started,started,90.32258064516128,28,31
cp_tutorial_3d_monolayer,4,12,1791460219.0665007,1507335,worker_2,W007,SaveImages,step_completed,success,90.32258064516128,28,31
cp_tutorial_3d_monolayer,4,12,1791460219.067654,1507335,worker_2,W007,ConvertObjectsToImage,step_started,started,90.32258064516128,28,31
cp_tutorial_3d_monolayer,4,12,1791460219.071667,1507336,worker_3,W008,ConvertObjectsToImage,pattern_group,running,100.0,1,1
cp_tutorial_3d_monolayer,4,12,1791460219.071823,1507334,worker_1,W006,ConvertObjectsToImage,pattern_group,running,100.0,1,1
cp_tutorial_3d_monolayer,4,12,1791460219.072355,1507334,worker_1,W006,ConvertObjectsToImage,step_completed,success,93.54838709677419,29,31
cp_tutorial_3d_monolayer,4,12,1791460219.0727565,1507336,worker_3,W008,ConvertObjectsToImage,step_completed,success,93.54838709677419,29,31
cp_tutorial_3d_monolayer,4,12,1791460219.0733542,1507334,worker_1,W006,SaveImages,step_started,started,93.54838709677419,29,31
cp_tutorial_3d_monolayer,4,12,1791460219.0737545,1507336,worker_3,W008,SaveImages,step_started,started,93.54838709677419,29,31
cp_tutorial_3d_monolayer,4,12,1791460219.1007848,1507333,worker_0,W005,ConvertObjectsToImage,pattern_group,running,100.0,1,1
cp_tutorial_3d_monolayer,4,12,1791460219.101387,1507333,worker_0,W005,ConvertObjectsToImage,step_completed,success,93.54838709677419,29,31
cp_tutorial_3d_monolayer,4,12,1791460219.1079357,1507335,worker_2,W007,ConvertObjectsToImage,pattern_group,running,100.0,1,1
cp_tutorial_3d_monolayer,4,12,1791460219.1083784,1507335,worker_2,W007,ConvertObjectsToImage,step_completed,success,93.54838709677419,29,31
cp_tutorial_3d_monolayer,4,12,1791460219.1096642,1507333,worker_0,W005,SaveImages,step_started,started,93.54838709677419,29,31
cp_tutorial_3d_monolayer,4,12,1791460219.117734,1507335,worker_2,W007,SaveImages,step_started,started,93.54838709677419,29,31
cp_tutorial_3d_monolayer,4,12,1791460219.128401,1507336,worker_3,W008,SaveImages,pattern_group,running,100.0,1,1
cp_tutorial_3d_monolayer,4,12,1791460219.13062,1507334,worker_1,W006,SaveImages,pattern_group,running,100.0,1,1
cp_tutorial_3d_monolayer,4,12,1791460219.138938,1507336,worker_3,W008,SaveImages,step_completed,success,96.7741935483871,30,31
cp_tutorial_3d_monolayer,4,12,1791460219.1405828,1507336,worker_3,W008,pipeline,axis_completed,success,96.7741935483871,30,31
cp_tutorial_3d_monolayer,4,12,1791460219.1408937,1507336,worker_3,W012,pipeline,axis_started,started,0.0,0,31
cp_tutorial_3d_monolayer,4,12,1791460219.1420977,1507334,worker_1,W006,SaveImages,step_completed,success,96.7741935483871,30,31
cp_tutorial_3d_monolayer,4,12,1791460219.143257,1507334,worker_1,W006,pipeline,axis_completed,success,96.7741935483871,30,31
cp_tutorial_3d_monolayer,4,12,1791460219.1434321,1507334,worker_1,W010,pipeline,axis_started,started,0.0,0,31
cp_tutorial_3d_monolayer,4,12,1791460219.1450834,1507336,worker_3,W012,RescaleIntensity,step_started,started,0.0,0,31
cp_tutorial_3d_monolayer,4,12,1791460219.14699,1507334,worker_1,W010,RescaleIntensity,step_started,started,0.0,0,31
cp_tutorial_3d_monolayer,4,12,1791460219.1737247,1507333,worker_0,W005,SaveImages,pattern_group,running,100.0,1,1
cp_tutorial_3d_monolayer,4,12,1791460219.1751375,1507335,worker_2,W007,SaveImages,pattern_group,running,100.0,1,1
cp_tutorial_3d_monolayer,4,12,1791460219.1909091,1507333,worker_0,W005,SaveImages,step_completed,success,96.7741935483871,30,31
cp_tutorial_3d_monolayer,4,12,1791460219.1915722,1507335,worker_2,W007,SaveImages,step_completed,success,96.7741935483871,30,31
cp_tutorial_3d_monolayer,4,12,1791460219.1921856,1507333,worker_0,W005,pipeline,axis_completed,success,96.7741935483871,30,31
cp_tutorial_3d_monolayer,4,12,1791460219.1923478,1507333,worker_0,W009,pipeline,axis_started,started,0.0,0,31
cp_tutorial_3d_monolayer,4,12,1791460219.1929872,1507335,worker_2,W007,pipeline,axis_completed,success,96.7741935483871,30,31
cp_tutorial_3d_monolayer,4,12,1791460219.1931248,1507335,worker_2,W011,pipeline,axis_started,started,0.0,0,31
cp_tutorial_3d_monolayer,4,12,1791460219.1956453,1507333,worker_0,W009,RescaleIntensity,step_started,started,0.0,0,31
cp_tutorial_3d_monolayer,4,12,1791460219.1968374,1507335,worker_2,W011,RescaleIntensity,step_started,started,0.0,0,31
cp_tutorial_3d_monolayer,4,12,1791460219.436939,1507336,worker_3,W012,RescaleIntensity,pattern_group,running,100.0,1,1
cp_tutorial_3d_monolayer,4,12,1791460219.4373074,1507336,worker_3,W012,RescaleIntensity,step_completed,success,3.225806451612903,1,31
cp_tutorial_3d_monolayer,4,12,1791460219.437675,1507336,worker_3,W012,Resize,step_started,started,3.225806451612903,1,31
cp_tutorial_3d_monolayer,4,12,1791460219.4439037,1507334,worker_1,W010,RescaleIntensity,pattern_group,running,100.0,1,1
cp_tutorial_3d_monolayer,4,12,1791460219.4443345,1507334,worker_1,W010,RescaleIntensity,step_completed,success,3.225806451612903,1,31
cp_tutorial_3d_monolayer,4,12,1791460219.4447334,1507334,worker_1,W010,Resize,step_started,started,3.225806451612903,1,31
cp_tutorial_3d_monolayer,4,12,1791460219.490124,1507335,worker_2,W011,RescaleIntensity,pattern_group,running,100.0,1,1
cp_tutorial_3d_monolayer,4,12,1791460219.4907427,1507335,worker_2,W011,RescaleIntensity,step_completed,success,3.225806451612903,1,31
cp_tutorial_3d_monolayer,4,12,1791460219.4913588,1507335,worker_2,W011,Resize,step_started,started,3.225806451612903,1,31
cp_tutorial_3d_monolayer,4,12,1791460219.5020854,1507336,worker_3,W012,Resize,pattern_group,running,100.0,1,1
cp_tutorial_3d_monolayer,4,12,1791460219.502609,1507336,worker_3,W012,Resize,step_completed,success,6.451612903225806,2,31
cp_tutorial_3d_monolayer,4,12,1791460219.5030155,1507336,worker_3,W012,MedianFilter,step_started,started,6.451612903225806,2,31
cp_tutorial_3d_monolayer,4,12,1791460219.5079122,1507334,worker_1,W010,Resize,pattern_group,running,100.0,1,1
cp_tutorial_3d_monolayer,4,12,1791460219.5083141,1507334,worker_1,W010,Resize,step_completed,success,6.451612903225806,2,31
cp_tutorial_3d_monolayer,4,12,1791460219.5088603,1507334,worker_1,W010,MedianFilter,step_started,started,6.451612903225806,2,31
cp_tutorial_3d_monolayer,4,12,1791460219.5129564,1507333,worker_0,W009,RescaleIntensity,pattern_group,running,100.0,1,1
cp_tutorial_3d_monolayer,4,12,1791460219.5134232,1507333,worker_0,W009,RescaleIntensity,step_completed,success,3.225806451612903,1,31
cp_tutorial_3d_monolayer,4,12,1791460219.5138416,1507333,worker_0,W009,Resize,step_started,started,3.225806451612903,1,31
cp_tutorial_3d_monolayer,4,12,1791460219.5538776,1507335,worker_2,W011,Resize,pattern_group,running,100.0,1,1
cp_tutorial_3d_monolayer,4,12,1791460219.5542758,1507335,worker_2,W011,Resize,step_completed,success,6.451612903225806,2,31
cp_tutorial_3d_monolayer,4,12,1791460219.554669,1507335,worker_2,W011,MedianFilter,step_started,started,6.451612903225806,2,31
cp_tutorial_3d_monolayer,4,12,1791460219.5702672,1507333,worker_0,W009,Resize,pattern_group,running,100.0,1,1
cp_tutorial_3d_monolayer,4,12,1791460219.570661,1507333,worker_0,W009,Resize,step_completed,success,6.451612903225806,2,31
cp_tutorial_3d_monolayer,4,12,1791460219.571087,1507333,worker_0,W009,MedianFilter,step_started,started,6.451612903225806,2,31
cp_tutorial_3d_monolayer,4,12,1791460219.6708093,1507336,worker_3,W012,MedianFilter,pattern_group,running,100.0,1,1
cp_tutorial_3d_monolayer,4,12,1791460219.6711626,1507336,worker_3,W012,MedianFilter,step_completed,success,9.67741935483871,3,31
cp_tutorial_3d_monolayer,4,12,1791460219.6720264,1507336,worker_3,W012,Threshold,step_started,started,9.67741935483871,3,31
cp_tutorial_3d_monolayer,4,12,1791460219.6755123,1507334,worker_1,W010,MedianFilter,pattern_group,running,100.0,1,1
cp_tutorial_3d_monolayer,4,12,1791460219.6759279,1507334,worker_1,W010,MedianFilter,step_completed,success,9.67741935483871,3,31
cp_tutorial_3d_monolayer,4,12,1791460219.6765044,1507334,worker_1,W010,Threshold,step_started,started,9.67741935483871,3,31
cp_tutorial_3d_monolayer,4,12,1791460219.710317,1507336,worker_3,W012,Threshold,pattern_group,running,100.0,1,1
cp_tutorial_3d_monolayer,4,12,1791460219.7107952,1507336,worker_3,W012,Threshold,step_completed,success,12.903225806451612,4,31
cp_tutorial_3d_monolayer,4,12,1791460219.7112892,1507336,worker_3,W012,RemoveHoles,step_started,started,12.903225806451612,4,31
cp_tutorial_3d_monolayer,4,12,1791460219.715006,1507334,worker_1,W010,Threshold,pattern_group,running,100.0,1,1
cp_tutorial_3d_monolayer,4,12,1791460219.715502,1507334,worker_1,W010,Threshold,step_completed,success,12.903225806451612,4,31
cp_tutorial_3d_monolayer,4,12,1791460219.7163079,1507334,worker_1,W010,RemoveHoles,step_started,started,12.903225806451612,4,31
cp_tutorial_3d_monolayer,4,12,1791460219.7175367,1507335,worker_2,W011,MedianFilter,pattern_group,running,100.0,1,1
cp_tutorial_3d_monolayer,4,12,1791460219.7179246,1507335,worker_2,W011,MedianFilter,step_completed,success,9.67741935483871,3,31
cp_tutorial_3d_monolayer,4,12,1791460219.7183945,1507335,worker_2,W011,Threshold,step_started,started,9.67741935483871,3,31
cp_tutorial_3d_monolayer,4,12,1791460219.7325146,1507336,worker_3,W012,RemoveHoles,pattern_group,running,100.0,1,1
cp_tutorial_3d_monolayer,4,12,1791460219.7328222,1507336,worker_3,W012,RemoveHoles,step_completed,success,16.129032258064516,5,31
cp_tutorial_3d_monolayer,4,12,1791460219.7332604,1507336,worker_3,W012,Watershed,step_started,started,16.129032258064516,5,31
cp_tutorial_3d_monolayer,4,12,1791460219.7345667,1507334,worker_1,W010,RemoveHoles,pattern_group,running,100.0,1,1
cp_tutorial_3d_monolayer,4,12,1791460219.7348895,1507334,worker_1,W010,RemoveHoles,step_completed,success,16.129032258064516,5,31
cp_tutorial_3d_monolayer,4,12,1791460219.7353237,1507334,worker_1,W010,Watershed,step_started,started,16.129032258064516,5,31
cp_tutorial_3d_monolayer,4,12,1791460219.7430642,1507333,worker_0,W009,MedianFilter,pattern_group,running,100.0,1,1
cp_tutorial_3d_monolayer,4,12,1791460219.7434485,1507333,worker_0,W009,MedianFilter,step_completed,success,9.67741935483871,3,31
cp_tutorial_3d_monolayer,4,12,1791460219.7438912,1507333,worker_0,W009,Threshold,step_started,started,9.67741935483871,3,31
cp_tutorial_3d_monolayer,4,12,1791460219.7575202,1507335,worker_2,W011,Threshold,pattern_group,running,100.0,1,1
cp_tutorial_3d_monolayer,4,12,1791460219.758014,1507335,worker_2,W011,Threshold,step_completed,success,12.903225806451612,4,31
cp_tutorial_3d_monolayer,4,12,1791460219.7585278,1507335,worker_2,W011,RemoveHoles,step_started,started,12.903225806451612,4,31
cp_tutorial_3d_monolayer,4,12,1791460219.7769842,1507335,worker_2,W011,RemoveHoles,pattern_group,running,100.0,1,1
cp_tutorial_3d_monolayer,4,12,1791460219.7773795,1507335,worker_2,W011,RemoveHoles,step_completed,success,16.129032258064516,5,31
cp_tutorial_3d_monolayer,4,12,1791460219.7778714,1507335,worker_2,W011,Watershed,step_started,started,16.129032258064516,5,31
cp_tutorial_3d_monolayer,4,12,1791460219.7830832,1507333,worker_0,W009,Threshold,pattern_group,running,100.0,1,1
cp_tutorial_3d_monolayer,4,12,1791460219.783541,1507333,worker_0,W009,Threshold,step_completed,success,12.903225806451612,4,31
cp_tutorial_3d_monolayer,4,12,1791460219.784039,1507333,worker_0,W009,RemoveHoles,step_started,started,12.903225806451612,4,31
cp_tutorial_3d_monolayer,4,12,1791460219.8003807,1507333,worker_0,W009,RemoveHoles,pattern_group,running,100.0,1,1
cp_tutorial_3d_monolayer,4,12,1791460219.8007727,1507333,worker_0,W009,RemoveHoles,step_completed,success,16.129032258064516,5,31
cp_tutorial_3d_monolayer,4,12,1791460219.801243,1507333,worker_0,W009,Watershed,step_started,started,16.129032258064516,5,31
cp_tutorial_3d_monolayer,4,12,1791460219.8301156,1507334,worker_1,W010,Watershed,pattern_group,running,100.0,1,1
cp_tutorial_3d_monolayer,4,12,1791460219.8309844,1507334,worker_1,W010,Watershed,step_completed,success,19.35483870967742,6,31
cp_tutorial_3d_monolayer,4,12,1791460219.8319817,1507334,worker_1,W010,ResizeObjects,step_started,started,19.35483870967742,6,31
cp_tutorial_3d_monolayer,4,12,1791460219.8355224,1507336,worker_3,W012,Watershed,pattern_group,running,100.0,1,1
cp_tutorial_3d_monolayer,4,12,1791460219.8366303,1507336,worker_3,W012,Watershed,step_completed,success,19.35483870967742,6,31
cp_tutorial_3d_monolayer,4,12,1791460219.8392682,1507336,worker_3,W012,ResizeObjects,step_started,started,19.35483870967742,6,31
cp_tutorial_3d_monolayer,4,12,1791460219.864706,1507334,worker_1,W010,ResizeObjects,pattern_group,running,100.0,1,1
cp_tutorial_3d_monolayer,4,12,1791460219.8656204,1507334,worker_1,W010,ResizeObjects,step_completed,success,22.58064516129032,7,31
cp_tutorial_3d_monolayer,4,12,1791460219.8663874,1507334,worker_1,W010,ErodeObjects,step_started,started,22.58064516129032,7,31
cp_tutorial_3d_monolayer,4,12,1791460219.8741035,1507335,worker_2,W011,Watershed,pattern_group,running,100.0,1,1
cp_tutorial_3d_monolayer,4,12,1791460219.8733253,1507336,worker_3,W012,ResizeObjects,pattern_group,running,100.0,1,1
cp_tutorial_3d_monolayer,4,12,1791460219.8746586,1507335,worker_2,W011,Watershed,step_completed,success,19.35483870967742,6,31
cp_tutorial_3d_monolayer,4,12,1791460219.8740637,1507336,worker_3,W012,ResizeObjects,step_completed,success,22.58064516129032,7,31
cp_tutorial_3d_monolayer,4,12,1791460219.8751373,1507335,worker_2,W011,ResizeObjects,step_started,started,19.35483870967742,6,31
cp_tutorial_3d_monolayer,4,12,1791460219.8745685,1507336,worker_3,W012,ErodeObjects,step_started,started,22.58064516129032,7,31
cp_tutorial_3d_monolayer,4,12,1791460219.9063425,1507333,worker_0,W009,Watershed,pattern_group,running,100.0,1,1
cp_tutorial_3d_monolayer,4,12,1791460219.9071538,1507333,worker_0,W009,Watershed,step_completed,success,19.35483870967742,6,31
cp_tutorial_3d_monolayer,4,12,1791460219.907801,1507333,worker_0,W009,ResizeObjects,step_started,started,19.35483870967742,6,31
cp_tutorial_3d_monolayer,4,12,1791460219.9118683,1507335,worker_2,W011,ResizeObjects,pattern_group,running,100.0,1,1
cp_tutorial_3d_monolayer,4,12,1791460219.912662,1507335,worker_2,W011,ResizeObjects,step_completed,success,22.58064516129032,7,31
cp_tutorial_3d_monolayer,4,12,1791460219.9140875,1507335,worker_2,W011,ErodeObjects,step_started,started,22.58064516129032,7,31
cp_tutorial_3d_monolayer,4,12,1791460219.925025,1507334,worker_1,W010,ErodeObjects,pattern_group,running,100.0,1,1
cp_tutorial_3d_monolayer,4,12,1791460219.92582,1507334,worker_1,W010,ErodeObjects,step_completed,success,25.806451612903224,8,31
cp_tutorial_3d_monolayer,4,12,1791460219.9267776,1507334,worker_1,W010,ResizeObjects,step_started,started,25.806451612903224,8,31
cp_tutorial_3d_monolayer,4,12,1791460219.9314144,1507336,worker_3,W012,ErodeObjects,pattern_group,running,100.0,1,1
cp_tutorial_3d_monolayer,4,12,1791460219.9325707,1507336,worker_3,W012,ErodeObjects,step_completed,success,25.806451612903224,8,31
cp_tutorial_3d_monolayer,4,12,1791460219.9337232,1507336,worker_3,W012,ResizeObjects,step_started,started,25.806451612903224,8,31
cp_tutorial_3d_monolayer,4,12,1791460219.9388704,1507333,worker_0,W009,ResizeObjects,pattern_group,running,100.0,1,1
cp_tutorial_3d_monolayer,4,12,1791460219.9401374,1507333,worker_0,W009,ResizeObjects,step_completed,success,22.58064516129032,7,31
cp_tutorial_3d_monolayer,4,12,1791460219.9411156,1507333,worker_0,W009,ErodeObjects,step_started,started,22.58064516129032,7,31
cp_tutorial_3d_monolayer,4,12,1791460219.9622433,1507334,worker_1,W010,ResizeObjects,pattern_group,running,100.0,1,1
cp_tutorial_3d_monolayer,4,12,1791460219.9629707,1507334,worker_1,W010,ResizeObjects,step_completed,success,29.03225806451613,9,31
cp_tutorial_3d_monolayer,4,12,1791460219.9636607,1507334,worker_1,W010,ConvertObjectsToImage,step_started,started,29.03225806451613,9,31
cp_tutorial_3d_monolayer,4,12,1791460219.9685662,1507336,worker_3,W012,ResizeObjects,pattern_group,running,100.0,1,1
cp_tutorial_3d_monolayer,4,12,1791460219.9694352,1507336,worker_3,W012,ResizeObjects,step_completed,success,29.03225806451613,9,31
cp_tutorial_3d_monolayer,4,12,1791460219.9701707,1507336,worker_3,W012,ConvertObjectsToImage,step_started,started,29.03225806451613,9,31
cp_tutorial_3d_monolayer,4,12,1791460219.9739263,1507335,worker_2,W011,ErodeObjects,pattern_group,running,100.0,1,1
cp_tutorial_3d_monolayer,4,12,1791460219.9748054,1507335,worker_2,W011,ErodeObjects,step_completed,success,25.806451612903224,8,31
cp_tutorial_3d_monolayer,4,12,1791460219.9756978,1507335,worker_2,W011,ResizeObjects,step_started,started,25.806451612903224,8,31
cp_tutorial_3d_monolayer,4,12,1791460219.991495,1507334,worker_1,W010,ConvertObjectsToImage,pattern_group,running,100.0,1,1
cp_tutorial_3d_monolayer,4,12,1791460219.9921052,1507334,worker_1,W010,ConvertObjectsToImage,step_completed,success,32.25806451612903,10,31
cp_tutorial_3d_monolayer,4,12,1791460219.992803,1507334,worker_1,W010,Threshold,step_started,started,32.25806451612903,10,31
cp_tutorial_3d_monolayer,4,12,1791460219.997398,1507336,worker_3,W012,ConvertObjectsToImage,pattern_group,running,100.0,1,1
cp_tutorial_3d_monolayer,4,12,1791460219.997993,1507336,worker_3,W012,ConvertObjectsToImage,step_completed,success,32.25806451612903,10,31
cp_tutorial_3d_monolayer,4,12,1791460219.9985108,1507336,worker_3,W012,Threshold,step_started,started,32.25806451612903,10,31
cp_tutorial_3d_monolayer,4,12,1791460220.0039678,1507333,worker_0,W009,ErodeObjects,pattern_group,running,100.0,1,1
cp_tutorial_3d_monolayer,4,12,1791460220.0048103,1507333,worker_0,W009,ErodeObjects,step_completed,success,25.806451612903224,8,31
cp_tutorial_3d_monolayer,4,12,1791460220.0050142,1507335,worker_2,W011,ResizeObjects,pattern_group,running,100.0,1,1
cp_tutorial_3d_monolayer,4,12,1791460220.0060477,1507333,worker_0,W009,ResizeObjects,step_started,started,25.806451612903224,8,31
cp_tutorial_3d_monolayer,4,12,1791460220.0057242,1507335,worker_2,W011,ResizeObjects,step_completed,success,29.03225806451613,9,31
cp_tutorial_3d_monolayer,4,12,1791460220.0062964,1507335,worker_2,W011,ConvertObjectsToImage,step_started,started,29.03225806451613,9,31
cp_tutorial_3d_monolayer,4,12,1791460220.0325437,1507333,worker_0,W009,ResizeObjects,pattern_group,running,100.0,1,1
cp_tutorial_3d_monolayer,4,12,1791460220.0332487,1507333,worker_0,W009,ResizeObjects,step_completed,success,29.03225806451613,9,31
cp_tutorial_3d_monolayer,4,12,1791460220.0345426,1507333,worker_0,W009,ConvertObjectsToImage,step_started,started,29.03225806451613,9,31
cp_tutorial_3d_monolayer,4,12,1791460220.0358217,1507335,worker_2,W011,ConvertObjectsToImage,pattern_group,running,100.0,1,1
cp_tutorial_3d_monolayer,4,12,1791460220.0361938,1507335,worker_2,W011,ConvertObjectsToImage,step_completed,success,32.25806451612903,10,31
cp_tutorial_3d_monolayer,4,12,1791460220.0368145,1507335,worker_2,W011,Threshold,step_started,started,32.25806451612903,10,31
cp_tutorial_3d_monolayer,4,12,1791460220.0622427,1507333,worker_0,W009,ConvertObjectsToImage,pattern_group,running,100.0,1,1
cp_tutorial_3d_monolayer,4,12,1791460220.0627575,1507333,worker_0,W009,ConvertObjectsToImage,step_completed,success,32.25806451612903,10,31
cp_tutorial_3d_monolayer,4,12,1791460220.0634325,1507333,worker_0,W009,Threshold,step_started,started,32.25806451612903,10,31
cp_tutorial_3d_monolayer,4,12,1791460220.194792,1507336,worker_3,W012,Threshold,pattern_group,running,100.0,1,1
cp_tutorial_3d_monolayer,4,12,1791460220.1952229,1507334,worker_1,W010,Threshold,pattern_group,running,100.0,1,1
cp_tutorial_3d_monolayer,4,12,1791460220.1952996,1507336,worker_3,W012,Threshold,step_completed,success,35.483870967741936,11,31
cp_tutorial_3d_monolayer,4,12,1791460220.1956878,1507334,worker_1,W010,Threshold,step_completed,success,35.483870967741936,11,31
cp_tutorial_3d_monolayer,4,12,1791460220.1956809,1507336,worker_3,W012,ImageMath,step_started,started,35.483870967741936,11,31
cp_tutorial_3d_monolayer,4,12,1791460220.1960652,1507334,worker_1,W010,ImageMath,step_started,started,35.483870967741936,11,31
cp_tutorial_3d_monolayer,4,12,1791460220.2268875,1507335,worker_2,W011,Threshold,pattern_group,running,100.0,1,1
cp_tutorial_3d_monolayer,4,12,1791460220.2277045,1507335,worker_2,W011,Threshold,step_completed,success,35.483870967741936,11,31
cp_tutorial_3d_monolayer,4,12,1791460220.2283268,1507335,worker_2,W011,ImageMath,step_started,started,35.483870967741936,11,31
cp_tutorial_3d_monolayer,4,12,1791460220.2310908,1507336,worker_3,W012,ImageMath,pattern_group,running,100.0,1,1
cp_tutorial_3d_monolayer,4,12,1791460220.2317913,1507336,worker_3,W012,ImageMath,step_completed,success,38.70967741935484,12,31
cp_tutorial_3d_monolayer,4,12,1791460220.2323859,1507334,worker_1,W010,ImageMath,pattern_group,running,100.0,1,1
cp_tutorial_3d_monolayer,4,12,1791460220.2324324,1507336,worker_3,W012,RemoveHoles,step_started,started,38.70967741935484,12,31
cp_tutorial_3d_monolayer,4,12,1791460220.232733,1507334,worker_1,W010,ImageMath,step_completed,success,38.70967741935484,12,31
cp_tutorial_3d_monolayer,4,12,1791460220.2333317,1507334,worker_1,W010,RemoveHoles,step_started,started,38.70967741935484,12,31
cp_tutorial_3d_monolayer,4,12,1791460220.2605143,1507333,worker_0,W009,Threshold,pattern_group,running,100.0,1,1
cp_tutorial_3d_monolayer,4,12,1791460220.2624328,1507333,worker_0,W009,Threshold,step_completed,success,35.483870967741936,11,31
cp_tutorial_3d_monolayer,4,12,1791460220.2631986,1507333,worker_0,W009,ImageMath,step_started,started,35.483870967741936,11,31
cp_tutorial_3d_monolayer,4,12,1791460220.269875,1507335,worker_2,W011,ImageMath,pattern_group,running,100.0,1,1
cp_tutorial_3d_monolayer,4,12,1791460220.2703726,1507335,worker_2,W011,ImageMath,step_completed,success,38.70967741935484,12,31
cp_tutorial_3d_monolayer,4,12,1791460220.271231,1507335,worker_2,W011,RemoveHoles,step_started,started,38.70967741935484,12,31
cp_tutorial_3d_monolayer,4,12,1791460220.2873468,1507334,worker_1,W010,RemoveHoles,pattern_group,running,100.0,1,1
cp_tutorial_3d_monolayer,4,12,1791460220.2878118,1507334,worker_1,W010,RemoveHoles,step_completed,success,41.935483870967744,13,31
cp_tutorial_3d_monolayer,4,12,1791460220.288484,1507334,worker_1,W010,ImageMath,step_started,started,41.935483870967744,13,31
cp_tutorial_3d_monolayer,4,12,1791460220.2920797,1507336,worker_3,W012,RemoveHoles,pattern_group,running,100.0,1,1
cp_tutorial_3d_monolayer,4,12,1791460220.2924218,1507336,worker_3,W012,RemoveHoles,step_completed,success,41.935483870967744,13,31
cp_tutorial_3d_monolayer,4,12,1791460220.2930088,1507336,worker_3,W012,ImageMath,step_started,started,41.935483870967744,13,31
cp_tutorial_3d_monolayer,4,12,1791460220.301055,1507333,worker_0,W009,ImageMath,pattern_group,running,100.0,1,1
cp_tutorial_3d_monolayer,4,12,1791460220.3014574,1507333,worker_0,W009,ImageMath,step_completed,success,38.70967741935484,12,31
cp_tutorial_3d_monolayer,4,12,1791460220.30209,1507333,worker_0,W009,RemoveHoles,step_started,started,38.70967741935484,12,31
cp_tutorial_3d_monolayer,4,12,1791460220.3300571,1507335,worker_2,W011,RemoveHoles,pattern_group,running,100.0,1,1
cp_tutorial_3d_monolayer,4,12,1791460220.3307805,1507335,worker_2,W011,RemoveHoles,step_completed,success,41.935483870967744,13,31
cp_tutorial_3d_monolayer,4,12,1791460220.3317943,1507335,worker_2,W011,ImageMath,step_started,started,41.935483870967744,13,31
cp_tutorial_3d_monolayer,4,12,1791460220.3536708,1507333,worker_0,W009,RemoveHoles,pattern_group,running,100.0,1,1
cp_tutorial_3d_monolayer,4,12,1791460220.354067,1507333,worker_0,W009,RemoveHoles,step_completed,success,41.935483870967744,13,31
cp_tutorial_3d_monolayer,4,12,1791460220.3546548,1507333,worker_0,W009,ImageMath,step_started,started,41.935483870967744,13,31
cp_tutorial_3d_monolayer,4,12,1791460220.586286,1507336,worker_3,W012,ImageMath,pattern_group,running,100.0,1,1
cp_tutorial_3d_monolayer,4,12,1791460220.5866828,1507336,worker_3,W012,ImageMath,step_completed,success,45.16129032258064,14,31
cp_tutorial_3d_monolayer,4,12,1791460220.5871363,1507336,worker_3,W012,Resize,step_started,started,45.16129032258064,14,31
cp_tutorial_3d_monolayer,4,12,1791460220.5876906,1507334,worker_1,W010,ImageMath,pattern_group,running,100.0,1,1
cp_tutorial_3d_monolayer,4,12,1791460220.5882492,1507334,worker_1,W010,ImageMath,step_completed,success,45.16129032258064,14,31
cp_tutorial_3d_monolayer,4,12,1791460220.5890121,1507334,worker_1,W010,Resize,step_started,started,45.16129032258064,14,31
cp_tutorial_3d_monolayer,4,12,1791460220.632049,1507335,worker_2,W011,ImageMath,pattern_group,running,100.0,1,1
cp_tutorial_3d_monolayer,4,12,1791460220.6325302,1507335,worker_2,W011,ImageMath,step_completed,success,45.16129032258064,14,31
cp_tutorial_3d_monolayer,4,12,1791460220.6330032,1507335,worker_2,W011,Resize,step_started,started,45.16129032258064,14,31
cp_tutorial_3d_monolayer,4,12,1791460220.647393,1507333,worker_0,W009,ImageMath,pattern_group,running,100.0,1,1
cp_tutorial_3d_monolayer,4,12,1791460220.6477988,1507333,worker_0,W009,ImageMath,step_completed,success,45.16129032258064,14,31
cp_tutorial_3d_monolayer,4,12,1791460220.6482456,1507333,worker_0,W009,Resize,step_started,started,45.16129032258064,14,31
cp_tutorial_3d_monolayer,4,12,1791460220.6533697,1507336,worker_3,W012,Resize,pattern_group,running,100.0,1,1
cp_tutorial_3d_monolayer,4,12,1791460220.6538088,1507336,worker_3,W012,Resize,step_completed,success,48.38709677419355,15,31
cp_tutorial_3d_monolayer,4,12,1791460220.6544504,1507336,worker_3,W012,Closing,step_started,started,48.38709677419355,15,31
cp_tutorial_3d_monolayer,4,12,1791460220.6549575,1507334,worker_1,W010,Resize,pattern_group,running,100.0,1,1
cp_tutorial_3d_monolayer,4,12,1791460220.655668,1507334,worker_1,W010,Resize,step_completed,success,48.38709677419355,15,31
cp_tutorial_3d_monolayer,4,12,1791460220.6564465,1507334,worker_1,W010,Closing,step_started,started,48.38709677419355,15,31
cp_tutorial_3d_monolayer,4,12,1791460220.697499,1507335,worker_2,W011,Resize,pattern_group,running,100.0,1,1
cp_tutorial_3d_monolayer,4,12,1791460220.697943,1507335,worker_2,W011,Resize,step_completed,success,48.38709677419355,15,31
cp_tutorial_3d_monolayer,4,12,1791460220.704107,1507335,worker_2,W011,Closing,step_started,started,48.38709677419355,15,31
cp_tutorial_3d_monolayer,4,12,1791460220.7091599,1507333,worker_0,W009,Resize,pattern_group,running,100.0,1,1
cp_tutorial_3d_monolayer,4,12,1791460220.7096694,1507333,worker_0,W009,Resize,step_completed,success,48.38709677419355,15,31
cp_tutorial_3d_monolayer,4,12,1791460220.7166638,1507333,worker_0,W009,Closing,step_started,started,48.38709677419355,15,31
cp_tutorial_3d_monolayer,4,12,1791460220.7413502,1507336,worker_3,W012,Closing,pattern_group,running,100.0,1,1
cp_tutorial_3d_monolayer,4,12,1791460220.7417305,1507336,worker_3,W012,Closing,step_completed,success,51.61290322580645,16,31
cp_tutorial_3d_monolayer,4,12,1791460220.7423441,1507336,worker_3,W012,Resize,step_started,started,51.61290322580645,16,31
cp_tutorial_3d_monolayer,4,12,1791460220.7430594,1507334,worker_1,W010,Closing,pattern_group,running,100.0,1,1
cp_tutorial_3d_monolayer,4,12,1791460220.7434464,1507334,worker_1,W010,Closing,step_completed,success,51.61290322580645,16,31
cp_tutorial_3d_monolayer,4,12,1791460220.7441378,1507334,worker_1,W010,Resize,step_started,started,51.61290322580645,16,31
cp_tutorial_3d_monolayer,4,12,1791460220.7919126,1507335,worker_2,W011,Closing,pattern_group,running,100.0,1,1
cp_tutorial_3d_monolayer,4,12,1791460220.792191,1507335,worker_2,W011,Closing,step_completed,success,51.61290322580645,16,31
cp_tutorial_3d_monolayer,4,12,1791460220.7928703,1507335,worker_2,W011,Resize,step_started,started,51.61290322580645,16,31
cp_tutorial_3d_monolayer,4,12,1791460220.7944067,1507336,worker_3,W012,Resize,pattern_group,running,100.0,1,1
cp_tutorial_3d_monolayer,4,12,1791460220.7946818,1507336,worker_3,W012,Resize,step_completed,success,54.83870967741935,17,31
cp_tutorial_3d_monolayer,4,12,1791460220.795225,1507336,worker_3,W012,Threshold,step_started,started,54.83870967741935,17,31
cp_tutorial_3d_monolayer,4,12,1791460220.7984085,1507334,worker_1,W010,Resize,pattern_group,running,100.0,1,1
cp_tutorial_3d_monolayer,4,12,1791460220.7988434,1507334,worker_1,W010,Resize,step_completed,success,54.83870967741935,17,31
cp_tutorial_3d_monolayer,4,12,1791460220.7994864,1507334,worker_1,W010,Threshold,step_started,started,54.83870967741935,17,31
cp_tutorial_3d_monolayer,4,12,1791460220.8029294,1507333,worker_0,W009,Closing,pattern_group,running,100.0,1,1
cp_tutorial_3d_monolayer,4,12,1791460220.803319,1507333,worker_0,W009,Closing,step_completed,success,51.61290322580645,16,31
cp_tutorial_3d_monolayer,4,12,1791460220.8039973,1507333,worker_0,W009,Resize,step_started,started,51.61290322580645,16,31
cp_tutorial_3d_monolayer,4,12,1791460220.8485124,1507335,worker_2,W011,Resize,pattern_group,running,100.0,1,1
cp_tutorial_3d_monolayer,4,12,1791460220.8492923,1507335,worker_2,W011,Resize,step_completed,success,54.83870967741935,17,31
cp_tutorial_3d_monolayer,4,12,1791460220.849941,1507335,worker_2,W011,Threshold,step_started,started,54.83870967741935,17,31
cp_tutorial_3d_monolayer,4,12,1791460220.8580036,1507333,worker_0,W009,Resize,pattern_group,running,100.0,1,1
cp_tutorial_3d_monolayer,4,12,1791460220.8590755,1507333,worker_0,W009,Resize,step_completed,success,54.83870967741935,17,31
cp_tutorial_3d_monolayer,4,12,1791460220.860207,1507333,worker_0,W009,Threshold,step_started,started,54.83870967741935,17,31
cp_tutorial_3d_monolayer,4,12,1791460220.9498231,1507336,worker_3,W012,Threshold,pattern_group,running,100.0,1,1
cp_tutorial_3d_monolayer,4,12,1791460220.9503973,1507336,worker_3,W012,Threshold,step_completed,success,58.06451612903226,18,31
cp_tutorial_3d_monolayer,4,12,1791460220.9513807,1507336,worker_3,W012,MaskImage,step_started,started,58.06451612903226,18,31
cp_tutorial_3d_monolayer,4,12,1791460220.9539638,1507334,worker_1,W010,Threshold,pattern_group,running,100.0,1,1
cp_tutorial_3d_monolayer,4,12,1791460220.9544678,1507334,worker_1,W010,Threshold,step_completed,success,58.06451612903226,18,31
cp_tutorial_3d_monolayer,4,12,1791460220.9553154,1507334,worker_1,W010,MaskImage,step_started,started,58.06451612903226,18,31
cp_tutorial_3d_monolayer,4,12,1791460220.9971867,1507336,worker_3,W012,MaskImage,pattern_group,running,100.0,1,1
cp_tutorial_3d_monolayer,4,12,1791460220.9978244,1507336,worker_3,W012,MaskImage,step_completed,success,61.29032258064516,19,31
cp_tutorial_3d_monolayer,4,12,1791460220.9988759,1507336,worker_3,W012,ErodeImage,step_started,started,61.29032258064516,19,31
cp_tutorial_3d_monolayer,4,12,1791460221.004999,1507334,worker_1,W010,MaskImage,pattern_group,running,100.0,1,1
cp_tutorial_3d_monolayer,4,12,1791460221.0056157,1507334,worker_1,W010,MaskImage,step_completed,success,61.29032258064516,19,31
cp_tutorial_3d_monolayer,4,12,1791460221.006486,1507334,worker_1,W010,ErodeImage,step_started,started,61.29032258064516,19,31
cp_tutorial_3d_monolayer,4,12,1791460221.023534,1507335,worker_2,W011,Threshold,pattern_group,running,100.0,1,1
cp_tutorial_3d_monolayer,4,12,1791460221.0240753,1507335,worker_2,W011,Threshold,step_completed,success,58.06451612903226,18,31
cp_tutorial_3d_monolayer,4,12,1791460221.0247712,1507335,worker_2,W011,MaskImage,step_started,started,58.06451612903226,18,31
cp_tutorial_3d_monolayer,4,12,1791460221.03029,1507336,worker_3,W012,ErodeImage,pattern_group,running,100.0,1,1
cp_tutorial_3d_monolayer,4,12,1791460221.0306525,1507336,worker_3,W012,ErodeImage,step_completed,success,64.51612903225806,20,31
cp_tutorial_3d_monolayer,4,12,1791460221.031279,1507336,worker_3,W012,Watershed,step_started,started,64.51612903225806,20,31
cp_tutorial_3d_monolayer,4,12,1791460221.0362334,1507333,worker_0,W009,Threshold,pattern_group,running,100.0,1,1
cp_tutorial_3d_monolayer,4,12,1791460221.0368292,1507333,worker_0,W009,Threshold,step_completed,success,58.06451612903226,18,31
cp_tutorial_3d_monolayer,4,12,1791460221.0376754,1507333,worker_0,W009,MaskImage,step_started,started,58.06451612903226,18,31
cp_tutorial_3d_monolayer,4,12,1791460221.0435557,1507334,worker_1,W010,ErodeImage,pattern_group,running,100.0,1,1
cp_tutorial_3d_monolayer,4,12,1791460221.04405,1507334,worker_1,W010,ErodeImage,step_completed,success,64.51612903225806,20,31
cp_tutorial_3d_monolayer,4,12,1791460221.0448332,1507334,worker_1,W010,Watershed,step_started,started,64.51612903225806,20,31
cp_tutorial_3d_monolayer,4,12,1791460221.0781722,1507335,worker_2,W011,MaskImage,pattern_group,running,100.0,1,1
cp_tutorial_3d_monolayer,4,12,1791460221.078584,1507335,worker_2,W011,MaskImage,step_completed,success,61.29032258064516,19,31
cp_tutorial_3d_monolayer,4,12,1791460221.0856805,1507335,worker_2,W011,ErodeImage,step_started,started,61.29032258064516,19,31
cp_tutorial_3d_monolayer,4,12,1791460221.090757,1507333,worker_0,W009,MaskImage,pattern_group,running,100.0,1,1
cp_tutorial_3d_monolayer,4,12,1791460221.0913432,1507333,worker_0,W009,MaskImage,step_completed,success,61.29032258064516,19,31
cp_tutorial_3d_monolayer,4,12,1791460221.0920494,1507333,worker_0,W009,ErodeImage,step_started,started,61.29032258064516,19,31
cp_tutorial_3d_monolayer,4,12,1791460221.1247454,1507333,worker_0,W009,ErodeImage,pattern_group,running,100.0,1,1
cp_tutorial_3d_monolayer,4,12,1791460221.1252599,1507333,worker_0,W009,ErodeImage,step_completed,success,64.51612903225806,20,31
cp_tutorial_3d_monolayer,4,12,1791460221.1261883,1507333,worker_0,W009,Watershed,step_started,started,64.51612903225806,20,31
cp_tutorial_3d_monolayer,4,12,1791460221.130396,1507335,worker_2,W011,ErodeImage,pattern_group,running,100.0,1,1
cp_tutorial_3d_monolayer,4,12,1791460221.1307788,1507335,worker_2,W011,ErodeImage,step_completed,success,64.51612903225806,20,31
cp_tutorial_3d_monolayer,4,12,1791460221.1314454,1507335,worker_2,W011,Watershed,step_started,started,64.51612903225806,20,31
cp_tutorial_3d_monolayer,4,12,1791460221.1428804,1507336,worker_3,W012,Watershed,pattern_group,running,100.0,1,1
cp_tutorial_3d_monolayer,4,12,1791460221.143765,1507336,worker_3,W012,Watershed,step_completed,success,67.74193548387096,21,31
cp_tutorial_3d_monolayer,4,12,1791460221.1446848,1507336,worker_3,W012,MeasureObjectIntensity,step_started,started,67.74193548387096,21,31
cp_tutorial_3d_monolayer,4,12,1791460221.1569655,1507334,worker_1,W010,Watershed,pattern_group,running,100.0,1,1
cp_tutorial_3d_monolayer,4,12,1791460221.1577425,1507334,worker_1,W010,Watershed,step_completed,success,67.74193548387096,21,31
cp_tutorial_3d_monolayer,4,12,1791460221.1585894,1507334,worker_1,W010,MeasureObjectIntensity,step_started,started,67.74193548387096,21,31
cp_tutorial_3d_monolayer,4,12,1791460221.2358782,1507333,worker_0,W009,Watershed,pattern_group,running,100.0,1,1
cp_tutorial_3d_monolayer,4,12,1791460221.2367842,1507333,worker_0,W009,Watershed,step_completed,success,67.74193548387096,21,31
cp_tutorial_3d_monolayer,4,12,1791460221.237631,1507333,worker_0,W009,MeasureObjectIntensity,step_started,started,67.74193548387096,21,31
cp_tutorial_3d_monolayer,4,12,1791460221.264419,1507335,worker_2,W011,Watershed,pattern_group,running,100.0,1,1
cp_tutorial_3d_monolayer,4,12,1791460221.2651744,1507335,worker_2,W011,Watershed,step_completed,success,67.74193548387096,21,31
cp_tutorial_3d_monolayer,4,12,1791460221.2659812,1507335,worker_2,W011,MeasureObjectIntensity,step_started,started,67.74193548387096,21,31
cp_tutorial_3d_monolayer,4,12,1791460221.4121168,1507336,worker_3,W012,MeasureObjectIntensity,pattern_group,running,50.0,1,2
cp_tutorial_3d_monolayer,4,12,1791460221.4189506,1507334,worker_1,W010,MeasureObjectIntensity,pattern_group,running,50.0,1,2
cp_tutorial_3d_monolayer,4,12,1791460221.5008821,1507333,worker_0,W009,MeasureObjectIntensity,pattern_group,running,50.0,1,2
cp_tutorial_3d_monolayer,4,12,1791460221.520951,1507335,worker_2,W011,MeasureObjectIntensity,pattern_group,running,50.0,1,2
cp_tutorial_3d_monolayer,4,12,1791460221.7101934,1507336,worker_3,W012,MeasureObjectIntensity,pattern_group,running,100.0,2,2
cp_tutorial_3d_monolayer,4,12,1791460221.7126846,1507336,worker_3,W012,MeasureObjectIntensity,step_completed,success,70.96774193548387,22,31
cp_tutorial_3d_monolayer,4,12,1791460221.7134783,1507336,worker_3,W012,MeasureObjectSizeShape,step_started,started,70.96774193548387,22,31
cp_tutorial_3d_monolayer,4,12,1791460221.7170186,1507334,worker_1,W010,MeasureObjectIntensity,pattern_group,running,100.0,2,2
cp_tutorial_3d_monolayer,4,12,1791460221.719586,1507334,worker_1,W010,MeasureObjectIntensity,step_completed,success,70.96774193548387,22,31
cp_tutorial_3d_monolayer,4,12,1791460221.7209148,1507334,worker_1,W010,MeasureObjectSizeShape,step_started,started,70.96774193548387,22,31
cp_tutorial_3d_monolayer,4,12,1791460221.8088834,1507335,worker_2,W011,MeasureObjectIntensity,pattern_group,running,100.0,2,2
cp_tutorial_3d_monolayer,4,12,1791460221.808961,1507336,worker_3,W012,MeasureObjectSizeShape,pattern_group,running,50.0,1,2
cp_tutorial_3d_monolayer,4,12,1791460221.8103735,1507333,worker_0,W009,MeasureObjectIntensity,pattern_group,running,100.0,2,2
cp_tutorial_3d_monolayer,4,12,1791460221.8120203,1507335,worker_2,W011,MeasureObjectIntensity,step_completed,success,70.96774193548387,22,31
cp_tutorial_3d_monolayer,4,12,1791460221.8130362,1507333,worker_0,W009,MeasureObjectIntensity,step_completed,success,70.96774193548387,22,31
cp_tutorial_3d_monolayer,4,12,1791460221.8136969,1507333,worker_0,W009,MeasureObjectSizeShape,step_started,started,70.96774193548387,22,31
cp_tutorial_3d_monolayer,4,12,1791460221.8157172,1507335,worker_2,W011,MeasureObjectSizeShape,step_started,started,70.96774193548387,22,31
cp_tutorial_3d_monolayer,4,12,1791460221.81708,1507334,worker_1,W010,MeasureObjectSizeShape,pattern_group,running,50.0,1,2
cp_tutorial_3d_monolayer,4,12,1791460221.918971,1507335,worker_2,W011,MeasureObjectSizeShape,pattern_group,running,50.0,1,2
cp_tutorial_3d_monolayer,4,12,1791460221.920658,1507333,worker_0,W009,MeasureObjectSizeShape,pattern_group,running,50.0,1,2
cp_tutorial_3d_monolayer,4,12,1791460221.922008,1507336,worker_3,W012,MeasureObjectSizeShape,pattern_group,running,100.0,2,2
cp_tutorial_3d_monolayer,4,12,1791460221.9229083,1507336,worker_3,W012,MeasureObjectSizeShape,step_completed,success,74.19354838709677,23,31
cp_tutorial_3d_monolayer,4,12,1791460221.9235384,1507336,worker_3,W012,OverlayObjects,step_started,started,74.19354838709677,23,31
cp_tutorial_3d_monolayer,4,12,1791460221.9256532,1507334,worker_1,W010,MeasureObjectSizeShape,pattern_group,running,100.0,2,2
cp_tutorial_3d_monolayer,4,12,1791460221.926749,1507334,worker_1,W010,MeasureObjectSizeShape,step_completed,success,74.19354838709677,23,31
cp_tutorial_3d_monolayer,4,12,1791460221.9276586,1507334,worker_1,W010,OverlayObjects,step_started,started,74.19354838709677,23,31
cp_tutorial_3d_monolayer,4,12,1791460221.959306,1507336,worker_3,W012,OverlayObjects,pattern_group,running,100.0,1,1
cp_tutorial_3d_monolayer,4,12,1791460221.9597068,1507336,worker_3,W012,OverlayObjects,step_completed,success,77.41935483870968,24,31
cp_tutorial_3d_monolayer,4,12,1791460221.960579,1507336,worker_3,W012,RescaleIntensity,step_started,started,77.41935483870968,24,31
cp_tutorial_3d_monolayer,4,12,1791460221.9613307,1507334,worker_1,W010,OverlayObjects,pattern_group,running,100.0,1,1
cp_tutorial_3d_monolayer,4,12,1791460221.961636,1507334,worker_1,W010,OverlayObjects,step_completed,success,77.41935483870968,24,31
cp_tutorial_3d_monolayer,4,12,1791460221.9623585,1507334,worker_1,W010,RescaleIntensity,step_started,started,77.41935483870968,24,31
cp_tutorial_3d_monolayer,4,12,1791460222.031106,1507335,worker_2,W011,MeasureObjectSizeShape,pattern_group,running,100.0,2,2
cp_tutorial_3d_monolayer,4,12,1791460222.0323713,1507333,worker_0,W009,MeasureObjectSizeShape,pattern_group,running,100.0,2,2
cp_tutorial_3d_monolayer,4,12,1791460222.0322955,1507335,worker_2,W011,MeasureObjectSizeShape,step_completed,success,74.19354838709677,23,31
cp_tutorial_3d_monolayer,4,12,1791460222.0331254,1507333,worker_0,W009,MeasureObjectSizeShape,step_completed,success,74.19354838709677,23,31
cp_tutorial_3d_monolayer,4,12,1791460222.0328178,1507335,worker_2,W011,OverlayObjects,step_started,started,74.19354838709677,23,31
cp_tutorial_3d_monolayer,4,12,1791460222.0336008,1507333,worker_0,W009,OverlayObjects,step_started,started,74.19354838709677,23,31
cp_tutorial_3d_monolayer,4,12,1791460222.0587013,1507335,worker_2,W011,OverlayObjects,pattern_group,running,100.0,1,1
cp_tutorial_3d_monolayer,4,12,1791460222.0587566,1507333,worker_0,W009,OverlayObjects,pattern_group,running,100.0,1,1
cp_tutorial_3d_monolayer,4,12,1791460222.058991,1507333,worker_0,W009,OverlayObjects,step_completed,success,77.41935483870968,24,31
cp_tutorial_3d_monolayer,4,12,1791460222.0594966,1507335,worker_2,W011,OverlayObjects,step_completed,success,77.41935483870968,24,31
cp_tutorial_3d_monolayer,4,12,1791460222.0597088,1507333,worker_0,W009,RescaleIntensity,step_started,started,77.41935483870968,24,31
cp_tutorial_3d_monolayer,4,12,1791460222.0604403,1507335,worker_2,W011,RescaleIntensity,step_started,started,77.41935483870968,24,31
cp_tutorial_3d_monolayer,4,12,1791460222.151986,1507334,worker_1,W010,RescaleIntensity,pattern_group,running,100.0,1,1
cp_tutorial_3d_monolayer,4,12,1791460222.1524298,1507334,worker_1,W010,RescaleIntensity,step_completed,success,80.64516129032258,25,31
cp_tutorial_3d_monolayer,4,12,1791460222.152836,1507334,worker_1,W010,OverlayObjects,step_started,started,80.64516129032258,25,31
cp_tutorial_3d_monolayer,4,12,1791460222.1534548,1507336,worker_3,W012,RescaleIntensity,pattern_group,running,100.0,1,1
cp_tutorial_3d_monolayer,4,12,1791460222.1538248,1507336,worker_3,W012,RescaleIntensity,step_completed,success,80.64516129032258,25,31
cp_tutorial_3d_monolayer,4,12,1791460222.1543329,1507336,worker_3,W012,OverlayObjects,step_started,started,80.64516129032258,25,31
cp_tutorial_3d_monolayer,4,12,1791460222.1739132,1507334,worker_1,W010,OverlayObjects,pattern_group,running,100.0,1,1
cp_tutorial_3d_monolayer,4,12,1791460222.1742988,1507334,worker_1,W010,OverlayObjects,step_completed,success,83.87096774193549,26,31
cp_tutorial_3d_monolayer,4,12,1791460222.1750302,1507334,worker_1,W010,ConvertObjectsToImage,step_started,started,83.87096774193549,26,31
cp_tutorial_3d_monolayer,4,12,1791460222.1766703,1507336,worker_3,W012,OverlayObjects,pattern_group,running,100.0,1,1
cp_tutorial_3d_monolayer,4,12,1791460222.176947,1507336,worker_3,W012,OverlayObjects,step_completed,success,83.87096774193549,26,31
cp_tutorial_3d_monolayer,4,12,1791460222.1776755,1507336,worker_3,W012,ConvertObjectsToImage,step_started,started,83.87096774193549,26,31
cp_tutorial_3d_monolayer,4,12,1791460222.2139196,1507334,worker_1,W010,ConvertObjectsToImage,pattern_group,running,100.0,1,1
cp_tutorial_3d_monolayer,4,12,1791460222.2143629,1507334,worker_1,W010,ConvertObjectsToImage,step_completed,success,87.09677419354838,27,31
cp_tutorial_3d_monolayer,4,12,1791460222.215044,1507334,worker_1,W010,SaveImages,step_started,started,87.09677419354838,27,31
cp_tutorial_3d_monolayer,4,12,1791460222.2147815,1507336,worker_3,W012,ConvertObjectsToImage,pattern_group,running,100.0,1,1
cp_tutorial_3d_monolayer,4,12,1791460222.2150428,1507336,worker_3,W012,ConvertObjectsToImage,step_completed,success,87.09677419354838,27,31
cp_tutorial_3d_monolayer,4,12,1791460222.2156832,1507336,worker_3,W012,SaveImages,step_started,started,87.09677419354838,27,31
cp_tutorial_3d_monolayer,4,12,1791460222.2662356,1507333,worker_0,W009,RescaleIntensity,pattern_group,running,100.0,1,1
cp_tutorial_3d_monolayer,4,12,1791460222.2665854,1507334,worker_1,W010,SaveImages,pattern_group,running,100.0,1,1
cp_tutorial_3d_monolayer,4,12,1791460222.266613,1507333,worker_0,W009,RescaleIntensity,step_completed,success,80.64516129032258,25,31
cp_tutorial_3d_monolayer,4,12,1791460222.2670052,1507333,worker_0,W009,OverlayObjects,step_started,started,80.64516129032258,25,31
cp_tutorial_3d_monolayer,4,12,1791460222.267661,1507336,worker_3,W012,SaveImages,pattern_group,running,100.0,1,1
cp_tutorial_3d_monolayer,4,12,1791460222.2767458,1507335,worker_2,W011,RescaleIntensity,pattern_group,running,100.0,1,1
cp_tutorial_3d_monolayer,4,12,1791460222.2776995,1507335,worker_2,W011,RescaleIntensity,step_completed,success,80.64516129032258,25,31
cp_tutorial_3d_monolayer,4,12,1791460222.278612,1507335,worker_2,W011,OverlayObjects,step_started,started,80.64516129032258,25,31
cp_tutorial_3d_monolayer,4,12,1791460222.2792544,1507334,worker_1,W010,SaveImages,step_completed,success,90.32258064516128,28,31
cp_tutorial_3d_monolayer,4,12,1791460222.2805283,1507334,worker_1,W010,ConvertObjectsToImage,step_started,started,90.32258064516128,28,31
cp_tutorial_3d_monolayer,4,12,1791460222.2842486,1507336,worker_3,W012,SaveImages,step_completed,success,90.32258064516128,28,31
cp_tutorial_3d_monolayer,4,12,1791460222.2850149,1507336,worker_3,W012,ConvertObjectsToImage,step_started,started,90.32258064516128,28,31
cp_tutorial_3d_monolayer,4,12,1791460222.2885876,1507333,worker_0,W009,OverlayObjects,pattern_group,running,100.0,1,1
cp_tutorial_3d_monolayer,4,12,1791460222.289242,1507333,worker_0,W009,OverlayObjects,step_completed,success,83.87096774193549,26,31
cp_tutorial_3d_monolayer,4,12,1791460222.290294,1507333,worker_0,W009,ConvertObjectsToImage,step_started,started,83.87096774193549,26,31
cp_tutorial_3d_monolayer,4,12,1791460222.3114164,1507335,worker_2,W011,OverlayObjects,pattern_group,running,100.0,1,1
cp_tutorial_3d_monolayer,4,12,1791460222.3118718,1507335,worker_2,W011,OverlayObjects,step_completed,success,83.87096774193549,26,31
cp_tutorial_3d_monolayer,4,12,1791460222.3127081,1507335,worker_2,W011,ConvertObjectsToImage,step_started,started,83.87096774193549,26,31
cp_tutorial_3d_monolayer,4,12,1791460222.3301196,1507334,worker_1,W010,ConvertObjectsToImage,pattern_group,running,100.0,1,1
cp_tutorial_3d_monolayer,4,12,1791460222.3306775,1507334,worker_1,W010,ConvertObjectsToImage,step_completed,success,93.54838709677419,29,31
cp_tutorial_3d_monolayer,4,12,1791460222.3313837,1507334,worker_1,W010,SaveImages,step_started,started,93.54838709677419,29,31
cp_tutorial_3d_monolayer,4,12,1791460222.335088,1507336,worker_3,W012,ConvertObjectsToImage,pattern_group,running,100.0,1,1
cp_tutorial_3d_monolayer,4,12,1791460222.335443,1507336,worker_3,W012,ConvertObjectsToImage,step_completed,success,93.54838709677419,29,31
cp_tutorial_3d_monolayer,4,12,1791460222.3354418,1507333,worker_0,W009,ConvertObjectsToImage,pattern_group,running,100.0,1,1
cp_tutorial_3d_monolayer,4,12,1791460222.335699,1507333,worker_0,W009,ConvertObjectsToImage,step_completed,success,87.09677419354838,27,31
cp_tutorial_3d_monolayer,4,12,1791460222.3363369,1507333,worker_0,W009,SaveImages,step_started,started,87.09677419354838,27,31
cp_tutorial_3d_monolayer,4,12,1791460222.3421173,1507336,worker_3,W012,SaveImages,step_started,started,93.54838709677419,29,31
cp_tutorial_3d_monolayer,4,12,1791460222.3497858,1507335,worker_2,W011,ConvertObjectsToImage,pattern_group,running,100.0,1,1
cp_tutorial_3d_monolayer,4,12,1791460222.350077,1507335,worker_2,W011,ConvertObjectsToImage,step_completed,success,87.09677419354838,27,31
cp_tutorial_3d_monolayer,4,12,1791460222.3511264,1507335,worker_2,W011,SaveImages,step_started,started,87.09677419354838,27,31
cp_tutorial_3d_monolayer,4,12,1791460222.380167,1507334,worker_1,W010,SaveImages,pattern_group,running,100.0,1,1
cp_tutorial_3d_monolayer,4,12,1791460222.3853385,1507333,worker_0,W009,SaveImages,pattern_group,running,100.0,1,1
cp_tutorial_3d_monolayer,4,12,1791460222.3886323,1507334,worker_1,W010,SaveImages,step_completed,success,96.7741935483871,30,31
cp_tutorial_3d_monolayer,4,12,1791460222.389771,1507334,worker_1,W010,pipeline,axis_completed,success,96.7741935483871,30,31
cp_tutorial_3d_monolayer,4,12,1791460222.3938942,1507336,worker_3,W012,SaveImages,pattern_group,running,100.0,1,1
cp_tutorial_3d_monolayer,4,12,1791460222.394798,1507333,worker_0,W009,SaveImages,step_completed,success,90.32258064516128,28,31
cp_tutorial_3d_monolayer,4,12,1791460222.3955553,1507333,worker_0,W009,ConvertObjectsToImage,step_started,started,90.32258064516128,28,31
cp_tutorial_3d_monolayer,4,12,1791460222.404792,1507335,worker_2,W011,SaveImages,pattern_group,running,100.0,1,1
cp_tutorial_3d_monolayer,4,12,1791460222.4068477,1507336,worker_3,W012,SaveImages,step_completed,success,96.7741935483871,30,31
cp_tutorial_3d_monolayer,4,12,1791460222.409367,1507336,worker_3,W012,pipeline,axis_completed,success,96.7741935483871,30,31
cp_tutorial_3d_monolayer,4,12,1791460222.4162178,1507335,worker_2,W011,SaveImages,step_completed,success,90.32258064516128,28,31
cp_tutorial_3d_monolayer,4,12,1791460222.4172044,1507335,worker_2,W011,ConvertObjectsToImage,step_started,started,90.32258064516128,28,31
cp_tutorial_3d_monolayer,4,12,1791460222.4353392,1507333,worker_0,W009,ConvertObjectsToImage,pattern_group,running,100.0,1,1
cp_tutorial_3d_monolayer,4,12,1791460222.452407,1507335,worker_2,W011,ConvertObjectsToImage,pattern_group,running,100.0,1,1
cp_tutorial_3d_monolayer,4,12,1791460222.435659,1507333,worker_0,W009,ConvertObjectsToImage,step_completed,success,93.54838709677419,29,31
cp_tutorial_3d_monolayer,4,12,1791460222.4527264,1507335,worker_2,W011,ConvertObjectsToImage,step_completed,success,93.54838709677419,29,31
cp_tutorial_3d_monolayer,4,12,1791460222.4432435,1507333,worker_0,W009,SaveImages,step_started,started,93.54838709677419,29,31
cp_tutorial_3d_monolayer,4,12,1791460222.4597375,1507335,worker_2,W011,SaveImages,step_started,started,93.54838709677419,29,31
cp_tutorial_3d_monolayer,4,12,1791460222.4925709,1507333,worker_0,W009,SaveImages,pattern_group,running,100.0,1,1
cp_tutorial_3d_monolayer,4,12,1791460222.5004036,1507333,worker_0,W009,SaveImages,step_completed,success,96.7741935483871,30,31
cp_tutorial_3d_monolayer,4,12,1791460222.5016737,1507333,worker_0,W009,pipeline,axis_completed,success,96.7741935483871,30,31
cp_tutorial_3d_monolayer,4,12,1791460222.5116506,1507335,worker_2,W011,SaveImages,pattern_group,running,100.0,1,1
cp_tutorial_3d_monolayer,4,12,1791460222.5206285,1507335,worker_2,W011,SaveImages,step_completed,success,96.7741935483871,30,31
cp_tutorial_3d_monolayer,4,12,1791460222.5219266,1507335,worker_2,W011,pipeline,axis_completed,success,96.7741935483871,30,31
cp_tutorial_3d_monolayer,4,12,1791460222.609121,1506880,,,ExportToSpreadsheet,step_started,started,96.7741935483871,30,31
cp_tutorial_3d_monolayer,4,12,1791460222.7870188,1506880,,,ExportToSpreadsheet,step_completed,success,100.0,31,31
cp_tutorial_3d_monolayer,4,12,1791460223.0713143,1506880,,,pipeline,success,success,100.0,31,31
