case_name,worker_count,well_count,timestamp,pid,worker_slot,axis_id,step_name,phase,status,percent,completed,total
ExampleColocalization,4,16,1791418376.4293737,3205011,,,pipeline,compile,started,0.0,0,15
ExampleColocalization,4,16,1791418376.4584324,3205011,,,,init,started,0.0,0,1
ExampleColocalization,4,16,1791418376.7032409,3205011,,W001,compilation,compile,running,6.25,1,16
ExampleColocalization,4,16,1791418376.7361753,3205011,,W002,compilation,compile,running,12.5,2,16
ExampleColocalization,4,16,1791418376.7729511,3205011,,W003,compilation,compile,running,18.75,3,16
ExampleColocalization,4,16,1791418376.8063385,3205011,,W004,compilation,compile,running,25.0,4,16
ExampleColocalization,4,16,1791418376.8393009,3205011,,W005,compilation,compile,running,31.25,5,16
ExampleColocalization,4,16,1791418376.8727572,3205011,,W006,compilation,compile,running,37.5,6,16
ExampleColocalization,4,16,1791418376.9058297,3205011,,W007,compilation,compile,running,43.75,7,16
ExampleColocalization,4,16,1791418376.9384365,3205011,,W008,compilation,compile,running,50.0,8,16
ExampleColocalization,4,16,1791418376.974157,3205011,,W009,compilation,compile,running,56.25,9,16
ExampleColocalization,4,16,1791418377.0071716,3205011,,W010,compilation,compile,running,62.5,10,16
ExampleColocalization,4,16,1791418377.0401495,3205011,,W011,compilation,compile,running,68.75,11,16
ExampleColocalization,4,16,1791418377.073046,3205011,,W012,compilation,compile,running,75.0,12,16
ExampleColocalization,4,16,1791418377.1058066,3205011,,W013,compilation,compile,running,81.25,13,16
ExampleColocalization,4,16,1791418377.1391535,3205011,,W014,compilation,compile,running,87.5,14,16
ExampleColocalization,4,16,1791418377.1724885,3205011,,W015,compilation,compile,running,93.75,15,16
ExampleColocalization,4,16,1791418377.2057662,3205011,,W016,compilation,compile,running,100.0,16,16
ExampleColocalization,4,16,1791418377.2380037,3205011,,,,init,started,0.0,0,1
ExampleColocalization,4,16,1791418377.2381105,3205011,,,pipeline,compile,success,100.0,1,15
ExampleColocalization,4,16,1791418377.2381814,3205011,,W001,compilation,compile,success,100.0,1,1
ExampleColocalization,4,16,1791418377.2382193,3205011,,W002,compilation,compile,success,100.0,1,1
ExampleColocalization,4,16,1791418377.2382545,3205011,,W003,compilation,compile,success,100.0,1,1
ExampleColocalization,4,16,1791418377.2383142,3205011,,W004,compilation,compile,success,100.0,1,1
ExampleColocalization,4,16,1791418377.2383487,3205011,,W005,compilation,compile,success,100.0,1,1
ExampleColocalization,4,16,1791418377.2383792,3205011,,W006,compilation,compile,success,100.0,1,1
ExampleColocalization,4,16,1791418377.2384093,3205011,,W007,compilation,compile,success,100.0,1,1
ExampleColocalization,4,16,1791418377.2384398,3205011,,W008,compilation,compile,success,100.0,1,1
ExampleColocalization,4,16,1791418377.2384691,3205011,,W009,compilation,compile,success,100.0,1,1
ExampleColocalization,4,16,1791418377.2384996,3205011,,W010,compilation,compile,success,100.0,1,1
ExampleColocalization,4,16,1791418377.238525,3205011,,W011,compilation,compile,success,100.0,1,1
ExampleColocalization,4,16,1791418377.238549,3205011,,W012,compilation,compile,success,100.0,1,1
ExampleColocalization,4,16,1791418377.2385733,3205011,,W013,compilation,compile,success,100.0,1,1
ExampleColocalization,4,16,1791418377.2385972,3205011,,W014,compilation,compile,success,100.0,1,1
ExampleColocalization,4,16,1791418377.2386212,3205011,,W015,compilation,compile,success,100.0,1,1
ExampleColocalization,4,16,1791418377.2386456,3205011,,W016,compilation,compile,success,100.0,1,1
ExampleColocalization,4,16,1791418377.2779489,3205011,,,,init,started,0.0,0,1
ExampleColocalization,4,16,1791418377.3439934,3372232,worker_0,W001,pipeline,axis_started,started,0.0,0,15
ExampleColocalization,4,16,1791418377.3508153,3372232,worker_0,W001,CorrectIlluminationCalculate,step_started,started,0.0,0,15
ExampleColocalization,4,16,1791418377.393089,3372234,worker_1,W002,pipeline,axis_started,started,0.0,0,15
ExampleColocalization,4,16,1791418377.4003508,3372234,worker_1,W002,CorrectIlluminationCalculate,step_started,started,0.0,0,15
ExampleColocalization,4,16,1791418377.4460301,3372236,worker_2,W003,pipeline,axis_started,started,0.0,0,15
ExampleColocalization,4,16,1791418377.4526026,3372236,worker_2,W003,CorrectIlluminationCalculate,step_started,started,0.0,0,15
ExampleColocalization,4,16,1791418377.5069752,3372238,worker_3,W004,pipeline,axis_started,started,0.0,0,15
ExampleColocalization,4,16,1791418377.5160134,3372238,worker_3,W004,CorrectIlluminationCalculate,step_started,started,0.0,0,15
ExampleColocalization,4,16,1791418377.5292578,3372232,worker_0,W001,CorrectIlluminationCalculate,pattern_group,running,50.0,1,2
ExampleColocalization,4,16,1791418377.5860298,3372234,worker_1,W002,CorrectIlluminationCalculate,pattern_group,running,50.0,1,2
ExampleColocalization,4,16,1791418377.654481,3372236,worker_2,W003,CorrectIlluminationCalculate,pattern_group,running,50.0,1,2
ExampleColocalization,4,16,1791418377.6547005,3372232,worker_0,W001,CorrectIlluminationCalculate,pattern_group,running,100.0,2,2
ExampleColocalization,4,16,1791418377.6562228,3372232,worker_0,W001,CorrectIlluminationCalculate,step_completed,success,6.666666666666667,1,15
ExampleColocalization,4,16,1791418377.6570573,3372232,worker_0,W001,CorrectIlluminationApply,step_started,started,6.666666666666667,1,15
ExampleColocalization,4,16,1791418377.7193446,3372234,worker_1,W002,CorrectIlluminationCalculate,pattern_group,running,100.0,2,2
ExampleColocalization,4,16,1791418377.7209842,3372234,worker_1,W002,CorrectIlluminationCalculate,step_completed,success,6.666666666666667,1,15
ExampleColocalization,4,16,1791418377.7218504,3372234,worker_1,W002,CorrectIlluminationApply,step_started,started,6.666666666666667,1,15
ExampleColocalization,4,16,1791418377.734197,3372238,worker_3,W004,CorrectIlluminationCalculate,pattern_group,running,50.0,1,2
ExampleColocalization,4,16,1791418377.755281,3372232,worker_0,W001,CorrectIlluminationApply,pattern_group,running,50.0,1,2
ExampleColocalization,4,16,1791418377.781687,3372236,worker_2,W003,CorrectIlluminationCalculate,pattern_group,running,100.0,2,2
ExampleColocalization,4,16,1791418377.7828915,3372236,worker_2,W003,CorrectIlluminationCalculate,step_completed,success,6.666666666666667,1,15
ExampleColocalization,4,16,1791418377.783755,3372236,worker_2,W003,CorrectIlluminationApply,step_started,started,6.666666666666667,1,15
ExampleColocalization,4,16,1791418377.8190293,3372234,worker_1,W002,CorrectIlluminationApply,pattern_group,running,50.0,1,2
ExampleColocalization,4,16,1791418377.8533354,3372238,worker_3,W004,CorrectIlluminationCalculate,pattern_group,running,100.0,2,2
ExampleColocalization,4,16,1791418377.8547816,3372238,worker_3,W004,CorrectIlluminationCalculate,step_completed,success,6.666666666666667,1,15
ExampleColocalization,4,16,1791418377.8555164,3372238,worker_3,W004,CorrectIlluminationApply,step_started,started,6.666666666666667,1,15
ExampleColocalization,4,16,1791418377.8553684,3372232,worker_0,W001,CorrectIlluminationApply,pattern_group,running,100.0,2,2
ExampleColocalization,4,16,1791418377.8556857,3372232,worker_0,W001,CorrectIlluminationApply,step_completed,success,13.333333333333334,2,15
ExampleColocalization,4,16,1791418377.8564167,3372232,worker_0,W001,Align,step_started,started,13.333333333333334,2,15
ExampleColocalization,4,16,1791418377.8663518,3372236,worker_2,W003,CorrectIlluminationApply,pattern_group,running,50.0,1,2
ExampleColocalization,4,16,1791418377.9168322,3372234,worker_1,W002,CorrectIlluminationApply,pattern_group,running,100.0,2,2
ExampleColocalization,4,16,1791418377.9170182,3372234,worker_1,W002,CorrectIlluminationApply,step_completed,success,13.333333333333334,2,15
ExampleColocalization,4,16,1791418377.9176111,3372234,worker_1,W002,Align,step_started,started,13.333333333333334,2,15
ExampleColocalization,4,16,1791418377.936512,3372238,worker_3,W004,CorrectIlluminationApply,pattern_group,running,50.0,1,2
ExampleColocalization,4,16,1791418377.9677386,3372236,worker_2,W003,CorrectIlluminationApply,pattern_group,running,100.0,2,2
ExampleColocalization,4,16,1791418377.9679263,3372236,worker_2,W003,CorrectIlluminationApply,step_completed,success,13.333333333333334,2,15
ExampleColocalization,4,16,1791418377.9686294,3372236,worker_2,W003,Align,step_started,started,13.333333333333334,2,15
ExampleColocalization,4,16,1791418378.0070052,3372232,worker_0,W001,Align,pattern_group,running,50.0,1,2
ExampleColocalization,4,16,1791418378.0340016,3372238,worker_3,W004,CorrectIlluminationApply,pattern_group,running,100.0,2,2
ExampleColocalization,4,16,1791418378.0342305,3372238,worker_3,W004,CorrectIlluminationApply,step_completed,success,13.333333333333334,2,15
ExampleColocalization,4,16,1791418378.0348294,3372238,worker_3,W004,Align,step_started,started,13.333333333333334,2,15
ExampleColocalization,4,16,1791418378.0740871,3372234,worker_1,W002,Align,pattern_group,running,50.0,1,2
ExampleColocalization,4,16,1791418378.107664,3372236,worker_2,W003,Align,pattern_group,running,50.0,1,2
ExampleColocalization,4,16,1791418378.1711094,3372238,worker_3,W004,Align,pattern_group,running,50.0,1,2
ExampleColocalization,4,16,1791418378.1704664,3372232,worker_0,W001,Align,pattern_group,running,100.0,2,2
ExampleColocalization,4,16,1791418378.1712322,3372232,worker_0,W001,Align,step_completed,success,20.0,3,15
ExampleColocalization,4,16,1791418378.17195,3372232,worker_0,W001,MeasureColocalization,step_started,started,20.0,3,15
ExampleColocalization,4,16,1791418378.242692,3372234,worker_1,W002,Align,pattern_group,running,100.0,2,2
ExampleColocalization,4,16,1791418378.2432764,3372234,worker_1,W002,Align,step_completed,success,20.0,3,15
ExampleColocalization,4,16,1791418378.243752,3372234,worker_1,W002,MeasureColocalization,step_started,started,20.0,3,15
ExampleColocalization,4,16,1791418378.2764165,3372236,worker_2,W003,Align,pattern_group,running,100.0,2,2
ExampleColocalization,4,16,1791418378.2773001,3372236,worker_2,W003,Align,step_completed,success,20.0,3,15
ExampleColocalization,4,16,1791418378.2779377,3372236,worker_2,W003,MeasureColocalization,step_started,started,20.0,3,15
ExampleColocalization,4,16,1791418378.3491852,3372238,worker_3,W004,Align,pattern_group,running,100.0,2,2
ExampleColocalization,4,16,1791418378.3500066,3372238,worker_3,W004,Align,step_completed,success,20.0,3,15
ExampleColocalization,4,16,1791418378.3506021,3372238,worker_3,W004,MeasureColocalization,step_started,started,20.0,3,15
ExampleColocalization,4,16,1791418378.538259,3372232,worker_0,W001,MeasureColocalization,pattern_group,running,50.0,1,2
ExampleColocalization,4,16,1791418378.588698,3372234,worker_1,W002,MeasureColocalization,pattern_group,running,50.0,1,2
ExampleColocalization,4,16,1791418378.635496,3372236,worker_2,W003,MeasureColocalization,pattern_group,running,50.0,1,2
ExampleColocalization,4,16,1791418378.6820688,3372238,worker_3,W004,MeasureColocalization,pattern_group,running,50.0,1,2
ExampleColocalization,4,16,1791418378.8889668,3372232,worker_0,W001,MeasureColocalization,pattern_group,running,100.0,2,2
ExampleColocalization,4,16,1791418378.8895981,3372232,worker_0,W001,MeasureColocalization,step_completed,success,26.666666666666668,4,15
ExampleColocalization,4,16,1791418378.8901842,3372232,worker_0,W001,IdentifyPrimaryObjects,step_started,started,26.666666666666668,4,15
ExampleColocalization,4,16,1791418378.9353278,3372234,worker_1,W002,MeasureColocalization,pattern_group,running,100.0,2,2
ExampleColocalization,4,16,1791418378.9358566,3372234,worker_1,W002,MeasureColocalization,step_completed,success,26.666666666666668,4,15
ExampleColocalization,4,16,1791418378.9364104,3372234,worker_1,W002,IdentifyPrimaryObjects,step_started,started,26.666666666666668,4,15
ExampleColocalization,4,16,1791418378.9401612,3372236,worker_2,W003,MeasureColocalization,pattern_group,running,100.0,2,2
ExampleColocalization,4,16,1791418378.940828,3372236,worker_2,W003,MeasureColocalization,step_completed,success,26.666666666666668,4,15
ExampleColocalization,4,16,1791418378.9416556,3372236,worker_2,W003,IdentifyPrimaryObjects,step_started,started,26.666666666666668,4,15
ExampleColocalization,4,16,1791418378.9695446,3372238,worker_3,W004,MeasureColocalization,pattern_group,running,100.0,2,2
ExampleColocalization,4,16,1791418378.9700174,3372238,worker_3,W004,MeasureColocalization,step_completed,success,26.666666666666668,4,15
ExampleColocalization,4,16,1791418378.9705184,3372238,worker_3,W004,IdentifyPrimaryObjects,step_started,started,26.666666666666668,4,15
ExampleColocalization,4,16,1791418379.3334575,3372232,worker_0,W001,IdentifyPrimaryObjects,pattern_group,running,50.0,1,2
ExampleColocalization,4,16,1791418379.3982058,3372236,worker_2,W003,IdentifyPrimaryObjects,pattern_group,running,50.0,1,2
ExampleColocalization,4,16,1791418379.4054997,3372234,worker_1,W002,IdentifyPrimaryObjects,pattern_group,running,50.0,1,2
ExampleColocalization,4,16,1791418379.4231906,3372238,worker_3,W004,IdentifyPrimaryObjects,pattern_group,running,50.0,1,2
ExampleColocalization,4,16,1791418379.8833885,3372232,worker_0,W001,IdentifyPrimaryObjects,pattern_group,running,100.0,2,2
ExampleColocalization,4,16,1791418379.8847656,3372232,worker_0,W001,IdentifyPrimaryObjects,step_completed,success,33.33333333333333,5,15
ExampleColocalization,4,16,1791418379.8859742,3372232,worker_0,W001,RelateObjects,step_started,started,33.33333333333333,5,15
ExampleColocalization,4,16,1791418380.0266402,3372236,worker_2,W003,IdentifyPrimaryObjects,pattern_group,running,100.0,2,2
ExampleColocalization,4,16,1791418380.0279913,3372236,worker_2,W003,IdentifyPrimaryObjects,step_completed,success,33.33333333333333,5,15
ExampleColocalization,4,16,1791418380.0292022,3372236,worker_2,W003,RelateObjects,step_started,started,33.33333333333333,5,15
ExampleColocalization,4,16,1791418380.0654016,3372234,worker_1,W002,IdentifyPrimaryObjects,pattern_group,running,100.0,2,2
ExampleColocalization,4,16,1791418380.0668154,3372234,worker_1,W002,IdentifyPrimaryObjects,step_completed,success,33.33333333333333,5,15
ExampleColocalization,4,16,1791418380.0679514,3372234,worker_1,W002,RelateObjects,step_started,started,33.33333333333333,5,15
ExampleColocalization,4,16,1791418380.1497254,3372238,worker_3,W004,IdentifyPrimaryObjects,pattern_group,running,100.0,2,2
ExampleColocalization,4,16,1791418380.150844,3372238,worker_3,W004,IdentifyPrimaryObjects,step_completed,success,33.33333333333333,5,15
ExampleColocalization,4,16,1791418380.1519012,3372238,worker_3,W004,RelateObjects,step_started,started,33.33333333333333,5,15
ExampleColocalization,4,16,1791418380.2939146,3372232,worker_0,W001,RelateObjects,pattern_group,running,100.0,1,1
ExampleColocalization,4,16,1791418380.2944715,3372232,worker_0,W001,RelateObjects,step_completed,success,40.0,6,15
ExampleColocalization,4,16,1791418380.2950308,3372232,worker_0,W001,ExpandOrShrinkObjects,step_started,started,40.0,6,15
ExampleColocalization,4,16,1791418380.3261254,3372232,worker_0,W001,ExpandOrShrinkObjects,pattern_group,running,50.0,1,2
ExampleColocalization,4,16,1791418380.3557365,3372232,worker_0,W001,ExpandOrShrinkObjects,pattern_group,running,100.0,2,2
ExampleColocalization,4,16,1791418380.3564022,3372232,worker_0,W001,ExpandOrShrinkObjects,step_completed,success,46.666666666666664,7,15
ExampleColocalization,4,16,1791418380.356952,3372232,worker_0,W001,ExpandOrShrinkObjects,step_started,started,46.666666666666664,7,15
ExampleColocalization,4,16,1791418380.376134,3372236,worker_2,W003,RelateObjects,pattern_group,running,100.0,1,1
ExampleColocalization,4,16,1791418380.3767102,3372236,worker_2,W003,RelateObjects,step_completed,success,40.0,6,15
ExampleColocalization,4,16,1791418380.3773394,3372236,worker_2,W003,ExpandOrShrinkObjects,step_started,started,40.0,6,15
ExampleColocalization,4,16,1791418380.3973129,3372232,worker_0,W001,ExpandOrShrinkObjects,pattern_group,running,50.0,1,2
ExampleColocalization,4,16,1791418380.4119816,3372236,worker_2,W003,ExpandOrShrinkObjects,pattern_group,running,50.0,1,2
ExampleColocalization,4,16,1791418380.421655,3372234,worker_1,W002,RelateObjects,pattern_group,running,100.0,1,1
ExampleColocalization,4,16,1791418380.422409,3372234,worker_1,W002,RelateObjects,step_completed,success,40.0,6,15
ExampleColocalization,4,16,1791418380.422972,3372234,worker_1,W002,ExpandOrShrinkObjects,step_started,started,40.0,6,15
ExampleColocalization,4,16,1791418380.4463475,3372232,worker_0,W001,ExpandOrShrinkObjects,pattern_group,running,100.0,2,2
ExampleColocalization,4,16,1791418380.4471664,3372232,worker_0,W001,ExpandOrShrinkObjects,step_completed,success,53.333333333333336,8,15
ExampleColocalization,4,16,1791418380.448111,3372232,worker_0,W001,RelateObjects,step_started,started,53.333333333333336,8,15
ExampleColocalization,4,16,1791418380.44897,3372236,worker_2,W003,ExpandOrShrinkObjects,pattern_group,running,100.0,2,2
ExampleColocalization,4,16,1791418380.4496453,3372236,worker_2,W003,ExpandOrShrinkObjects,step_completed,success,46.666666666666664,7,15
ExampleColocalization,4,16,1791418380.45021,3372236,worker_2,W003,ExpandOrShrinkObjects,step_started,started,46.666666666666664,7,15
ExampleColocalization,4,16,1791418380.4576733,3372234,worker_1,W002,ExpandOrShrinkObjects,pattern_group,running,50.0,1,2
ExampleColocalization,4,16,1791418380.498747,3372236,worker_2,W003,ExpandOrShrinkObjects,pattern_group,running,50.0,1,2
ExampleColocalization,4,16,1791418380.4995613,3372234,worker_1,W002,ExpandOrShrinkObjects,pattern_group,running,100.0,2,2
ExampleColocalization,4,16,1791418380.5003757,3372234,worker_1,W002,ExpandOrShrinkObjects,step_completed,success,46.666666666666664,7,15
ExampleColocalization,4,16,1791418380.5009756,3372234,worker_1,W002,ExpandOrShrinkObjects,step_started,started,46.666666666666664,7,15
ExampleColocalization,4,16,1791418380.5141494,3372238,worker_3,W004,RelateObjects,pattern_group,running,100.0,1,1
ExampleColocalization,4,16,1791418380.5147772,3372238,worker_3,W004,RelateObjects,step_completed,success,40.0,6,15
ExampleColocalization,4,16,1791418380.5153806,3372238,worker_3,W004,ExpandOrShrinkObjects,step_started,started,40.0,6,15
ExampleColocalization,4,16,1791418380.5509908,3372234,worker_1,W002,ExpandOrShrinkObjects,pattern_group,running,50.0,1,2
ExampleColocalization,4,16,1791418380.5515323,3372236,worker_2,W003,ExpandOrShrinkObjects,pattern_group,running,100.0,2,2
ExampleColocalization,4,16,1791418380.5522552,3372236,worker_2,W003,ExpandOrShrinkObjects,step_completed,success,53.333333333333336,8,15
ExampleColocalization,4,16,1791418380.5532515,3372236,worker_2,W003,RelateObjects,step_started,started,53.333333333333336,8,15
ExampleColocalization,4,16,1791418380.5550077,3372238,worker_3,W004,ExpandOrShrinkObjects,pattern_group,running,50.0,1,2
ExampleColocalization,4,16,1791418380.5712917,3372232,worker_0,W001,RelateObjects,pattern_group,running,100.0,1,1
ExampleColocalization,4,16,1791418380.5720513,3372232,worker_0,W001,RelateObjects,step_completed,success,60.0,9,15
ExampleColocalization,4,16,1791418380.573292,3372232,worker_0,W001,ClassifyObjects,step_started,started,60.0,9,15
ExampleColocalization,4,16,1791418380.6021252,3372238,worker_3,W004,ExpandOrShrinkObjects,pattern_group,running,100.0,2,2
ExampleColocalization,4,16,1791418380.6027827,3372238,worker_3,W004,ExpandOrShrinkObjects,step_completed,success,46.666666666666664,7,15
ExampleColocalization,4,16,1791418380.6033218,3372238,worker_3,W004,ExpandOrShrinkObjects,step_started,started,46.666666666666664,7,15
ExampleColocalization,4,16,1791418380.6078343,3372234,worker_1,W002,ExpandOrShrinkObjects,pattern_group,running,100.0,2,2
ExampleColocalization,4,16,1791418380.6086714,3372234,worker_1,W002,ExpandOrShrinkObjects,step_completed,success,53.333333333333336,8,15
ExampleColocalization,4,16,1791418380.609678,3372234,worker_1,W002,RelateObjects,step_started,started,53.333333333333336,8,15
ExampleColocalization,4,16,1791418380.6502168,3372238,worker_3,W004,ExpandOrShrinkObjects,pattern_group,running,50.0,1,2
ExampleColocalization,4,16,1791418380.6673367,3372236,worker_2,W003,RelateObjects,pattern_group,running,100.0,1,1
ExampleColocalization,4,16,1791418380.667825,3372236,worker_2,W003,RelateObjects,step_completed,success,60.0,9,15
ExampleColocalization,4,16,1791418380.6687567,3372236,worker_2,W003,ClassifyObjects,step_started,started,60.0,9,15
ExampleColocalization,4,16,1791418380.6747372,3372232,worker_0,W001,ClassifyObjects,pattern_group,running,100.0,1,1
ExampleColocalization,4,16,1791418380.6753325,3372232,worker_0,W001,ClassifyObjects,step_completed,success,66.66666666666666,10,15
ExampleColocalization,4,16,1791418380.6760323,3372232,worker_0,W001,FilterObjects,step_started,started,66.66666666666666,10,15
ExampleColocalization,4,16,1791418380.694892,3372238,worker_3,W004,ExpandOrShrinkObjects,pattern_group,running,100.0,2,2
ExampleColocalization,4,16,1791418380.6955166,3372238,worker_3,W004,ExpandOrShrinkObjects,step_completed,success,53.333333333333336,8,15
ExampleColocalization,4,16,1791418380.696381,3372238,worker_3,W004,RelateObjects,step_started,started,53.333333333333336,8,15
ExampleColocalization,4,16,1791418380.7148337,3372234,worker_1,W002,RelateObjects,pattern_group,running,100.0,1,1
ExampleColocalization,4,16,1791418380.7154174,3372234,worker_1,W002,RelateObjects,step_completed,success,60.0,9,15
ExampleColocalization,4,16,1791418380.7164016,3372234,worker_1,W002,ClassifyObjects,step_started,started,60.0,9,15
ExampleColocalization,4,16,1791418380.7597766,3372236,worker_2,W003,ClassifyObjects,pattern_group,running,100.0,1,1
ExampleColocalization,4,16,1791418380.7602215,3372236,worker_2,W003,ClassifyObjects,step_completed,success,66.66666666666666,10,15
ExampleColocalization,4,16,1791418380.760805,3372236,worker_2,W003,FilterObjects,step_started,started,66.66666666666666,10,15
ExampleColocalization,4,16,1791418380.7890558,3372232,worker_0,W001,FilterObjects,pattern_group,running,100.0,1,1
ExampleColocalization,4,16,1791418380.789762,3372232,worker_0,W001,FilterObjects,step_completed,success,73.33333333333333,11,15
ExampleColocalization,4,16,1791418380.7907782,3372232,worker_0,W001,MaskObjects,step_started,started,73.33333333333333,11,15
ExampleColocalization,4,16,1791418380.7945375,3372238,worker_3,W004,RelateObjects,pattern_group,running,100.0,1,1
ExampleColocalization,4,16,1791418380.7952077,3372238,worker_3,W004,RelateObjects,step_completed,success,60.0,9,15
ExampleColocalization,4,16,1791418380.796179,3372238,worker_3,W004,ClassifyObjects,step_started,started,60.0,9,15
ExampleColocalization,4,16,1791418380.8067412,3372234,worker_1,W002,ClassifyObjects,pattern_group,running,100.0,1,1
ExampleColocalization,4,16,1791418380.8072248,3372234,worker_1,W002,ClassifyObjects,step_completed,success,66.66666666666666,10,15
ExampleColocalization,4,16,1791418380.807832,3372234,worker_1,W002,FilterObjects,step_started,started,66.66666666666666,10,15
ExampleColocalization,4,16,1791418380.8775234,3372236,worker_2,W003,FilterObjects,pattern_group,running,100.0,1,1
ExampleColocalization,4,16,1791418380.8781793,3372236,worker_2,W003,FilterObjects,step_completed,success,73.33333333333333,11,15
ExampleColocalization,4,16,1791418380.879166,3372236,worker_2,W003,MaskObjects,step_started,started,73.33333333333333,11,15
ExampleColocalization,4,16,1791418380.887044,3372238,worker_3,W004,ClassifyObjects,pattern_group,running,100.0,1,1
ExampleColocalization,4,16,1791418380.8875103,3372238,worker_3,W004,ClassifyObjects,step_completed,success,66.66666666666666,10,15
ExampleColocalization,4,16,1791418380.8881035,3372238,worker_3,W004,FilterObjects,step_started,started,66.66666666666666,10,15
ExampleColocalization,4,16,1791418380.891285,3372232,worker_0,W001,MaskObjects,pattern_group,running,100.0,1,1
ExampleColocalization,4,16,1791418380.8919513,3372232,worker_0,W001,MaskObjects,step_completed,success,80.0,12,15
ExampleColocalization,4,16,1791418380.898481,3372232,worker_0,W001,MeasureImageAreaOccupied,step_started,started,80.0,12,15
ExampleColocalization,4,16,1791418380.9261816,3372234,worker_1,W002,FilterObjects,pattern_group,running,100.0,1,1
ExampleColocalization,4,16,1791418380.9269884,3372234,worker_1,W002,FilterObjects,step_completed,success,73.33333333333333,11,15
ExampleColocalization,4,16,1791418380.9286585,3372234,worker_1,W002,MaskObjects,step_started,started,73.33333333333333,11,15
ExampleColocalization,4,16,1791418380.9584827,3372232,worker_0,W001,MeasureImageAreaOccupied,pattern_group,running,100.0,1,1
ExampleColocalization,4,16,1791418380.9588172,3372232,worker_0,W001,MeasureImageAreaOccupied,step_completed,success,86.66666666666667,13,15
ExampleColocalization,4,16,1791418380.961577,3372232,worker_0,W001,CalculateMath,step_started,started,86.66666666666667,13,15
ExampleColocalization,4,16,1791418380.9734113,3372232,worker_0,W001,CalculateMath,pattern_group,running,100.0,1,1
ExampleColocalization,4,16,1791418380.973746,3372232,worker_0,W001,CalculateMath,step_completed,success,93.33333333333333,14,15
ExampleColocalization,4,16,1791418380.9752517,3372232,worker_0,W001,pipeline,axis_completed,success,93.33333333333333,14,15
ExampleColocalization,4,16,1791418380.9753218,3372232,worker_0,W005,pipeline,axis_started,started,0.0,0,15
ExampleColocalization,4,16,1791418380.9804354,3372232,worker_0,W005,CorrectIlluminationCalculate,step_started,started,0.0,0,15
ExampleColocalization,4,16,1791418380.9890966,3372236,worker_2,W003,MaskObjects,pattern_group,running,100.0,1,1
ExampleColocalization,4,16,1791418380.9896543,3372236,worker_2,W003,MaskObjects,step_completed,success,80.0,12,15
ExampleColocalization,4,16,1791418380.9954486,3372236,worker_2,W003,MeasureImageAreaOccupied,step_started,started,80.0,12,15
ExampleColocalization,4,16,1791418381.014793,3372238,worker_3,W004,FilterObjects,pattern_group,running,100.0,1,1
ExampleColocalization,4,16,1791418381.0154583,3372238,worker_3,W004,FilterObjects,step_completed,success,73.33333333333333,11,15
ExampleColocalization,4,16,1791418381.016617,3372238,worker_3,W004,MaskObjects,step_started,started,73.33333333333333,11,15
ExampleColocalization,4,16,1791418381.0392504,3372234,worker_1,W002,MaskObjects,pattern_group,running,100.0,1,1
ExampleColocalization,4,16,1791418381.0399883,3372234,worker_1,W002,MaskObjects,step_completed,success,80.0,12,15
ExampleColocalization,4,16,1791418381.048606,3372234,worker_1,W002,MeasureImageAreaOccupied,step_started,started,80.0,12,15
ExampleColocalization,4,16,1791418381.050143,3372236,worker_2,W003,MeasureImageAreaOccupied,pattern_group,running,100.0,1,1
ExampleColocalization,4,16,1791418381.050744,3372236,worker_2,W003,MeasureImageAreaOccupied,step_completed,success,86.66666666666667,13,15
ExampleColocalization,4,16,1791418381.05464,3372236,worker_2,W003,CalculateMath,step_started,started,86.66666666666667,13,15
ExampleColocalization,4,16,1791418381.0729072,3372236,worker_2,W003,CalculateMath,pattern_group,running,100.0,1,1
ExampleColocalization,4,16,1791418381.073552,3372236,worker_2,W003,CalculateMath,step_completed,success,93.33333333333333,14,15
ExampleColocalization,4,16,1791418381.0758915,3372236,worker_2,W003,pipeline,axis_completed,success,93.33333333333333,14,15
ExampleColocalization,4,16,1791418381.0760324,3372236,worker_2,W007,pipeline,axis_started,started,0.0,0,15
ExampleColocalization,4,16,1791418381.0817204,3372232,worker_0,W005,CorrectIlluminationCalculate,pattern_group,running,50.0,1,2
ExampleColocalization,4,16,1791418381.082449,3372236,worker_2,W007,CorrectIlluminationCalculate,step_started,started,0.0,0,15
ExampleColocalization,4,16,1791418381.1036086,3372234,worker_1,W002,MeasureImageAreaOccupied,pattern_group,running,100.0,1,1
ExampleColocalization,4,16,1791418381.10395,3372234,worker_1,W002,MeasureImageAreaOccupied,step_completed,success,86.66666666666667,13,15
ExampleColocalization,4,16,1791418381.1064756,3372234,worker_1,W002,CalculateMath,step_started,started,86.66666666666667,13,15
ExampleColocalization,4,16,1791418381.1163416,3372234,worker_1,W002,CalculateMath,pattern_group,running,100.0,1,1
ExampleColocalization,4,16,1791418381.1166575,3372234,worker_1,W002,CalculateMath,step_completed,success,93.33333333333333,14,15
ExampleColocalization,4,16,1791418381.118138,3372234,worker_1,W002,pipeline,axis_completed,success,93.33333333333333,14,15
ExampleColocalization,4,16,1791418381.1181962,3372234,worker_1,W006,pipeline,axis_started,started,0.0,0,15
ExampleColocalization,4,16,1791418381.1228187,3372234,worker_1,W006,CorrectIlluminationCalculate,step_started,started,0.0,0,15
ExampleColocalization,4,16,1791418381.135979,3372238,worker_3,W004,MaskObjects,pattern_group,running,100.0,1,1
ExampleColocalization,4,16,1791418381.136773,3372238,worker_3,W004,MaskObjects,step_completed,success,80.0,12,15
ExampleColocalization,4,16,1791418381.144898,3372238,worker_3,W004,MeasureImageAreaOccupied,step_started,started,80.0,12,15
ExampleColocalization,4,16,1791418381.185334,3372236,worker_2,W007,CorrectIlluminationCalculate,pattern_group,running,50.0,1,2
ExampleColocalization,4,16,1791418381.1946633,3372232,worker_0,W005,CorrectIlluminationCalculate,pattern_group,running,100.0,2,2
ExampleColocalization,4,16,1791418381.1948774,3372232,worker_0,W005,CorrectIlluminationCalculate,step_completed,success,6.666666666666667,1,15
ExampleColocalization,4,16,1791418381.195428,3372232,worker_0,W005,CorrectIlluminationApply,step_started,started,6.666666666666667,1,15
ExampleColocalization,4,16,1791418381.2317824,3372234,worker_1,W006,CorrectIlluminationCalculate,pattern_group,running,50.0,1,2
ExampleColocalization,4,16,1791418381.2272773,3372238,worker_3,W004,MeasureImageAreaOccupied,pattern_group,running,100.0,1,1
ExampleColocalization,4,16,1791418381.2277744,3372238,worker_3,W004,MeasureImageAreaOccupied,step_completed,success,86.66666666666667,13,15
ExampleColocalization,4,16,1791418381.2307003,3372238,worker_3,W004,CalculateMath,step_started,started,86.66666666666667,13,15
ExampleColocalization,4,16,1791418381.2425768,3372238,worker_3,W004,CalculateMath,pattern_group,running,100.0,1,1
ExampleColocalization,4,16,1791418381.2428539,3372238,worker_3,W004,CalculateMath,step_completed,success,93.33333333333333,14,15
ExampleColocalization,4,16,1791418381.2444596,3372238,worker_3,W004,pipeline,axis_completed,success,93.33333333333333,14,15
ExampleColocalization,4,16,1791418381.2445166,3372238,worker_3,W008,pipeline,axis_started,started,0.0,0,15
ExampleColocalization,4,16,1791418381.2493796,3372238,worker_3,W008,CorrectIlluminationCalculate,step_started,started,0.0,0,15
ExampleColocalization,4,16,1791418381.2672553,3372232,worker_0,W005,CorrectIlluminationApply,pattern_group,running,50.0,1,2
ExampleColocalization,4,16,1791418381.2861845,3372236,worker_2,W007,CorrectIlluminationCalculate,pattern_group,running,100.0,2,2
ExampleColocalization,4,16,1791418381.286516,3372236,worker_2,W007,CorrectIlluminationCalculate,step_completed,success,6.666666666666667,1,15
ExampleColocalization,4,16,1791418381.287102,3372236,worker_2,W007,CorrectIlluminationApply,step_started,started,6.666666666666667,1,15
ExampleColocalization,4,16,1791418381.3446167,3372234,worker_1,W006,CorrectIlluminationCalculate,pattern_group,running,100.0,2,2
ExampleColocalization,4,16,1791418381.344813,3372234,worker_1,W006,CorrectIlluminationCalculate,step_completed,success,6.666666666666667,1,15
ExampleColocalization,4,16,1791418381.3463602,3372234,worker_1,W006,CorrectIlluminationApply,step_started,started,6.666666666666667,1,15
ExampleColocalization,4,16,1791418381.3580253,3372232,worker_0,W005,CorrectIlluminationApply,pattern_group,running,100.0,2,2
ExampleColocalization,4,16,1791418381.3583496,3372232,worker_0,W005,CorrectIlluminationApply,step_completed,success,13.333333333333334,2,15
ExampleColocalization,4,16,1791418381.3590138,3372232,worker_0,W005,Align,step_started,started,13.333333333333334,2,15
ExampleColocalization,4,16,1791418381.361449,3372238,worker_3,W008,CorrectIlluminationCalculate,pattern_group,running,50.0,1,2
ExampleColocalization,4,16,1791418381.3744998,3372236,worker_2,W007,CorrectIlluminationApply,pattern_group,running,50.0,1,2
ExampleColocalization,4,16,1791418381.4201841,3372234,worker_1,W006,CorrectIlluminationApply,pattern_group,running,50.0,1,2
ExampleColocalization,4,16,1791418381.4639938,3372236,worker_2,W007,CorrectIlluminationApply,pattern_group,running,100.0,2,2
ExampleColocalization,4,16,1791418381.464204,3372236,worker_2,W007,CorrectIlluminationApply,step_completed,success,13.333333333333334,2,15
ExampleColocalization,4,16,1791418381.464857,3372236,worker_2,W007,Align,step_started,started,13.333333333333334,2,15
ExampleColocalization,4,16,1791418381.4661534,3372238,worker_3,W008,CorrectIlluminationCalculate,pattern_group,running,100.0,2,2
ExampleColocalization,4,16,1791418381.4663389,3372238,worker_3,W008,CorrectIlluminationCalculate,step_completed,success,6.666666666666667,1,15
ExampleColocalization,4,16,1791418381.4667668,3372238,worker_3,W008,CorrectIlluminationApply,step_started,started,6.666666666666667,1,15
ExampleColocalization,4,16,1791418381.4875257,3372232,worker_0,W005,Align,pattern_group,running,50.0,1,2
ExampleColocalization,4,16,1791418381.5099077,3372234,worker_1,W006,CorrectIlluminationApply,pattern_group,running,100.0,2,2
ExampleColocalization,4,16,1791418381.510149,3372234,worker_1,W006,CorrectIlluminationApply,step_completed,success,13.333333333333334,2,15
ExampleColocalization,4,16,1791418381.510747,3372234,worker_1,W006,Align,step_started,started,13.333333333333334,2,15
ExampleColocalization,4,16,1791418381.5437737,3372238,worker_3,W008,CorrectIlluminationApply,pattern_group,running,50.0,1,2
ExampleColocalization,4,16,1791418381.598232,3372236,worker_2,W007,Align,pattern_group,running,50.0,1,2
ExampleColocalization,4,16,1791418381.6247642,3372238,worker_3,W008,CorrectIlluminationApply,pattern_group,running,100.0,2,2
ExampleColocalization,4,16,1791418381.6249564,3372238,worker_3,W008,CorrectIlluminationApply,step_completed,success,13.333333333333334,2,15
ExampleColocalization,4,16,1791418381.625533,3372238,worker_3,W008,Align,step_started,started,13.333333333333334,2,15
ExampleColocalization,4,16,1791418381.6444268,3372234,worker_1,W006,Align,pattern_group,running,50.0,1,2
ExampleColocalization,4,16,1791418381.6559653,3372232,worker_0,W005,Align,pattern_group,running,100.0,2,2
ExampleColocalization,4,16,1791418381.6565502,3372232,worker_0,W005,Align,step_completed,success,20.0,3,15
ExampleColocalization,4,16,1791418381.6571193,3372232,worker_0,W005,MeasureColocalization,step_started,started,20.0,3,15
ExampleColocalization,4,16,1791418381.7622457,3372238,worker_3,W008,Align,pattern_group,running,50.0,1,2
ExampleColocalization,4,16,1791418381.771827,3372236,worker_2,W007,Align,pattern_group,running,100.0,2,2
ExampleColocalization,4,16,1791418381.7724178,3372236,worker_2,W007,Align,step_completed,success,20.0,3,15
ExampleColocalization,4,16,1791418381.773043,3372236,worker_2,W007,MeasureColocalization,step_started,started,20.0,3,15
ExampleColocalization,4,16,1791418381.8204541,3372234,worker_1,W006,Align,pattern_group,running,100.0,2,2
ExampleColocalization,4,16,1791418381.8209627,3372234,worker_1,W006,Align,step_completed,success,20.0,3,15
ExampleColocalization,4,16,1791418381.8215048,3372234,worker_1,W006,MeasureColocalization,step_started,started,20.0,3,15
ExampleColocalization,4,16,1791418381.9244804,3372232,worker_0,W005,MeasureColocalization,pattern_group,running,50.0,1,2
ExampleColocalization,4,16,1791418381.9601128,3372238,worker_3,W008,Align,pattern_group,running,100.0,2,2
ExampleColocalization,4,16,1791418381.9609601,3372238,worker_3,W008,Align,step_completed,success,20.0,3,15
ExampleColocalization,4,16,1791418381.9616537,3372238,worker_3,W008,MeasureColocalization,step_started,started,20.0,3,15
ExampleColocalization,4,16,1791418382.0941062,3372236,worker_2,W007,MeasureColocalization,pattern_group,running,50.0,1,2
ExampleColocalization,4,16,1791418382.1856909,3372234,worker_1,W006,MeasureColocalization,pattern_group,running,50.0,1,2
ExampleColocalization,4,16,1791418382.2437792,3372232,worker_0,W005,MeasureColocalization,pattern_group,running,100.0,2,2
ExampleColocalization,4,16,1791418382.2443,3372232,worker_0,W005,MeasureColocalization,step_completed,success,26.666666666666668,4,15
ExampleColocalization,4,16,1791418382.244889,3372232,worker_0,W005,IdentifyPrimaryObjects,step_started,started,26.666666666666668,4,15
ExampleColocalization,4,16,1791418382.344612,3372238,worker_3,W008,MeasureColocalization,pattern_group,running,50.0,1,2
ExampleColocalization,4,16,1791418382.508881,3372236,worker_2,W007,MeasureColocalization,pattern_group,running,100.0,2,2
ExampleColocalization,4,16,1791418382.5094564,3372236,worker_2,W007,MeasureColocalization,step_completed,success,26.666666666666668,4,15
ExampleColocalization,4,16,1791418382.5100074,3372236,worker_2,W007,IdentifyPrimaryObjects,step_started,started,26.666666666666668,4,15
ExampleColocalization,4,16,1791418382.5628502,3372234,worker_1,W006,MeasureColocalization,pattern_group,running,100.0,2,2
ExampleColocalization,4,16,1791418382.5633337,3372234,worker_1,W006,MeasureColocalization,step_completed,success,26.666666666666668,4,15
ExampleColocalization,4,16,1791418382.5638132,3372234,worker_1,W006,IdentifyPrimaryObjects,step_started,started,26.666666666666668,4,15
ExampleColocalization,4,16,1791418382.6426516,3372232,worker_0,W005,IdentifyPrimaryObjects,pattern_group,running,50.0,1,2
ExampleColocalization,4,16,1791418382.68065,3372238,worker_3,W008,MeasureColocalization,pattern_group,running,100.0,2,2
ExampleColocalization,4,16,1791418382.6815894,3372238,worker_3,W008,MeasureColocalization,step_completed,success,26.666666666666668,4,15
ExampleColocalization,4,16,1791418382.6823041,3372238,worker_3,W008,IdentifyPrimaryObjects,step_started,started,26.666666666666668,4,15
ExampleColocalization,4,16,1791418382.908897,3372236,worker_2,W007,IdentifyPrimaryObjects,pattern_group,running,50.0,1,2
ExampleColocalization,4,16,1791418382.9589405,3372234,worker_1,W006,IdentifyPrimaryObjects,pattern_group,running,50.0,1,2
ExampleColocalization,4,16,1791418383.2206414,3372238,worker_3,W008,IdentifyPrimaryObjects,pattern_group,running,50.0,1,2
ExampleColocalization,4,16,1791418383.2656538,3372232,worker_0,W005,IdentifyPrimaryObjects,pattern_group,running,100.0,2,2
ExampleColocalization,4,16,1791418383.2668567,3372232,worker_0,W005,IdentifyPrimaryObjects,step_completed,success,33.33333333333333,5,15
ExampleColocalization,4,16,1791418383.2680964,3372232,worker_0,W005,RelateObjects,step_started,started,33.33333333333333,5,15
ExampleColocalization,4,16,1791418383.420524,3372232,worker_0,W005,RelateObjects,pattern_group,running,100.0,1,1
ExampleColocalization,4,16,1791418383.4212646,3372232,worker_0,W005,RelateObjects,step_completed,success,40.0,6,15
ExampleColocalization,4,16,1791418383.4219668,3372232,worker_0,W005,ExpandOrShrinkObjects,step_started,started,40.0,6,15
ExampleColocalization,4,16,1791418383.464238,3372232,worker_0,W005,ExpandOrShrinkObjects,pattern_group,running,50.0,1,2
ExampleColocalization,4,16,1791418383.5078356,3372232,worker_0,W005,ExpandOrShrinkObjects,pattern_group,running,100.0,2,2
ExampleColocalization,4,16,1791418383.508732,3372232,worker_0,W005,ExpandOrShrinkObjects,step_completed,success,46.666666666666664,7,15
ExampleColocalization,4,16,1791418383.5093684,3372232,worker_0,W005,ExpandOrShrinkObjects,step_started,started,46.666666666666664,7,15
ExampleColocalization,4,16,1791418383.5609791,3372232,worker_0,W005,ExpandOrShrinkObjects,pattern_group,running,50.0,1,2
ExampleColocalization,4,16,1791418383.582938,3372236,worker_2,W007,IdentifyPrimaryObjects,pattern_group,running,100.0,2,2
ExampleColocalization,4,16,1791418383.5842235,3372236,worker_2,W007,IdentifyPrimaryObjects,step_completed,success,33.33333333333333,5,15
ExampleColocalization,4,16,1791418383.585441,3372236,worker_2,W007,RelateObjects,step_started,started,33.33333333333333,5,15
ExampleColocalization,4,16,1791418383.6278346,3372232,worker_0,W005,ExpandOrShrinkObjects,pattern_group,running,100.0,2,2
ExampleColocalization,4,16,1791418383.6292598,3372232,worker_0,W005,ExpandOrShrinkObjects,step_completed,success,53.333333333333336,8,15
ExampleColocalization,4,16,1791418383.6304188,3372232,worker_0,W005,RelateObjects,step_started,started,53.333333333333336,8,15
ExampleColocalization,4,16,1791418383.7000535,3372234,worker_1,W006,IdentifyPrimaryObjects,pattern_group,running,100.0,2,2
ExampleColocalization,4,16,1791418383.701162,3372234,worker_1,W006,IdentifyPrimaryObjects,step_completed,success,33.33333333333333,5,15
ExampleColocalization,4,16,1791418383.70222,3372234,worker_1,W006,RelateObjects,step_started,started,33.33333333333333,5,15
ExampleColocalization,4,16,1791418383.7192054,3372236,worker_2,W007,RelateObjects,pattern_group,running,100.0,1,1
ExampleColocalization,4,16,1791418383.7197306,3372236,worker_2,W007,RelateObjects,step_completed,success,40.0,6,15
ExampleColocalization,4,16,1791418383.720257,3372236,worker_2,W007,ExpandOrShrinkObjects,step_started,started,40.0,6,15
ExampleColocalization,4,16,1791418383.74158,3372232,worker_0,W005,RelateObjects,pattern_group,running,100.0,1,1
ExampleColocalization,4,16,1791418383.7421103,3372232,worker_0,W005,RelateObjects,step_completed,success,60.0,9,15
ExampleColocalization,4,16,1791418383.747573,3372232,worker_0,W005,ClassifyObjects,step_started,started,60.0,9,15
ExampleColocalization,4,16,1791418383.746361,3372238,worker_3,W008,IdentifyPrimaryObjects,pattern_group,running,100.0,2,2
ExampleColocalization,4,16,1791418383.7474043,3372238,worker_3,W008,IdentifyPrimaryObjects,step_completed,success,33.33333333333333,5,15
ExampleColocalization,4,16,1791418383.7534776,3372236,worker_2,W007,ExpandOrShrinkObjects,pattern_group,running,50.0,1,2
ExampleColocalization,4,16,1791418383.748482,3372238,worker_3,W008,RelateObjects,step_started,started,33.33333333333333,5,15
ExampleColocalization,4,16,1791418383.7888706,3372236,worker_2,W007,ExpandOrShrinkObjects,pattern_group,running,100.0,2,2
ExampleColocalization,4,16,1791418383.7895389,3372236,worker_2,W007,ExpandOrShrinkObjects,step_completed,success,46.666666666666664,7,15
ExampleColocalization,4,16,1791418383.790189,3372236,worker_2,W007,ExpandOrShrinkObjects,step_started,started,46.666666666666664,7,15
ExampleColocalization,4,16,1791418383.8273373,3372234,worker_1,W006,RelateObjects,pattern_group,running,100.0,1,1
ExampleColocalization,4,16,1791418383.8278425,3372234,worker_1,W006,RelateObjects,step_completed,success,40.0,6,15
ExampleColocalization,4,16,1791418383.8283641,3372234,worker_1,W006,ExpandOrShrinkObjects,step_started,started,40.0,6,15
ExampleColocalization,4,16,1791418383.8298225,3372236,worker_2,W007,ExpandOrShrinkObjects,pattern_group,running,50.0,1,2
ExampleColocalization,4,16,1791418383.8327062,3372232,worker_0,W005,ClassifyObjects,pattern_group,running,100.0,1,1
ExampleColocalization,4,16,1791418383.8336897,3372232,worker_0,W005,ClassifyObjects,step_completed,success,66.66666666666666,10,15
ExampleColocalization,4,16,1791418383.8346248,3372232,worker_0,W005,FilterObjects,step_started,started,66.66666666666666,10,15
ExampleColocalization,4,16,1791418383.8655167,3372234,worker_1,W006,ExpandOrShrinkObjects,pattern_group,running,50.0,1,2
ExampleColocalization,4,16,1791418383.881327,3372238,worker_3,W008,RelateObjects,pattern_group,running,100.0,1,1
ExampleColocalization,4,16,1791418383.8821597,3372238,worker_3,W008,RelateObjects,step_completed,success,40.0,6,15
ExampleColocalization,4,16,1791418383.882918,3372238,worker_3,W008,ExpandOrShrinkObjects,step_started,started,40.0,6,15
ExampleColocalization,4,16,1791418383.9033973,3372234,worker_1,W006,ExpandOrShrinkObjects,pattern_group,running,100.0,2,2
ExampleColocalization,4,16,1791418383.9041848,3372234,worker_1,W006,ExpandOrShrinkObjects,step_completed,success,46.666666666666664,7,15
ExampleColocalization,4,16,1791418383.904847,3372234,worker_1,W006,ExpandOrShrinkObjects,step_started,started,46.666666666666664,7,15
ExampleColocalization,4,16,1791418383.9217715,3372238,worker_3,W008,ExpandOrShrinkObjects,pattern_group,running,50.0,1,2
ExampleColocalization,4,16,1791418383.953481,3372234,worker_1,W006,ExpandOrShrinkObjects,pattern_group,running,50.0,1,2
ExampleColocalization,4,16,1791418383.9610934,3372238,worker_3,W008,ExpandOrShrinkObjects,pattern_group,running,100.0,2,2
ExampleColocalization,4,16,1791418383.9619884,3372238,worker_3,W008,ExpandOrShrinkObjects,step_completed,success,46.666666666666664,7,15
ExampleColocalization,4,16,1791418383.9626667,3372238,worker_3,W008,ExpandOrShrinkObjects,step_started,started,46.666666666666664,7,15
ExampleColocalization,4,16,1791418383.9726045,3372232,worker_0,W005,FilterObjects,pattern_group,running,100.0,1,1
ExampleColocalization,4,16,1791418383.9736152,3372232,worker_0,W005,FilterObjects,step_completed,success,73.33333333333333,11,15
ExampleColocalization,4,16,1791418383.9752817,3372232,worker_0,W005,MaskObjects,step_started,started,73.33333333333333,11,15
ExampleColocalization,4,16,1791418384.017527,3372238,worker_3,W008,ExpandOrShrinkObjects,pattern_group,running,50.0,1,2
ExampleColocalization,4,16,1791418384.0234764,3372236,worker_2,W007,ExpandOrShrinkObjects,pattern_group,running,100.0,2,2
ExampleColocalization,4,16,1791418384.0246108,3372236,worker_2,W007,ExpandOrShrinkObjects,step_completed,success,53.333333333333336,8,15
ExampleColocalization,4,16,1791418384.0256739,3372236,worker_2,W007,RelateObjects,step_started,started,53.333333333333336,8,15
ExampleColocalization,4,16,1791418384.0464706,3372234,worker_1,W006,ExpandOrShrinkObjects,pattern_group,running,100.0,2,2
ExampleColocalization,4,16,1791418384.047231,3372234,worker_1,W006,ExpandOrShrinkObjects,step_completed,success,53.333333333333336,8,15
ExampleColocalization,4,16,1791418384.0482109,3372234,worker_1,W006,RelateObjects,step_started,started,53.333333333333336,8,15
ExampleColocalization,4,16,1791418384.0769932,3372238,worker_3,W008,ExpandOrShrinkObjects,pattern_group,running,100.0,2,2
ExampleColocalization,4,16,1791418384.0778832,3372238,worker_3,W008,ExpandOrShrinkObjects,step_completed,success,53.333333333333336,8,15
ExampleColocalization,4,16,1791418384.0789883,3372238,worker_3,W008,RelateObjects,step_started,started,53.333333333333336,8,15
ExampleColocalization,4,16,1791418384.0878484,3372232,worker_0,W005,MaskObjects,pattern_group,running,100.0,1,1
ExampleColocalization,4,16,1791418384.0886338,3372232,worker_0,W005,MaskObjects,step_completed,success,80.0,12,15
ExampleColocalization,4,16,1791418384.089819,3372232,worker_0,W005,MeasureImageAreaOccupied,step_started,started,80.0,12,15
ExampleColocalization,4,16,1791418384.1313324,3372232,worker_0,W005,MeasureImageAreaOccupied,pattern_group,running,100.0,1,1
ExampleColocalization,4,16,1791418384.1316078,3372232,worker_0,W005,MeasureImageAreaOccupied,step_completed,success,86.66666666666667,13,15
ExampleColocalization,4,16,1791418384.1364098,3372232,worker_0,W005,CalculateMath,step_started,started,86.66666666666667,13,15
ExampleColocalization,4,16,1791418384.139195,3372236,worker_2,W007,RelateObjects,pattern_group,running,100.0,1,1
ExampleColocalization,4,16,1791418384.1396523,3372236,worker_2,W007,RelateObjects,step_completed,success,60.0,9,15
ExampleColocalization,4,16,1791418384.1454701,3372236,worker_2,W007,ClassifyObjects,step_started,started,60.0,9,15
ExampleColocalization,4,16,1791418384.1442919,3372232,worker_0,W005,CalculateMath,pattern_group,running,100.0,1,1
ExampleColocalization,4,16,1791418384.144579,3372232,worker_0,W005,CalculateMath,step_completed,success,93.33333333333333,14,15
ExampleColocalization,4,16,1791418384.1457067,3372232,worker_0,W005,pipeline,axis_completed,success,93.33333333333333,14,15
ExampleColocalization,4,16,1791418384.145757,3372232,worker_0,W009,pipeline,axis_started,started,0.0,0,15
ExampleColocalization,4,16,1791418384.151167,3372232,worker_0,W009,CorrectIlluminationCalculate,step_started,started,0.0,0,15
ExampleColocalization,4,16,1791418384.1538239,3372234,worker_1,W006,RelateObjects,pattern_group,running,100.0,1,1
ExampleColocalization,4,16,1791418384.154434,3372234,worker_1,W006,RelateObjects,step_completed,success,60.0,9,15
ExampleColocalization,4,16,1791418384.1597605,3372234,worker_1,W006,ClassifyObjects,step_started,started,60.0,9,15
ExampleColocalization,4,16,1791418384.181041,3372238,worker_3,W008,RelateObjects,pattern_group,running,100.0,1,1
ExampleColocalization,4,16,1791418384.181643,3372238,worker_3,W008,RelateObjects,step_completed,success,60.0,9,15
ExampleColocalization,4,16,1791418384.1876974,3372238,worker_3,W008,ClassifyObjects,step_started,started,60.0,9,15
ExampleColocalization,4,16,1791418384.2368884,3372232,worker_0,W009,CorrectIlluminationCalculate,pattern_group,running,50.0,1,2
ExampleColocalization,4,16,1791418384.2401485,3372236,worker_2,W007,ClassifyObjects,pattern_group,running,100.0,1,1
ExampleColocalization,4,16,1791418384.2407618,3372236,worker_2,W007,ClassifyObjects,step_completed,success,66.66666666666666,10,15
ExampleColocalization,4,16,1791418384.2414443,3372236,worker_2,W007,FilterObjects,step_started,started,66.66666666666666,10,15
ExampleColocalization,4,16,1791418384.2501676,3372234,worker_1,W006,ClassifyObjects,pattern_group,running,100.0,1,1
ExampleColocalization,4,16,1791418384.250605,3372234,worker_1,W006,ClassifyObjects,step_completed,success,66.66666666666666,10,15
ExampleColocalization,4,16,1791418384.2511697,3372234,worker_1,W006,FilterObjects,step_started,started,66.66666666666666,10,15
ExampleColocalization,4,16,1791418384.273843,3372238,worker_3,W008,ClassifyObjects,pattern_group,running,100.0,1,1
ExampleColocalization,4,16,1791418384.2744377,3372238,worker_3,W008,ClassifyObjects,step_completed,success,66.66666666666666,10,15
ExampleColocalization,4,16,1791418384.2751353,3372238,worker_3,W008,FilterObjects,step_started,started,66.66666666666666,10,15
ExampleColocalization,4,16,1791418384.336196,3372232,worker_0,W009,CorrectIlluminationCalculate,pattern_group,running,100.0,2,2
ExampleColocalization,4,16,1791418384.3363814,3372232,worker_0,W009,CorrectIlluminationCalculate,step_completed,success,6.666666666666667,1,15
ExampleColocalization,4,16,1791418384.336805,3372232,worker_0,W009,CorrectIlluminationApply,step_started,started,6.666666666666667,1,15
ExampleColocalization,4,16,1791418384.3680103,3372236,worker_2,W007,FilterObjects,pattern_group,running,100.0,1,1
ExampleColocalization,4,16,1791418384.3686075,3372236,worker_2,W007,FilterObjects,step_completed,success,73.33333333333333,11,15
ExampleColocalization,4,16,1791418384.3695824,3372236,worker_2,W007,MaskObjects,step_started,started,73.33333333333333,11,15
ExampleColocalization,4,16,1791418384.3750448,3372234,worker_1,W006,FilterObjects,pattern_group,running,100.0,1,1
ExampleColocalization,4,16,1791418384.3757875,3372234,worker_1,W006,FilterObjects,step_completed,success,73.33333333333333,11,15
ExampleColocalization,4,16,1791418384.3768735,3372234,worker_1,W006,MaskObjects,step_started,started,73.33333333333333,11,15
ExampleColocalization,4,16,1791418384.404911,3372232,worker_0,W009,CorrectIlluminationApply,pattern_group,running,50.0,1,2
ExampleColocalization,4,16,1791418384.4043214,3372238,worker_3,W008,FilterObjects,pattern_group,running,100.0,1,1
ExampleColocalization,4,16,1791418384.4048882,3372238,worker_3,W008,FilterObjects,step_completed,success,73.33333333333333,11,15
ExampleColocalization,4,16,1791418384.4058936,3372238,worker_3,W008,MaskObjects,step_started,started,73.33333333333333,11,15
ExampleColocalization,4,16,1791418384.4785175,3372236,worker_2,W007,MaskObjects,pattern_group,running,100.0,1,1
ExampleColocalization,4,16,1791418384.479236,3372236,worker_2,W007,MaskObjects,step_completed,success,80.0,12,15
ExampleColocalization,4,16,1791418384.4803405,3372236,worker_2,W007,MeasureImageAreaOccupied,step_started,started,80.0,12,15
ExampleColocalization,4,16,1791418384.4873054,3372232,worker_0,W009,CorrectIlluminationApply,pattern_group,running,100.0,2,2
ExampleColocalization,4,16,1791418384.4874952,3372232,worker_0,W009,CorrectIlluminationApply,step_completed,success,13.333333333333334,2,15
ExampleColocalization,4,16,1791418384.4880605,3372232,worker_0,W009,Align,step_started,started,13.333333333333334,2,15
ExampleColocalization,4,16,1791418384.4874299,3372234,worker_1,W006,MaskObjects,pattern_group,running,100.0,1,1
ExampleColocalization,4,16,1791418384.487943,3372234,worker_1,W006,MaskObjects,step_completed,success,80.0,12,15
ExampleColocalization,4,16,1791418384.489324,3372234,worker_1,W006,MeasureImageAreaOccupied,step_started,started,80.0,12,15
ExampleColocalization,4,16,1791418384.5116944,3372238,worker_3,W008,MaskObjects,pattern_group,running,100.0,1,1
ExampleColocalization,4,16,1791418384.5125482,3372238,worker_3,W008,MaskObjects,step_completed,success,80.0,12,15
ExampleColocalization,4,16,1791418384.514167,3372238,worker_3,W008,MeasureImageAreaOccupied,step_started,started,80.0,12,15
ExampleColocalization,4,16,1791418384.5500078,3372236,worker_2,W007,MeasureImageAreaOccupied,pattern_group,running,100.0,1,1
ExampleColocalization,4,16,1791418384.5504398,3372236,worker_2,W007,MeasureImageAreaOccupied,step_completed,success,86.66666666666667,13,15
ExampleColocalization,4,16,1791418384.558976,3372236,worker_2,W007,CalculateMath,step_started,started,86.66666666666667,13,15
ExampleColocalization,4,16,1791418384.55671,3372234,worker_1,W006,MeasureImageAreaOccupied,pattern_group,running,100.0,1,1
ExampleColocalization,4,16,1791418384.5570357,3372234,worker_1,W006,MeasureImageAreaOccupied,step_completed,success,86.66666666666667,13,15
ExampleColocalization,4,16,1791418384.5653493,3372234,worker_1,W006,CalculateMath,step_started,started,86.66666666666667,13,15
ExampleColocalization,4,16,1791418384.5673966,3372236,worker_2,W007,CalculateMath,pattern_group,running,100.0,1,1
ExampleColocalization,4,16,1791418384.5676708,3372236,worker_2,W007,CalculateMath,step_completed,success,93.33333333333333,14,15
ExampleColocalization,4,16,1791418384.5688808,3372236,worker_2,W007,pipeline,axis_completed,success,93.33333333333333,14,15
ExampleColocalization,4,16,1791418384.5689464,3372236,worker_2,W011,pipeline,axis_started,started,0.0,0,15
ExampleColocalization,4,16,1791418384.5734978,3372236,worker_2,W011,CorrectIlluminationCalculate,step_started,started,0.0,0,15
ExampleColocalization,4,16,1791418384.5681026,3372238,worker_3,W008,MeasureImageAreaOccupied,pattern_group,running,100.0,1,1
ExampleColocalization,4,16,1791418384.5684273,3372238,worker_3,W008,MeasureImageAreaOccupied,step_completed,success,86.66666666666667,13,15
ExampleColocalization,4,16,1791418384.5753512,3372238,worker_3,W008,CalculateMath,step_started,started,86.66666666666667,13,15
ExampleColocalization,4,16,1791418384.57301,3372234,worker_1,W006,CalculateMath,pattern_group,running,100.0,1,1
ExampleColocalization,4,16,1791418384.573294,3372234,worker_1,W006,CalculateMath,step_completed,success,93.33333333333333,14,15
ExampleColocalization,4,16,1791418384.5744479,3372234,worker_1,W006,pipeline,axis_completed,success,93.33333333333333,14,15
ExampleColocalization,4,16,1791418384.5745049,3372234,worker_1,W010,pipeline,axis_started,started,0.0,0,15
ExampleColocalization,4,16,1791418384.5785995,3372234,worker_1,W010,CorrectIlluminationCalculate,step_started,started,0.0,0,15
ExampleColocalization,4,16,1791418384.5829675,3372238,worker_3,W008,CalculateMath,pattern_group,running,100.0,1,1
ExampleColocalization,4,16,1791418384.5832825,3372238,worker_3,W008,CalculateMath,step_completed,success,93.33333333333333,14,15
ExampleColocalization,4,16,1791418384.5844996,3372238,worker_3,W008,pipeline,axis_completed,success,93.33333333333333,14,15
ExampleColocalization,4,16,1791418384.5845532,3372238,worker_3,W012,pipeline,axis_started,started,0.0,0,15
ExampleColocalization,4,16,1791418384.5885222,3372238,worker_3,W012,CorrectIlluminationCalculate,step_started,started,0.0,0,15
ExampleColocalization,4,16,1791418384.6296546,3372232,worker_0,W009,Align,pattern_group,running,50.0,1,2
ExampleColocalization,4,16,1791418384.683541,3372236,worker_2,W011,CorrectIlluminationCalculate,pattern_group,running,50.0,1,2
ExampleColocalization,4,16,1791418384.6893468,3372234,worker_1,W010,CorrectIlluminationCalculate,pattern_group,running,50.0,1,2
ExampleColocalization,4,16,1791418384.6971865,3372238,worker_3,W012,CorrectIlluminationCalculate,pattern_group,running,50.0,1,2
ExampleColocalization,4,16,1791418384.7969344,3372236,worker_2,W011,CorrectIlluminationCalculate,pattern_group,running,100.0,2,2
ExampleColocalization,4,16,1791418384.7972937,3372236,worker_2,W011,CorrectIlluminationCalculate,step_completed,success,6.666666666666667,1,15
ExampleColocalization,4,16,1791418384.7979136,3372236,worker_2,W011,CorrectIlluminationApply,step_started,started,6.666666666666667,1,15
ExampleColocalization,4,16,1791418384.8035192,3372234,worker_1,W010,CorrectIlluminationCalculate,pattern_group,running,100.0,2,2
ExampleColocalization,4,16,1791418384.8042612,3372234,worker_1,W010,CorrectIlluminationCalculate,step_completed,success,6.666666666666667,1,15
ExampleColocalization,4,16,1791418384.8048227,3372234,worker_1,W010,CorrectIlluminationApply,step_started,started,6.666666666666667,1,15
ExampleColocalization,4,16,1791418384.8084054,3372238,worker_3,W012,CorrectIlluminationCalculate,pattern_group,running,100.0,2,2
ExampleColocalization,4,16,1791418384.808579,3372238,worker_3,W012,CorrectIlluminationCalculate,step_completed,success,6.666666666666667,1,15
ExampleColocalization,4,16,1791418384.809005,3372238,worker_3,W012,CorrectIlluminationApply,step_started,started,6.666666666666667,1,15
ExampleColocalization,4,16,1791418384.8296814,3372232,worker_0,W009,Align,pattern_group,running,100.0,2,2
ExampleColocalization,4,16,1791418384.8305495,3372232,worker_0,W009,Align,step_completed,success,20.0,3,15
ExampleColocalization,4,16,1791418384.8312612,3372232,worker_0,W009,MeasureColocalization,step_started,started,20.0,3,15
ExampleColocalization,4,16,1791418384.8804739,3372236,worker_2,W011,CorrectIlluminationApply,pattern_group,running,50.0,1,2
ExampleColocalization,4,16,1791418384.889441,3372234,worker_1,W010,CorrectIlluminationApply,pattern_group,running,50.0,1,2
ExampleColocalization,4,16,1791418384.892842,3372238,worker_3,W012,CorrectIlluminationApply,pattern_group,running,50.0,1,2
ExampleColocalization,4,16,1791418384.9811301,3372236,worker_2,W011,CorrectIlluminationApply,pattern_group,running,100.0,2,2
ExampleColocalization,4,16,1791418384.9814522,3372236,worker_2,W011,CorrectIlluminationApply,step_completed,success,13.333333333333334,2,15
ExampleColocalization,4,16,1791418384.982121,3372236,worker_2,W011,Align,step_started,started,13.333333333333334,2,15
ExampleColocalization,4,16,1791418384.987787,3372238,worker_3,W012,CorrectIlluminationApply,pattern_group,running,100.0,2,2
ExampleColocalization,4,16,1791418384.9880521,3372238,worker_3,W012,CorrectIlluminationApply,step_completed,success,13.333333333333334,2,15
ExampleColocalization,4,16,1791418384.9886878,3372238,worker_3,W012,Align,step_started,started,13.333333333333334,2,15
ExampleColocalization,4,16,1791418384.9892116,3372234,worker_1,W010,CorrectIlluminationApply,pattern_group,running,100.0,2,2
ExampleColocalization,4,16,1791418384.9894128,3372234,worker_1,W010,CorrectIlluminationApply,step_completed,success,13.333333333333334,2,15
ExampleColocalization,4,16,1791418384.9899702,3372234,worker_1,W010,Align,step_started,started,13.333333333333334,2,15
ExampleColocalization,4,16,1791418385.100073,3372232,worker_0,W009,MeasureColocalization,pattern_group,running,50.0,1,2
ExampleColocalization,4,16,1791418385.1196828,3372236,worker_2,W011,Align,pattern_group,running,50.0,1,2
ExampleColocalization,4,16,1791418385.1279035,3372238,worker_3,W012,Align,pattern_group,running,50.0,1,2
ExampleColocalization,4,16,1791418385.1290104,3372234,worker_1,W010,Align,pattern_group,running,50.0,1,2
ExampleColocalization,4,16,1791418385.299928,3372238,worker_3,W012,Align,pattern_group,running,100.0,2,2
ExampleColocalization,4,16,1791418385.3003924,3372238,worker_3,W012,Align,step_completed,success,20.0,3,15
ExampleColocalization,4,16,1791418385.3009405,3372238,worker_3,W012,MeasureColocalization,step_started,started,20.0,3,15
ExampleColocalization,4,16,1791418385.3074331,3372234,worker_1,W010,Align,pattern_group,running,100.0,2,2
ExampleColocalization,4,16,1791418385.3081243,3372234,worker_1,W010,Align,step_completed,success,20.0,3,15
ExampleColocalization,4,16,1791418385.3086846,3372234,worker_1,W010,MeasureColocalization,step_started,started,20.0,3,15
ExampleColocalization,4,16,1791418385.309698,3372236,worker_2,W011,Align,pattern_group,running,100.0,2,2
ExampleColocalization,4,16,1791418385.3101976,3372236,worker_2,W011,Align,step_completed,success,20.0,3,15
ExampleColocalization,4,16,1791418385.3107567,3372236,worker_2,W011,MeasureColocalization,step_started,started,20.0,3,15
ExampleColocalization,4,16,1791418385.3284752,3372232,worker_0,W009,MeasureColocalization,pattern_group,running,100.0,2,2
ExampleColocalization,4,16,1791418385.32926,3372232,worker_0,W009,MeasureColocalization,step_completed,success,26.666666666666668,4,15
ExampleColocalization,4,16,1791418385.3298924,3372232,worker_0,W009,IdentifyPrimaryObjects,step_started,started,26.666666666666668,4,15
ExampleColocalization,4,16,1791418385.6937976,3372236,worker_2,W011,MeasureColocalization,pattern_group,running,50.0,1,2
ExampleColocalization,4,16,1791418385.7036047,3372238,worker_3,W012,MeasureColocalization,pattern_group,running,50.0,1,2
ExampleColocalization,4,16,1791418385.7055666,3372232,worker_0,W009,IdentifyPrimaryObjects,pattern_group,running,50.0,1,2
ExampleColocalization,4,16,1791418385.7266543,3372234,worker_1,W010,MeasureColocalization,pattern_group,running,50.0,1,2
ExampleColocalization,4,16,1791418386.1616468,3372236,worker_2,W011,MeasureColocalization,pattern_group,running,100.0,2,2
ExampleColocalization,4,16,1791418386.1624243,3372236,worker_2,W011,MeasureColocalization,step_completed,success,26.666666666666668,4,15
ExampleColocalization,4,16,1791418386.163398,3372236,worker_2,W011,IdentifyPrimaryObjects,step_started,started,26.666666666666668,4,15
ExampleColocalization,4,16,1791418386.1658795,3372238,worker_3,W012,MeasureColocalization,pattern_group,running,100.0,2,2
ExampleColocalization,4,16,1791418386.166358,3372238,worker_3,W012,MeasureColocalization,step_completed,success,26.666666666666668,4,15
ExampleColocalization,4,16,1791418386.1668398,3372238,worker_3,W012,IdentifyPrimaryObjects,step_started,started,26.666666666666668,4,15
ExampleColocalization,4,16,1791418386.1671157,3372234,worker_1,W010,MeasureColocalization,pattern_group,running,100.0,2,2
ExampleColocalization,4,16,1791418386.1679099,3372234,worker_1,W010,MeasureColocalization,step_completed,success,26.666666666666668,4,15
ExampleColocalization,4,16,1791418386.1684413,3372234,worker_1,W010,IdentifyPrimaryObjects,step_started,started,26.666666666666668,4,15
ExampleColocalization,4,16,1791418386.2647617,3372232,worker_0,W009,IdentifyPrimaryObjects,pattern_group,running,100.0,2,2
ExampleColocalization,4,16,1791418386.2669744,3372232,worker_0,W009,IdentifyPrimaryObjects,step_completed,success,33.33333333333333,5,15
ExampleColocalization,4,16,1791418386.2693727,3372232,worker_0,W009,RelateObjects,step_started,started,33.33333333333333,5,15
ExampleColocalization,4,16,1791418386.4289544,3372232,worker_0,W009,RelateObjects,pattern_group,running,100.0,1,1
ExampleColocalization,4,16,1791418386.429922,3372232,worker_0,W009,RelateObjects,step_completed,success,40.0,6,15
ExampleColocalization,4,16,1791418386.4306755,3372232,worker_0,W009,ExpandOrShrinkObjects,step_started,started,40.0,6,15
ExampleColocalization,4,16,1791418386.479021,3372232,worker_0,W009,ExpandOrShrinkObjects,pattern_group,running,50.0,1,2
ExampleColocalization,4,16,1791418386.5226681,3372232,worker_0,W009,ExpandOrShrinkObjects,pattern_group,running,100.0,2,2
ExampleColocalization,4,16,1791418386.5235379,3372232,worker_0,W009,ExpandOrShrinkObjects,step_completed,success,46.666666666666664,7,15
ExampleColocalization,4,16,1791418386.5244231,3372232,worker_0,W009,ExpandOrShrinkObjects,step_started,started,46.666666666666664,7,15
ExampleColocalization,4,16,1791418386.5551744,3372238,worker_3,W012,IdentifyPrimaryObjects,pattern_group,running,50.0,1,2
ExampleColocalization,4,16,1791418386.5586824,3372234,worker_1,W010,IdentifyPrimaryObjects,pattern_group,running,50.0,1,2
ExampleColocalization,4,16,1791418386.572626,3372236,worker_2,W011,IdentifyPrimaryObjects,pattern_group,running,50.0,1,2
ExampleColocalization,4,16,1791418386.5733185,3372232,worker_0,W009,ExpandOrShrinkObjects,pattern_group,running,50.0,1,2
ExampleColocalization,4,16,1791418386.64469,3372232,worker_0,W009,ExpandOrShrinkObjects,pattern_group,running,100.0,2,2
ExampleColocalization,4,16,1791418386.6457365,3372232,worker_0,W009,ExpandOrShrinkObjects,step_completed,success,53.333333333333336,8,15
ExampleColocalization,4,16,1791418386.64689,3372232,worker_0,W009,RelateObjects,step_started,started,53.333333333333336,8,15
ExampleColocalization,4,16,1791418386.7680361,3372232,worker_0,W009,RelateObjects,pattern_group,running,100.0,1,1
ExampleColocalization,4,16,1791418386.7689075,3372232,worker_0,W009,RelateObjects,step_completed,success,60.0,9,15
ExampleColocalization,4,16,1791418386.7744956,3372232,worker_0,W009,ClassifyObjects,step_started,started,60.0,9,15
ExampleColocalization,4,16,1791418386.8674047,3372232,worker_0,W009,ClassifyObjects,pattern_group,running,100.0,1,1
ExampleColocalization,4,16,1791418386.8679926,3372232,worker_0,W009,ClassifyObjects,step_completed,success,66.66666666666666,10,15
ExampleColocalization,4,16,1791418386.8687582,3372232,worker_0,W009,FilterObjects,step_started,started,66.66666666666666,10,15
ExampleColocalization,4,16,1791418386.9982078,3372232,worker_0,W009,FilterObjects,pattern_group,running,100.0,1,1
ExampleColocalization,4,16,1791418386.999093,3372232,worker_0,W009,FilterObjects,step_completed,success,73.33333333333333,11,15
ExampleColocalization,4,16,1791418387.000266,3372232,worker_0,W009,MaskObjects,step_started,started,73.33333333333333,11,15
ExampleColocalization,4,16,1791418387.0942047,3372234,worker_1,W010,IdentifyPrimaryObjects,pattern_group,running,100.0,2,2
ExampleColocalization,4,16,1791418387.0952792,3372234,worker_1,W010,IdentifyPrimaryObjects,step_completed,success,33.33333333333333,5,15
ExampleColocalization,4,16,1791418387.096434,3372234,worker_1,W010,RelateObjects,step_started,started,33.33333333333333,5,15
ExampleColocalization,4,16,1791418387.0956266,3372238,worker_3,W012,IdentifyPrimaryObjects,pattern_group,running,100.0,2,2
ExampleColocalization,4,16,1791418387.097026,3372238,worker_3,W012,IdentifyPrimaryObjects,step_completed,success,33.33333333333333,5,15
ExampleColocalization,4,16,1791418387.1001573,3372238,worker_3,W012,RelateObjects,step_started,started,33.33333333333333,5,15
ExampleColocalization,4,16,1791418387.1016238,3372232,worker_0,W009,MaskObjects,pattern_group,running,100.0,1,1
ExampleColocalization,4,16,1791418387.1023169,3372232,worker_0,W009,MaskObjects,step_completed,success,80.0,12,15
ExampleColocalization,4,16,1791418387.1038888,3372232,worker_0,W009,MeasureImageAreaOccupied,step_started,started,80.0,12,15
ExampleColocalization,4,16,1791418387.1660619,3372232,worker_0,W009,MeasureImageAreaOccupied,pattern_group,running,100.0,1,1
ExampleColocalization,4,16,1791418387.166376,3372232,worker_0,W009,MeasureImageAreaOccupied,step_completed,success,86.66666666666667,13,15
ExampleColocalization,4,16,1791418387.17413,3372232,worker_0,W009,CalculateMath,step_started,started,86.66666666666667,13,15
ExampleColocalization,4,16,1791418387.182865,3372232,worker_0,W009,CalculateMath,pattern_group,running,100.0,1,1
ExampleColocalization,4,16,1791418387.1831968,3372232,worker_0,W009,CalculateMath,step_completed,success,93.33333333333333,14,15
ExampleColocalization,4,16,1791418387.1844225,3372232,worker_0,W009,pipeline,axis_completed,success,93.33333333333333,14,15
ExampleColocalization,4,16,1791418387.1844773,3372232,worker_0,W013,pipeline,axis_started,started,0.0,0,15
ExampleColocalization,4,16,1791418387.1895335,3372232,worker_0,W013,CorrectIlluminationCalculate,step_started,started,0.0,0,15
ExampleColocalization,4,16,1791418387.2294376,3372234,worker_1,W010,RelateObjects,pattern_group,running,100.0,1,1
ExampleColocalization,4,16,1791418387.230176,3372234,worker_1,W010,RelateObjects,step_completed,success,40.0,6,15
ExampleColocalization,4,16,1791418387.2309165,3372234,worker_1,W010,ExpandOrShrinkObjects,step_started,started,40.0,6,15
ExampleColocalization,4,16,1791418387.237697,3372236,worker_2,W011,IdentifyPrimaryObjects,pattern_group,running,100.0,2,2
ExampleColocalization,4,16,1791418387.2390435,3372236,worker_2,W011,IdentifyPrimaryObjects,step_completed,success,33.33333333333333,5,15
ExampleColocalization,4,16,1791418387.24028,3372236,worker_2,W011,RelateObjects,step_started,started,33.33333333333333,5,15
ExampleColocalization,4,16,1791418387.249644,3372238,worker_3,W012,RelateObjects,pattern_group,running,100.0,1,1
ExampleColocalization,4,16,1791418387.250604,3372238,worker_3,W012,RelateObjects,step_completed,success,40.0,6,15
ExampleColocalization,4,16,1791418387.251398,3372238,worker_3,W012,ExpandOrShrinkObjects,step_started,started,40.0,6,15
ExampleColocalization,4,16,1791418387.2751472,3372234,worker_1,W010,ExpandOrShrinkObjects,pattern_group,running,50.0,1,2
ExampleColocalization,4,16,1791418387.28446,3372232,worker_0,W013,CorrectIlluminationCalculate,pattern_group,running,50.0,1,2
ExampleColocalization,4,16,1791418387.3028598,3372238,worker_3,W012,ExpandOrShrinkObjects,pattern_group,running,50.0,1,2
ExampleColocalization,4,16,1791418387.3143299,3372234,worker_1,W010,ExpandOrShrinkObjects,pattern_group,running,100.0,2,2
ExampleColocalization,4,16,1791418387.315047,3372234,worker_1,W010,ExpandOrShrinkObjects,step_completed,success,46.666666666666664,7,15
ExampleColocalization,4,16,1791418387.3156075,3372234,worker_1,W010,ExpandOrShrinkObjects,step_started,started,46.666666666666664,7,15
ExampleColocalization,4,16,1791418387.340527,3372238,worker_3,W012,ExpandOrShrinkObjects,pattern_group,running,100.0,2,2
ExampleColocalization,4,16,1791418387.341283,3372238,worker_3,W012,ExpandOrShrinkObjects,step_completed,success,46.666666666666664,7,15
ExampleColocalization,4,16,1791418387.3418708,3372238,worker_3,W012,ExpandOrShrinkObjects,step_started,started,46.666666666666664,7,15
ExampleColocalization,4,16,1791418387.3622036,3372234,worker_1,W010,ExpandOrShrinkObjects,pattern_group,running,50.0,1,2
ExampleColocalization,4,16,1791418387.3875282,3372232,worker_0,W013,CorrectIlluminationCalculate,pattern_group,running,100.0,2,2
ExampleColocalization,4,16,1791418387.3878026,3372232,worker_0,W013,CorrectIlluminationCalculate,step_completed,success,6.666666666666667,1,15
ExampleColocalization,4,16,1791418387.3883564,3372232,worker_0,W013,CorrectIlluminationApply,step_started,started,6.666666666666667,1,15
ExampleColocalization,4,16,1791418387.4011679,3372238,worker_3,W012,ExpandOrShrinkObjects,pattern_group,running,50.0,1,2
ExampleColocalization,4,16,1791418387.4052787,3372236,worker_2,W011,RelateObjects,pattern_group,running,100.0,1,1
ExampleColocalization,4,16,1791418387.4065566,3372236,worker_2,W011,RelateObjects,step_completed,success,40.0,6,15
ExampleColocalization,4,16,1791418387.4071772,3372236,worker_2,W011,ExpandOrShrinkObjects,step_started,started,40.0,6,15
ExampleColocalization,4,16,1791418387.4265237,3372234,worker_1,W010,ExpandOrShrinkObjects,pattern_group,running,100.0,2,2
ExampleColocalization,4,16,1791418387.428013,3372234,worker_1,W010,ExpandOrShrinkObjects,step_completed,success,53.333333333333336,8,15
ExampleColocalization,4,16,1791418387.4292397,3372234,worker_1,W010,RelateObjects,step_started,started,53.333333333333336,8,15
ExampleColocalization,4,16,1791418387.4509234,3372236,worker_2,W011,ExpandOrShrinkObjects,pattern_group,running,50.0,1,2
ExampleColocalization,4,16,1791418387.4646206,3372232,worker_0,W013,CorrectIlluminationApply,pattern_group,running,50.0,1,2
ExampleColocalization,4,16,1791418387.4732523,3372238,worker_3,W012,ExpandOrShrinkObjects,pattern_group,running,100.0,2,2
ExampleColocalization,4,16,1791418387.4743772,3372238,worker_3,W012,ExpandOrShrinkObjects,step_completed,success,53.333333333333336,8,15
ExampleColocalization,4,16,1791418387.4762251,3372238,worker_3,W012,RelateObjects,step_started,started,53.333333333333336,8,15
ExampleColocalization,4,16,1791418387.4924724,3372236,worker_2,W011,ExpandOrShrinkObjects,pattern_group,running,100.0,2,2
ExampleColocalization,4,16,1791418387.4931567,3372236,worker_2,W011,ExpandOrShrinkObjects,step_completed,success,46.666666666666664,7,15
ExampleColocalization,4,16,1791418387.4939556,3372236,worker_2,W011,ExpandOrShrinkObjects,step_started,started,46.666666666666664,7,15
ExampleColocalization,4,16,1791418387.5377557,3372236,worker_2,W011,ExpandOrShrinkObjects,pattern_group,running,50.0,1,2
ExampleColocalization,4,16,1791418387.5423927,3372232,worker_0,W013,CorrectIlluminationApply,pattern_group,running,100.0,2,2
ExampleColocalization,4,16,1791418387.542656,3372232,worker_0,W013,CorrectIlluminationApply,step_completed,success,13.333333333333334,2,15
ExampleColocalization,4,16,1791418387.5433164,3372232,worker_0,W013,Align,step_started,started,13.333333333333334,2,15
ExampleColocalization,4,16,1791418387.542885,3372234,worker_1,W010,RelateObjects,pattern_group,running,100.0,1,1
ExampleColocalization,4,16,1791418387.5435233,3372234,worker_1,W010,RelateObjects,step_completed,success,60.0,9,15
ExampleColocalization,4,16,1791418387.5486333,3372234,worker_1,W010,ClassifyObjects,step_started,started,60.0,9,15
ExampleColocalization,4,16,1791418387.5897415,3372236,worker_2,W011,ExpandOrShrinkObjects,pattern_group,running,100.0,2,2
ExampleColocalization,4,16,1791418387.5910017,3372236,worker_2,W011,ExpandOrShrinkObjects,step_completed,success,53.333333333333336,8,15
ExampleColocalization,4,16,1791418387.5920212,3372236,worker_2,W011,RelateObjects,step_started,started,53.333333333333336,8,15
ExampleColocalization,4,16,1791418387.597901,3372238,worker_3,W012,RelateObjects,pattern_group,running,100.0,1,1
ExampleColocalization,4,16,1791418387.5983758,3372238,worker_3,W012,RelateObjects,step_completed,success,60.0,9,15
ExampleColocalization,4,16,1791418387.6041,3372238,worker_3,W012,ClassifyObjects,step_started,started,60.0,9,15
ExampleColocalization,4,16,1791418387.632717,3372234,worker_1,W010,ClassifyObjects,pattern_group,running,100.0,1,1
ExampleColocalization,4,16,1791418387.6331444,3372234,worker_1,W010,ClassifyObjects,step_completed,success,66.66666666666666,10,15
ExampleColocalization,4,16,1791418387.6337152,3372234,worker_1,W010,FilterObjects,step_started,started,66.66666666666666,10,15
ExampleColocalization,4,16,1791418387.6670256,3372232,worker_0,W013,Align,pattern_group,running,50.0,1,2
ExampleColocalization,4,16,1791418387.6971831,3372238,worker_3,W012,ClassifyObjects,pattern_group,running,100.0,1,1
ExampleColocalization,4,16,1791418387.6978538,3372238,worker_3,W012,ClassifyObjects,step_completed,success,66.66666666666666,10,15
ExampleColocalization,4,16,1791418387.6984906,3372238,worker_3,W012,FilterObjects,step_started,started,66.66666666666666,10,15
ExampleColocalization,4,16,1791418387.696359,3372236,worker_2,W011,RelateObjects,pattern_group,running,100.0,1,1
ExampleColocalization,4,16,1791418387.6968422,3372236,worker_2,W011,RelateObjects,step_completed,success,60.0,9,15
ExampleColocalization,4,16,1791418387.6999369,3372236,worker_2,W011,ClassifyObjects,step_started,started,60.0,9,15
ExampleColocalization,4,16,1791418387.7392597,3372234,worker_1,W010,FilterObjects,pattern_group,running,100.0,1,1
ExampleColocalization,4,16,1791418387.7398496,3372234,worker_1,W010,FilterObjects,step_completed,success,73.33333333333333,11,15
ExampleColocalization,4,16,1791418387.7411122,3372234,worker_1,W010,MaskObjects,step_started,started,73.33333333333333,11,15
ExampleColocalization,4,16,1791418387.7886293,3372236,worker_2,W011,ClassifyObjects,pattern_group,running,100.0,1,1
ExampleColocalization,4,16,1791418387.7890596,3372236,worker_2,W011,ClassifyObjects,step_completed,success,66.66666666666666,10,15
ExampleColocalization,4,16,1791418387.7896228,3372236,worker_2,W011,FilterObjects,step_started,started,66.66666666666666,10,15
ExampleColocalization,4,16,1791418387.819503,3372232,worker_0,W013,Align,pattern_group,running,100.0,2,2
ExampleColocalization,4,16,1791418387.8199527,3372232,worker_0,W013,Align,step_completed,success,20.0,3,15
ExampleColocalization,4,16,1791418387.820499,3372232,worker_0,W013,MeasureColocalization,step_started,started,20.0,3,15
ExampleColocalization,4,16,1791418387.819616,3372238,worker_3,W012,FilterObjects,pattern_group,running,100.0,1,1
ExampleColocalization,4,16,1791418387.8201725,3372238,worker_3,W012,FilterObjects,step_completed,success,73.33333333333333,11,15
ExampleColocalization,4,16,1791418387.8216155,3372238,worker_3,W012,MaskObjects,step_started,started,73.33333333333333,11,15
ExampleColocalization,4,16,1791418387.836319,3372234,worker_1,W010,MaskObjects,pattern_group,running,100.0,1,1
ExampleColocalization,4,16,1791418387.836869,3372234,worker_1,W010,MaskObjects,step_completed,success,80.0,12,15
ExampleColocalization,4,16,1791418387.838022,3372234,worker_1,W010,MeasureImageAreaOccupied,step_started,started,80.0,12,15
ExampleColocalization,4,16,1791418387.9041893,3372234,worker_1,W010,MeasureImageAreaOccupied,pattern_group,running,100.0,1,1
ExampleColocalization,4,16,1791418387.9045148,3372234,worker_1,W010,MeasureImageAreaOccupied,step_completed,success,86.66666666666667,13,15
ExampleColocalization,4,16,1791418387.911825,3372234,worker_1,W010,CalculateMath,step_started,started,86.66666666666667,13,15
ExampleColocalization,4,16,1791418387.920412,3372234,worker_1,W010,CalculateMath,pattern_group,running,100.0,1,1
ExampleColocalization,4,16,1791418387.9207227,3372234,worker_1,W010,CalculateMath,step_completed,success,93.33333333333333,14,15
ExampleColocalization,4,16,1791418387.921895,3372234,worker_1,W010,pipeline,axis_completed,success,93.33333333333333,14,15
ExampleColocalization,4,16,1791418387.9219491,3372234,worker_1,W014,pipeline,axis_started,started,0.0,0,15
ExampleColocalization,4,16,1791418387.926095,3372234,worker_1,W014,CorrectIlluminationCalculate,step_started,started,0.0,0,15
ExampleColocalization,4,16,1791418387.9260159,3372236,worker_2,W011,FilterObjects,pattern_group,running,100.0,1,1
ExampleColocalization,4,16,1791418387.9265766,3372236,worker_2,W011,FilterObjects,step_completed,success,73.33333333333333,11,15
ExampleColocalization,4,16,1791418387.92751,3372236,worker_2,W011,MaskObjects,step_started,started,73.33333333333333,11,15
ExampleColocalization,4,16,1791418387.9499552,3372238,worker_3,W012,MaskObjects,pattern_group,running,100.0,1,1
ExampleColocalization,4,16,1791418387.950684,3372238,worker_3,W012,MaskObjects,step_completed,success,80.0,12,15
ExampleColocalization,4,16,1791418387.9521956,3372238,worker_3,W012,MeasureImageAreaOccupied,step_started,started,80.0,12,15
ExampleColocalization,4,16,1791418388.022389,3372234,worker_1,W014,CorrectIlluminationCalculate,pattern_group,running,50.0,1,2
ExampleColocalization,4,16,1791418388.0170653,3372238,worker_3,W012,MeasureImageAreaOccupied,pattern_group,running,100.0,1,1
ExampleColocalization,4,16,1791418388.0174878,3372238,worker_3,W012,MeasureImageAreaOccupied,step_completed,success,86.66666666666667,13,15
ExampleColocalization,4,16,1791418388.0261211,3372238,worker_3,W012,CalculateMath,step_started,started,86.66666666666667,13,15
ExampleColocalization,4,16,1791418388.0359416,3372238,worker_3,W012,CalculateMath,pattern_group,running,100.0,1,1
ExampleColocalization,4,16,1791418388.0363598,3372238,worker_3,W012,CalculateMath,step_completed,success,93.33333333333333,14,15
ExampleColocalization,4,16,1791418388.0375655,3372238,worker_3,W012,pipeline,axis_completed,success,93.33333333333333,14,15
ExampleColocalization,4,16,1791418388.0376177,3372238,worker_3,W016,pipeline,axis_started,started,0.0,0,15
ExampleColocalization,4,16,1791418388.0418725,3372238,worker_3,W016,CorrectIlluminationCalculate,step_started,started,0.0,0,15
ExampleColocalization,4,16,1791418388.0438116,3372236,worker_2,W011,MaskObjects,pattern_group,running,100.0,1,1
ExampleColocalization,4,16,1791418388.0444455,3372236,worker_2,W011,MaskObjects,step_completed,success,80.0,12,15
ExampleColocalization,4,16,1791418388.0454628,3372236,worker_2,W011,MeasureImageAreaOccupied,step_started,started,80.0,12,15
ExampleColocalization,4,16,1791418388.1045842,3372232,worker_0,W013,MeasureColocalization,pattern_group,running,50.0,1,2
ExampleColocalization,4,16,1791418388.1022217,3372236,worker_2,W011,MeasureImageAreaOccupied,pattern_group,running,100.0,1,1
ExampleColocalization,4,16,1791418388.10266,3372236,worker_2,W011,MeasureImageAreaOccupied,step_completed,success,86.66666666666667,13,15
ExampleColocalization,4,16,1791418388.1145697,3372236,worker_2,W011,CalculateMath,step_started,started,86.66666666666667,13,15
ExampleColocalization,4,16,1791418388.127517,3372234,worker_1,W014,CorrectIlluminationCalculate,pattern_group,running,100.0,2,2
ExampleColocalization,4,16,1791418388.12777,3372234,worker_1,W014,CorrectIlluminationCalculate,step_completed,success,6.666666666666667,1,15
ExampleColocalization,4,16,1791418388.1283097,3372234,worker_1,W014,CorrectIlluminationApply,step_started,started,6.666666666666667,1,15
ExampleColocalization,4,16,1791418388.1293335,3372236,worker_2,W011,CalculateMath,pattern_group,running,100.0,1,1
ExampleColocalization,4,16,1791418388.1296465,3372236,worker_2,W011,CalculateMath,step_completed,success,93.33333333333333,14,15
ExampleColocalization,4,16,1791418388.1309974,3372236,worker_2,W011,pipeline,axis_completed,success,93.33333333333333,14,15
ExampleColocalization,4,16,1791418388.131097,3372236,worker_2,W015,pipeline,axis_started,started,0.0,0,15
ExampleColocalization,4,16,1791418388.1374738,3372236,worker_2,W015,CorrectIlluminationCalculate,step_started,started,0.0,0,15
ExampleColocalization,4,16,1791418388.1501973,3372238,worker_3,W016,CorrectIlluminationCalculate,pattern_group,running,50.0,1,2
ExampleColocalization,4,16,1791418388.205555,3372234,worker_1,W014,CorrectIlluminationApply,pattern_group,running,50.0,1,2
ExampleColocalization,4,16,1791418388.2490518,3372236,worker_2,W015,CorrectIlluminationCalculate,pattern_group,running,50.0,1,2
ExampleColocalization,4,16,1791418388.264712,3372238,worker_3,W016,CorrectIlluminationCalculate,pattern_group,running,100.0,2,2
ExampleColocalization,4,16,1791418388.2648947,3372238,worker_3,W016,CorrectIlluminationCalculate,step_completed,success,6.666666666666667,1,15
ExampleColocalization,4,16,1791418388.2653291,3372238,worker_3,W016,CorrectIlluminationApply,step_started,started,6.666666666666667,1,15
ExampleColocalization,4,16,1791418388.3003702,3372234,worker_1,W014,CorrectIlluminationApply,pattern_group,running,100.0,2,2
ExampleColocalization,4,16,1791418388.3005621,3372234,worker_1,W014,CorrectIlluminationApply,step_completed,success,13.333333333333334,2,15
ExampleColocalization,4,16,1791418388.3011906,3372234,worker_1,W014,Align,step_started,started,13.333333333333334,2,15
ExampleColocalization,4,16,1791418388.3517854,3372238,worker_3,W016,CorrectIlluminationApply,pattern_group,running,50.0,1,2
ExampleColocalization,4,16,1791418388.3571734,3372236,worker_2,W015,CorrectIlluminationCalculate,pattern_group,running,100.0,2,2
ExampleColocalization,4,16,1791418388.3573885,3372236,worker_2,W015,CorrectIlluminationCalculate,step_completed,success,6.666666666666667,1,15
ExampleColocalization,4,16,1791418388.357847,3372236,worker_2,W015,CorrectIlluminationApply,step_started,started,6.666666666666667,1,15
ExampleColocalization,4,16,1791418388.4346375,3372236,worker_2,W015,CorrectIlluminationApply,pattern_group,running,50.0,1,2
ExampleColocalization,4,16,1791418388.4347017,3372232,worker_0,W013,MeasureColocalization,pattern_group,running,100.0,2,2
ExampleColocalization,4,16,1791418388.4353032,3372232,worker_0,W013,MeasureColocalization,step_completed,success,26.666666666666668,4,15
ExampleColocalization,4,16,1791418388.435784,3372232,worker_0,W013,IdentifyPrimaryObjects,step_started,started,26.666666666666668,4,15
ExampleColocalization,4,16,1791418388.4409256,3372238,worker_3,W016,CorrectIlluminationApply,pattern_group,running,100.0,2,2
ExampleColocalization,4,16,1791418388.4412124,3372238,worker_3,W016,CorrectIlluminationApply,step_completed,success,13.333333333333334,2,15
ExampleColocalization,4,16,1791418388.441829,3372238,worker_3,W016,Align,step_started,started,13.333333333333334,2,15
ExampleColocalization,4,16,1791418388.4434986,3372234,worker_1,W014,Align,pattern_group,running,50.0,1,2
ExampleColocalization,4,16,1791418388.5200386,3372236,worker_2,W015,CorrectIlluminationApply,pattern_group,running,100.0,2,2
ExampleColocalization,4,16,1791418388.5202327,3372236,worker_2,W015,CorrectIlluminationApply,step_completed,success,13.333333333333334,2,15
ExampleColocalization,4,16,1791418388.5208461,3372236,worker_2,W015,Align,step_started,started,13.333333333333334,2,15
ExampleColocalization,4,16,1791418388.5876627,3372238,worker_3,W016,Align,pattern_group,running,50.0,1,2
ExampleColocalization,4,16,1791418388.6207504,3372234,worker_1,W014,Align,pattern_group,running,100.0,2,2
ExampleColocalization,4,16,1791418388.6211982,3372234,worker_1,W014,Align,step_completed,success,20.0,3,15
ExampleColocalization,4,16,1791418388.6217015,3372234,worker_1,W014,MeasureColocalization,step_started,started,20.0,3,15
ExampleColocalization,4,16,1791418388.660419,3372236,worker_2,W015,Align,pattern_group,running,50.0,1,2
ExampleColocalization,4,16,1791418388.7767985,3372238,worker_3,W016,Align,pattern_group,running,100.0,2,2
ExampleColocalization,4,16,1791418388.7772467,3372238,worker_3,W016,Align,step_completed,success,20.0,3,15
ExampleColocalization,4,16,1791418388.7777498,3372238,worker_3,W016,MeasureColocalization,step_started,started,20.0,3,15
ExampleColocalization,4,16,1791418388.789493,3372232,worker_0,W013,IdentifyPrimaryObjects,pattern_group,running,50.0,1,2
ExampleColocalization,4,16,1791418388.8508418,3372236,worker_2,W015,Align,pattern_group,running,100.0,2,2
ExampleColocalization,4,16,1791418388.851486,3372236,worker_2,W015,Align,step_completed,success,20.0,3,15
ExampleColocalization,4,16,1791418388.8520143,3372236,worker_2,W015,MeasureColocalization,step_started,started,20.0,3,15
ExampleColocalization,4,16,1791418388.9657047,3372234,worker_1,W014,MeasureColocalization,pattern_group,running,50.0,1,2
ExampleColocalization,4,16,1791418389.1383107,3372238,worker_3,W016,MeasureColocalization,pattern_group,running,50.0,1,2
ExampleColocalization,4,16,1791418389.268988,3372236,worker_2,W015,MeasureColocalization,pattern_group,running,50.0,1,2
ExampleColocalization,4,16,1791418389.2918322,3372234,worker_1,W014,MeasureColocalization,pattern_group,running,100.0,2,2
ExampleColocalization,4,16,1791418389.2926743,3372234,worker_1,W014,MeasureColocalization,step_completed,success,26.666666666666668,4,15
ExampleColocalization,4,16,1791418389.2933621,3372234,worker_1,W014,IdentifyPrimaryObjects,step_started,started,26.666666666666668,4,15
ExampleColocalization,4,16,1791418389.345905,3372232,worker_0,W013,IdentifyPrimaryObjects,pattern_group,running,100.0,2,2
ExampleColocalization,4,16,1791418389.347048,3372232,worker_0,W013,IdentifyPrimaryObjects,step_completed,success,33.33333333333333,5,15
ExampleColocalization,4,16,1791418389.3481984,3372232,worker_0,W013,RelateObjects,step_started,started,33.33333333333333,5,15
ExampleColocalization,4,16,1791418389.4843793,3372238,worker_3,W016,MeasureColocalization,pattern_group,running,100.0,2,2
ExampleColocalization,4,16,1791418389.4848952,3372238,worker_3,W016,MeasureColocalization,step_completed,success,26.666666666666668,4,15
ExampleColocalization,4,16,1791418389.4854414,3372238,worker_3,W016,IdentifyPrimaryObjects,step_started,started,26.666666666666668,4,15
ExampleColocalization,4,16,1791418389.4905126,3372232,worker_0,W013,RelateObjects,pattern_group,running,100.0,1,1
ExampleColocalization,4,16,1791418389.491444,3372232,worker_0,W013,RelateObjects,step_completed,success,40.0,6,15
ExampleColocalization,4,16,1791418389.4922965,3372232,worker_0,W013,ExpandOrShrinkObjects,step_started,started,40.0,6,15
ExampleColocalization,4,16,1791418389.5371225,3372232,worker_0,W013,ExpandOrShrinkObjects,pattern_group,running,50.0,1,2
ExampleColocalization,4,16,1791418389.5584948,3372236,worker_2,W015,MeasureColocalization,pattern_group,running,100.0,2,2
ExampleColocalization,4,16,1791418389.5590925,3372236,worker_2,W015,MeasureColocalization,step_completed,success,26.666666666666668,4,15
ExampleColocalization,4,16,1791418389.5596447,3372236,worker_2,W015,IdentifyPrimaryObjects,step_started,started,26.666666666666668,4,15
ExampleColocalization,4,16,1791418389.575954,3372232,worker_0,W013,ExpandOrShrinkObjects,pattern_group,running,100.0,2,2
ExampleColocalization,4,16,1791418389.576719,3372232,worker_0,W013,ExpandOrShrinkObjects,step_completed,success,46.666666666666664,7,15
ExampleColocalization,4,16,1791418389.5774882,3372232,worker_0,W013,ExpandOrShrinkObjects,step_started,started,46.666666666666664,7,15
ExampleColocalization,4,16,1791418389.6406338,3372232,worker_0,W013,ExpandOrShrinkObjects,pattern_group,running,50.0,1,2
ExampleColocalization,4,16,1791418389.6838686,3372234,worker_1,W014,IdentifyPrimaryObjects,pattern_group,running,50.0,1,2
ExampleColocalization,4,16,1791418389.7716653,3372232,worker_0,W013,ExpandOrShrinkObjects,pattern_group,running,100.0,2,2
ExampleColocalization,4,16,1791418389.772599,3372232,worker_0,W013,ExpandOrShrinkObjects,step_completed,success,53.333333333333336,8,15
ExampleColocalization,4,16,1791418389.7737024,3372232,worker_0,W013,RelateObjects,step_started,started,53.333333333333336,8,15
ExampleColocalization,4,16,1791418389.8782237,3372232,worker_0,W013,RelateObjects,pattern_group,running,100.0,1,1
ExampleColocalization,4,16,1791418389.8791888,3372232,worker_0,W013,RelateObjects,step_completed,success,60.0,9,15
ExampleColocalization,4,16,1791418389.8848195,3372232,worker_0,W013,ClassifyObjects,step_started,started,60.0,9,15
ExampleColocalization,4,16,1791418389.9127991,3372238,worker_3,W016,IdentifyPrimaryObjects,pattern_group,running,50.0,1,2
ExampleColocalization,4,16,1791418389.9816895,3372232,worker_0,W013,ClassifyObjects,pattern_group,running,100.0,1,1
ExampleColocalization,4,16,1791418389.9821796,3372232,worker_0,W013,ClassifyObjects,step_completed,success,66.66666666666666,10,15
ExampleColocalization,4,16,1791418389.9827735,3372232,worker_0,W013,FilterObjects,step_started,started,66.66666666666666,10,15
ExampleColocalization,4,16,1791418390.0146322,3372236,worker_2,W015,IdentifyPrimaryObjects,pattern_group,running,50.0,1,2
ExampleColocalization,4,16,1791418390.10947,3372232,worker_0,W013,FilterObjects,pattern_group,running,100.0,1,1
ExampleColocalization,4,16,1791418390.1101058,3372232,worker_0,W013,FilterObjects,step_completed,success,73.33333333333333,11,15
ExampleColocalization,4,16,1791418390.1111717,3372232,worker_0,W013,MaskObjects,step_started,started,73.33333333333333,11,15
ExampleColocalization,4,16,1791418390.2207084,3372232,worker_0,W013,MaskObjects,pattern_group,running,100.0,1,1
ExampleColocalization,4,16,1791418390.2213871,3372232,worker_0,W013,MaskObjects,step_completed,success,80.0,12,15
ExampleColocalization,4,16,1791418390.2227855,3372232,worker_0,W013,MeasureImageAreaOccupied,step_started,started,80.0,12,15
ExampleColocalization,4,16,1791418390.254172,3372234,worker_1,W014,IdentifyPrimaryObjects,pattern_group,running,100.0,2,2
ExampleColocalization,4,16,1791418390.255227,3372234,worker_1,W014,IdentifyPrimaryObjects,step_completed,success,33.33333333333333,5,15
ExampleColocalization,4,16,1791418390.2563922,3372234,worker_1,W014,RelateObjects,step_started,started,33.33333333333333,5,15
ExampleColocalization,4,16,1791418390.3324597,3372232,worker_0,W013,MeasureImageAreaOccupied,pattern_group,running,100.0,1,1
ExampleColocalization,4,16,1791418390.3328412,3372232,worker_0,W013,MeasureImageAreaOccupied,step_completed,success,86.66666666666667,13,15
ExampleColocalization,4,16,1791418390.3373141,3372232,worker_0,W013,CalculateMath,step_started,started,86.66666666666667,13,15
ExampleColocalization,4,16,1791418390.3450394,3372232,worker_0,W013,CalculateMath,pattern_group,running,100.0,1,1
ExampleColocalization,4,16,1791418390.3453333,3372232,worker_0,W013,CalculateMath,step_completed,success,93.33333333333333,14,15
ExampleColocalization,4,16,1791418390.3466854,3372232,worker_0,W013,pipeline,axis_completed,success,93.33333333333333,14,15
ExampleColocalization,4,16,1791418390.4339533,3372234,worker_1,W014,RelateObjects,pattern_group,running,100.0,1,1
ExampleColocalization,4,16,1791418390.434537,3372234,worker_1,W014,RelateObjects,step_completed,success,40.0,6,15
ExampleColocalization,4,16,1791418390.4350922,3372234,worker_1,W014,ExpandOrShrinkObjects,step_started,started,40.0,6,15
ExampleColocalization,4,16,1791418390.4510689,3372238,worker_3,W016,IdentifyPrimaryObjects,pattern_group,running,100.0,2,2
ExampleColocalization,4,16,1791418390.4525363,3372238,worker_3,W016,IdentifyPrimaryObjects,step_completed,success,33.33333333333333,5,15
ExampleColocalization,4,16,1791418390.4540968,3372238,worker_3,W016,RelateObjects,step_started,started,33.33333333333333,5,15
ExampleColocalization,4,16,1791418390.474802,3372234,worker_1,W014,ExpandOrShrinkObjects,pattern_group,running,50.0,1,2
ExampleColocalization,4,16,1791418390.51345,3372234,worker_1,W014,ExpandOrShrinkObjects,pattern_group,running,100.0,2,2
ExampleColocalization,4,16,1791418390.514312,3372234,worker_1,W014,ExpandOrShrinkObjects,step_completed,success,46.666666666666664,7,15
ExampleColocalization,4,16,1791418390.5149665,3372234,worker_1,W014,ExpandOrShrinkObjects,step_started,started,46.666666666666664,7,15
ExampleColocalization,4,16,1791418390.5631711,3372234,worker_1,W014,ExpandOrShrinkObjects,pattern_group,running,50.0,1,2
ExampleColocalization,4,16,1791418390.5679672,3372236,worker_2,W015,IdentifyPrimaryObjects,pattern_group,running,100.0,2,2
ExampleColocalization,4,16,1791418390.5691102,3372236,worker_2,W015,IdentifyPrimaryObjects,step_completed,success,33.33333333333333,5,15
ExampleColocalization,4,16,1791418390.570224,3372236,worker_2,W015,RelateObjects,step_started,started,33.33333333333333,5,15
ExampleColocalization,4,16,1791418390.582918,3372238,worker_3,W016,RelateObjects,pattern_group,running,100.0,1,1
ExampleColocalization,4,16,1791418390.5836644,3372238,worker_3,W016,RelateObjects,step_completed,success,40.0,6,15
ExampleColocalization,4,16,1791418390.584312,3372238,worker_3,W016,ExpandOrShrinkObjects,step_started,started,40.0,6,15
ExampleColocalization,4,16,1791418390.6198897,3372238,worker_3,W016,ExpandOrShrinkObjects,pattern_group,running,50.0,1,2
ExampleColocalization,4,16,1791418390.6275952,3372234,worker_1,W014,ExpandOrShrinkObjects,pattern_group,running,100.0,2,2
ExampleColocalization,4,16,1791418390.6282887,3372234,worker_1,W014,ExpandOrShrinkObjects,step_completed,success,53.333333333333336,8,15
ExampleColocalization,4,16,1791418390.6292174,3372234,worker_1,W014,RelateObjects,step_started,started,53.333333333333336,8,15
ExampleColocalization,4,16,1791418390.6511588,3372238,worker_3,W016,ExpandOrShrinkObjects,pattern_group,running,100.0,2,2
ExampleColocalization,4,16,1791418390.6519382,3372238,worker_3,W016,ExpandOrShrinkObjects,step_completed,success,46.666666666666664,7,15
ExampleColocalization,4,16,1791418390.6525176,3372238,worker_3,W016,ExpandOrShrinkObjects,step_started,started,46.666666666666664,7,15
ExampleColocalization,4,16,1791418390.6937006,3372236,worker_2,W015,RelateObjects,pattern_group,running,100.0,1,1
ExampleColocalization,4,16,1791418390.6941884,3372236,worker_2,W015,RelateObjects,step_completed,success,40.0,6,15
ExampleColocalization,4,16,1791418390.6947,3372236,worker_2,W015,ExpandOrShrinkObjects,step_started,started,40.0,6,15
ExampleColocalization,4,16,1791418390.6971912,3372238,worker_3,W016,ExpandOrShrinkObjects,pattern_group,running,50.0,1,2
ExampleColocalization,4,16,1791418390.7277243,3372236,worker_2,W015,ExpandOrShrinkObjects,pattern_group,running,50.0,1,2
ExampleColocalization,4,16,1791418390.7234936,3372234,worker_1,W014,RelateObjects,pattern_group,running,100.0,1,1
ExampleColocalization,4,16,1791418390.7239518,3372234,worker_1,W014,RelateObjects,step_completed,success,60.0,9,15
ExampleColocalization,4,16,1791418390.7282612,3372234,worker_1,W014,ClassifyObjects,step_started,started,60.0,9,15
ExampleColocalization,4,16,1791418390.756455,3372238,worker_3,W016,ExpandOrShrinkObjects,pattern_group,running,100.0,2,2
ExampleColocalization,4,16,1791418390.7570794,3372238,worker_3,W016,ExpandOrShrinkObjects,step_completed,success,53.333333333333336,8,15
ExampleColocalization,4,16,1791418390.7579207,3372238,worker_3,W016,RelateObjects,step_started,started,53.333333333333336,8,15
ExampleColocalization,4,16,1791418390.7608619,3372236,worker_2,W015,ExpandOrShrinkObjects,pattern_group,running,100.0,2,2
ExampleColocalization,4,16,1791418390.761757,3372236,worker_2,W015,ExpandOrShrinkObjects,step_completed,success,46.666666666666664,7,15
ExampleColocalization,4,16,1791418390.762544,3372236,worker_2,W015,ExpandOrShrinkObjects,step_started,started,46.666666666666664,7,15
ExampleColocalization,4,16,1791418390.8115542,3372236,worker_2,W015,ExpandOrShrinkObjects,pattern_group,running,50.0,1,2
ExampleColocalization,4,16,1791418390.8108613,3372234,worker_1,W014,ClassifyObjects,pattern_group,running,100.0,1,1
ExampleColocalization,4,16,1791418390.8112793,3372234,worker_1,W014,ClassifyObjects,step_completed,success,66.66666666666666,10,15
ExampleColocalization,4,16,1791418390.8118467,3372234,worker_1,W014,FilterObjects,step_started,started,66.66666666666666,10,15
ExampleColocalization,4,16,1791418390.8537838,3372238,worker_3,W016,RelateObjects,pattern_group,running,100.0,1,1
ExampleColocalization,4,16,1791418390.8542542,3372238,worker_3,W016,RelateObjects,step_completed,success,60.0,9,15
ExampleColocalization,4,16,1791418390.8583705,3372238,worker_3,W016,ClassifyObjects,step_started,started,60.0,9,15
ExampleColocalization,4,16,1791418390.8721883,3372236,worker_2,W015,ExpandOrShrinkObjects,pattern_group,running,100.0,2,2
ExampleColocalization,4,16,1791418390.872834,3372236,worker_2,W015,ExpandOrShrinkObjects,step_completed,success,53.333333333333336,8,15
ExampleColocalization,4,16,1791418390.8737073,3372236,worker_2,W015,RelateObjects,step_started,started,53.333333333333336,8,15
ExampleColocalization,4,16,1791418390.9173985,3372234,worker_1,W014,FilterObjects,pattern_group,running,100.0,1,1
ExampleColocalization,4,16,1791418390.9178836,3372234,worker_1,W014,FilterObjects,step_completed,success,73.33333333333333,11,15
ExampleColocalization,4,16,1791418390.9187956,3372234,worker_1,W014,MaskObjects,step_started,started,73.33333333333333,11,15
ExampleColocalization,4,16,1791418390.9330785,3372238,worker_3,W016,ClassifyObjects,pattern_group,running,100.0,1,1
ExampleColocalization,4,16,1791418390.9335938,3372238,worker_3,W016,ClassifyObjects,step_completed,success,66.66666666666666,10,15
ExampleColocalization,4,16,1791418390.934211,3372238,worker_3,W016,FilterObjects,step_started,started,66.66666666666666,10,15
ExampleColocalization,4,16,1791418390.9647644,3372236,worker_2,W015,RelateObjects,pattern_group,running,100.0,1,1
ExampleColocalization,4,16,1791418390.9653156,3372236,worker_2,W015,RelateObjects,step_completed,success,60.0,9,15
ExampleColocalization,4,16,1791418390.9704237,3372236,worker_2,W015,ClassifyObjects,step_started,started,60.0,9,15
ExampleColocalization,4,16,1791418391.0057285,3372234,worker_1,W014,MaskObjects,pattern_group,running,100.0,1,1
ExampleColocalization,4,16,1791418391.0062199,3372234,worker_1,W014,MaskObjects,step_completed,success,80.0,12,15
ExampleColocalization,4,16,1791418391.0071738,3372234,worker_1,W014,MeasureImageAreaOccupied,step_started,started,80.0,12,15
ExampleColocalization,4,16,1791418391.041822,3372238,worker_3,W016,FilterObjects,pattern_group,running,100.0,1,1
ExampleColocalization,4,16,1791418391.0423882,3372238,worker_3,W016,FilterObjects,step_completed,success,73.33333333333333,11,15
ExampleColocalization,4,16,1791418391.043357,3372238,worker_3,W016,MaskObjects,step_started,started,73.33333333333333,11,15
ExampleColocalization,4,16,1791418391.0462635,3372236,worker_2,W015,ClassifyObjects,pattern_group,running,100.0,1,1
ExampleColocalization,4,16,1791418391.0466964,3372236,worker_2,W015,ClassifyObjects,step_completed,success,66.66666666666666,10,15
ExampleColocalization,4,16,1791418391.0472798,3372236,worker_2,W015,FilterObjects,step_started,started,66.66666666666666,10,15
ExampleColocalization,4,16,1791418391.04588,3372234,worker_1,W014,MeasureImageAreaOccupied,pattern_group,running,100.0,1,1
ExampleColocalization,4,16,1791418391.046239,3372234,worker_1,W014,MeasureImageAreaOccupied,step_completed,success,86.66666666666667,13,15
ExampleColocalization,4,16,1791418391.0536594,3372234,worker_1,W014,CalculateMath,step_started,started,86.66666666666667,13,15
ExampleColocalization,4,16,1791418391.061808,3372234,worker_1,W014,CalculateMath,pattern_group,running,100.0,1,1
ExampleColocalization,4,16,1791418391.062101,3372234,worker_1,W014,CalculateMath,step_completed,success,93.33333333333333,14,15
ExampleColocalization,4,16,1791418391.063289,3372234,worker_1,W014,pipeline,axis_completed,success,93.33333333333333,14,15
ExampleColocalization,4,16,1791418391.1317642,3372238,worker_3,W016,MaskObjects,pattern_group,running,100.0,1,1
ExampleColocalization,4,16,1791418391.1324794,3372238,worker_3,W016,MaskObjects,step_completed,success,80.0,12,15
ExampleColocalization,4,16,1791418391.1335156,3372238,worker_3,W016,MeasureImageAreaOccupied,step_started,started,80.0,12,15
ExampleColocalization,4,16,1791418391.1538634,3372236,worker_2,W015,FilterObjects,pattern_group,running,100.0,1,1
ExampleColocalization,4,16,1791418391.154506,3372236,worker_2,W015,FilterObjects,step_completed,success,73.33333333333333,11,15
ExampleColocalization,4,16,1791418391.1555896,3372236,worker_2,W015,MaskObjects,step_started,started,73.33333333333333,11,15
ExampleColocalization,4,16,1791418391.1798174,3372238,worker_3,W016,MeasureImageAreaOccupied,pattern_group,running,100.0,1,1
ExampleColocalization,4,16,1791418391.1801293,3372238,worker_3,W016,MeasureImageAreaOccupied,step_completed,success,86.66666666666667,13,15
ExampleColocalization,4,16,1791418391.1870687,3372238,worker_3,W016,CalculateMath,step_started,started,86.66666666666667,13,15
ExampleColocalization,4,16,1791418391.1955004,3372238,worker_3,W016,CalculateMath,pattern_group,running,100.0,1,1
ExampleColocalization,4,16,1791418391.1958928,3372238,worker_3,W016,CalculateMath,step_completed,success,93.33333333333333,14,15
ExampleColocalization,4,16,1791418391.1971247,3372238,worker_3,W016,pipeline,axis_completed,success,93.33333333333333,14,15
ExampleColocalization,4,16,1791418391.2431667,3372236,worker_2,W015,MaskObjects,pattern_group,running,100.0,1,1
ExampleColocalization,4,16,1791418391.2436883,3372236,worker_2,W015,MaskObjects,step_completed,success,80.0,12,15
ExampleColocalization,4,16,1791418391.2446582,3372236,worker_2,W015,MeasureImageAreaOccupied,step_started,started,80.0,12,15
ExampleColocalization,4,16,1791418391.2795281,3372236,worker_2,W015,MeasureImageAreaOccupied,pattern_group,running,100.0,1,1
ExampleColocalization,4,16,1791418391.2798302,3372236,worker_2,W015,MeasureImageAreaOccupied,step_completed,success,86.66666666666667,13,15
ExampleColocalization,4,16,1791418391.2843707,3372236,worker_2,W015,CalculateMath,step_started,started,86.66666666666667,13,15
ExampleColocalization,4,16,1791418391.290905,3372236,worker_2,W015,CalculateMath,pattern_group,running,100.0,1,1
ExampleColocalization,4,16,1791418391.291179,3372236,worker_2,W015,CalculateMath,step_completed,success,93.33333333333333,14,15
ExampleColocalization,4,16,1791418391.2922757,3372236,worker_2,W015,pipeline,axis_completed,success,93.33333333333333,14,15
ExampleColocalization,4,16,1791418391.6370609,3205011,,,ExportToSpreadsheet,step_started,started,93.33333333333333,14,15
ExampleColocalization,4,16,1791418393.6425924,3205011,,,ExportToSpreadsheet,running,running,93.33333333333333,14,15
ExampleColocalization,4,16,1791418395.6463375,3205011,,,ExportToSpreadsheet,running,running,93.33333333333333,14,15
ExampleColocalization,4,16,1791418397.6515124,3205011,,,ExportToSpreadsheet,running,running,93.33333333333333,14,15
ExampleColocalization,4,16,1791418399.655242,3205011,,,ExportToSpreadsheet,running,running,93.33333333333333,14,15
ExampleColocalization,4,16,1791418401.6586142,3205011,,,ExportToSpreadsheet,running,running,93.33333333333333,14,15
ExampleColocalization,4,16,1791418403.6637952,3205011,,,ExportToSpreadsheet,running,running,93.33333333333333,14,15
ExampleColocalization,4,16,1791418405.4560382,3205011,,,ExportToSpreadsheet,step_completed,success,100.0,15,15
ExampleColocalization,4,16,1791418405.5494933,3205011,,,pipeline,success,success,100.0,15,15
