case_name,worker_count,well_count,timestamp,pid,worker_slot,axis_id,step_name,phase,status,percent,completed,total
cp_tutorial_advanced_segmentation_final,4,16,1791416748.9373798,3205011,,,pipeline,compile,started,0.0,0,16
cp_tutorial_advanced_segmentation_final,4,16,1791416749.0612748,3205011,,,,init,started,0.0,0,1
cp_tutorial_advanced_segmentation_final,4,16,1791416749.4262567,3205011,,W001,compilation,compile,running,6.25,1,16
cp_tutorial_advanced_segmentation_final,4,16,1791416749.4881446,3205011,,W002,compilation,compile,running,12.5,2,16
cp_tutorial_advanced_segmentation_final,4,16,1791416749.5517,3205011,,W003,compilation,compile,running,18.75,3,16
cp_tutorial_advanced_segmentation_final,4,16,1791416749.6141772,3205011,,W004,compilation,compile,running,25.0,4,16
cp_tutorial_advanced_segmentation_final,4,16,1791416749.676145,3205011,,W005,compilation,compile,running,31.25,5,16
cp_tutorial_advanced_segmentation_final,4,16,1791416749.7396653,3205011,,W006,compilation,compile,running,37.5,6,16
cp_tutorial_advanced_segmentation_final,4,16,1791416749.8018425,3205011,,W007,compilation,compile,running,43.75,7,16
cp_tutorial_advanced_segmentation_final,4,16,1791416749.8647997,3205011,,W008,compilation,compile,running,50.0,8,16
cp_tutorial_advanced_segmentation_final,4,16,1791416749.9276588,3205011,,W009,compilation,compile,running,56.25,9,16
cp_tutorial_advanced_segmentation_final,4,16,1791416749.99122,3205011,,W010,compilation,compile,running,62.5,10,16
cp_tutorial_advanced_segmentation_final,4,16,1791416750.0534613,3205011,,W011,compilation,compile,running,68.75,11,16
cp_tutorial_advanced_segmentation_final,4,16,1791416750.1154914,3205011,,W012,compilation,compile,running,75.0,12,16
cp_tutorial_advanced_segmentation_final,4,16,1791416750.181221,3205011,,W013,compilation,compile,running,81.25,13,16
cp_tutorial_advanced_segmentation_final,4,16,1791416750.2446454,3205011,,W014,compilation,compile,running,87.5,14,16
cp_tutorial_advanced_segmentation_final,4,16,1791416750.3075626,3205011,,W015,compilation,compile,running,93.75,15,16
cp_tutorial_advanced_segmentation_final,4,16,1791416750.443243,3205011,,W016,compilation,compile,running,100.0,16,16
cp_tutorial_advanced_segmentation_final,4,16,1791416750.4813902,3205011,,,,init,started,0.0,0,1
cp_tutorial_advanced_segmentation_final,4,16,1791416750.4814794,3205011,,,pipeline,compile,success,100.0,1,16
cp_tutorial_advanced_segmentation_final,4,16,1791416750.481532,3205011,,W001,compilation,compile,success,100.0,1,1
cp_tutorial_advanced_segmentation_final,4,16,1791416750.4815612,3205011,,W002,compilation,compile,success,100.0,1,1
cp_tutorial_advanced_segmentation_final,4,16,1791416750.481587,3205011,,W003,compilation,compile,success,100.0,1,1
cp_tutorial_advanced_segmentation_final,4,16,1791416750.4816117,3205011,,W004,compilation,compile,success,100.0,1,1
cp_tutorial_advanced_segmentation_final,4,16,1791416750.481636,3205011,,W005,compilation,compile,success,100.0,1,1
cp_tutorial_advanced_segmentation_final,4,16,1791416750.48166,3205011,,W006,compilation,compile,success,100.0,1,1
cp_tutorial_advanced_segmentation_final,4,16,1791416750.481684,3205011,,W007,compilation,compile,success,100.0,1,1
cp_tutorial_advanced_segmentation_final,4,16,1791416750.4817078,3205011,,W008,compilation,compile,success,100.0,1,1
cp_tutorial_advanced_segmentation_final,4,16,1791416750.4817317,3205011,,W009,compilation,compile,success,100.0,1,1
cp_tutorial_advanced_segmentation_final,4,16,1791416750.4817548,3205011,,W010,compilation,compile,success,100.0,1,1
cp_tutorial_advanced_segmentation_final,4,16,1791416750.4817784,3205011,,W011,compilation,compile,success,100.0,1,1
cp_tutorial_advanced_segmentation_final,4,16,1791416750.4818025,3205011,,W012,compilation,compile,success,100.0,1,1
cp_tutorial_advanced_segmentation_final,4,16,1791416750.481826,3205011,,W013,compilation,compile,success,100.0,1,1
cp_tutorial_advanced_segmentation_final,4,16,1791416750.4818497,3205011,,W014,compilation,compile,success,100.0,1,1
cp_tutorial_advanced_segmentation_final,4,16,1791416750.481873,3205011,,W015,compilation,compile,success,100.0,1,1
cp_tutorial_advanced_segmentation_final,4,16,1791416750.4818962,3205011,,W016,compilation,compile,success,100.0,1,1
cp_tutorial_advanced_segmentation_final,4,16,1791416750.5171244,3205011,,,,init,started,0.0,0,1
cp_tutorial_advanced_segmentation_final,4,16,1791416750.556187,3227046,worker_0,W001,pipeline,axis_started,started,0.0,0,16
cp_tutorial_advanced_segmentation_final,4,16,1791416750.5629058,3227046,worker_0,W001,CorrectIlluminationApply,step_started,started,0.0,0,16
cp_tutorial_advanced_segmentation_final,4,16,1791416750.5715399,3227048,worker_1,W002,pipeline,axis_started,started,0.0,0,16
cp_tutorial_advanced_segmentation_final,4,16,1791416750.5779111,3227048,worker_1,W002,CorrectIlluminationApply,step_started,started,0.0,0,16
cp_tutorial_advanced_segmentation_final,4,16,1791416750.5895503,3227050,worker_2,W003,pipeline,axis_started,started,0.0,0,16
cp_tutorial_advanced_segmentation_final,4,16,1791416750.5960703,3227050,worker_2,W003,CorrectIlluminationApply,step_started,started,0.0,0,16
cp_tutorial_advanced_segmentation_final,4,16,1791416750.60823,3227052,worker_3,W004,pipeline,axis_started,started,0.0,0,16
cp_tutorial_advanced_segmentation_final,4,16,1791416750.6143374,3227052,worker_3,W004,CorrectIlluminationApply,step_started,started,0.0,0,16
cp_tutorial_advanced_segmentation_final,4,16,1791416750.685443,3227050,worker_2,W003,CorrectIlluminationApply,pattern_group,running,20.0,1,5
cp_tutorial_advanced_segmentation_final,4,16,1791416750.7029386,3227052,worker_3,W004,CorrectIlluminationApply,pattern_group,running,20.0,1,5
cp_tutorial_advanced_segmentation_final,4,16,1791416750.7307873,3227050,worker_2,W003,CorrectIlluminationApply,pattern_group,running,40.0,2,5
cp_tutorial_advanced_segmentation_final,4,16,1791416750.7316396,3227046,worker_0,W001,CorrectIlluminationApply,pattern_group,running,20.0,1,5
cp_tutorial_advanced_segmentation_final,4,16,1791416750.7363374,3227048,worker_1,W002,CorrectIlluminationApply,pattern_group,running,20.0,1,5
cp_tutorial_advanced_segmentation_final,4,16,1791416750.737768,3227052,worker_3,W004,CorrectIlluminationApply,pattern_group,running,40.0,2,5
cp_tutorial_advanced_segmentation_final,4,16,1791416750.769571,3227050,worker_2,W003,CorrectIlluminationApply,pattern_group,running,60.0,3,5
cp_tutorial_advanced_segmentation_final,4,16,1791416750.7697566,3227046,worker_0,W001,CorrectIlluminationApply,pattern_group,running,40.0,2,5
cp_tutorial_advanced_segmentation_final,4,16,1791416750.7729952,3227048,worker_1,W002,CorrectIlluminationApply,pattern_group,running,40.0,2,5
cp_tutorial_advanced_segmentation_final,4,16,1791416750.7736907,3227052,worker_3,W004,CorrectIlluminationApply,pattern_group,running,60.0,3,5
cp_tutorial_advanced_segmentation_final,4,16,1791416750.8085155,3227046,worker_0,W001,CorrectIlluminationApply,pattern_group,running,60.0,3,5
cp_tutorial_advanced_segmentation_final,4,16,1791416750.809568,3227048,worker_1,W002,CorrectIlluminationApply,pattern_group,running,60.0,3,5
cp_tutorial_advanced_segmentation_final,4,16,1791416750.8110647,3227050,worker_2,W003,CorrectIlluminationApply,pattern_group,running,80.0,4,5
cp_tutorial_advanced_segmentation_final,4,16,1791416750.811567,3227052,worker_3,W004,CorrectIlluminationApply,pattern_group,running,80.0,4,5
cp_tutorial_advanced_segmentation_final,4,16,1791416750.8481042,3227048,worker_1,W002,CorrectIlluminationApply,pattern_group,running,80.0,4,5
cp_tutorial_advanced_segmentation_final,4,16,1791416750.8481576,3227046,worker_0,W001,CorrectIlluminationApply,pattern_group,running,80.0,4,5
cp_tutorial_advanced_segmentation_final,4,16,1791416750.8508136,3227052,worker_3,W004,CorrectIlluminationApply,pattern_group,running,100.0,5,5
cp_tutorial_advanced_segmentation_final,4,16,1791416750.8517654,3227052,worker_3,W004,CorrectIlluminationApply,step_completed,success,6.25,1,16
cp_tutorial_advanced_segmentation_final,4,16,1791416750.8524206,3227052,worker_3,W004,IdentifyPrimaryObjects,step_started,started,6.25,1,16
cp_tutorial_advanced_segmentation_final,4,16,1791416750.851033,3227050,worker_2,W003,CorrectIlluminationApply,pattern_group,running,100.0,5,5
cp_tutorial_advanced_segmentation_final,4,16,1791416750.8524244,3227050,worker_2,W003,CorrectIlluminationApply,step_completed,success,6.25,1,16
cp_tutorial_advanced_segmentation_final,4,16,1791416750.8530922,3227050,worker_2,W003,IdentifyPrimaryObjects,step_started,started,6.25,1,16
cp_tutorial_advanced_segmentation_final,4,16,1791416750.887418,3227048,worker_1,W002,CorrectIlluminationApply,pattern_group,running,100.0,5,5
cp_tutorial_advanced_segmentation_final,4,16,1791416750.888532,3227048,worker_1,W002,CorrectIlluminationApply,step_completed,success,6.25,1,16
cp_tutorial_advanced_segmentation_final,4,16,1791416750.8876636,3227046,worker_0,W001,CorrectIlluminationApply,pattern_group,running,100.0,5,5
cp_tutorial_advanced_segmentation_final,4,16,1791416750.8892827,3227048,worker_1,W002,IdentifyPrimaryObjects,step_started,started,6.25,1,16
cp_tutorial_advanced_segmentation_final,4,16,1791416750.8886492,3227046,worker_0,W001,CorrectIlluminationApply,step_completed,success,6.25,1,16
cp_tutorial_advanced_segmentation_final,4,16,1791416750.8893876,3227046,worker_0,W001,IdentifyPrimaryObjects,step_started,started,6.25,1,16
cp_tutorial_advanced_segmentation_final,4,16,1791416751.0067978,3227052,worker_3,W004,IdentifyPrimaryObjects,pattern_group,running,100.0,1,1
cp_tutorial_advanced_segmentation_final,4,16,1791416751.0075545,3227052,worker_3,W004,IdentifyPrimaryObjects,step_completed,success,12.5,2,16
cp_tutorial_advanced_segmentation_final,4,16,1791416751.0084147,3227052,worker_3,W004,IdentifySecondaryObjects,step_started,started,12.5,2,16
cp_tutorial_advanced_segmentation_final,4,16,1791416751.0162213,3227050,worker_2,W003,IdentifyPrimaryObjects,pattern_group,running,100.0,1,1
cp_tutorial_advanced_segmentation_final,4,16,1791416751.0170765,3227050,worker_2,W003,IdentifyPrimaryObjects,step_completed,success,12.5,2,16
cp_tutorial_advanced_segmentation_final,4,16,1791416751.018173,3227050,worker_2,W003,IdentifySecondaryObjects,step_started,started,12.5,2,16
cp_tutorial_advanced_segmentation_final,4,16,1791416751.0441372,3227048,worker_1,W002,IdentifyPrimaryObjects,pattern_group,running,100.0,1,1
cp_tutorial_advanced_segmentation_final,4,16,1791416751.0448587,3227048,worker_1,W002,IdentifyPrimaryObjects,step_completed,success,12.5,2,16
cp_tutorial_advanced_segmentation_final,4,16,1791416751.0457144,3227048,worker_1,W002,IdentifySecondaryObjects,step_started,started,12.5,2,16
cp_tutorial_advanced_segmentation_final,4,16,1791416751.044906,3227046,worker_0,W001,IdentifyPrimaryObjects,pattern_group,running,100.0,1,1
cp_tutorial_advanced_segmentation_final,4,16,1791416751.0455775,3227046,worker_0,W001,IdentifyPrimaryObjects,step_completed,success,12.5,2,16
cp_tutorial_advanced_segmentation_final,4,16,1791416751.0464087,3227046,worker_0,W001,IdentifySecondaryObjects,step_started,started,12.5,2,16
cp_tutorial_advanced_segmentation_final,4,16,1791416751.271386,3227052,worker_3,W004,IdentifySecondaryObjects,pattern_group,running,100.0,1,1
cp_tutorial_advanced_segmentation_final,4,16,1791416751.2724354,3227052,worker_3,W004,IdentifySecondaryObjects,step_completed,success,18.75,3,16
cp_tutorial_advanced_segmentation_final,4,16,1791416751.2733698,3227052,worker_3,W004,IdentifyTertiaryObjects,step_started,started,18.75,3,16
cp_tutorial_advanced_segmentation_final,4,16,1791416751.2957356,3227050,worker_2,W003,IdentifySecondaryObjects,pattern_group,running,100.0,1,1
cp_tutorial_advanced_segmentation_final,4,16,1791416751.296477,3227050,worker_2,W003,IdentifySecondaryObjects,step_completed,success,18.75,3,16
cp_tutorial_advanced_segmentation_final,4,16,1791416751.2972872,3227050,worker_2,W003,IdentifyTertiaryObjects,step_started,started,18.75,3,16
cp_tutorial_advanced_segmentation_final,4,16,1791416751.2994537,3227048,worker_1,W002,IdentifySecondaryObjects,pattern_group,running,100.0,1,1
cp_tutorial_advanced_segmentation_final,4,16,1791416751.3004425,3227048,worker_1,W002,IdentifySecondaryObjects,step_completed,success,18.75,3,16
cp_tutorial_advanced_segmentation_final,4,16,1791416751.3011825,3227048,worker_1,W002,IdentifyTertiaryObjects,step_started,started,18.75,3,16
cp_tutorial_advanced_segmentation_final,4,16,1791416751.3061197,3227046,worker_0,W001,IdentifySecondaryObjects,pattern_group,running,100.0,1,1
cp_tutorial_advanced_segmentation_final,4,16,1791416751.306876,3227046,worker_0,W001,IdentifySecondaryObjects,step_completed,success,18.75,3,16
cp_tutorial_advanced_segmentation_final,4,16,1791416751.3076866,3227046,worker_0,W001,IdentifyTertiaryObjects,step_started,started,18.75,3,16
cp_tutorial_advanced_segmentation_final,4,16,1791416751.3393059,3227052,worker_3,W004,IdentifyTertiaryObjects,pattern_group,running,100.0,1,1
cp_tutorial_advanced_segmentation_final,4,16,1791416751.3402495,3227052,worker_3,W004,IdentifyTertiaryObjects,step_completed,success,25.0,4,16
cp_tutorial_advanced_segmentation_final,4,16,1791416751.341291,3227052,worker_3,W004,EnhanceOrSuppressFeatures,step_started,started,25.0,4,16
cp_tutorial_advanced_segmentation_final,4,16,1791416751.3581228,3227052,worker_3,W004,EnhanceOrSuppressFeatures,pattern_group,running,100.0,1,1
cp_tutorial_advanced_segmentation_final,4,16,1791416751.358324,3227052,worker_3,W004,EnhanceOrSuppressFeatures,step_completed,success,31.25,5,16
cp_tutorial_advanced_segmentation_final,4,16,1791416751.3588798,3227052,worker_3,W004,MaskImage,step_started,started,31.25,5,16
cp_tutorial_advanced_segmentation_final,4,16,1791416751.3635926,3227050,worker_2,W003,IdentifyTertiaryObjects,pattern_group,running,100.0,1,1
cp_tutorial_advanced_segmentation_final,4,16,1791416751.3640401,3227050,worker_2,W003,IdentifyTertiaryObjects,step_completed,success,25.0,4,16
cp_tutorial_advanced_segmentation_final,4,16,1791416751.3647916,3227050,worker_2,W003,EnhanceOrSuppressFeatures,step_started,started,25.0,4,16
cp_tutorial_advanced_segmentation_final,4,16,1791416751.364878,3227048,worker_1,W002,IdentifyTertiaryObjects,pattern_group,running,100.0,1,1
cp_tutorial_advanced_segmentation_final,4,16,1791416751.3652964,3227048,worker_1,W002,IdentifyTertiaryObjects,step_completed,success,25.0,4,16
cp_tutorial_advanced_segmentation_final,4,16,1791416751.3660264,3227048,worker_1,W002,EnhanceOrSuppressFeatures,step_started,started,25.0,4,16
cp_tutorial_advanced_segmentation_final,4,16,1791416751.3670967,3227046,worker_0,W001,IdentifyTertiaryObjects,pattern_group,running,100.0,1,1
cp_tutorial_advanced_segmentation_final,4,16,1791416751.3675637,3227046,worker_0,W001,IdentifyTertiaryObjects,step_completed,success,25.0,4,16
cp_tutorial_advanced_segmentation_final,4,16,1791416751.3683047,3227046,worker_0,W001,EnhanceOrSuppressFeatures,step_started,started,25.0,4,16
cp_tutorial_advanced_segmentation_final,4,16,1791416751.3689845,3227052,worker_3,W004,MaskImage,pattern_group,running,100.0,1,1
cp_tutorial_advanced_segmentation_final,4,16,1791416751.3691459,3227052,worker_3,W004,MaskImage,step_completed,success,37.5,6,16
cp_tutorial_advanced_segmentation_final,4,16,1791416751.3699539,3227052,worker_3,W004,IdentifyPrimaryObjects,step_started,started,37.5,6,16
cp_tutorial_advanced_segmentation_final,4,16,1791416751.3816552,3227048,worker_1,W002,EnhanceOrSuppressFeatures,pattern_group,running,100.0,1,1
cp_tutorial_advanced_segmentation_final,4,16,1791416751.3818831,3227048,worker_1,W002,EnhanceOrSuppressFeatures,step_completed,success,31.25,5,16
cp_tutorial_advanced_segmentation_final,4,16,1791416751.382849,3227048,worker_1,W002,MaskImage,step_started,started,31.25,5,16
cp_tutorial_advanced_segmentation_final,4,16,1791416751.3816574,3227050,worker_2,W003,EnhanceOrSuppressFeatures,pattern_group,running,100.0,1,1
cp_tutorial_advanced_segmentation_final,4,16,1791416751.381878,3227050,worker_2,W003,EnhanceOrSuppressFeatures,step_completed,success,31.25,5,16
cp_tutorial_advanced_segmentation_final,4,16,1791416751.3824806,3227050,worker_2,W003,MaskImage,step_started,started,31.25,5,16
cp_tutorial_advanced_segmentation_final,4,16,1791416751.3825212,3227046,worker_0,W001,EnhanceOrSuppressFeatures,pattern_group,running,100.0,1,1
cp_tutorial_advanced_segmentation_final,4,16,1791416751.382705,3227046,worker_0,W001,EnhanceOrSuppressFeatures,step_completed,success,31.25,5,16
cp_tutorial_advanced_segmentation_final,4,16,1791416751.3832662,3227046,worker_0,W001,MaskImage,step_started,started,31.25,5,16
cp_tutorial_advanced_segmentation_final,4,16,1791416751.3936148,3227048,worker_1,W002,MaskImage,pattern_group,running,100.0,1,1
cp_tutorial_advanced_segmentation_final,4,16,1791416751.3940217,3227048,worker_1,W002,MaskImage,step_completed,success,37.5,6,16
cp_tutorial_advanced_segmentation_final,4,16,1791416751.3947918,3227048,worker_1,W002,IdentifyPrimaryObjects,step_started,started,37.5,6,16
cp_tutorial_advanced_segmentation_final,4,16,1791416751.3947284,3227050,worker_2,W003,MaskImage,pattern_group,running,100.0,1,1
cp_tutorial_advanced_segmentation_final,4,16,1791416751.3950055,3227050,worker_2,W003,MaskImage,step_completed,success,37.5,6,16
cp_tutorial_advanced_segmentation_final,4,16,1791416751.3957553,3227050,worker_2,W003,IdentifyPrimaryObjects,step_started,started,37.5,6,16
cp_tutorial_advanced_segmentation_final,4,16,1791416751.3946655,3227046,worker_0,W001,MaskImage,pattern_group,running,100.0,1,1
cp_tutorial_advanced_segmentation_final,4,16,1791416751.3948185,3227046,worker_0,W001,MaskImage,step_completed,success,37.5,6,16
cp_tutorial_advanced_segmentation_final,4,16,1791416751.3955579,3227046,worker_0,W001,IdentifyPrimaryObjects,step_started,started,37.5,6,16
cp_tutorial_advanced_segmentation_final,4,16,1791416751.4844418,3227052,worker_3,W004,IdentifyPrimaryObjects,pattern_group,running,100.0,1,1
cp_tutorial_advanced_segmentation_final,4,16,1791416751.4850755,3227052,worker_3,W004,IdentifyPrimaryObjects,step_completed,success,43.75,7,16
cp_tutorial_advanced_segmentation_final,4,16,1791416751.486258,3227052,worker_3,W004,MaskImage,step_started,started,43.75,7,16
cp_tutorial_advanced_segmentation_final,4,16,1791416751.4982536,3227052,worker_3,W004,MaskImage,pattern_group,running,100.0,1,1
cp_tutorial_advanced_segmentation_final,4,16,1791416751.498504,3227052,worker_3,W004,MaskImage,step_completed,success,50.0,8,16
cp_tutorial_advanced_segmentation_final,4,16,1791416751.4991052,3227052,worker_3,W004,IdentifyPrimaryObjects,step_started,started,50.0,8,16
cp_tutorial_advanced_segmentation_final,4,16,1791416751.512414,3227048,worker_1,W002,IdentifyPrimaryObjects,pattern_group,running,100.0,1,1
cp_tutorial_advanced_segmentation_final,4,16,1791416751.5130327,3227048,worker_1,W002,IdentifyPrimaryObjects,step_completed,success,43.75,7,16
cp_tutorial_advanced_segmentation_final,4,16,1791416751.5140347,3227048,worker_1,W002,MaskImage,step_started,started,43.75,7,16
cp_tutorial_advanced_segmentation_final,4,16,1791416751.5131145,3227050,worker_2,W003,IdentifyPrimaryObjects,pattern_group,running,100.0,1,1
cp_tutorial_advanced_segmentation_final,4,16,1791416751.5137033,3227050,worker_2,W003,IdentifyPrimaryObjects,step_completed,success,43.75,7,16
cp_tutorial_advanced_segmentation_final,4,16,1791416751.5146976,3227050,worker_2,W003,MaskImage,step_started,started,43.75,7,16
cp_tutorial_advanced_segmentation_final,4,16,1791416751.5130157,3227046,worker_0,W001,IdentifyPrimaryObjects,pattern_group,running,100.0,1,1
cp_tutorial_advanced_segmentation_final,4,16,1791416751.5136168,3227046,worker_0,W001,IdentifyPrimaryObjects,step_completed,success,43.75,7,16
cp_tutorial_advanced_segmentation_final,4,16,1791416751.5146005,3227046,worker_0,W001,MaskImage,step_started,started,43.75,7,16
cp_tutorial_advanced_segmentation_final,4,16,1791416751.5268757,3227048,worker_1,W002,MaskImage,pattern_group,running,100.0,1,1
cp_tutorial_advanced_segmentation_final,4,16,1791416751.527062,3227048,worker_1,W002,MaskImage,step_completed,success,50.0,8,16
cp_tutorial_advanced_segmentation_final,4,16,1791416751.5276418,3227048,worker_1,W002,IdentifyPrimaryObjects,step_started,started,50.0,8,16
cp_tutorial_advanced_segmentation_final,4,16,1791416751.5289166,3227046,worker_0,W001,MaskImage,pattern_group,running,100.0,1,1
cp_tutorial_advanced_segmentation_final,4,16,1791416751.5290768,3227046,worker_0,W001,MaskImage,step_completed,success,50.0,8,16
cp_tutorial_advanced_segmentation_final,4,16,1791416751.5296412,3227046,worker_0,W001,IdentifyPrimaryObjects,step_started,started,50.0,8,16
cp_tutorial_advanced_segmentation_final,4,16,1791416751.530226,3227050,worker_2,W003,MaskImage,pattern_group,running,100.0,1,1
cp_tutorial_advanced_segmentation_final,4,16,1791416751.530404,3227050,worker_2,W003,MaskImage,step_completed,success,50.0,8,16
cp_tutorial_advanced_segmentation_final,4,16,1791416751.530979,3227050,worker_2,W003,IdentifyPrimaryObjects,step_started,started,50.0,8,16
cp_tutorial_advanced_segmentation_final,4,16,1791416751.6120312,3227052,worker_3,W004,IdentifyPrimaryObjects,pattern_group,running,100.0,1,1
cp_tutorial_advanced_segmentation_final,4,16,1791416751.6130614,3227052,worker_3,W004,IdentifyPrimaryObjects,step_completed,success,56.25,9,16
cp_tutorial_advanced_segmentation_final,4,16,1791416751.6144793,3227052,worker_3,W004,MeasureColocalization,step_started,started,56.25,9,16
cp_tutorial_advanced_segmentation_final,4,16,1791416751.6481004,3227048,worker_1,W002,IdentifyPrimaryObjects,pattern_group,running,100.0,1,1
cp_tutorial_advanced_segmentation_final,4,16,1791416751.6488912,3227048,worker_1,W002,IdentifyPrimaryObjects,step_completed,success,56.25,9,16
cp_tutorial_advanced_segmentation_final,4,16,1791416751.6499126,3227048,worker_1,W002,MeasureColocalization,step_started,started,56.25,9,16
cp_tutorial_advanced_segmentation_final,4,16,1791416751.6499977,3227050,worker_2,W003,IdentifyPrimaryObjects,pattern_group,running,100.0,1,1
cp_tutorial_advanced_segmentation_final,4,16,1791416751.6505783,3227050,worker_2,W003,IdentifyPrimaryObjects,step_completed,success,56.25,9,16
cp_tutorial_advanced_segmentation_final,4,16,1791416751.6515727,3227050,worker_2,W003,MeasureColocalization,step_started,started,56.25,9,16
cp_tutorial_advanced_segmentation_final,4,16,1791416751.6490529,3227046,worker_0,W001,IdentifyPrimaryObjects,pattern_group,running,100.0,1,1
cp_tutorial_advanced_segmentation_final,4,16,1791416751.6496427,3227046,worker_0,W001,IdentifyPrimaryObjects,step_completed,success,56.25,9,16
cp_tutorial_advanced_segmentation_final,4,16,1791416751.6506422,3227046,worker_0,W001,MeasureColocalization,step_started,started,56.25,9,16
cp_tutorial_advanced_segmentation_final,4,16,1791416752.3757236,3227052,worker_3,W004,MeasureColocalization,pattern_group,running,50.0,1,2
cp_tutorial_advanced_segmentation_final,4,16,1791416752.4060836,3227050,worker_2,W003,MeasureColocalization,pattern_group,running,50.0,1,2
cp_tutorial_advanced_segmentation_final,4,16,1791416752.4134874,3227048,worker_1,W002,MeasureColocalization,pattern_group,running,50.0,1,2
cp_tutorial_advanced_segmentation_final,4,16,1791416752.4287045,3227046,worker_0,W001,MeasureColocalization,pattern_group,running,50.0,1,2
cp_tutorial_advanced_segmentation_final,4,16,1791416753.0861208,3227052,worker_3,W004,MeasureColocalization,pattern_group,running,100.0,2,2
cp_tutorial_advanced_segmentation_final,4,16,1791416753.0915236,3227052,worker_3,W004,MeasureColocalization,step_completed,success,62.5,10,16
cp_tutorial_advanced_segmentation_final,4,16,1791416753.092163,3227052,worker_3,W004,MeasureObjectIntensity,step_started,started,62.5,10,16
cp_tutorial_advanced_segmentation_final,4,16,1791416753.1041996,3227050,worker_2,W003,MeasureColocalization,pattern_group,running,100.0,2,2
cp_tutorial_advanced_segmentation_final,4,16,1791416753.1095552,3227050,worker_2,W003,MeasureColocalization,step_completed,success,62.5,10,16
cp_tutorial_advanced_segmentation_final,4,16,1791416753.1102085,3227050,worker_2,W003,MeasureObjectIntensity,step_started,started,62.5,10,16
cp_tutorial_advanced_segmentation_final,4,16,1791416753.1257617,3227048,worker_1,W002,MeasureColocalization,pattern_group,running,100.0,2,2
cp_tutorial_advanced_segmentation_final,4,16,1791416753.1311548,3227048,worker_1,W002,MeasureColocalization,step_completed,success,62.5,10,16
cp_tutorial_advanced_segmentation_final,4,16,1791416753.131799,3227048,worker_1,W002,MeasureObjectIntensity,step_started,started,62.5,10,16
cp_tutorial_advanced_segmentation_final,4,16,1791416753.156228,3227046,worker_0,W001,MeasureColocalization,pattern_group,running,100.0,2,2
cp_tutorial_advanced_segmentation_final,4,16,1791416753.162221,3227046,worker_0,W001,MeasureColocalization,step_completed,success,62.5,10,16
cp_tutorial_advanced_segmentation_final,4,16,1791416753.1632926,3227046,worker_0,W001,MeasureObjectIntensity,step_started,started,62.5,10,16
cp_tutorial_advanced_segmentation_final,4,16,1791416753.5516496,3227050,worker_2,W003,MeasureObjectIntensity,pattern_group,running,50.0,1,2
cp_tutorial_advanced_segmentation_final,4,16,1791416753.5623734,3227052,worker_3,W004,MeasureObjectIntensity,pattern_group,running,50.0,1,2
cp_tutorial_advanced_segmentation_final,4,16,1791416753.5884113,3227048,worker_1,W002,MeasureObjectIntensity,pattern_group,running,50.0,1,2
cp_tutorial_advanced_segmentation_final,4,16,1791416753.6362867,3227046,worker_0,W001,MeasureObjectIntensity,pattern_group,running,50.0,1,2
cp_tutorial_advanced_segmentation_final,4,16,1791416753.6664505,3227050,worker_2,W003,MeasureObjectIntensity,pattern_group,running,100.0,2,2
cp_tutorial_advanced_segmentation_final,4,16,1791416753.6698034,3227050,worker_2,W003,MeasureObjectIntensity,step_completed,success,68.75,11,16
cp_tutorial_advanced_segmentation_final,4,16,1791416753.6707013,3227050,worker_2,W003,MeasureObjectIntensityDistribution,step_started,started,68.75,11,16
cp_tutorial_advanced_segmentation_final,4,16,1791416753.6781569,3227052,worker_3,W004,MeasureObjectIntensity,pattern_group,running,100.0,2,2
cp_tutorial_advanced_segmentation_final,4,16,1791416753.68172,3227052,worker_3,W004,MeasureObjectIntensity,step_completed,success,68.75,11,16
cp_tutorial_advanced_segmentation_final,4,16,1791416753.682636,3227052,worker_3,W004,MeasureObjectIntensityDistribution,step_started,started,68.75,11,16
cp_tutorial_advanced_segmentation_final,4,16,1791416753.7157872,3227048,worker_1,W002,MeasureObjectIntensity,pattern_group,running,100.0,2,2
cp_tutorial_advanced_segmentation_final,4,16,1791416753.719097,3227048,worker_1,W002,MeasureObjectIntensity,step_completed,success,68.75,11,16
cp_tutorial_advanced_segmentation_final,4,16,1791416753.7200093,3227048,worker_1,W002,MeasureObjectIntensityDistribution,step_started,started,68.75,11,16
cp_tutorial_advanced_segmentation_final,4,16,1791416753.7659621,3227046,worker_0,W001,MeasureObjectIntensity,pattern_group,running,100.0,2,2
cp_tutorial_advanced_segmentation_final,4,16,1791416753.7692788,3227046,worker_0,W001,MeasureObjectIntensity,step_completed,success,68.75,11,16
cp_tutorial_advanced_segmentation_final,4,16,1791416753.7703483,3227046,worker_0,W001,MeasureObjectIntensityDistribution,step_started,started,68.75,11,16
cp_tutorial_advanced_segmentation_final,4,16,1791416754.0030816,3227050,worker_2,W003,MeasureObjectIntensityDistribution,pattern_group,running,50.0,1,2
cp_tutorial_advanced_segmentation_final,4,16,1791416754.0064747,3227052,worker_3,W004,MeasureObjectIntensityDistribution,pattern_group,running,50.0,1,2
cp_tutorial_advanced_segmentation_final,4,16,1791416754.0515318,3227048,worker_1,W002,MeasureObjectIntensityDistribution,pattern_group,running,50.0,1,2
cp_tutorial_advanced_segmentation_final,4,16,1791416754.0756052,3227050,worker_2,W003,MeasureObjectIntensityDistribution,pattern_group,running,100.0,2,2
cp_tutorial_advanced_segmentation_final,4,16,1791416754.0784752,3227050,worker_2,W003,MeasureObjectIntensityDistribution,step_completed,success,75.0,12,16
cp_tutorial_advanced_segmentation_final,4,16,1791416754.0795724,3227050,worker_2,W003,MeasureObjectSizeShape,step_started,started,75.0,12,16
cp_tutorial_advanced_segmentation_final,4,16,1791416754.078832,3227052,worker_3,W004,MeasureObjectIntensityDistribution,pattern_group,running,100.0,2,2
cp_tutorial_advanced_segmentation_final,4,16,1791416754.0816293,3227052,worker_3,W004,MeasureObjectIntensityDistribution,step_completed,success,75.0,12,16
cp_tutorial_advanced_segmentation_final,4,16,1791416754.0827017,3227052,worker_3,W004,MeasureObjectSizeShape,step_started,started,75.0,12,16
cp_tutorial_advanced_segmentation_final,4,16,1791416754.11579,3227046,worker_0,W001,MeasureObjectIntensityDistribution,pattern_group,running,50.0,1,2
cp_tutorial_advanced_segmentation_final,4,16,1791416754.1220758,3227048,worker_1,W002,MeasureObjectIntensityDistribution,pattern_group,running,100.0,2,2
cp_tutorial_advanced_segmentation_final,4,16,1791416754.12475,3227048,worker_1,W002,MeasureObjectIntensityDistribution,step_completed,success,75.0,12,16
cp_tutorial_advanced_segmentation_final,4,16,1791416754.1257029,3227048,worker_1,W002,MeasureObjectSizeShape,step_started,started,75.0,12,16
cp_tutorial_advanced_segmentation_final,4,16,1791416754.1936553,3227046,worker_0,W001,MeasureObjectIntensityDistribution,pattern_group,running,100.0,2,2
cp_tutorial_advanced_segmentation_final,4,16,1791416754.1963258,3227046,worker_0,W001,MeasureObjectIntensityDistribution,step_completed,success,75.0,12,16
cp_tutorial_advanced_segmentation_final,4,16,1791416754.1972606,3227046,worker_0,W001,MeasureObjectSizeShape,step_started,started,75.0,12,16
cp_tutorial_advanced_segmentation_final,4,16,1791416754.46643,3227050,worker_2,W003,MeasureObjectSizeShape,pattern_group,running,25.0,1,4
cp_tutorial_advanced_segmentation_final,4,16,1791416754.4854517,3227052,worker_3,W004,MeasureObjectSizeShape,pattern_group,running,25.0,1,4
cp_tutorial_advanced_segmentation_final,4,16,1791416754.5116527,3227048,worker_1,W002,MeasureObjectSizeShape,pattern_group,running,25.0,1,4
cp_tutorial_advanced_segmentation_final,4,16,1791416754.5620117,3227050,worker_2,W003,MeasureObjectSizeShape,pattern_group,running,50.0,2,4
cp_tutorial_advanced_segmentation_final,4,16,1791416754.5813136,3227052,worker_3,W004,MeasureObjectSizeShape,pattern_group,running,50.0,2,4
cp_tutorial_advanced_segmentation_final,4,16,1791416754.5866683,3227046,worker_0,W001,MeasureObjectSizeShape,pattern_group,running,25.0,1,4
cp_tutorial_advanced_segmentation_final,4,16,1791416754.6114378,3227048,worker_1,W002,MeasureObjectSizeShape,pattern_group,running,50.0,2,4
cp_tutorial_advanced_segmentation_final,4,16,1791416754.645357,3227050,worker_2,W003,MeasureObjectSizeShape,pattern_group,running,75.0,3,4
cp_tutorial_advanced_segmentation_final,4,16,1791416754.6659272,3227052,worker_3,W004,MeasureObjectSizeShape,pattern_group,running,75.0,3,4
cp_tutorial_advanced_segmentation_final,4,16,1791416754.6840572,3227046,worker_0,W001,MeasureObjectSizeShape,pattern_group,running,50.0,2,4
cp_tutorial_advanced_segmentation_final,4,16,1791416754.687788,3227050,worker_2,W003,MeasureObjectSizeShape,pattern_group,running,100.0,4,4
cp_tutorial_advanced_segmentation_final,4,16,1791416754.6928606,3227050,worker_2,W003,MeasureObjectSizeShape,step_completed,success,81.25,13,16
cp_tutorial_advanced_segmentation_final,4,16,1791416754.6938827,3227050,worker_2,W003,MeasureObjectNeighbors,step_started,started,81.25,13,16
cp_tutorial_advanced_segmentation_final,4,16,1791416754.6979246,3227048,worker_1,W002,MeasureObjectSizeShape,pattern_group,running,75.0,3,4
cp_tutorial_advanced_segmentation_final,4,16,1791416754.7089605,3227052,worker_3,W004,MeasureObjectSizeShape,pattern_group,running,100.0,4,4
cp_tutorial_advanced_segmentation_final,4,16,1791416754.713943,3227052,worker_3,W004,MeasureObjectSizeShape,step_completed,success,81.25,13,16
cp_tutorial_advanced_segmentation_final,4,16,1791416754.7153983,3227052,worker_3,W004,MeasureObjectNeighbors,step_started,started,81.25,13,16
cp_tutorial_advanced_segmentation_final,4,16,1791416754.7416692,3227048,worker_1,W002,MeasureObjectSizeShape,pattern_group,running,100.0,4,4
cp_tutorial_advanced_segmentation_final,4,16,1791416754.7473168,3227048,worker_1,W002,MeasureObjectSizeShape,step_completed,success,81.25,13,16
cp_tutorial_advanced_segmentation_final,4,16,1791416754.7482624,3227048,worker_1,W002,MeasureObjectNeighbors,step_started,started,81.25,13,16
cp_tutorial_advanced_segmentation_final,4,16,1791416754.7757497,3227050,worker_2,W003,MeasureObjectNeighbors,pattern_group,running,33.33333333333333,1,3
cp_tutorial_advanced_segmentation_final,4,16,1791416754.784788,3227046,worker_0,W001,MeasureObjectSizeShape,pattern_group,running,75.0,3,4
cp_tutorial_advanced_segmentation_final,4,16,1791416754.8054621,3227052,worker_3,W004,MeasureObjectNeighbors,pattern_group,running,33.33333333333333,1,3
cp_tutorial_advanced_segmentation_final,4,16,1791416754.8084104,3227048,worker_1,W002,MeasureObjectNeighbors,pattern_group,running,33.33333333333333,1,3
cp_tutorial_advanced_segmentation_final,4,16,1791416754.8239317,3227050,worker_2,W003,MeasureObjectNeighbors,pattern_group,running,66.66666666666666,2,3
cp_tutorial_advanced_segmentation_final,4,16,1791416754.8297122,3227046,worker_0,W001,MeasureObjectSizeShape,pattern_group,running,100.0,4,4
cp_tutorial_advanced_segmentation_final,4,16,1791416754.8354511,3227046,worker_0,W001,MeasureObjectSizeShape,step_completed,success,81.25,13,16
cp_tutorial_advanced_segmentation_final,4,16,1791416754.8364325,3227046,worker_0,W001,MeasureObjectNeighbors,step_started,started,81.25,13,16
cp_tutorial_advanced_segmentation_final,4,16,1791416754.853337,3227052,worker_3,W004,MeasureObjectNeighbors,pattern_group,running,66.66666666666666,2,3
cp_tutorial_advanced_segmentation_final,4,16,1791416754.8556204,3227048,worker_1,W002,MeasureObjectNeighbors,pattern_group,running,66.66666666666666,2,3
cp_tutorial_advanced_segmentation_final,4,16,1791416754.8999221,3227046,worker_0,W001,MeasureObjectNeighbors,pattern_group,running,33.33333333333333,1,3
cp_tutorial_advanced_segmentation_final,4,16,1791416754.90306,3227050,worker_2,W003,MeasureObjectNeighbors,pattern_group,running,100.0,3,3
cp_tutorial_advanced_segmentation_final,4,16,1791416754.90423,3227050,worker_2,W003,MeasureObjectNeighbors,step_completed,success,87.5,14,16
cp_tutorial_advanced_segmentation_final,4,16,1791416754.9049027,3227050,worker_2,W003,RelateObjects,step_started,started,87.5,14,16
cp_tutorial_advanced_segmentation_final,4,16,1791416754.9274113,3227048,worker_1,W002,MeasureObjectNeighbors,pattern_group,running,100.0,3,3
cp_tutorial_advanced_segmentation_final,4,16,1791416754.9285457,3227048,worker_1,W002,MeasureObjectNeighbors,step_completed,success,87.5,14,16
cp_tutorial_advanced_segmentation_final,4,16,1791416754.929203,3227048,worker_1,W002,RelateObjects,step_started,started,87.5,14,16
cp_tutorial_advanced_segmentation_final,4,16,1791416754.9359844,3227052,worker_3,W004,MeasureObjectNeighbors,pattern_group,running,100.0,3,3
cp_tutorial_advanced_segmentation_final,4,16,1791416754.9374278,3227052,worker_3,W004,MeasureObjectNeighbors,step_completed,success,87.5,14,16
cp_tutorial_advanced_segmentation_final,4,16,1791416754.938293,3227052,worker_3,W004,RelateObjects,step_started,started,87.5,14,16
cp_tutorial_advanced_segmentation_final,4,16,1791416754.9499662,3227046,worker_0,W001,MeasureObjectNeighbors,pattern_group,running,66.66666666666666,2,3
cp_tutorial_advanced_segmentation_final,4,16,1791416755.0188289,3227046,worker_0,W001,MeasureObjectNeighbors,pattern_group,running,100.0,3,3
cp_tutorial_advanced_segmentation_final,4,16,1791416755.0199587,3227046,worker_0,W001,MeasureObjectNeighbors,step_completed,success,87.5,14,16
cp_tutorial_advanced_segmentation_final,4,16,1791416755.020621,3227046,worker_0,W001,RelateObjects,step_started,started,87.5,14,16
cp_tutorial_advanced_segmentation_final,4,16,1791416755.1230905,3227050,worker_2,W003,RelateObjects,pattern_group,running,50.0,1,2
cp_tutorial_advanced_segmentation_final,4,16,1791416755.153674,3227048,worker_1,W002,RelateObjects,pattern_group,running,50.0,1,2
cp_tutorial_advanced_segmentation_final,4,16,1791416755.1556034,3227052,worker_3,W004,RelateObjects,pattern_group,running,50.0,1,2
cp_tutorial_advanced_segmentation_final,4,16,1791416755.2361934,3227046,worker_0,W001,RelateObjects,pattern_group,running,50.0,1,2
cp_tutorial_advanced_segmentation_final,4,16,1791416755.65557,3227050,worker_2,W003,RelateObjects,pattern_group,running,100.0,2,2
cp_tutorial_advanced_segmentation_final,4,16,1791416755.6604192,3227050,worker_2,W003,RelateObjects,step_completed,success,93.75,15,16
cp_tutorial_advanced_segmentation_final,4,16,1791416755.6661122,3227050,worker_2,W003,pipeline,axis_completed,success,93.75,15,16
cp_tutorial_advanced_segmentation_final,4,16,1791416755.6661775,3227050,worker_2,W007,pipeline,axis_started,started,0.0,0,16
cp_tutorial_advanced_segmentation_final,4,16,1791416755.6706703,3227050,worker_2,W007,CorrectIlluminationApply,step_started,started,0.0,0,16
cp_tutorial_advanced_segmentation_final,4,16,1791416755.7092962,3227052,worker_3,W004,RelateObjects,pattern_group,running,100.0,2,2
cp_tutorial_advanced_segmentation_final,4,16,1791416755.7142649,3227052,worker_3,W004,RelateObjects,step_completed,success,93.75,15,16
cp_tutorial_advanced_segmentation_final,4,16,1791416755.7095203,3227048,worker_1,W002,RelateObjects,pattern_group,running,100.0,2,2
cp_tutorial_advanced_segmentation_final,4,16,1791416755.7151134,3227048,worker_1,W002,RelateObjects,step_completed,success,93.75,15,16
cp_tutorial_advanced_segmentation_final,4,16,1791416755.717134,3227048,worker_1,W002,pipeline,axis_completed,success,93.75,15,16
cp_tutorial_advanced_segmentation_final,4,16,1791416755.7171915,3227048,worker_1,W006,pipeline,axis_started,started,0.0,0,16
cp_tutorial_advanced_segmentation_final,4,16,1791416755.716607,3227052,worker_3,W004,pipeline,axis_completed,success,93.75,15,16
cp_tutorial_advanced_segmentation_final,4,16,1791416755.7166796,3227052,worker_3,W008,pipeline,axis_started,started,0.0,0,16
cp_tutorial_advanced_segmentation_final,4,16,1791416755.7209833,3227052,worker_3,W008,CorrectIlluminationApply,step_started,started,0.0,0,16
cp_tutorial_advanced_segmentation_final,4,16,1791416755.7215288,3227048,worker_1,W006,CorrectIlluminationApply,step_started,started,0.0,0,16
cp_tutorial_advanced_segmentation_final,4,16,1791416755.737565,3227050,worker_2,W007,CorrectIlluminationApply,pattern_group,running,20.0,1,5
cp_tutorial_advanced_segmentation_final,4,16,1791416755.7659056,3227050,worker_2,W007,CorrectIlluminationApply,pattern_group,running,40.0,2,5
cp_tutorial_advanced_segmentation_final,4,16,1791416755.7685997,3227046,worker_0,W001,RelateObjects,pattern_group,running,100.0,2,2
cp_tutorial_advanced_segmentation_final,4,16,1791416755.7745707,3227046,worker_0,W001,RelateObjects,step_completed,success,93.75,15,16
cp_tutorial_advanced_segmentation_final,4,16,1791416755.776709,3227046,worker_0,W001,pipeline,axis_completed,success,93.75,15,16
cp_tutorial_advanced_segmentation_final,4,16,1791416755.7767746,3227046,worker_0,W005,pipeline,axis_started,started,0.0,0,16
cp_tutorial_advanced_segmentation_final,4,16,1791416755.781719,3227046,worker_0,W005,CorrectIlluminationApply,step_started,started,0.0,0,16
cp_tutorial_advanced_segmentation_final,4,16,1791416755.7855446,3227048,worker_1,W006,CorrectIlluminationApply,pattern_group,running,20.0,1,5
cp_tutorial_advanced_segmentation_final,4,16,1791416755.8014653,3227050,worker_2,W007,CorrectIlluminationApply,pattern_group,running,60.0,3,5
cp_tutorial_advanced_segmentation_final,4,16,1791416755.7969675,3227052,worker_3,W008,CorrectIlluminationApply,pattern_group,running,20.0,1,5
cp_tutorial_advanced_segmentation_final,4,16,1791416755.8183875,3227048,worker_1,W006,CorrectIlluminationApply,pattern_group,running,40.0,2,5
cp_tutorial_advanced_segmentation_final,4,16,1791416755.828428,3227052,worker_3,W008,CorrectIlluminationApply,pattern_group,running,40.0,2,5
cp_tutorial_advanced_segmentation_final,4,16,1791416755.8327675,3227050,worker_2,W007,CorrectIlluminationApply,pattern_group,running,80.0,4,5
cp_tutorial_advanced_segmentation_final,4,16,1791416755.8471563,3227046,worker_0,W005,CorrectIlluminationApply,pattern_group,running,20.0,1,5
cp_tutorial_advanced_segmentation_final,4,16,1791416755.8515468,3227048,worker_1,W006,CorrectIlluminationApply,pattern_group,running,60.0,3,5
cp_tutorial_advanced_segmentation_final,4,16,1791416755.8606284,3227052,worker_3,W008,CorrectIlluminationApply,pattern_group,running,60.0,3,5
cp_tutorial_advanced_segmentation_final,4,16,1791416755.8645527,3227050,worker_2,W007,CorrectIlluminationApply,pattern_group,running,100.0,5,5
cp_tutorial_advanced_segmentation_final,4,16,1791416755.8647752,3227050,worker_2,W007,CorrectIlluminationApply,step_completed,success,6.25,1,16
cp_tutorial_advanced_segmentation_final,4,16,1791416755.8653274,3227050,worker_2,W007,IdentifyPrimaryObjects,step_started,started,6.25,1,16
cp_tutorial_advanced_segmentation_final,4,16,1791416755.8804584,3227046,worker_0,W005,CorrectIlluminationApply,pattern_group,running,40.0,2,5
cp_tutorial_advanced_segmentation_final,4,16,1791416755.8879392,3227048,worker_1,W006,CorrectIlluminationApply,pattern_group,running,80.0,4,5
cp_tutorial_advanced_segmentation_final,4,16,1791416755.8949056,3227052,worker_3,W008,CorrectIlluminationApply,pattern_group,running,80.0,4,5
cp_tutorial_advanced_segmentation_final,4,16,1791416755.914774,3227046,worker_0,W005,CorrectIlluminationApply,pattern_group,running,60.0,3,5
cp_tutorial_advanced_segmentation_final,4,16,1791416755.9240704,3227048,worker_1,W006,CorrectIlluminationApply,pattern_group,running,100.0,5,5
cp_tutorial_advanced_segmentation_final,4,16,1791416755.9243138,3227048,worker_1,W006,CorrectIlluminationApply,step_completed,success,6.25,1,16
cp_tutorial_advanced_segmentation_final,4,16,1791416755.9248466,3227048,worker_1,W006,IdentifyPrimaryObjects,step_started,started,6.25,1,16
cp_tutorial_advanced_segmentation_final,4,16,1791416755.9278328,3227052,worker_3,W008,CorrectIlluminationApply,pattern_group,running,100.0,5,5
cp_tutorial_advanced_segmentation_final,4,16,1791416755.9280522,3227052,worker_3,W008,CorrectIlluminationApply,step_completed,success,6.25,1,16
cp_tutorial_advanced_segmentation_final,4,16,1791416755.9286034,3227052,worker_3,W008,IdentifyPrimaryObjects,step_started,started,6.25,1,16
cp_tutorial_advanced_segmentation_final,4,16,1791416755.9519005,3227046,worker_0,W005,CorrectIlluminationApply,pattern_group,running,80.0,4,5
cp_tutorial_advanced_segmentation_final,4,16,1791416755.9875343,3227050,worker_2,W007,IdentifyPrimaryObjects,pattern_group,running,100.0,1,1
cp_tutorial_advanced_segmentation_final,4,16,1791416755.9881425,3227050,worker_2,W007,IdentifyPrimaryObjects,step_completed,success,12.5,2,16
cp_tutorial_advanced_segmentation_final,4,16,1791416755.9890213,3227050,worker_2,W007,IdentifySecondaryObjects,step_started,started,12.5,2,16
cp_tutorial_advanced_segmentation_final,4,16,1791416755.9886801,3227046,worker_0,W005,CorrectIlluminationApply,pattern_group,running,100.0,5,5
cp_tutorial_advanced_segmentation_final,4,16,1791416755.9889045,3227046,worker_0,W005,CorrectIlluminationApply,step_completed,success,6.25,1,16
cp_tutorial_advanced_segmentation_final,4,16,1791416755.989463,3227046,worker_0,W005,IdentifyPrimaryObjects,step_started,started,6.25,1,16
cp_tutorial_advanced_segmentation_final,4,16,1791416756.0492947,3227048,worker_1,W006,IdentifyPrimaryObjects,pattern_group,running,100.0,1,1
cp_tutorial_advanced_segmentation_final,4,16,1791416756.049289,3227052,worker_3,W008,IdentifyPrimaryObjects,pattern_group,running,100.0,1,1
cp_tutorial_advanced_segmentation_final,4,16,1791416756.0498877,3227048,worker_1,W006,IdentifyPrimaryObjects,step_completed,success,12.5,2,16
cp_tutorial_advanced_segmentation_final,4,16,1791416756.050703,3227048,worker_1,W006,IdentifySecondaryObjects,step_started,started,12.5,2,16
cp_tutorial_advanced_segmentation_final,4,16,1791416756.0498827,3227052,worker_3,W008,IdentifyPrimaryObjects,step_completed,success,12.5,2,16
cp_tutorial_advanced_segmentation_final,4,16,1791416756.0506926,3227052,worker_3,W008,IdentifySecondaryObjects,step_started,started,12.5,2,16
cp_tutorial_advanced_segmentation_final,4,16,1791416756.1010673,3227046,worker_0,W005,IdentifyPrimaryObjects,pattern_group,running,100.0,1,1
cp_tutorial_advanced_segmentation_final,4,16,1791416756.1017,3227046,worker_0,W005,IdentifyPrimaryObjects,step_completed,success,12.5,2,16
cp_tutorial_advanced_segmentation_final,4,16,1791416756.1026826,3227046,worker_0,W005,IdentifySecondaryObjects,step_started,started,12.5,2,16
cp_tutorial_advanced_segmentation_final,4,16,1791416756.2560332,3227050,worker_2,W007,IdentifySecondaryObjects,pattern_group,running,100.0,1,1
cp_tutorial_advanced_segmentation_final,4,16,1791416756.2566392,3227050,worker_2,W007,IdentifySecondaryObjects,step_completed,success,18.75,3,16
cp_tutorial_advanced_segmentation_final,4,16,1791416756.2573245,3227050,worker_2,W007,IdentifyTertiaryObjects,step_started,started,18.75,3,16
cp_tutorial_advanced_segmentation_final,4,16,1791416756.3056445,3227050,worker_2,W007,IdentifyTertiaryObjects,pattern_group,running,100.0,1,1
cp_tutorial_advanced_segmentation_final,4,16,1791416756.3060567,3227050,worker_2,W007,IdentifyTertiaryObjects,step_completed,success,25.0,4,16
cp_tutorial_advanced_segmentation_final,4,16,1791416756.3067832,3227050,worker_2,W007,EnhanceOrSuppressFeatures,step_started,started,25.0,4,16
cp_tutorial_advanced_segmentation_final,4,16,1791416756.310714,3227052,worker_3,W008,IdentifySecondaryObjects,pattern_group,running,100.0,1,1
cp_tutorial_advanced_segmentation_final,4,16,1791416756.3113515,3227052,worker_3,W008,IdentifySecondaryObjects,step_completed,success,18.75,3,16
cp_tutorial_advanced_segmentation_final,4,16,1791416756.3120492,3227052,worker_3,W008,IdentifyTertiaryObjects,step_started,started,18.75,3,16
cp_tutorial_advanced_segmentation_final,4,16,1791416756.318785,3227050,worker_2,W007,EnhanceOrSuppressFeatures,pattern_group,running,100.0,1,1
cp_tutorial_advanced_segmentation_final,4,16,1791416756.3189807,3227050,worker_2,W007,EnhanceOrSuppressFeatures,step_completed,success,31.25,5,16
cp_tutorial_advanced_segmentation_final,4,16,1791416756.3195603,3227050,worker_2,W007,MaskImage,step_started,started,31.25,5,16
cp_tutorial_advanced_segmentation_final,4,16,1791416756.329342,3227050,worker_2,W007,MaskImage,pattern_group,running,100.0,1,1
cp_tutorial_advanced_segmentation_final,4,16,1791416756.3295147,3227050,worker_2,W007,MaskImage,step_completed,success,37.5,6,16
cp_tutorial_advanced_segmentation_final,4,16,1791416756.3302436,3227050,worker_2,W007,IdentifyPrimaryObjects,step_started,started,37.5,6,16
cp_tutorial_advanced_segmentation_final,4,16,1791416756.3372462,3227048,worker_1,W006,IdentifySecondaryObjects,pattern_group,running,100.0,1,1
cp_tutorial_advanced_segmentation_final,4,16,1791416756.3379197,3227048,worker_1,W006,IdentifySecondaryObjects,step_completed,success,18.75,3,16
cp_tutorial_advanced_segmentation_final,4,16,1791416756.3387096,3227048,worker_1,W006,IdentifyTertiaryObjects,step_started,started,18.75,3,16
cp_tutorial_advanced_segmentation_final,4,16,1791416756.3684564,3227052,worker_3,W008,IdentifyTertiaryObjects,pattern_group,running,100.0,1,1
cp_tutorial_advanced_segmentation_final,4,16,1791416756.3691275,3227052,worker_3,W008,IdentifyTertiaryObjects,step_completed,success,25.0,4,16
cp_tutorial_advanced_segmentation_final,4,16,1791416756.3699946,3227052,worker_3,W008,EnhanceOrSuppressFeatures,step_started,started,25.0,4,16
cp_tutorial_advanced_segmentation_final,4,16,1791416756.3824325,3227046,worker_0,W005,IdentifySecondaryObjects,pattern_group,running,100.0,1,1
cp_tutorial_advanced_segmentation_final,4,16,1791416756.3831513,3227046,worker_0,W005,IdentifySecondaryObjects,step_completed,success,18.75,3,16
cp_tutorial_advanced_segmentation_final,4,16,1791416756.3839474,3227046,worker_0,W005,IdentifyTertiaryObjects,step_started,started,18.75,3,16
cp_tutorial_advanced_segmentation_final,4,16,1791416756.384372,3227052,worker_3,W008,EnhanceOrSuppressFeatures,pattern_group,running,100.0,1,1
cp_tutorial_advanced_segmentation_final,4,16,1791416756.384541,3227052,worker_3,W008,EnhanceOrSuppressFeatures,step_completed,success,31.25,5,16
cp_tutorial_advanced_segmentation_final,4,16,1791416756.3851244,3227052,worker_3,W008,MaskImage,step_started,started,31.25,5,16
cp_tutorial_advanced_segmentation_final,4,16,1791416756.3975506,3227052,worker_3,W008,MaskImage,pattern_group,running,100.0,1,1
cp_tutorial_advanced_segmentation_final,4,16,1791416756.3977158,3227052,worker_3,W008,MaskImage,step_completed,success,37.5,6,16
cp_tutorial_advanced_segmentation_final,4,16,1791416756.3984973,3227052,worker_3,W008,IdentifyPrimaryObjects,step_started,started,37.5,6,16
cp_tutorial_advanced_segmentation_final,4,16,1791416756.406073,3227048,worker_1,W006,IdentifyTertiaryObjects,pattern_group,running,100.0,1,1
cp_tutorial_advanced_segmentation_final,4,16,1791416756.406732,3227048,worker_1,W006,IdentifyTertiaryObjects,step_completed,success,25.0,4,16
cp_tutorial_advanced_segmentation_final,4,16,1791416756.4079065,3227048,worker_1,W006,EnhanceOrSuppressFeatures,step_started,started,25.0,4,16
cp_tutorial_advanced_segmentation_final,4,16,1791416756.4229808,3227048,worker_1,W006,EnhanceOrSuppressFeatures,pattern_group,running,100.0,1,1
cp_tutorial_advanced_segmentation_final,4,16,1791416756.423176,3227048,worker_1,W006,EnhanceOrSuppressFeatures,step_completed,success,31.25,5,16
cp_tutorial_advanced_segmentation_final,4,16,1791416756.4237633,3227048,worker_1,W006,MaskImage,step_started,started,31.25,5,16
cp_tutorial_advanced_segmentation_final,4,16,1791416756.4278107,3227050,worker_2,W007,IdentifyPrimaryObjects,pattern_group,running,100.0,1,1
cp_tutorial_advanced_segmentation_final,4,16,1791416756.4287856,3227050,worker_2,W007,IdentifyPrimaryObjects,step_completed,success,43.75,7,16
cp_tutorial_advanced_segmentation_final,4,16,1791416756.4300687,3227050,worker_2,W007,MaskImage,step_started,started,43.75,7,16
cp_tutorial_advanced_segmentation_final,4,16,1791416756.433765,3227048,worker_1,W006,MaskImage,pattern_group,running,100.0,1,1
cp_tutorial_advanced_segmentation_final,4,16,1791416756.4339685,3227048,worker_1,W006,MaskImage,step_completed,success,37.5,6,16
cp_tutorial_advanced_segmentation_final,4,16,1791416756.435155,3227048,worker_1,W006,IdentifyPrimaryObjects,step_started,started,37.5,6,16
cp_tutorial_advanced_segmentation_final,4,16,1791416756.440856,3227046,worker_0,W005,IdentifyTertiaryObjects,pattern_group,running,100.0,1,1
cp_tutorial_advanced_segmentation_final,4,16,1791416756.4412866,3227046,worker_0,W005,IdentifyTertiaryObjects,step_completed,success,25.0,4,16
cp_tutorial_advanced_segmentation_final,4,16,1791416756.4420254,3227046,worker_0,W005,EnhanceOrSuppressFeatures,step_started,started,25.0,4,16
cp_tutorial_advanced_segmentation_final,4,16,1791416756.4416854,3227050,worker_2,W007,MaskImage,pattern_group,running,100.0,1,1
cp_tutorial_advanced_segmentation_final,4,16,1791416756.441871,3227050,worker_2,W007,MaskImage,step_completed,success,50.0,8,16
cp_tutorial_advanced_segmentation_final,4,16,1791416756.4424977,3227050,worker_2,W007,IdentifyPrimaryObjects,step_started,started,50.0,8,16
cp_tutorial_advanced_segmentation_final,4,16,1791416756.4562855,3227046,worker_0,W005,EnhanceOrSuppressFeatures,pattern_group,running,100.0,1,1
cp_tutorial_advanced_segmentation_final,4,16,1791416756.456492,3227046,worker_0,W005,EnhanceOrSuppressFeatures,step_completed,success,31.25,5,16
cp_tutorial_advanced_segmentation_final,4,16,1791416756.4570732,3227046,worker_0,W005,MaskImage,step_started,started,31.25,5,16
cp_tutorial_advanced_segmentation_final,4,16,1791416756.4692454,3227046,worker_0,W005,MaskImage,pattern_group,running,100.0,1,1
cp_tutorial_advanced_segmentation_final,4,16,1791416756.4696743,3227046,worker_0,W005,MaskImage,step_completed,success,37.5,6,16
cp_tutorial_advanced_segmentation_final,4,16,1791416756.4707162,3227046,worker_0,W005,IdentifyPrimaryObjects,step_started,started,37.5,6,16
cp_tutorial_advanced_segmentation_final,4,16,1791416756.4992626,3227052,worker_3,W008,IdentifyPrimaryObjects,pattern_group,running,100.0,1,1
cp_tutorial_advanced_segmentation_final,4,16,1791416756.5000448,3227052,worker_3,W008,IdentifyPrimaryObjects,step_completed,success,43.75,7,16
cp_tutorial_advanced_segmentation_final,4,16,1791416756.5012317,3227052,worker_3,W008,MaskImage,step_started,started,43.75,7,16
cp_tutorial_advanced_segmentation_final,4,16,1791416756.5165074,3227052,worker_3,W008,MaskImage,pattern_group,running,100.0,1,1
cp_tutorial_advanced_segmentation_final,4,16,1791416756.5168064,3227052,worker_3,W008,MaskImage,step_completed,success,50.0,8,16
cp_tutorial_advanced_segmentation_final,4,16,1791416756.5175133,3227052,worker_3,W008,IdentifyPrimaryObjects,step_started,started,50.0,8,16
cp_tutorial_advanced_segmentation_final,4,16,1791416756.5530205,3227048,worker_1,W006,IdentifyPrimaryObjects,pattern_group,running,100.0,1,1
cp_tutorial_advanced_segmentation_final,4,16,1791416756.5536127,3227048,worker_1,W006,IdentifyPrimaryObjects,step_completed,success,43.75,7,16
cp_tutorial_advanced_segmentation_final,4,16,1791416756.5549712,3227048,worker_1,W006,MaskImage,step_started,started,43.75,7,16
cp_tutorial_advanced_segmentation_final,4,16,1791416756.5545542,3227050,worker_2,W007,IdentifyPrimaryObjects,pattern_group,running,100.0,1,1
cp_tutorial_advanced_segmentation_final,4,16,1791416756.5551543,3227050,worker_2,W007,IdentifyPrimaryObjects,step_completed,success,56.25,9,16
cp_tutorial_advanced_segmentation_final,4,16,1791416756.556243,3227050,worker_2,W007,MeasureColocalization,step_started,started,56.25,9,16
cp_tutorial_advanced_segmentation_final,4,16,1791416756.5692363,3227048,worker_1,W006,MaskImage,pattern_group,running,100.0,1,1
cp_tutorial_advanced_segmentation_final,4,16,1791416756.5694258,3227048,worker_1,W006,MaskImage,step_completed,success,50.0,8,16
cp_tutorial_advanced_segmentation_final,4,16,1791416756.5700123,3227048,worker_1,W006,IdentifyPrimaryObjects,step_started,started,50.0,8,16
cp_tutorial_advanced_segmentation_final,4,16,1791416756.5708368,3227046,worker_0,W005,IdentifyPrimaryObjects,pattern_group,running,100.0,1,1
cp_tutorial_advanced_segmentation_final,4,16,1791416756.5716014,3227046,worker_0,W005,IdentifyPrimaryObjects,step_completed,success,43.75,7,16
cp_tutorial_advanced_segmentation_final,4,16,1791416756.5729063,3227046,worker_0,W005,MaskImage,step_started,started,43.75,7,16
cp_tutorial_advanced_segmentation_final,4,16,1791416756.5865462,3227046,worker_0,W005,MaskImage,pattern_group,running,100.0,1,1
cp_tutorial_advanced_segmentation_final,4,16,1791416756.5867548,3227046,worker_0,W005,MaskImage,step_completed,success,50.0,8,16
cp_tutorial_advanced_segmentation_final,4,16,1791416756.587394,3227046,worker_0,W005,IdentifyPrimaryObjects,step_started,started,50.0,8,16
cp_tutorial_advanced_segmentation_final,4,16,1791416756.6260908,3227052,worker_3,W008,IdentifyPrimaryObjects,pattern_group,running,100.0,1,1
cp_tutorial_advanced_segmentation_final,4,16,1791416756.626764,3227052,worker_3,W008,IdentifyPrimaryObjects,step_completed,success,56.25,9,16
cp_tutorial_advanced_segmentation_final,4,16,1791416756.627888,3227052,worker_3,W008,MeasureColocalization,step_started,started,56.25,9,16
cp_tutorial_advanced_segmentation_final,4,16,1791416756.6873498,3227048,worker_1,W006,IdentifyPrimaryObjects,pattern_group,running,100.0,1,1
cp_tutorial_advanced_segmentation_final,4,16,1791416756.6881874,3227048,worker_1,W006,IdentifyPrimaryObjects,step_completed,success,56.25,9,16
cp_tutorial_advanced_segmentation_final,4,16,1791416756.6894362,3227048,worker_1,W006,MeasureColocalization,step_started,started,56.25,9,16
cp_tutorial_advanced_segmentation_final,4,16,1791416756.692619,3227046,worker_0,W005,IdentifyPrimaryObjects,pattern_group,running,100.0,1,1
cp_tutorial_advanced_segmentation_final,4,16,1791416756.6932046,3227046,worker_0,W005,IdentifyPrimaryObjects,step_completed,success,56.25,9,16
cp_tutorial_advanced_segmentation_final,4,16,1791416756.6942747,3227046,worker_0,W005,MeasureColocalization,step_started,started,56.25,9,16
cp_tutorial_advanced_segmentation_final,4,16,1791416757.327579,3227050,worker_2,W007,MeasureColocalization,pattern_group,running,50.0,1,2
cp_tutorial_advanced_segmentation_final,4,16,1791416757.410966,3227052,worker_3,W008,MeasureColocalization,pattern_group,running,50.0,1,2
cp_tutorial_advanced_segmentation_final,4,16,1791416757.4167697,3227046,worker_0,W005,MeasureColocalization,pattern_group,running,50.0,1,2
cp_tutorial_advanced_segmentation_final,4,16,1791416757.4395912,3227048,worker_1,W006,MeasureColocalization,pattern_group,running,50.0,1,2
cp_tutorial_advanced_segmentation_final,4,16,1791416758.0235963,3227050,worker_2,W007,MeasureColocalization,pattern_group,running,100.0,2,2
cp_tutorial_advanced_segmentation_final,4,16,1791416758.029178,3227050,worker_2,W007,MeasureColocalization,step_completed,success,62.5,10,16
cp_tutorial_advanced_segmentation_final,4,16,1791416758.0298388,3227050,worker_2,W007,MeasureObjectIntensity,step_started,started,62.5,10,16
cp_tutorial_advanced_segmentation_final,4,16,1791416758.1034577,3227046,worker_0,W005,MeasureColocalization,pattern_group,running,100.0,2,2
cp_tutorial_advanced_segmentation_final,4,16,1791416758.1090844,3227046,worker_0,W005,MeasureColocalization,step_completed,success,62.5,10,16
cp_tutorial_advanced_segmentation_final,4,16,1791416758.1097338,3227046,worker_0,W005,MeasureObjectIntensity,step_started,started,62.5,10,16
cp_tutorial_advanced_segmentation_final,4,16,1791416758.1410613,3227048,worker_1,W006,MeasureColocalization,pattern_group,running,100.0,2,2
cp_tutorial_advanced_segmentation_final,4,16,1791416758.1418104,3227052,worker_3,W008,MeasureColocalization,pattern_group,running,100.0,2,2
cp_tutorial_advanced_segmentation_final,4,16,1791416758.1472313,3227052,worker_3,W008,MeasureColocalization,step_completed,success,62.5,10,16
cp_tutorial_advanced_segmentation_final,4,16,1791416758.1479084,3227052,worker_3,W008,MeasureObjectIntensity,step_started,started,62.5,10,16
cp_tutorial_advanced_segmentation_final,4,16,1791416758.1465306,3227048,worker_1,W006,MeasureColocalization,step_completed,success,62.5,10,16
cp_tutorial_advanced_segmentation_final,4,16,1791416758.1472857,3227048,worker_1,W006,MeasureObjectIntensity,step_started,started,62.5,10,16
cp_tutorial_advanced_segmentation_final,4,16,1791416758.4920743,3227050,worker_2,W007,MeasureObjectIntensity,pattern_group,running,50.0,1,2
cp_tutorial_advanced_segmentation_final,4,16,1791416758.550441,3227046,worker_0,W005,MeasureObjectIntensity,pattern_group,running,50.0,1,2
cp_tutorial_advanced_segmentation_final,4,16,1791416758.6000266,3227052,worker_3,W008,MeasureObjectIntensity,pattern_group,running,50.0,1,2
cp_tutorial_advanced_segmentation_final,4,16,1791416758.6088386,3227050,worker_2,W007,MeasureObjectIntensity,pattern_group,running,100.0,2,2
cp_tutorial_advanced_segmentation_final,4,16,1791416758.6123023,3227050,worker_2,W007,MeasureObjectIntensity,step_completed,success,68.75,11,16
cp_tutorial_advanced_segmentation_final,4,16,1791416758.6131966,3227050,worker_2,W007,MeasureObjectIntensityDistribution,step_started,started,68.75,11,16
cp_tutorial_advanced_segmentation_final,4,16,1791416758.630605,3227048,worker_1,W006,MeasureObjectIntensity,pattern_group,running,50.0,1,2
cp_tutorial_advanced_segmentation_final,4,16,1791416758.6634512,3227046,worker_0,W005,MeasureObjectIntensity,pattern_group,running,100.0,2,2
cp_tutorial_advanced_segmentation_final,4,16,1791416758.6667914,3227046,worker_0,W005,MeasureObjectIntensity,step_completed,success,68.75,11,16
cp_tutorial_advanced_segmentation_final,4,16,1791416758.6677334,3227046,worker_0,W005,MeasureObjectIntensityDistribution,step_started,started,68.75,11,16
cp_tutorial_advanced_segmentation_final,4,16,1791416758.729332,3227050,worker_2,W007,MeasureObjectIntensityDistribution,pattern_group,running,50.0,1,2
cp_tutorial_advanced_segmentation_final,4,16,1791416758.729391,3227052,worker_3,W008,MeasureObjectIntensity,pattern_group,running,100.0,2,2
cp_tutorial_advanced_segmentation_final,4,16,1791416758.7327483,3227052,worker_3,W008,MeasureObjectIntensity,step_completed,success,68.75,11,16
cp_tutorial_advanced_segmentation_final,4,16,1791416758.7339528,3227052,worker_3,W008,MeasureObjectIntensityDistribution,step_started,started,68.75,11,16
cp_tutorial_advanced_segmentation_final,4,16,1791416758.7538366,3227048,worker_1,W006,MeasureObjectIntensity,pattern_group,running,100.0,2,2
cp_tutorial_advanced_segmentation_final,4,16,1791416758.757914,3227048,worker_1,W006,MeasureObjectIntensity,step_completed,success,68.75,11,16
cp_tutorial_advanced_segmentation_final,4,16,1791416758.7588854,3227048,worker_1,W006,MeasureObjectIntensityDistribution,step_started,started,68.75,11,16
cp_tutorial_advanced_segmentation_final,4,16,1791416758.783335,3227050,worker_2,W007,MeasureObjectIntensityDistribution,pattern_group,running,100.0,2,2
cp_tutorial_advanced_segmentation_final,4,16,1791416758.7861557,3227050,worker_2,W007,MeasureObjectIntensityDistribution,step_completed,success,75.0,12,16
cp_tutorial_advanced_segmentation_final,4,16,1791416758.7871594,3227050,worker_2,W007,MeasureObjectSizeShape,step_started,started,75.0,12,16
cp_tutorial_advanced_segmentation_final,4,16,1791416758.7994587,3227046,worker_0,W005,MeasureObjectIntensityDistribution,pattern_group,running,50.0,1,2
cp_tutorial_advanced_segmentation_final,4,16,1791416758.8486962,3227046,worker_0,W005,MeasureObjectIntensityDistribution,pattern_group,running,100.0,2,2
cp_tutorial_advanced_segmentation_final,4,16,1791416758.851573,3227046,worker_0,W005,MeasureObjectIntensityDistribution,step_completed,success,75.0,12,16
cp_tutorial_advanced_segmentation_final,4,16,1791416758.8526359,3227046,worker_0,W005,MeasureObjectSizeShape,step_started,started,75.0,12,16
cp_tutorial_advanced_segmentation_final,4,16,1791416758.864215,3227052,worker_3,W008,MeasureObjectIntensityDistribution,pattern_group,running,50.0,1,2
cp_tutorial_advanced_segmentation_final,4,16,1791416758.8810277,3227048,worker_1,W006,MeasureObjectIntensityDistribution,pattern_group,running,50.0,1,2
cp_tutorial_advanced_segmentation_final,4,16,1791416758.9183948,3227052,worker_3,W008,MeasureObjectIntensityDistribution,pattern_group,running,100.0,2,2
cp_tutorial_advanced_segmentation_final,4,16,1791416758.9211512,3227052,worker_3,W008,MeasureObjectIntensityDistribution,step_completed,success,75.0,12,16
cp_tutorial_advanced_segmentation_final,4,16,1791416758.9221947,3227052,worker_3,W008,MeasureObjectSizeShape,step_started,started,75.0,12,16
cp_tutorial_advanced_segmentation_final,4,16,1791416758.931612,3227048,worker_1,W006,MeasureObjectIntensityDistribution,pattern_group,running,100.0,2,2
cp_tutorial_advanced_segmentation_final,4,16,1791416758.936912,3227048,worker_1,W006,MeasureObjectIntensityDistribution,step_completed,success,75.0,12,16
cp_tutorial_advanced_segmentation_final,4,16,1791416758.9379206,3227048,worker_1,W006,MeasureObjectSizeShape,step_started,started,75.0,12,16
cp_tutorial_advanced_segmentation_final,4,16,1791416759.180332,3227050,worker_2,W007,MeasureObjectSizeShape,pattern_group,running,25.0,1,4
cp_tutorial_advanced_segmentation_final,4,16,1791416759.2447639,3227046,worker_0,W005,MeasureObjectSizeShape,pattern_group,running,25.0,1,4
cp_tutorial_advanced_segmentation_final,4,16,1791416759.2789083,3227050,worker_2,W007,MeasureObjectSizeShape,pattern_group,running,50.0,2,4
cp_tutorial_advanced_segmentation_final,4,16,1791416759.309728,3227052,worker_3,W008,MeasureObjectSizeShape,pattern_group,running,25.0,1,4
cp_tutorial_advanced_segmentation_final,4,16,1791416759.3394306,3227048,worker_1,W006,MeasureObjectSizeShape,pattern_group,running,25.0,1,4
cp_tutorial_advanced_segmentation_final,4,16,1791416759.3415668,3227046,worker_0,W005,MeasureObjectSizeShape,pattern_group,running,50.0,2,4
cp_tutorial_advanced_segmentation_final,4,16,1791416759.3654459,3227050,worker_2,W007,MeasureObjectSizeShape,pattern_group,running,75.0,3,4
cp_tutorial_advanced_segmentation_final,4,16,1791416759.4074416,3227052,worker_3,W008,MeasureObjectSizeShape,pattern_group,running,50.0,2,4
cp_tutorial_advanced_segmentation_final,4,16,1791416759.410019,3227050,worker_2,W007,MeasureObjectSizeShape,pattern_group,running,100.0,4,4
cp_tutorial_advanced_segmentation_final,4,16,1791416759.4151943,3227050,worker_2,W007,MeasureObjectSizeShape,step_completed,success,81.25,13,16
cp_tutorial_advanced_segmentation_final,4,16,1791416759.4161582,3227050,worker_2,W007,MeasureObjectNeighbors,step_started,started,81.25,13,16
cp_tutorial_advanced_segmentation_final,4,16,1791416759.4352262,3227046,worker_0,W005,MeasureObjectSizeShape,pattern_group,running,75.0,3,4
cp_tutorial_advanced_segmentation_final,4,16,1791416759.4578154,3227048,worker_1,W006,MeasureObjectSizeShape,pattern_group,running,50.0,2,4
cp_tutorial_advanced_segmentation_final,4,16,1791416759.4798963,3227050,worker_2,W007,MeasureObjectNeighbors,pattern_group,running,33.33333333333333,1,3
cp_tutorial_advanced_segmentation_final,4,16,1791416759.4787338,3227046,worker_0,W005,MeasureObjectSizeShape,pattern_group,running,100.0,4,4
cp_tutorial_advanced_segmentation_final,4,16,1791416759.4837976,3227046,worker_0,W005,MeasureObjectSizeShape,step_completed,success,81.25,13,16
cp_tutorial_advanced_segmentation_final,4,16,1791416759.4847834,3227046,worker_0,W005,MeasureObjectNeighbors,step_started,started,81.25,13,16
cp_tutorial_advanced_segmentation_final,4,16,1791416759.4969907,3227052,worker_3,W008,MeasureObjectSizeShape,pattern_group,running,75.0,3,4
cp_tutorial_advanced_segmentation_final,4,16,1791416759.5370834,3227050,worker_2,W007,MeasureObjectNeighbors,pattern_group,running,66.66666666666666,2,3
cp_tutorial_advanced_segmentation_final,4,16,1791416759.5404305,3227046,worker_0,W005,MeasureObjectNeighbors,pattern_group,running,33.33333333333333,1,3
cp_tutorial_advanced_segmentation_final,4,16,1791416759.5514426,3227048,worker_1,W006,MeasureObjectSizeShape,pattern_group,running,75.0,3,4
cp_tutorial_advanced_segmentation_final,4,16,1791416759.5498412,3227052,worker_3,W008,MeasureObjectSizeShape,pattern_group,running,100.0,4,4
cp_tutorial_advanced_segmentation_final,4,16,1791416759.5553002,3227052,worker_3,W008,MeasureObjectSizeShape,step_completed,success,81.25,13,16
cp_tutorial_advanced_segmentation_final,4,16,1791416759.5565796,3227052,worker_3,W008,MeasureObjectNeighbors,step_started,started,81.25,13,16
cp_tutorial_advanced_segmentation_final,4,16,1791416759.587144,3227046,worker_0,W005,MeasureObjectNeighbors,pattern_group,running,66.66666666666666,2,3
cp_tutorial_advanced_segmentation_final,4,16,1791416759.602692,3227048,worker_1,W006,MeasureObjectSizeShape,pattern_group,running,100.0,4,4
cp_tutorial_advanced_segmentation_final,4,16,1791416759.6076689,3227048,worker_1,W006,MeasureObjectSizeShape,step_completed,success,81.25,13,16
cp_tutorial_advanced_segmentation_final,4,16,1791416759.61317,3227048,worker_1,W006,MeasureObjectNeighbors,step_started,started,81.25,13,16
cp_tutorial_advanced_segmentation_final,4,16,1791416759.61767,3227050,worker_2,W007,MeasureObjectNeighbors,pattern_group,running,100.0,3,3
cp_tutorial_advanced_segmentation_final,4,16,1791416759.618921,3227050,worker_2,W007,MeasureObjectNeighbors,step_completed,success,87.5,14,16
cp_tutorial_advanced_segmentation_final,4,16,1791416759.619623,3227050,worker_2,W007,RelateObjects,step_started,started,87.5,14,16
cp_tutorial_advanced_segmentation_final,4,16,1791416759.626778,3227052,worker_3,W008,MeasureObjectNeighbors,pattern_group,running,33.33333333333333,1,3
cp_tutorial_advanced_segmentation_final,4,16,1791416759.6584055,3227046,worker_0,W005,MeasureObjectNeighbors,pattern_group,running,100.0,3,3
cp_tutorial_advanced_segmentation_final,4,16,1791416759.659534,3227046,worker_0,W005,MeasureObjectNeighbors,step_completed,success,87.5,14,16
cp_tutorial_advanced_segmentation_final,4,16,1791416759.660192,3227046,worker_0,W005,RelateObjects,step_started,started,87.5,14,16
cp_tutorial_advanced_segmentation_final,4,16,1791416759.6757402,3227048,worker_1,W006,MeasureObjectNeighbors,pattern_group,running,33.33333333333333,1,3
cp_tutorial_advanced_segmentation_final,4,16,1791416759.6807473,3227052,worker_3,W008,MeasureObjectNeighbors,pattern_group,running,66.66666666666666,2,3
cp_tutorial_advanced_segmentation_final,4,16,1791416759.7203357,3227048,worker_1,W006,MeasureObjectNeighbors,pattern_group,running,66.66666666666666,2,3
cp_tutorial_advanced_segmentation_final,4,16,1791416759.7522001,3227052,worker_3,W008,MeasureObjectNeighbors,pattern_group,running,100.0,3,3
cp_tutorial_advanced_segmentation_final,4,16,1791416759.7533562,3227052,worker_3,W008,MeasureObjectNeighbors,step_completed,success,87.5,14,16
cp_tutorial_advanced_segmentation_final,4,16,1791416759.7540197,3227052,worker_3,W008,RelateObjects,step_started,started,87.5,14,16
cp_tutorial_advanced_segmentation_final,4,16,1791416759.7868454,3227048,worker_1,W006,MeasureObjectNeighbors,pattern_group,running,100.0,3,3
cp_tutorial_advanced_segmentation_final,4,16,1791416759.788108,3227048,worker_1,W006,MeasureObjectNeighbors,step_completed,success,87.5,14,16
cp_tutorial_advanced_segmentation_final,4,16,1791416759.7887828,3227048,worker_1,W006,RelateObjects,step_started,started,87.5,14,16
cp_tutorial_advanced_segmentation_final,4,16,1791416759.8395016,3227050,worker_2,W007,RelateObjects,pattern_group,running,50.0,1,2
cp_tutorial_advanced_segmentation_final,4,16,1791416759.865257,3227046,worker_0,W005,RelateObjects,pattern_group,running,50.0,1,2
cp_tutorial_advanced_segmentation_final,4,16,1791416759.9605591,3227052,worker_3,W008,RelateObjects,pattern_group,running,50.0,1,2
cp_tutorial_advanced_segmentation_final,4,16,1791416759.9828908,3227048,worker_1,W006,RelateObjects,pattern_group,running,50.0,1,2
cp_tutorial_advanced_segmentation_final,4,16,1791416760.2523458,3227050,worker_2,W007,RelateObjects,pattern_group,running,100.0,2,2
cp_tutorial_advanced_segmentation_final,4,16,1791416760.257965,3227050,worker_2,W007,RelateObjects,step_completed,success,93.75,15,16
cp_tutorial_advanced_segmentation_final,4,16,1791416760.2598755,3227050,worker_2,W007,pipeline,axis_completed,success,93.75,15,16
cp_tutorial_advanced_segmentation_final,4,16,1791416760.259928,3227050,worker_2,W011,pipeline,axis_started,started,0.0,0,16
cp_tutorial_advanced_segmentation_final,4,16,1791416760.2642024,3227050,worker_2,W011,CorrectIlluminationApply,step_started,started,0.0,0,16
cp_tutorial_advanced_segmentation_final,4,16,1791416760.266795,3227046,worker_0,W005,RelateObjects,pattern_group,running,100.0,2,2
cp_tutorial_advanced_segmentation_final,4,16,1791416760.272751,3227046,worker_0,W005,RelateObjects,step_completed,success,93.75,15,16
cp_tutorial_advanced_segmentation_final,4,16,1791416760.2749946,3227046,worker_0,W005,pipeline,axis_completed,success,93.75,15,16
cp_tutorial_advanced_segmentation_final,4,16,1791416760.2750492,3227046,worker_0,W009,pipeline,axis_started,started,0.0,0,16
cp_tutorial_advanced_segmentation_final,4,16,1791416760.2792747,3227046,worker_0,W009,CorrectIlluminationApply,step_started,started,0.0,0,16
cp_tutorial_advanced_segmentation_final,4,16,1791416760.3344567,3227050,worker_2,W011,CorrectIlluminationApply,pattern_group,running,20.0,1,5
cp_tutorial_advanced_segmentation_final,4,16,1791416760.3420331,3227046,worker_0,W009,CorrectIlluminationApply,pattern_group,running,20.0,1,5
cp_tutorial_advanced_segmentation_final,4,16,1791416760.3653843,3227050,worker_2,W011,CorrectIlluminationApply,pattern_group,running,40.0,2,5
cp_tutorial_advanced_segmentation_final,4,16,1791416760.3723853,3227046,worker_0,W009,CorrectIlluminationApply,pattern_group,running,40.0,2,5
cp_tutorial_advanced_segmentation_final,4,16,1791416760.38882,3227048,worker_1,W006,RelateObjects,pattern_group,running,100.0,2,2
cp_tutorial_advanced_segmentation_final,4,16,1791416760.3959773,3227050,worker_2,W011,CorrectIlluminationApply,pattern_group,running,60.0,3,5
cp_tutorial_advanced_segmentation_final,4,16,1791416760.3940935,3227048,worker_1,W006,RelateObjects,step_completed,success,93.75,15,16
cp_tutorial_advanced_segmentation_final,4,16,1791416760.396207,3227048,worker_1,W006,pipeline,axis_completed,success,93.75,15,16
cp_tutorial_advanced_segmentation_final,4,16,1791416760.3962905,3227048,worker_1,W010,pipeline,axis_started,started,0.0,0,16
cp_tutorial_advanced_segmentation_final,4,16,1791416760.4007623,3227048,worker_1,W010,CorrectIlluminationApply,step_started,started,0.0,0,16
cp_tutorial_advanced_segmentation_final,4,16,1791416760.3977828,3227052,worker_3,W008,RelateObjects,pattern_group,running,100.0,2,2
cp_tutorial_advanced_segmentation_final,4,16,1791416760.402728,3227052,worker_3,W008,RelateObjects,step_completed,success,93.75,15,16
cp_tutorial_advanced_segmentation_final,4,16,1791416760.405049,3227052,worker_3,W008,pipeline,axis_completed,success,93.75,15,16
cp_tutorial_advanced_segmentation_final,4,16,1791416760.4051225,3227052,worker_3,W012,pipeline,axis_started,started,0.0,0,16
cp_tutorial_advanced_segmentation_final,4,16,1791416760.4108405,3227052,worker_3,W012,CorrectIlluminationApply,step_started,started,0.0,0,16
cp_tutorial_advanced_segmentation_final,4,16,1791416760.4064963,3227046,worker_0,W009,CorrectIlluminationApply,pattern_group,running,60.0,3,5
cp_tutorial_advanced_segmentation_final,4,16,1791416760.437228,3227050,worker_2,W011,CorrectIlluminationApply,pattern_group,running,80.0,4,5
cp_tutorial_advanced_segmentation_final,4,16,1791416760.440128,3227046,worker_0,W009,CorrectIlluminationApply,pattern_group,running,80.0,4,5
cp_tutorial_advanced_segmentation_final,4,16,1791416760.4642575,3227048,worker_1,W010,CorrectIlluminationApply,pattern_group,running,20.0,1,5
cp_tutorial_advanced_segmentation_final,4,16,1791416760.4692667,3227050,worker_2,W011,CorrectIlluminationApply,pattern_group,running,100.0,5,5
cp_tutorial_advanced_segmentation_final,4,16,1791416760.4694998,3227050,worker_2,W011,CorrectIlluminationApply,step_completed,success,6.25,1,16
cp_tutorial_advanced_segmentation_final,4,16,1791416760.4700446,3227050,worker_2,W011,IdentifyPrimaryObjects,step_started,started,6.25,1,16
cp_tutorial_advanced_segmentation_final,4,16,1791416760.4713142,3227046,worker_0,W009,CorrectIlluminationApply,pattern_group,running,100.0,5,5
cp_tutorial_advanced_segmentation_final,4,16,1791416760.4715497,3227046,worker_0,W009,CorrectIlluminationApply,step_completed,success,6.25,1,16
cp_tutorial_advanced_segmentation_final,4,16,1791416760.4720943,3227046,worker_0,W009,IdentifyPrimaryObjects,step_started,started,6.25,1,16
cp_tutorial_advanced_segmentation_final,4,16,1791416760.4781184,3227052,worker_3,W012,CorrectIlluminationApply,pattern_group,running,20.0,1,5
cp_tutorial_advanced_segmentation_final,4,16,1791416760.4977195,3227048,worker_1,W010,CorrectIlluminationApply,pattern_group,running,40.0,2,5
cp_tutorial_advanced_segmentation_final,4,16,1791416760.514316,3227052,worker_3,W012,CorrectIlluminationApply,pattern_group,running,40.0,2,5
cp_tutorial_advanced_segmentation_final,4,16,1791416760.53218,3227048,worker_1,W010,CorrectIlluminationApply,pattern_group,running,60.0,3,5
cp_tutorial_advanced_segmentation_final,4,16,1791416760.5504057,3227052,worker_3,W012,CorrectIlluminationApply,pattern_group,running,60.0,3,5
cp_tutorial_advanced_segmentation_final,4,16,1791416760.5636694,3227048,worker_1,W010,CorrectIlluminationApply,pattern_group,running,80.0,4,5
cp_tutorial_advanced_segmentation_final,4,16,1791416760.5852215,3227052,worker_3,W012,CorrectIlluminationApply,pattern_group,running,80.0,4,5
cp_tutorial_advanced_segmentation_final,4,16,1791416760.5897026,3227046,worker_0,W009,IdentifyPrimaryObjects,pattern_group,running,100.0,1,1
cp_tutorial_advanced_segmentation_final,4,16,1791416760.590331,3227046,worker_0,W009,IdentifyPrimaryObjects,step_completed,success,12.5,2,16
cp_tutorial_advanced_segmentation_final,4,16,1791416760.591203,3227046,worker_0,W009,IdentifySecondaryObjects,step_started,started,12.5,2,16
cp_tutorial_advanced_segmentation_final,4,16,1791416760.5909855,3227050,worker_2,W011,IdentifyPrimaryObjects,pattern_group,running,100.0,1,1
cp_tutorial_advanced_segmentation_final,4,16,1791416760.5916,3227050,worker_2,W011,IdentifyPrimaryObjects,step_completed,success,12.5,2,16
cp_tutorial_advanced_segmentation_final,4,16,1791416760.5924304,3227050,worker_2,W011,IdentifySecondaryObjects,step_started,started,12.5,2,16
cp_tutorial_advanced_segmentation_final,4,16,1791416760.595373,3227048,worker_1,W010,CorrectIlluminationApply,pattern_group,running,100.0,5,5
cp_tutorial_advanced_segmentation_final,4,16,1791416760.5956097,3227048,worker_1,W010,CorrectIlluminationApply,step_completed,success,6.25,1,16
cp_tutorial_advanced_segmentation_final,4,16,1791416760.5961406,3227048,worker_1,W010,IdentifyPrimaryObjects,step_started,started,6.25,1,16
cp_tutorial_advanced_segmentation_final,4,16,1791416760.6219864,3227052,worker_3,W012,CorrectIlluminationApply,pattern_group,running,100.0,5,5
cp_tutorial_advanced_segmentation_final,4,16,1791416760.6222978,3227052,worker_3,W012,CorrectIlluminationApply,step_completed,success,6.25,1,16
cp_tutorial_advanced_segmentation_final,4,16,1791416760.6228309,3227052,worker_3,W012,IdentifyPrimaryObjects,step_started,started,6.25,1,16
cp_tutorial_advanced_segmentation_final,4,16,1791416760.7112129,3227048,worker_1,W010,IdentifyPrimaryObjects,pattern_group,running,100.0,1,1
cp_tutorial_advanced_segmentation_final,4,16,1791416760.7119145,3227048,worker_1,W010,IdentifyPrimaryObjects,step_completed,success,12.5,2,16
cp_tutorial_advanced_segmentation_final,4,16,1791416760.7129,3227048,worker_1,W010,IdentifySecondaryObjects,step_started,started,12.5,2,16
cp_tutorial_advanced_segmentation_final,4,16,1791416760.7407627,3227052,worker_3,W012,IdentifyPrimaryObjects,pattern_group,running,100.0,1,1
cp_tutorial_advanced_segmentation_final,4,16,1791416760.741357,3227052,worker_3,W012,IdentifyPrimaryObjects,step_completed,success,12.5,2,16
cp_tutorial_advanced_segmentation_final,4,16,1791416760.7421637,3227052,worker_3,W012,IdentifySecondaryObjects,step_started,started,12.5,2,16
cp_tutorial_advanced_segmentation_final,4,16,1791416760.8521276,3227046,worker_0,W009,IdentifySecondaryObjects,pattern_group,running,100.0,1,1
cp_tutorial_advanced_segmentation_final,4,16,1791416760.8527684,3227046,worker_0,W009,IdentifySecondaryObjects,step_completed,success,18.75,3,16
cp_tutorial_advanced_segmentation_final,4,16,1791416760.853471,3227046,worker_0,W009,IdentifyTertiaryObjects,step_started,started,18.75,3,16
cp_tutorial_advanced_segmentation_final,4,16,1791416760.855975,3227050,worker_2,W011,IdentifySecondaryObjects,pattern_group,running,100.0,1,1
cp_tutorial_advanced_segmentation_final,4,16,1791416760.8566408,3227050,worker_2,W011,IdentifySecondaryObjects,step_completed,success,18.75,3,16
cp_tutorial_advanced_segmentation_final,4,16,1791416760.8573763,3227050,worker_2,W011,IdentifyTertiaryObjects,step_started,started,18.75,3,16
cp_tutorial_advanced_segmentation_final,4,16,1791416760.9056716,3227046,worker_0,W009,IdentifyTertiaryObjects,pattern_group,running,100.0,1,1
cp_tutorial_advanced_segmentation_final,4,16,1791416760.9060621,3227046,worker_0,W009,IdentifyTertiaryObjects,step_completed,success,25.0,4,16
cp_tutorial_advanced_segmentation_final,4,16,1791416760.9067903,3227046,worker_0,W009,EnhanceOrSuppressFeatures,step_started,started,25.0,4,16
cp_tutorial_advanced_segmentation_final,4,16,1791416760.9086418,3227050,worker_2,W011,IdentifyTertiaryObjects,pattern_group,running,100.0,1,1
cp_tutorial_advanced_segmentation_final,4,16,1791416760.9090507,3227050,worker_2,W011,IdentifyTertiaryObjects,step_completed,success,25.0,4,16
cp_tutorial_advanced_segmentation_final,4,16,1791416760.9097953,3227050,worker_2,W011,EnhanceOrSuppressFeatures,step_started,started,25.0,4,16
cp_tutorial_advanced_segmentation_final,4,16,1791416760.91895,3227046,worker_0,W009,EnhanceOrSuppressFeatures,pattern_group,running,100.0,1,1
cp_tutorial_advanced_segmentation_final,4,16,1791416760.9191215,3227046,worker_0,W009,EnhanceOrSuppressFeatures,step_completed,success,31.25,5,16
cp_tutorial_advanced_segmentation_final,4,16,1791416760.919681,3227046,worker_0,W009,MaskImage,step_started,started,31.25,5,16
cp_tutorial_advanced_segmentation_final,4,16,1791416760.921288,3227050,worker_2,W011,EnhanceOrSuppressFeatures,pattern_group,running,100.0,1,1
cp_tutorial_advanced_segmentation_final,4,16,1791416760.9214587,3227050,worker_2,W011,EnhanceOrSuppressFeatures,step_completed,success,31.25,5,16
cp_tutorial_advanced_segmentation_final,4,16,1791416760.9220185,3227050,worker_2,W011,MaskImage,step_started,started,31.25,5,16
cp_tutorial_advanced_segmentation_final,4,16,1791416760.928741,3227046,worker_0,W009,MaskImage,pattern_group,running,100.0,1,1
cp_tutorial_advanced_segmentation_final,4,16,1791416760.9288964,3227046,worker_0,W009,MaskImage,step_completed,success,37.5,6,16
cp_tutorial_advanced_segmentation_final,4,16,1791416760.929621,3227046,worker_0,W009,IdentifyPrimaryObjects,step_started,started,37.5,6,16
cp_tutorial_advanced_segmentation_final,4,16,1791416760.9310572,3227050,worker_2,W011,MaskImage,pattern_group,running,100.0,1,1
cp_tutorial_advanced_segmentation_final,4,16,1791416760.9312003,3227050,worker_2,W011,MaskImage,step_completed,success,37.5,6,16
cp_tutorial_advanced_segmentation_final,4,16,1791416760.9319873,3227050,worker_2,W011,IdentifyPrimaryObjects,step_started,started,37.5,6,16
cp_tutorial_advanced_segmentation_final,4,16,1791416761.001361,3227048,worker_1,W010,IdentifySecondaryObjects,pattern_group,running,100.0,1,1
cp_tutorial_advanced_segmentation_final,4,16,1791416761.0019953,3227048,worker_1,W010,IdentifySecondaryObjects,step_completed,success,18.75,3,16
cp_tutorial_advanced_segmentation_final,4,16,1791416761.0027153,3227048,worker_1,W010,IdentifyTertiaryObjects,step_started,started,18.75,3,16
cp_tutorial_advanced_segmentation_final,4,16,1791416761.0213494,3227046,worker_0,W009,IdentifyPrimaryObjects,pattern_group,running,100.0,1,1
cp_tutorial_advanced_segmentation_final,4,16,1791416761.0220013,3227046,worker_0,W009,IdentifyPrimaryObjects,step_completed,success,43.75,7,16
cp_tutorial_advanced_segmentation_final,4,16,1791416761.0231183,3227046,worker_0,W009,MaskImage,step_started,started,43.75,7,16
cp_tutorial_advanced_segmentation_final,4,16,1791416761.0284483,3227050,worker_2,W011,IdentifyPrimaryObjects,pattern_group,running,100.0,1,1
cp_tutorial_advanced_segmentation_final,4,16,1791416761.0292315,3227050,worker_2,W011,IdentifyPrimaryObjects,step_completed,success,43.75,7,16
cp_tutorial_advanced_segmentation_final,4,16,1791416761.0310664,3227050,worker_2,W011,MaskImage,step_started,started,43.75,7,16
cp_tutorial_advanced_segmentation_final,4,16,1791416761.0379226,3227046,worker_0,W009,MaskImage,pattern_group,running,100.0,1,1
cp_tutorial_advanced_segmentation_final,4,16,1791416761.0381415,3227046,worker_0,W009,MaskImage,step_completed,success,50.0,8,16
cp_tutorial_advanced_segmentation_final,4,16,1791416761.0387797,3227046,worker_0,W009,IdentifyPrimaryObjects,step_started,started,50.0,8,16
cp_tutorial_advanced_segmentation_final,4,16,1791416761.0428696,3227050,worker_2,W011,MaskImage,pattern_group,running,100.0,1,1
cp_tutorial_advanced_segmentation_final,4,16,1791416761.0430405,3227050,worker_2,W011,MaskImage,step_completed,success,50.0,8,16
cp_tutorial_advanced_segmentation_final,4,16,1791416761.043636,3227050,worker_2,W011,IdentifyPrimaryObjects,step_started,started,50.0,8,16
cp_tutorial_advanced_segmentation_final,4,16,1791416761.0492535,3227052,worker_3,W012,IdentifySecondaryObjects,pattern_group,running,100.0,1,1
cp_tutorial_advanced_segmentation_final,4,16,1791416761.0499694,3227052,worker_3,W012,IdentifySecondaryObjects,step_completed,success,18.75,3,16
cp_tutorial_advanced_segmentation_final,4,16,1791416761.0508444,3227052,worker_3,W012,IdentifyTertiaryObjects,step_started,started,18.75,3,16
cp_tutorial_advanced_segmentation_final,4,16,1791416761.0573733,3227048,worker_1,W010,IdentifyTertiaryObjects,pattern_group,running,100.0,1,1
cp_tutorial_advanced_segmentation_final,4,16,1791416761.0579777,3227048,worker_1,W010,IdentifyTertiaryObjects,step_completed,success,25.0,4,16
cp_tutorial_advanced_segmentation_final,4,16,1791416761.0588434,3227048,worker_1,W010,EnhanceOrSuppressFeatures,step_started,started,25.0,4,16
cp_tutorial_advanced_segmentation_final,4,16,1791416761.0765448,3227048,worker_1,W010,EnhanceOrSuppressFeatures,pattern_group,running,100.0,1,1
cp_tutorial_advanced_segmentation_final,4,16,1791416761.0767317,3227048,worker_1,W010,EnhanceOrSuppressFeatures,step_completed,success,31.25,5,16
cp_tutorial_advanced_segmentation_final,4,16,1791416761.077306,3227048,worker_1,W010,MaskImage,step_started,started,31.25,5,16
cp_tutorial_advanced_segmentation_final,4,16,1791416761.0885763,3227048,worker_1,W010,MaskImage,pattern_group,running,100.0,1,1
cp_tutorial_advanced_segmentation_final,4,16,1791416761.0889452,3227048,worker_1,W010,MaskImage,step_completed,success,37.5,6,16
cp_tutorial_advanced_segmentation_final,4,16,1791416761.089843,3227048,worker_1,W010,IdentifyPrimaryObjects,step_started,started,37.5,6,16
cp_tutorial_advanced_segmentation_final,4,16,1791416761.115842,3227052,worker_3,W012,IdentifyTertiaryObjects,pattern_group,running,100.0,1,1
cp_tutorial_advanced_segmentation_final,4,16,1791416761.1163764,3227052,worker_3,W012,IdentifyTertiaryObjects,step_completed,success,25.0,4,16
cp_tutorial_advanced_segmentation_final,4,16,1791416761.117246,3227052,worker_3,W012,EnhanceOrSuppressFeatures,step_started,started,25.0,4,16
cp_tutorial_advanced_segmentation_final,4,16,1791416761.13416,3227052,worker_3,W012,EnhanceOrSuppressFeatures,pattern_group,running,100.0,1,1
cp_tutorial_advanced_segmentation_final,4,16,1791416761.1343462,3227052,worker_3,W012,EnhanceOrSuppressFeatures,step_completed,success,31.25,5,16
cp_tutorial_advanced_segmentation_final,4,16,1791416761.1350467,3227052,worker_3,W012,MaskImage,step_started,started,31.25,5,16
cp_tutorial_advanced_segmentation_final,4,16,1791416761.1457675,3227052,worker_3,W012,MaskImage,pattern_group,running,100.0,1,1
cp_tutorial_advanced_segmentation_final,4,16,1791416761.146291,3227052,worker_3,W012,MaskImage,step_completed,success,37.5,6,16
cp_tutorial_advanced_segmentation_final,4,16,1791416761.1470273,3227052,worker_3,W012,IdentifyPrimaryObjects,step_started,started,37.5,6,16
cp_tutorial_advanced_segmentation_final,4,16,1791416761.1544816,3227050,worker_2,W011,IdentifyPrimaryObjects,pattern_group,running,100.0,1,1
cp_tutorial_advanced_segmentation_final,4,16,1791416761.1550982,3227050,worker_2,W011,IdentifyPrimaryObjects,step_completed,success,56.25,9,16
cp_tutorial_advanced_segmentation_final,4,16,1791416761.1561832,3227050,worker_2,W011,MeasureColocalization,step_started,started,56.25,9,16
cp_tutorial_advanced_segmentation_final,4,16,1791416761.1549287,3227046,worker_0,W009,IdentifyPrimaryObjects,pattern_group,running,100.0,1,1
cp_tutorial_advanced_segmentation_final,4,16,1791416761.1555548,3227046,worker_0,W009,IdentifyPrimaryObjects,step_completed,success,56.25,9,16
cp_tutorial_advanced_segmentation_final,4,16,1791416761.1566353,3227046,worker_0,W009,MeasureColocalization,step_started,started,56.25,9,16
cp_tutorial_advanced_segmentation_final,4,16,1791416761.198692,3227048,worker_1,W010,IdentifyPrimaryObjects,pattern_group,running,100.0,1,1
cp_tutorial_advanced_segmentation_final,4,16,1791416761.1993122,3227048,worker_1,W010,IdentifyPrimaryObjects,step_completed,success,43.75,7,16
cp_tutorial_advanced_segmentation_final,4,16,1791416761.2007143,3227048,worker_1,W010,MaskImage,step_started,started,43.75,7,16
cp_tutorial_advanced_segmentation_final,4,16,1791416761.2155905,3227048,worker_1,W010,MaskImage,pattern_group,running,100.0,1,1
cp_tutorial_advanced_segmentation_final,4,16,1791416761.2157774,3227048,worker_1,W010,MaskImage,step_completed,success,50.0,8,16
cp_tutorial_advanced_segmentation_final,4,16,1791416761.2163649,3227048,worker_1,W010,IdentifyPrimaryObjects,step_started,started,50.0,8,16
cp_tutorial_advanced_segmentation_final,4,16,1791416761.2456517,3227052,worker_3,W012,IdentifyPrimaryObjects,pattern_group,running,100.0,1,1
cp_tutorial_advanced_segmentation_final,4,16,1791416761.2462955,3227052,worker_3,W012,IdentifyPrimaryObjects,step_completed,success,43.75,7,16
cp_tutorial_advanced_segmentation_final,4,16,1791416761.2474294,3227052,worker_3,W012,MaskImage,step_started,started,43.75,7,16
cp_tutorial_advanced_segmentation_final,4,16,1791416761.2585542,3227052,worker_3,W012,MaskImage,pattern_group,running,100.0,1,1
cp_tutorial_advanced_segmentation_final,4,16,1791416761.2587385,3227052,worker_3,W012,MaskImage,step_completed,success,50.0,8,16
cp_tutorial_advanced_segmentation_final,4,16,1791416761.259313,3227052,worker_3,W012,IdentifyPrimaryObjects,step_started,started,50.0,8,16
cp_tutorial_advanced_segmentation_final,4,16,1791416761.324879,3227048,worker_1,W010,IdentifyPrimaryObjects,pattern_group,running,100.0,1,1
cp_tutorial_advanced_segmentation_final,4,16,1791416761.325506,3227048,worker_1,W010,IdentifyPrimaryObjects,step_completed,success,56.25,9,16
cp_tutorial_advanced_segmentation_final,4,16,1791416761.326564,3227048,worker_1,W010,MeasureColocalization,step_started,started,56.25,9,16
cp_tutorial_advanced_segmentation_final,4,16,1791416761.3602893,3227052,worker_3,W012,IdentifyPrimaryObjects,pattern_group,running,100.0,1,1
cp_tutorial_advanced_segmentation_final,4,16,1791416761.3608816,3227052,worker_3,W012,IdentifyPrimaryObjects,step_completed,success,56.25,9,16
cp_tutorial_advanced_segmentation_final,4,16,1791416761.3619,3227052,worker_3,W012,MeasureColocalization,step_started,started,56.25,9,16
cp_tutorial_advanced_segmentation_final,4,16,1791416761.885562,3227050,worker_2,W011,MeasureColocalization,pattern_group,running,50.0,1,2
cp_tutorial_advanced_segmentation_final,4,16,1791416761.893718,3227046,worker_0,W009,MeasureColocalization,pattern_group,running,50.0,1,2
cp_tutorial_advanced_segmentation_final,4,16,1791416762.0823398,3227052,worker_3,W012,MeasureColocalization,pattern_group,running,50.0,1,2
cp_tutorial_advanced_segmentation_final,4,16,1791416762.0960615,3227048,worker_1,W010,MeasureColocalization,pattern_group,running,50.0,1,2
cp_tutorial_advanced_segmentation_final,4,16,1791416762.576799,3227050,worker_2,W011,MeasureColocalization,pattern_group,running,100.0,2,2
cp_tutorial_advanced_segmentation_final,4,16,1791416762.576969,3227046,worker_0,W009,MeasureColocalization,pattern_group,running,100.0,2,2
cp_tutorial_advanced_segmentation_final,4,16,1791416762.5820668,3227050,worker_2,W011,MeasureColocalization,step_completed,success,62.5,10,16
cp_tutorial_advanced_segmentation_final,4,16,1791416762.5827086,3227050,worker_2,W011,MeasureObjectIntensity,step_started,started,62.5,10,16
cp_tutorial_advanced_segmentation_final,4,16,1791416762.5826209,3227046,worker_0,W009,MeasureColocalization,step_completed,success,62.5,10,16
cp_tutorial_advanced_segmentation_final,4,16,1791416762.5832796,3227046,worker_0,W009,MeasureObjectIntensity,step_started,started,62.5,10,16
cp_tutorial_advanced_segmentation_final,4,16,1791416762.7885914,3227052,worker_3,W012,MeasureColocalization,pattern_group,running,100.0,2,2
cp_tutorial_advanced_segmentation_final,4,16,1791416762.7939444,3227052,worker_3,W012,MeasureColocalization,step_completed,success,62.5,10,16
cp_tutorial_advanced_segmentation_final,4,16,1791416762.7946162,3227052,worker_3,W012,MeasureObjectIntensity,step_started,started,62.5,10,16
cp_tutorial_advanced_segmentation_final,4,16,1791416762.8101332,3227048,worker_1,W010,MeasureColocalization,pattern_group,running,100.0,2,2
cp_tutorial_advanced_segmentation_final,4,16,1791416762.8156533,3227048,worker_1,W010,MeasureColocalization,step_completed,success,62.5,10,16
cp_tutorial_advanced_segmentation_final,4,16,1791416762.8163188,3227048,worker_1,W010,MeasureObjectIntensity,step_started,started,62.5,10,16
cp_tutorial_advanced_segmentation_final,4,16,1791416763.0349422,3227050,worker_2,W011,MeasureObjectIntensity,pattern_group,running,50.0,1,2
cp_tutorial_advanced_segmentation_final,4,16,1791416763.04449,3227046,worker_0,W009,MeasureObjectIntensity,pattern_group,running,50.0,1,2
cp_tutorial_advanced_segmentation_final,4,16,1791416763.151338,3227050,worker_2,W011,MeasureObjectIntensity,pattern_group,running,100.0,2,2
cp_tutorial_advanced_segmentation_final,4,16,1791416763.1546855,3227050,worker_2,W011,MeasureObjectIntensity,step_completed,success,68.75,11,16
cp_tutorial_advanced_segmentation_final,4,16,1791416763.1556478,3227050,worker_2,W011,MeasureObjectIntensityDistribution,step_started,started,68.75,11,16
cp_tutorial_advanced_segmentation_final,4,16,1791416763.1629915,3227046,worker_0,W009,MeasureObjectIntensity,pattern_group,running,100.0,2,2
cp_tutorial_advanced_segmentation_final,4,16,1791416763.167298,3227046,worker_0,W009,MeasureObjectIntensity,step_completed,success,68.75,11,16
cp_tutorial_advanced_segmentation_final,4,16,1791416763.1715481,3227046,worker_0,W009,MeasureObjectIntensityDistribution,step_started,started,68.75,11,16
cp_tutorial_advanced_segmentation_final,4,16,1791416763.2690675,3227052,worker_3,W012,MeasureObjectIntensity,pattern_group,running,50.0,1,2
cp_tutorial_advanced_segmentation_final,4,16,1791416763.2775404,3227050,worker_2,W011,MeasureObjectIntensityDistribution,pattern_group,running,50.0,1,2
cp_tutorial_advanced_segmentation_final,4,16,1791416763.2823906,3227048,worker_1,W010,MeasureObjectIntensity,pattern_group,running,50.0,1,2
cp_tutorial_advanced_segmentation_final,4,16,1791416763.2897692,3227046,worker_0,W009,MeasureObjectIntensityDistribution,pattern_group,running,50.0,1,2
cp_tutorial_advanced_segmentation_final,4,16,1791416763.3323193,3227050,worker_2,W011,MeasureObjectIntensityDistribution,pattern_group,running,100.0,2,2
cp_tutorial_advanced_segmentation_final,4,16,1791416763.3354497,3227050,worker_2,W011,MeasureObjectIntensityDistribution,step_completed,success,75.0,12,16
cp_tutorial_advanced_segmentation_final,4,16,1791416763.3364575,3227050,worker_2,W011,MeasureObjectSizeShape,step_started,started,75.0,12,16
cp_tutorial_advanced_segmentation_final,4,16,1791416763.3458242,3227046,worker_0,W009,MeasureObjectIntensityDistribution,pattern_group,running,100.0,2,2
cp_tutorial_advanced_segmentation_final,4,16,1791416763.3486214,3227046,worker_0,W009,MeasureObjectIntensityDistribution,step_completed,success,75.0,12,16
cp_tutorial_advanced_segmentation_final,4,16,1791416763.3497102,3227046,worker_0,W009,MeasureObjectSizeShape,step_started,started,75.0,12,16
cp_tutorial_advanced_segmentation_final,4,16,1791416763.3972018,3227052,worker_3,W012,MeasureObjectIntensity,pattern_group,running,100.0,2,2
cp_tutorial_advanced_segmentation_final,4,16,1791416763.400477,3227052,worker_3,W012,MeasureObjectIntensity,step_completed,success,68.75,11,16
cp_tutorial_advanced_segmentation_final,4,16,1791416763.4013617,3227052,worker_3,W012,MeasureObjectIntensityDistribution,step_started,started,68.75,11,16
cp_tutorial_advanced_segmentation_final,4,16,1791416763.4000874,3227048,worker_1,W010,MeasureObjectIntensity,pattern_group,running,100.0,2,2
cp_tutorial_advanced_segmentation_final,4,16,1791416763.4034524,3227048,worker_1,W010,MeasureObjectIntensity,step_completed,success,68.75,11,16
cp_tutorial_advanced_segmentation_final,4,16,1791416763.4043818,3227048,worker_1,W010,MeasureObjectIntensityDistribution,step_started,started,68.75,11,16
cp_tutorial_advanced_segmentation_final,4,16,1791416763.5205991,3227048,worker_1,W010,MeasureObjectIntensityDistribution,pattern_group,running,50.0,1,2
cp_tutorial_advanced_segmentation_final,4,16,1791416763.525026,3227052,worker_3,W012,MeasureObjectIntensityDistribution,pattern_group,running,50.0,1,2
cp_tutorial_advanced_segmentation_final,4,16,1791416763.5686448,3227048,worker_1,W010,MeasureObjectIntensityDistribution,pattern_group,running,100.0,2,2
cp_tutorial_advanced_segmentation_final,4,16,1791416763.5713675,3227048,worker_1,W010,MeasureObjectIntensityDistribution,step_completed,success,75.0,12,16
cp_tutorial_advanced_segmentation_final,4,16,1791416763.5723364,3227048,worker_1,W010,MeasureObjectSizeShape,step_started,started,75.0,12,16
cp_tutorial_advanced_segmentation_final,4,16,1791416763.5732088,3227052,worker_3,W012,MeasureObjectIntensityDistribution,pattern_group,running,100.0,2,2
cp_tutorial_advanced_segmentation_final,4,16,1791416763.5759754,3227052,worker_3,W012,MeasureObjectIntensityDistribution,step_completed,success,75.0,12,16
cp_tutorial_advanced_segmentation_final,4,16,1791416763.5777793,3227052,worker_3,W012,MeasureObjectSizeShape,step_started,started,75.0,12,16
cp_tutorial_advanced_segmentation_final,4,16,1791416763.7418406,3227050,worker_2,W011,MeasureObjectSizeShape,pattern_group,running,25.0,1,4
cp_tutorial_advanced_segmentation_final,4,16,1791416763.7499774,3227046,worker_0,W009,MeasureObjectSizeShape,pattern_group,running,25.0,1,4
cp_tutorial_advanced_segmentation_final,4,16,1791416763.8445675,3227050,worker_2,W011,MeasureObjectSizeShape,pattern_group,running,50.0,2,4
cp_tutorial_advanced_segmentation_final,4,16,1791416763.8456578,3227046,worker_0,W009,MeasureObjectSizeShape,pattern_group,running,50.0,2,4
cp_tutorial_advanced_segmentation_final,4,16,1791416763.929474,3227046,worker_0,W009,MeasureObjectSizeShape,pattern_group,running,75.0,3,4
cp_tutorial_advanced_segmentation_final,4,16,1791416763.9355075,3227050,worker_2,W011,MeasureObjectSizeShape,pattern_group,running,75.0,3,4
cp_tutorial_advanced_segmentation_final,4,16,1791416763.9533641,3227048,worker_1,W010,MeasureObjectSizeShape,pattern_group,running,25.0,1,4
cp_tutorial_advanced_segmentation_final,4,16,1791416763.973433,3227052,worker_3,W012,MeasureObjectSizeShape,pattern_group,running,25.0,1,4
cp_tutorial_advanced_segmentation_final,4,16,1791416763.9738007,3227046,worker_0,W009,MeasureObjectSizeShape,pattern_group,running,100.0,4,4
cp_tutorial_advanced_segmentation_final,4,16,1791416763.9794765,3227046,worker_0,W009,MeasureObjectSizeShape,step_completed,success,81.25,13,16
cp_tutorial_advanced_segmentation_final,4,16,1791416763.9787912,3227050,worker_2,W011,MeasureObjectSizeShape,pattern_group,running,100.0,4,4
cp_tutorial_advanced_segmentation_final,4,16,1791416763.9804695,3227046,worker_0,W009,MeasureObjectNeighbors,step_started,started,81.25,13,16
cp_tutorial_advanced_segmentation_final,4,16,1791416763.9841924,3227050,worker_2,W011,MeasureObjectSizeShape,step_completed,success,81.25,13,16
cp_tutorial_advanced_segmentation_final,4,16,1791416763.985201,3227050,worker_2,W011,MeasureObjectNeighbors,step_started,started,81.25,13,16
cp_tutorial_advanced_segmentation_final,4,16,1791416764.040483,3227050,worker_2,W011,MeasureObjectNeighbors,pattern_group,running,33.33333333333333,1,3
cp_tutorial_advanced_segmentation_final,4,16,1791416764.0790346,3227052,worker_3,W012,MeasureObjectSizeShape,pattern_group,running,50.0,2,4
cp_tutorial_advanced_segmentation_final,4,16,1791416764.0858176,3227050,worker_2,W011,MeasureObjectNeighbors,pattern_group,running,66.66666666666666,2,3
cp_tutorial_advanced_segmentation_final,4,16,1791416764.0858307,3227046,worker_0,W009,MeasureObjectNeighbors,pattern_group,running,33.33333333333333,1,3
cp_tutorial_advanced_segmentation_final,4,16,1791416764.096656,3227048,worker_1,W010,MeasureObjectSizeShape,pattern_group,running,50.0,2,4
cp_tutorial_advanced_segmentation_final,4,16,1791416764.138109,3227046,worker_0,W009,MeasureObjectNeighbors,pattern_group,running,66.66666666666666,2,3
cp_tutorial_advanced_segmentation_final,4,16,1791416764.1529782,3227050,worker_2,W011,MeasureObjectNeighbors,pattern_group,running,100.0,3,3
cp_tutorial_advanced_segmentation_final,4,16,1791416764.1541028,3227050,worker_2,W011,MeasureObjectNeighbors,step_completed,success,87.5,14,16
cp_tutorial_advanced_segmentation_final,4,16,1791416764.154761,3227050,worker_2,W011,RelateObjects,step_started,started,87.5,14,16
cp_tutorial_advanced_segmentation_final,4,16,1791416764.1675484,3227052,worker_3,W012,MeasureObjectSizeShape,pattern_group,running,75.0,3,4
cp_tutorial_advanced_segmentation_final,4,16,1791416764.182963,3227048,worker_1,W010,MeasureObjectSizeShape,pattern_group,running,75.0,3,4
cp_tutorial_advanced_segmentation_final,4,16,1791416764.2101932,3227052,worker_3,W012,MeasureObjectSizeShape,pattern_group,running,100.0,4,4
cp_tutorial_advanced_segmentation_final,4,16,1791416764.211265,3227046,worker_0,W009,MeasureObjectNeighbors,pattern_group,running,100.0,3,3
cp_tutorial_advanced_segmentation_final,4,16,1791416764.216067,3227052,worker_3,W012,MeasureObjectSizeShape,step_completed,success,81.25,13,16
cp_tutorial_advanced_segmentation_final,4,16,1791416764.2170289,3227052,worker_3,W012,MeasureObjectNeighbors,step_started,started,81.25,13,16
cp_tutorial_advanced_segmentation_final,4,16,1791416764.2125275,3227046,worker_0,W009,MeasureObjectNeighbors,step_completed,success,87.5,14,16
cp_tutorial_advanced_segmentation_final,4,16,1791416764.2134128,3227046,worker_0,W009,RelateObjects,step_started,started,87.5,14,16
cp_tutorial_advanced_segmentation_final,4,16,1791416764.2253926,3227048,worker_1,W010,MeasureObjectSizeShape,pattern_group,running,100.0,4,4
cp_tutorial_advanced_segmentation_final,4,16,1791416764.2310047,3227048,worker_1,W010,MeasureObjectSizeShape,step_completed,success,81.25,13,16
cp_tutorial_advanced_segmentation_final,4,16,1791416764.2319238,3227048,worker_1,W010,MeasureObjectNeighbors,step_started,started,81.25,13,16
cp_tutorial_advanced_segmentation_final,4,16,1791416764.2879593,3227048,worker_1,W010,MeasureObjectNeighbors,pattern_group,running,33.33333333333333,1,3
cp_tutorial_advanced_segmentation_final,4,16,1791416764.290931,3227052,worker_3,W012,MeasureObjectNeighbors,pattern_group,running,33.33333333333333,1,3
cp_tutorial_advanced_segmentation_final,4,16,1791416764.3331494,3227048,worker_1,W010,MeasureObjectNeighbors,pattern_group,running,66.66666666666666,2,3
cp_tutorial_advanced_segmentation_final,4,16,1791416764.3361864,3227052,worker_3,W012,MeasureObjectNeighbors,pattern_group,running,66.66666666666666,2,3
cp_tutorial_advanced_segmentation_final,4,16,1791416764.3517027,3227050,worker_2,W011,RelateObjects,pattern_group,running,50.0,1,2
cp_tutorial_advanced_segmentation_final,4,16,1791416764.4014428,3227048,worker_1,W010,MeasureObjectNeighbors,pattern_group,running,100.0,3,3
cp_tutorial_advanced_segmentation_final,4,16,1791416764.4026668,3227048,worker_1,W010,MeasureObjectNeighbors,step_completed,success,87.5,14,16
cp_tutorial_advanced_segmentation_final,4,16,1791416764.4033492,3227048,worker_1,W010,RelateObjects,step_started,started,87.5,14,16
cp_tutorial_advanced_segmentation_final,4,16,1791416764.4047751,3227052,worker_3,W012,MeasureObjectNeighbors,pattern_group,running,100.0,3,3
cp_tutorial_advanced_segmentation_final,4,16,1791416764.4060307,3227052,worker_3,W012,MeasureObjectNeighbors,step_completed,success,87.5,14,16
cp_tutorial_advanced_segmentation_final,4,16,1791416764.4067085,3227052,worker_3,W012,RelateObjects,step_started,started,87.5,14,16
cp_tutorial_advanced_segmentation_final,4,16,1791416764.45647,3227046,worker_0,W009,RelateObjects,pattern_group,running,50.0,1,2
cp_tutorial_advanced_segmentation_final,4,16,1791416764.7065847,3227048,worker_1,W010,RelateObjects,pattern_group,running,50.0,1,2
cp_tutorial_advanced_segmentation_final,4,16,1791416764.7122142,3227052,worker_3,W012,RelateObjects,pattern_group,running,50.0,1,2
cp_tutorial_advanced_segmentation_final,4,16,1791416764.858441,3227050,worker_2,W011,RelateObjects,pattern_group,running,100.0,2,2
cp_tutorial_advanced_segmentation_final,4,16,1791416764.863295,3227050,worker_2,W011,RelateObjects,step_completed,success,93.75,15,16
cp_tutorial_advanced_segmentation_final,4,16,1791416764.8690016,3227050,worker_2,W011,pipeline,axis_completed,success,93.75,15,16
cp_tutorial_advanced_segmentation_final,4,16,1791416764.8690639,3227050,worker_2,W015,pipeline,axis_started,started,0.0,0,16
cp_tutorial_advanced_segmentation_final,4,16,1791416764.873424,3227050,worker_2,W015,CorrectIlluminationApply,step_started,started,0.0,0,16
cp_tutorial_advanced_segmentation_final,4,16,1791416764.9292672,3227050,worker_2,W015,CorrectIlluminationApply,pattern_group,running,20.0,1,5
cp_tutorial_advanced_segmentation_final,4,16,1791416764.9605062,3227050,worker_2,W015,CorrectIlluminationApply,pattern_group,running,40.0,2,5
cp_tutorial_advanced_segmentation_final,4,16,1791416764.9734669,3227046,worker_0,W009,RelateObjects,pattern_group,running,100.0,2,2
cp_tutorial_advanced_segmentation_final,4,16,1791416764.978711,3227046,worker_0,W009,RelateObjects,step_completed,success,93.75,15,16
cp_tutorial_advanced_segmentation_final,4,16,1791416764.98069,3227046,worker_0,W009,pipeline,axis_completed,success,93.75,15,16
cp_tutorial_advanced_segmentation_final,4,16,1791416764.9807498,3227046,worker_0,W013,pipeline,axis_started,started,0.0,0,16
cp_tutorial_advanced_segmentation_final,4,16,1791416764.985264,3227046,worker_0,W013,CorrectIlluminationApply,step_started,started,0.0,0,16
cp_tutorial_advanced_segmentation_final,4,16,1791416764.9922526,3227050,worker_2,W015,CorrectIlluminationApply,pattern_group,running,60.0,3,5
cp_tutorial_advanced_segmentation_final,4,16,1791416765.0215719,3227050,worker_2,W015,CorrectIlluminationApply,pattern_group,running,80.0,4,5
cp_tutorial_advanced_segmentation_final,4,16,1791416765.0485504,3227046,worker_0,W013,CorrectIlluminationApply,pattern_group,running,20.0,1,5
cp_tutorial_advanced_segmentation_final,4,16,1791416765.0504901,3227050,worker_2,W015,CorrectIlluminationApply,pattern_group,running,100.0,5,5
cp_tutorial_advanced_segmentation_final,4,16,1791416765.0506983,3227050,worker_2,W015,CorrectIlluminationApply,step_completed,success,6.25,1,16
cp_tutorial_advanced_segmentation_final,4,16,1791416765.0512087,3227050,worker_2,W015,IdentifyPrimaryObjects,step_started,started,6.25,1,16
cp_tutorial_advanced_segmentation_final,4,16,1791416765.0817165,3227046,worker_0,W013,CorrectIlluminationApply,pattern_group,running,40.0,2,5
cp_tutorial_advanced_segmentation_final,4,16,1791416765.1145346,3227046,worker_0,W013,CorrectIlluminationApply,pattern_group,running,60.0,3,5
cp_tutorial_advanced_segmentation_final,4,16,1791416765.1114442,3227048,worker_1,W010,RelateObjects,pattern_group,running,100.0,2,2
cp_tutorial_advanced_segmentation_final,4,16,1791416765.116837,3227048,worker_1,W010,RelateObjects,step_completed,success,93.75,15,16
cp_tutorial_advanced_segmentation_final,4,16,1791416765.1188297,3227048,worker_1,W010,pipeline,axis_completed,success,93.75,15,16
cp_tutorial_advanced_segmentation_final,4,16,1791416765.118882,3227048,worker_1,W014,pipeline,axis_started,started,0.0,0,16
cp_tutorial_advanced_segmentation_final,4,16,1791416765.1231375,3227048,worker_1,W014,CorrectIlluminationApply,step_started,started,0.0,0,16
cp_tutorial_advanced_segmentation_final,4,16,1791416765.1459048,3227046,worker_0,W013,CorrectIlluminationApply,pattern_group,running,80.0,4,5
cp_tutorial_advanced_segmentation_final,4,16,1791416765.1428235,3227052,worker_3,W012,RelateObjects,pattern_group,running,100.0,2,2
cp_tutorial_advanced_segmentation_final,4,16,1791416765.1487408,3227052,worker_3,W012,RelateObjects,step_completed,success,93.75,15,16
cp_tutorial_advanced_segmentation_final,4,16,1791416765.1509871,3227052,worker_3,W012,pipeline,axis_completed,success,93.75,15,16
cp_tutorial_advanced_segmentation_final,4,16,1791416765.1510534,3227052,worker_3,W016,pipeline,axis_started,started,0.0,0,16
cp_tutorial_advanced_segmentation_final,4,16,1791416765.1551206,3227052,worker_3,W016,CorrectIlluminationApply,step_started,started,0.0,0,16
cp_tutorial_advanced_segmentation_final,4,16,1791416765.166925,3227050,worker_2,W015,IdentifyPrimaryObjects,pattern_group,running,100.0,1,1
cp_tutorial_advanced_segmentation_final,4,16,1791416765.167547,3227050,worker_2,W015,IdentifyPrimaryObjects,step_completed,success,12.5,2,16
cp_tutorial_advanced_segmentation_final,4,16,1791416765.1684422,3227050,worker_2,W015,IdentifySecondaryObjects,step_started,started,12.5,2,16
cp_tutorial_advanced_segmentation_final,4,16,1791416765.1813338,3227046,worker_0,W013,CorrectIlluminationApply,pattern_group,running,100.0,5,5
cp_tutorial_advanced_segmentation_final,4,16,1791416765.181595,3227046,worker_0,W013,CorrectIlluminationApply,step_completed,success,6.25,1,16
cp_tutorial_advanced_segmentation_final,4,16,1791416765.1822507,3227046,worker_0,W013,IdentifyPrimaryObjects,step_started,started,6.25,1,16
cp_tutorial_advanced_segmentation_final,4,16,1791416765.1859853,3227048,worker_1,W014,CorrectIlluminationApply,pattern_group,running,20.0,1,5
cp_tutorial_advanced_segmentation_final,4,16,1791416765.216596,3227048,worker_1,W014,CorrectIlluminationApply,pattern_group,running,40.0,2,5
cp_tutorial_advanced_segmentation_final,4,16,1791416765.2338653,3227052,worker_3,W016,CorrectIlluminationApply,pattern_group,running,20.0,1,5
cp_tutorial_advanced_segmentation_final,4,16,1791416765.2476382,3227048,worker_1,W014,CorrectIlluminationApply,pattern_group,running,60.0,3,5
cp_tutorial_advanced_segmentation_final,4,16,1791416765.2665532,3227052,worker_3,W016,CorrectIlluminationApply,pattern_group,running,40.0,2,5
cp_tutorial_advanced_segmentation_final,4,16,1791416765.279376,3227048,worker_1,W014,CorrectIlluminationApply,pattern_group,running,80.0,4,5
cp_tutorial_advanced_segmentation_final,4,16,1791416765.296123,3227046,worker_0,W013,IdentifyPrimaryObjects,pattern_group,running,100.0,1,1
cp_tutorial_advanced_segmentation_final,4,16,1791416765.2968717,3227046,worker_0,W013,IdentifyPrimaryObjects,step_completed,success,12.5,2,16
cp_tutorial_advanced_segmentation_final,4,16,1791416765.2978072,3227046,worker_0,W013,IdentifySecondaryObjects,step_started,started,12.5,2,16
cp_tutorial_advanced_segmentation_final,4,16,1791416765.3023005,3227052,worker_3,W016,CorrectIlluminationApply,pattern_group,running,60.0,3,5
cp_tutorial_advanced_segmentation_final,4,16,1791416765.3115432,3227048,worker_1,W014,CorrectIlluminationApply,pattern_group,running,100.0,5,5
cp_tutorial_advanced_segmentation_final,4,16,1791416765.3118165,3227048,worker_1,W014,CorrectIlluminationApply,step_completed,success,6.25,1,16
cp_tutorial_advanced_segmentation_final,4,16,1791416765.3123715,3227048,worker_1,W014,IdentifyPrimaryObjects,step_started,started,6.25,1,16
cp_tutorial_advanced_segmentation_final,4,16,1791416765.338724,3227052,worker_3,W016,CorrectIlluminationApply,pattern_group,running,80.0,4,5
cp_tutorial_advanced_segmentation_final,4,16,1791416765.3706524,3227052,worker_3,W016,CorrectIlluminationApply,pattern_group,running,100.0,5,5
cp_tutorial_advanced_segmentation_final,4,16,1791416765.3708704,3227052,worker_3,W016,CorrectIlluminationApply,step_completed,success,6.25,1,16
cp_tutorial_advanced_segmentation_final,4,16,1791416765.371568,3227052,worker_3,W016,IdentifyPrimaryObjects,step_started,started,6.25,1,16
cp_tutorial_advanced_segmentation_final,4,16,1791416765.4209151,3227048,worker_1,W014,IdentifyPrimaryObjects,pattern_group,running,100.0,1,1
cp_tutorial_advanced_segmentation_final,4,16,1791416765.4217772,3227048,worker_1,W014,IdentifyPrimaryObjects,step_completed,success,12.5,2,16
cp_tutorial_advanced_segmentation_final,4,16,1791416765.4229774,3227048,worker_1,W014,IdentifySecondaryObjects,step_started,started,12.5,2,16
cp_tutorial_advanced_segmentation_final,4,16,1791416765.443023,3227050,worker_2,W015,IdentifySecondaryObjects,pattern_group,running,100.0,1,1
cp_tutorial_advanced_segmentation_final,4,16,1791416765.4436793,3227050,worker_2,W015,IdentifySecondaryObjects,step_completed,success,18.75,3,16
cp_tutorial_advanced_segmentation_final,4,16,1791416765.4443738,3227050,worker_2,W015,IdentifyTertiaryObjects,step_started,started,18.75,3,16
cp_tutorial_advanced_segmentation_final,4,16,1791416765.4933934,3227050,worker_2,W015,IdentifyTertiaryObjects,pattern_group,running,100.0,1,1
cp_tutorial_advanced_segmentation_final,4,16,1791416765.493794,3227050,worker_2,W015,IdentifyTertiaryObjects,step_completed,success,25.0,4,16
cp_tutorial_advanced_segmentation_final,4,16,1791416765.4945161,3227050,worker_2,W015,EnhanceOrSuppressFeatures,step_started,started,25.0,4,16
cp_tutorial_advanced_segmentation_final,4,16,1791416765.4947598,3227052,worker_3,W016,IdentifyPrimaryObjects,pattern_group,running,100.0,1,1
cp_tutorial_advanced_segmentation_final,4,16,1791416765.4953334,3227052,worker_3,W016,IdentifyPrimaryObjects,step_completed,success,12.5,2,16
cp_tutorial_advanced_segmentation_final,4,16,1791416765.4965599,3227052,worker_3,W016,IdentifySecondaryObjects,step_started,started,12.5,2,16
cp_tutorial_advanced_segmentation_final,4,16,1791416765.5068235,3227050,worker_2,W015,EnhanceOrSuppressFeatures,pattern_group,running,100.0,1,1
cp_tutorial_advanced_segmentation_final,4,16,1791416765.506993,3227050,worker_2,W015,EnhanceOrSuppressFeatures,step_completed,success,31.25,5,16
cp_tutorial_advanced_segmentation_final,4,16,1791416765.507548,3227050,worker_2,W015,MaskImage,step_started,started,31.25,5,16
cp_tutorial_advanced_segmentation_final,4,16,1791416765.516111,3227050,worker_2,W015,MaskImage,pattern_group,running,100.0,1,1
cp_tutorial_advanced_segmentation_final,4,16,1791416765.516294,3227050,worker_2,W015,MaskImage,step_completed,success,37.5,6,16
cp_tutorial_advanced_segmentation_final,4,16,1791416765.5170555,3227050,worker_2,W015,IdentifyPrimaryObjects,step_started,started,37.5,6,16
cp_tutorial_advanced_segmentation_final,4,16,1791416765.5773234,3227046,worker_0,W013,IdentifySecondaryObjects,pattern_group,running,100.0,1,1
cp_tutorial_advanced_segmentation_final,4,16,1791416765.5779305,3227046,worker_0,W013,IdentifySecondaryObjects,step_completed,success,18.75,3,16
cp_tutorial_advanced_segmentation_final,4,16,1791416765.5786514,3227046,worker_0,W013,IdentifyTertiaryObjects,step_started,started,18.75,3,16
cp_tutorial_advanced_segmentation_final,4,16,1791416765.6021602,3227050,worker_2,W015,IdentifyPrimaryObjects,pattern_group,running,100.0,1,1
cp_tutorial_advanced_segmentation_final,4,16,1791416765.602763,3227050,worker_2,W015,IdentifyPrimaryObjects,step_completed,success,43.75,7,16
cp_tutorial_advanced_segmentation_final,4,16,1791416765.6037273,3227050,worker_2,W015,MaskImage,step_started,started,43.75,7,16
cp_tutorial_advanced_segmentation_final,4,16,1791416765.6153078,3227050,worker_2,W015,MaskImage,pattern_group,running,100.0,1,1
cp_tutorial_advanced_segmentation_final,4,16,1791416765.6154876,3227050,worker_2,W015,MaskImage,step_completed,success,50.0,8,16
cp_tutorial_advanced_segmentation_final,4,16,1791416765.6160576,3227050,worker_2,W015,IdentifyPrimaryObjects,step_started,started,50.0,8,16
cp_tutorial_advanced_segmentation_final,4,16,1791416765.6301568,3227046,worker_0,W013,IdentifyTertiaryObjects,pattern_group,running,100.0,1,1
cp_tutorial_advanced_segmentation_final,4,16,1791416765.6306713,3227046,worker_0,W013,IdentifyTertiaryObjects,step_completed,success,25.0,4,16
cp_tutorial_advanced_segmentation_final,4,16,1791416765.6314864,3227046,worker_0,W013,EnhanceOrSuppressFeatures,step_started,started,25.0,4,16
cp_tutorial_advanced_segmentation_final,4,16,1791416765.643844,3227046,worker_0,W013,EnhanceOrSuppressFeatures,pattern_group,running,100.0,1,1
cp_tutorial_advanced_segmentation_final,4,16,1791416765.6440344,3227046,worker_0,W013,EnhanceOrSuppressFeatures,step_completed,success,31.25,5,16
cp_tutorial_advanced_segmentation_final,4,16,1791416765.6446502,3227046,worker_0,W013,MaskImage,step_started,started,31.25,5,16
cp_tutorial_advanced_segmentation_final,4,16,1791416765.6537678,3227046,worker_0,W013,MaskImage,pattern_group,running,100.0,1,1
cp_tutorial_advanced_segmentation_final,4,16,1791416765.6539855,3227046,worker_0,W013,MaskImage,step_completed,success,37.5,6,16
cp_tutorial_advanced_segmentation_final,4,16,1791416765.654733,3227046,worker_0,W013,IdentifyPrimaryObjects,step_started,started,37.5,6,16
cp_tutorial_advanced_segmentation_final,4,16,1791416765.706185,3227048,worker_1,W014,IdentifySecondaryObjects,pattern_group,running,100.0,1,1
cp_tutorial_advanced_segmentation_final,4,16,1791416765.7068355,3227048,worker_1,W014,IdentifySecondaryObjects,step_completed,success,18.75,3,16
cp_tutorial_advanced_segmentation_final,4,16,1791416765.7075367,3227048,worker_1,W014,IdentifyTertiaryObjects,step_started,started,18.75,3,16
cp_tutorial_advanced_segmentation_final,4,16,1791416765.717781,3227050,worker_2,W015,IdentifyPrimaryObjects,pattern_group,running,100.0,1,1
cp_tutorial_advanced_segmentation_final,4,16,1791416765.7185078,3227050,worker_2,W015,IdentifyPrimaryObjects,step_completed,success,56.25,9,16
cp_tutorial_advanced_segmentation_final,4,16,1791416765.7196217,3227050,worker_2,W015,MeasureColocalization,step_started,started,56.25,9,16
cp_tutorial_advanced_segmentation_final,4,16,1791416765.748958,3227046,worker_0,W013,IdentifyPrimaryObjects,pattern_group,running,100.0,1,1
cp_tutorial_advanced_segmentation_final,4,16,1791416765.7495852,3227046,worker_0,W013,IdentifyPrimaryObjects,step_completed,success,43.75,7,16
cp_tutorial_advanced_segmentation_final,4,16,1791416765.7505815,3227046,worker_0,W013,MaskImage,step_started,started,43.75,7,16
cp_tutorial_advanced_segmentation_final,4,16,1791416765.7581108,3227048,worker_1,W014,IdentifyTertiaryObjects,pattern_group,running,100.0,1,1
cp_tutorial_advanced_segmentation_final,4,16,1791416765.758671,3227048,worker_1,W014,IdentifyTertiaryObjects,step_completed,success,25.0,4,16
cp_tutorial_advanced_segmentation_final,4,16,1791416765.759443,3227048,worker_1,W014,EnhanceOrSuppressFeatures,step_started,started,25.0,4,16
cp_tutorial_advanced_segmentation_final,4,16,1791416765.7623053,3227046,worker_0,W013,MaskImage,pattern_group,running,100.0,1,1
cp_tutorial_advanced_segmentation_final,4,16,1791416765.762489,3227046,worker_0,W013,MaskImage,step_completed,success,50.0,8,16
cp_tutorial_advanced_segmentation_final,4,16,1791416765.7630663,3227046,worker_0,W013,IdentifyPrimaryObjects,step_started,started,50.0,8,16
cp_tutorial_advanced_segmentation_final,4,16,1791416765.7704678,3227048,worker_1,W014,EnhanceOrSuppressFeatures,pattern_group,running,100.0,1,1
cp_tutorial_advanced_segmentation_final,4,16,1791416765.770652,3227048,worker_1,W014,EnhanceOrSuppressFeatures,step_completed,success,31.25,5,16
cp_tutorial_advanced_segmentation_final,4,16,1791416765.7712197,3227048,worker_1,W014,MaskImage,step_started,started,31.25,5,16
cp_tutorial_advanced_segmentation_final,4,16,1791416765.7804675,3227048,worker_1,W014,MaskImage,pattern_group,running,100.0,1,1
cp_tutorial_advanced_segmentation_final,4,16,1791416765.7806294,3227048,worker_1,W014,MaskImage,step_completed,success,37.5,6,16
cp_tutorial_advanced_segmentation_final,4,16,1791416765.781377,3227048,worker_1,W014,IdentifyPrimaryObjects,step_started,started,37.5,6,16
cp_tutorial_advanced_segmentation_final,4,16,1791416765.8331563,3227052,worker_3,W016,IdentifySecondaryObjects,pattern_group,running,100.0,1,1
cp_tutorial_advanced_segmentation_final,4,16,1791416765.8338356,3227052,worker_3,W016,IdentifySecondaryObjects,step_completed,success,18.75,3,16
cp_tutorial_advanced_segmentation_final,4,16,1791416765.834676,3227052,worker_3,W016,IdentifyTertiaryObjects,step_started,started,18.75,3,16
cp_tutorial_advanced_segmentation_final,4,16,1791416765.870885,3227046,worker_0,W013,IdentifyPrimaryObjects,pattern_group,running,100.0,1,1
cp_tutorial_advanced_segmentation_final,4,16,1791416765.8714964,3227046,worker_0,W013,IdentifyPrimaryObjects,step_completed,success,56.25,9,16
cp_tutorial_advanced_segmentation_final,4,16,1791416765.8726203,3227046,worker_0,W013,MeasureColocalization,step_started,started,56.25,9,16
cp_tutorial_advanced_segmentation_final,4,16,1791416765.8749282,3227048,worker_1,W014,IdentifyPrimaryObjects,pattern_group,running,100.0,1,1
cp_tutorial_advanced_segmentation_final,4,16,1791416765.8755352,3227048,worker_1,W014,IdentifyPrimaryObjects,step_completed,success,43.75,7,16
cp_tutorial_advanced_segmentation_final,4,16,1791416765.876545,3227048,worker_1,W014,MaskImage,step_started,started,43.75,7,16
cp_tutorial_advanced_segmentation_final,4,16,1791416765.8876278,3227048,worker_1,W014,MaskImage,pattern_group,running,100.0,1,1
cp_tutorial_advanced_segmentation_final,4,16,1791416765.8878098,3227048,worker_1,W014,MaskImage,step_completed,success,50.0,8,16
cp_tutorial_advanced_segmentation_final,4,16,1791416765.8883874,3227048,worker_1,W014,IdentifyPrimaryObjects,step_started,started,50.0,8,16
cp_tutorial_advanced_segmentation_final,4,16,1791416765.8955398,3227052,worker_3,W016,IdentifyTertiaryObjects,pattern_group,running,100.0,1,1
cp_tutorial_advanced_segmentation_final,4,16,1791416765.8959575,3227052,worker_3,W016,IdentifyTertiaryObjects,step_completed,success,25.0,4,16
cp_tutorial_advanced_segmentation_final,4,16,1791416765.896721,3227052,worker_3,W016,EnhanceOrSuppressFeatures,step_started,started,25.0,4,16
cp_tutorial_advanced_segmentation_final,4,16,1791416765.9108813,3227052,worker_3,W016,EnhanceOrSuppressFeatures,pattern_group,running,100.0,1,1
cp_tutorial_advanced_segmentation_final,4,16,1791416765.911043,3227052,worker_3,W016,EnhanceOrSuppressFeatures,step_completed,success,31.25,5,16
cp_tutorial_advanced_segmentation_final,4,16,1791416765.911655,3227052,worker_3,W016,MaskImage,step_started,started,31.25,5,16
cp_tutorial_advanced_segmentation_final,4,16,1791416765.9228716,3227052,worker_3,W016,MaskImage,pattern_group,running,100.0,1,1
cp_tutorial_advanced_segmentation_final,4,16,1791416765.923058,3227052,worker_3,W016,MaskImage,step_completed,success,37.5,6,16
cp_tutorial_advanced_segmentation_final,4,16,1791416765.9238265,3227052,worker_3,W016,IdentifyPrimaryObjects,step_started,started,37.5,6,16
cp_tutorial_advanced_segmentation_final,4,16,1791416765.9955497,3227048,worker_1,W014,IdentifyPrimaryObjects,pattern_group,running,100.0,1,1
cp_tutorial_advanced_segmentation_final,4,16,1791416765.9961438,3227048,worker_1,W014,IdentifyPrimaryObjects,step_completed,success,56.25,9,16
cp_tutorial_advanced_segmentation_final,4,16,1791416765.9972382,3227048,worker_1,W014,MeasureColocalization,step_started,started,56.25,9,16
cp_tutorial_advanced_segmentation_final,4,16,1791416766.020604,3227052,worker_3,W016,IdentifyPrimaryObjects,pattern_group,running,100.0,1,1
cp_tutorial_advanced_segmentation_final,4,16,1791416766.0218093,3227052,worker_3,W016,IdentifyPrimaryObjects,step_completed,success,43.75,7,16
cp_tutorial_advanced_segmentation_final,4,16,1791416766.0228908,3227052,worker_3,W016,MaskImage,step_started,started,43.75,7,16
cp_tutorial_advanced_segmentation_final,4,16,1791416766.0355895,3227052,worker_3,W016,MaskImage,pattern_group,running,100.0,1,1
cp_tutorial_advanced_segmentation_final,4,16,1791416766.0357676,3227052,worker_3,W016,MaskImage,step_completed,success,50.0,8,16
cp_tutorial_advanced_segmentation_final,4,16,1791416766.0363433,3227052,worker_3,W016,IdentifyPrimaryObjects,step_started,started,50.0,8,16
cp_tutorial_advanced_segmentation_final,4,16,1791416766.136982,3227052,worker_3,W016,IdentifyPrimaryObjects,pattern_group,running,100.0,1,1
cp_tutorial_advanced_segmentation_final,4,16,1791416766.1375723,3227052,worker_3,W016,IdentifyPrimaryObjects,step_completed,success,56.25,9,16
cp_tutorial_advanced_segmentation_final,4,16,1791416766.1386607,3227052,worker_3,W016,MeasureColocalization,step_started,started,56.25,9,16
cp_tutorial_advanced_segmentation_final,4,16,1791416766.4645941,3227050,worker_2,W015,MeasureColocalization,pattern_group,running,50.0,1,2
cp_tutorial_advanced_segmentation_final,4,16,1791416766.6215184,3227046,worker_0,W013,MeasureColocalization,pattern_group,running,50.0,1,2
cp_tutorial_advanced_segmentation_final,4,16,1791416766.7391894,3227048,worker_1,W014,MeasureColocalization,pattern_group,running,50.0,1,2
cp_tutorial_advanced_segmentation_final,4,16,1791416766.9134254,3227052,worker_3,W016,MeasureColocalization,pattern_group,running,50.0,1,2
cp_tutorial_advanced_segmentation_final,4,16,1791416767.1515121,3227050,worker_2,W015,MeasureColocalization,pattern_group,running,100.0,2,2
cp_tutorial_advanced_segmentation_final,4,16,1791416767.1571376,3227050,worker_2,W015,MeasureColocalization,step_completed,success,62.5,10,16
cp_tutorial_advanced_segmentation_final,4,16,1791416767.157826,3227050,worker_2,W015,MeasureObjectIntensity,step_started,started,62.5,10,16
cp_tutorial_advanced_segmentation_final,4,16,1791416767.31281,3227046,worker_0,W013,MeasureColocalization,pattern_group,running,100.0,2,2
cp_tutorial_advanced_segmentation_final,4,16,1791416767.3183978,3227046,worker_0,W013,MeasureColocalization,step_completed,success,62.5,10,16
cp_tutorial_advanced_segmentation_final,4,16,1791416767.319095,3227046,worker_0,W013,MeasureObjectIntensity,step_started,started,62.5,10,16
cp_tutorial_advanced_segmentation_final,4,16,1791416767.444996,3227048,worker_1,W014,MeasureColocalization,pattern_group,running,100.0,2,2
cp_tutorial_advanced_segmentation_final,4,16,1791416767.4502378,3227048,worker_1,W014,MeasureColocalization,step_completed,success,62.5,10,16
cp_tutorial_advanced_segmentation_final,4,16,1791416767.4512079,3227048,worker_1,W014,MeasureObjectIntensity,step_started,started,62.5,10,16
cp_tutorial_advanced_segmentation_final,4,16,1791416767.6153765,3227050,worker_2,W015,MeasureObjectIntensity,pattern_group,running,50.0,1,2
cp_tutorial_advanced_segmentation_final,4,16,1791416767.6563244,3227052,worker_3,W016,MeasureColocalization,pattern_group,running,100.0,2,2
cp_tutorial_advanced_segmentation_final,4,16,1791416767.6622648,3227052,worker_3,W016,MeasureColocalization,step_completed,success,62.5,10,16
cp_tutorial_advanced_segmentation_final,4,16,1791416767.6630259,3227052,worker_3,W016,MeasureObjectIntensity,step_started,started,62.5,10,16
cp_tutorial_advanced_segmentation_final,4,16,1791416767.7327955,3227050,worker_2,W015,MeasureObjectIntensity,pattern_group,running,100.0,2,2
cp_tutorial_advanced_segmentation_final,4,16,1791416767.737022,3227050,worker_2,W015,MeasureObjectIntensity,step_completed,success,68.75,11,16
cp_tutorial_advanced_segmentation_final,4,16,1791416767.7420945,3227050,worker_2,W015,MeasureObjectIntensityDistribution,step_started,started,68.75,11,16
cp_tutorial_advanced_segmentation_final,4,16,1791416767.773415,3227046,worker_0,W013,MeasureObjectIntensity,pattern_group,running,50.0,1,2
cp_tutorial_advanced_segmentation_final,4,16,1791416767.857067,3227050,worker_2,W015,MeasureObjectIntensityDistribution,pattern_group,running,50.0,1,2
cp_tutorial_advanced_segmentation_final,4,16,1791416767.8871894,3227046,worker_0,W013,MeasureObjectIntensity,pattern_group,running,100.0,2,2
cp_tutorial_advanced_segmentation_final,4,16,1791416767.8904898,3227046,worker_0,W013,MeasureObjectIntensity,step_completed,success,68.75,11,16
cp_tutorial_advanced_segmentation_final,4,16,1791416767.8913987,3227046,worker_0,W013,MeasureObjectIntensityDistribution,step_started,started,68.75,11,16
cp_tutorial_advanced_segmentation_final,4,16,1791416767.8993554,3227048,worker_1,W014,MeasureObjectIntensity,pattern_group,running,50.0,1,2
cp_tutorial_advanced_segmentation_final,4,16,1791416767.9135983,3227050,worker_2,W015,MeasureObjectIntensityDistribution,pattern_group,running,100.0,2,2
cp_tutorial_advanced_segmentation_final,4,16,1791416767.9163573,3227050,worker_2,W015,MeasureObjectIntensityDistribution,step_completed,success,75.0,12,16
cp_tutorial_advanced_segmentation_final,4,16,1791416767.917333,3227050,worker_2,W015,MeasureObjectSizeShape,step_started,started,75.0,12,16
cp_tutorial_advanced_segmentation_final,4,16,1791416768.011464,3227046,worker_0,W013,MeasureObjectIntensityDistribution,pattern_group,running,50.0,1,2
cp_tutorial_advanced_segmentation_final,4,16,1791416768.0276575,3227048,worker_1,W014,MeasureObjectIntensity,pattern_group,running,100.0,2,2
cp_tutorial_advanced_segmentation_final,4,16,1791416768.0310628,3227048,worker_1,W014,MeasureObjectIntensity,step_completed,success,68.75,11,16
cp_tutorial_advanced_segmentation_final,4,16,1791416768.0319593,3227048,worker_1,W014,MeasureObjectIntensityDistribution,step_started,started,68.75,11,16
cp_tutorial_advanced_segmentation_final,4,16,1791416768.0651553,3227046,worker_0,W013,MeasureObjectIntensityDistribution,pattern_group,running,100.0,2,2
cp_tutorial_advanced_segmentation_final,4,16,1791416768.0679228,3227046,worker_0,W013,MeasureObjectIntensityDistribution,step_completed,success,75.0,12,16
cp_tutorial_advanced_segmentation_final,4,16,1791416768.0689313,3227046,worker_0,W013,MeasureObjectSizeShape,step_started,started,75.0,12,16
cp_tutorial_advanced_segmentation_final,4,16,1791416768.148462,3227048,worker_1,W014,MeasureObjectIntensityDistribution,pattern_group,running,50.0,1,2
cp_tutorial_advanced_segmentation_final,4,16,1791416768.161764,3227052,worker_3,W016,MeasureObjectIntensity,pattern_group,running,50.0,1,2
cp_tutorial_advanced_segmentation_final,4,16,1791416768.199496,3227048,worker_1,W014,MeasureObjectIntensityDistribution,pattern_group,running,100.0,2,2
cp_tutorial_advanced_segmentation_final,4,16,1791416768.2022989,3227048,worker_1,W014,MeasureObjectIntensityDistribution,step_completed,success,75.0,12,16
cp_tutorial_advanced_segmentation_final,4,16,1791416768.2032952,3227048,worker_1,W014,MeasureObjectSizeShape,step_started,started,75.0,12,16
cp_tutorial_advanced_segmentation_final,4,16,1791416768.2784503,3227052,worker_3,W016,MeasureObjectIntensity,pattern_group,running,100.0,2,2
cp_tutorial_advanced_segmentation_final,4,16,1791416768.2816753,3227052,worker_3,W016,MeasureObjectIntensity,step_completed,success,68.75,11,16
cp_tutorial_advanced_segmentation_final,4,16,1791416768.282537,3227052,worker_3,W016,MeasureObjectIntensityDistribution,step_started,started,68.75,11,16
cp_tutorial_advanced_segmentation_final,4,16,1791416768.3220298,3227050,worker_2,W015,MeasureObjectSizeShape,pattern_group,running,25.0,1,4
cp_tutorial_advanced_segmentation_final,4,16,1791416768.3976164,3227052,worker_3,W016,MeasureObjectIntensityDistribution,pattern_group,running,50.0,1,2
cp_tutorial_advanced_segmentation_final,4,16,1791416768.4191926,3227050,worker_2,W015,MeasureObjectSizeShape,pattern_group,running,50.0,2,4
cp_tutorial_advanced_segmentation_final,4,16,1791416768.445997,3227052,worker_3,W016,MeasureObjectIntensityDistribution,pattern_group,running,100.0,2,2
cp_tutorial_advanced_segmentation_final,4,16,1791416768.4487627,3227052,worker_3,W016,MeasureObjectIntensityDistribution,step_completed,success,75.0,12,16
cp_tutorial_advanced_segmentation_final,4,16,1791416768.4497135,3227052,worker_3,W016,MeasureObjectSizeShape,step_started,started,75.0,12,16
cp_tutorial_advanced_segmentation_final,4,16,1791416768.4693224,3227046,worker_0,W013,MeasureObjectSizeShape,pattern_group,running,25.0,1,4
cp_tutorial_advanced_segmentation_final,4,16,1791416768.5095606,3227050,worker_2,W015,MeasureObjectSizeShape,pattern_group,running,75.0,3,4
cp_tutorial_advanced_segmentation_final,4,16,1791416768.5513291,3227050,worker_2,W015,MeasureObjectSizeShape,pattern_group,running,100.0,4,4
cp_tutorial_advanced_segmentation_final,4,16,1791416768.5566778,3227050,worker_2,W015,MeasureObjectSizeShape,step_completed,success,81.25,13,16
cp_tutorial_advanced_segmentation_final,4,16,1791416768.565186,3227046,worker_0,W013,MeasureObjectSizeShape,pattern_group,running,50.0,2,4
cp_tutorial_advanced_segmentation_final,4,16,1791416768.5576093,3227050,worker_2,W015,MeasureObjectNeighbors,step_started,started,81.25,13,16
cp_tutorial_advanced_segmentation_final,4,16,1791416768.5824044,3227048,worker_1,W014,MeasureObjectSizeShape,pattern_group,running,25.0,1,4
cp_tutorial_advanced_segmentation_final,4,16,1791416768.6248865,3227050,worker_2,W015,MeasureObjectNeighbors,pattern_group,running,33.33333333333333,1,3
cp_tutorial_advanced_segmentation_final,4,16,1791416768.6516058,3227046,worker_0,W013,MeasureObjectSizeShape,pattern_group,running,75.0,3,4
cp_tutorial_advanced_segmentation_final,4,16,1791416768.6711695,3227050,worker_2,W015,MeasureObjectNeighbors,pattern_group,running,66.66666666666666,2,3
cp_tutorial_advanced_segmentation_final,4,16,1791416768.6815498,3227048,worker_1,W014,MeasureObjectSizeShape,pattern_group,running,50.0,2,4
cp_tutorial_advanced_segmentation_final,4,16,1791416768.6949313,3227046,worker_0,W013,MeasureObjectSizeShape,pattern_group,running,100.0,4,4
cp_tutorial_advanced_segmentation_final,4,16,1791416768.6999187,3227046,worker_0,W013,MeasureObjectSizeShape,step_completed,success,81.25,13,16
cp_tutorial_advanced_segmentation_final,4,16,1791416768.7019005,3227046,worker_0,W013,MeasureObjectNeighbors,step_started,started,81.25,13,16
cp_tutorial_advanced_segmentation_final,4,16,1791416768.7555435,3227046,worker_0,W013,MeasureObjectNeighbors,pattern_group,running,33.33333333333333,1,3
cp_tutorial_advanced_segmentation_final,4,16,1791416768.753469,3227050,worker_2,W015,MeasureObjectNeighbors,pattern_group,running,100.0,3,3
cp_tutorial_advanced_segmentation_final,4,16,1791416768.7546098,3227050,worker_2,W015,MeasureObjectNeighbors,step_completed,success,87.5,14,16
cp_tutorial_advanced_segmentation_final,4,16,1791416768.7552626,3227050,worker_2,W015,RelateObjects,step_started,started,87.5,14,16
cp_tutorial_advanced_segmentation_final,4,16,1791416768.7662659,3227048,worker_1,W014,MeasureObjectSizeShape,pattern_group,running,75.0,3,4
cp_tutorial_advanced_segmentation_final,4,16,1791416768.8011038,3227046,worker_0,W013,MeasureObjectNeighbors,pattern_group,running,66.66666666666666,2,3
cp_tutorial_advanced_segmentation_final,4,16,1791416768.8096066,3227048,worker_1,W014,MeasureObjectSizeShape,pattern_group,running,100.0,4,4
cp_tutorial_advanced_segmentation_final,4,16,1791416768.8146405,3227048,worker_1,W014,MeasureObjectSizeShape,step_completed,success,81.25,13,16
cp_tutorial_advanced_segmentation_final,4,16,1791416768.8159676,3227048,worker_1,W014,MeasureObjectNeighbors,step_started,started,81.25,13,16
cp_tutorial_advanced_segmentation_final,4,16,1791416768.8689106,3227048,worker_1,W014,MeasureObjectNeighbors,pattern_group,running,33.33333333333333,1,3
cp_tutorial_advanced_segmentation_final,4,16,1791416768.8682048,3227046,worker_0,W013,MeasureObjectNeighbors,pattern_group,running,100.0,3,3
cp_tutorial_advanced_segmentation_final,4,16,1791416768.870317,3227046,worker_0,W013,MeasureObjectNeighbors,step_completed,success,87.5,14,16
cp_tutorial_advanced_segmentation_final,4,16,1791416768.871043,3227046,worker_0,W013,RelateObjects,step_started,started,87.5,14,16
cp_tutorial_advanced_segmentation_final,4,16,1791416768.8757699,3227052,worker_3,W016,MeasureObjectSizeShape,pattern_group,running,25.0,1,4
cp_tutorial_advanced_segmentation_final,4,16,1791416768.9136562,3227048,worker_1,W014,MeasureObjectNeighbors,pattern_group,running,66.66666666666666,2,3
cp_tutorial_advanced_segmentation_final,4,16,1791416768.9744759,3227050,worker_2,W015,RelateObjects,pattern_group,running,50.0,1,2
cp_tutorial_advanced_segmentation_final,4,16,1791416768.9763763,3227052,worker_3,W016,MeasureObjectSizeShape,pattern_group,running,50.0,2,4
cp_tutorial_advanced_segmentation_final,4,16,1791416768.9849534,3227048,worker_1,W014,MeasureObjectNeighbors,pattern_group,running,100.0,3,3
cp_tutorial_advanced_segmentation_final,4,16,1791416768.9866922,3227048,worker_1,W014,MeasureObjectNeighbors,step_completed,success,87.5,14,16
cp_tutorial_advanced_segmentation_final,4,16,1791416768.987409,3227048,worker_1,W014,RelateObjects,step_started,started,87.5,14,16
cp_tutorial_advanced_segmentation_final,4,16,1791416769.0633287,3227052,worker_3,W016,MeasureObjectSizeShape,pattern_group,running,75.0,3,4
cp_tutorial_advanced_segmentation_final,4,16,1791416769.0703404,3227046,worker_0,W013,RelateObjects,pattern_group,running,50.0,1,2
cp_tutorial_advanced_segmentation_final,4,16,1791416769.1061218,3227052,worker_3,W016,MeasureObjectSizeShape,pattern_group,running,100.0,4,4
cp_tutorial_advanced_segmentation_final,4,16,1791416769.1111026,3227052,worker_3,W016,MeasureObjectSizeShape,step_completed,success,81.25,13,16
cp_tutorial_advanced_segmentation_final,4,16,1791416769.1125002,3227052,worker_3,W016,MeasureObjectNeighbors,step_started,started,81.25,13,16
cp_tutorial_advanced_segmentation_final,4,16,1791416769.1663792,3227052,worker_3,W016,MeasureObjectNeighbors,pattern_group,running,33.33333333333333,1,3
cp_tutorial_advanced_segmentation_final,4,16,1791416769.2068229,3227048,worker_1,W014,RelateObjects,pattern_group,running,50.0,1,2
cp_tutorial_advanced_segmentation_final,4,16,1791416769.2120838,3227052,worker_3,W016,MeasureObjectNeighbors,pattern_group,running,66.66666666666666,2,3
cp_tutorial_advanced_segmentation_final,4,16,1791416769.2787218,3227052,worker_3,W016,MeasureObjectNeighbors,pattern_group,running,100.0,3,3
cp_tutorial_advanced_segmentation_final,4,16,1791416769.2798462,3227052,worker_3,W016,MeasureObjectNeighbors,step_completed,success,87.5,14,16
cp_tutorial_advanced_segmentation_final,4,16,1791416769.2805104,3227052,worker_3,W016,RelateObjects,step_started,started,87.5,14,16
cp_tutorial_advanced_segmentation_final,4,16,1791416769.417902,3227050,worker_2,W015,RelateObjects,pattern_group,running,100.0,2,2
cp_tutorial_advanced_segmentation_final,4,16,1791416769.4228787,3227050,worker_2,W015,RelateObjects,step_completed,success,93.75,15,16
cp_tutorial_advanced_segmentation_final,4,16,1791416769.428115,3227050,worker_2,W015,pipeline,axis_completed,success,93.75,15,16
cp_tutorial_advanced_segmentation_final,4,16,1791416769.472111,3227052,worker_3,W016,RelateObjects,pattern_group,running,50.0,1,2
cp_tutorial_advanced_segmentation_final,4,16,1791416769.4832609,3227046,worker_0,W013,RelateObjects,pattern_group,running,100.0,2,2
cp_tutorial_advanced_segmentation_final,4,16,1791416769.4887054,3227046,worker_0,W013,RelateObjects,step_completed,success,93.75,15,16
cp_tutorial_advanced_segmentation_final,4,16,1791416769.4907844,3227046,worker_0,W013,pipeline,axis_completed,success,93.75,15,16
cp_tutorial_advanced_segmentation_final,4,16,1791416769.6275198,3227048,worker_1,W014,RelateObjects,pattern_group,running,100.0,2,2
cp_tutorial_advanced_segmentation_final,4,16,1791416769.632441,3227048,worker_1,W014,RelateObjects,step_completed,success,93.75,15,16
cp_tutorial_advanced_segmentation_final,4,16,1791416769.6344507,3227048,worker_1,W014,pipeline,axis_completed,success,93.75,15,16
cp_tutorial_advanced_segmentation_final,4,16,1791416769.8736606,3227052,worker_3,W016,RelateObjects,pattern_group,running,100.0,2,2
cp_tutorial_advanced_segmentation_final,4,16,1791416769.878718,3227052,worker_3,W016,RelateObjects,step_completed,success,93.75,15,16
cp_tutorial_advanced_segmentation_final,4,16,1791416769.8806763,3227052,worker_3,W016,pipeline,axis_completed,success,93.75,15,16
cp_tutorial_advanced_segmentation_final,4,16,1791416770.2270064,3205011,,,ExportToDatabase,step_started,started,93.75,15,16
cp_tutorial_advanced_segmentation_final,4,16,1791416772.2353442,3205011,,,ExportToDatabase,running,running,93.75,15,16
cp_tutorial_advanced_segmentation_final,4,16,1791416774.2422364,3205011,,,ExportToDatabase,running,running,93.75,15,16
cp_tutorial_advanced_segmentation_final,4,16,1791416776.2486944,3205011,,,ExportToDatabase,running,running,93.75,15,16
cp_tutorial_advanced_segmentation_final,4,16,1791416778.5122774,3205011,,,ExportToDatabase,running,running,93.75,15,16
cp_tutorial_advanced_segmentation_final,4,16,1791416780.5167425,3205011,,,ExportToDatabase,running,running,93.75,15,16
cp_tutorial_advanced_segmentation_final,4,16,1791416782.5170426,3205011,,,ExportToDatabase,running,running,93.75,15,16
cp_tutorial_advanced_segmentation_final,4,16,1791416784.5171568,3205011,,,ExportToDatabase,running,running,93.75,15,16
cp_tutorial_advanced_segmentation_final,4,16,1791416784.8667355,3205011,,,ExportToDatabase,step_completed,success,100.0,16,16
cp_tutorial_advanced_segmentation_final,4,16,1791416784.906226,3205011,,,pipeline,success,success,100.0,16,16
