case_name,worker_count,well_count,timestamp,pid,worker_slot,axis_id,step_name,phase,status,percent,completed,total
cp_tutorial_advanced_segmentation_final,4,16,1791416964.0436478,3205011,,,pipeline,compile,started,0.0,0,16
cp_tutorial_advanced_segmentation_final,4,16,1791416964.166722,3205011,,,,init,started,0.0,0,1
cp_tutorial_advanced_segmentation_final,4,16,1791416964.539049,3205011,,W001,compilation,compile,running,6.25,1,16
cp_tutorial_advanced_segmentation_final,4,16,1791416964.6038196,3205011,,W002,compilation,compile,running,12.5,2,16
cp_tutorial_advanced_segmentation_final,4,16,1791416964.6679254,3205011,,W003,compilation,compile,running,18.75,3,16
cp_tutorial_advanced_segmentation_final,4,16,1791416964.7325284,3205011,,W004,compilation,compile,running,25.0,4,16
cp_tutorial_advanced_segmentation_final,4,16,1791416964.7956798,3205011,,W005,compilation,compile,running,31.25,5,16
cp_tutorial_advanced_segmentation_final,4,16,1791416964.8604386,3205011,,W006,compilation,compile,running,37.5,6,16
cp_tutorial_advanced_segmentation_final,4,16,1791416964.925371,3205011,,W007,compilation,compile,running,43.75,7,16
cp_tutorial_advanced_segmentation_final,4,16,1791416964.9907246,3205011,,W008,compilation,compile,running,50.0,8,16
cp_tutorial_advanced_segmentation_final,4,16,1791416965.0546818,3205011,,W009,compilation,compile,running,56.25,9,16
cp_tutorial_advanced_segmentation_final,4,16,1791416965.1173124,3205011,,W010,compilation,compile,running,62.5,10,16
cp_tutorial_advanced_segmentation_final,4,16,1791416965.1821187,3205011,,W011,compilation,compile,running,68.75,11,16
cp_tutorial_advanced_segmentation_final,4,16,1791416965.2467182,3205011,,W012,compilation,compile,running,75.0,12,16
cp_tutorial_advanced_segmentation_final,4,16,1791416965.3114693,3205011,,W013,compilation,compile,running,81.25,13,16
cp_tutorial_advanced_segmentation_final,4,16,1791416965.3758671,3205011,,W014,compilation,compile,running,87.5,14,16
cp_tutorial_advanced_segmentation_final,4,16,1791416965.440511,3205011,,W015,compilation,compile,running,93.75,15,16
cp_tutorial_advanced_segmentation_final,4,16,1791416965.5047073,3205011,,W016,compilation,compile,running,100.0,16,16
cp_tutorial_advanced_segmentation_final,4,16,1791416965.5427246,3205011,,,,init,started,0.0,0,1
cp_tutorial_advanced_segmentation_final,4,16,1791416965.542812,3205011,,,pipeline,compile,success,100.0,1,16
cp_tutorial_advanced_segmentation_final,4,16,1791416965.5428658,3205011,,W001,compilation,compile,success,100.0,1,1
cp_tutorial_advanced_segmentation_final,4,16,1791416965.5428944,3205011,,W002,compilation,compile,success,100.0,1,1
cp_tutorial_advanced_segmentation_final,4,16,1791416965.5429204,3205011,,W003,compilation,compile,success,100.0,1,1
cp_tutorial_advanced_segmentation_final,4,16,1791416965.5429456,3205011,,W004,compilation,compile,success,100.0,1,1
cp_tutorial_advanced_segmentation_final,4,16,1791416965.5429702,3205011,,W005,compilation,compile,success,100.0,1,1
cp_tutorial_advanced_segmentation_final,4,16,1791416965.5429943,3205011,,W006,compilation,compile,success,100.0,1,1
cp_tutorial_advanced_segmentation_final,4,16,1791416965.5430186,3205011,,W007,compilation,compile,success,100.0,1,1
cp_tutorial_advanced_segmentation_final,4,16,1791416965.5430427,3205011,,W008,compilation,compile,success,100.0,1,1
cp_tutorial_advanced_segmentation_final,4,16,1791416965.5430663,3205011,,W009,compilation,compile,success,100.0,1,1
cp_tutorial_advanced_segmentation_final,4,16,1791416965.5430899,3205011,,W010,compilation,compile,success,100.0,1,1
cp_tutorial_advanced_segmentation_final,4,16,1791416965.5431132,3205011,,W011,compilation,compile,success,100.0,1,1
cp_tutorial_advanced_segmentation_final,4,16,1791416965.543137,3205011,,W012,compilation,compile,success,100.0,1,1
cp_tutorial_advanced_segmentation_final,4,16,1791416965.5431604,3205011,,W013,compilation,compile,success,100.0,1,1
cp_tutorial_advanced_segmentation_final,4,16,1791416965.5431836,3205011,,W014,compilation,compile,success,100.0,1,1
cp_tutorial_advanced_segmentation_final,4,16,1791416965.5432067,3205011,,W015,compilation,compile,success,100.0,1,1
cp_tutorial_advanced_segmentation_final,4,16,1791416965.54323,3205011,,W016,compilation,compile,success,100.0,1,1
cp_tutorial_advanced_segmentation_final,4,16,1791416965.5829208,3205011,,,,init,started,0.0,0,1
cp_tutorial_advanced_segmentation_final,4,16,1791416965.6275566,3245870,worker_0,W001,pipeline,axis_started,started,0.0,0,16
cp_tutorial_advanced_segmentation_final,4,16,1791416965.634037,3245870,worker_0,W001,CorrectIlluminationApply,step_started,started,0.0,0,16
cp_tutorial_advanced_segmentation_final,4,16,1791416965.648498,3245872,worker_1,W002,pipeline,axis_started,started,0.0,0,16
cp_tutorial_advanced_segmentation_final,4,16,1791416965.6556423,3245872,worker_1,W002,CorrectIlluminationApply,step_started,started,0.0,0,16
cp_tutorial_advanced_segmentation_final,4,16,1791416965.6714118,3245874,worker_2,W003,pipeline,axis_started,started,0.0,0,16
cp_tutorial_advanced_segmentation_final,4,16,1791416965.6777318,3245874,worker_2,W003,CorrectIlluminationApply,step_started,started,0.0,0,16
cp_tutorial_advanced_segmentation_final,4,16,1791416965.6965082,3245876,worker_3,W004,pipeline,axis_started,started,0.0,0,16
cp_tutorial_advanced_segmentation_final,4,16,1791416965.7027707,3245876,worker_3,W004,CorrectIlluminationApply,step_started,started,0.0,0,16
cp_tutorial_advanced_segmentation_final,4,16,1791416965.896257,3245870,worker_0,W001,CorrectIlluminationApply,pattern_group,running,20.0,1,5
cp_tutorial_advanced_segmentation_final,4,16,1791416965.9191952,3245872,worker_1,W002,CorrectIlluminationApply,pattern_group,running,20.0,1,5
cp_tutorial_advanced_segmentation_final,4,16,1791416965.93323,3245870,worker_0,W001,CorrectIlluminationApply,pattern_group,running,40.0,2,5
cp_tutorial_advanced_segmentation_final,4,16,1791416965.9436524,3245874,worker_2,W003,CorrectIlluminationApply,pattern_group,running,20.0,1,5
cp_tutorial_advanced_segmentation_final,4,16,1791416965.9591978,3245872,worker_1,W002,CorrectIlluminationApply,pattern_group,running,40.0,2,5
cp_tutorial_advanced_segmentation_final,4,16,1791416965.967309,3245876,worker_3,W004,CorrectIlluminationApply,pattern_group,running,20.0,1,5
cp_tutorial_advanced_segmentation_final,4,16,1791416965.9693604,3245870,worker_0,W001,CorrectIlluminationApply,pattern_group,running,60.0,3,5
cp_tutorial_advanced_segmentation_final,4,16,1791416965.9837854,3245874,worker_2,W003,CorrectIlluminationApply,pattern_group,running,40.0,2,5
cp_tutorial_advanced_segmentation_final,4,16,1791416965.9940124,3245872,worker_1,W002,CorrectIlluminationApply,pattern_group,running,60.0,3,5
cp_tutorial_advanced_segmentation_final,4,16,1791416966.0023773,3245870,worker_0,W001,CorrectIlluminationApply,pattern_group,running,80.0,4,5
cp_tutorial_advanced_segmentation_final,4,16,1791416966.005248,3245876,worker_3,W004,CorrectIlluminationApply,pattern_group,running,40.0,2,5
cp_tutorial_advanced_segmentation_final,4,16,1791416966.0214713,3245874,worker_2,W003,CorrectIlluminationApply,pattern_group,running,60.0,3,5
cp_tutorial_advanced_segmentation_final,4,16,1791416966.0278807,3245872,worker_1,W002,CorrectIlluminationApply,pattern_group,running,80.0,4,5
cp_tutorial_advanced_segmentation_final,4,16,1791416966.036719,3245870,worker_0,W001,CorrectIlluminationApply,pattern_group,running,100.0,5,5
cp_tutorial_advanced_segmentation_final,4,16,1791416966.037833,3245870,worker_0,W001,CorrectIlluminationApply,step_completed,success,6.25,1,16
cp_tutorial_advanced_segmentation_final,4,16,1791416966.0385287,3245870,worker_0,W001,IdentifyPrimaryObjects,step_started,started,6.25,1,16
cp_tutorial_advanced_segmentation_final,4,16,1791416966.0405586,3245876,worker_3,W004,CorrectIlluminationApply,pattern_group,running,60.0,3,5
cp_tutorial_advanced_segmentation_final,4,16,1791416966.056868,3245874,worker_2,W003,CorrectIlluminationApply,pattern_group,running,80.0,4,5
cp_tutorial_advanced_segmentation_final,4,16,1791416966.0641952,3245872,worker_1,W002,CorrectIlluminationApply,pattern_group,running,100.0,5,5
cp_tutorial_advanced_segmentation_final,4,16,1791416966.065293,3245872,worker_1,W002,CorrectIlluminationApply,step_completed,success,6.25,1,16
cp_tutorial_advanced_segmentation_final,4,16,1791416966.065908,3245872,worker_1,W002,IdentifyPrimaryObjects,step_started,started,6.25,1,16
cp_tutorial_advanced_segmentation_final,4,16,1791416966.076314,3245876,worker_3,W004,CorrectIlluminationApply,pattern_group,running,80.0,4,5
cp_tutorial_advanced_segmentation_final,4,16,1791416966.0926642,3245874,worker_2,W003,CorrectIlluminationApply,pattern_group,running,100.0,5,5
cp_tutorial_advanced_segmentation_final,4,16,1791416966.0937707,3245874,worker_2,W003,CorrectIlluminationApply,step_completed,success,6.25,1,16
cp_tutorial_advanced_segmentation_final,4,16,1791416966.0944164,3245874,worker_2,W003,IdentifyPrimaryObjects,step_started,started,6.25,1,16
cp_tutorial_advanced_segmentation_final,4,16,1791416966.115608,3245876,worker_3,W004,CorrectIlluminationApply,pattern_group,running,100.0,5,5
cp_tutorial_advanced_segmentation_final,4,16,1791416966.1171565,3245876,worker_3,W004,CorrectIlluminationApply,step_completed,success,6.25,1,16
cp_tutorial_advanced_segmentation_final,4,16,1791416966.1178672,3245876,worker_3,W004,IdentifyPrimaryObjects,step_started,started,6.25,1,16
cp_tutorial_advanced_segmentation_final,4,16,1791416966.1844158,3245870,worker_0,W001,IdentifyPrimaryObjects,pattern_group,running,100.0,1,1
cp_tutorial_advanced_segmentation_final,4,16,1791416966.185306,3245870,worker_0,W001,IdentifyPrimaryObjects,step_completed,success,12.5,2,16
cp_tutorial_advanced_segmentation_final,4,16,1791416966.1864798,3245870,worker_0,W001,IdentifySecondaryObjects,step_started,started,12.5,2,16
cp_tutorial_advanced_segmentation_final,4,16,1791416966.2196214,3245872,worker_1,W002,IdentifyPrimaryObjects,pattern_group,running,100.0,1,1
cp_tutorial_advanced_segmentation_final,4,16,1791416966.2203777,3245872,worker_1,W002,IdentifyPrimaryObjects,step_completed,success,12.5,2,16
cp_tutorial_advanced_segmentation_final,4,16,1791416966.2213087,3245872,worker_1,W002,IdentifySecondaryObjects,step_started,started,12.5,2,16
cp_tutorial_advanced_segmentation_final,4,16,1791416966.2477329,3245874,worker_2,W003,IdentifyPrimaryObjects,pattern_group,running,100.0,1,1
cp_tutorial_advanced_segmentation_final,4,16,1791416966.248432,3245874,worker_2,W003,IdentifyPrimaryObjects,step_completed,success,12.5,2,16
cp_tutorial_advanced_segmentation_final,4,16,1791416966.2494147,3245874,worker_2,W003,IdentifySecondaryObjects,step_started,started,12.5,2,16
cp_tutorial_advanced_segmentation_final,4,16,1791416966.2654142,3245876,worker_3,W004,IdentifyPrimaryObjects,pattern_group,running,100.0,1,1
cp_tutorial_advanced_segmentation_final,4,16,1791416966.2661338,3245876,worker_3,W004,IdentifyPrimaryObjects,step_completed,success,12.5,2,16
cp_tutorial_advanced_segmentation_final,4,16,1791416966.2670221,3245876,worker_3,W004,IdentifySecondaryObjects,step_started,started,12.5,2,16
cp_tutorial_advanced_segmentation_final,4,16,1791416966.4489841,3245870,worker_0,W001,IdentifySecondaryObjects,pattern_group,running,100.0,1,1
cp_tutorial_advanced_segmentation_final,4,16,1791416966.4496217,3245870,worker_0,W001,IdentifySecondaryObjects,step_completed,success,18.75,3,16
cp_tutorial_advanced_segmentation_final,4,16,1791416966.450321,3245870,worker_0,W001,IdentifyTertiaryObjects,step_started,started,18.75,3,16
cp_tutorial_advanced_segmentation_final,4,16,1791416966.489022,3245872,worker_1,W002,IdentifySecondaryObjects,pattern_group,running,100.0,1,1
cp_tutorial_advanced_segmentation_final,4,16,1791416966.4896905,3245872,worker_1,W002,IdentifySecondaryObjects,step_completed,success,18.75,3,16
cp_tutorial_advanced_segmentation_final,4,16,1791416966.4904542,3245872,worker_1,W002,IdentifyTertiaryObjects,step_started,started,18.75,3,16
cp_tutorial_advanced_segmentation_final,4,16,1791416966.5042772,3245870,worker_0,W001,IdentifyTertiaryObjects,pattern_group,running,100.0,1,1
cp_tutorial_advanced_segmentation_final,4,16,1791416966.5047765,3245870,worker_0,W001,IdentifyTertiaryObjects,step_completed,success,25.0,4,16
cp_tutorial_advanced_segmentation_final,4,16,1791416966.5055788,3245870,worker_0,W001,EnhanceOrSuppressFeatures,step_started,started,25.0,4,16
cp_tutorial_advanced_segmentation_final,4,16,1791416966.518425,3245874,worker_2,W003,IdentifySecondaryObjects,pattern_group,running,100.0,1,1
cp_tutorial_advanced_segmentation_final,4,16,1791416966.5191352,3245874,worker_2,W003,IdentifySecondaryObjects,step_completed,success,18.75,3,16
cp_tutorial_advanced_segmentation_final,4,16,1791416966.5198944,3245874,worker_2,W003,IdentifyTertiaryObjects,step_started,started,18.75,3,16
cp_tutorial_advanced_segmentation_final,4,16,1791416966.5208826,3245870,worker_0,W001,EnhanceOrSuppressFeatures,pattern_group,running,100.0,1,1
cp_tutorial_advanced_segmentation_final,4,16,1791416966.5210588,3245870,worker_0,W001,EnhanceOrSuppressFeatures,step_completed,success,31.25,5,16
cp_tutorial_advanced_segmentation_final,4,16,1791416966.5216756,3245870,worker_0,W001,MaskImage,step_started,started,31.25,5,16
cp_tutorial_advanced_segmentation_final,4,16,1791416966.533194,3245870,worker_0,W001,MaskImage,pattern_group,running,100.0,1,1
cp_tutorial_advanced_segmentation_final,4,16,1791416966.5333796,3245870,worker_0,W001,MaskImage,step_completed,success,37.5,6,16
cp_tutorial_advanced_segmentation_final,4,16,1791416966.5341449,3245870,worker_0,W001,IdentifyPrimaryObjects,step_started,started,37.5,6,16
cp_tutorial_advanced_segmentation_final,4,16,1791416966.53904,3245876,worker_3,W004,IdentifySecondaryObjects,pattern_group,running,100.0,1,1
cp_tutorial_advanced_segmentation_final,4,16,1791416966.539912,3245876,worker_3,W004,IdentifySecondaryObjects,step_completed,success,18.75,3,16
cp_tutorial_advanced_segmentation_final,4,16,1791416966.5409987,3245876,worker_3,W004,IdentifyTertiaryObjects,step_started,started,18.75,3,16
cp_tutorial_advanced_segmentation_final,4,16,1791416966.5534468,3245872,worker_1,W002,IdentifyTertiaryObjects,pattern_group,running,100.0,1,1
cp_tutorial_advanced_segmentation_final,4,16,1791416966.5539107,3245872,worker_1,W002,IdentifyTertiaryObjects,step_completed,success,25.0,4,16
cp_tutorial_advanced_segmentation_final,4,16,1791416966.554692,3245872,worker_1,W002,EnhanceOrSuppressFeatures,step_started,started,25.0,4,16
cp_tutorial_advanced_segmentation_final,4,16,1791416966.5737948,3245872,worker_1,W002,EnhanceOrSuppressFeatures,pattern_group,running,100.0,1,1
cp_tutorial_advanced_segmentation_final,4,16,1791416966.5740523,3245872,worker_1,W002,EnhanceOrSuppressFeatures,step_completed,success,31.25,5,16
cp_tutorial_advanced_segmentation_final,4,16,1791416966.5748281,3245872,worker_1,W002,MaskImage,step_started,started,31.25,5,16
cp_tutorial_advanced_segmentation_final,4,16,1791416966.5864723,3245874,worker_2,W003,IdentifyTertiaryObjects,pattern_group,running,100.0,1,1
cp_tutorial_advanced_segmentation_final,4,16,1791416966.586948,3245874,worker_2,W003,IdentifyTertiaryObjects,step_completed,success,25.0,4,16
cp_tutorial_advanced_segmentation_final,4,16,1791416966.5877159,3245874,worker_2,W003,EnhanceOrSuppressFeatures,step_started,started,25.0,4,16
cp_tutorial_advanced_segmentation_final,4,16,1791416966.5866427,3245872,worker_1,W002,MaskImage,pattern_group,running,100.0,1,1
cp_tutorial_advanced_segmentation_final,4,16,1791416966.5867991,3245872,worker_1,W002,MaskImage,step_completed,success,37.5,6,16
cp_tutorial_advanced_segmentation_final,4,16,1791416966.58758,3245872,worker_1,W002,IdentifyPrimaryObjects,step_started,started,37.5,6,16
cp_tutorial_advanced_segmentation_final,4,16,1791416966.6046019,3245874,worker_2,W003,EnhanceOrSuppressFeatures,pattern_group,running,100.0,1,1
cp_tutorial_advanced_segmentation_final,4,16,1791416966.6052158,3245874,worker_2,W003,EnhanceOrSuppressFeatures,step_completed,success,31.25,5,16
cp_tutorial_advanced_segmentation_final,4,16,1791416966.6058192,3245874,worker_2,W003,MaskImage,step_started,started,31.25,5,16
cp_tutorial_advanced_segmentation_final,4,16,1791416966.6061645,3245876,worker_3,W004,IdentifyTertiaryObjects,pattern_group,running,100.0,1,1
cp_tutorial_advanced_segmentation_final,4,16,1791416966.6066294,3245876,worker_3,W004,IdentifyTertiaryObjects,step_completed,success,25.0,4,16
cp_tutorial_advanced_segmentation_final,4,16,1791416966.607488,3245876,worker_3,W004,EnhanceOrSuppressFeatures,step_started,started,25.0,4,16
cp_tutorial_advanced_segmentation_final,4,16,1791416966.6179001,3245874,worker_2,W003,MaskImage,pattern_group,running,100.0,1,1
cp_tutorial_advanced_segmentation_final,4,16,1791416966.6181233,3245874,worker_2,W003,MaskImage,step_completed,success,37.5,6,16
cp_tutorial_advanced_segmentation_final,4,16,1791416966.6189818,3245874,worker_2,W003,IdentifyPrimaryObjects,step_started,started,37.5,6,16
cp_tutorial_advanced_segmentation_final,4,16,1791416966.622988,3245876,worker_3,W004,EnhanceOrSuppressFeatures,pattern_group,running,100.0,1,1
cp_tutorial_advanced_segmentation_final,4,16,1791416966.6232128,3245876,worker_3,W004,EnhanceOrSuppressFeatures,step_completed,success,31.25,5,16
cp_tutorial_advanced_segmentation_final,4,16,1791416966.623809,3245876,worker_3,W004,MaskImage,step_started,started,31.25,5,16
cp_tutorial_advanced_segmentation_final,4,16,1791416966.6334949,3245870,worker_0,W001,IdentifyPrimaryObjects,pattern_group,running,100.0,1,1
cp_tutorial_advanced_segmentation_final,4,16,1791416966.6341949,3245870,worker_0,W001,IdentifyPrimaryObjects,step_completed,success,43.75,7,16
cp_tutorial_advanced_segmentation_final,4,16,1791416966.6353822,3245870,worker_0,W001,MaskImage,step_started,started,43.75,7,16
cp_tutorial_advanced_segmentation_final,4,16,1791416966.635108,3245876,worker_3,W004,MaskImage,pattern_group,running,100.0,1,1
cp_tutorial_advanced_segmentation_final,4,16,1791416966.6352906,3245876,worker_3,W004,MaskImage,step_completed,success,37.5,6,16
cp_tutorial_advanced_segmentation_final,4,16,1791416966.6361043,3245876,worker_3,W004,IdentifyPrimaryObjects,step_started,started,37.5,6,16
cp_tutorial_advanced_segmentation_final,4,16,1791416966.6478958,3245870,worker_0,W001,MaskImage,pattern_group,running,100.0,1,1
cp_tutorial_advanced_segmentation_final,4,16,1791416966.6482143,3245870,worker_0,W001,MaskImage,step_completed,success,50.0,8,16
cp_tutorial_advanced_segmentation_final,4,16,1791416966.6488676,3245870,worker_0,W001,IdentifyPrimaryObjects,step_started,started,50.0,8,16
cp_tutorial_advanced_segmentation_final,4,16,1791416966.6987152,3245872,worker_1,W002,IdentifyPrimaryObjects,pattern_group,running,100.0,1,1
cp_tutorial_advanced_segmentation_final,4,16,1791416966.6993656,3245872,worker_1,W002,IdentifyPrimaryObjects,step_completed,success,43.75,7,16
cp_tutorial_advanced_segmentation_final,4,16,1791416966.700554,3245872,worker_1,W002,MaskImage,step_started,started,43.75,7,16
cp_tutorial_advanced_segmentation_final,4,16,1791416966.7156868,3245872,worker_1,W002,MaskImage,pattern_group,running,100.0,1,1
cp_tutorial_advanced_segmentation_final,4,16,1791416966.715917,3245872,worker_1,W002,MaskImage,step_completed,success,50.0,8,16
cp_tutorial_advanced_segmentation_final,4,16,1791416966.7165537,3245872,worker_1,W002,IdentifyPrimaryObjects,step_started,started,50.0,8,16
cp_tutorial_advanced_segmentation_final,4,16,1791416966.7314556,3245874,worker_2,W003,IdentifyPrimaryObjects,pattern_group,running,100.0,1,1
cp_tutorial_advanced_segmentation_final,4,16,1791416966.7322314,3245874,worker_2,W003,IdentifyPrimaryObjects,step_completed,success,43.75,7,16
cp_tutorial_advanced_segmentation_final,4,16,1791416966.7336178,3245874,worker_2,W003,MaskImage,step_started,started,43.75,7,16
cp_tutorial_advanced_segmentation_final,4,16,1791416966.7463076,3245874,worker_2,W003,MaskImage,pattern_group,running,100.0,1,1
cp_tutorial_advanced_segmentation_final,4,16,1791416966.746523,3245874,worker_2,W003,MaskImage,step_completed,success,50.0,8,16
cp_tutorial_advanced_segmentation_final,4,16,1791416966.747153,3245874,worker_2,W003,IdentifyPrimaryObjects,step_started,started,50.0,8,16
cp_tutorial_advanced_segmentation_final,4,16,1791416966.7463753,3245876,worker_3,W004,IdentifyPrimaryObjects,pattern_group,running,100.0,1,1
cp_tutorial_advanced_segmentation_final,4,16,1791416966.7470233,3245876,worker_3,W004,IdentifyPrimaryObjects,step_completed,success,43.75,7,16
cp_tutorial_advanced_segmentation_final,4,16,1791416966.7482452,3245876,worker_3,W004,MaskImage,step_started,started,43.75,7,16
cp_tutorial_advanced_segmentation_final,4,16,1791416966.7599504,3245876,worker_3,W004,MaskImage,pattern_group,running,100.0,1,1
cp_tutorial_advanced_segmentation_final,4,16,1791416966.7602282,3245876,worker_3,W004,MaskImage,step_completed,success,50.0,8,16
cp_tutorial_advanced_segmentation_final,4,16,1791416966.760881,3245876,worker_3,W004,IdentifyPrimaryObjects,step_started,started,50.0,8,16
cp_tutorial_advanced_segmentation_final,4,16,1791416966.7601151,3245870,worker_0,W001,IdentifyPrimaryObjects,pattern_group,running,100.0,1,1
cp_tutorial_advanced_segmentation_final,4,16,1791416966.7608147,3245870,worker_0,W001,IdentifyPrimaryObjects,step_completed,success,56.25,9,16
cp_tutorial_advanced_segmentation_final,4,16,1791416966.762106,3245870,worker_0,W001,MeasureColocalization,step_started,started,56.25,9,16
cp_tutorial_advanced_segmentation_final,4,16,1791416966.8346698,3245872,worker_1,W002,IdentifyPrimaryObjects,pattern_group,running,100.0,1,1
cp_tutorial_advanced_segmentation_final,4,16,1791416966.8353415,3245872,worker_1,W002,IdentifyPrimaryObjects,step_completed,success,56.25,9,16
cp_tutorial_advanced_segmentation_final,4,16,1791416966.8369327,3245872,worker_1,W002,MeasureColocalization,step_started,started,56.25,9,16
cp_tutorial_advanced_segmentation_final,4,16,1791416966.8646023,3245874,worker_2,W003,IdentifyPrimaryObjects,pattern_group,running,100.0,1,1
cp_tutorial_advanced_segmentation_final,4,16,1791416966.865217,3245874,worker_2,W003,IdentifyPrimaryObjects,step_completed,success,56.25,9,16
cp_tutorial_advanced_segmentation_final,4,16,1791416966.86624,3245874,worker_2,W003,MeasureColocalization,step_started,started,56.25,9,16
cp_tutorial_advanced_segmentation_final,4,16,1791416966.872633,3245876,worker_3,W004,IdentifyPrimaryObjects,pattern_group,running,100.0,1,1
cp_tutorial_advanced_segmentation_final,4,16,1791416966.8732922,3245876,worker_3,W004,IdentifyPrimaryObjects,step_completed,success,56.25,9,16
cp_tutorial_advanced_segmentation_final,4,16,1791416966.8745925,3245876,worker_3,W004,MeasureColocalization,step_started,started,56.25,9,16
cp_tutorial_advanced_segmentation_final,4,16,1791416967.5643337,3245870,worker_0,W001,MeasureColocalization,pattern_group,running,50.0,1,2
cp_tutorial_advanced_segmentation_final,4,16,1791416967.6041527,3245872,worker_1,W002,MeasureColocalization,pattern_group,running,50.0,1,2
cp_tutorial_advanced_segmentation_final,4,16,1791416967.666973,3245874,worker_2,W003,MeasureColocalization,pattern_group,running,50.0,1,2
cp_tutorial_advanced_segmentation_final,4,16,1791416967.6865256,3245876,worker_3,W004,MeasureColocalization,pattern_group,running,50.0,1,2
cp_tutorial_advanced_segmentation_final,4,16,1791416968.3070138,3245870,worker_0,W001,MeasureColocalization,pattern_group,running,100.0,2,2
cp_tutorial_advanced_segmentation_final,4,16,1791416968.3125849,3245870,worker_0,W001,MeasureColocalization,step_completed,success,62.5,10,16
cp_tutorial_advanced_segmentation_final,4,16,1791416968.3132536,3245870,worker_0,W001,MeasureObjectIntensity,step_started,started,62.5,10,16
cp_tutorial_advanced_segmentation_final,4,16,1791416968.3220322,3245872,worker_1,W002,MeasureColocalization,pattern_group,running,100.0,2,2
cp_tutorial_advanced_segmentation_final,4,16,1791416968.3290079,3245872,worker_1,W002,MeasureColocalization,step_completed,success,62.5,10,16
cp_tutorial_advanced_segmentation_final,4,16,1791416968.3297443,3245872,worker_1,W002,MeasureObjectIntensity,step_started,started,62.5,10,16
cp_tutorial_advanced_segmentation_final,4,16,1791416968.3987775,3245874,worker_2,W003,MeasureColocalization,pattern_group,running,100.0,2,2
cp_tutorial_advanced_segmentation_final,4,16,1791416968.4043777,3245874,worker_2,W003,MeasureColocalization,step_completed,success,62.5,10,16
cp_tutorial_advanced_segmentation_final,4,16,1791416968.4050837,3245874,worker_2,W003,MeasureObjectIntensity,step_started,started,62.5,10,16
cp_tutorial_advanced_segmentation_final,4,16,1791416968.446058,3245876,worker_3,W004,MeasureColocalization,pattern_group,running,100.0,2,2
cp_tutorial_advanced_segmentation_final,4,16,1791416968.452457,3245876,worker_3,W004,MeasureColocalization,step_completed,success,62.5,10,16
cp_tutorial_advanced_segmentation_final,4,16,1791416968.4531515,3245876,worker_3,W004,MeasureObjectIntensity,step_started,started,62.5,10,16
cp_tutorial_advanced_segmentation_final,4,16,1791416968.7855844,3245870,worker_0,W001,MeasureObjectIntensity,pattern_group,running,50.0,1,2
cp_tutorial_advanced_segmentation_final,4,16,1791416968.8056135,3245872,worker_1,W002,MeasureObjectIntensity,pattern_group,running,50.0,1,2
cp_tutorial_advanced_segmentation_final,4,16,1791416968.8824282,3245874,worker_2,W003,MeasureObjectIntensity,pattern_group,running,50.0,1,2
cp_tutorial_advanced_segmentation_final,4,16,1791416968.9114122,3245870,worker_0,W001,MeasureObjectIntensity,pattern_group,running,100.0,2,2
cp_tutorial_advanced_segmentation_final,4,16,1791416968.9148943,3245870,worker_0,W001,MeasureObjectIntensity,step_completed,success,68.75,11,16
cp_tutorial_advanced_segmentation_final,4,16,1791416968.9158452,3245870,worker_0,W001,MeasureObjectIntensityDistribution,step_started,started,68.75,11,16
cp_tutorial_advanced_segmentation_final,4,16,1791416968.9348667,3245872,worker_1,W002,MeasureObjectIntensity,pattern_group,running,100.0,2,2
cp_tutorial_advanced_segmentation_final,4,16,1791416968.938974,3245872,worker_1,W002,MeasureObjectIntensity,step_completed,success,68.75,11,16
cp_tutorial_advanced_segmentation_final,4,16,1791416968.9399183,3245872,worker_1,W002,MeasureObjectIntensityDistribution,step_started,started,68.75,11,16
cp_tutorial_advanced_segmentation_final,4,16,1791416968.95249,3245876,worker_3,W004,MeasureObjectIntensity,pattern_group,running,50.0,1,2
cp_tutorial_advanced_segmentation_final,4,16,1791416969.0200827,3245874,worker_2,W003,MeasureObjectIntensity,pattern_group,running,100.0,2,2
cp_tutorial_advanced_segmentation_final,4,16,1791416969.0234134,3245874,worker_2,W003,MeasureObjectIntensity,step_completed,success,68.75,11,16
cp_tutorial_advanced_segmentation_final,4,16,1791416969.0243237,3245874,worker_2,W003,MeasureObjectIntensityDistribution,step_started,started,68.75,11,16
cp_tutorial_advanced_segmentation_final,4,16,1791416969.0734606,3245876,worker_3,W004,MeasureObjectIntensity,pattern_group,running,100.0,2,2
cp_tutorial_advanced_segmentation_final,4,16,1791416969.0768726,3245876,worker_3,W004,MeasureObjectIntensity,step_completed,success,68.75,11,16
cp_tutorial_advanced_segmentation_final,4,16,1791416969.077803,3245876,worker_3,W004,MeasureObjectIntensityDistribution,step_started,started,68.75,11,16
cp_tutorial_advanced_segmentation_final,4,16,1791416969.285767,3245870,worker_0,W001,MeasureObjectIntensityDistribution,pattern_group,running,50.0,1,2
cp_tutorial_advanced_segmentation_final,4,16,1791416969.2932458,3245872,worker_1,W002,MeasureObjectIntensityDistribution,pattern_group,running,50.0,1,2
cp_tutorial_advanced_segmentation_final,4,16,1791416969.3636124,3245870,worker_0,W001,MeasureObjectIntensityDistribution,pattern_group,running,100.0,2,2
cp_tutorial_advanced_segmentation_final,4,16,1791416969.366444,3245870,worker_0,W001,MeasureObjectIntensityDistribution,step_completed,success,75.0,12,16
cp_tutorial_advanced_segmentation_final,4,16,1791416969.3674617,3245870,worker_0,W001,MeasureObjectSizeShape,step_started,started,75.0,12,16
cp_tutorial_advanced_segmentation_final,4,16,1791416969.3658834,3245872,worker_1,W002,MeasureObjectIntensityDistribution,pattern_group,running,100.0,2,2
cp_tutorial_advanced_segmentation_final,4,16,1791416969.3686726,3245872,worker_1,W002,MeasureObjectIntensityDistribution,step_completed,success,75.0,12,16
cp_tutorial_advanced_segmentation_final,4,16,1791416969.373787,3245872,worker_1,W002,MeasureObjectSizeShape,step_started,started,75.0,12,16
cp_tutorial_advanced_segmentation_final,4,16,1791416969.3909535,3245874,worker_2,W003,MeasureObjectIntensityDistribution,pattern_group,running,50.0,1,2
cp_tutorial_advanced_segmentation_final,4,16,1791416969.4178536,3245876,worker_3,W004,MeasureObjectIntensityDistribution,pattern_group,running,50.0,1,2
cp_tutorial_advanced_segmentation_final,4,16,1791416969.4703681,3245874,worker_2,W003,MeasureObjectIntensityDistribution,pattern_group,running,100.0,2,2
cp_tutorial_advanced_segmentation_final,4,16,1791416969.4731853,3245874,worker_2,W003,MeasureObjectIntensityDistribution,step_completed,success,75.0,12,16
cp_tutorial_advanced_segmentation_final,4,16,1791416969.4742646,3245874,worker_2,W003,MeasureObjectSizeShape,step_started,started,75.0,12,16
cp_tutorial_advanced_segmentation_final,4,16,1791416969.490689,3245876,worker_3,W004,MeasureObjectIntensityDistribution,pattern_group,running,100.0,2,2
cp_tutorial_advanced_segmentation_final,4,16,1791416969.493561,3245876,worker_3,W004,MeasureObjectIntensityDistribution,step_completed,success,75.0,12,16
cp_tutorial_advanced_segmentation_final,4,16,1791416969.4945705,3245876,worker_3,W004,MeasureObjectSizeShape,step_started,started,75.0,12,16
cp_tutorial_advanced_segmentation_final,4,16,1791416969.772085,3245872,worker_1,W002,MeasureObjectSizeShape,pattern_group,running,25.0,1,4
cp_tutorial_advanced_segmentation_final,4,16,1791416969.7907772,3245870,worker_0,W001,MeasureObjectSizeShape,pattern_group,running,25.0,1,4
cp_tutorial_advanced_segmentation_final,4,16,1791416969.8695495,3245874,worker_2,W003,MeasureObjectSizeShape,pattern_group,running,25.0,1,4
cp_tutorial_advanced_segmentation_final,4,16,1791416969.8730927,3245872,worker_1,W002,MeasureObjectSizeShape,pattern_group,running,50.0,2,4
cp_tutorial_advanced_segmentation_final,4,16,1791416969.8821123,3245876,worker_3,W004,MeasureObjectSizeShape,pattern_group,running,25.0,1,4
cp_tutorial_advanced_segmentation_final,4,16,1791416969.8902166,3245870,worker_0,W001,MeasureObjectSizeShape,pattern_group,running,50.0,2,4
cp_tutorial_advanced_segmentation_final,4,16,1791416969.9635448,3245872,worker_1,W002,MeasureObjectSizeShape,pattern_group,running,75.0,3,4
cp_tutorial_advanced_segmentation_final,4,16,1791416969.9719477,3245874,worker_2,W003,MeasureObjectSizeShape,pattern_group,running,50.0,2,4
cp_tutorial_advanced_segmentation_final,4,16,1791416969.983746,3245876,worker_3,W004,MeasureObjectSizeShape,pattern_group,running,50.0,2,4
cp_tutorial_advanced_segmentation_final,4,16,1791416969.9845805,3245870,worker_0,W001,MeasureObjectSizeShape,pattern_group,running,75.0,3,4
cp_tutorial_advanced_segmentation_final,4,16,1791416970.0076902,3245872,worker_1,W002,MeasureObjectSizeShape,pattern_group,running,100.0,4,4
cp_tutorial_advanced_segmentation_final,4,16,1791416970.0128934,3245872,worker_1,W002,MeasureObjectSizeShape,step_completed,success,81.25,13,16
cp_tutorial_advanced_segmentation_final,4,16,1791416970.0138419,3245872,worker_1,W002,MeasureObjectNeighbors,step_started,started,81.25,13,16
cp_tutorial_advanced_segmentation_final,4,16,1791416970.0281703,3245870,worker_0,W001,MeasureObjectSizeShape,pattern_group,running,100.0,4,4
cp_tutorial_advanced_segmentation_final,4,16,1791416970.0372868,3245870,worker_0,W001,MeasureObjectSizeShape,step_completed,success,81.25,13,16
cp_tutorial_advanced_segmentation_final,4,16,1791416970.0382245,3245870,worker_0,W001,MeasureObjectNeighbors,step_started,started,81.25,13,16
cp_tutorial_advanced_segmentation_final,4,16,1791416970.0581815,3245874,worker_2,W003,MeasureObjectSizeShape,pattern_group,running,75.0,3,4
cp_tutorial_advanced_segmentation_final,4,16,1791416970.0869157,3245876,worker_3,W004,MeasureObjectSizeShape,pattern_group,running,75.0,3,4
cp_tutorial_advanced_segmentation_final,4,16,1791416970.0923896,3245872,worker_1,W002,MeasureObjectNeighbors,pattern_group,running,33.33333333333333,1,3
cp_tutorial_advanced_segmentation_final,4,16,1791416970.1035337,3245870,worker_0,W001,MeasureObjectNeighbors,pattern_group,running,33.33333333333333,1,3
cp_tutorial_advanced_segmentation_final,4,16,1791416970.101442,3245874,worker_2,W003,MeasureObjectSizeShape,pattern_group,running,100.0,4,4
cp_tutorial_advanced_segmentation_final,4,16,1791416970.106739,3245874,worker_2,W003,MeasureObjectSizeShape,step_completed,success,81.25,13,16
cp_tutorial_advanced_segmentation_final,4,16,1791416970.1077282,3245874,worker_2,W003,MeasureObjectNeighbors,step_started,started,81.25,13,16
cp_tutorial_advanced_segmentation_final,4,16,1791416970.140051,3245876,worker_3,W004,MeasureObjectSizeShape,pattern_group,running,100.0,4,4
cp_tutorial_advanced_segmentation_final,4,16,1791416970.1456933,3245876,worker_3,W004,MeasureObjectSizeShape,step_completed,success,81.25,13,16
cp_tutorial_advanced_segmentation_final,4,16,1791416970.1466544,3245876,worker_3,W004,MeasureObjectNeighbors,step_started,started,81.25,13,16
cp_tutorial_advanced_segmentation_final,4,16,1791416970.1521041,3245872,worker_1,W002,MeasureObjectNeighbors,pattern_group,running,66.66666666666666,2,3
cp_tutorial_advanced_segmentation_final,4,16,1791416970.1540647,3245870,worker_0,W001,MeasureObjectNeighbors,pattern_group,running,66.66666666666666,2,3
cp_tutorial_advanced_segmentation_final,4,16,1791416970.1680067,3245874,worker_2,W003,MeasureObjectNeighbors,pattern_group,running,33.33333333333333,1,3
cp_tutorial_advanced_segmentation_final,4,16,1791416970.217744,3245874,worker_2,W003,MeasureObjectNeighbors,pattern_group,running,66.66666666666666,2,3
cp_tutorial_advanced_segmentation_final,4,16,1791416970.2177677,3245876,worker_3,W004,MeasureObjectNeighbors,pattern_group,running,33.33333333333333,1,3
cp_tutorial_advanced_segmentation_final,4,16,1791416970.2394278,3245872,worker_1,W002,MeasureObjectNeighbors,pattern_group,running,100.0,3,3
cp_tutorial_advanced_segmentation_final,4,16,1791416970.240762,3245872,worker_1,W002,MeasureObjectNeighbors,step_completed,success,87.5,14,16
cp_tutorial_advanced_segmentation_final,4,16,1791416970.2415133,3245872,worker_1,W002,RelateObjects,step_started,started,87.5,14,16
cp_tutorial_advanced_segmentation_final,4,16,1791416970.2415378,3245870,worker_0,W001,MeasureObjectNeighbors,pattern_group,running,100.0,3,3
cp_tutorial_advanced_segmentation_final,4,16,1791416970.2430964,3245870,worker_0,W001,MeasureObjectNeighbors,step_completed,success,87.5,14,16
cp_tutorial_advanced_segmentation_final,4,16,1791416970.2442381,3245870,worker_0,W001,RelateObjects,step_started,started,87.5,14,16
cp_tutorial_advanced_segmentation_final,4,16,1791416970.26872,3245876,worker_3,W004,MeasureObjectNeighbors,pattern_group,running,66.66666666666666,2,3
cp_tutorial_advanced_segmentation_final,4,16,1791416970.290427,3245874,worker_2,W003,MeasureObjectNeighbors,pattern_group,running,100.0,3,3
cp_tutorial_advanced_segmentation_final,4,16,1791416970.291603,3245874,worker_2,W003,MeasureObjectNeighbors,step_completed,success,87.5,14,16
cp_tutorial_advanced_segmentation_final,4,16,1791416970.2922819,3245874,worker_2,W003,RelateObjects,step_started,started,87.5,14,16
cp_tutorial_advanced_segmentation_final,4,16,1791416970.3382294,3245876,worker_3,W004,MeasureObjectNeighbors,pattern_group,running,100.0,3,3
cp_tutorial_advanced_segmentation_final,4,16,1791416970.3393576,3245876,worker_3,W004,MeasureObjectNeighbors,step_completed,success,87.5,14,16
cp_tutorial_advanced_segmentation_final,4,16,1791416970.3400235,3245876,worker_3,W004,RelateObjects,step_started,started,87.5,14,16
cp_tutorial_advanced_segmentation_final,4,16,1791416970.466735,3245872,worker_1,W002,RelateObjects,pattern_group,running,50.0,1,2
cp_tutorial_advanced_segmentation_final,4,16,1791416970.4760978,3245870,worker_0,W001,RelateObjects,pattern_group,running,50.0,1,2
cp_tutorial_advanced_segmentation_final,4,16,1791416970.507418,3245874,worker_2,W003,RelateObjects,pattern_group,running,50.0,1,2
cp_tutorial_advanced_segmentation_final,4,16,1791416970.5516298,3245876,worker_3,W004,RelateObjects,pattern_group,running,50.0,1,2
cp_tutorial_advanced_segmentation_final,4,16,1791416970.8776252,3245872,worker_1,W002,RelateObjects,pattern_group,running,100.0,2,2
cp_tutorial_advanced_segmentation_final,4,16,1791416970.8830457,3245872,worker_1,W002,RelateObjects,step_completed,success,93.75,15,16
cp_tutorial_advanced_segmentation_final,4,16,1791416970.8851788,3245872,worker_1,W002,pipeline,axis_completed,success,93.75,15,16
cp_tutorial_advanced_segmentation_final,4,16,1791416970.8852413,3245872,worker_1,W006,pipeline,axis_started,started,0.0,0,16
cp_tutorial_advanced_segmentation_final,4,16,1791416970.8898804,3245872,worker_1,W006,CorrectIlluminationApply,step_started,started,0.0,0,16
cp_tutorial_advanced_segmentation_final,4,16,1791416970.9103384,3245870,worker_0,W001,RelateObjects,pattern_group,running,100.0,2,2
cp_tutorial_advanced_segmentation_final,4,16,1791416970.9153318,3245870,worker_0,W001,RelateObjects,step_completed,success,93.75,15,16
cp_tutorial_advanced_segmentation_final,4,16,1791416970.91121,3245874,worker_2,W003,RelateObjects,pattern_group,running,100.0,2,2
cp_tutorial_advanced_segmentation_final,4,16,1791416970.9162443,3245874,worker_2,W003,RelateObjects,step_completed,success,93.75,15,16
cp_tutorial_advanced_segmentation_final,4,16,1791416970.9176426,3245870,worker_0,W001,pipeline,axis_completed,success,93.75,15,16
cp_tutorial_advanced_segmentation_final,4,16,1791416970.9177196,3245870,worker_0,W005,pipeline,axis_started,started,0.0,0,16
cp_tutorial_advanced_segmentation_final,4,16,1791416970.921739,3245870,worker_0,W005,CorrectIlluminationApply,step_started,started,0.0,0,16
cp_tutorial_advanced_segmentation_final,4,16,1791416970.9185102,3245874,worker_2,W003,pipeline,axis_completed,success,93.75,15,16
cp_tutorial_advanced_segmentation_final,4,16,1791416970.9185815,3245874,worker_2,W007,pipeline,axis_started,started,0.0,0,16
cp_tutorial_advanced_segmentation_final,4,16,1791416970.9225047,3245874,worker_2,W007,CorrectIlluminationApply,step_started,started,0.0,0,16
cp_tutorial_advanced_segmentation_final,4,16,1791416970.9671617,3245872,worker_1,W006,CorrectIlluminationApply,pattern_group,running,20.0,1,5
cp_tutorial_advanced_segmentation_final,4,16,1791416970.9762516,3245876,worker_3,W004,RelateObjects,pattern_group,running,100.0,2,2
cp_tutorial_advanced_segmentation_final,4,16,1791416970.9855428,3245874,worker_2,W007,CorrectIlluminationApply,pattern_group,running,20.0,1,5
cp_tutorial_advanced_segmentation_final,4,16,1791416970.982132,3245876,worker_3,W004,RelateObjects,step_completed,success,93.75,15,16
cp_tutorial_advanced_segmentation_final,4,16,1791416970.9844296,3245876,worker_3,W004,pipeline,axis_completed,success,93.75,15,16
cp_tutorial_advanced_segmentation_final,4,16,1791416970.9844973,3245876,worker_3,W008,pipeline,axis_started,started,0.0,0,16
cp_tutorial_advanced_segmentation_final,4,16,1791416970.987788,3245870,worker_0,W005,CorrectIlluminationApply,pattern_group,running,20.0,1,5
cp_tutorial_advanced_segmentation_final,4,16,1791416970.989887,3245876,worker_3,W008,CorrectIlluminationApply,step_started,started,0.0,0,16
cp_tutorial_advanced_segmentation_final,4,16,1791416971.0034869,3245872,worker_1,W006,CorrectIlluminationApply,pattern_group,running,40.0,2,5
cp_tutorial_advanced_segmentation_final,4,16,1791416971.0163517,3245874,worker_2,W007,CorrectIlluminationApply,pattern_group,running,40.0,2,5
cp_tutorial_advanced_segmentation_final,4,16,1791416971.0206761,3245870,worker_0,W005,CorrectIlluminationApply,pattern_group,running,40.0,2,5
cp_tutorial_advanced_segmentation_final,4,16,1791416971.0365524,3245872,worker_1,W006,CorrectIlluminationApply,pattern_group,running,60.0,3,5
cp_tutorial_advanced_segmentation_final,4,16,1791416971.0487611,3245874,worker_2,W007,CorrectIlluminationApply,pattern_group,running,60.0,3,5
cp_tutorial_advanced_segmentation_final,4,16,1791416971.053805,3245870,worker_0,W005,CorrectIlluminationApply,pattern_group,running,60.0,3,5
cp_tutorial_advanced_segmentation_final,4,16,1791416971.0575209,3245876,worker_3,W008,CorrectIlluminationApply,pattern_group,running,20.0,1,5
cp_tutorial_advanced_segmentation_final,4,16,1791416971.0709069,3245872,worker_1,W006,CorrectIlluminationApply,pattern_group,running,80.0,4,5
cp_tutorial_advanced_segmentation_final,4,16,1791416971.0820816,3245874,worker_2,W007,CorrectIlluminationApply,pattern_group,running,80.0,4,5
cp_tutorial_advanced_segmentation_final,4,16,1791416971.0869992,3245870,worker_0,W005,CorrectIlluminationApply,pattern_group,running,80.0,4,5
cp_tutorial_advanced_segmentation_final,4,16,1791416971.089797,3245876,worker_3,W008,CorrectIlluminationApply,pattern_group,running,40.0,2,5
cp_tutorial_advanced_segmentation_final,4,16,1791416971.1038408,3245872,worker_1,W006,CorrectIlluminationApply,pattern_group,running,100.0,5,5
cp_tutorial_advanced_segmentation_final,4,16,1791416971.1041741,3245872,worker_1,W006,CorrectIlluminationApply,step_completed,success,6.25,1,16
cp_tutorial_advanced_segmentation_final,4,16,1791416971.1047854,3245872,worker_1,W006,IdentifyPrimaryObjects,step_started,started,6.25,1,16
cp_tutorial_advanced_segmentation_final,4,16,1791416971.1146357,3245874,worker_2,W007,CorrectIlluminationApply,pattern_group,running,100.0,5,5
cp_tutorial_advanced_segmentation_final,4,16,1791416971.1148748,3245874,worker_2,W007,CorrectIlluminationApply,step_completed,success,6.25,1,16
cp_tutorial_advanced_segmentation_final,4,16,1791416971.1154764,3245874,worker_2,W007,IdentifyPrimaryObjects,step_started,started,6.25,1,16
cp_tutorial_advanced_segmentation_final,4,16,1791416971.1203015,3245870,worker_0,W005,CorrectIlluminationApply,pattern_group,running,100.0,5,5
cp_tutorial_advanced_segmentation_final,4,16,1791416971.120583,3245870,worker_0,W005,CorrectIlluminationApply,step_completed,success,6.25,1,16
cp_tutorial_advanced_segmentation_final,4,16,1791416971.121143,3245870,worker_0,W005,IdentifyPrimaryObjects,step_started,started,6.25,1,16
cp_tutorial_advanced_segmentation_final,4,16,1791416971.1244118,3245876,worker_3,W008,CorrectIlluminationApply,pattern_group,running,60.0,3,5
cp_tutorial_advanced_segmentation_final,4,16,1791416971.1599238,3245876,worker_3,W008,CorrectIlluminationApply,pattern_group,running,80.0,4,5
cp_tutorial_advanced_segmentation_final,4,16,1791416971.1969154,3245876,worker_3,W008,CorrectIlluminationApply,pattern_group,running,100.0,5,5
cp_tutorial_advanced_segmentation_final,4,16,1791416971.1971614,3245876,worker_3,W008,CorrectIlluminationApply,step_completed,success,6.25,1,16
cp_tutorial_advanced_segmentation_final,4,16,1791416971.1977296,3245876,worker_3,W008,IdentifyPrimaryObjects,step_started,started,6.25,1,16
cp_tutorial_advanced_segmentation_final,4,16,1791416971.2271838,3245872,worker_1,W006,IdentifyPrimaryObjects,pattern_group,running,100.0,1,1
cp_tutorial_advanced_segmentation_final,4,16,1791416971.227842,3245872,worker_1,W006,IdentifyPrimaryObjects,step_completed,success,12.5,2,16
cp_tutorial_advanced_segmentation_final,4,16,1791416971.228718,3245872,worker_1,W006,IdentifySecondaryObjects,step_started,started,12.5,2,16
cp_tutorial_advanced_segmentation_final,4,16,1791416971.233973,3245874,worker_2,W007,IdentifyPrimaryObjects,pattern_group,running,100.0,1,1
cp_tutorial_advanced_segmentation_final,4,16,1791416971.2346227,3245874,worker_2,W007,IdentifyPrimaryObjects,step_completed,success,12.5,2,16
cp_tutorial_advanced_segmentation_final,4,16,1791416971.2355366,3245874,worker_2,W007,IdentifySecondaryObjects,step_started,started,12.5,2,16
cp_tutorial_advanced_segmentation_final,4,16,1791416971.249712,3245870,worker_0,W005,IdentifyPrimaryObjects,pattern_group,running,100.0,1,1
cp_tutorial_advanced_segmentation_final,4,16,1791416971.2507052,3245870,worker_0,W005,IdentifyPrimaryObjects,step_completed,success,12.5,2,16
cp_tutorial_advanced_segmentation_final,4,16,1791416971.2516472,3245870,worker_0,W005,IdentifySecondaryObjects,step_started,started,12.5,2,16
cp_tutorial_advanced_segmentation_final,4,16,1791416971.3095267,3245876,worker_3,W008,IdentifyPrimaryObjects,pattern_group,running,100.0,1,1
cp_tutorial_advanced_segmentation_final,4,16,1791416971.310111,3245876,worker_3,W008,IdentifyPrimaryObjects,step_completed,success,12.5,2,16
cp_tutorial_advanced_segmentation_final,4,16,1791416971.3109167,3245876,worker_3,W008,IdentifySecondaryObjects,step_started,started,12.5,2,16
cp_tutorial_advanced_segmentation_final,4,16,1791416971.4848728,3245872,worker_1,W006,IdentifySecondaryObjects,pattern_group,running,100.0,1,1
cp_tutorial_advanced_segmentation_final,4,16,1791416971.485495,3245872,worker_1,W006,IdentifySecondaryObjects,step_completed,success,18.75,3,16
cp_tutorial_advanced_segmentation_final,4,16,1791416971.4861803,3245872,worker_1,W006,IdentifyTertiaryObjects,step_started,started,18.75,3,16
cp_tutorial_advanced_segmentation_final,4,16,1791416971.4892378,3245874,worker_2,W007,IdentifySecondaryObjects,pattern_group,running,100.0,1,1
cp_tutorial_advanced_segmentation_final,4,16,1791416971.489873,3245874,worker_2,W007,IdentifySecondaryObjects,step_completed,success,18.75,3,16
cp_tutorial_advanced_segmentation_final,4,16,1791416971.4905655,3245874,worker_2,W007,IdentifyTertiaryObjects,step_started,started,18.75,3,16
cp_tutorial_advanced_segmentation_final,4,16,1791416971.5274591,3245870,worker_0,W005,IdentifySecondaryObjects,pattern_group,running,100.0,1,1
cp_tutorial_advanced_segmentation_final,4,16,1791416971.5280988,3245870,worker_0,W005,IdentifySecondaryObjects,step_completed,success,18.75,3,16
cp_tutorial_advanced_segmentation_final,4,16,1791416971.5288122,3245870,worker_0,W005,IdentifyTertiaryObjects,step_started,started,18.75,3,16
cp_tutorial_advanced_segmentation_final,4,16,1791416971.5437276,3245872,worker_1,W006,IdentifyTertiaryObjects,pattern_group,running,100.0,1,1
cp_tutorial_advanced_segmentation_final,4,16,1791416971.5441782,3245872,worker_1,W006,IdentifyTertiaryObjects,step_completed,success,25.0,4,16
cp_tutorial_advanced_segmentation_final,4,16,1791416971.5449276,3245872,worker_1,W006,EnhanceOrSuppressFeatures,step_started,started,25.0,4,16
cp_tutorial_advanced_segmentation_final,4,16,1791416971.5440164,3245874,worker_2,W007,IdentifyTertiaryObjects,pattern_group,running,100.0,1,1
cp_tutorial_advanced_segmentation_final,4,16,1791416971.5444393,3245874,worker_2,W007,IdentifyTertiaryObjects,step_completed,success,25.0,4,16
cp_tutorial_advanced_segmentation_final,4,16,1791416971.545164,3245874,worker_2,W007,EnhanceOrSuppressFeatures,step_started,started,25.0,4,16
cp_tutorial_advanced_segmentation_final,4,16,1791416971.5585291,3245874,worker_2,W007,EnhanceOrSuppressFeatures,pattern_group,running,100.0,1,1
cp_tutorial_advanced_segmentation_final,4,16,1791416971.5587204,3245874,worker_2,W007,EnhanceOrSuppressFeatures,step_completed,success,31.25,5,16
cp_tutorial_advanced_segmentation_final,4,16,1791416971.5593271,3245874,worker_2,W007,MaskImage,step_started,started,31.25,5,16
cp_tutorial_advanced_segmentation_final,4,16,1791416971.5597103,3245872,worker_1,W006,EnhanceOrSuppressFeatures,pattern_group,running,100.0,1,1
cp_tutorial_advanced_segmentation_final,4,16,1791416971.56008,3245872,worker_1,W006,EnhanceOrSuppressFeatures,step_completed,success,31.25,5,16
cp_tutorial_advanced_segmentation_final,4,16,1791416971.5607688,3245872,worker_1,W006,MaskImage,step_started,started,31.25,5,16
cp_tutorial_advanced_segmentation_final,4,16,1791416971.5701635,3245874,worker_2,W007,MaskImage,pattern_group,running,100.0,1,1
cp_tutorial_advanced_segmentation_final,4,16,1791416971.5703206,3245874,worker_2,W007,MaskImage,step_completed,success,37.5,6,16
cp_tutorial_advanced_segmentation_final,4,16,1791416971.571047,3245874,worker_2,W007,IdentifyPrimaryObjects,step_started,started,37.5,6,16
cp_tutorial_advanced_segmentation_final,4,16,1791416971.570865,3245872,worker_1,W006,MaskImage,pattern_group,running,100.0,1,1
cp_tutorial_advanced_segmentation_final,4,16,1791416971.5710206,3245872,worker_1,W006,MaskImage,step_completed,success,37.5,6,16
cp_tutorial_advanced_segmentation_final,4,16,1791416971.5726628,3245872,worker_1,W006,IdentifyPrimaryObjects,step_started,started,37.5,6,16
cp_tutorial_advanced_segmentation_final,4,16,1791416971.5851536,3245870,worker_0,W005,IdentifyTertiaryObjects,pattern_group,running,100.0,1,1
cp_tutorial_advanced_segmentation_final,4,16,1791416971.585815,3245870,worker_0,W005,IdentifyTertiaryObjects,step_completed,success,25.0,4,16
cp_tutorial_advanced_segmentation_final,4,16,1791416971.5867977,3245870,worker_0,W005,EnhanceOrSuppressFeatures,step_started,started,25.0,4,16
cp_tutorial_advanced_segmentation_final,4,16,1791416971.5849319,3245876,worker_3,W008,IdentifySecondaryObjects,pattern_group,running,100.0,1,1
cp_tutorial_advanced_segmentation_final,4,16,1791416971.5856369,3245876,worker_3,W008,IdentifySecondaryObjects,step_completed,success,18.75,3,16
cp_tutorial_advanced_segmentation_final,4,16,1791416971.5863788,3245876,worker_3,W008,IdentifyTertiaryObjects,step_started,started,18.75,3,16
cp_tutorial_advanced_segmentation_final,4,16,1791416971.6026473,3245870,worker_0,W005,EnhanceOrSuppressFeatures,pattern_group,running,100.0,1,1
cp_tutorial_advanced_segmentation_final,4,16,1791416971.6029336,3245870,worker_0,W005,EnhanceOrSuppressFeatures,step_completed,success,31.25,5,16
cp_tutorial_advanced_segmentation_final,4,16,1791416971.603556,3245870,worker_0,W005,MaskImage,step_started,started,31.25,5,16
cp_tutorial_advanced_segmentation_final,4,16,1791416971.6193078,3245870,worker_0,W005,MaskImage,pattern_group,running,100.0,1,1
cp_tutorial_advanced_segmentation_final,4,16,1791416971.6195388,3245870,worker_0,W005,MaskImage,step_completed,success,37.5,6,16
cp_tutorial_advanced_segmentation_final,4,16,1791416971.6204023,3245870,worker_0,W005,IdentifyPrimaryObjects,step_started,started,37.5,6,16
cp_tutorial_advanced_segmentation_final,4,16,1791416971.649948,3245876,worker_3,W008,IdentifyTertiaryObjects,pattern_group,running,100.0,1,1
cp_tutorial_advanced_segmentation_final,4,16,1791416971.650663,3245876,worker_3,W008,IdentifyTertiaryObjects,step_completed,success,25.0,4,16
cp_tutorial_advanced_segmentation_final,4,16,1791416971.651502,3245876,worker_3,W008,EnhanceOrSuppressFeatures,step_started,started,25.0,4,16
cp_tutorial_advanced_segmentation_final,4,16,1791416971.6655993,3245876,worker_3,W008,EnhanceOrSuppressFeatures,pattern_group,running,100.0,1,1
cp_tutorial_advanced_segmentation_final,4,16,1791416971.6658323,3245876,worker_3,W008,EnhanceOrSuppressFeatures,step_completed,success,31.25,5,16
cp_tutorial_advanced_segmentation_final,4,16,1791416971.666406,3245876,worker_3,W008,MaskImage,step_started,started,31.25,5,16
cp_tutorial_advanced_segmentation_final,4,16,1791416971.668292,3245874,worker_2,W007,IdentifyPrimaryObjects,pattern_group,running,100.0,1,1
cp_tutorial_advanced_segmentation_final,4,16,1791416971.668938,3245874,worker_2,W007,IdentifyPrimaryObjects,step_completed,success,43.75,7,16
cp_tutorial_advanced_segmentation_final,4,16,1791416971.669974,3245874,worker_2,W007,MaskImage,step_started,started,43.75,7,16
cp_tutorial_advanced_segmentation_final,4,16,1791416971.6771092,3245876,worker_3,W008,MaskImage,pattern_group,running,100.0,1,1
cp_tutorial_advanced_segmentation_final,4,16,1791416971.6772823,3245876,worker_3,W008,MaskImage,step_completed,success,37.5,6,16
cp_tutorial_advanced_segmentation_final,4,16,1791416971.6780345,3245876,worker_3,W008,IdentifyPrimaryObjects,step_started,started,37.5,6,16
cp_tutorial_advanced_segmentation_final,4,16,1791416971.6809108,3245874,worker_2,W007,MaskImage,pattern_group,running,100.0,1,1
cp_tutorial_advanced_segmentation_final,4,16,1791416971.6810913,3245874,worker_2,W007,MaskImage,step_completed,success,50.0,8,16
cp_tutorial_advanced_segmentation_final,4,16,1791416971.6816952,3245874,worker_2,W007,IdentifyPrimaryObjects,step_started,started,50.0,8,16
cp_tutorial_advanced_segmentation_final,4,16,1791416971.6809032,3245872,worker_1,W006,IdentifyPrimaryObjects,pattern_group,running,100.0,1,1
cp_tutorial_advanced_segmentation_final,4,16,1791416971.6815238,3245872,worker_1,W006,IdentifyPrimaryObjects,step_completed,success,43.75,7,16
cp_tutorial_advanced_segmentation_final,4,16,1791416971.682543,3245872,worker_1,W006,MaskImage,step_started,started,43.75,7,16
cp_tutorial_advanced_segmentation_final,4,16,1791416971.699528,3245872,worker_1,W006,MaskImage,pattern_group,running,100.0,1,1
cp_tutorial_advanced_segmentation_final,4,16,1791416971.7004242,3245872,worker_1,W006,MaskImage,step_completed,success,50.0,8,16
cp_tutorial_advanced_segmentation_final,4,16,1791416971.7011225,3245872,worker_1,W006,IdentifyPrimaryObjects,step_started,started,50.0,8,16
cp_tutorial_advanced_segmentation_final,4,16,1791416971.731758,3245870,worker_0,W005,IdentifyPrimaryObjects,pattern_group,running,100.0,1,1
cp_tutorial_advanced_segmentation_final,4,16,1791416971.7328067,3245870,worker_0,W005,IdentifyPrimaryObjects,step_completed,success,43.75,7,16
cp_tutorial_advanced_segmentation_final,4,16,1791416971.7339761,3245870,worker_0,W005,MaskImage,step_started,started,43.75,7,16
cp_tutorial_advanced_segmentation_final,4,16,1791416971.7482784,3245870,worker_0,W005,MaskImage,pattern_group,running,100.0,1,1
cp_tutorial_advanced_segmentation_final,4,16,1791416971.748583,3245870,worker_0,W005,MaskImage,step_completed,success,50.0,8,16
cp_tutorial_advanced_segmentation_final,4,16,1791416971.749627,3245870,worker_0,W005,IdentifyPrimaryObjects,step_started,started,50.0,8,16
cp_tutorial_advanced_segmentation_final,4,16,1791416971.7794394,3245876,worker_3,W008,IdentifyPrimaryObjects,pattern_group,running,100.0,1,1
cp_tutorial_advanced_segmentation_final,4,16,1791416971.7801182,3245876,worker_3,W008,IdentifyPrimaryObjects,step_completed,success,43.75,7,16
cp_tutorial_advanced_segmentation_final,4,16,1791416971.7812405,3245876,worker_3,W008,MaskImage,step_started,started,43.75,7,16
cp_tutorial_advanced_segmentation_final,4,16,1791416971.7913818,3245874,worker_2,W007,IdentifyPrimaryObjects,pattern_group,running,100.0,1,1
cp_tutorial_advanced_segmentation_final,4,16,1791416971.7919717,3245874,worker_2,W007,IdentifyPrimaryObjects,step_completed,success,56.25,9,16
cp_tutorial_advanced_segmentation_final,4,16,1791416971.7929976,3245874,worker_2,W007,MeasureColocalization,step_started,started,56.25,9,16
cp_tutorial_advanced_segmentation_final,4,16,1791416971.7945704,3245876,worker_3,W008,MaskImage,pattern_group,running,100.0,1,1
cp_tutorial_advanced_segmentation_final,4,16,1791416971.794753,3245876,worker_3,W008,MaskImage,step_completed,success,50.0,8,16
cp_tutorial_advanced_segmentation_final,4,16,1791416971.7953413,3245876,worker_3,W008,IdentifyPrimaryObjects,step_started,started,50.0,8,16
cp_tutorial_advanced_segmentation_final,4,16,1791416971.8178337,3245872,worker_1,W006,IdentifyPrimaryObjects,pattern_group,running,100.0,1,1
cp_tutorial_advanced_segmentation_final,4,16,1791416971.8185031,3245872,worker_1,W006,IdentifyPrimaryObjects,step_completed,success,56.25,9,16
cp_tutorial_advanced_segmentation_final,4,16,1791416971.819572,3245872,worker_1,W006,MeasureColocalization,step_started,started,56.25,9,16
cp_tutorial_advanced_segmentation_final,4,16,1791416971.866318,3245870,worker_0,W005,IdentifyPrimaryObjects,pattern_group,running,100.0,1,1
cp_tutorial_advanced_segmentation_final,4,16,1791416971.8670065,3245870,worker_0,W005,IdentifyPrimaryObjects,step_completed,success,56.25,9,16
cp_tutorial_advanced_segmentation_final,4,16,1791416971.868643,3245870,worker_0,W005,MeasureColocalization,step_started,started,56.25,9,16
cp_tutorial_advanced_segmentation_final,4,16,1791416971.9009607,3245876,worker_3,W008,IdentifyPrimaryObjects,pattern_group,running,100.0,1,1
cp_tutorial_advanced_segmentation_final,4,16,1791416971.9015937,3245876,worker_3,W008,IdentifyPrimaryObjects,step_completed,success,56.25,9,16
cp_tutorial_advanced_segmentation_final,4,16,1791416971.9026647,3245876,worker_3,W008,MeasureColocalization,step_started,started,56.25,9,16
cp_tutorial_advanced_segmentation_final,4,16,1791416972.5372021,3245874,worker_2,W007,MeasureColocalization,pattern_group,running,50.0,1,2
cp_tutorial_advanced_segmentation_final,4,16,1791416972.5790565,3245872,worker_1,W006,MeasureColocalization,pattern_group,running,50.0,1,2
cp_tutorial_advanced_segmentation_final,4,16,1791416972.619825,3245870,worker_0,W005,MeasureColocalization,pattern_group,running,50.0,1,2
cp_tutorial_advanced_segmentation_final,4,16,1791416972.6457872,3245876,worker_3,W008,MeasureColocalization,pattern_group,running,50.0,1,2
cp_tutorial_advanced_segmentation_final,4,16,1791416973.2356238,3245874,worker_2,W007,MeasureColocalization,pattern_group,running,100.0,2,2
cp_tutorial_advanced_segmentation_final,4,16,1791416973.2409244,3245874,worker_2,W007,MeasureColocalization,step_completed,success,62.5,10,16
cp_tutorial_advanced_segmentation_final,4,16,1791416973.2418213,3245874,worker_2,W007,MeasureObjectIntensity,step_started,started,62.5,10,16
cp_tutorial_advanced_segmentation_final,4,16,1791416973.3576703,3245876,worker_3,W008,MeasureColocalization,pattern_group,running,100.0,2,2
cp_tutorial_advanced_segmentation_final,4,16,1791416973.363539,3245876,worker_3,W008,MeasureColocalization,step_completed,success,62.5,10,16
cp_tutorial_advanced_segmentation_final,4,16,1791416973.3644152,3245876,worker_3,W008,MeasureObjectIntensity,step_started,started,62.5,10,16
cp_tutorial_advanced_segmentation_final,4,16,1791416973.3679318,3245872,worker_1,W006,MeasureColocalization,pattern_group,running,100.0,2,2
cp_tutorial_advanced_segmentation_final,4,16,1791416973.3797114,3245872,worker_1,W006,MeasureColocalization,step_completed,success,62.5,10,16
cp_tutorial_advanced_segmentation_final,4,16,1791416973.3803794,3245872,worker_1,W006,MeasureObjectIntensity,step_started,started,62.5,10,16
cp_tutorial_advanced_segmentation_final,4,16,1791416973.416129,3245870,worker_0,W005,MeasureColocalization,pattern_group,running,100.0,2,2
cp_tutorial_advanced_segmentation_final,4,16,1791416973.4276667,3245870,worker_0,W005,MeasureColocalization,step_completed,success,62.5,10,16
cp_tutorial_advanced_segmentation_final,4,16,1791416973.428317,3245870,worker_0,W005,MeasureObjectIntensity,step_started,started,62.5,10,16
cp_tutorial_advanced_segmentation_final,4,16,1791416973.707902,3245874,worker_2,W007,MeasureObjectIntensity,pattern_group,running,50.0,1,2
cp_tutorial_advanced_segmentation_final,4,16,1791416973.8164306,3245876,worker_3,W008,MeasureObjectIntensity,pattern_group,running,50.0,1,2
cp_tutorial_advanced_segmentation_final,4,16,1791416973.82715,3245874,worker_2,W007,MeasureObjectIntensity,pattern_group,running,100.0,2,2
cp_tutorial_advanced_segmentation_final,4,16,1791416973.8304012,3245874,worker_2,W007,MeasureObjectIntensity,step_completed,success,68.75,11,16
cp_tutorial_advanced_segmentation_final,4,16,1791416973.8314145,3245874,worker_2,W007,MeasureObjectIntensityDistribution,step_started,started,68.75,11,16
cp_tutorial_advanced_segmentation_final,4,16,1791416973.8858728,3245872,worker_1,W006,MeasureObjectIntensity,pattern_group,running,50.0,1,2
cp_tutorial_advanced_segmentation_final,4,16,1791416973.8962984,3245870,worker_0,W005,MeasureObjectIntensity,pattern_group,running,50.0,1,2
cp_tutorial_advanced_segmentation_final,4,16,1791416973.9395776,3245876,worker_3,W008,MeasureObjectIntensity,pattern_group,running,100.0,2,2
cp_tutorial_advanced_segmentation_final,4,16,1791416973.9439557,3245876,worker_3,W008,MeasureObjectIntensity,step_completed,success,68.75,11,16
cp_tutorial_advanced_segmentation_final,4,16,1791416973.9459312,3245876,worker_3,W008,MeasureObjectIntensityDistribution,step_started,started,68.75,11,16
cp_tutorial_advanced_segmentation_final,4,16,1791416973.9518645,3245874,worker_2,W007,MeasureObjectIntensityDistribution,pattern_group,running,50.0,1,2
cp_tutorial_advanced_segmentation_final,4,16,1791416974.0041475,3245872,worker_1,W006,MeasureObjectIntensity,pattern_group,running,100.0,2,2
cp_tutorial_advanced_segmentation_final,4,16,1791416974.007524,3245872,worker_1,W006,MeasureObjectIntensity,step_completed,success,68.75,11,16
cp_tutorial_advanced_segmentation_final,4,16,1791416974.008443,3245872,worker_1,W006,MeasureObjectIntensityDistribution,step_started,started,68.75,11,16
cp_tutorial_advanced_segmentation_final,4,16,1791416974.004525,3245874,worker_2,W007,MeasureObjectIntensityDistribution,pattern_group,running,100.0,2,2
cp_tutorial_advanced_segmentation_final,4,16,1791416974.0072923,3245874,worker_2,W007,MeasureObjectIntensityDistribution,step_completed,success,75.0,12,16
cp_tutorial_advanced_segmentation_final,4,16,1791416974.0082998,3245874,worker_2,W007,MeasureObjectSizeShape,step_started,started,75.0,12,16
cp_tutorial_advanced_segmentation_final,4,16,1791416974.0239294,3245870,worker_0,W005,MeasureObjectIntensity,pattern_group,running,100.0,2,2
cp_tutorial_advanced_segmentation_final,4,16,1791416974.0323298,3245870,worker_0,W005,MeasureObjectIntensity,step_completed,success,68.75,11,16
cp_tutorial_advanced_segmentation_final,4,16,1791416974.033267,3245870,worker_0,W005,MeasureObjectIntensityDistribution,step_started,started,68.75,11,16
cp_tutorial_advanced_segmentation_final,4,16,1791416974.0691545,3245876,worker_3,W008,MeasureObjectIntensityDistribution,pattern_group,running,50.0,1,2
cp_tutorial_advanced_segmentation_final,4,16,1791416974.1185384,3245876,worker_3,W008,MeasureObjectIntensityDistribution,pattern_group,running,100.0,2,2
cp_tutorial_advanced_segmentation_final,4,16,1791416974.1213708,3245876,worker_3,W008,MeasureObjectIntensityDistribution,step_completed,success,75.0,12,16
cp_tutorial_advanced_segmentation_final,4,16,1791416974.1223795,3245876,worker_3,W008,MeasureObjectSizeShape,step_started,started,75.0,12,16
cp_tutorial_advanced_segmentation_final,4,16,1791416974.124135,3245872,worker_1,W006,MeasureObjectIntensityDistribution,pattern_group,running,50.0,1,2
cp_tutorial_advanced_segmentation_final,4,16,1791416974.162363,3245870,worker_0,W005,MeasureObjectIntensityDistribution,pattern_group,running,50.0,1,2
cp_tutorial_advanced_segmentation_final,4,16,1791416974.182789,3245872,worker_1,W006,MeasureObjectIntensityDistribution,pattern_group,running,100.0,2,2
cp_tutorial_advanced_segmentation_final,4,16,1791416974.1857677,3245872,worker_1,W006,MeasureObjectIntensityDistribution,step_completed,success,75.0,12,16
cp_tutorial_advanced_segmentation_final,4,16,1791416974.1868978,3245872,worker_1,W006,MeasureObjectSizeShape,step_started,started,75.0,12,16
cp_tutorial_advanced_segmentation_final,4,16,1791416974.213515,3245870,worker_0,W005,MeasureObjectIntensityDistribution,pattern_group,running,100.0,2,2
cp_tutorial_advanced_segmentation_final,4,16,1791416974.2165027,3245870,worker_0,W005,MeasureObjectIntensityDistribution,step_completed,success,75.0,12,16
cp_tutorial_advanced_segmentation_final,4,16,1791416974.217466,3245870,worker_0,W005,MeasureObjectSizeShape,step_started,started,75.0,12,16
cp_tutorial_advanced_segmentation_final,4,16,1791416974.4278915,3245874,worker_2,W007,MeasureObjectSizeShape,pattern_group,running,25.0,1,4
cp_tutorial_advanced_segmentation_final,4,16,1791416974.5198464,3245876,worker_3,W008,MeasureObjectSizeShape,pattern_group,running,25.0,1,4
cp_tutorial_advanced_segmentation_final,4,16,1791416974.5855634,3245872,worker_1,W006,MeasureObjectSizeShape,pattern_group,running,25.0,1,4
cp_tutorial_advanced_segmentation_final,4,16,1791416974.593166,3245870,worker_0,W005,MeasureObjectSizeShape,pattern_group,running,25.0,1,4
cp_tutorial_advanced_segmentation_final,4,16,1791416974.6359224,3245874,worker_2,W007,MeasureObjectSizeShape,pattern_group,running,50.0,2,4
cp_tutorial_advanced_segmentation_final,4,16,1791416974.6901755,3245872,worker_1,W006,MeasureObjectSizeShape,pattern_group,running,50.0,2,4
cp_tutorial_advanced_segmentation_final,4,16,1791416974.6943793,3245870,worker_0,W005,MeasureObjectSizeShape,pattern_group,running,50.0,2,4
cp_tutorial_advanced_segmentation_final,4,16,1791416974.723697,3245874,worker_2,W007,MeasureObjectSizeShape,pattern_group,running,75.0,3,4
cp_tutorial_advanced_segmentation_final,4,16,1791416974.7412353,3245876,worker_3,W008,MeasureObjectSizeShape,pattern_group,running,50.0,2,4
cp_tutorial_advanced_segmentation_final,4,16,1791416974.7669694,3245874,worker_2,W007,MeasureObjectSizeShape,pattern_group,running,100.0,4,4
cp_tutorial_advanced_segmentation_final,4,16,1791416974.7723408,3245874,worker_2,W007,MeasureObjectSizeShape,step_completed,success,81.25,13,16
cp_tutorial_advanced_segmentation_final,4,16,1791416974.7783244,3245870,worker_0,W005,MeasureObjectSizeShape,pattern_group,running,75.0,3,4
cp_tutorial_advanced_segmentation_final,4,16,1791416974.773307,3245874,worker_2,W007,MeasureObjectNeighbors,step_started,started,81.25,13,16
cp_tutorial_advanced_segmentation_final,4,16,1791416974.7788138,3245872,worker_1,W006,MeasureObjectSizeShape,pattern_group,running,75.0,3,4
cp_tutorial_advanced_segmentation_final,4,16,1791416974.820846,3245870,worker_0,W005,MeasureObjectSizeShape,pattern_group,running,100.0,4,4
cp_tutorial_advanced_segmentation_final,4,16,1791416974.8261333,3245870,worker_0,W005,MeasureObjectSizeShape,step_completed,success,81.25,13,16
cp_tutorial_advanced_segmentation_final,4,16,1791416974.8271637,3245870,worker_0,W005,MeasureObjectNeighbors,step_started,started,81.25,13,16
cp_tutorial_advanced_segmentation_final,4,16,1791416974.829879,3245876,worker_3,W008,MeasureObjectSizeShape,pattern_group,running,75.0,3,4
cp_tutorial_advanced_segmentation_final,4,16,1791416974.863484,3245872,worker_1,W006,MeasureObjectSizeShape,pattern_group,running,100.0,4,4
cp_tutorial_advanced_segmentation_final,4,16,1791416974.8719468,3245872,worker_1,W006,MeasureObjectSizeShape,step_completed,success,81.25,13,16
cp_tutorial_advanced_segmentation_final,4,16,1791416974.8771095,3245872,worker_1,W006,MeasureObjectNeighbors,step_started,started,81.25,13,16
cp_tutorial_advanced_segmentation_final,4,16,1791416974.8770335,3245876,worker_3,W008,MeasureObjectSizeShape,pattern_group,running,100.0,4,4
cp_tutorial_advanced_segmentation_final,4,16,1791416974.8822145,3245870,worker_0,W005,MeasureObjectNeighbors,pattern_group,running,33.33333333333333,1,3
cp_tutorial_advanced_segmentation_final,4,16,1791416974.8850536,3245874,worker_2,W007,MeasureObjectNeighbors,pattern_group,running,33.33333333333333,1,3
cp_tutorial_advanced_segmentation_final,4,16,1791416974.8823361,3245876,worker_3,W008,MeasureObjectSizeShape,step_completed,success,81.25,13,16
cp_tutorial_advanced_segmentation_final,4,16,1791416974.8837655,3245876,worker_3,W008,MeasureObjectNeighbors,step_started,started,81.25,13,16
cp_tutorial_advanced_segmentation_final,4,16,1791416974.9287632,3245870,worker_0,W005,MeasureObjectNeighbors,pattern_group,running,66.66666666666666,2,3
cp_tutorial_advanced_segmentation_final,4,16,1791416974.9480033,3245876,worker_3,W008,MeasureObjectNeighbors,pattern_group,running,33.33333333333333,1,3
cp_tutorial_advanced_segmentation_final,4,16,1791416974.9832935,3245874,worker_2,W007,MeasureObjectNeighbors,pattern_group,running,66.66666666666666,2,3
cp_tutorial_advanced_segmentation_final,4,16,1791416974.9859776,3245872,worker_1,W006,MeasureObjectNeighbors,pattern_group,running,33.33333333333333,1,3
cp_tutorial_advanced_segmentation_final,4,16,1791416974.9970903,3245876,worker_3,W008,MeasureObjectNeighbors,pattern_group,running,66.66666666666666,2,3
cp_tutorial_advanced_segmentation_final,4,16,1791416975.0019991,3245870,worker_0,W005,MeasureObjectNeighbors,pattern_group,running,100.0,3,3
cp_tutorial_advanced_segmentation_final,4,16,1791416975.0032632,3245870,worker_0,W005,MeasureObjectNeighbors,step_completed,success,87.5,14,16
cp_tutorial_advanced_segmentation_final,4,16,1791416975.0040162,3245870,worker_0,W005,RelateObjects,step_started,started,87.5,14,16
cp_tutorial_advanced_segmentation_final,4,16,1791416975.032825,3245872,worker_1,W006,MeasureObjectNeighbors,pattern_group,running,66.66666666666666,2,3
cp_tutorial_advanced_segmentation_final,4,16,1791416975.0559192,3245874,worker_2,W007,MeasureObjectNeighbors,pattern_group,running,100.0,3,3
cp_tutorial_advanced_segmentation_final,4,16,1791416975.0571268,3245874,worker_2,W007,MeasureObjectNeighbors,step_completed,success,87.5,14,16
cp_tutorial_advanced_segmentation_final,4,16,1791416975.057801,3245874,worker_2,W007,RelateObjects,step_started,started,87.5,14,16
cp_tutorial_advanced_segmentation_final,4,16,1791416975.0809293,3245876,worker_3,W008,MeasureObjectNeighbors,pattern_group,running,100.0,3,3
cp_tutorial_advanced_segmentation_final,4,16,1791416975.0821164,3245876,worker_3,W008,MeasureObjectNeighbors,step_completed,success,87.5,14,16
cp_tutorial_advanced_segmentation_final,4,16,1791416975.0827906,3245876,worker_3,W008,RelateObjects,step_started,started,87.5,14,16
cp_tutorial_advanced_segmentation_final,4,16,1791416975.1020012,3245872,worker_1,W006,MeasureObjectNeighbors,pattern_group,running,100.0,3,3
cp_tutorial_advanced_segmentation_final,4,16,1791416975.1031678,3245872,worker_1,W006,MeasureObjectNeighbors,step_completed,success,87.5,14,16
cp_tutorial_advanced_segmentation_final,4,16,1791416975.1038384,3245872,worker_1,W006,RelateObjects,step_started,started,87.5,14,16
cp_tutorial_advanced_segmentation_final,4,16,1791416975.2768674,3245874,worker_2,W007,RelateObjects,pattern_group,running,50.0,1,2
cp_tutorial_advanced_segmentation_final,4,16,1791416975.3399763,3245876,worker_3,W008,RelateObjects,pattern_group,running,50.0,1,2
cp_tutorial_advanced_segmentation_final,4,16,1791416975.3604352,3245870,worker_0,W005,RelateObjects,pattern_group,running,50.0,1,2
cp_tutorial_advanced_segmentation_final,4,16,1791416975.4138117,3245872,worker_1,W006,RelateObjects,pattern_group,running,50.0,1,2
cp_tutorial_advanced_segmentation_final,4,16,1791416975.6816194,3245874,worker_2,W007,RelateObjects,pattern_group,running,100.0,2,2
cp_tutorial_advanced_segmentation_final,4,16,1791416975.686544,3245874,worker_2,W007,RelateObjects,step_completed,success,93.75,15,16
cp_tutorial_advanced_segmentation_final,4,16,1791416975.688661,3245874,worker_2,W007,pipeline,axis_completed,success,93.75,15,16
cp_tutorial_advanced_segmentation_final,4,16,1791416975.6887186,3245874,worker_2,W011,pipeline,axis_started,started,0.0,0,16
cp_tutorial_advanced_segmentation_final,4,16,1791416975.6927373,3245874,worker_2,W011,CorrectIlluminationApply,step_started,started,0.0,0,16
cp_tutorial_advanced_segmentation_final,4,16,1791416975.7511559,3245874,worker_2,W011,CorrectIlluminationApply,pattern_group,running,20.0,1,5
cp_tutorial_advanced_segmentation_final,4,16,1791416975.7616723,3245876,worker_3,W008,RelateObjects,pattern_group,running,100.0,2,2
cp_tutorial_advanced_segmentation_final,4,16,1791416975.7667418,3245876,worker_3,W008,RelateObjects,step_completed,success,93.75,15,16
cp_tutorial_advanced_segmentation_final,4,16,1791416975.768817,3245876,worker_3,W008,pipeline,axis_completed,success,93.75,15,16
cp_tutorial_advanced_segmentation_final,4,16,1791416975.768879,3245876,worker_3,W012,pipeline,axis_started,started,0.0,0,16
cp_tutorial_advanced_segmentation_final,4,16,1791416975.7730997,3245876,worker_3,W012,CorrectIlluminationApply,step_started,started,0.0,0,16
cp_tutorial_advanced_segmentation_final,4,16,1791416975.7688184,3245870,worker_0,W005,RelateObjects,pattern_group,running,100.0,2,2
cp_tutorial_advanced_segmentation_final,4,16,1791416975.7738142,3245870,worker_0,W005,RelateObjects,step_completed,success,93.75,15,16
cp_tutorial_advanced_segmentation_final,4,16,1791416975.7760305,3245870,worker_0,W005,pipeline,axis_completed,success,93.75,15,16
cp_tutorial_advanced_segmentation_final,4,16,1791416975.7761023,3245870,worker_0,W009,pipeline,axis_started,started,0.0,0,16
cp_tutorial_advanced_segmentation_final,4,16,1791416975.7802324,3245870,worker_0,W009,CorrectIlluminationApply,step_started,started,0.0,0,16
cp_tutorial_advanced_segmentation_final,4,16,1791416975.7882006,3245874,worker_2,W011,CorrectIlluminationApply,pattern_group,running,40.0,2,5
cp_tutorial_advanced_segmentation_final,4,16,1791416975.8192534,3245874,worker_2,W011,CorrectIlluminationApply,pattern_group,running,60.0,3,5
cp_tutorial_advanced_segmentation_final,4,16,1791416975.8240867,3245872,worker_1,W006,RelateObjects,pattern_group,running,100.0,2,2
cp_tutorial_advanced_segmentation_final,4,16,1791416975.829818,3245872,worker_1,W006,RelateObjects,step_completed,success,93.75,15,16
cp_tutorial_advanced_segmentation_final,4,16,1791416975.8318846,3245872,worker_1,W006,pipeline,axis_completed,success,93.75,15,16
cp_tutorial_advanced_segmentation_final,4,16,1791416975.8319414,3245872,worker_1,W010,pipeline,axis_started,started,0.0,0,16
cp_tutorial_advanced_segmentation_final,4,16,1791416975.8409512,3245870,worker_0,W009,CorrectIlluminationApply,pattern_group,running,20.0,1,5
cp_tutorial_advanced_segmentation_final,4,16,1791416975.837485,3245872,worker_1,W010,CorrectIlluminationApply,step_started,started,0.0,0,16
cp_tutorial_advanced_segmentation_final,4,16,1791416975.8558657,3245874,worker_2,W011,CorrectIlluminationApply,pattern_group,running,80.0,4,5
cp_tutorial_advanced_segmentation_final,4,16,1791416975.851914,3245876,worker_3,W012,CorrectIlluminationApply,pattern_group,running,20.0,1,5
cp_tutorial_advanced_segmentation_final,4,16,1791416975.8715978,3245870,worker_0,W009,CorrectIlluminationApply,pattern_group,running,40.0,2,5
cp_tutorial_advanced_segmentation_final,4,16,1791416975.8841503,3245876,worker_3,W012,CorrectIlluminationApply,pattern_group,running,40.0,2,5
cp_tutorial_advanced_segmentation_final,4,16,1791416975.888096,3245874,worker_2,W011,CorrectIlluminationApply,pattern_group,running,100.0,5,5
cp_tutorial_advanced_segmentation_final,4,16,1791416975.8883264,3245874,worker_2,W011,CorrectIlluminationApply,step_completed,success,6.25,1,16
cp_tutorial_advanced_segmentation_final,4,16,1791416975.888891,3245874,worker_2,W011,IdentifyPrimaryObjects,step_started,started,6.25,1,16
cp_tutorial_advanced_segmentation_final,4,16,1791416975.9041364,3245872,worker_1,W010,CorrectIlluminationApply,pattern_group,running,20.0,1,5
cp_tutorial_advanced_segmentation_final,4,16,1791416975.9053347,3245870,worker_0,W009,CorrectIlluminationApply,pattern_group,running,60.0,3,5
cp_tutorial_advanced_segmentation_final,4,16,1791416975.9192975,3245876,worker_3,W012,CorrectIlluminationApply,pattern_group,running,60.0,3,5
cp_tutorial_advanced_segmentation_final,4,16,1791416975.9396951,3245872,worker_1,W010,CorrectIlluminationApply,pattern_group,running,40.0,2,5
cp_tutorial_advanced_segmentation_final,4,16,1791416975.9404633,3245870,worker_0,W009,CorrectIlluminationApply,pattern_group,running,80.0,4,5
cp_tutorial_advanced_segmentation_final,4,16,1791416975.957216,3245876,worker_3,W012,CorrectIlluminationApply,pattern_group,running,80.0,4,5
cp_tutorial_advanced_segmentation_final,4,16,1791416975.9752958,3245872,worker_1,W010,CorrectIlluminationApply,pattern_group,running,60.0,3,5
cp_tutorial_advanced_segmentation_final,4,16,1791416975.9754367,3245870,worker_0,W009,CorrectIlluminationApply,pattern_group,running,100.0,5,5
cp_tutorial_advanced_segmentation_final,4,16,1791416975.975652,3245870,worker_0,W009,CorrectIlluminationApply,step_completed,success,6.25,1,16
cp_tutorial_advanced_segmentation_final,4,16,1791416975.9761758,3245870,worker_0,W009,IdentifyPrimaryObjects,step_started,started,6.25,1,16
cp_tutorial_advanced_segmentation_final,4,16,1791416975.9936447,3245876,worker_3,W012,CorrectIlluminationApply,pattern_group,running,100.0,5,5
cp_tutorial_advanced_segmentation_final,4,16,1791416975.9939592,3245876,worker_3,W012,CorrectIlluminationApply,step_completed,success,6.25,1,16
cp_tutorial_advanced_segmentation_final,4,16,1791416975.9946425,3245876,worker_3,W012,IdentifyPrimaryObjects,step_started,started,6.25,1,16
cp_tutorial_advanced_segmentation_final,4,16,1791416976.0107756,3245872,worker_1,W010,CorrectIlluminationApply,pattern_group,running,80.0,4,5
cp_tutorial_advanced_segmentation_final,4,16,1791416976.0087955,3245874,worker_2,W011,IdentifyPrimaryObjects,pattern_group,running,100.0,1,1
cp_tutorial_advanced_segmentation_final,4,16,1791416976.0094037,3245874,worker_2,W011,IdentifyPrimaryObjects,step_completed,success,12.5,2,16
cp_tutorial_advanced_segmentation_final,4,16,1791416976.010231,3245874,worker_2,W011,IdentifySecondaryObjects,step_started,started,12.5,2,16
cp_tutorial_advanced_segmentation_final,4,16,1791416976.045321,3245872,worker_1,W010,CorrectIlluminationApply,pattern_group,running,100.0,5,5
cp_tutorial_advanced_segmentation_final,4,16,1791416976.045559,3245872,worker_1,W010,CorrectIlluminationApply,step_completed,success,6.25,1,16
cp_tutorial_advanced_segmentation_final,4,16,1791416976.0461304,3245872,worker_1,W010,IdentifyPrimaryObjects,step_started,started,6.25,1,16
cp_tutorial_advanced_segmentation_final,4,16,1791416976.0933497,3245870,worker_0,W009,IdentifyPrimaryObjects,pattern_group,running,100.0,1,1
cp_tutorial_advanced_segmentation_final,4,16,1791416976.0939572,3245870,worker_0,W009,IdentifyPrimaryObjects,step_completed,success,12.5,2,16
cp_tutorial_advanced_segmentation_final,4,16,1791416976.0948806,3245870,worker_0,W009,IdentifySecondaryObjects,step_started,started,12.5,2,16
cp_tutorial_advanced_segmentation_final,4,16,1791416976.1113942,3245876,worker_3,W012,IdentifyPrimaryObjects,pattern_group,running,100.0,1,1
cp_tutorial_advanced_segmentation_final,4,16,1791416976.1120205,3245876,worker_3,W012,IdentifyPrimaryObjects,step_completed,success,12.5,2,16
cp_tutorial_advanced_segmentation_final,4,16,1791416976.1128724,3245876,worker_3,W012,IdentifySecondaryObjects,step_started,started,12.5,2,16
cp_tutorial_advanced_segmentation_final,4,16,1791416976.158902,3245872,worker_1,W010,IdentifyPrimaryObjects,pattern_group,running,100.0,1,1
cp_tutorial_advanced_segmentation_final,4,16,1791416976.1596649,3245872,worker_1,W010,IdentifyPrimaryObjects,step_completed,success,12.5,2,16
cp_tutorial_advanced_segmentation_final,4,16,1791416976.1605594,3245872,worker_1,W010,IdentifySecondaryObjects,step_started,started,12.5,2,16
cp_tutorial_advanced_segmentation_final,4,16,1791416976.2847304,3245874,worker_2,W011,IdentifySecondaryObjects,pattern_group,running,100.0,1,1
cp_tutorial_advanced_segmentation_final,4,16,1791416976.2853472,3245874,worker_2,W011,IdentifySecondaryObjects,step_completed,success,18.75,3,16
cp_tutorial_advanced_segmentation_final,4,16,1791416976.2860377,3245874,worker_2,W011,IdentifyTertiaryObjects,step_started,started,18.75,3,16
cp_tutorial_advanced_segmentation_final,4,16,1791416976.334258,3245874,worker_2,W011,IdentifyTertiaryObjects,pattern_group,running,100.0,1,1
cp_tutorial_advanced_segmentation_final,4,16,1791416976.3346794,3245874,worker_2,W011,IdentifyTertiaryObjects,step_completed,success,25.0,4,16
cp_tutorial_advanced_segmentation_final,4,16,1791416976.3354144,3245874,worker_2,W011,EnhanceOrSuppressFeatures,step_started,started,25.0,4,16
cp_tutorial_advanced_segmentation_final,4,16,1791416976.3474865,3245874,worker_2,W011,EnhanceOrSuppressFeatures,pattern_group,running,100.0,1,1
cp_tutorial_advanced_segmentation_final,4,16,1791416976.3476732,3245874,worker_2,W011,EnhanceOrSuppressFeatures,step_completed,success,31.25,5,16
cp_tutorial_advanced_segmentation_final,4,16,1791416976.3482482,3245874,worker_2,W011,MaskImage,step_started,started,31.25,5,16
cp_tutorial_advanced_segmentation_final,4,16,1791416976.3576195,3245874,worker_2,W011,MaskImage,pattern_group,running,100.0,1,1
cp_tutorial_advanced_segmentation_final,4,16,1791416976.3577638,3245874,worker_2,W011,MaskImage,step_completed,success,37.5,6,16
cp_tutorial_advanced_segmentation_final,4,16,1791416976.3585002,3245874,worker_2,W011,IdentifyPrimaryObjects,step_started,started,37.5,6,16
cp_tutorial_advanced_segmentation_final,4,16,1791416976.3667853,3245870,worker_0,W009,IdentifySecondaryObjects,pattern_group,running,100.0,1,1
cp_tutorial_advanced_segmentation_final,4,16,1791416976.3679097,3245870,worker_0,W009,IdentifySecondaryObjects,step_completed,success,18.75,3,16
cp_tutorial_advanced_segmentation_final,4,16,1791416976.3687632,3245870,worker_0,W009,IdentifyTertiaryObjects,step_started,started,18.75,3,16
cp_tutorial_advanced_segmentation_final,4,16,1791416976.3871832,3245876,worker_3,W012,IdentifySecondaryObjects,pattern_group,running,100.0,1,1
cp_tutorial_advanced_segmentation_final,4,16,1791416976.3879142,3245876,worker_3,W012,IdentifySecondaryObjects,step_completed,success,18.75,3,16
cp_tutorial_advanced_segmentation_final,4,16,1791416976.3887157,3245876,worker_3,W012,IdentifyTertiaryObjects,step_started,started,18.75,3,16
cp_tutorial_advanced_segmentation_final,4,16,1791416976.4290376,3245870,worker_0,W009,IdentifyTertiaryObjects,pattern_group,running,100.0,1,1
cp_tutorial_advanced_segmentation_final,4,16,1791416976.4296653,3245870,worker_0,W009,IdentifyTertiaryObjects,step_completed,success,25.0,4,16
cp_tutorial_advanced_segmentation_final,4,16,1791416976.430558,3245870,worker_0,W009,EnhanceOrSuppressFeatures,step_started,started,25.0,4,16
cp_tutorial_advanced_segmentation_final,4,16,1791416976.4386153,3245872,worker_1,W010,IdentifySecondaryObjects,pattern_group,running,100.0,1,1
cp_tutorial_advanced_segmentation_final,4,16,1791416976.4392588,3245872,worker_1,W010,IdentifySecondaryObjects,step_completed,success,18.75,3,16
cp_tutorial_advanced_segmentation_final,4,16,1791416976.4399688,3245872,worker_1,W010,IdentifyTertiaryObjects,step_started,started,18.75,3,16
cp_tutorial_advanced_segmentation_final,4,16,1791416976.444232,3245870,worker_0,W009,EnhanceOrSuppressFeatures,pattern_group,running,100.0,1,1
cp_tutorial_advanced_segmentation_final,4,16,1791416976.4445739,3245870,worker_0,W009,EnhanceOrSuppressFeatures,step_completed,success,31.25,5,16
cp_tutorial_advanced_segmentation_final,4,16,1791416976.4451327,3245870,worker_0,W009,MaskImage,step_started,started,31.25,5,16
cp_tutorial_advanced_segmentation_final,4,16,1791416976.446285,3245876,worker_3,W012,IdentifyTertiaryObjects,pattern_group,running,100.0,1,1
cp_tutorial_advanced_segmentation_final,4,16,1791416976.44678,3245876,worker_3,W012,IdentifyTertiaryObjects,step_completed,success,25.0,4,16
cp_tutorial_advanced_segmentation_final,4,16,1791416976.4475884,3245876,worker_3,W012,EnhanceOrSuppressFeatures,step_started,started,25.0,4,16
cp_tutorial_advanced_segmentation_final,4,16,1791416976.457506,3245874,worker_2,W011,IdentifyPrimaryObjects,pattern_group,running,100.0,1,1
cp_tutorial_advanced_segmentation_final,4,16,1791416976.4581215,3245874,worker_2,W011,IdentifyPrimaryObjects,step_completed,success,43.75,7,16
cp_tutorial_advanced_segmentation_final,4,16,1791416976.4591854,3245874,worker_2,W011,MaskImage,step_started,started,43.75,7,16
cp_tutorial_advanced_segmentation_final,4,16,1791416976.4577198,3245870,worker_0,W009,MaskImage,pattern_group,running,100.0,1,1
cp_tutorial_advanced_segmentation_final,4,16,1791416976.457885,3245870,worker_0,W009,MaskImage,step_completed,success,37.5,6,16
cp_tutorial_advanced_segmentation_final,4,16,1791416976.4587095,3245870,worker_0,W009,IdentifyPrimaryObjects,step_started,started,37.5,6,16
cp_tutorial_advanced_segmentation_final,4,16,1791416976.460654,3245876,worker_3,W012,EnhanceOrSuppressFeatures,pattern_group,running,100.0,1,1
cp_tutorial_advanced_segmentation_final,4,16,1791416976.460814,3245876,worker_3,W012,EnhanceOrSuppressFeatures,step_completed,success,31.25,5,16
cp_tutorial_advanced_segmentation_final,4,16,1791416976.461389,3245876,worker_3,W012,MaskImage,step_started,started,31.25,5,16
cp_tutorial_advanced_segmentation_final,4,16,1791416976.472458,3245876,worker_3,W012,MaskImage,pattern_group,running,100.0,1,1
cp_tutorial_advanced_segmentation_final,4,16,1791416976.47263,3245876,worker_3,W012,MaskImage,step_completed,success,37.5,6,16
cp_tutorial_advanced_segmentation_final,4,16,1791416976.473395,3245876,worker_3,W012,IdentifyPrimaryObjects,step_started,started,37.5,6,16
cp_tutorial_advanced_segmentation_final,4,16,1791416976.4728086,3245874,worker_2,W011,MaskImage,pattern_group,running,100.0,1,1
cp_tutorial_advanced_segmentation_final,4,16,1791416976.4730031,3245874,worker_2,W011,MaskImage,step_completed,success,50.0,8,16
cp_tutorial_advanced_segmentation_final,4,16,1791416976.473595,3245874,worker_2,W011,IdentifyPrimaryObjects,step_started,started,50.0,8,16
cp_tutorial_advanced_segmentation_final,4,16,1791416976.496187,3245872,worker_1,W010,IdentifyTertiaryObjects,pattern_group,running,100.0,1,1
cp_tutorial_advanced_segmentation_final,4,16,1791416976.4966772,3245872,worker_1,W010,IdentifyTertiaryObjects,step_completed,success,25.0,4,16
cp_tutorial_advanced_segmentation_final,4,16,1791416976.497526,3245872,worker_1,W010,EnhanceOrSuppressFeatures,step_started,started,25.0,4,16
cp_tutorial_advanced_segmentation_final,4,16,1791416976.5129702,3245872,worker_1,W010,EnhanceOrSuppressFeatures,pattern_group,running,100.0,1,1
cp_tutorial_advanced_segmentation_final,4,16,1791416976.5132117,3245872,worker_1,W010,EnhanceOrSuppressFeatures,step_completed,success,31.25,5,16
cp_tutorial_advanced_segmentation_final,4,16,1791416976.513904,3245872,worker_1,W010,MaskImage,step_started,started,31.25,5,16
cp_tutorial_advanced_segmentation_final,4,16,1791416976.525344,3245872,worker_1,W010,MaskImage,pattern_group,running,100.0,1,1
cp_tutorial_advanced_segmentation_final,4,16,1791416976.5256317,3245872,worker_1,W010,MaskImage,step_completed,success,37.5,6,16
cp_tutorial_advanced_segmentation_final,4,16,1791416976.5265822,3245872,worker_1,W010,IdentifyPrimaryObjects,step_started,started,37.5,6,16
cp_tutorial_advanced_segmentation_final,4,16,1791416976.569191,3245870,worker_0,W009,IdentifyPrimaryObjects,pattern_group,running,100.0,1,1
cp_tutorial_advanced_segmentation_final,4,16,1791416976.5698526,3245870,worker_0,W009,IdentifyPrimaryObjects,step_completed,success,43.75,7,16
cp_tutorial_advanced_segmentation_final,4,16,1791416976.570915,3245870,worker_0,W009,MaskImage,step_started,started,43.75,7,16
cp_tutorial_advanced_segmentation_final,4,16,1791416976.5802119,3245876,worker_3,W012,IdentifyPrimaryObjects,pattern_group,running,100.0,1,1
cp_tutorial_advanced_segmentation_final,4,16,1791416976.5808356,3245876,worker_3,W012,IdentifyPrimaryObjects,step_completed,success,43.75,7,16
cp_tutorial_advanced_segmentation_final,4,16,1791416976.582395,3245876,worker_3,W012,MaskImage,step_started,started,43.75,7,16
cp_tutorial_advanced_segmentation_final,4,16,1791416976.5830898,3245870,worker_0,W009,MaskImage,pattern_group,running,100.0,1,1
cp_tutorial_advanced_segmentation_final,4,16,1791416976.583523,3245870,worker_0,W009,MaskImage,step_completed,success,50.0,8,16
cp_tutorial_advanced_segmentation_final,4,16,1791416976.584132,3245870,worker_0,W009,IdentifyPrimaryObjects,step_started,started,50.0,8,16
cp_tutorial_advanced_segmentation_final,4,16,1791416976.587719,3245874,worker_2,W011,IdentifyPrimaryObjects,pattern_group,running,100.0,1,1
cp_tutorial_advanced_segmentation_final,4,16,1791416976.588423,3245874,worker_2,W011,IdentifyPrimaryObjects,step_completed,success,56.25,9,16
cp_tutorial_advanced_segmentation_final,4,16,1791416976.5895398,3245874,worker_2,W011,MeasureColocalization,step_started,started,56.25,9,16
cp_tutorial_advanced_segmentation_final,4,16,1791416976.5940766,3245876,worker_3,W012,MaskImage,pattern_group,running,100.0,1,1
cp_tutorial_advanced_segmentation_final,4,16,1791416976.5942888,3245876,worker_3,W012,MaskImage,step_completed,success,50.0,8,16
cp_tutorial_advanced_segmentation_final,4,16,1791416976.5948768,3245876,worker_3,W012,IdentifyPrimaryObjects,step_started,started,50.0,8,16
cp_tutorial_advanced_segmentation_final,4,16,1791416976.626567,3245872,worker_1,W010,IdentifyPrimaryObjects,pattern_group,running,100.0,1,1
cp_tutorial_advanced_segmentation_final,4,16,1791416976.6271765,3245872,worker_1,W010,IdentifyPrimaryObjects,step_completed,success,43.75,7,16
cp_tutorial_advanced_segmentation_final,4,16,1791416976.6284418,3245872,worker_1,W010,MaskImage,step_started,started,43.75,7,16
cp_tutorial_advanced_segmentation_final,4,16,1791416976.6414726,3245872,worker_1,W010,MaskImage,pattern_group,running,100.0,1,1
cp_tutorial_advanced_segmentation_final,4,16,1791416976.641682,3245872,worker_1,W010,MaskImage,step_completed,success,50.0,8,16
cp_tutorial_advanced_segmentation_final,4,16,1791416976.642287,3245872,worker_1,W010,IdentifyPrimaryObjects,step_started,started,50.0,8,16
cp_tutorial_advanced_segmentation_final,4,16,1791416976.6961882,3245870,worker_0,W009,IdentifyPrimaryObjects,pattern_group,running,100.0,1,1
cp_tutorial_advanced_segmentation_final,4,16,1791416976.6968446,3245870,worker_0,W009,IdentifyPrimaryObjects,step_completed,success,56.25,9,16
cp_tutorial_advanced_segmentation_final,4,16,1791416976.6980555,3245870,worker_0,W009,MeasureColocalization,step_started,started,56.25,9,16
cp_tutorial_advanced_segmentation_final,4,16,1791416976.7089338,3245876,worker_3,W012,IdentifyPrimaryObjects,pattern_group,running,100.0,1,1
cp_tutorial_advanced_segmentation_final,4,16,1791416976.7095606,3245876,worker_3,W012,IdentifyPrimaryObjects,step_completed,success,56.25,9,16
cp_tutorial_advanced_segmentation_final,4,16,1791416976.7107334,3245876,worker_3,W012,MeasureColocalization,step_started,started,56.25,9,16
cp_tutorial_advanced_segmentation_final,4,16,1791416976.7472017,3245872,worker_1,W010,IdentifyPrimaryObjects,pattern_group,running,100.0,1,1
cp_tutorial_advanced_segmentation_final,4,16,1791416976.7477934,3245872,worker_1,W010,IdentifyPrimaryObjects,step_completed,success,56.25,9,16
cp_tutorial_advanced_segmentation_final,4,16,1791416976.7489748,3245872,worker_1,W010,MeasureColocalization,step_started,started,56.25,9,16
cp_tutorial_advanced_segmentation_final,4,16,1791416977.3428156,3245874,worker_2,W011,MeasureColocalization,pattern_group,running,50.0,1,2
cp_tutorial_advanced_segmentation_final,4,16,1791416977.4472272,3245876,worker_3,W012,MeasureColocalization,pattern_group,running,50.0,1,2
cp_tutorial_advanced_segmentation_final,4,16,1791416977.4764023,3245870,worker_0,W009,MeasureColocalization,pattern_group,running,50.0,1,2
cp_tutorial_advanced_segmentation_final,4,16,1791416977.4978828,3245872,worker_1,W010,MeasureColocalization,pattern_group,running,50.0,1,2
cp_tutorial_advanced_segmentation_final,4,16,1791416978.0430129,3245874,worker_2,W011,MeasureColocalization,pattern_group,running,100.0,2,2
cp_tutorial_advanced_segmentation_final,4,16,1791416978.048703,3245874,worker_2,W011,MeasureColocalization,step_completed,success,62.5,10,16
cp_tutorial_advanced_segmentation_final,4,16,1791416978.0493648,3245874,worker_2,W011,MeasureObjectIntensity,step_started,started,62.5,10,16
cp_tutorial_advanced_segmentation_final,4,16,1791416978.142603,3245876,worker_3,W012,MeasureColocalization,pattern_group,running,100.0,2,2
cp_tutorial_advanced_segmentation_final,4,16,1791416978.147953,3245876,worker_3,W012,MeasureColocalization,step_completed,success,62.5,10,16
cp_tutorial_advanced_segmentation_final,4,16,1791416978.1486068,3245876,worker_3,W012,MeasureObjectIntensity,step_started,started,62.5,10,16
cp_tutorial_advanced_segmentation_final,4,16,1791416978.2083457,3245870,worker_0,W009,MeasureColocalization,pattern_group,running,100.0,2,2
cp_tutorial_advanced_segmentation_final,4,16,1791416978.20988,3245872,worker_1,W010,MeasureColocalization,pattern_group,running,100.0,2,2
cp_tutorial_advanced_segmentation_final,4,16,1791416978.2142227,3245870,worker_0,W009,MeasureColocalization,step_completed,success,62.5,10,16
cp_tutorial_advanced_segmentation_final,4,16,1791416978.2148771,3245870,worker_0,W009,MeasureObjectIntensity,step_started,started,62.5,10,16
cp_tutorial_advanced_segmentation_final,4,16,1791416978.2152135,3245872,worker_1,W010,MeasureColocalization,step_completed,success,62.5,10,16
cp_tutorial_advanced_segmentation_final,4,16,1791416978.2158663,3245872,worker_1,W010,MeasureObjectIntensity,step_started,started,62.5,10,16
cp_tutorial_advanced_segmentation_final,4,16,1791416978.5297089,3245874,worker_2,W011,MeasureObjectIntensity,pattern_group,running,50.0,1,2
cp_tutorial_advanced_segmentation_final,4,16,1791416978.604212,3245876,worker_3,W012,MeasureObjectIntensity,pattern_group,running,50.0,1,2
cp_tutorial_advanced_segmentation_final,4,16,1791416978.6517143,3245874,worker_2,W011,MeasureObjectIntensity,pattern_group,running,100.0,2,2
cp_tutorial_advanced_segmentation_final,4,16,1791416978.655079,3245874,worker_2,W011,MeasureObjectIntensity,step_completed,success,68.75,11,16
cp_tutorial_advanced_segmentation_final,4,16,1791416978.6559877,3245874,worker_2,W011,MeasureObjectIntensityDistribution,step_started,started,68.75,11,16
cp_tutorial_advanced_segmentation_final,4,16,1791416978.658049,3245870,worker_0,W009,MeasureObjectIntensity,pattern_group,running,50.0,1,2
cp_tutorial_advanced_segmentation_final,4,16,1791416978.6867347,3245872,worker_1,W010,MeasureObjectIntensity,pattern_group,running,50.0,1,2
cp_tutorial_advanced_segmentation_final,4,16,1791416978.726851,3245876,worker_3,W012,MeasureObjectIntensity,pattern_group,running,100.0,2,2
cp_tutorial_advanced_segmentation_final,4,16,1791416978.7304034,3245876,worker_3,W012,MeasureObjectIntensity,step_completed,success,68.75,11,16
cp_tutorial_advanced_segmentation_final,4,16,1791416978.7313244,3245876,worker_3,W012,MeasureObjectIntensityDistribution,step_started,started,68.75,11,16
cp_tutorial_advanced_segmentation_final,4,16,1791416978.772764,3245870,worker_0,W009,MeasureObjectIntensity,pattern_group,running,100.0,2,2
cp_tutorial_advanced_segmentation_final,4,16,1791416978.776213,3245870,worker_0,W009,MeasureObjectIntensity,step_completed,success,68.75,11,16
cp_tutorial_advanced_segmentation_final,4,16,1791416978.7772002,3245870,worker_0,W009,MeasureObjectIntensityDistribution,step_started,started,68.75,11,16
cp_tutorial_advanced_segmentation_final,4,16,1791416978.7789116,3245874,worker_2,W011,MeasureObjectIntensityDistribution,pattern_group,running,50.0,1,2
cp_tutorial_advanced_segmentation_final,4,16,1791416978.8142316,3245872,worker_1,W010,MeasureObjectIntensity,pattern_group,running,100.0,2,2
cp_tutorial_advanced_segmentation_final,4,16,1791416978.81761,3245872,worker_1,W010,MeasureObjectIntensity,step_completed,success,68.75,11,16
cp_tutorial_advanced_segmentation_final,4,16,1791416978.8185441,3245872,worker_1,W010,MeasureObjectIntensityDistribution,step_started,started,68.75,11,16
cp_tutorial_advanced_segmentation_final,4,16,1791416978.834966,3245874,worker_2,W011,MeasureObjectIntensityDistribution,pattern_group,running,100.0,2,2
cp_tutorial_advanced_segmentation_final,4,16,1791416978.8378813,3245874,worker_2,W011,MeasureObjectIntensityDistribution,step_completed,success,75.0,12,16
cp_tutorial_advanced_segmentation_final,4,16,1791416978.8388968,3245874,worker_2,W011,MeasureObjectSizeShape,step_started,started,75.0,12,16
cp_tutorial_advanced_segmentation_final,4,16,1791416978.8814478,3245876,worker_3,W012,MeasureObjectIntensityDistribution,pattern_group,running,50.0,1,2
cp_tutorial_advanced_segmentation_final,4,16,1791416978.9159963,3245870,worker_0,W009,MeasureObjectIntensityDistribution,pattern_group,running,50.0,1,2
cp_tutorial_advanced_segmentation_final,4,16,1791416978.930429,3245872,worker_1,W010,MeasureObjectIntensityDistribution,pattern_group,running,50.0,1,2
cp_tutorial_advanced_segmentation_final,4,16,1791416978.9306788,3245876,worker_3,W012,MeasureObjectIntensityDistribution,pattern_group,running,100.0,2,2
cp_tutorial_advanced_segmentation_final,4,16,1791416978.933937,3245876,worker_3,W012,MeasureObjectIntensityDistribution,step_completed,success,75.0,12,16
cp_tutorial_advanced_segmentation_final,4,16,1791416978.9349782,3245876,worker_3,W012,MeasureObjectSizeShape,step_started,started,75.0,12,16
cp_tutorial_advanced_segmentation_final,4,16,1791416978.974972,3245870,worker_0,W009,MeasureObjectIntensityDistribution,pattern_group,running,100.0,2,2
cp_tutorial_advanced_segmentation_final,4,16,1791416978.9785051,3245870,worker_0,W009,MeasureObjectIntensityDistribution,step_completed,success,75.0,12,16
cp_tutorial_advanced_segmentation_final,4,16,1791416978.9795084,3245870,worker_0,W009,MeasureObjectSizeShape,step_started,started,75.0,12,16
cp_tutorial_advanced_segmentation_final,4,16,1791416978.9835382,3245872,worker_1,W010,MeasureObjectIntensityDistribution,pattern_group,running,100.0,2,2
cp_tutorial_advanced_segmentation_final,4,16,1791416978.9863694,3245872,worker_1,W010,MeasureObjectIntensityDistribution,step_completed,success,75.0,12,16
cp_tutorial_advanced_segmentation_final,4,16,1791416978.987699,3245872,worker_1,W010,MeasureObjectSizeShape,step_started,started,75.0,12,16
cp_tutorial_advanced_segmentation_final,4,16,1791416979.2275312,3245874,worker_2,W011,MeasureObjectSizeShape,pattern_group,running,25.0,1,4
cp_tutorial_advanced_segmentation_final,4,16,1791416979.3269186,3245874,worker_2,W011,MeasureObjectSizeShape,pattern_group,running,50.0,2,4
cp_tutorial_advanced_segmentation_final,4,16,1791416979.330443,3245876,worker_3,W012,MeasureObjectSizeShape,pattern_group,running,25.0,1,4
cp_tutorial_advanced_segmentation_final,4,16,1791416979.375323,3245872,worker_1,W010,MeasureObjectSizeShape,pattern_group,running,25.0,1,4
cp_tutorial_advanced_segmentation_final,4,16,1791416979.3765323,3245870,worker_0,W009,MeasureObjectSizeShape,pattern_group,running,25.0,1,4
cp_tutorial_advanced_segmentation_final,4,16,1791416979.4128456,3245874,worker_2,W011,MeasureObjectSizeShape,pattern_group,running,75.0,3,4
cp_tutorial_advanced_segmentation_final,4,16,1791416979.4287412,3245876,worker_3,W012,MeasureObjectSizeShape,pattern_group,running,50.0,2,4
cp_tutorial_advanced_segmentation_final,4,16,1791416979.455799,3245874,worker_2,W011,MeasureObjectSizeShape,pattern_group,running,100.0,4,4
cp_tutorial_advanced_segmentation_final,4,16,1791416979.4610155,3245874,worker_2,W011,MeasureObjectSizeShape,step_completed,success,81.25,13,16
cp_tutorial_advanced_segmentation_final,4,16,1791416979.461934,3245874,worker_2,W011,MeasureObjectNeighbors,step_started,started,81.25,13,16
cp_tutorial_advanced_segmentation_final,4,16,1791416979.4786046,3245872,worker_1,W010,MeasureObjectSizeShape,pattern_group,running,50.0,2,4
cp_tutorial_advanced_segmentation_final,4,16,1791416979.482698,3245870,worker_0,W009,MeasureObjectSizeShape,pattern_group,running,50.0,2,4
cp_tutorial_advanced_segmentation_final,4,16,1791416979.5210323,3245874,worker_2,W011,MeasureObjectNeighbors,pattern_group,running,33.33333333333333,1,3
cp_tutorial_advanced_segmentation_final,4,16,1791416979.5223289,3245876,worker_3,W012,MeasureObjectSizeShape,pattern_group,running,75.0,3,4
cp_tutorial_advanced_segmentation_final,4,16,1791416979.5661895,3245874,worker_2,W011,MeasureObjectNeighbors,pattern_group,running,66.66666666666666,2,3
cp_tutorial_advanced_segmentation_final,4,16,1791416979.5666718,3245872,worker_1,W010,MeasureObjectSizeShape,pattern_group,running,75.0,3,4
cp_tutorial_advanced_segmentation_final,4,16,1791416979.5647168,3245876,worker_3,W012,MeasureObjectSizeShape,pattern_group,running,100.0,4,4
cp_tutorial_advanced_segmentation_final,4,16,1791416979.5704994,3245876,worker_3,W012,MeasureObjectSizeShape,step_completed,success,81.25,13,16
cp_tutorial_advanced_segmentation_final,4,16,1791416979.5715044,3245876,worker_3,W012,MeasureObjectNeighbors,step_started,started,81.25,13,16
cp_tutorial_advanced_segmentation_final,4,16,1791416979.5817826,3245870,worker_0,W009,MeasureObjectSizeShape,pattern_group,running,75.0,3,4
cp_tutorial_advanced_segmentation_final,4,16,1791416979.6107929,3245872,worker_1,W010,MeasureObjectSizeShape,pattern_group,running,100.0,4,4
cp_tutorial_advanced_segmentation_final,4,16,1791416979.6160839,3245872,worker_1,W010,MeasureObjectSizeShape,step_completed,success,81.25,13,16
cp_tutorial_advanced_segmentation_final,4,16,1791416979.6170402,3245872,worker_1,W010,MeasureObjectNeighbors,step_started,started,81.25,13,16
cp_tutorial_advanced_segmentation_final,4,16,1791416979.6369345,3245870,worker_0,W009,MeasureObjectSizeShape,pattern_group,running,100.0,4,4
cp_tutorial_advanced_segmentation_final,4,16,1791416979.6428618,3245876,worker_3,W012,MeasureObjectNeighbors,pattern_group,running,33.33333333333333,1,3
cp_tutorial_advanced_segmentation_final,4,16,1791416979.6423504,3245870,worker_0,W009,MeasureObjectSizeShape,step_completed,success,81.25,13,16
cp_tutorial_advanced_segmentation_final,4,16,1791416979.6466796,3245874,worker_2,W011,MeasureObjectNeighbors,pattern_group,running,100.0,3,3
cp_tutorial_advanced_segmentation_final,4,16,1791416979.6433253,3245870,worker_0,W009,MeasureObjectNeighbors,step_started,started,81.25,13,16
cp_tutorial_advanced_segmentation_final,4,16,1791416979.6482828,3245874,worker_2,W011,MeasureObjectNeighbors,step_completed,success,87.5,14,16
cp_tutorial_advanced_segmentation_final,4,16,1791416979.6489906,3245874,worker_2,W011,RelateObjects,step_started,started,87.5,14,16
cp_tutorial_advanced_segmentation_final,4,16,1791416979.6763008,3245872,worker_1,W010,MeasureObjectNeighbors,pattern_group,running,33.33333333333333,1,3
cp_tutorial_advanced_segmentation_final,4,16,1791416979.7151127,3245876,worker_3,W012,MeasureObjectNeighbors,pattern_group,running,66.66666666666666,2,3
cp_tutorial_advanced_segmentation_final,4,16,1791416979.7167163,3245870,worker_0,W009,MeasureObjectNeighbors,pattern_group,running,33.33333333333333,1,3
cp_tutorial_advanced_segmentation_final,4,16,1791416979.7268832,3245872,worker_1,W010,MeasureObjectNeighbors,pattern_group,running,66.66666666666666,2,3
cp_tutorial_advanced_segmentation_final,4,16,1791416979.7687385,3245870,worker_0,W009,MeasureObjectNeighbors,pattern_group,running,66.66666666666666,2,3
cp_tutorial_advanced_segmentation_final,4,16,1791416979.791793,3245876,worker_3,W012,MeasureObjectNeighbors,pattern_group,running,100.0,3,3
cp_tutorial_advanced_segmentation_final,4,16,1791416979.79316,3245876,worker_3,W012,MeasureObjectNeighbors,step_completed,success,87.5,14,16
cp_tutorial_advanced_segmentation_final,4,16,1791416979.7938733,3245876,worker_3,W012,RelateObjects,step_started,started,87.5,14,16
cp_tutorial_advanced_segmentation_final,4,16,1791416979.804654,3245872,worker_1,W010,MeasureObjectNeighbors,pattern_group,running,100.0,3,3
cp_tutorial_advanced_segmentation_final,4,16,1791416979.8064504,3245872,worker_1,W010,MeasureObjectNeighbors,step_completed,success,87.5,14,16
cp_tutorial_advanced_segmentation_final,4,16,1791416979.8074284,3245872,worker_1,W010,RelateObjects,step_started,started,87.5,14,16
cp_tutorial_advanced_segmentation_final,4,16,1791416979.8465018,3245870,worker_0,W009,MeasureObjectNeighbors,pattern_group,running,100.0,3,3
cp_tutorial_advanced_segmentation_final,4,16,1791416979.847911,3245870,worker_0,W009,MeasureObjectNeighbors,step_completed,success,87.5,14,16
cp_tutorial_advanced_segmentation_final,4,16,1791416979.84869,3245870,worker_0,W009,RelateObjects,step_started,started,87.5,14,16
cp_tutorial_advanced_segmentation_final,4,16,1791416979.878172,3245874,worker_2,W011,RelateObjects,pattern_group,running,50.0,1,2
cp_tutorial_advanced_segmentation_final,4,16,1791416980.0300465,3245876,worker_3,W012,RelateObjects,pattern_group,running,50.0,1,2
cp_tutorial_advanced_segmentation_final,4,16,1791416980.0460176,3245872,worker_1,W010,RelateObjects,pattern_group,running,50.0,1,2
cp_tutorial_advanced_segmentation_final,4,16,1791416980.0554266,3245870,worker_0,W009,RelateObjects,pattern_group,running,50.0,1,2
cp_tutorial_advanced_segmentation_final,4,16,1791416980.305594,3245874,worker_2,W011,RelateObjects,pattern_group,running,100.0,2,2
cp_tutorial_advanced_segmentation_final,4,16,1791416980.3105397,3245874,worker_2,W011,RelateObjects,step_completed,success,93.75,15,16
cp_tutorial_advanced_segmentation_final,4,16,1791416980.3124254,3245874,worker_2,W011,pipeline,axis_completed,success,93.75,15,16
cp_tutorial_advanced_segmentation_final,4,16,1791416980.3124764,3245874,worker_2,W015,pipeline,axis_started,started,0.0,0,16
cp_tutorial_advanced_segmentation_final,4,16,1791416980.3169835,3245874,worker_2,W015,CorrectIlluminationApply,step_started,started,0.0,0,16
cp_tutorial_advanced_segmentation_final,4,16,1791416980.3800542,3245874,worker_2,W015,CorrectIlluminationApply,pattern_group,running,20.0,1,5
cp_tutorial_advanced_segmentation_final,4,16,1791416980.4090955,3245874,worker_2,W015,CorrectIlluminationApply,pattern_group,running,40.0,2,5
cp_tutorial_advanced_segmentation_final,4,16,1791416980.4393477,3245874,worker_2,W015,CorrectIlluminationApply,pattern_group,running,60.0,3,5
cp_tutorial_advanced_segmentation_final,4,16,1791416980.4451258,3245876,worker_3,W012,RelateObjects,pattern_group,running,100.0,2,2
cp_tutorial_advanced_segmentation_final,4,16,1791416980.4500635,3245876,worker_3,W012,RelateObjects,step_completed,success,93.75,15,16
cp_tutorial_advanced_segmentation_final,4,16,1791416980.4553456,3245876,worker_3,W012,pipeline,axis_completed,success,93.75,15,16
cp_tutorial_advanced_segmentation_final,4,16,1791416980.4566395,3245876,worker_3,W016,pipeline,axis_started,started,0.0,0,16
cp_tutorial_advanced_segmentation_final,4,16,1791416980.4617493,3245876,worker_3,W016,CorrectIlluminationApply,step_started,started,0.0,0,16
cp_tutorial_advanced_segmentation_final,4,16,1791416980.4657483,3245872,worker_1,W010,RelateObjects,pattern_group,running,100.0,2,2
cp_tutorial_advanced_segmentation_final,4,16,1791416980.4711156,3245872,worker_1,W010,RelateObjects,step_completed,success,93.75,15,16
cp_tutorial_advanced_segmentation_final,4,16,1791416980.4759114,3245874,worker_2,W015,CorrectIlluminationApply,pattern_group,running,80.0,4,5
cp_tutorial_advanced_segmentation_final,4,16,1791416980.4735885,3245872,worker_1,W010,pipeline,axis_completed,success,93.75,15,16
cp_tutorial_advanced_segmentation_final,4,16,1791416980.4736576,3245872,worker_1,W014,pipeline,axis_started,started,0.0,0,16
cp_tutorial_advanced_segmentation_final,4,16,1791416980.477643,3245872,worker_1,W014,CorrectIlluminationApply,step_started,started,0.0,0,16
cp_tutorial_advanced_segmentation_final,4,16,1791416980.484546,3245870,worker_0,W009,RelateObjects,pattern_group,running,100.0,2,2
cp_tutorial_advanced_segmentation_final,4,16,1791416980.490473,3245870,worker_0,W009,RelateObjects,step_completed,success,93.75,15,16
cp_tutorial_advanced_segmentation_final,4,16,1791416980.4924347,3245870,worker_0,W009,pipeline,axis_completed,success,93.75,15,16
cp_tutorial_advanced_segmentation_final,4,16,1791416980.4924884,3245870,worker_0,W013,pipeline,axis_started,started,0.0,0,16
cp_tutorial_advanced_segmentation_final,4,16,1791416980.4967365,3245870,worker_0,W013,CorrectIlluminationApply,step_started,started,0.0,0,16
cp_tutorial_advanced_segmentation_final,4,16,1791416980.5144212,3245874,worker_2,W015,CorrectIlluminationApply,pattern_group,running,100.0,5,5
cp_tutorial_advanced_segmentation_final,4,16,1791416980.514641,3245874,worker_2,W015,CorrectIlluminationApply,step_completed,success,6.25,1,16
cp_tutorial_advanced_segmentation_final,4,16,1791416980.5151732,3245874,worker_2,W015,IdentifyPrimaryObjects,step_started,started,6.25,1,16
cp_tutorial_advanced_segmentation_final,4,16,1791416980.5334275,3245876,worker_3,W016,CorrectIlluminationApply,pattern_group,running,20.0,1,5
cp_tutorial_advanced_segmentation_final,4,16,1791416980.5424106,3245872,worker_1,W014,CorrectIlluminationApply,pattern_group,running,20.0,1,5
cp_tutorial_advanced_segmentation_final,4,16,1791416980.5671906,3245876,worker_3,W016,CorrectIlluminationApply,pattern_group,running,40.0,2,5
cp_tutorial_advanced_segmentation_final,4,16,1791416980.567368,3245870,worker_0,W013,CorrectIlluminationApply,pattern_group,running,20.0,1,5
cp_tutorial_advanced_segmentation_final,4,16,1791416980.5758219,3245872,worker_1,W014,CorrectIlluminationApply,pattern_group,running,40.0,2,5
cp_tutorial_advanced_segmentation_final,4,16,1791416980.600409,3245876,worker_3,W016,CorrectIlluminationApply,pattern_group,running,60.0,3,5
cp_tutorial_advanced_segmentation_final,4,16,1791416980.6035905,3245870,worker_0,W013,CorrectIlluminationApply,pattern_group,running,40.0,2,5
cp_tutorial_advanced_segmentation_final,4,16,1791416980.6097305,3245872,worker_1,W014,CorrectIlluminationApply,pattern_group,running,60.0,3,5
cp_tutorial_advanced_segmentation_final,4,16,1791416980.6252615,3245874,worker_2,W015,IdentifyPrimaryObjects,pattern_group,running,100.0,1,1
cp_tutorial_advanced_segmentation_final,4,16,1791416980.6259375,3245874,worker_2,W015,IdentifyPrimaryObjects,step_completed,success,12.5,2,16
cp_tutorial_advanced_segmentation_final,4,16,1791416980.6268744,3245874,worker_2,W015,IdentifySecondaryObjects,step_started,started,12.5,2,16
cp_tutorial_advanced_segmentation_final,4,16,1791416980.6333723,3245876,worker_3,W016,CorrectIlluminationApply,pattern_group,running,80.0,4,5
cp_tutorial_advanced_segmentation_final,4,16,1791416980.638678,3245870,worker_0,W013,CorrectIlluminationApply,pattern_group,running,60.0,3,5
cp_tutorial_advanced_segmentation_final,4,16,1791416980.6437712,3245872,worker_1,W014,CorrectIlluminationApply,pattern_group,running,80.0,4,5
cp_tutorial_advanced_segmentation_final,4,16,1791416980.664721,3245876,worker_3,W016,CorrectIlluminationApply,pattern_group,running,100.0,5,5
cp_tutorial_advanced_segmentation_final,4,16,1791416980.6649725,3245876,worker_3,W016,CorrectIlluminationApply,step_completed,success,6.25,1,16
cp_tutorial_advanced_segmentation_final,4,16,1791416980.6655197,3245876,worker_3,W016,IdentifyPrimaryObjects,step_started,started,6.25,1,16
cp_tutorial_advanced_segmentation_final,4,16,1791416980.6723173,3245870,worker_0,W013,CorrectIlluminationApply,pattern_group,running,80.0,4,5
cp_tutorial_advanced_segmentation_final,4,16,1791416980.6748538,3245872,worker_1,W014,CorrectIlluminationApply,pattern_group,running,100.0,5,5
cp_tutorial_advanced_segmentation_final,4,16,1791416980.67506,3245872,worker_1,W014,CorrectIlluminationApply,step_completed,success,6.25,1,16
cp_tutorial_advanced_segmentation_final,4,16,1791416980.6755884,3245872,worker_1,W014,IdentifyPrimaryObjects,step_started,started,6.25,1,16
cp_tutorial_advanced_segmentation_final,4,16,1791416980.7078543,3245870,worker_0,W013,CorrectIlluminationApply,pattern_group,running,100.0,5,5
cp_tutorial_advanced_segmentation_final,4,16,1791416980.7081063,3245870,worker_0,W013,CorrectIlluminationApply,step_completed,success,6.25,1,16
cp_tutorial_advanced_segmentation_final,4,16,1791416980.708765,3245870,worker_0,W013,IdentifyPrimaryObjects,step_started,started,6.25,1,16
cp_tutorial_advanced_segmentation_final,4,16,1791416980.7802975,3245876,worker_3,W016,IdentifyPrimaryObjects,pattern_group,running,100.0,1,1
cp_tutorial_advanced_segmentation_final,4,16,1791416980.7809408,3245876,worker_3,W016,IdentifyPrimaryObjects,step_completed,success,12.5,2,16
cp_tutorial_advanced_segmentation_final,4,16,1791416980.7817955,3245876,worker_3,W016,IdentifySecondaryObjects,step_started,started,12.5,2,16
cp_tutorial_advanced_segmentation_final,4,16,1791416980.7918534,3245872,worker_1,W014,IdentifyPrimaryObjects,pattern_group,running,100.0,1,1
cp_tutorial_advanced_segmentation_final,4,16,1791416980.7934754,3245872,worker_1,W014,IdentifyPrimaryObjects,step_completed,success,12.5,2,16
cp_tutorial_advanced_segmentation_final,4,16,1791416980.7943072,3245872,worker_1,W014,IdentifySecondaryObjects,step_started,started,12.5,2,16
cp_tutorial_advanced_segmentation_final,4,16,1791416980.8299186,3245870,worker_0,W013,IdentifyPrimaryObjects,pattern_group,running,100.0,1,1
cp_tutorial_advanced_segmentation_final,4,16,1791416980.8307912,3245870,worker_0,W013,IdentifyPrimaryObjects,step_completed,success,12.5,2,16
cp_tutorial_advanced_segmentation_final,4,16,1791416980.8316522,3245870,worker_0,W013,IdentifySecondaryObjects,step_started,started,12.5,2,16
cp_tutorial_advanced_segmentation_final,4,16,1791416980.8907125,3245874,worker_2,W015,IdentifySecondaryObjects,pattern_group,running,100.0,1,1
cp_tutorial_advanced_segmentation_final,4,16,1791416980.891393,3245874,worker_2,W015,IdentifySecondaryObjects,step_completed,success,18.75,3,16
cp_tutorial_advanced_segmentation_final,4,16,1791416980.8921535,3245874,worker_2,W015,IdentifyTertiaryObjects,step_started,started,18.75,3,16
cp_tutorial_advanced_segmentation_final,4,16,1791416980.9422529,3245874,worker_2,W015,IdentifyTertiaryObjects,pattern_group,running,100.0,1,1
cp_tutorial_advanced_segmentation_final,4,16,1791416980.9428184,3245874,worker_2,W015,IdentifyTertiaryObjects,step_completed,success,25.0,4,16
cp_tutorial_advanced_segmentation_final,4,16,1791416980.9436495,3245874,worker_2,W015,EnhanceOrSuppressFeatures,step_started,started,25.0,4,16
cp_tutorial_advanced_segmentation_final,4,16,1791416980.9562047,3245874,worker_2,W015,EnhanceOrSuppressFeatures,pattern_group,running,100.0,1,1
cp_tutorial_advanced_segmentation_final,4,16,1791416980.9564137,3245874,worker_2,W015,EnhanceOrSuppressFeatures,step_completed,success,31.25,5,16
cp_tutorial_advanced_segmentation_final,4,16,1791416980.9574664,3245874,worker_2,W015,MaskImage,step_started,started,31.25,5,16
cp_tutorial_advanced_segmentation_final,4,16,1791416980.9665008,3245874,worker_2,W015,MaskImage,pattern_group,running,100.0,1,1
cp_tutorial_advanced_segmentation_final,4,16,1791416980.9666529,3245874,worker_2,W015,MaskImage,step_completed,success,37.5,6,16
cp_tutorial_advanced_segmentation_final,4,16,1791416980.9673955,3245874,worker_2,W015,IdentifyPrimaryObjects,step_started,started,37.5,6,16
cp_tutorial_advanced_segmentation_final,4,16,1791416981.049637,3245874,worker_2,W015,IdentifyPrimaryObjects,pattern_group,running,100.0,1,1
cp_tutorial_advanced_segmentation_final,4,16,1791416981.0502417,3245874,worker_2,W015,IdentifyPrimaryObjects,step_completed,success,43.75,7,16
cp_tutorial_advanced_segmentation_final,4,16,1791416981.0512228,3245874,worker_2,W015,MaskImage,step_started,started,43.75,7,16
cp_tutorial_advanced_segmentation_final,4,16,1791416981.0500739,3245876,worker_3,W016,IdentifySecondaryObjects,pattern_group,running,100.0,1,1
cp_tutorial_advanced_segmentation_final,4,16,1791416981.0506814,3245876,worker_3,W016,IdentifySecondaryObjects,step_completed,success,18.75,3,16
cp_tutorial_advanced_segmentation_final,4,16,1791416981.0513666,3245876,worker_3,W016,IdentifyTertiaryObjects,step_started,started,18.75,3,16
cp_tutorial_advanced_segmentation_final,4,16,1791416981.0641346,3245874,worker_2,W015,MaskImage,pattern_group,running,100.0,1,1
cp_tutorial_advanced_segmentation_final,4,16,1791416981.0643237,3245874,worker_2,W015,MaskImage,step_completed,success,50.0,8,16
cp_tutorial_advanced_segmentation_final,4,16,1791416981.0649004,3245874,worker_2,W015,IdentifyPrimaryObjects,step_started,started,50.0,8,16
cp_tutorial_advanced_segmentation_final,4,16,1791416981.0677013,3245872,worker_1,W014,IdentifySecondaryObjects,pattern_group,running,100.0,1,1
cp_tutorial_advanced_segmentation_final,4,16,1791416981.068425,3245872,worker_1,W014,IdentifySecondaryObjects,step_completed,success,18.75,3,16
cp_tutorial_advanced_segmentation_final,4,16,1791416981.0691988,3245872,worker_1,W014,IdentifyTertiaryObjects,step_started,started,18.75,3,16
cp_tutorial_advanced_segmentation_final,4,16,1791416981.108083,3245876,worker_3,W016,IdentifyTertiaryObjects,pattern_group,running,100.0,1,1
cp_tutorial_advanced_segmentation_final,4,16,1791416981.1086385,3245876,worker_3,W016,IdentifyTertiaryObjects,step_completed,success,25.0,4,16
cp_tutorial_advanced_segmentation_final,4,16,1791416981.1094375,3245876,worker_3,W016,EnhanceOrSuppressFeatures,step_started,started,25.0,4,16
cp_tutorial_advanced_segmentation_final,4,16,1791416981.1202247,3245870,worker_0,W013,IdentifySecondaryObjects,pattern_group,running,100.0,1,1
cp_tutorial_advanced_segmentation_final,4,16,1791416981.120901,3245870,worker_0,W013,IdentifySecondaryObjects,step_completed,success,18.75,3,16
cp_tutorial_advanced_segmentation_final,4,16,1791416981.1216257,3245870,worker_0,W013,IdentifyTertiaryObjects,step_started,started,18.75,3,16
cp_tutorial_advanced_segmentation_final,4,16,1791416981.122147,3245876,worker_3,W016,EnhanceOrSuppressFeatures,pattern_group,running,100.0,1,1
cp_tutorial_advanced_segmentation_final,4,16,1791416981.1223588,3245876,worker_3,W016,EnhanceOrSuppressFeatures,step_completed,success,31.25,5,16
cp_tutorial_advanced_segmentation_final,4,16,1791416981.1229858,3245876,worker_3,W016,MaskImage,step_started,started,31.25,5,16
cp_tutorial_advanced_segmentation_final,4,16,1791416981.1276634,3245872,worker_1,W014,IdentifyTertiaryObjects,pattern_group,running,100.0,1,1
cp_tutorial_advanced_segmentation_final,4,16,1791416981.1280885,3245872,worker_1,W014,IdentifyTertiaryObjects,step_completed,success,25.0,4,16
cp_tutorial_advanced_segmentation_final,4,16,1791416981.1288354,3245872,worker_1,W014,EnhanceOrSuppressFeatures,step_started,started,25.0,4,16
cp_tutorial_advanced_segmentation_final,4,16,1791416981.1357079,3245876,worker_3,W016,MaskImage,pattern_group,running,100.0,1,1
cp_tutorial_advanced_segmentation_final,4,16,1791416981.1359386,3245876,worker_3,W016,MaskImage,step_completed,success,37.5,6,16
cp_tutorial_advanced_segmentation_final,4,16,1791416981.1367862,3245876,worker_3,W016,IdentifyPrimaryObjects,step_started,started,37.5,6,16
cp_tutorial_advanced_segmentation_final,4,16,1791416981.1453264,3245872,worker_1,W014,EnhanceOrSuppressFeatures,pattern_group,running,100.0,1,1
cp_tutorial_advanced_segmentation_final,4,16,1791416981.1455238,3245872,worker_1,W014,EnhanceOrSuppressFeatures,step_completed,success,31.25,5,16
cp_tutorial_advanced_segmentation_final,4,16,1791416981.1461399,3245872,worker_1,W014,MaskImage,step_started,started,31.25,5,16
cp_tutorial_advanced_segmentation_final,4,16,1791416981.1583412,3245872,worker_1,W014,MaskImage,pattern_group,running,100.0,1,1
cp_tutorial_advanced_segmentation_final,4,16,1791416981.1585228,3245872,worker_1,W014,MaskImage,step_completed,success,37.5,6,16
cp_tutorial_advanced_segmentation_final,4,16,1791416981.1593115,3245872,worker_1,W014,IdentifyPrimaryObjects,step_started,started,37.5,6,16
cp_tutorial_advanced_segmentation_final,4,16,1791416981.175814,3245874,worker_2,W015,IdentifyPrimaryObjects,pattern_group,running,100.0,1,1
cp_tutorial_advanced_segmentation_final,4,16,1791416981.1766884,3245874,worker_2,W015,IdentifyPrimaryObjects,step_completed,success,56.25,9,16
cp_tutorial_advanced_segmentation_final,4,16,1791416981.1778784,3245874,worker_2,W015,MeasureColocalization,step_started,started,56.25,9,16
cp_tutorial_advanced_segmentation_final,4,16,1791416981.1834252,3245870,worker_0,W013,IdentifyTertiaryObjects,pattern_group,running,100.0,1,1
cp_tutorial_advanced_segmentation_final,4,16,1791416981.1840823,3245870,worker_0,W013,IdentifyTertiaryObjects,step_completed,success,25.0,4,16
cp_tutorial_advanced_segmentation_final,4,16,1791416981.185383,3245870,worker_0,W013,EnhanceOrSuppressFeatures,step_started,started,25.0,4,16
cp_tutorial_advanced_segmentation_final,4,16,1791416981.201725,3245870,worker_0,W013,EnhanceOrSuppressFeatures,pattern_group,running,100.0,1,1
cp_tutorial_advanced_segmentation_final,4,16,1791416981.202017,3245870,worker_0,W013,EnhanceOrSuppressFeatures,step_completed,success,31.25,5,16
cp_tutorial_advanced_segmentation_final,4,16,1791416981.202747,3245870,worker_0,W013,MaskImage,step_started,started,31.25,5,16
cp_tutorial_advanced_segmentation_final,4,16,1791416981.2138932,3245870,worker_0,W013,MaskImage,pattern_group,running,100.0,1,1
cp_tutorial_advanced_segmentation_final,4,16,1791416981.2142174,3245870,worker_0,W013,MaskImage,step_completed,success,37.5,6,16
cp_tutorial_advanced_segmentation_final,4,16,1791416981.215117,3245870,worker_0,W013,IdentifyPrimaryObjects,step_started,started,37.5,6,16
cp_tutorial_advanced_segmentation_final,4,16,1791416981.243587,3245876,worker_3,W016,IdentifyPrimaryObjects,pattern_group,running,100.0,1,1
cp_tutorial_advanced_segmentation_final,4,16,1791416981.2442577,3245876,worker_3,W016,IdentifyPrimaryObjects,step_completed,success,43.75,7,16
cp_tutorial_advanced_segmentation_final,4,16,1791416981.245298,3245876,worker_3,W016,MaskImage,step_started,started,43.75,7,16
cp_tutorial_advanced_segmentation_final,4,16,1791416981.2580354,3245876,worker_3,W016,MaskImage,pattern_group,running,100.0,1,1
cp_tutorial_advanced_segmentation_final,4,16,1791416981.2612324,3245872,worker_1,W014,IdentifyPrimaryObjects,pattern_group,running,100.0,1,1
cp_tutorial_advanced_segmentation_final,4,16,1791416981.2582197,3245876,worker_3,W016,MaskImage,step_completed,success,50.0,8,16
cp_tutorial_advanced_segmentation_final,4,16,1791416981.258832,3245876,worker_3,W016,IdentifyPrimaryObjects,step_started,started,50.0,8,16
cp_tutorial_advanced_segmentation_final,4,16,1791416981.262184,3245872,worker_1,W014,IdentifyPrimaryObjects,step_completed,success,43.75,7,16
cp_tutorial_advanced_segmentation_final,4,16,1791416981.2632365,3245872,worker_1,W014,MaskImage,step_started,started,43.75,7,16
cp_tutorial_advanced_segmentation_final,4,16,1791416981.2773376,3245872,worker_1,W014,MaskImage,pattern_group,running,100.0,1,1
cp_tutorial_advanced_segmentation_final,4,16,1791416981.277534,3245872,worker_1,W014,MaskImage,step_completed,success,50.0,8,16
cp_tutorial_advanced_segmentation_final,4,16,1791416981.2781184,3245872,worker_1,W014,IdentifyPrimaryObjects,step_started,started,50.0,8,16
cp_tutorial_advanced_segmentation_final,4,16,1791416981.3167968,3245870,worker_0,W013,IdentifyPrimaryObjects,pattern_group,running,100.0,1,1
cp_tutorial_advanced_segmentation_final,4,16,1791416981.3178744,3245870,worker_0,W013,IdentifyPrimaryObjects,step_completed,success,43.75,7,16
cp_tutorial_advanced_segmentation_final,4,16,1791416981.3191302,3245870,worker_0,W013,MaskImage,step_started,started,43.75,7,16
cp_tutorial_advanced_segmentation_final,4,16,1791416981.3327801,3245870,worker_0,W013,MaskImage,pattern_group,running,100.0,1,1
cp_tutorial_advanced_segmentation_final,4,16,1791416981.3330023,3245870,worker_0,W013,MaskImage,step_completed,success,50.0,8,16
cp_tutorial_advanced_segmentation_final,4,16,1791416981.333649,3245870,worker_0,W013,IdentifyPrimaryObjects,step_started,started,50.0,8,16
cp_tutorial_advanced_segmentation_final,4,16,1791416981.365573,3245876,worker_3,W016,IdentifyPrimaryObjects,pattern_group,running,100.0,1,1
cp_tutorial_advanced_segmentation_final,4,16,1791416981.3661788,3245876,worker_3,W016,IdentifyPrimaryObjects,step_completed,success,56.25,9,16
cp_tutorial_advanced_segmentation_final,4,16,1791416981.3672361,3245876,worker_3,W016,MeasureColocalization,step_started,started,56.25,9,16
cp_tutorial_advanced_segmentation_final,4,16,1791416981.3869045,3245872,worker_1,W014,IdentifyPrimaryObjects,pattern_group,running,100.0,1,1
cp_tutorial_advanced_segmentation_final,4,16,1791416981.3875132,3245872,worker_1,W014,IdentifyPrimaryObjects,step_completed,success,56.25,9,16
cp_tutorial_advanced_segmentation_final,4,16,1791416981.3887672,3245872,worker_1,W014,MeasureColocalization,step_started,started,56.25,9,16
cp_tutorial_advanced_segmentation_final,4,16,1791416981.4400187,3245870,worker_0,W013,IdentifyPrimaryObjects,pattern_group,running,100.0,1,1
cp_tutorial_advanced_segmentation_final,4,16,1791416981.4406316,3245870,worker_0,W013,IdentifyPrimaryObjects,step_completed,success,56.25,9,16
cp_tutorial_advanced_segmentation_final,4,16,1791416981.4416595,3245870,worker_0,W013,MeasureColocalization,step_started,started,56.25,9,16
cp_tutorial_advanced_segmentation_final,4,16,1791416981.945425,3245874,worker_2,W015,MeasureColocalization,pattern_group,running,50.0,1,2
cp_tutorial_advanced_segmentation_final,4,16,1791416982.1017566,3245876,worker_3,W016,MeasureColocalization,pattern_group,running,50.0,1,2
cp_tutorial_advanced_segmentation_final,4,16,1791416982.1299868,3245872,worker_1,W014,MeasureColocalization,pattern_group,running,50.0,1,2
cp_tutorial_advanced_segmentation_final,4,16,1791416982.2167556,3245870,worker_0,W013,MeasureColocalization,pattern_group,running,50.0,1,2
cp_tutorial_advanced_segmentation_final,4,16,1791416982.6457157,3245874,worker_2,W015,MeasureColocalization,pattern_group,running,100.0,2,2
cp_tutorial_advanced_segmentation_final,4,16,1791416982.651448,3245874,worker_2,W015,MeasureColocalization,step_completed,success,62.5,10,16
cp_tutorial_advanced_segmentation_final,4,16,1791416982.652171,3245874,worker_2,W015,MeasureObjectIntensity,step_started,started,62.5,10,16
cp_tutorial_advanced_segmentation_final,4,16,1791416982.7961695,3245876,worker_3,W016,MeasureColocalization,pattern_group,running,100.0,2,2
cp_tutorial_advanced_segmentation_final,4,16,1791416982.8021948,3245876,worker_3,W016,MeasureColocalization,step_completed,success,62.5,10,16
cp_tutorial_advanced_segmentation_final,4,16,1791416982.8029923,3245876,worker_3,W016,MeasureObjectIntensity,step_started,started,62.5,10,16
cp_tutorial_advanced_segmentation_final,4,16,1791416982.8357654,3245872,worker_1,W014,MeasureColocalization,pattern_group,running,100.0,2,2
cp_tutorial_advanced_segmentation_final,4,16,1791416982.8412566,3245872,worker_1,W014,MeasureColocalization,step_completed,success,62.5,10,16
cp_tutorial_advanced_segmentation_final,4,16,1791416982.8419135,3245872,worker_1,W014,MeasureObjectIntensity,step_started,started,62.5,10,16
cp_tutorial_advanced_segmentation_final,4,16,1791416982.956844,3245870,worker_0,W013,MeasureColocalization,pattern_group,running,100.0,2,2
cp_tutorial_advanced_segmentation_final,4,16,1791416982.9629555,3245870,worker_0,W013,MeasureColocalization,step_completed,success,62.5,10,16
cp_tutorial_advanced_segmentation_final,4,16,1791416982.9636223,3245870,worker_0,W013,MeasureObjectIntensity,step_started,started,62.5,10,16
cp_tutorial_advanced_segmentation_final,4,16,1791416983.1155443,3245874,worker_2,W015,MeasureObjectIntensity,pattern_group,running,50.0,1,2
cp_tutorial_advanced_segmentation_final,4,16,1791416983.2346227,3245874,worker_2,W015,MeasureObjectIntensity,pattern_group,running,100.0,2,2
cp_tutorial_advanced_segmentation_final,4,16,1791416983.2380807,3245874,worker_2,W015,MeasureObjectIntensity,step_completed,success,68.75,11,16
cp_tutorial_advanced_segmentation_final,4,16,1791416983.239091,3245874,worker_2,W015,MeasureObjectIntensityDistribution,step_started,started,68.75,11,16
cp_tutorial_advanced_segmentation_final,4,16,1791416983.25304,3245876,worker_3,W016,MeasureObjectIntensity,pattern_group,running,50.0,1,2
cp_tutorial_advanced_segmentation_final,4,16,1791416983.3090012,3245872,worker_1,W014,MeasureObjectIntensity,pattern_group,running,50.0,1,2
cp_tutorial_advanced_segmentation_final,4,16,1791416983.3616014,3245874,worker_2,W015,MeasureObjectIntensityDistribution,pattern_group,running,50.0,1,2
cp_tutorial_advanced_segmentation_final,4,16,1791416983.367563,3245876,worker_3,W016,MeasureObjectIntensity,pattern_group,running,100.0,2,2
cp_tutorial_advanced_segmentation_final,4,16,1791416983.3709264,3245876,worker_3,W016,MeasureObjectIntensity,step_completed,success,68.75,11,16
cp_tutorial_advanced_segmentation_final,4,16,1791416983.3718565,3245876,worker_3,W016,MeasureObjectIntensityDistribution,step_started,started,68.75,11,16
cp_tutorial_advanced_segmentation_final,4,16,1791416983.4158142,3245874,worker_2,W015,MeasureObjectIntensityDistribution,pattern_group,running,100.0,2,2
cp_tutorial_advanced_segmentation_final,4,16,1791416983.4187834,3245874,worker_2,W015,MeasureObjectIntensityDistribution,step_completed,success,75.0,12,16
cp_tutorial_advanced_segmentation_final,4,16,1791416983.4198403,3245874,worker_2,W015,MeasureObjectSizeShape,step_started,started,75.0,12,16
cp_tutorial_advanced_segmentation_final,4,16,1791416983.428658,3245872,worker_1,W014,MeasureObjectIntensity,pattern_group,running,100.0,2,2
cp_tutorial_advanced_segmentation_final,4,16,1791416983.4354036,3245872,worker_1,W014,MeasureObjectIntensity,step_completed,success,68.75,11,16
cp_tutorial_advanced_segmentation_final,4,16,1791416983.4363554,3245872,worker_1,W014,MeasureObjectIntensityDistribution,step_started,started,68.75,11,16
cp_tutorial_advanced_segmentation_final,4,16,1791416983.4456003,3245870,worker_0,W013,MeasureObjectIntensity,pattern_group,running,50.0,1,2
cp_tutorial_advanced_segmentation_final,4,16,1791416983.4994812,3245876,worker_3,W016,MeasureObjectIntensityDistribution,pattern_group,running,50.0,1,2
cp_tutorial_advanced_segmentation_final,4,16,1791416983.5482397,3245872,worker_1,W014,MeasureObjectIntensityDistribution,pattern_group,running,50.0,1,2
cp_tutorial_advanced_segmentation_final,4,16,1791416983.5490868,3245876,worker_3,W016,MeasureObjectIntensityDistribution,pattern_group,running,100.0,2,2
cp_tutorial_advanced_segmentation_final,4,16,1791416983.5522075,3245876,worker_3,W016,MeasureObjectIntensityDistribution,step_completed,success,75.0,12,16
cp_tutorial_advanced_segmentation_final,4,16,1791416983.5532117,3245876,worker_3,W016,MeasureObjectSizeShape,step_started,started,75.0,12,16
cp_tutorial_advanced_segmentation_final,4,16,1791416983.5765579,3245870,worker_0,W013,MeasureObjectIntensity,pattern_group,running,100.0,2,2
cp_tutorial_advanced_segmentation_final,4,16,1791416983.5802555,3245870,worker_0,W013,MeasureObjectIntensity,step_completed,success,68.75,11,16
cp_tutorial_advanced_segmentation_final,4,16,1791416983.5812867,3245870,worker_0,W013,MeasureObjectIntensityDistribution,step_started,started,68.75,11,16
cp_tutorial_advanced_segmentation_final,4,16,1791416983.5979073,3245872,worker_1,W014,MeasureObjectIntensityDistribution,pattern_group,running,100.0,2,2
cp_tutorial_advanced_segmentation_final,4,16,1791416983.6006587,3245872,worker_1,W014,MeasureObjectIntensityDistribution,step_completed,success,75.0,12,16
cp_tutorial_advanced_segmentation_final,4,16,1791416983.601627,3245872,worker_1,W014,MeasureObjectSizeShape,step_started,started,75.0,12,16
cp_tutorial_advanced_segmentation_final,4,16,1791416983.708971,3245870,worker_0,W013,MeasureObjectIntensityDistribution,pattern_group,running,50.0,1,2
cp_tutorial_advanced_segmentation_final,4,16,1791416983.7586174,3245870,worker_0,W013,MeasureObjectIntensityDistribution,pattern_group,running,100.0,2,2
cp_tutorial_advanced_segmentation_final,4,16,1791416983.7614274,3245870,worker_0,W013,MeasureObjectIntensityDistribution,step_completed,success,75.0,12,16
cp_tutorial_advanced_segmentation_final,4,16,1791416983.7624233,3245870,worker_0,W013,MeasureObjectSizeShape,step_started,started,75.0,12,16
cp_tutorial_advanced_segmentation_final,4,16,1791416983.8404276,3245874,worker_2,W015,MeasureObjectSizeShape,pattern_group,running,25.0,1,4
cp_tutorial_advanced_segmentation_final,4,16,1791416983.9419844,3245874,worker_2,W015,MeasureObjectSizeShape,pattern_group,running,50.0,2,4
cp_tutorial_advanced_segmentation_final,4,16,1791416983.947414,3245876,worker_3,W016,MeasureObjectSizeShape,pattern_group,running,25.0,1,4
cp_tutorial_advanced_segmentation_final,4,16,1791416983.988927,3245872,worker_1,W014,MeasureObjectSizeShape,pattern_group,running,25.0,1,4
cp_tutorial_advanced_segmentation_final,4,16,1791416984.029923,3245874,worker_2,W015,MeasureObjectSizeShape,pattern_group,running,75.0,3,4
cp_tutorial_advanced_segmentation_final,4,16,1791416984.0516875,3245876,worker_3,W016,MeasureObjectSizeShape,pattern_group,running,50.0,2,4
cp_tutorial_advanced_segmentation_final,4,16,1791416984.0729682,3245874,worker_2,W015,MeasureObjectSizeShape,pattern_group,running,100.0,4,4
cp_tutorial_advanced_segmentation_final,4,16,1791416984.0786805,3245874,worker_2,W015,MeasureObjectSizeShape,step_completed,success,81.25,13,16
cp_tutorial_advanced_segmentation_final,4,16,1791416984.0796208,3245874,worker_2,W015,MeasureObjectNeighbors,step_started,started,81.25,13,16
cp_tutorial_advanced_segmentation_final,4,16,1791416984.0886858,3245872,worker_1,W014,MeasureObjectSizeShape,pattern_group,running,50.0,2,4
cp_tutorial_advanced_segmentation_final,4,16,1791416984.1451814,3245874,worker_2,W015,MeasureObjectNeighbors,pattern_group,running,33.33333333333333,1,3
cp_tutorial_advanced_segmentation_final,4,16,1791416984.1569424,3245876,worker_3,W016,MeasureObjectSizeShape,pattern_group,running,75.0,3,4
cp_tutorial_advanced_segmentation_final,4,16,1791416984.1706376,3245870,worker_0,W013,MeasureObjectSizeShape,pattern_group,running,25.0,1,4
cp_tutorial_advanced_segmentation_final,4,16,1791416984.1739063,3245872,worker_1,W014,MeasureObjectSizeShape,pattern_group,running,75.0,3,4
cp_tutorial_advanced_segmentation_final,4,16,1791416984.192688,3245874,worker_2,W015,MeasureObjectNeighbors,pattern_group,running,66.66666666666666,2,3
cp_tutorial_advanced_segmentation_final,4,16,1791416984.2069447,3245876,worker_3,W016,MeasureObjectSizeShape,pattern_group,running,100.0,4,4
cp_tutorial_advanced_segmentation_final,4,16,1791416984.2130606,3245876,worker_3,W016,MeasureObjectSizeShape,step_completed,success,81.25,13,16
cp_tutorial_advanced_segmentation_final,4,16,1791416984.2140133,3245876,worker_3,W016,MeasureObjectNeighbors,step_started,started,81.25,13,16
cp_tutorial_advanced_segmentation_final,4,16,1791416984.2173338,3245872,worker_1,W014,MeasureObjectSizeShape,pattern_group,running,100.0,4,4
cp_tutorial_advanced_segmentation_final,4,16,1791416984.2226517,3245872,worker_1,W014,MeasureObjectSizeShape,step_completed,success,81.25,13,16
cp_tutorial_advanced_segmentation_final,4,16,1791416984.2236094,3245872,worker_1,W014,MeasureObjectNeighbors,step_started,started,81.25,13,16
cp_tutorial_advanced_segmentation_final,4,16,1791416984.279852,3245872,worker_1,W014,MeasureObjectNeighbors,pattern_group,running,33.33333333333333,1,3
cp_tutorial_advanced_segmentation_final,4,16,1791416984.2749624,3245874,worker_2,W015,MeasureObjectNeighbors,pattern_group,running,100.0,3,3
cp_tutorial_advanced_segmentation_final,4,16,1791416984.2797482,3245874,worker_2,W015,MeasureObjectNeighbors,step_completed,success,87.5,14,16
cp_tutorial_advanced_segmentation_final,4,16,1791416984.2805843,3245874,worker_2,W015,RelateObjects,step_started,started,87.5,14,16
cp_tutorial_advanced_segmentation_final,4,16,1791416984.2870672,3245876,worker_3,W016,MeasureObjectNeighbors,pattern_group,running,33.33333333333333,1,3
cp_tutorial_advanced_segmentation_final,4,16,1791416984.2942345,3245870,worker_0,W013,MeasureObjectSizeShape,pattern_group,running,50.0,2,4
cp_tutorial_advanced_segmentation_final,4,16,1791416984.326277,3245872,worker_1,W014,MeasureObjectNeighbors,pattern_group,running,66.66666666666666,2,3
cp_tutorial_advanced_segmentation_final,4,16,1791416984.3390877,3245876,worker_3,W016,MeasureObjectNeighbors,pattern_group,running,66.66666666666666,2,3
cp_tutorial_advanced_segmentation_final,4,16,1791416984.3812027,3245870,worker_0,W013,MeasureObjectSizeShape,pattern_group,running,75.0,3,4
cp_tutorial_advanced_segmentation_final,4,16,1791416984.394564,3245872,worker_1,W014,MeasureObjectNeighbors,pattern_group,running,100.0,3,3
cp_tutorial_advanced_segmentation_final,4,16,1791416984.3957188,3245872,worker_1,W014,MeasureObjectNeighbors,step_completed,success,87.5,14,16
cp_tutorial_advanced_segmentation_final,4,16,1791416984.396389,3245872,worker_1,W014,RelateObjects,step_started,started,87.5,14,16
cp_tutorial_advanced_segmentation_final,4,16,1791416984.419043,3245876,worker_3,W016,MeasureObjectNeighbors,pattern_group,running,100.0,3,3
cp_tutorial_advanced_segmentation_final,4,16,1791416984.4201508,3245876,worker_3,W016,MeasureObjectNeighbors,step_completed,success,87.5,14,16
cp_tutorial_advanced_segmentation_final,4,16,1791416984.420926,3245876,worker_3,W016,RelateObjects,step_started,started,87.5,14,16
cp_tutorial_advanced_segmentation_final,4,16,1791416984.427555,3245870,worker_0,W013,MeasureObjectSizeShape,pattern_group,running,100.0,4,4
cp_tutorial_advanced_segmentation_final,4,16,1791416984.4328861,3245870,worker_0,W013,MeasureObjectSizeShape,step_completed,success,81.25,13,16
cp_tutorial_advanced_segmentation_final,4,16,1791416984.4338634,3245870,worker_0,W013,MeasureObjectNeighbors,step_started,started,81.25,13,16
cp_tutorial_advanced_segmentation_final,4,16,1791416984.496358,3245870,worker_0,W013,MeasureObjectNeighbors,pattern_group,running,33.33333333333333,1,3
cp_tutorial_advanced_segmentation_final,4,16,1791416984.5412345,3245870,worker_0,W013,MeasureObjectNeighbors,pattern_group,running,66.66666666666666,2,3
cp_tutorial_advanced_segmentation_final,4,16,1791416984.6040702,3245872,worker_1,W014,RelateObjects,pattern_group,running,50.0,1,2
cp_tutorial_advanced_segmentation_final,4,16,1791416984.6094642,3245874,worker_2,W015,RelateObjects,pattern_group,running,50.0,1,2
cp_tutorial_advanced_segmentation_final,4,16,1791416984.6087053,3245870,worker_0,W013,MeasureObjectNeighbors,pattern_group,running,100.0,3,3
cp_tutorial_advanced_segmentation_final,4,16,1791416984.6098564,3245870,worker_0,W013,MeasureObjectNeighbors,step_completed,success,87.5,14,16
cp_tutorial_advanced_segmentation_final,4,16,1791416984.6105375,3245870,worker_0,W013,RelateObjects,step_started,started,87.5,14,16
cp_tutorial_advanced_segmentation_final,4,16,1791416984.759901,3245876,worker_3,W016,RelateObjects,pattern_group,running,50.0,1,2
cp_tutorial_advanced_segmentation_final,4,16,1791416984.8114858,3245870,worker_0,W013,RelateObjects,pattern_group,running,50.0,1,2
cp_tutorial_advanced_segmentation_final,4,16,1791416985.0258098,3245874,worker_2,W015,RelateObjects,pattern_group,running,100.0,2,2
cp_tutorial_advanced_segmentation_final,4,16,1791416985.0310671,3245874,worker_2,W015,RelateObjects,step_completed,success,93.75,15,16
cp_tutorial_advanced_segmentation_final,4,16,1791416985.0330625,3245874,worker_2,W015,pipeline,axis_completed,success,93.75,15,16
cp_tutorial_advanced_segmentation_final,4,16,1791416985.1330483,3245872,worker_1,W014,RelateObjects,pattern_group,running,100.0,2,2
cp_tutorial_advanced_segmentation_final,4,16,1791416985.1379213,3245872,worker_1,W014,RelateObjects,step_completed,success,93.75,15,16
cp_tutorial_advanced_segmentation_final,4,16,1791416985.139826,3245872,worker_1,W014,pipeline,axis_completed,success,93.75,15,16
cp_tutorial_advanced_segmentation_final,4,16,1791416985.219054,3245876,worker_3,W016,RelateObjects,pattern_group,running,100.0,2,2
cp_tutorial_advanced_segmentation_final,4,16,1791416985.224038,3245876,worker_3,W016,RelateObjects,step_completed,success,93.75,15,16
cp_tutorial_advanced_segmentation_final,4,16,1791416985.2261062,3245876,worker_3,W016,pipeline,axis_completed,success,93.75,15,16
cp_tutorial_advanced_segmentation_final,4,16,1791416985.3457706,3245870,worker_0,W013,RelateObjects,pattern_group,running,100.0,2,2
cp_tutorial_advanced_segmentation_final,4,16,1791416985.35128,3245870,worker_0,W013,RelateObjects,step_completed,success,93.75,15,16
cp_tutorial_advanced_segmentation_final,4,16,1791416985.3531437,3245870,worker_0,W013,pipeline,axis_completed,success,93.75,15,16
cp_tutorial_advanced_segmentation_final,4,16,1791416986.1878061,3205011,,,ExportToDatabase,step_started,started,93.75,15,16
cp_tutorial_advanced_segmentation_final,4,16,1791416988.2009695,3205011,,,ExportToDatabase,running,running,93.75,15,16
cp_tutorial_advanced_segmentation_final,4,16,1791416990.2089193,3205011,,,ExportToDatabase,running,running,93.75,15,16
cp_tutorial_advanced_segmentation_final,4,16,1791416992.2127528,3205011,,,ExportToDatabase,running,running,93.75,15,16
cp_tutorial_advanced_segmentation_final,4,16,1791416994.232445,3205011,,,ExportToDatabase,running,running,93.75,15,16
cp_tutorial_advanced_segmentation_final,4,16,1791416996.2376215,3205011,,,ExportToDatabase,running,running,93.75,15,16
cp_tutorial_advanced_segmentation_final,4,16,1791416998.242795,3205011,,,ExportToDatabase,running,running,93.75,15,16
cp_tutorial_advanced_segmentation_final,4,16,1791417000.242909,3205011,,,ExportToDatabase,running,running,93.75,15,16
cp_tutorial_advanced_segmentation_final,4,16,1791417000.793797,3205011,,,ExportToDatabase,step_completed,success,100.0,16,16
cp_tutorial_advanced_segmentation_final,4,16,1791417000.8525422,3205011,,,pipeline,success,success,100.0,16,16
