case_name,worker_count,well_count,timestamp,pid,worker_slot,axis_id,step_name,phase,status,percent,completed,total
cp_tutorial_advanced_segmentation_final,3,12,1791409716.1889305,2547534,,,pipeline,compile,started,0.0,0,16
cp_tutorial_advanced_segmentation_final,3,12,1791409716.2878916,2547534,,,,init,started,0.0,0,1
cp_tutorial_advanced_segmentation_final,3,12,1791409716.6615531,2547534,,W001,compilation,compile,running,8.333333333333332,1,12
cp_tutorial_advanced_segmentation_final,3,12,1791409716.728318,2547534,,W002,compilation,compile,running,16.666666666666664,2,12
cp_tutorial_advanced_segmentation_final,3,12,1791409716.7938921,2547534,,W003,compilation,compile,running,25.0,3,12
cp_tutorial_advanced_segmentation_final,3,12,1791409716.8603165,2547534,,W004,compilation,compile,running,33.33333333333333,4,12
cp_tutorial_advanced_segmentation_final,3,12,1791409716.926101,2547534,,W005,compilation,compile,running,41.66666666666667,5,12
cp_tutorial_advanced_segmentation_final,3,12,1791409716.993058,2547534,,W006,compilation,compile,running,50.0,6,12
cp_tutorial_advanced_segmentation_final,3,12,1791409717.0592515,2547534,,W007,compilation,compile,running,58.333333333333336,7,12
cp_tutorial_advanced_segmentation_final,3,12,1791409717.124782,2547534,,W008,compilation,compile,running,66.66666666666666,8,12
cp_tutorial_advanced_segmentation_final,3,12,1791409717.1916173,2547534,,W009,compilation,compile,running,75.0,9,12
cp_tutorial_advanced_segmentation_final,3,12,1791409717.2576542,2547534,,W010,compilation,compile,running,83.33333333333334,10,12
cp_tutorial_advanced_segmentation_final,3,12,1791409717.3237524,2547534,,W011,compilation,compile,running,91.66666666666666,11,12
cp_tutorial_advanced_segmentation_final,3,12,1791409717.389455,2547534,,W012,compilation,compile,running,100.0,12,12
cp_tutorial_advanced_segmentation_final,3,12,1791409717.4189658,2547534,,,,init,started,0.0,0,1
cp_tutorial_advanced_segmentation_final,3,12,1791409717.4190543,2547534,,,pipeline,compile,success,100.0,1,16
cp_tutorial_advanced_segmentation_final,3,12,1791409717.4191043,2547534,,W001,compilation,compile,success,100.0,1,1
cp_tutorial_advanced_segmentation_final,3,12,1791409717.4191334,2547534,,W002,compilation,compile,success,100.0,1,1
cp_tutorial_advanced_segmentation_final,3,12,1791409717.4191594,2547534,,W003,compilation,compile,success,100.0,1,1
cp_tutorial_advanced_segmentation_final,3,12,1791409717.4191854,2547534,,W004,compilation,compile,success,100.0,1,1
cp_tutorial_advanced_segmentation_final,3,12,1791409717.419211,2547534,,W005,compilation,compile,success,100.0,1,1
cp_tutorial_advanced_segmentation_final,3,12,1791409717.4192355,2547534,,W006,compilation,compile,success,100.0,1,1
cp_tutorial_advanced_segmentation_final,3,12,1791409717.4192595,2547534,,W007,compilation,compile,success,100.0,1,1
cp_tutorial_advanced_segmentation_final,3,12,1791409717.4192905,2547534,,W008,compilation,compile,success,100.0,1,1
cp_tutorial_advanced_segmentation_final,3,12,1791409717.4193144,2547534,,W009,compilation,compile,success,100.0,1,1
cp_tutorial_advanced_segmentation_final,3,12,1791409717.4193382,2547534,,W010,compilation,compile,success,100.0,1,1
cp_tutorial_advanced_segmentation_final,3,12,1791409717.419362,2547534,,W011,compilation,compile,success,100.0,1,1
cp_tutorial_advanced_segmentation_final,3,12,1791409717.4193857,2547534,,W012,compilation,compile,success,100.0,1,1
cp_tutorial_advanced_segmentation_final,3,12,1791409717.5403016,2547534,,,,init,started,0.0,0,1
cp_tutorial_advanced_segmentation_final,3,12,1791409717.5807362,2597936,worker_0,W001,pipeline,axis_started,started,0.0,0,16
cp_tutorial_advanced_segmentation_final,3,12,1791409717.5878494,2597936,worker_0,W001,CorrectIlluminationApply,step_started,started,0.0,0,16
cp_tutorial_advanced_segmentation_final,3,12,1791409717.6019602,2597938,worker_1,W002,pipeline,axis_started,started,0.0,0,16
cp_tutorial_advanced_segmentation_final,3,12,1791409717.6092355,2597938,worker_1,W002,CorrectIlluminationApply,step_started,started,0.0,0,16
cp_tutorial_advanced_segmentation_final,3,12,1791409717.625036,2597940,worker_2,W003,pipeline,axis_started,started,0.0,0,16
cp_tutorial_advanced_segmentation_final,3,12,1791409717.6313236,2597940,worker_2,W003,CorrectIlluminationApply,step_started,started,0.0,0,16
cp_tutorial_advanced_segmentation_final,3,12,1791409717.674683,2597936,worker_0,W001,CorrectIlluminationApply,pattern_group,running,20.0,1,5
cp_tutorial_advanced_segmentation_final,3,12,1791409717.6980867,2597938,worker_1,W002,CorrectIlluminationApply,pattern_group,running,20.0,1,5
cp_tutorial_advanced_segmentation_final,3,12,1791409717.708717,2597936,worker_0,W001,CorrectIlluminationApply,pattern_group,running,40.0,2,5
cp_tutorial_advanced_segmentation_final,3,12,1791409717.7205355,2597940,worker_2,W003,CorrectIlluminationApply,pattern_group,running,20.0,1,5
cp_tutorial_advanced_segmentation_final,3,12,1791409717.7316477,2597938,worker_1,W002,CorrectIlluminationApply,pattern_group,running,40.0,2,5
cp_tutorial_advanced_segmentation_final,3,12,1791409717.740897,2597936,worker_0,W001,CorrectIlluminationApply,pattern_group,running,60.0,3,5
cp_tutorial_advanced_segmentation_final,3,12,1791409717.7544672,2597940,worker_2,W003,CorrectIlluminationApply,pattern_group,running,40.0,2,5
cp_tutorial_advanced_segmentation_final,3,12,1791409717.7648065,2597938,worker_1,W002,CorrectIlluminationApply,pattern_group,running,60.0,3,5
cp_tutorial_advanced_segmentation_final,3,12,1791409717.7737112,2597936,worker_0,W001,CorrectIlluminationApply,pattern_group,running,80.0,4,5
cp_tutorial_advanced_segmentation_final,3,12,1791409717.7874796,2597940,worker_2,W003,CorrectIlluminationApply,pattern_group,running,60.0,3,5
cp_tutorial_advanced_segmentation_final,3,12,1791409717.798523,2597938,worker_1,W002,CorrectIlluminationApply,pattern_group,running,80.0,4,5
cp_tutorial_advanced_segmentation_final,3,12,1791409717.8063397,2597936,worker_0,W001,CorrectIlluminationApply,pattern_group,running,100.0,5,5
cp_tutorial_advanced_segmentation_final,3,12,1791409717.80747,2597936,worker_0,W001,CorrectIlluminationApply,step_completed,success,6.25,1,16
cp_tutorial_advanced_segmentation_final,3,12,1791409717.8082051,2597936,worker_0,W001,IdentifyPrimaryObjects,step_started,started,6.25,1,16
cp_tutorial_advanced_segmentation_final,3,12,1791409717.8211422,2597940,worker_2,W003,CorrectIlluminationApply,pattern_group,running,80.0,4,5
cp_tutorial_advanced_segmentation_final,3,12,1791409717.832126,2597938,worker_1,W002,CorrectIlluminationApply,pattern_group,running,100.0,5,5
cp_tutorial_advanced_segmentation_final,3,12,1791409717.833186,2597938,worker_1,W002,CorrectIlluminationApply,step_completed,success,6.25,1,16
cp_tutorial_advanced_segmentation_final,3,12,1791409717.833916,2597938,worker_1,W002,IdentifyPrimaryObjects,step_started,started,6.25,1,16
cp_tutorial_advanced_segmentation_final,3,12,1791409717.855297,2597940,worker_2,W003,CorrectIlluminationApply,pattern_group,running,100.0,5,5
cp_tutorial_advanced_segmentation_final,3,12,1791409717.8564007,2597940,worker_2,W003,CorrectIlluminationApply,step_completed,success,6.25,1,16
cp_tutorial_advanced_segmentation_final,3,12,1791409717.8571227,2597940,worker_2,W003,IdentifyPrimaryObjects,step_started,started,6.25,1,16
cp_tutorial_advanced_segmentation_final,3,12,1791409717.96886,2597936,worker_0,W001,IdentifyPrimaryObjects,pattern_group,running,100.0,1,1
cp_tutorial_advanced_segmentation_final,3,12,1791409717.9696407,2597936,worker_0,W001,IdentifyPrimaryObjects,step_completed,success,12.5,2,16
cp_tutorial_advanced_segmentation_final,3,12,1791409717.9706159,2597936,worker_0,W001,IdentifySecondaryObjects,step_started,started,12.5,2,16
cp_tutorial_advanced_segmentation_final,3,12,1791409717.9976122,2597938,worker_1,W002,IdentifyPrimaryObjects,pattern_group,running,100.0,1,1
cp_tutorial_advanced_segmentation_final,3,12,1791409717.998351,2597938,worker_1,W002,IdentifyPrimaryObjects,step_completed,success,12.5,2,16
cp_tutorial_advanced_segmentation_final,3,12,1791409717.9994688,2597938,worker_1,W002,IdentifySecondaryObjects,step_started,started,12.5,2,16
cp_tutorial_advanced_segmentation_final,3,12,1791409718.018519,2597940,worker_2,W003,IdentifyPrimaryObjects,pattern_group,running,100.0,1,1
cp_tutorial_advanced_segmentation_final,3,12,1791409718.0192263,2597940,worker_2,W003,IdentifyPrimaryObjects,step_completed,success,12.5,2,16
cp_tutorial_advanced_segmentation_final,3,12,1791409718.0201266,2597940,worker_2,W003,IdentifySecondaryObjects,step_started,started,12.5,2,16
cp_tutorial_advanced_segmentation_final,3,12,1791409718.2359214,2597936,worker_0,W001,IdentifySecondaryObjects,pattern_group,running,100.0,1,1
cp_tutorial_advanced_segmentation_final,3,12,1791409718.23657,2597936,worker_0,W001,IdentifySecondaryObjects,step_completed,success,18.75,3,16
cp_tutorial_advanced_segmentation_final,3,12,1791409718.237293,2597936,worker_0,W001,IdentifyTertiaryObjects,step_started,started,18.75,3,16
cp_tutorial_advanced_segmentation_final,3,12,1791409718.2683196,2597938,worker_1,W002,IdentifySecondaryObjects,pattern_group,running,100.0,1,1
cp_tutorial_advanced_segmentation_final,3,12,1791409718.2689915,2597938,worker_1,W002,IdentifySecondaryObjects,step_completed,success,18.75,3,16
cp_tutorial_advanced_segmentation_final,3,12,1791409718.2697196,2597938,worker_1,W002,IdentifyTertiaryObjects,step_started,started,18.75,3,16
cp_tutorial_advanced_segmentation_final,3,12,1791409718.2829642,2597940,worker_2,W003,IdentifySecondaryObjects,pattern_group,running,100.0,1,1
cp_tutorial_advanced_segmentation_final,3,12,1791409718.2837179,2597940,worker_2,W003,IdentifySecondaryObjects,step_completed,success,18.75,3,16
cp_tutorial_advanced_segmentation_final,3,12,1791409718.2845857,2597940,worker_2,W003,IdentifyTertiaryObjects,step_started,started,18.75,3,16
cp_tutorial_advanced_segmentation_final,3,12,1791409718.3026667,2597936,worker_0,W001,IdentifyTertiaryObjects,pattern_group,running,100.0,1,1
cp_tutorial_advanced_segmentation_final,3,12,1791409718.3031025,2597936,worker_0,W001,IdentifyTertiaryObjects,step_completed,success,25.0,4,16
cp_tutorial_advanced_segmentation_final,3,12,1791409718.3038952,2597936,worker_0,W001,EnhanceOrSuppressFeatures,step_started,started,25.0,4,16
cp_tutorial_advanced_segmentation_final,3,12,1791409718.3196616,2597936,worker_0,W001,EnhanceOrSuppressFeatures,pattern_group,running,100.0,1,1
cp_tutorial_advanced_segmentation_final,3,12,1791409718.3198216,2597936,worker_0,W001,EnhanceOrSuppressFeatures,step_completed,success,31.25,5,16
cp_tutorial_advanced_segmentation_final,3,12,1791409718.3203933,2597936,worker_0,W001,MaskImage,step_started,started,31.25,5,16
cp_tutorial_advanced_segmentation_final,3,12,1791409718.330814,2597936,worker_0,W001,MaskImage,pattern_group,running,100.0,1,1
cp_tutorial_advanced_segmentation_final,3,12,1791409718.3309634,2597936,worker_0,W001,MaskImage,step_completed,success,37.5,6,16
cp_tutorial_advanced_segmentation_final,3,12,1791409718.3317828,2597936,worker_0,W001,IdentifyPrimaryObjects,step_started,started,37.5,6,16
cp_tutorial_advanced_segmentation_final,3,12,1791409718.3357637,2597938,worker_1,W002,IdentifyTertiaryObjects,pattern_group,running,100.0,1,1
cp_tutorial_advanced_segmentation_final,3,12,1791409718.3361557,2597938,worker_1,W002,IdentifyTertiaryObjects,step_completed,success,25.0,4,16
cp_tutorial_advanced_segmentation_final,3,12,1791409718.3369818,2597938,worker_1,W002,EnhanceOrSuppressFeatures,step_started,started,25.0,4,16
cp_tutorial_advanced_segmentation_final,3,12,1791409718.3504899,2597940,worker_2,W003,IdentifyTertiaryObjects,pattern_group,running,100.0,1,1
cp_tutorial_advanced_segmentation_final,3,12,1791409718.3509297,2597940,worker_2,W003,IdentifyTertiaryObjects,step_completed,success,25.0,4,16
cp_tutorial_advanced_segmentation_final,3,12,1791409718.3517623,2597940,worker_2,W003,EnhanceOrSuppressFeatures,step_started,started,25.0,4,16
cp_tutorial_advanced_segmentation_final,3,12,1791409718.3513293,2597938,worker_1,W002,EnhanceOrSuppressFeatures,pattern_group,running,100.0,1,1
cp_tutorial_advanced_segmentation_final,3,12,1791409718.3515353,2597938,worker_1,W002,EnhanceOrSuppressFeatures,step_completed,success,31.25,5,16
cp_tutorial_advanced_segmentation_final,3,12,1791409718.3521347,2597938,worker_1,W002,MaskImage,step_started,started,31.25,5,16
cp_tutorial_advanced_segmentation_final,3,12,1791409718.362186,2597938,worker_1,W002,MaskImage,pattern_group,running,100.0,1,1
cp_tutorial_advanced_segmentation_final,3,12,1791409718.3624146,2597938,worker_1,W002,MaskImage,step_completed,success,37.5,6,16
cp_tutorial_advanced_segmentation_final,3,12,1791409718.3632627,2597938,worker_1,W002,IdentifyPrimaryObjects,step_started,started,37.5,6,16
cp_tutorial_advanced_segmentation_final,3,12,1791409718.365843,2597940,worker_2,W003,EnhanceOrSuppressFeatures,pattern_group,running,100.0,1,1
cp_tutorial_advanced_segmentation_final,3,12,1791409718.366012,2597940,worker_2,W003,EnhanceOrSuppressFeatures,step_completed,success,31.25,5,16
cp_tutorial_advanced_segmentation_final,3,12,1791409718.3666224,2597940,worker_2,W003,MaskImage,step_started,started,31.25,5,16
cp_tutorial_advanced_segmentation_final,3,12,1791409718.3774009,2597940,worker_2,W003,MaskImage,pattern_group,running,100.0,1,1
cp_tutorial_advanced_segmentation_final,3,12,1791409718.3775795,2597940,worker_2,W003,MaskImage,step_completed,success,37.5,6,16
cp_tutorial_advanced_segmentation_final,3,12,1791409718.378428,2597940,worker_2,W003,IdentifyPrimaryObjects,step_started,started,37.5,6,16
cp_tutorial_advanced_segmentation_final,3,12,1791409718.4422503,2597936,worker_0,W001,IdentifyPrimaryObjects,pattern_group,running,100.0,1,1
cp_tutorial_advanced_segmentation_final,3,12,1791409718.4428694,2597936,worker_0,W001,IdentifyPrimaryObjects,step_completed,success,43.75,7,16
cp_tutorial_advanced_segmentation_final,3,12,1791409718.4439108,2597936,worker_0,W001,MaskImage,step_started,started,43.75,7,16
cp_tutorial_advanced_segmentation_final,3,12,1791409718.4574232,2597936,worker_0,W001,MaskImage,pattern_group,running,100.0,1,1
cp_tutorial_advanced_segmentation_final,3,12,1791409718.4575984,2597936,worker_0,W001,MaskImage,step_completed,success,50.0,8,16
cp_tutorial_advanced_segmentation_final,3,12,1791409718.4581947,2597936,worker_0,W001,IdentifyPrimaryObjects,step_started,started,50.0,8,16
cp_tutorial_advanced_segmentation_final,3,12,1791409718.4743276,2597938,worker_1,W002,IdentifyPrimaryObjects,pattern_group,running,100.0,1,1
cp_tutorial_advanced_segmentation_final,3,12,1791409718.47495,2597938,worker_1,W002,IdentifyPrimaryObjects,step_completed,success,43.75,7,16
cp_tutorial_advanced_segmentation_final,3,12,1791409718.4760113,2597938,worker_1,W002,MaskImage,step_started,started,43.75,7,16
cp_tutorial_advanced_segmentation_final,3,12,1791409718.487701,2597938,worker_1,W002,MaskImage,pattern_group,running,100.0,1,1
cp_tutorial_advanced_segmentation_final,3,12,1791409718.4879515,2597938,worker_1,W002,MaskImage,step_completed,success,50.0,8,16
cp_tutorial_advanced_segmentation_final,3,12,1791409718.4886618,2597938,worker_1,W002,IdentifyPrimaryObjects,step_started,started,50.0,8,16
cp_tutorial_advanced_segmentation_final,3,12,1791409718.4887352,2597940,worker_2,W003,IdentifyPrimaryObjects,pattern_group,running,100.0,1,1
cp_tutorial_advanced_segmentation_final,3,12,1791409718.4893248,2597940,worker_2,W003,IdentifyPrimaryObjects,step_completed,success,43.75,7,16
cp_tutorial_advanced_segmentation_final,3,12,1791409718.4903212,2597940,worker_2,W003,MaskImage,step_started,started,43.75,7,16
cp_tutorial_advanced_segmentation_final,3,12,1791409718.502356,2597940,worker_2,W003,MaskImage,pattern_group,running,100.0,1,1
cp_tutorial_advanced_segmentation_final,3,12,1791409718.5025446,2597940,worker_2,W003,MaskImage,step_completed,success,50.0,8,16
cp_tutorial_advanced_segmentation_final,3,12,1791409718.5032055,2597940,worker_2,W003,IdentifyPrimaryObjects,step_started,started,50.0,8,16
cp_tutorial_advanced_segmentation_final,3,12,1791409718.5722363,2597936,worker_0,W001,IdentifyPrimaryObjects,pattern_group,running,100.0,1,1
cp_tutorial_advanced_segmentation_final,3,12,1791409718.572864,2597936,worker_0,W001,IdentifyPrimaryObjects,step_completed,success,56.25,9,16
cp_tutorial_advanced_segmentation_final,3,12,1791409718.5740924,2597936,worker_0,W001,MeasureColocalization,step_started,started,56.25,9,16
cp_tutorial_advanced_segmentation_final,3,12,1791409718.605944,2597938,worker_1,W002,IdentifyPrimaryObjects,pattern_group,running,100.0,1,1
cp_tutorial_advanced_segmentation_final,3,12,1791409718.6065247,2597938,worker_1,W002,IdentifyPrimaryObjects,step_completed,success,56.25,9,16
cp_tutorial_advanced_segmentation_final,3,12,1791409718.6075895,2597938,worker_1,W002,MeasureColocalization,step_started,started,56.25,9,16
cp_tutorial_advanced_segmentation_final,3,12,1791409718.6195874,2597940,worker_2,W003,IdentifyPrimaryObjects,pattern_group,running,100.0,1,1
cp_tutorial_advanced_segmentation_final,3,12,1791409718.6203346,2597940,worker_2,W003,IdentifyPrimaryObjects,step_completed,success,56.25,9,16
cp_tutorial_advanced_segmentation_final,3,12,1791409718.621452,2597940,worker_2,W003,MeasureColocalization,step_started,started,56.25,9,16
cp_tutorial_advanced_segmentation_final,3,12,1791409719.3176172,2597936,worker_0,W001,MeasureColocalization,pattern_group,running,50.0,1,2
cp_tutorial_advanced_segmentation_final,3,12,1791409719.3527577,2597938,worker_1,W002,MeasureColocalization,pattern_group,running,50.0,1,2
cp_tutorial_advanced_segmentation_final,3,12,1791409719.380971,2597940,worker_2,W003,MeasureColocalization,pattern_group,running,50.0,1,2
cp_tutorial_advanced_segmentation_final,3,12,1791409720.0426238,2597936,worker_0,W001,MeasureColocalization,pattern_group,running,100.0,2,2
cp_tutorial_advanced_segmentation_final,3,12,1791409720.047584,2597936,worker_0,W001,MeasureColocalization,step_completed,success,62.5,10,16
cp_tutorial_advanced_segmentation_final,3,12,1791409720.048289,2597936,worker_0,W001,MeasureObjectIntensity,step_started,started,62.5,10,16
cp_tutorial_advanced_segmentation_final,3,12,1791409720.0495512,2597938,worker_1,W002,MeasureColocalization,pattern_group,running,100.0,2,2
cp_tutorial_advanced_segmentation_final,3,12,1791409720.054704,2597938,worker_1,W002,MeasureColocalization,step_completed,success,62.5,10,16
cp_tutorial_advanced_segmentation_final,3,12,1791409720.055653,2597938,worker_1,W002,MeasureObjectIntensity,step_started,started,62.5,10,16
cp_tutorial_advanced_segmentation_final,3,12,1791409720.076594,2597940,worker_2,W003,MeasureColocalization,pattern_group,running,100.0,2,2
cp_tutorial_advanced_segmentation_final,3,12,1791409720.08221,2597940,worker_2,W003,MeasureColocalization,step_completed,success,62.5,10,16
cp_tutorial_advanced_segmentation_final,3,12,1791409720.0828621,2597940,worker_2,W003,MeasureObjectIntensity,step_started,started,62.5,10,16
cp_tutorial_advanced_segmentation_final,3,12,1791409720.5116222,2597936,worker_0,W001,MeasureObjectIntensity,pattern_group,running,50.0,1,2
cp_tutorial_advanced_segmentation_final,3,12,1791409720.516935,2597938,worker_1,W002,MeasureObjectIntensity,pattern_group,running,50.0,1,2
cp_tutorial_advanced_segmentation_final,3,12,1791409720.5684996,2597940,worker_2,W003,MeasureObjectIntensity,pattern_group,running,50.0,1,2
cp_tutorial_advanced_segmentation_final,3,12,1791409720.6275895,2597936,worker_0,W001,MeasureObjectIntensity,pattern_group,running,100.0,2,2
cp_tutorial_advanced_segmentation_final,3,12,1791409720.630868,2597936,worker_0,W001,MeasureObjectIntensity,step_completed,success,68.75,11,16
cp_tutorial_advanced_segmentation_final,3,12,1791409720.6317885,2597936,worker_0,W001,MeasureObjectIntensityDistribution,step_started,started,68.75,11,16
cp_tutorial_advanced_segmentation_final,3,12,1791409720.6336048,2597938,worker_1,W002,MeasureObjectIntensity,pattern_group,running,100.0,2,2
cp_tutorial_advanced_segmentation_final,3,12,1791409720.637143,2597938,worker_1,W002,MeasureObjectIntensity,step_completed,success,68.75,11,16
cp_tutorial_advanced_segmentation_final,3,12,1791409720.6381233,2597938,worker_1,W002,MeasureObjectIntensityDistribution,step_started,started,68.75,11,16
cp_tutorial_advanced_segmentation_final,3,12,1791409720.6884763,2597940,worker_2,W003,MeasureObjectIntensity,pattern_group,running,100.0,2,2
cp_tutorial_advanced_segmentation_final,3,12,1791409720.6918466,2597940,worker_2,W003,MeasureObjectIntensity,step_completed,success,68.75,11,16
cp_tutorial_advanced_segmentation_final,3,12,1791409720.6929,2597940,worker_2,W003,MeasureObjectIntensityDistribution,step_started,started,68.75,11,16
cp_tutorial_advanced_segmentation_final,3,12,1791409720.9697945,2597938,worker_1,W002,MeasureObjectIntensityDistribution,pattern_group,running,50.0,1,2
cp_tutorial_advanced_segmentation_final,3,12,1791409720.992759,2597936,worker_0,W001,MeasureObjectIntensityDistribution,pattern_group,running,50.0,1,2
cp_tutorial_advanced_segmentation_final,3,12,1791409721.0224118,2597940,worker_2,W003,MeasureObjectIntensityDistribution,pattern_group,running,50.0,1,2
cp_tutorial_advanced_segmentation_final,3,12,1791409721.0458066,2597938,worker_1,W002,MeasureObjectIntensityDistribution,pattern_group,running,100.0,2,2
cp_tutorial_advanced_segmentation_final,3,12,1791409721.0485766,2597938,worker_1,W002,MeasureObjectIntensityDistribution,step_completed,success,75.0,12,16
cp_tutorial_advanced_segmentation_final,3,12,1791409721.0496652,2597938,worker_1,W002,MeasureObjectSizeShape,step_started,started,75.0,12,16
cp_tutorial_advanced_segmentation_final,3,12,1791409721.070784,2597936,worker_0,W001,MeasureObjectIntensityDistribution,pattern_group,running,100.0,2,2
cp_tutorial_advanced_segmentation_final,3,12,1791409721.0735688,2597936,worker_0,W001,MeasureObjectIntensityDistribution,step_completed,success,75.0,12,16
cp_tutorial_advanced_segmentation_final,3,12,1791409721.0746384,2597936,worker_0,W001,MeasureObjectSizeShape,step_started,started,75.0,12,16
cp_tutorial_advanced_segmentation_final,3,12,1791409721.100173,2597940,worker_2,W003,MeasureObjectIntensityDistribution,pattern_group,running,100.0,2,2
cp_tutorial_advanced_segmentation_final,3,12,1791409721.1028426,2597940,worker_2,W003,MeasureObjectIntensityDistribution,step_completed,success,75.0,12,16
cp_tutorial_advanced_segmentation_final,3,12,1791409721.1038318,2597940,worker_2,W003,MeasureObjectSizeShape,step_started,started,75.0,12,16
cp_tutorial_advanced_segmentation_final,3,12,1791409721.4335485,2597938,worker_1,W002,MeasureObjectSizeShape,pattern_group,running,25.0,1,4
cp_tutorial_advanced_segmentation_final,3,12,1791409721.4576135,2597936,worker_0,W001,MeasureObjectSizeShape,pattern_group,running,25.0,1,4
cp_tutorial_advanced_segmentation_final,3,12,1791409721.5083175,2597940,worker_2,W003,MeasureObjectSizeShape,pattern_group,running,25.0,1,4
cp_tutorial_advanced_segmentation_final,3,12,1791409721.5318837,2597938,worker_1,W002,MeasureObjectSizeShape,pattern_group,running,50.0,2,4
cp_tutorial_advanced_segmentation_final,3,12,1791409721.5554752,2597936,worker_0,W001,MeasureObjectSizeShape,pattern_group,running,50.0,2,4
cp_tutorial_advanced_segmentation_final,3,12,1791409721.6106274,2597940,worker_2,W003,MeasureObjectSizeShape,pattern_group,running,50.0,2,4
cp_tutorial_advanced_segmentation_final,3,12,1791409721.615863,2597938,worker_1,W002,MeasureObjectSizeShape,pattern_group,running,75.0,3,4
cp_tutorial_advanced_segmentation_final,3,12,1791409721.6394696,2597936,worker_0,W001,MeasureObjectSizeShape,pattern_group,running,75.0,3,4
cp_tutorial_advanced_segmentation_final,3,12,1791409721.6573052,2597938,worker_1,W002,MeasureObjectSizeShape,pattern_group,running,100.0,4,4
cp_tutorial_advanced_segmentation_final,3,12,1791409721.6623726,2597938,worker_1,W002,MeasureObjectSizeShape,step_completed,success,81.25,13,16
cp_tutorial_advanced_segmentation_final,3,12,1791409721.6633902,2597938,worker_1,W002,MeasureObjectNeighbors,step_started,started,81.25,13,16
cp_tutorial_advanced_segmentation_final,3,12,1791409721.68153,2597936,worker_0,W001,MeasureObjectSizeShape,pattern_group,running,100.0,4,4
cp_tutorial_advanced_segmentation_final,3,12,1791409721.6867104,2597936,worker_0,W001,MeasureObjectSizeShape,step_completed,success,81.25,13,16
cp_tutorial_advanced_segmentation_final,3,12,1791409721.6877122,2597936,worker_0,W001,MeasureObjectNeighbors,step_started,started,81.25,13,16
cp_tutorial_advanced_segmentation_final,3,12,1791409721.699873,2597940,worker_2,W003,MeasureObjectSizeShape,pattern_group,running,75.0,3,4
cp_tutorial_advanced_segmentation_final,3,12,1791409721.7220733,2597938,worker_1,W002,MeasureObjectNeighbors,pattern_group,running,33.33333333333333,1,3
cp_tutorial_advanced_segmentation_final,3,12,1791409721.746699,2597936,worker_0,W001,MeasureObjectNeighbors,pattern_group,running,33.33333333333333,1,3
cp_tutorial_advanced_segmentation_final,3,12,1791409721.745684,2597940,worker_2,W003,MeasureObjectSizeShape,pattern_group,running,100.0,4,4
cp_tutorial_advanced_segmentation_final,3,12,1791409721.7510302,2597940,worker_2,W003,MeasureObjectSizeShape,step_completed,success,81.25,13,16
cp_tutorial_advanced_segmentation_final,3,12,1791409721.7524977,2597940,worker_2,W003,MeasureObjectNeighbors,step_started,started,81.25,13,16
cp_tutorial_advanced_segmentation_final,3,12,1791409721.7689557,2597938,worker_1,W002,MeasureObjectNeighbors,pattern_group,running,66.66666666666666,2,3
cp_tutorial_advanced_segmentation_final,3,12,1791409721.7935355,2597936,worker_0,W001,MeasureObjectNeighbors,pattern_group,running,66.66666666666666,2,3
cp_tutorial_advanced_segmentation_final,3,12,1791409721.8129478,2597940,worker_2,W003,MeasureObjectNeighbors,pattern_group,running,33.33333333333333,1,3
cp_tutorial_advanced_segmentation_final,3,12,1791409721.8391466,2597938,worker_1,W002,MeasureObjectNeighbors,pattern_group,running,100.0,3,3
cp_tutorial_advanced_segmentation_final,3,12,1791409721.8402867,2597938,worker_1,W002,MeasureObjectNeighbors,step_completed,success,87.5,14,16
cp_tutorial_advanced_segmentation_final,3,12,1791409721.8409681,2597938,worker_1,W002,RelateObjects,step_started,started,87.5,14,16
cp_tutorial_advanced_segmentation_final,3,12,1791409721.8614988,2597940,worker_2,W003,MeasureObjectNeighbors,pattern_group,running,66.66666666666666,2,3
cp_tutorial_advanced_segmentation_final,3,12,1791409721.8621833,2597936,worker_0,W001,MeasureObjectNeighbors,pattern_group,running,100.0,3,3
cp_tutorial_advanced_segmentation_final,3,12,1791409721.8635545,2597936,worker_0,W001,MeasureObjectNeighbors,step_completed,success,87.5,14,16
cp_tutorial_advanced_segmentation_final,3,12,1791409721.8642557,2597936,worker_0,W001,RelateObjects,step_started,started,87.5,14,16
cp_tutorial_advanced_segmentation_final,3,12,1791409721.9322631,2597940,worker_2,W003,MeasureObjectNeighbors,pattern_group,running,100.0,3,3
cp_tutorial_advanced_segmentation_final,3,12,1791409721.9334283,2597940,worker_2,W003,MeasureObjectNeighbors,step_completed,success,87.5,14,16
cp_tutorial_advanced_segmentation_final,3,12,1791409721.9341223,2597940,worker_2,W003,RelateObjects,step_started,started,87.5,14,16
cp_tutorial_advanced_segmentation_final,3,12,1791409722.0580733,2597938,worker_1,W002,RelateObjects,pattern_group,running,50.0,1,2
cp_tutorial_advanced_segmentation_final,3,12,1791409722.0751824,2597936,worker_0,W001,RelateObjects,pattern_group,running,50.0,1,2
cp_tutorial_advanced_segmentation_final,3,12,1791409722.1487546,2597940,worker_2,W003,RelateObjects,pattern_group,running,50.0,1,2
cp_tutorial_advanced_segmentation_final,3,12,1791409722.5672247,2597938,worker_1,W002,RelateObjects,pattern_group,running,100.0,2,2
cp_tutorial_advanced_segmentation_final,3,12,1791409722.5720797,2597938,worker_1,W002,RelateObjects,step_completed,success,93.75,15,16
cp_tutorial_advanced_segmentation_final,3,12,1791409722.574206,2597938,worker_1,W002,pipeline,axis_completed,success,93.75,15,16
cp_tutorial_advanced_segmentation_final,3,12,1791409722.5742598,2597938,worker_1,W005,pipeline,axis_started,started,0.0,0,16
cp_tutorial_advanced_segmentation_final,3,12,1791409722.5783408,2597938,worker_1,W005,CorrectIlluminationApply,step_started,started,0.0,0,16
cp_tutorial_advanced_segmentation_final,3,12,1791409722.5749996,2597936,worker_0,W001,RelateObjects,pattern_group,running,100.0,2,2
cp_tutorial_advanced_segmentation_final,3,12,1791409722.5799987,2597936,worker_0,W001,RelateObjects,step_completed,success,93.75,15,16
cp_tutorial_advanced_segmentation_final,3,12,1791409722.582099,2597936,worker_0,W001,pipeline,axis_completed,success,93.75,15,16
cp_tutorial_advanced_segmentation_final,3,12,1791409722.5821533,2597936,worker_0,W004,pipeline,axis_started,started,0.0,0,16
cp_tutorial_advanced_segmentation_final,3,12,1791409722.586086,2597936,worker_0,W004,CorrectIlluminationApply,step_started,started,0.0,0,16
cp_tutorial_advanced_segmentation_final,3,12,1791409722.6347134,2597938,worker_1,W005,CorrectIlluminationApply,pattern_group,running,20.0,1,5
cp_tutorial_advanced_segmentation_final,3,12,1791409722.6437194,2597936,worker_0,W004,CorrectIlluminationApply,pattern_group,running,20.0,1,5
cp_tutorial_advanced_segmentation_final,3,12,1791409722.6693494,2597938,worker_1,W005,CorrectIlluminationApply,pattern_group,running,40.0,2,5
cp_tutorial_advanced_segmentation_final,3,12,1791409722.669972,2597940,worker_2,W003,RelateObjects,pattern_group,running,100.0,2,2
cp_tutorial_advanced_segmentation_final,3,12,1791409722.6755953,2597940,worker_2,W003,RelateObjects,step_completed,success,93.75,15,16
cp_tutorial_advanced_segmentation_final,3,12,1791409722.676268,2597936,worker_0,W004,CorrectIlluminationApply,pattern_group,running,40.0,2,5
cp_tutorial_advanced_segmentation_final,3,12,1791409722.6786199,2597940,worker_2,W003,pipeline,axis_completed,success,93.75,15,16
cp_tutorial_advanced_segmentation_final,3,12,1791409722.678691,2597940,worker_2,W006,pipeline,axis_started,started,0.0,0,16
cp_tutorial_advanced_segmentation_final,3,12,1791409722.684018,2597940,worker_2,W006,CorrectIlluminationApply,step_started,started,0.0,0,16
cp_tutorial_advanced_segmentation_final,3,12,1791409722.7035394,2597938,worker_1,W005,CorrectIlluminationApply,pattern_group,running,60.0,3,5
cp_tutorial_advanced_segmentation_final,3,12,1791409722.7101212,2597936,worker_0,W004,CorrectIlluminationApply,pattern_group,running,60.0,3,5
cp_tutorial_advanced_segmentation_final,3,12,1791409722.7373104,2597938,worker_1,W005,CorrectIlluminationApply,pattern_group,running,80.0,4,5
cp_tutorial_advanced_segmentation_final,3,12,1791409722.7426543,2597936,worker_0,W004,CorrectIlluminationApply,pattern_group,running,80.0,4,5
cp_tutorial_advanced_segmentation_final,3,12,1791409722.7515535,2597940,worker_2,W006,CorrectIlluminationApply,pattern_group,running,20.0,1,5
cp_tutorial_advanced_segmentation_final,3,12,1791409722.7678456,2597938,worker_1,W005,CorrectIlluminationApply,pattern_group,running,100.0,5,5
cp_tutorial_advanced_segmentation_final,3,12,1791409722.7680824,2597938,worker_1,W005,CorrectIlluminationApply,step_completed,success,6.25,1,16
cp_tutorial_advanced_segmentation_final,3,12,1791409722.7686715,2597938,worker_1,W005,IdentifyPrimaryObjects,step_started,started,6.25,1,16
cp_tutorial_advanced_segmentation_final,3,12,1791409722.7735965,2597936,worker_0,W004,CorrectIlluminationApply,pattern_group,running,100.0,5,5
cp_tutorial_advanced_segmentation_final,3,12,1791409722.773816,2597936,worker_0,W004,CorrectIlluminationApply,step_completed,success,6.25,1,16
cp_tutorial_advanced_segmentation_final,3,12,1791409722.774386,2597936,worker_0,W004,IdentifyPrimaryObjects,step_started,started,6.25,1,16
cp_tutorial_advanced_segmentation_final,3,12,1791409722.7844965,2597940,worker_2,W006,CorrectIlluminationApply,pattern_group,running,40.0,2,5
cp_tutorial_advanced_segmentation_final,3,12,1791409722.817865,2597940,worker_2,W006,CorrectIlluminationApply,pattern_group,running,60.0,3,5
cp_tutorial_advanced_segmentation_final,3,12,1791409722.8519378,2597940,worker_2,W006,CorrectIlluminationApply,pattern_group,running,80.0,4,5
cp_tutorial_advanced_segmentation_final,3,12,1791409722.8856695,2597940,worker_2,W006,CorrectIlluminationApply,pattern_group,running,100.0,5,5
cp_tutorial_advanced_segmentation_final,3,12,1791409722.8858666,2597940,worker_2,W006,CorrectIlluminationApply,step_completed,success,6.25,1,16
cp_tutorial_advanced_segmentation_final,3,12,1791409722.8864105,2597940,worker_2,W006,IdentifyPrimaryObjects,step_started,started,6.25,1,16
cp_tutorial_advanced_segmentation_final,3,12,1791409722.8872492,2597938,worker_1,W005,IdentifyPrimaryObjects,pattern_group,running,100.0,1,1
cp_tutorial_advanced_segmentation_final,3,12,1791409722.8878267,2597938,worker_1,W005,IdentifyPrimaryObjects,step_completed,success,12.5,2,16
cp_tutorial_advanced_segmentation_final,3,12,1791409722.888681,2597938,worker_1,W005,IdentifySecondaryObjects,step_started,started,12.5,2,16
cp_tutorial_advanced_segmentation_final,3,12,1791409722.8908088,2597936,worker_0,W004,IdentifyPrimaryObjects,pattern_group,running,100.0,1,1
cp_tutorial_advanced_segmentation_final,3,12,1791409722.8915489,2597936,worker_0,W004,IdentifyPrimaryObjects,step_completed,success,12.5,2,16
cp_tutorial_advanced_segmentation_final,3,12,1791409722.8925483,2597936,worker_0,W004,IdentifySecondaryObjects,step_started,started,12.5,2,16
cp_tutorial_advanced_segmentation_final,3,12,1791409723.0039687,2597940,worker_2,W006,IdentifyPrimaryObjects,pattern_group,running,100.0,1,1
cp_tutorial_advanced_segmentation_final,3,12,1791409723.0046196,2597940,worker_2,W006,IdentifyPrimaryObjects,step_completed,success,12.5,2,16
cp_tutorial_advanced_segmentation_final,3,12,1791409723.005543,2597940,worker_2,W006,IdentifySecondaryObjects,step_started,started,12.5,2,16
cp_tutorial_advanced_segmentation_final,3,12,1791409723.1458867,2597938,worker_1,W005,IdentifySecondaryObjects,pattern_group,running,100.0,1,1
cp_tutorial_advanced_segmentation_final,3,12,1791409723.1464896,2597938,worker_1,W005,IdentifySecondaryObjects,step_completed,success,18.75,3,16
cp_tutorial_advanced_segmentation_final,3,12,1791409723.1471834,2597938,worker_1,W005,IdentifyTertiaryObjects,step_started,started,18.75,3,16
cp_tutorial_advanced_segmentation_final,3,12,1791409723.1468241,2597936,worker_0,W004,IdentifySecondaryObjects,pattern_group,running,100.0,1,1
cp_tutorial_advanced_segmentation_final,3,12,1791409723.1473997,2597936,worker_0,W004,IdentifySecondaryObjects,step_completed,success,18.75,3,16
cp_tutorial_advanced_segmentation_final,3,12,1791409723.1480856,2597936,worker_0,W004,IdentifyTertiaryObjects,step_started,started,18.75,3,16
cp_tutorial_advanced_segmentation_final,3,12,1791409723.206186,2597938,worker_1,W005,IdentifyTertiaryObjects,pattern_group,running,100.0,1,1
cp_tutorial_advanced_segmentation_final,3,12,1791409723.206567,2597938,worker_1,W005,IdentifyTertiaryObjects,step_completed,success,25.0,4,16
cp_tutorial_advanced_segmentation_final,3,12,1791409723.2073526,2597938,worker_1,W005,EnhanceOrSuppressFeatures,step_started,started,25.0,4,16
cp_tutorial_advanced_segmentation_final,3,12,1791409723.2068706,2597936,worker_0,W004,IdentifyTertiaryObjects,pattern_group,running,100.0,1,1
cp_tutorial_advanced_segmentation_final,3,12,1791409723.2072349,2597936,worker_0,W004,IdentifyTertiaryObjects,step_completed,success,25.0,4,16
cp_tutorial_advanced_segmentation_final,3,12,1791409723.207976,2597936,worker_0,W004,EnhanceOrSuppressFeatures,step_started,started,25.0,4,16
cp_tutorial_advanced_segmentation_final,3,12,1791409723.2191045,2597938,worker_1,W005,EnhanceOrSuppressFeatures,pattern_group,running,100.0,1,1
cp_tutorial_advanced_segmentation_final,3,12,1791409723.2191029,2597936,worker_0,W004,EnhanceOrSuppressFeatures,pattern_group,running,100.0,1,1
cp_tutorial_advanced_segmentation_final,3,12,1791409723.219264,2597936,worker_0,W004,EnhanceOrSuppressFeatures,step_completed,success,31.25,5,16
cp_tutorial_advanced_segmentation_final,3,12,1791409723.2198358,2597936,worker_0,W004,MaskImage,step_started,started,31.25,5,16
cp_tutorial_advanced_segmentation_final,3,12,1791409723.2192636,2597938,worker_1,W005,EnhanceOrSuppressFeatures,step_completed,success,31.25,5,16
cp_tutorial_advanced_segmentation_final,3,12,1791409723.2198317,2597938,worker_1,W005,MaskImage,step_started,started,31.25,5,16
cp_tutorial_advanced_segmentation_final,3,12,1791409723.2287207,2597936,worker_0,W004,MaskImage,pattern_group,running,100.0,1,1
cp_tutorial_advanced_segmentation_final,3,12,1791409723.2288518,2597936,worker_0,W004,MaskImage,step_completed,success,37.5,6,16
cp_tutorial_advanced_segmentation_final,3,12,1791409723.229604,2597936,worker_0,W004,IdentifyPrimaryObjects,step_started,started,37.5,6,16
cp_tutorial_advanced_segmentation_final,3,12,1791409723.228944,2597938,worker_1,W005,MaskImage,pattern_group,running,100.0,1,1
cp_tutorial_advanced_segmentation_final,3,12,1791409723.2290702,2597938,worker_1,W005,MaskImage,step_completed,success,37.5,6,16
cp_tutorial_advanced_segmentation_final,3,12,1791409723.2298062,2597938,worker_1,W005,IdentifyPrimaryObjects,step_started,started,37.5,6,16
cp_tutorial_advanced_segmentation_final,3,12,1791409723.2845147,2597940,worker_2,W006,IdentifySecondaryObjects,pattern_group,running,100.0,1,1
cp_tutorial_advanced_segmentation_final,3,12,1791409723.2852342,2597940,worker_2,W006,IdentifySecondaryObjects,step_completed,success,18.75,3,16
cp_tutorial_advanced_segmentation_final,3,12,1791409723.2859857,2597940,worker_2,W006,IdentifyTertiaryObjects,step_started,started,18.75,3,16
cp_tutorial_advanced_segmentation_final,3,12,1791409723.3355994,2597936,worker_0,W004,IdentifyPrimaryObjects,pattern_group,running,100.0,1,1
cp_tutorial_advanced_segmentation_final,3,12,1791409723.336207,2597936,worker_0,W004,IdentifyPrimaryObjects,step_completed,success,43.75,7,16
cp_tutorial_advanced_segmentation_final,3,12,1791409723.3373997,2597936,worker_0,W004,MaskImage,step_started,started,43.75,7,16
cp_tutorial_advanced_segmentation_final,3,12,1791409723.3430672,2597938,worker_1,W005,IdentifyPrimaryObjects,pattern_group,running,100.0,1,1
cp_tutorial_advanced_segmentation_final,3,12,1791409723.3436606,2597938,worker_1,W005,IdentifyPrimaryObjects,step_completed,success,43.75,7,16
cp_tutorial_advanced_segmentation_final,3,12,1791409723.344662,2597938,worker_1,W005,MaskImage,step_started,started,43.75,7,16
cp_tutorial_advanced_segmentation_final,3,12,1791409723.3458462,2597940,worker_2,W006,IdentifyTertiaryObjects,pattern_group,running,100.0,1,1
cp_tutorial_advanced_segmentation_final,3,12,1791409723.3462856,2597940,worker_2,W006,IdentifyTertiaryObjects,step_completed,success,25.0,4,16
cp_tutorial_advanced_segmentation_final,3,12,1791409723.3470488,2597940,worker_2,W006,EnhanceOrSuppressFeatures,step_started,started,25.0,4,16
cp_tutorial_advanced_segmentation_final,3,12,1791409723.3477879,2597936,worker_0,W004,MaskImage,pattern_group,running,100.0,1,1
cp_tutorial_advanced_segmentation_final,3,12,1791409723.3479621,2597936,worker_0,W004,MaskImage,step_completed,success,50.0,8,16
cp_tutorial_advanced_segmentation_final,3,12,1791409723.3486636,2597936,worker_0,W004,IdentifyPrimaryObjects,step_started,started,50.0,8,16
cp_tutorial_advanced_segmentation_final,3,12,1791409723.3565888,2597938,worker_1,W005,MaskImage,pattern_group,running,100.0,1,1
cp_tutorial_advanced_segmentation_final,3,12,1791409723.3568347,2597938,worker_1,W005,MaskImage,step_completed,success,50.0,8,16
cp_tutorial_advanced_segmentation_final,3,12,1791409723.35749,2597938,worker_1,W005,IdentifyPrimaryObjects,step_started,started,50.0,8,16
cp_tutorial_advanced_segmentation_final,3,12,1791409723.3592534,2597940,worker_2,W006,EnhanceOrSuppressFeatures,pattern_group,running,100.0,1,1
cp_tutorial_advanced_segmentation_final,3,12,1791409723.3595374,2597940,worker_2,W006,EnhanceOrSuppressFeatures,step_completed,success,31.25,5,16
cp_tutorial_advanced_segmentation_final,3,12,1791409723.360203,2597940,worker_2,W006,MaskImage,step_started,started,31.25,5,16
cp_tutorial_advanced_segmentation_final,3,12,1791409723.3705404,2597940,worker_2,W006,MaskImage,pattern_group,running,100.0,1,1
cp_tutorial_advanced_segmentation_final,3,12,1791409723.3707886,2597940,worker_2,W006,MaskImage,step_completed,success,37.5,6,16
cp_tutorial_advanced_segmentation_final,3,12,1791409723.3716764,2597940,worker_2,W006,IdentifyPrimaryObjects,step_started,started,37.5,6,16
cp_tutorial_advanced_segmentation_final,3,12,1791409723.4652317,2597936,worker_0,W004,IdentifyPrimaryObjects,pattern_group,running,100.0,1,1
cp_tutorial_advanced_segmentation_final,3,12,1791409723.4658577,2597936,worker_0,W004,IdentifyPrimaryObjects,step_completed,success,56.25,9,16
cp_tutorial_advanced_segmentation_final,3,12,1791409723.4668894,2597936,worker_0,W004,MeasureColocalization,step_started,started,56.25,9,16
cp_tutorial_advanced_segmentation_final,3,12,1791409723.4776113,2597940,worker_2,W006,IdentifyPrimaryObjects,pattern_group,running,100.0,1,1
cp_tutorial_advanced_segmentation_final,3,12,1791409723.4781928,2597940,worker_2,W006,IdentifyPrimaryObjects,step_completed,success,43.75,7,16
cp_tutorial_advanced_segmentation_final,3,12,1791409723.4792778,2597940,worker_2,W006,MaskImage,step_started,started,43.75,7,16
cp_tutorial_advanced_segmentation_final,3,12,1791409723.4788864,2597938,worker_1,W005,IdentifyPrimaryObjects,pattern_group,running,100.0,1,1
cp_tutorial_advanced_segmentation_final,3,12,1791409723.4794998,2597938,worker_1,W005,IdentifyPrimaryObjects,step_completed,success,56.25,9,16
cp_tutorial_advanced_segmentation_final,3,12,1791409723.480562,2597938,worker_1,W005,MeasureColocalization,step_started,started,56.25,9,16
cp_tutorial_advanced_segmentation_final,3,12,1791409723.4914763,2597940,worker_2,W006,MaskImage,pattern_group,running,100.0,1,1
cp_tutorial_advanced_segmentation_final,3,12,1791409723.491634,2597940,worker_2,W006,MaskImage,step_completed,success,50.0,8,16
cp_tutorial_advanced_segmentation_final,3,12,1791409723.4922416,2597940,worker_2,W006,IdentifyPrimaryObjects,step_started,started,50.0,8,16
cp_tutorial_advanced_segmentation_final,3,12,1791409723.5947115,2597940,worker_2,W006,IdentifyPrimaryObjects,pattern_group,running,100.0,1,1
cp_tutorial_advanced_segmentation_final,3,12,1791409723.5953064,2597940,worker_2,W006,IdentifyPrimaryObjects,step_completed,success,56.25,9,16
cp_tutorial_advanced_segmentation_final,3,12,1791409723.596384,2597940,worker_2,W006,MeasureColocalization,step_started,started,56.25,9,16
cp_tutorial_advanced_segmentation_final,3,12,1791409724.1990848,2597936,worker_0,W004,MeasureColocalization,pattern_group,running,50.0,1,2
cp_tutorial_advanced_segmentation_final,3,12,1791409724.2324069,2597938,worker_1,W005,MeasureColocalization,pattern_group,running,50.0,1,2
cp_tutorial_advanced_segmentation_final,3,12,1791409724.3141387,2597940,worker_2,W006,MeasureColocalization,pattern_group,running,50.0,1,2
cp_tutorial_advanced_segmentation_final,3,12,1791409724.8774993,2597936,worker_0,W004,MeasureColocalization,pattern_group,running,100.0,2,2
cp_tutorial_advanced_segmentation_final,3,12,1791409724.8825498,2597936,worker_0,W004,MeasureColocalization,step_completed,success,62.5,10,16
cp_tutorial_advanced_segmentation_final,3,12,1791409724.8832798,2597936,worker_0,W004,MeasureObjectIntensity,step_started,started,62.5,10,16
cp_tutorial_advanced_segmentation_final,3,12,1791409724.9194562,2597938,worker_1,W005,MeasureColocalization,pattern_group,running,100.0,2,2
cp_tutorial_advanced_segmentation_final,3,12,1791409724.9244485,2597938,worker_1,W005,MeasureColocalization,step_completed,success,62.5,10,16
cp_tutorial_advanced_segmentation_final,3,12,1791409724.9251783,2597938,worker_1,W005,MeasureObjectIntensity,step_started,started,62.5,10,16
cp_tutorial_advanced_segmentation_final,3,12,1791409724.9999309,2597940,worker_2,W006,MeasureColocalization,pattern_group,running,100.0,2,2
cp_tutorial_advanced_segmentation_final,3,12,1791409725.0055442,2597940,worker_2,W006,MeasureColocalization,step_completed,success,62.5,10,16
cp_tutorial_advanced_segmentation_final,3,12,1791409725.006227,2597940,worker_2,W006,MeasureObjectIntensity,step_started,started,62.5,10,16
cp_tutorial_advanced_segmentation_final,3,12,1791409725.33644,2597936,worker_0,W004,MeasureObjectIntensity,pattern_group,running,50.0,1,2
cp_tutorial_advanced_segmentation_final,3,12,1791409725.3830528,2597938,worker_1,W005,MeasureObjectIntensity,pattern_group,running,50.0,1,2
cp_tutorial_advanced_segmentation_final,3,12,1791409725.452409,2597936,worker_0,W004,MeasureObjectIntensity,pattern_group,running,100.0,2,2
cp_tutorial_advanced_segmentation_final,3,12,1791409725.4556167,2597936,worker_0,W004,MeasureObjectIntensity,step_completed,success,68.75,11,16
cp_tutorial_advanced_segmentation_final,3,12,1791409725.4565027,2597936,worker_0,W004,MeasureObjectIntensityDistribution,step_started,started,68.75,11,16
cp_tutorial_advanced_segmentation_final,3,12,1791409725.4675753,2597940,worker_2,W006,MeasureObjectIntensity,pattern_group,running,50.0,1,2
cp_tutorial_advanced_segmentation_final,3,12,1791409725.4990845,2597938,worker_1,W005,MeasureObjectIntensity,pattern_group,running,100.0,2,2
cp_tutorial_advanced_segmentation_final,3,12,1791409725.5023336,2597938,worker_1,W005,MeasureObjectIntensity,step_completed,success,68.75,11,16
cp_tutorial_advanced_segmentation_final,3,12,1791409725.5032778,2597938,worker_1,W005,MeasureObjectIntensityDistribution,step_started,started,68.75,11,16
cp_tutorial_advanced_segmentation_final,3,12,1791409725.5716705,2597936,worker_0,W004,MeasureObjectIntensityDistribution,pattern_group,running,50.0,1,2
cp_tutorial_advanced_segmentation_final,3,12,1791409725.581047,2597940,worker_2,W006,MeasureObjectIntensity,pattern_group,running,100.0,2,2
cp_tutorial_advanced_segmentation_final,3,12,1791409725.584433,2597940,worker_2,W006,MeasureObjectIntensity,step_completed,success,68.75,11,16
cp_tutorial_advanced_segmentation_final,3,12,1791409725.585473,2597940,worker_2,W006,MeasureObjectIntensityDistribution,step_started,started,68.75,11,16
cp_tutorial_advanced_segmentation_final,3,12,1791409725.6173918,2597938,worker_1,W005,MeasureObjectIntensityDistribution,pattern_group,running,50.0,1,2
cp_tutorial_advanced_segmentation_final,3,12,1791409725.622735,2597936,worker_0,W004,MeasureObjectIntensityDistribution,pattern_group,running,100.0,2,2
cp_tutorial_advanced_segmentation_final,3,12,1791409725.6255047,2597936,worker_0,W004,MeasureObjectIntensityDistribution,step_completed,success,75.0,12,16
cp_tutorial_advanced_segmentation_final,3,12,1791409725.6265244,2597936,worker_0,W004,MeasureObjectSizeShape,step_started,started,75.0,12,16
cp_tutorial_advanced_segmentation_final,3,12,1791409725.6667862,2597938,worker_1,W005,MeasureObjectIntensityDistribution,pattern_group,running,100.0,2,2
cp_tutorial_advanced_segmentation_final,3,12,1791409725.6694765,2597938,worker_1,W005,MeasureObjectIntensityDistribution,step_completed,success,75.0,12,16
cp_tutorial_advanced_segmentation_final,3,12,1791409725.670464,2597938,worker_1,W005,MeasureObjectSizeShape,step_started,started,75.0,12,16
cp_tutorial_advanced_segmentation_final,3,12,1791409725.6988623,2597940,worker_2,W006,MeasureObjectIntensityDistribution,pattern_group,running,50.0,1,2
cp_tutorial_advanced_segmentation_final,3,12,1791409725.7461321,2597940,worker_2,W006,MeasureObjectIntensityDistribution,pattern_group,running,100.0,2,2
cp_tutorial_advanced_segmentation_final,3,12,1791409725.7488167,2597940,worker_2,W006,MeasureObjectIntensityDistribution,step_completed,success,75.0,12,16
cp_tutorial_advanced_segmentation_final,3,12,1791409725.7498155,2597940,worker_2,W006,MeasureObjectSizeShape,step_started,started,75.0,12,16
cp_tutorial_advanced_segmentation_final,3,12,1791409726.0059438,2597936,worker_0,W004,MeasureObjectSizeShape,pattern_group,running,25.0,1,4
cp_tutorial_advanced_segmentation_final,3,12,1791409726.0486476,2597938,worker_1,W005,MeasureObjectSizeShape,pattern_group,running,25.0,1,4
cp_tutorial_advanced_segmentation_final,3,12,1791409726.1013124,2597936,worker_0,W004,MeasureObjectSizeShape,pattern_group,running,50.0,2,4
cp_tutorial_advanced_segmentation_final,3,12,1791409726.1285303,2597940,worker_2,W006,MeasureObjectSizeShape,pattern_group,running,25.0,1,4
cp_tutorial_advanced_segmentation_final,3,12,1791409726.144917,2597938,worker_1,W005,MeasureObjectSizeShape,pattern_group,running,50.0,2,4
cp_tutorial_advanced_segmentation_final,3,12,1791409726.1866791,2597936,worker_0,W004,MeasureObjectSizeShape,pattern_group,running,75.0,3,4
cp_tutorial_advanced_segmentation_final,3,12,1791409726.2283962,2597940,worker_2,W006,MeasureObjectSizeShape,pattern_group,running,50.0,2,4
cp_tutorial_advanced_segmentation_final,3,12,1791409726.2284808,2597936,worker_0,W004,MeasureObjectSizeShape,pattern_group,running,100.0,4,4
cp_tutorial_advanced_segmentation_final,3,12,1791409726.235609,2597938,worker_1,W005,MeasureObjectSizeShape,pattern_group,running,75.0,3,4
cp_tutorial_advanced_segmentation_final,3,12,1791409726.233523,2597936,worker_0,W004,MeasureObjectSizeShape,step_completed,success,81.25,13,16
cp_tutorial_advanced_segmentation_final,3,12,1791409726.2345304,2597936,worker_0,W004,MeasureObjectNeighbors,step_started,started,81.25,13,16
cp_tutorial_advanced_segmentation_final,3,12,1791409726.2812214,2597938,worker_1,W005,MeasureObjectSizeShape,pattern_group,running,100.0,4,4
cp_tutorial_advanced_segmentation_final,3,12,1791409726.288199,2597938,worker_1,W005,MeasureObjectSizeShape,step_completed,success,81.25,13,16
cp_tutorial_advanced_segmentation_final,3,12,1791409726.2891572,2597938,worker_1,W005,MeasureObjectNeighbors,step_started,started,81.25,13,16
cp_tutorial_advanced_segmentation_final,3,12,1791409726.2892299,2597936,worker_0,W004,MeasureObjectNeighbors,pattern_group,running,33.33333333333333,1,3
cp_tutorial_advanced_segmentation_final,3,12,1791409726.3149874,2597940,worker_2,W006,MeasureObjectSizeShape,pattern_group,running,75.0,3,4
cp_tutorial_advanced_segmentation_final,3,12,1791409726.3356292,2597936,worker_0,W004,MeasureObjectNeighbors,pattern_group,running,66.66666666666666,2,3
cp_tutorial_advanced_segmentation_final,3,12,1791409726.3482566,2597938,worker_1,W005,MeasureObjectNeighbors,pattern_group,running,33.33333333333333,1,3
cp_tutorial_advanced_segmentation_final,3,12,1791409726.3591578,2597940,worker_2,W006,MeasureObjectSizeShape,pattern_group,running,100.0,4,4
cp_tutorial_advanced_segmentation_final,3,12,1791409726.3640912,2597940,worker_2,W006,MeasureObjectSizeShape,step_completed,success,81.25,13,16
cp_tutorial_advanced_segmentation_final,3,12,1791409726.3652449,2597940,worker_2,W006,MeasureObjectNeighbors,step_started,started,81.25,13,16
cp_tutorial_advanced_segmentation_final,3,12,1791409726.394245,2597938,worker_1,W005,MeasureObjectNeighbors,pattern_group,running,66.66666666666666,2,3
cp_tutorial_advanced_segmentation_final,3,12,1791409726.4062943,2597936,worker_0,W004,MeasureObjectNeighbors,pattern_group,running,100.0,3,3
cp_tutorial_advanced_segmentation_final,3,12,1791409726.4074008,2597936,worker_0,W004,MeasureObjectNeighbors,step_completed,success,87.5,14,16
cp_tutorial_advanced_segmentation_final,3,12,1791409726.4080892,2597936,worker_0,W004,RelateObjects,step_started,started,87.5,14,16
cp_tutorial_advanced_segmentation_final,3,12,1791409726.4259942,2597940,worker_2,W006,MeasureObjectNeighbors,pattern_group,running,33.33333333333333,1,3
cp_tutorial_advanced_segmentation_final,3,12,1791409726.4616039,2597938,worker_1,W005,MeasureObjectNeighbors,pattern_group,running,100.0,3,3
cp_tutorial_advanced_segmentation_final,3,12,1791409726.4627297,2597938,worker_1,W005,MeasureObjectNeighbors,step_completed,success,87.5,14,16
cp_tutorial_advanced_segmentation_final,3,12,1791409726.4634295,2597938,worker_1,W005,RelateObjects,step_started,started,87.5,14,16
cp_tutorial_advanced_segmentation_final,3,12,1791409726.472412,2597940,worker_2,W006,MeasureObjectNeighbors,pattern_group,running,66.66666666666666,2,3
cp_tutorial_advanced_segmentation_final,3,12,1791409726.5402987,2597940,worker_2,W006,MeasureObjectNeighbors,pattern_group,running,100.0,3,3
cp_tutorial_advanced_segmentation_final,3,12,1791409726.5413806,2597940,worker_2,W006,MeasureObjectNeighbors,step_completed,success,87.5,14,16
cp_tutorial_advanced_segmentation_final,3,12,1791409726.54209,2597940,worker_2,W006,RelateObjects,step_started,started,87.5,14,16
cp_tutorial_advanced_segmentation_final,3,12,1791409726.6034775,2597936,worker_0,W004,RelateObjects,pattern_group,running,50.0,1,2
cp_tutorial_advanced_segmentation_final,3,12,1791409726.6667688,2597938,worker_1,W005,RelateObjects,pattern_group,running,50.0,1,2
cp_tutorial_advanced_segmentation_final,3,12,1791409726.7376165,2597940,worker_2,W006,RelateObjects,pattern_group,running,50.0,1,2
cp_tutorial_advanced_segmentation_final,3,12,1791409727.0005894,2597936,worker_0,W004,RelateObjects,pattern_group,running,100.0,2,2
cp_tutorial_advanced_segmentation_final,3,12,1791409727.0054407,2597936,worker_0,W004,RelateObjects,step_completed,success,93.75,15,16
cp_tutorial_advanced_segmentation_final,3,12,1791409727.0073817,2597936,worker_0,W004,pipeline,axis_completed,success,93.75,15,16
cp_tutorial_advanced_segmentation_final,3,12,1791409727.0074325,2597936,worker_0,W007,pipeline,axis_started,started,0.0,0,16
cp_tutorial_advanced_segmentation_final,3,12,1791409727.0114262,2597936,worker_0,W007,CorrectIlluminationApply,step_started,started,0.0,0,16
cp_tutorial_advanced_segmentation_final,3,12,1791409727.0651414,2597936,worker_0,W007,CorrectIlluminationApply,pattern_group,running,20.0,1,5
cp_tutorial_advanced_segmentation_final,3,12,1791409727.0927093,2597936,worker_0,W007,CorrectIlluminationApply,pattern_group,running,40.0,2,5
cp_tutorial_advanced_segmentation_final,3,12,1791409727.0960674,2597938,worker_1,W005,RelateObjects,pattern_group,running,100.0,2,2
cp_tutorial_advanced_segmentation_final,3,12,1791409727.101016,2597938,worker_1,W005,RelateObjects,step_completed,success,93.75,15,16
cp_tutorial_advanced_segmentation_final,3,12,1791409727.1036215,2597938,worker_1,W005,pipeline,axis_completed,success,93.75,15,16
cp_tutorial_advanced_segmentation_final,3,12,1791409727.1036818,2597938,worker_1,W008,pipeline,axis_started,started,0.0,0,16
cp_tutorial_advanced_segmentation_final,3,12,1791409727.120569,2597936,worker_0,W007,CorrectIlluminationApply,pattern_group,running,60.0,3,5
cp_tutorial_advanced_segmentation_final,3,12,1791409727.107806,2597938,worker_1,W008,CorrectIlluminationApply,step_started,started,0.0,0,16
cp_tutorial_advanced_segmentation_final,3,12,1791409727.148013,2597936,worker_0,W007,CorrectIlluminationApply,pattern_group,running,80.0,4,5
cp_tutorial_advanced_segmentation_final,3,12,1791409727.1477826,2597940,worker_2,W006,RelateObjects,pattern_group,running,100.0,2,2
cp_tutorial_advanced_segmentation_final,3,12,1791409727.1528592,2597940,worker_2,W006,RelateObjects,step_completed,success,93.75,15,16
cp_tutorial_advanced_segmentation_final,3,12,1791409727.155462,2597940,worker_2,W006,pipeline,axis_completed,success,93.75,15,16
cp_tutorial_advanced_segmentation_final,3,12,1791409727.1555202,2597940,worker_2,W009,pipeline,axis_started,started,0.0,0,16
cp_tutorial_advanced_segmentation_final,3,12,1791409727.1597784,2597940,worker_2,W009,CorrectIlluminationApply,step_started,started,0.0,0,16
cp_tutorial_advanced_segmentation_final,3,12,1791409727.1665134,2597938,worker_1,W008,CorrectIlluminationApply,pattern_group,running,20.0,1,5
cp_tutorial_advanced_segmentation_final,3,12,1791409727.1786199,2597936,worker_0,W007,CorrectIlluminationApply,pattern_group,running,100.0,5,5
cp_tutorial_advanced_segmentation_final,3,12,1791409727.1788769,2597936,worker_0,W007,CorrectIlluminationApply,step_completed,success,6.25,1,16
cp_tutorial_advanced_segmentation_final,3,12,1791409727.1795142,2597936,worker_0,W007,IdentifyPrimaryObjects,step_started,started,6.25,1,16
cp_tutorial_advanced_segmentation_final,3,12,1791409727.1975467,2597938,worker_1,W008,CorrectIlluminationApply,pattern_group,running,40.0,2,5
cp_tutorial_advanced_segmentation_final,3,12,1791409727.2201738,2597940,worker_2,W009,CorrectIlluminationApply,pattern_group,running,20.0,1,5
cp_tutorial_advanced_segmentation_final,3,12,1791409727.229022,2597938,worker_1,W008,CorrectIlluminationApply,pattern_group,running,60.0,3,5
cp_tutorial_advanced_segmentation_final,3,12,1791409727.2504532,2597940,worker_2,W009,CorrectIlluminationApply,pattern_group,running,40.0,2,5
cp_tutorial_advanced_segmentation_final,3,12,1791409727.2594905,2597938,worker_1,W008,CorrectIlluminationApply,pattern_group,running,80.0,4,5
cp_tutorial_advanced_segmentation_final,3,12,1791409727.280697,2597940,worker_2,W009,CorrectIlluminationApply,pattern_group,running,60.0,3,5
cp_tutorial_advanced_segmentation_final,3,12,1791409727.290473,2597938,worker_1,W008,CorrectIlluminationApply,pattern_group,running,100.0,5,5
cp_tutorial_advanced_segmentation_final,3,12,1791409727.2906985,2597938,worker_1,W008,CorrectIlluminationApply,step_completed,success,6.25,1,16
cp_tutorial_advanced_segmentation_final,3,12,1791409727.2912297,2597938,worker_1,W008,IdentifyPrimaryObjects,step_started,started,6.25,1,16
cp_tutorial_advanced_segmentation_final,3,12,1791409727.2936754,2597936,worker_0,W007,IdentifyPrimaryObjects,pattern_group,running,100.0,1,1
cp_tutorial_advanced_segmentation_final,3,12,1791409727.2942529,2597936,worker_0,W007,IdentifyPrimaryObjects,step_completed,success,12.5,2,16
cp_tutorial_advanced_segmentation_final,3,12,1791409727.2951183,2597936,worker_0,W007,IdentifySecondaryObjects,step_started,started,12.5,2,16
cp_tutorial_advanced_segmentation_final,3,12,1791409727.3121204,2597940,worker_2,W009,CorrectIlluminationApply,pattern_group,running,80.0,4,5
cp_tutorial_advanced_segmentation_final,3,12,1791409727.3440537,2597940,worker_2,W009,CorrectIlluminationApply,pattern_group,running,100.0,5,5
cp_tutorial_advanced_segmentation_final,3,12,1791409727.3443568,2597940,worker_2,W009,CorrectIlluminationApply,step_completed,success,6.25,1,16
cp_tutorial_advanced_segmentation_final,3,12,1791409727.3452454,2597940,worker_2,W009,IdentifyPrimaryObjects,step_started,started,6.25,1,16
cp_tutorial_advanced_segmentation_final,3,12,1791409727.4066386,2597938,worker_1,W008,IdentifyPrimaryObjects,pattern_group,running,100.0,1,1
cp_tutorial_advanced_segmentation_final,3,12,1791409727.4072325,2597938,worker_1,W008,IdentifyPrimaryObjects,step_completed,success,12.5,2,16
cp_tutorial_advanced_segmentation_final,3,12,1791409727.4080894,2597938,worker_1,W008,IdentifySecondaryObjects,step_started,started,12.5,2,16
cp_tutorial_advanced_segmentation_final,3,12,1791409727.45884,2597940,worker_2,W009,IdentifyPrimaryObjects,pattern_group,running,100.0,1,1
cp_tutorial_advanced_segmentation_final,3,12,1791409727.459401,2597940,worker_2,W009,IdentifyPrimaryObjects,step_completed,success,12.5,2,16
cp_tutorial_advanced_segmentation_final,3,12,1791409727.4602127,2597940,worker_2,W009,IdentifySecondaryObjects,step_started,started,12.5,2,16
cp_tutorial_advanced_segmentation_final,3,12,1791409727.551504,2597936,worker_0,W007,IdentifySecondaryObjects,pattern_group,running,100.0,1,1
cp_tutorial_advanced_segmentation_final,3,12,1791409727.552072,2597936,worker_0,W007,IdentifySecondaryObjects,step_completed,success,18.75,3,16
cp_tutorial_advanced_segmentation_final,3,12,1791409727.5527718,2597936,worker_0,W007,IdentifyTertiaryObjects,step_started,started,18.75,3,16
cp_tutorial_advanced_segmentation_final,3,12,1791409727.6055436,2597936,worker_0,W007,IdentifyTertiaryObjects,pattern_group,running,100.0,1,1
cp_tutorial_advanced_segmentation_final,3,12,1791409727.6059208,2597936,worker_0,W007,IdentifyTertiaryObjects,step_completed,success,25.0,4,16
cp_tutorial_advanced_segmentation_final,3,12,1791409727.6066725,2597936,worker_0,W007,EnhanceOrSuppressFeatures,step_started,started,25.0,4,16
cp_tutorial_advanced_segmentation_final,3,12,1791409727.6172163,2597936,worker_0,W007,EnhanceOrSuppressFeatures,pattern_group,running,100.0,1,1
cp_tutorial_advanced_segmentation_final,3,12,1791409727.6173735,2597936,worker_0,W007,EnhanceOrSuppressFeatures,step_completed,success,31.25,5,16
cp_tutorial_advanced_segmentation_final,3,12,1791409727.6179307,2597936,worker_0,W007,MaskImage,step_started,started,31.25,5,16
cp_tutorial_advanced_segmentation_final,3,12,1791409727.626229,2597936,worker_0,W007,MaskImage,pattern_group,running,100.0,1,1
cp_tutorial_advanced_segmentation_final,3,12,1791409727.6263676,2597936,worker_0,W007,MaskImage,step_completed,success,37.5,6,16
cp_tutorial_advanced_segmentation_final,3,12,1791409727.6271088,2597936,worker_0,W007,IdentifyPrimaryObjects,step_started,started,37.5,6,16
cp_tutorial_advanced_segmentation_final,3,12,1791409727.672447,2597938,worker_1,W008,IdentifySecondaryObjects,pattern_group,running,100.0,1,1
cp_tutorial_advanced_segmentation_final,3,12,1791409727.6730802,2597938,worker_1,W008,IdentifySecondaryObjects,step_completed,success,18.75,3,16
cp_tutorial_advanced_segmentation_final,3,12,1791409727.6738942,2597938,worker_1,W008,IdentifyTertiaryObjects,step_started,started,18.75,3,16
cp_tutorial_advanced_segmentation_final,3,12,1791409727.7227094,2597936,worker_0,W007,IdentifyPrimaryObjects,pattern_group,running,100.0,1,1
cp_tutorial_advanced_segmentation_final,3,12,1791409727.7233753,2597936,worker_0,W007,IdentifyPrimaryObjects,step_completed,success,43.75,7,16
cp_tutorial_advanced_segmentation_final,3,12,1791409727.724449,2597936,worker_0,W007,MaskImage,step_started,started,43.75,7,16
cp_tutorial_advanced_segmentation_final,3,12,1791409727.731317,2597938,worker_1,W008,IdentifyTertiaryObjects,pattern_group,running,100.0,1,1
cp_tutorial_advanced_segmentation_final,3,12,1791409727.7317123,2597938,worker_1,W008,IdentifyTertiaryObjects,step_completed,success,25.0,4,16
cp_tutorial_advanced_segmentation_final,3,12,1791409727.7324698,2597938,worker_1,W008,EnhanceOrSuppressFeatures,step_started,started,25.0,4,16
cp_tutorial_advanced_segmentation_final,3,12,1791409727.7335014,2597940,worker_2,W009,IdentifySecondaryObjects,pattern_group,running,100.0,1,1
cp_tutorial_advanced_segmentation_final,3,12,1791409727.7340956,2597940,worker_2,W009,IdentifySecondaryObjects,step_completed,success,18.75,3,16
cp_tutorial_advanced_segmentation_final,3,12,1791409727.7348301,2597940,worker_2,W009,IdentifyTertiaryObjects,step_started,started,18.75,3,16
cp_tutorial_advanced_segmentation_final,3,12,1791409727.7348661,2597936,worker_0,W007,MaskImage,pattern_group,running,100.0,1,1
cp_tutorial_advanced_segmentation_final,3,12,1791409727.7350228,2597936,worker_0,W007,MaskImage,step_completed,success,50.0,8,16
cp_tutorial_advanced_segmentation_final,3,12,1791409727.73561,2597936,worker_0,W007,IdentifyPrimaryObjects,step_started,started,50.0,8,16
cp_tutorial_advanced_segmentation_final,3,12,1791409727.7446823,2597938,worker_1,W008,EnhanceOrSuppressFeatures,pattern_group,running,100.0,1,1
cp_tutorial_advanced_segmentation_final,3,12,1791409727.7450168,2597938,worker_1,W008,EnhanceOrSuppressFeatures,step_completed,success,31.25,5,16
cp_tutorial_advanced_segmentation_final,3,12,1791409727.7457383,2597938,worker_1,W008,MaskImage,step_started,started,31.25,5,16
cp_tutorial_advanced_segmentation_final,3,12,1791409727.7568974,2597938,worker_1,W008,MaskImage,pattern_group,running,100.0,1,1
cp_tutorial_advanced_segmentation_final,3,12,1791409727.7570784,2597938,worker_1,W008,MaskImage,step_completed,success,37.5,6,16
cp_tutorial_advanced_segmentation_final,3,12,1791409727.7580025,2597938,worker_1,W008,IdentifyPrimaryObjects,step_started,started,37.5,6,16
cp_tutorial_advanced_segmentation_final,3,12,1791409727.7982075,2597940,worker_2,W009,IdentifyTertiaryObjects,pattern_group,running,100.0,1,1
cp_tutorial_advanced_segmentation_final,3,12,1791409727.7987971,2597940,worker_2,W009,IdentifyTertiaryObjects,step_completed,success,25.0,4,16
cp_tutorial_advanced_segmentation_final,3,12,1791409727.799753,2597940,worker_2,W009,EnhanceOrSuppressFeatures,step_started,started,25.0,4,16
cp_tutorial_advanced_segmentation_final,3,12,1791409727.8146632,2597940,worker_2,W009,EnhanceOrSuppressFeatures,pattern_group,running,100.0,1,1
cp_tutorial_advanced_segmentation_final,3,12,1791409727.8150733,2597940,worker_2,W009,EnhanceOrSuppressFeatures,step_completed,success,31.25,5,16
cp_tutorial_advanced_segmentation_final,3,12,1791409727.8158178,2597940,worker_2,W009,MaskImage,step_started,started,31.25,5,16
cp_tutorial_advanced_segmentation_final,3,12,1791409727.8271184,2597940,worker_2,W009,MaskImage,pattern_group,running,100.0,1,1
cp_tutorial_advanced_segmentation_final,3,12,1791409727.8272798,2597940,worker_2,W009,MaskImage,step_completed,success,37.5,6,16
cp_tutorial_advanced_segmentation_final,3,12,1791409727.828056,2597940,worker_2,W009,IdentifyPrimaryObjects,step_started,started,37.5,6,16
cp_tutorial_advanced_segmentation_final,3,12,1791409727.848338,2597936,worker_0,W007,IdentifyPrimaryObjects,pattern_group,running,100.0,1,1
cp_tutorial_advanced_segmentation_final,3,12,1791409727.8489206,2597936,worker_0,W007,IdentifyPrimaryObjects,step_completed,success,56.25,9,16
cp_tutorial_advanced_segmentation_final,3,12,1791409727.850021,2597936,worker_0,W007,MeasureColocalization,step_started,started,56.25,9,16
cp_tutorial_advanced_segmentation_final,3,12,1791409727.8582466,2597938,worker_1,W008,IdentifyPrimaryObjects,pattern_group,running,100.0,1,1
cp_tutorial_advanced_segmentation_final,3,12,1791409727.8591263,2597938,worker_1,W008,IdentifyPrimaryObjects,step_completed,success,43.75,7,16
cp_tutorial_advanced_segmentation_final,3,12,1791409727.8603938,2597938,worker_1,W008,MaskImage,step_started,started,43.75,7,16
cp_tutorial_advanced_segmentation_final,3,12,1791409727.8735096,2597938,worker_1,W008,MaskImage,pattern_group,running,100.0,1,1
cp_tutorial_advanced_segmentation_final,3,12,1791409727.8737016,2597938,worker_1,W008,MaskImage,step_completed,success,50.0,8,16
cp_tutorial_advanced_segmentation_final,3,12,1791409727.874363,2597938,worker_1,W008,IdentifyPrimaryObjects,step_started,started,50.0,8,16
cp_tutorial_advanced_segmentation_final,3,12,1791409727.929743,2597940,worker_2,W009,IdentifyPrimaryObjects,pattern_group,running,100.0,1,1
cp_tutorial_advanced_segmentation_final,3,12,1791409727.9303901,2597940,worker_2,W009,IdentifyPrimaryObjects,step_completed,success,43.75,7,16
cp_tutorial_advanced_segmentation_final,3,12,1791409727.9314497,2597940,worker_2,W009,MaskImage,step_started,started,43.75,7,16
cp_tutorial_advanced_segmentation_final,3,12,1791409727.944905,2597940,worker_2,W009,MaskImage,pattern_group,running,100.0,1,1
cp_tutorial_advanced_segmentation_final,3,12,1791409727.9451168,2597940,worker_2,W009,MaskImage,step_completed,success,50.0,8,16
cp_tutorial_advanced_segmentation_final,3,12,1791409727.945809,2597940,worker_2,W009,IdentifyPrimaryObjects,step_started,started,50.0,8,16
cp_tutorial_advanced_segmentation_final,3,12,1791409727.9827785,2597938,worker_1,W008,IdentifyPrimaryObjects,pattern_group,running,100.0,1,1
cp_tutorial_advanced_segmentation_final,3,12,1791409727.9833426,2597938,worker_1,W008,IdentifyPrimaryObjects,step_completed,success,56.25,9,16
cp_tutorial_advanced_segmentation_final,3,12,1791409727.98436,2597938,worker_1,W008,MeasureColocalization,step_started,started,56.25,9,16
cp_tutorial_advanced_segmentation_final,3,12,1791409728.0564284,2597940,worker_2,W009,IdentifyPrimaryObjects,pattern_group,running,100.0,1,1
cp_tutorial_advanced_segmentation_final,3,12,1791409728.057009,2597940,worker_2,W009,IdentifyPrimaryObjects,step_completed,success,56.25,9,16
cp_tutorial_advanced_segmentation_final,3,12,1791409728.0580835,2597940,worker_2,W009,MeasureColocalization,step_started,started,56.25,9,16
cp_tutorial_advanced_segmentation_final,3,12,1791409728.585127,2597936,worker_0,W007,MeasureColocalization,pattern_group,running,50.0,1,2
cp_tutorial_advanced_segmentation_final,3,12,1791409728.712102,2597938,worker_1,W008,MeasureColocalization,pattern_group,running,50.0,1,2
cp_tutorial_advanced_segmentation_final,3,12,1791409728.8044665,2597940,worker_2,W009,MeasureColocalization,pattern_group,running,50.0,1,2
cp_tutorial_advanced_segmentation_final,3,12,1791409729.2718532,2597936,worker_0,W007,MeasureColocalization,pattern_group,running,100.0,2,2
cp_tutorial_advanced_segmentation_final,3,12,1791409729.2768853,2597936,worker_0,W007,MeasureColocalization,step_completed,success,62.5,10,16
cp_tutorial_advanced_segmentation_final,3,12,1791409729.2776973,2597936,worker_0,W007,MeasureObjectIntensity,step_started,started,62.5,10,16
cp_tutorial_advanced_segmentation_final,3,12,1791409729.4135218,2597938,worker_1,W008,MeasureColocalization,pattern_group,running,100.0,2,2
cp_tutorial_advanced_segmentation_final,3,12,1791409729.4189193,2597938,worker_1,W008,MeasureColocalization,step_completed,success,62.5,10,16
cp_tutorial_advanced_segmentation_final,3,12,1791409729.4198768,2597938,worker_1,W008,MeasureObjectIntensity,step_started,started,62.5,10,16
cp_tutorial_advanced_segmentation_final,3,12,1791409729.4967945,2597940,worker_2,W009,MeasureColocalization,pattern_group,running,100.0,2,2
cp_tutorial_advanced_segmentation_final,3,12,1791409729.5017986,2597940,worker_2,W009,MeasureColocalization,step_completed,success,62.5,10,16
cp_tutorial_advanced_segmentation_final,3,12,1791409729.502604,2597940,worker_2,W009,MeasureObjectIntensity,step_started,started,62.5,10,16
cp_tutorial_advanced_segmentation_final,3,12,1791409729.7278569,2597936,worker_0,W007,MeasureObjectIntensity,pattern_group,running,50.0,1,2
cp_tutorial_advanced_segmentation_final,3,12,1791409729.844086,2597936,worker_0,W007,MeasureObjectIntensity,pattern_group,running,100.0,2,2
cp_tutorial_advanced_segmentation_final,3,12,1791409729.847389,2597936,worker_0,W007,MeasureObjectIntensity,step_completed,success,68.75,11,16
cp_tutorial_advanced_segmentation_final,3,12,1791409729.8482997,2597936,worker_0,W007,MeasureObjectIntensityDistribution,step_started,started,68.75,11,16
cp_tutorial_advanced_segmentation_final,3,12,1791409729.8839269,2597938,worker_1,W008,MeasureObjectIntensity,pattern_group,running,50.0,1,2
cp_tutorial_advanced_segmentation_final,3,12,1791409729.9621015,2597936,worker_0,W007,MeasureObjectIntensityDistribution,pattern_group,running,50.0,1,2
cp_tutorial_advanced_segmentation_final,3,12,1791409729.9630947,2597940,worker_2,W009,MeasureObjectIntensity,pattern_group,running,50.0,1,2
cp_tutorial_advanced_segmentation_final,3,12,1791409729.9991796,2597938,worker_1,W008,MeasureObjectIntensity,pattern_group,running,100.0,2,2
cp_tutorial_advanced_segmentation_final,3,12,1791409730.0024354,2597938,worker_1,W008,MeasureObjectIntensity,step_completed,success,68.75,11,16
cp_tutorial_advanced_segmentation_final,3,12,1791409730.0033703,2597938,worker_1,W008,MeasureObjectIntensityDistribution,step_started,started,68.75,11,16
cp_tutorial_advanced_segmentation_final,3,12,1791409730.0130436,2597936,worker_0,W007,MeasureObjectIntensityDistribution,pattern_group,running,100.0,2,2
cp_tutorial_advanced_segmentation_final,3,12,1791409730.0157676,2597936,worker_0,W007,MeasureObjectIntensityDistribution,step_completed,success,75.0,12,16
cp_tutorial_advanced_segmentation_final,3,12,1791409730.0167682,2597936,worker_0,W007,MeasureObjectSizeShape,step_started,started,75.0,12,16
cp_tutorial_advanced_segmentation_final,3,12,1791409730.0774157,2597940,worker_2,W009,MeasureObjectIntensity,pattern_group,running,100.0,2,2
cp_tutorial_advanced_segmentation_final,3,12,1791409730.080953,2597940,worker_2,W009,MeasureObjectIntensity,step_completed,success,68.75,11,16
cp_tutorial_advanced_segmentation_final,3,12,1791409730.082059,2597940,worker_2,W009,MeasureObjectIntensityDistribution,step_started,started,68.75,11,16
cp_tutorial_advanced_segmentation_final,3,12,1791409730.119545,2597938,worker_1,W008,MeasureObjectIntensityDistribution,pattern_group,running,50.0,1,2
cp_tutorial_advanced_segmentation_final,3,12,1791409730.1706991,2597938,worker_1,W008,MeasureObjectIntensityDistribution,pattern_group,running,100.0,2,2
cp_tutorial_advanced_segmentation_final,3,12,1791409730.1735847,2597938,worker_1,W008,MeasureObjectIntensityDistribution,step_completed,success,75.0,12,16
cp_tutorial_advanced_segmentation_final,3,12,1791409730.1747425,2597938,worker_1,W008,MeasureObjectSizeShape,step_started,started,75.0,12,16
cp_tutorial_advanced_segmentation_final,3,12,1791409730.1962476,2597940,worker_2,W009,MeasureObjectIntensityDistribution,pattern_group,running,50.0,1,2
cp_tutorial_advanced_segmentation_final,3,12,1791409730.2447388,2597940,worker_2,W009,MeasureObjectIntensityDistribution,pattern_group,running,100.0,2,2
cp_tutorial_advanced_segmentation_final,3,12,1791409730.2473845,2597940,worker_2,W009,MeasureObjectIntensityDistribution,step_completed,success,75.0,12,16
cp_tutorial_advanced_segmentation_final,3,12,1791409730.2483385,2597940,worker_2,W009,MeasureObjectSizeShape,step_started,started,75.0,12,16
cp_tutorial_advanced_segmentation_final,3,12,1791409730.3986104,2597936,worker_0,W007,MeasureObjectSizeShape,pattern_group,running,25.0,1,4
cp_tutorial_advanced_segmentation_final,3,12,1791409730.4941647,2597936,worker_0,W007,MeasureObjectSizeShape,pattern_group,running,50.0,2,4
cp_tutorial_advanced_segmentation_final,3,12,1791409730.5612843,2597938,worker_1,W008,MeasureObjectSizeShape,pattern_group,running,25.0,1,4
cp_tutorial_advanced_segmentation_final,3,12,1791409730.5818992,2597936,worker_0,W007,MeasureObjectSizeShape,pattern_group,running,75.0,3,4
cp_tutorial_advanced_segmentation_final,3,12,1791409730.6290376,2597940,worker_2,W009,MeasureObjectSizeShape,pattern_group,running,25.0,1,4
cp_tutorial_advanced_segmentation_final,3,12,1791409730.6259687,2597936,worker_0,W007,MeasureObjectSizeShape,pattern_group,running,100.0,4,4
cp_tutorial_advanced_segmentation_final,3,12,1791409730.6309333,2597936,worker_0,W007,MeasureObjectSizeShape,step_completed,success,81.25,13,16
cp_tutorial_advanced_segmentation_final,3,12,1791409730.6319792,2597936,worker_0,W007,MeasureObjectNeighbors,step_started,started,81.25,13,16
cp_tutorial_advanced_segmentation_final,3,12,1791409730.6568465,2597938,worker_1,W008,MeasureObjectSizeShape,pattern_group,running,50.0,2,4
cp_tutorial_advanced_segmentation_final,3,12,1791409730.689913,2597936,worker_0,W007,MeasureObjectNeighbors,pattern_group,running,33.33333333333333,1,3
cp_tutorial_advanced_segmentation_final,3,12,1791409730.7309952,2597940,worker_2,W009,MeasureObjectSizeShape,pattern_group,running,50.0,2,4
cp_tutorial_advanced_segmentation_final,3,12,1791409730.7381837,2597936,worker_0,W007,MeasureObjectNeighbors,pattern_group,running,66.66666666666666,2,3
cp_tutorial_advanced_segmentation_final,3,12,1791409730.7414205,2597938,worker_1,W008,MeasureObjectSizeShape,pattern_group,running,75.0,3,4
cp_tutorial_advanced_segmentation_final,3,12,1791409730.783948,2597938,worker_1,W008,MeasureObjectSizeShape,pattern_group,running,100.0,4,4
cp_tutorial_advanced_segmentation_final,3,12,1791409730.7892163,2597938,worker_1,W008,MeasureObjectSizeShape,step_completed,success,81.25,13,16
cp_tutorial_advanced_segmentation_final,3,12,1791409730.7901871,2597938,worker_1,W008,MeasureObjectNeighbors,step_started,started,81.25,13,16
cp_tutorial_advanced_segmentation_final,3,12,1791409730.8112402,2597936,worker_0,W007,MeasureObjectNeighbors,pattern_group,running,100.0,3,3
cp_tutorial_advanced_segmentation_final,3,12,1791409730.8123732,2597936,worker_0,W007,MeasureObjectNeighbors,step_completed,success,87.5,14,16
cp_tutorial_advanced_segmentation_final,3,12,1791409730.8130546,2597936,worker_0,W007,RelateObjects,step_started,started,87.5,14,16
cp_tutorial_advanced_segmentation_final,3,12,1791409730.8194456,2597940,worker_2,W009,MeasureObjectSizeShape,pattern_group,running,75.0,3,4
cp_tutorial_advanced_segmentation_final,3,12,1791409730.8456182,2597938,worker_1,W008,MeasureObjectNeighbors,pattern_group,running,33.33333333333333,1,3
cp_tutorial_advanced_segmentation_final,3,12,1791409730.862859,2597940,worker_2,W009,MeasureObjectSizeShape,pattern_group,running,100.0,4,4
cp_tutorial_advanced_segmentation_final,3,12,1791409730.8681815,2597940,worker_2,W009,MeasureObjectSizeShape,step_completed,success,81.25,13,16
cp_tutorial_advanced_segmentation_final,3,12,1791409730.8692143,2597940,worker_2,W009,MeasureObjectNeighbors,step_started,started,81.25,13,16
cp_tutorial_advanced_segmentation_final,3,12,1791409730.8909545,2597938,worker_1,W008,MeasureObjectNeighbors,pattern_group,running,66.66666666666666,2,3
cp_tutorial_advanced_segmentation_final,3,12,1791409730.9269617,2597940,worker_2,W009,MeasureObjectNeighbors,pattern_group,running,33.33333333333333,1,3
cp_tutorial_advanced_segmentation_final,3,12,1791409730.9640388,2597938,worker_1,W008,MeasureObjectNeighbors,pattern_group,running,100.0,3,3
cp_tutorial_advanced_segmentation_final,3,12,1791409730.965183,2597938,worker_1,W008,MeasureObjectNeighbors,step_completed,success,87.5,14,16
cp_tutorial_advanced_segmentation_final,3,12,1791409730.9659002,2597938,worker_1,W008,RelateObjects,step_started,started,87.5,14,16
cp_tutorial_advanced_segmentation_final,3,12,1791409730.9760451,2597940,worker_2,W009,MeasureObjectNeighbors,pattern_group,running,66.66666666666666,2,3
cp_tutorial_advanced_segmentation_final,3,12,1791409731.0447862,2597940,worker_2,W009,MeasureObjectNeighbors,pattern_group,running,100.0,3,3
cp_tutorial_advanced_segmentation_final,3,12,1791409731.0458965,2597940,worker_2,W009,MeasureObjectNeighbors,step_completed,success,87.5,14,16
cp_tutorial_advanced_segmentation_final,3,12,1791409731.04659,2597940,worker_2,W009,RelateObjects,step_started,started,87.5,14,16
cp_tutorial_advanced_segmentation_final,3,12,1791409731.1267638,2597936,worker_0,W007,RelateObjects,pattern_group,running,50.0,1,2
cp_tutorial_advanced_segmentation_final,3,12,1791409731.251498,2597938,worker_1,W008,RelateObjects,pattern_group,running,50.0,1,2
cp_tutorial_advanced_segmentation_final,3,12,1791409731.3310633,2597940,worker_2,W009,RelateObjects,pattern_group,running,50.0,1,2
cp_tutorial_advanced_segmentation_final,3,12,1791409731.554062,2597936,worker_0,W007,RelateObjects,pattern_group,running,100.0,2,2
cp_tutorial_advanced_segmentation_final,3,12,1791409731.5594938,2597936,worker_0,W007,RelateObjects,step_completed,success,93.75,15,16
cp_tutorial_advanced_segmentation_final,3,12,1791409731.561399,2597936,worker_0,W007,pipeline,axis_completed,success,93.75,15,16
cp_tutorial_advanced_segmentation_final,3,12,1791409731.561451,2597936,worker_0,W010,pipeline,axis_started,started,0.0,0,16
cp_tutorial_advanced_segmentation_final,3,12,1791409731.565446,2597936,worker_0,W010,CorrectIlluminationApply,step_started,started,0.0,0,16
cp_tutorial_advanced_segmentation_final,3,12,1791409731.6224933,2597936,worker_0,W010,CorrectIlluminationApply,pattern_group,running,20.0,1,5
cp_tutorial_advanced_segmentation_final,3,12,1791409731.652135,2597936,worker_0,W010,CorrectIlluminationApply,pattern_group,running,40.0,2,5
cp_tutorial_advanced_segmentation_final,3,12,1791409731.659419,2597938,worker_1,W008,RelateObjects,pattern_group,running,100.0,2,2
cp_tutorial_advanced_segmentation_final,3,12,1791409731.6643486,2597938,worker_1,W008,RelateObjects,step_completed,success,93.75,15,16
cp_tutorial_advanced_segmentation_final,3,12,1791409731.6664293,2597938,worker_1,W008,pipeline,axis_completed,success,93.75,15,16
cp_tutorial_advanced_segmentation_final,3,12,1791409731.6809726,2597936,worker_0,W010,CorrectIlluminationApply,pattern_group,running,60.0,3,5
cp_tutorial_advanced_segmentation_final,3,12,1791409731.666496,2597938,worker_1,W011,pipeline,axis_started,started,0.0,0,16
cp_tutorial_advanced_segmentation_final,3,12,1791409731.670779,2597938,worker_1,W011,CorrectIlluminationApply,step_started,started,0.0,0,16
cp_tutorial_advanced_segmentation_final,3,12,1791409731.711546,2597936,worker_0,W010,CorrectIlluminationApply,pattern_group,running,80.0,4,5
cp_tutorial_advanced_segmentation_final,3,12,1791409731.728167,2597938,worker_1,W011,CorrectIlluminationApply,pattern_group,running,20.0,1,5
cp_tutorial_advanced_segmentation_final,3,12,1791409731.7416213,2597936,worker_0,W010,CorrectIlluminationApply,pattern_group,running,100.0,5,5
cp_tutorial_advanced_segmentation_final,3,12,1791409731.741824,2597936,worker_0,W010,CorrectIlluminationApply,step_completed,success,6.25,1,16
cp_tutorial_advanced_segmentation_final,3,12,1791409731.7423654,2597936,worker_0,W010,IdentifyPrimaryObjects,step_started,started,6.25,1,16
cp_tutorial_advanced_segmentation_final,3,12,1791409731.7429373,2597940,worker_2,W009,RelateObjects,pattern_group,running,100.0,2,2
cp_tutorial_advanced_segmentation_final,3,12,1791409731.7478898,2597940,worker_2,W009,RelateObjects,step_completed,success,93.75,15,16
cp_tutorial_advanced_segmentation_final,3,12,1791409731.7499712,2597940,worker_2,W009,pipeline,axis_completed,success,93.75,15,16
cp_tutorial_advanced_segmentation_final,3,12,1791409731.750041,2597940,worker_2,W012,pipeline,axis_started,started,0.0,0,16
cp_tutorial_advanced_segmentation_final,3,12,1791409731.754598,2597940,worker_2,W012,CorrectIlluminationApply,step_started,started,0.0,0,16
cp_tutorial_advanced_segmentation_final,3,12,1791409731.75708,2597938,worker_1,W011,CorrectIlluminationApply,pattern_group,running,40.0,2,5
cp_tutorial_advanced_segmentation_final,3,12,1791409731.786769,2597938,worker_1,W011,CorrectIlluminationApply,pattern_group,running,60.0,3,5
cp_tutorial_advanced_segmentation_final,3,12,1791409731.8137317,2597940,worker_2,W012,CorrectIlluminationApply,pattern_group,running,20.0,1,5
cp_tutorial_advanced_segmentation_final,3,12,1791409731.8173275,2597938,worker_1,W011,CorrectIlluminationApply,pattern_group,running,80.0,4,5
cp_tutorial_advanced_segmentation_final,3,12,1791409731.8438127,2597940,worker_2,W012,CorrectIlluminationApply,pattern_group,running,40.0,2,5
cp_tutorial_advanced_segmentation_final,3,12,1791409731.8475153,2597938,worker_1,W011,CorrectIlluminationApply,pattern_group,running,100.0,5,5
cp_tutorial_advanced_segmentation_final,3,12,1791409731.8477147,2597938,worker_1,W011,CorrectIlluminationApply,step_completed,success,6.25,1,16
cp_tutorial_advanced_segmentation_final,3,12,1791409731.8482518,2597938,worker_1,W011,IdentifyPrimaryObjects,step_started,started,6.25,1,16
cp_tutorial_advanced_segmentation_final,3,12,1791409731.8571055,2597936,worker_0,W010,IdentifyPrimaryObjects,pattern_group,running,100.0,1,1
cp_tutorial_advanced_segmentation_final,3,12,1791409731.8577642,2597936,worker_0,W010,IdentifyPrimaryObjects,step_completed,success,12.5,2,16
cp_tutorial_advanced_segmentation_final,3,12,1791409731.8591387,2597936,worker_0,W010,IdentifySecondaryObjects,step_started,started,12.5,2,16
cp_tutorial_advanced_segmentation_final,3,12,1791409731.8753226,2597940,worker_2,W012,CorrectIlluminationApply,pattern_group,running,60.0,3,5
cp_tutorial_advanced_segmentation_final,3,12,1791409731.905787,2597940,worker_2,W012,CorrectIlluminationApply,pattern_group,running,80.0,4,5
cp_tutorial_advanced_segmentation_final,3,12,1791409731.9373882,2597940,worker_2,W012,CorrectIlluminationApply,pattern_group,running,100.0,5,5
cp_tutorial_advanced_segmentation_final,3,12,1791409731.9376407,2597940,worker_2,W012,CorrectIlluminationApply,step_completed,success,6.25,1,16
cp_tutorial_advanced_segmentation_final,3,12,1791409731.9382422,2597940,worker_2,W012,IdentifyPrimaryObjects,step_started,started,6.25,1,16
cp_tutorial_advanced_segmentation_final,3,12,1791409731.961278,2597938,worker_1,W011,IdentifyPrimaryObjects,pattern_group,running,100.0,1,1
cp_tutorial_advanced_segmentation_final,3,12,1791409731.9618633,2597938,worker_1,W011,IdentifyPrimaryObjects,step_completed,success,12.5,2,16
cp_tutorial_advanced_segmentation_final,3,12,1791409731.9627507,2597938,worker_1,W011,IdentifySecondaryObjects,step_started,started,12.5,2,16
cp_tutorial_advanced_segmentation_final,3,12,1791409732.047175,2597940,worker_2,W012,IdentifyPrimaryObjects,pattern_group,running,100.0,1,1
cp_tutorial_advanced_segmentation_final,3,12,1791409732.0477483,2597940,worker_2,W012,IdentifyPrimaryObjects,step_completed,success,12.5,2,16
cp_tutorial_advanced_segmentation_final,3,12,1791409732.0485706,2597940,worker_2,W012,IdentifySecondaryObjects,step_started,started,12.5,2,16
cp_tutorial_advanced_segmentation_final,3,12,1791409732.116991,2597936,worker_0,W010,IdentifySecondaryObjects,pattern_group,running,100.0,1,1
cp_tutorial_advanced_segmentation_final,3,12,1791409732.117578,2597936,worker_0,W010,IdentifySecondaryObjects,step_completed,success,18.75,3,16
cp_tutorial_advanced_segmentation_final,3,12,1791409732.1182837,2597936,worker_0,W010,IdentifyTertiaryObjects,step_started,started,18.75,3,16
cp_tutorial_advanced_segmentation_final,3,12,1791409732.1673775,2597936,worker_0,W010,IdentifyTertiaryObjects,pattern_group,running,100.0,1,1
cp_tutorial_advanced_segmentation_final,3,12,1791409732.1678007,2597936,worker_0,W010,IdentifyTertiaryObjects,step_completed,success,25.0,4,16
cp_tutorial_advanced_segmentation_final,3,12,1791409732.1685815,2597936,worker_0,W010,EnhanceOrSuppressFeatures,step_started,started,25.0,4,16
cp_tutorial_advanced_segmentation_final,3,12,1791409732.1799746,2597936,worker_0,W010,EnhanceOrSuppressFeatures,pattern_group,running,100.0,1,1
cp_tutorial_advanced_segmentation_final,3,12,1791409732.1801906,2597936,worker_0,W010,EnhanceOrSuppressFeatures,step_completed,success,31.25,5,16
cp_tutorial_advanced_segmentation_final,3,12,1791409732.1807976,2597936,worker_0,W010,MaskImage,step_started,started,31.25,5,16
cp_tutorial_advanced_segmentation_final,3,12,1791409732.1886256,2597936,worker_0,W010,MaskImage,pattern_group,running,100.0,1,1
cp_tutorial_advanced_segmentation_final,3,12,1791409732.1887548,2597936,worker_0,W010,MaskImage,step_completed,success,37.5,6,16
cp_tutorial_advanced_segmentation_final,3,12,1791409732.1895015,2597936,worker_0,W010,IdentifyPrimaryObjects,step_started,started,37.5,6,16
cp_tutorial_advanced_segmentation_final,3,12,1791409732.2355483,2597938,worker_1,W011,IdentifySecondaryObjects,pattern_group,running,100.0,1,1
cp_tutorial_advanced_segmentation_final,3,12,1791409732.23614,2597938,worker_1,W011,IdentifySecondaryObjects,step_completed,success,18.75,3,16
cp_tutorial_advanced_segmentation_final,3,12,1791409732.2368786,2597938,worker_1,W011,IdentifyTertiaryObjects,step_started,started,18.75,3,16
cp_tutorial_advanced_segmentation_final,3,12,1791409732.2754066,2597936,worker_0,W010,IdentifyPrimaryObjects,pattern_group,running,100.0,1,1
cp_tutorial_advanced_segmentation_final,3,12,1791409732.2759929,2597936,worker_0,W010,IdentifyPrimaryObjects,step_completed,success,43.75,7,16
cp_tutorial_advanced_segmentation_final,3,12,1791409732.2769825,2597936,worker_0,W010,MaskImage,step_started,started,43.75,7,16
cp_tutorial_advanced_segmentation_final,3,12,1791409732.2865539,2597936,worker_0,W010,MaskImage,pattern_group,running,100.0,1,1
cp_tutorial_advanced_segmentation_final,3,12,1791409732.286707,2597936,worker_0,W010,MaskImage,step_completed,success,50.0,8,16
cp_tutorial_advanced_segmentation_final,3,12,1791409732.2873008,2597936,worker_0,W010,IdentifyPrimaryObjects,step_started,started,50.0,8,16
cp_tutorial_advanced_segmentation_final,3,12,1791409732.2904649,2597938,worker_1,W011,IdentifyTertiaryObjects,pattern_group,running,100.0,1,1
cp_tutorial_advanced_segmentation_final,3,12,1791409732.2908573,2597938,worker_1,W011,IdentifyTertiaryObjects,step_completed,success,25.0,4,16
cp_tutorial_advanced_segmentation_final,3,12,1791409732.2916186,2597938,worker_1,W011,EnhanceOrSuppressFeatures,step_started,started,25.0,4,16
cp_tutorial_advanced_segmentation_final,3,12,1791409732.3052344,2597938,worker_1,W011,EnhanceOrSuppressFeatures,pattern_group,running,100.0,1,1
cp_tutorial_advanced_segmentation_final,3,12,1791409732.3054912,2597938,worker_1,W011,EnhanceOrSuppressFeatures,step_completed,success,31.25,5,16
cp_tutorial_advanced_segmentation_final,3,12,1791409732.3064837,2597938,worker_1,W011,MaskImage,step_started,started,31.25,5,16
cp_tutorial_advanced_segmentation_final,3,12,1791409732.3162496,2597938,worker_1,W011,MaskImage,pattern_group,running,100.0,1,1
cp_tutorial_advanced_segmentation_final,3,12,1791409732.31643,2597938,worker_1,W011,MaskImage,step_completed,success,37.5,6,16
cp_tutorial_advanced_segmentation_final,3,12,1791409732.317307,2597938,worker_1,W011,IdentifyPrimaryObjects,step_started,started,37.5,6,16
cp_tutorial_advanced_segmentation_final,3,12,1791409732.3208272,2597940,worker_2,W012,IdentifySecondaryObjects,pattern_group,running,100.0,1,1
cp_tutorial_advanced_segmentation_final,3,12,1791409732.3214142,2597940,worker_2,W012,IdentifySecondaryObjects,step_completed,success,18.75,3,16
cp_tutorial_advanced_segmentation_final,3,12,1791409732.3221183,2597940,worker_2,W012,IdentifyTertiaryObjects,step_started,started,18.75,3,16
cp_tutorial_advanced_segmentation_final,3,12,1791409732.3885663,2597940,worker_2,W012,IdentifyTertiaryObjects,pattern_group,running,100.0,1,1
cp_tutorial_advanced_segmentation_final,3,12,1791409732.3889756,2597940,worker_2,W012,IdentifyTertiaryObjects,step_completed,success,25.0,4,16
cp_tutorial_advanced_segmentation_final,3,12,1791409732.3898776,2597940,worker_2,W012,EnhanceOrSuppressFeatures,step_started,started,25.0,4,16
cp_tutorial_advanced_segmentation_final,3,12,1791409732.4024107,2597940,worker_2,W012,EnhanceOrSuppressFeatures,pattern_group,running,100.0,1,1
cp_tutorial_advanced_segmentation_final,3,12,1791409732.4025867,2597940,worker_2,W012,EnhanceOrSuppressFeatures,step_completed,success,31.25,5,16
cp_tutorial_advanced_segmentation_final,3,12,1791409732.4031532,2597940,worker_2,W012,MaskImage,step_started,started,31.25,5,16
cp_tutorial_advanced_segmentation_final,3,12,1791409732.398973,2597936,worker_0,W010,IdentifyPrimaryObjects,pattern_group,running,100.0,1,1
cp_tutorial_advanced_segmentation_final,3,12,1791409732.3997414,2597936,worker_0,W010,IdentifyPrimaryObjects,step_completed,success,56.25,9,16
cp_tutorial_advanced_segmentation_final,3,12,1791409732.4009101,2597936,worker_0,W010,MeasureColocalization,step_started,started,56.25,9,16
cp_tutorial_advanced_segmentation_final,3,12,1791409732.4135163,2597940,worker_2,W012,MaskImage,pattern_group,running,100.0,1,1
cp_tutorial_advanced_segmentation_final,3,12,1791409732.4137092,2597940,worker_2,W012,MaskImage,step_completed,success,37.5,6,16
cp_tutorial_advanced_segmentation_final,3,12,1791409732.4145677,2597940,worker_2,W012,IdentifyPrimaryObjects,step_started,started,37.5,6,16
cp_tutorial_advanced_segmentation_final,3,12,1791409732.4263797,2597938,worker_1,W011,IdentifyPrimaryObjects,pattern_group,running,100.0,1,1
cp_tutorial_advanced_segmentation_final,3,12,1791409732.4270217,2597938,worker_1,W011,IdentifyPrimaryObjects,step_completed,success,43.75,7,16
cp_tutorial_advanced_segmentation_final,3,12,1791409732.4281192,2597938,worker_1,W011,MaskImage,step_started,started,43.75,7,16
cp_tutorial_advanced_segmentation_final,3,12,1791409732.4403508,2597938,worker_1,W011,MaskImage,pattern_group,running,100.0,1,1
cp_tutorial_advanced_segmentation_final,3,12,1791409732.4406052,2597938,worker_1,W011,MaskImage,step_completed,success,50.0,8,16
cp_tutorial_advanced_segmentation_final,3,12,1791409732.441267,2597938,worker_1,W011,IdentifyPrimaryObjects,step_started,started,50.0,8,16
cp_tutorial_advanced_segmentation_final,3,12,1791409732.506097,2597940,worker_2,W012,IdentifyPrimaryObjects,pattern_group,running,100.0,1,1
cp_tutorial_advanced_segmentation_final,3,12,1791409732.5067503,2597940,worker_2,W012,IdentifyPrimaryObjects,step_completed,success,43.75,7,16
cp_tutorial_advanced_segmentation_final,3,12,1791409732.507813,2597940,worker_2,W012,MaskImage,step_started,started,43.75,7,16
cp_tutorial_advanced_segmentation_final,3,12,1791409732.5196826,2597940,worker_2,W012,MaskImage,pattern_group,running,100.0,1,1
cp_tutorial_advanced_segmentation_final,3,12,1791409732.5198467,2597940,worker_2,W012,MaskImage,step_completed,success,50.0,8,16
cp_tutorial_advanced_segmentation_final,3,12,1791409732.5204763,2597940,worker_2,W012,IdentifyPrimaryObjects,step_started,started,50.0,8,16
cp_tutorial_advanced_segmentation_final,3,12,1791409732.5467296,2597938,worker_1,W011,IdentifyPrimaryObjects,pattern_group,running,100.0,1,1
cp_tutorial_advanced_segmentation_final,3,12,1791409732.5474188,2597938,worker_1,W011,IdentifyPrimaryObjects,step_completed,success,56.25,9,16
cp_tutorial_advanced_segmentation_final,3,12,1791409732.5491152,2597938,worker_1,W011,MeasureColocalization,step_started,started,56.25,9,16
cp_tutorial_advanced_segmentation_final,3,12,1791409732.6179378,2597940,worker_2,W012,IdentifyPrimaryObjects,pattern_group,running,100.0,1,1
cp_tutorial_advanced_segmentation_final,3,12,1791409732.6185224,2597940,worker_2,W012,IdentifyPrimaryObjects,step_completed,success,56.25,9,16
cp_tutorial_advanced_segmentation_final,3,12,1791409732.6195602,2597940,worker_2,W012,MeasureColocalization,step_started,started,56.25,9,16
cp_tutorial_advanced_segmentation_final,3,12,1791409733.1350968,2597936,worker_0,W010,MeasureColocalization,pattern_group,running,50.0,1,2
cp_tutorial_advanced_segmentation_final,3,12,1791409733.286394,2597938,worker_1,W011,MeasureColocalization,pattern_group,running,50.0,1,2
cp_tutorial_advanced_segmentation_final,3,12,1791409733.3413334,2597940,worker_2,W012,MeasureColocalization,pattern_group,running,50.0,1,2
cp_tutorial_advanced_segmentation_final,3,12,1791409733.8247705,2597936,worker_0,W010,MeasureColocalization,pattern_group,running,100.0,2,2
cp_tutorial_advanced_segmentation_final,3,12,1791409733.8297951,2597936,worker_0,W010,MeasureColocalization,step_completed,success,62.5,10,16
cp_tutorial_advanced_segmentation_final,3,12,1791409733.8305488,2597936,worker_0,W010,MeasureObjectIntensity,step_started,started,62.5,10,16
cp_tutorial_advanced_segmentation_final,3,12,1791409733.972456,2597938,worker_1,W011,MeasureColocalization,pattern_group,running,100.0,2,2
cp_tutorial_advanced_segmentation_final,3,12,1791409733.9774773,2597938,worker_1,W011,MeasureColocalization,step_completed,success,62.5,10,16
cp_tutorial_advanced_segmentation_final,3,12,1791409733.9781857,2597938,worker_1,W011,MeasureObjectIntensity,step_started,started,62.5,10,16
cp_tutorial_advanced_segmentation_final,3,12,1791409734.0323126,2597940,worker_2,W012,MeasureColocalization,pattern_group,running,100.0,2,2
cp_tutorial_advanced_segmentation_final,3,12,1791409734.03732,2597940,worker_2,W012,MeasureColocalization,step_completed,success,62.5,10,16
cp_tutorial_advanced_segmentation_final,3,12,1791409734.0380442,2597940,worker_2,W012,MeasureObjectIntensity,step_started,started,62.5,10,16
cp_tutorial_advanced_segmentation_final,3,12,1791409734.2850676,2597936,worker_0,W010,MeasureObjectIntensity,pattern_group,running,50.0,1,2
cp_tutorial_advanced_segmentation_final,3,12,1791409734.4011087,2597936,worker_0,W010,MeasureObjectIntensity,pattern_group,running,100.0,2,2
cp_tutorial_advanced_segmentation_final,3,12,1791409734.4043384,2597936,worker_0,W010,MeasureObjectIntensity,step_completed,success,68.75,11,16
cp_tutorial_advanced_segmentation_final,3,12,1791409734.4052346,2597936,worker_0,W010,MeasureObjectIntensityDistribution,step_started,started,68.75,11,16
cp_tutorial_advanced_segmentation_final,3,12,1791409734.4419158,2597938,worker_1,W011,MeasureObjectIntensity,pattern_group,running,50.0,1,2
cp_tutorial_advanced_segmentation_final,3,12,1791409734.4976594,2597940,worker_2,W012,MeasureObjectIntensity,pattern_group,running,50.0,1,2
cp_tutorial_advanced_segmentation_final,3,12,1791409734.5201876,2597936,worker_0,W010,MeasureObjectIntensityDistribution,pattern_group,running,50.0,1,2
cp_tutorial_advanced_segmentation_final,3,12,1791409734.5617137,2597938,worker_1,W011,MeasureObjectIntensity,pattern_group,running,100.0,2,2
cp_tutorial_advanced_segmentation_final,3,12,1791409734.5649915,2597938,worker_1,W011,MeasureObjectIntensity,step_completed,success,68.75,11,16
cp_tutorial_advanced_segmentation_final,3,12,1791409734.5659115,2597938,worker_1,W011,MeasureObjectIntensityDistribution,step_started,started,68.75,11,16
cp_tutorial_advanced_segmentation_final,3,12,1791409734.5714839,2597936,worker_0,W010,MeasureObjectIntensityDistribution,pattern_group,running,100.0,2,2
cp_tutorial_advanced_segmentation_final,3,12,1791409734.574426,2597936,worker_0,W010,MeasureObjectIntensityDistribution,step_completed,success,75.0,12,16
cp_tutorial_advanced_segmentation_final,3,12,1791409734.5754647,2597936,worker_0,W010,MeasureObjectSizeShape,step_started,started,75.0,12,16
cp_tutorial_advanced_segmentation_final,3,12,1791409734.6139965,2597940,worker_2,W012,MeasureObjectIntensity,pattern_group,running,100.0,2,2
cp_tutorial_advanced_segmentation_final,3,12,1791409734.6171641,2597940,worker_2,W012,MeasureObjectIntensity,step_completed,success,68.75,11,16
cp_tutorial_advanced_segmentation_final,3,12,1791409734.618057,2597940,worker_2,W012,MeasureObjectIntensityDistribution,step_started,started,68.75,11,16
cp_tutorial_advanced_segmentation_final,3,12,1791409734.6848,2597938,worker_1,W011,MeasureObjectIntensityDistribution,pattern_group,running,50.0,1,2
cp_tutorial_advanced_segmentation_final,3,12,1791409734.7299738,2597940,worker_2,W012,MeasureObjectIntensityDistribution,pattern_group,running,50.0,1,2
cp_tutorial_advanced_segmentation_final,3,12,1791409734.736254,2597938,worker_1,W011,MeasureObjectIntensityDistribution,pattern_group,running,100.0,2,2
cp_tutorial_advanced_segmentation_final,3,12,1791409734.738947,2597938,worker_1,W011,MeasureObjectIntensityDistribution,step_completed,success,75.0,12,16
cp_tutorial_advanced_segmentation_final,3,12,1791409734.7399268,2597938,worker_1,W011,MeasureObjectSizeShape,step_started,started,75.0,12,16
cp_tutorial_advanced_segmentation_final,3,12,1791409734.7794797,2597940,worker_2,W012,MeasureObjectIntensityDistribution,pattern_group,running,100.0,2,2
cp_tutorial_advanced_segmentation_final,3,12,1791409734.7821043,2597940,worker_2,W012,MeasureObjectIntensityDistribution,step_completed,success,75.0,12,16
cp_tutorial_advanced_segmentation_final,3,12,1791409734.7830734,2597940,worker_2,W012,MeasureObjectSizeShape,step_started,started,75.0,12,16
cp_tutorial_advanced_segmentation_final,3,12,1791409734.9534888,2597936,worker_0,W010,MeasureObjectSizeShape,pattern_group,running,25.0,1,4
cp_tutorial_advanced_segmentation_final,3,12,1791409735.0480423,2597936,worker_0,W010,MeasureObjectSizeShape,pattern_group,running,50.0,2,4
cp_tutorial_advanced_segmentation_final,3,12,1791409735.1305456,2597936,worker_0,W010,MeasureObjectSizeShape,pattern_group,running,75.0,3,4
cp_tutorial_advanced_segmentation_final,3,12,1791409735.1374478,2597938,worker_1,W011,MeasureObjectSizeShape,pattern_group,running,25.0,1,4
cp_tutorial_advanced_segmentation_final,3,12,1791409735.163861,2597940,worker_2,W012,MeasureObjectSizeShape,pattern_group,running,25.0,1,4
cp_tutorial_advanced_segmentation_final,3,12,1791409735.1719925,2597936,worker_0,W010,MeasureObjectSizeShape,pattern_group,running,100.0,4,4
cp_tutorial_advanced_segmentation_final,3,12,1791409735.177582,2597936,worker_0,W010,MeasureObjectSizeShape,step_completed,success,81.25,13,16
cp_tutorial_advanced_segmentation_final,3,12,1791409735.1788375,2597936,worker_0,W010,MeasureObjectNeighbors,step_started,started,81.25,13,16
cp_tutorial_advanced_segmentation_final,3,12,1791409735.2340653,2597936,worker_0,W010,MeasureObjectNeighbors,pattern_group,running,33.33333333333333,1,3
cp_tutorial_advanced_segmentation_final,3,12,1791409735.245737,2597938,worker_1,W011,MeasureObjectSizeShape,pattern_group,running,50.0,2,4
cp_tutorial_advanced_segmentation_final,3,12,1791409735.2674582,2597940,worker_2,W012,MeasureObjectSizeShape,pattern_group,running,50.0,2,4
cp_tutorial_advanced_segmentation_final,3,12,1791409735.2787225,2597936,worker_0,W010,MeasureObjectNeighbors,pattern_group,running,66.66666666666666,2,3
cp_tutorial_advanced_segmentation_final,3,12,1791409735.3349533,2597938,worker_1,W011,MeasureObjectSizeShape,pattern_group,running,75.0,3,4
cp_tutorial_advanced_segmentation_final,3,12,1791409735.3454535,2597936,worker_0,W010,MeasureObjectNeighbors,pattern_group,running,100.0,3,3
cp_tutorial_advanced_segmentation_final,3,12,1791409735.346631,2597936,worker_0,W010,MeasureObjectNeighbors,step_completed,success,87.5,14,16
cp_tutorial_advanced_segmentation_final,3,12,1791409735.3473253,2597936,worker_0,W010,RelateObjects,step_started,started,87.5,14,16
cp_tutorial_advanced_segmentation_final,3,12,1791409735.3533344,2597940,worker_2,W012,MeasureObjectSizeShape,pattern_group,running,75.0,3,4
cp_tutorial_advanced_segmentation_final,3,12,1791409735.3787773,2597938,worker_1,W011,MeasureObjectSizeShape,pattern_group,running,100.0,4,4
cp_tutorial_advanced_segmentation_final,3,12,1791409735.3847094,2597938,worker_1,W011,MeasureObjectSizeShape,step_completed,success,81.25,13,16
cp_tutorial_advanced_segmentation_final,3,12,1791409735.3856356,2597938,worker_1,W011,MeasureObjectNeighbors,step_started,started,81.25,13,16
cp_tutorial_advanced_segmentation_final,3,12,1791409735.3959231,2597940,worker_2,W012,MeasureObjectSizeShape,pattern_group,running,100.0,4,4
cp_tutorial_advanced_segmentation_final,3,12,1791409735.4009418,2597940,worker_2,W012,MeasureObjectSizeShape,step_completed,success,81.25,13,16
cp_tutorial_advanced_segmentation_final,3,12,1791409735.4019198,2597940,worker_2,W012,MeasureObjectNeighbors,step_started,started,81.25,13,16
cp_tutorial_advanced_segmentation_final,3,12,1791409735.4447436,2597938,worker_1,W011,MeasureObjectNeighbors,pattern_group,running,33.33333333333333,1,3
cp_tutorial_advanced_segmentation_final,3,12,1791409735.4591558,2597940,worker_2,W012,MeasureObjectNeighbors,pattern_group,running,33.33333333333333,1,3
cp_tutorial_advanced_segmentation_final,3,12,1791409735.4943018,2597938,worker_1,W011,MeasureObjectNeighbors,pattern_group,running,66.66666666666666,2,3
cp_tutorial_advanced_segmentation_final,3,12,1791409735.50562,2597940,worker_2,W012,MeasureObjectNeighbors,pattern_group,running,66.66666666666666,2,3
cp_tutorial_advanced_segmentation_final,3,12,1791409735.540096,2597936,worker_0,W010,RelateObjects,pattern_group,running,50.0,1,2
cp_tutorial_advanced_segmentation_final,3,12,1791409735.5672984,2597938,worker_1,W011,MeasureObjectNeighbors,pattern_group,running,100.0,3,3
cp_tutorial_advanced_segmentation_final,3,12,1791409735.5683935,2597938,worker_1,W011,MeasureObjectNeighbors,step_completed,success,87.5,14,16
cp_tutorial_advanced_segmentation_final,3,12,1791409735.569122,2597938,worker_1,W011,RelateObjects,step_started,started,87.5,14,16
cp_tutorial_advanced_segmentation_final,3,12,1791409735.5738845,2597940,worker_2,W012,MeasureObjectNeighbors,pattern_group,running,100.0,3,3
cp_tutorial_advanced_segmentation_final,3,12,1791409735.5751414,2597940,worker_2,W012,MeasureObjectNeighbors,step_completed,success,87.5,14,16
cp_tutorial_advanced_segmentation_final,3,12,1791409735.575848,2597940,worker_2,W012,RelateObjects,step_started,started,87.5,14,16
cp_tutorial_advanced_segmentation_final,3,12,1791409735.769804,2597940,worker_2,W012,RelateObjects,pattern_group,running,50.0,1,2
cp_tutorial_advanced_segmentation_final,3,12,1791409735.7711434,2597938,worker_1,W011,RelateObjects,pattern_group,running,50.0,1,2
cp_tutorial_advanced_segmentation_final,3,12,1791409735.939655,2597936,worker_0,W010,RelateObjects,pattern_group,running,100.0,2,2
cp_tutorial_advanced_segmentation_final,3,12,1791409735.9461303,2597936,worker_0,W010,RelateObjects,step_completed,success,93.75,15,16
cp_tutorial_advanced_segmentation_final,3,12,1791409735.9482958,2597936,worker_0,W010,pipeline,axis_completed,success,93.75,15,16
cp_tutorial_advanced_segmentation_final,3,12,1791409736.1863067,2597940,worker_2,W012,RelateObjects,pattern_group,running,100.0,2,2
cp_tutorial_advanced_segmentation_final,3,12,1791409736.1912286,2597940,worker_2,W012,RelateObjects,step_completed,success,93.75,15,16
cp_tutorial_advanced_segmentation_final,3,12,1791409736.1932411,2597940,worker_2,W012,pipeline,axis_completed,success,93.75,15,16
cp_tutorial_advanced_segmentation_final,3,12,1791409736.2056441,2597938,worker_1,W011,RelateObjects,pattern_group,running,100.0,2,2
cp_tutorial_advanced_segmentation_final,3,12,1791409736.211749,2597938,worker_1,W011,RelateObjects,step_completed,success,93.75,15,16
cp_tutorial_advanced_segmentation_final,3,12,1791409736.213745,2597938,worker_1,W011,pipeline,axis_completed,success,93.75,15,16
cp_tutorial_advanced_segmentation_final,3,12,1791409736.774217,2547534,,,ExportToDatabase,step_started,started,93.75,15,16
cp_tutorial_advanced_segmentation_final,3,12,1791409738.7756386,2547534,,,ExportToDatabase,running,running,93.75,15,16
cp_tutorial_advanced_segmentation_final,3,12,1791409740.7809303,2547534,,,ExportToDatabase,running,running,93.75,15,16
cp_tutorial_advanced_segmentation_final,3,12,1791409742.7923176,2547534,,,ExportToDatabase,running,running,93.75,15,16
cp_tutorial_advanced_segmentation_final,3,12,1791409744.794612,2547534,,,ExportToDatabase,running,running,93.75,15,16
cp_tutorial_advanced_segmentation_final,3,12,1791409746.7947292,2547534,,,ExportToDatabase,running,running,93.75,15,16
cp_tutorial_advanced_segmentation_final,3,12,1791409747.5693803,2547534,,,ExportToDatabase,step_completed,success,100.0,16,16
cp_tutorial_advanced_segmentation_final,3,12,1791409747.6159875,2547534,,,pipeline,success,success,100.0,16,16
