case_name,worker_count,well_count,timestamp,pid,worker_slot,axis_id,step_name,phase,status,percent,completed,total
cp_tutorial_advanced_segmentation_final,1,12,1791400715.4198446,1717600,,,pipeline,compile,started,0.0,0,16
cp_tutorial_advanced_segmentation_final,1,12,1791400715.514845,1717600,,,,init,started,0.0,0,1
cp_tutorial_advanced_segmentation_final,1,12,1791400715.8701382,1717600,,W001,compilation,compile,running,8.333333333333332,1,12
cp_tutorial_advanced_segmentation_final,1,12,1791400715.931741,1717600,,W002,compilation,compile,running,16.666666666666664,2,12
cp_tutorial_advanced_segmentation_final,1,12,1791400716.2164683,1717600,,W003,compilation,compile,running,25.0,3,12
cp_tutorial_advanced_segmentation_final,1,12,1791400716.278325,1717600,,W004,compilation,compile,running,33.33333333333333,4,12
cp_tutorial_advanced_segmentation_final,1,12,1791400716.3396857,1717600,,W005,compilation,compile,running,41.66666666666667,5,12
cp_tutorial_advanced_segmentation_final,1,12,1791400716.4021158,1717600,,W006,compilation,compile,running,50.0,6,12
cp_tutorial_advanced_segmentation_final,1,12,1791400716.464765,1717600,,W007,compilation,compile,running,58.333333333333336,7,12
cp_tutorial_advanced_segmentation_final,1,12,1791400716.5264184,1717600,,W008,compilation,compile,running,66.66666666666666,8,12
cp_tutorial_advanced_segmentation_final,1,12,1791400716.5885806,1717600,,W009,compilation,compile,running,75.0,9,12
cp_tutorial_advanced_segmentation_final,1,12,1791400716.652495,1717600,,W010,compilation,compile,running,83.33333333333334,10,12
cp_tutorial_advanced_segmentation_final,1,12,1791400716.7147117,1717600,,W011,compilation,compile,running,91.66666666666666,11,12
cp_tutorial_advanced_segmentation_final,1,12,1791400716.777753,1717600,,W012,compilation,compile,running,100.0,12,12
cp_tutorial_advanced_segmentation_final,1,12,1791400716.8074214,1717600,,,,init,started,0.0,0,1
cp_tutorial_advanced_segmentation_final,1,12,1791400716.807505,1717600,,,pipeline,compile,success,100.0,1,16
cp_tutorial_advanced_segmentation_final,1,12,1791400716.8075519,1717600,,W001,compilation,compile,success,100.0,1,1
cp_tutorial_advanced_segmentation_final,1,12,1791400716.807581,1717600,,W002,compilation,compile,success,100.0,1,1
cp_tutorial_advanced_segmentation_final,1,12,1791400716.8076065,1717600,,W003,compilation,compile,success,100.0,1,1
cp_tutorial_advanced_segmentation_final,1,12,1791400716.8076317,1717600,,W004,compilation,compile,success,100.0,1,1
cp_tutorial_advanced_segmentation_final,1,12,1791400716.807656,1717600,,W005,compilation,compile,success,100.0,1,1
cp_tutorial_advanced_segmentation_final,1,12,1791400716.80768,1717600,,W006,compilation,compile,success,100.0,1,1
cp_tutorial_advanced_segmentation_final,1,12,1791400716.8077042,1717600,,W007,compilation,compile,success,100.0,1,1
cp_tutorial_advanced_segmentation_final,1,12,1791400716.8077278,1717600,,W008,compilation,compile,success,100.0,1,1
cp_tutorial_advanced_segmentation_final,1,12,1791400716.8077517,1717600,,W009,compilation,compile,success,100.0,1,1
cp_tutorial_advanced_segmentation_final,1,12,1791400716.8077762,1717600,,W010,compilation,compile,success,100.0,1,1
cp_tutorial_advanced_segmentation_final,1,12,1791400716.8078,1717600,,W011,compilation,compile,success,100.0,1,1
cp_tutorial_advanced_segmentation_final,1,12,1791400716.8078246,1717600,,W012,compilation,compile,success,100.0,1,1
cp_tutorial_advanced_segmentation_final,1,12,1791400716.8467565,1717600,,,,init,started,0.0,0,1
cp_tutorial_advanced_segmentation_final,1,12,1791400716.873307,1717600,worker_0,W001,pipeline,axis_started,started,0.0,0,16
cp_tutorial_advanced_segmentation_final,1,12,1791400716.877046,1717600,worker_0,W001,CorrectIlluminationApply,step_started,started,0.0,0,16
cp_tutorial_advanced_segmentation_final,1,12,1791400716.9295049,1717600,worker_0,W001,CorrectIlluminationApply,pattern_group,running,20.0,1,5
cp_tutorial_advanced_segmentation_final,1,12,1791400716.9592357,1717600,worker_0,W001,CorrectIlluminationApply,pattern_group,running,40.0,2,5
cp_tutorial_advanced_segmentation_final,1,12,1791400716.9861913,1717600,worker_0,W001,CorrectIlluminationApply,pattern_group,running,60.0,3,5
cp_tutorial_advanced_segmentation_final,1,12,1791400717.0132866,1717600,worker_0,W001,CorrectIlluminationApply,pattern_group,running,80.0,4,5
cp_tutorial_advanced_segmentation_final,1,12,1791400717.039713,1717600,worker_0,W001,CorrectIlluminationApply,pattern_group,running,100.0,5,5
cp_tutorial_advanced_segmentation_final,1,12,1791400717.0399082,1717600,worker_0,W001,CorrectIlluminationApply,step_completed,success,6.25,1,16
cp_tutorial_advanced_segmentation_final,1,12,1791400717.0404184,1717600,worker_0,W001,IdentifyPrimaryObjects,step_started,started,6.25,1,16
cp_tutorial_advanced_segmentation_final,1,12,1791400717.1400928,1717600,worker_0,W001,IdentifyPrimaryObjects,pattern_group,running,100.0,1,1
cp_tutorial_advanced_segmentation_final,1,12,1791400717.1406357,1717600,worker_0,W001,IdentifyPrimaryObjects,step_completed,success,12.5,2,16
cp_tutorial_advanced_segmentation_final,1,12,1791400717.1414185,1717600,worker_0,W001,IdentifySecondaryObjects,step_started,started,12.5,2,16
cp_tutorial_advanced_segmentation_final,1,12,1791400717.3720002,1717600,worker_0,W001,IdentifySecondaryObjects,pattern_group,running,100.0,1,1
cp_tutorial_advanced_segmentation_final,1,12,1791400717.3725703,1717600,worker_0,W001,IdentifySecondaryObjects,step_completed,success,18.75,3,16
cp_tutorial_advanced_segmentation_final,1,12,1791400717.3732347,1717600,worker_0,W001,IdentifyTertiaryObjects,step_started,started,18.75,3,16
cp_tutorial_advanced_segmentation_final,1,12,1791400717.4172785,1717600,worker_0,W001,IdentifyTertiaryObjects,pattern_group,running,100.0,1,1
cp_tutorial_advanced_segmentation_final,1,12,1791400717.4176455,1717600,worker_0,W001,IdentifyTertiaryObjects,step_completed,success,25.0,4,16
cp_tutorial_advanced_segmentation_final,1,12,1791400717.4183578,1717600,worker_0,W001,EnhanceOrSuppressFeatures,step_started,started,25.0,4,16
cp_tutorial_advanced_segmentation_final,1,12,1791400717.4285977,1717600,worker_0,W001,EnhanceOrSuppressFeatures,pattern_group,running,100.0,1,1
cp_tutorial_advanced_segmentation_final,1,12,1791400717.4287314,1717600,worker_0,W001,EnhanceOrSuppressFeatures,step_completed,success,31.25,5,16
cp_tutorial_advanced_segmentation_final,1,12,1791400717.4292793,1717600,worker_0,W001,MaskImage,step_started,started,31.25,5,16
cp_tutorial_advanced_segmentation_final,1,12,1791400717.4369187,1717600,worker_0,W001,MaskImage,pattern_group,running,100.0,1,1
cp_tutorial_advanced_segmentation_final,1,12,1791400717.4370394,1717600,worker_0,W001,MaskImage,step_completed,success,37.5,6,16
cp_tutorial_advanced_segmentation_final,1,12,1791400717.4377453,1717600,worker_0,W001,IdentifyPrimaryObjects,step_started,started,37.5,6,16
cp_tutorial_advanced_segmentation_final,1,12,1791400717.511003,1717600,worker_0,W001,IdentifyPrimaryObjects,pattern_group,running,100.0,1,1
cp_tutorial_advanced_segmentation_final,1,12,1791400717.5115569,1717600,worker_0,W001,IdentifyPrimaryObjects,step_completed,success,43.75,7,16
cp_tutorial_advanced_segmentation_final,1,12,1791400717.5124714,1717600,worker_0,W001,MaskImage,step_started,started,43.75,7,16
cp_tutorial_advanced_segmentation_final,1,12,1791400717.522162,1717600,worker_0,W001,MaskImage,pattern_group,running,100.0,1,1
cp_tutorial_advanced_segmentation_final,1,12,1791400717.5223007,1717600,worker_0,W001,MaskImage,step_completed,success,50.0,8,16
cp_tutorial_advanced_segmentation_final,1,12,1791400717.5228477,1717600,worker_0,W001,IdentifyPrimaryObjects,step_started,started,50.0,8,16
cp_tutorial_advanced_segmentation_final,1,12,1791400717.6085734,1717600,worker_0,W001,IdentifyPrimaryObjects,pattern_group,running,100.0,1,1
cp_tutorial_advanced_segmentation_final,1,12,1791400717.6091151,1717600,worker_0,W001,IdentifyPrimaryObjects,step_completed,success,56.25,9,16
cp_tutorial_advanced_segmentation_final,1,12,1791400717.6100602,1717600,worker_0,W001,MeasureColocalization,step_started,started,56.25,9,16
cp_tutorial_advanced_segmentation_final,1,12,1791400718.362686,1717600,worker_0,W001,MeasureColocalization,pattern_group,running,50.0,1,2
cp_tutorial_advanced_segmentation_final,1,12,1791400719.01463,1717600,worker_0,W001,MeasureColocalization,pattern_group,running,100.0,2,2
cp_tutorial_advanced_segmentation_final,1,12,1791400719.0194232,1717600,worker_0,W001,MeasureColocalization,step_completed,success,62.5,10,16
cp_tutorial_advanced_segmentation_final,1,12,1791400719.0200715,1717600,worker_0,W001,MeasureObjectIntensity,step_started,started,62.5,10,16
cp_tutorial_advanced_segmentation_final,1,12,1791400719.457149,1717600,worker_0,W001,MeasureObjectIntensity,pattern_group,running,50.0,1,2
cp_tutorial_advanced_segmentation_final,1,12,1791400719.5627208,1717600,worker_0,W001,MeasureObjectIntensity,pattern_group,running,100.0,2,2
cp_tutorial_advanced_segmentation_final,1,12,1791400719.5658498,1717600,worker_0,W001,MeasureObjectIntensity,step_completed,success,68.75,11,16
cp_tutorial_advanced_segmentation_final,1,12,1791400719.5666966,1717600,worker_0,W001,MeasureObjectIntensityDistribution,step_started,started,68.75,11,16
cp_tutorial_advanced_segmentation_final,1,12,1791400719.676646,1717600,worker_0,W001,MeasureObjectIntensityDistribution,pattern_group,running,50.0,1,2
cp_tutorial_advanced_segmentation_final,1,12,1791400719.722256,1717600,worker_0,W001,MeasureObjectIntensityDistribution,pattern_group,running,100.0,2,2
cp_tutorial_advanced_segmentation_final,1,12,1791400719.7249227,1717600,worker_0,W001,MeasureObjectIntensityDistribution,step_completed,success,75.0,12,16
cp_tutorial_advanced_segmentation_final,1,12,1791400719.725878,1717600,worker_0,W001,MeasureObjectSizeShape,step_started,started,75.0,12,16
cp_tutorial_advanced_segmentation_final,1,12,1791400720.108951,1717600,worker_0,W001,MeasureObjectSizeShape,pattern_group,running,25.0,1,4
cp_tutorial_advanced_segmentation_final,1,12,1791400720.2062309,1717600,worker_0,W001,MeasureObjectSizeShape,pattern_group,running,50.0,2,4
cp_tutorial_advanced_segmentation_final,1,12,1791400720.2891734,1717600,worker_0,W001,MeasureObjectSizeShape,pattern_group,running,75.0,3,4
cp_tutorial_advanced_segmentation_final,1,12,1791400720.3303092,1717600,worker_0,W001,MeasureObjectSizeShape,pattern_group,running,100.0,4,4
cp_tutorial_advanced_segmentation_final,1,12,1791400720.3352544,1717600,worker_0,W001,MeasureObjectSizeShape,step_completed,success,81.25,13,16
cp_tutorial_advanced_segmentation_final,1,12,1791400720.3365967,1717600,worker_0,W001,MeasureObjectNeighbors,step_started,started,81.25,13,16
cp_tutorial_advanced_segmentation_final,1,12,1791400720.39891,1717600,worker_0,W001,MeasureObjectNeighbors,pattern_group,running,33.33333333333333,1,3
cp_tutorial_advanced_segmentation_final,1,12,1791400720.441653,1717600,worker_0,W001,MeasureObjectNeighbors,pattern_group,running,66.66666666666666,2,3
cp_tutorial_advanced_segmentation_final,1,12,1791400720.5074604,1717600,worker_0,W001,MeasureObjectNeighbors,pattern_group,running,100.0,3,3
cp_tutorial_advanced_segmentation_final,1,12,1791400720.5085251,1717600,worker_0,W001,MeasureObjectNeighbors,step_completed,success,87.5,14,16
cp_tutorial_advanced_segmentation_final,1,12,1791400720.5091715,1717600,worker_0,W001,RelateObjects,step_started,started,87.5,14,16
cp_tutorial_advanced_segmentation_final,1,12,1791400720.701788,1717600,worker_0,W001,RelateObjects,pattern_group,running,50.0,1,2
cp_tutorial_advanced_segmentation_final,1,12,1791400721.1055698,1717600,worker_0,W001,RelateObjects,pattern_group,running,100.0,2,2
cp_tutorial_advanced_segmentation_final,1,12,1791400721.1104643,1717600,worker_0,W001,RelateObjects,step_completed,success,93.75,15,16
cp_tutorial_advanced_segmentation_final,1,12,1791400721.1123385,1717600,worker_0,W001,pipeline,axis_completed,success,93.75,15,16
cp_tutorial_advanced_segmentation_final,1,12,1791400721.1123953,1717600,worker_0,W002,pipeline,axis_started,started,0.0,0,16
cp_tutorial_advanced_segmentation_final,1,12,1791400721.1164398,1717600,worker_0,W002,CorrectIlluminationApply,step_started,started,0.0,0,16
cp_tutorial_advanced_segmentation_final,1,12,1791400721.1757786,1717600,worker_0,W002,CorrectIlluminationApply,pattern_group,running,20.0,1,5
cp_tutorial_advanced_segmentation_final,1,12,1791400721.2038016,1717600,worker_0,W002,CorrectIlluminationApply,pattern_group,running,40.0,2,5
cp_tutorial_advanced_segmentation_final,1,12,1791400721.2307005,1717600,worker_0,W002,CorrectIlluminationApply,pattern_group,running,60.0,3,5
cp_tutorial_advanced_segmentation_final,1,12,1791400721.2574656,1717600,worker_0,W002,CorrectIlluminationApply,pattern_group,running,80.0,4,5
cp_tutorial_advanced_segmentation_final,1,12,1791400721.2840424,1717600,worker_0,W002,CorrectIlluminationApply,pattern_group,running,100.0,5,5
cp_tutorial_advanced_segmentation_final,1,12,1791400721.2842371,1717600,worker_0,W002,CorrectIlluminationApply,step_completed,success,6.25,1,16
cp_tutorial_advanced_segmentation_final,1,12,1791400721.28475,1717600,worker_0,W002,IdentifyPrimaryObjects,step_started,started,6.25,1,16
cp_tutorial_advanced_segmentation_final,1,12,1791400721.3842616,1717600,worker_0,W002,IdentifyPrimaryObjects,pattern_group,running,100.0,1,1
cp_tutorial_advanced_segmentation_final,1,12,1791400721.3848119,1717600,worker_0,W002,IdentifyPrimaryObjects,step_completed,success,12.5,2,16
cp_tutorial_advanced_segmentation_final,1,12,1791400721.3856025,1717600,worker_0,W002,IdentifySecondaryObjects,step_started,started,12.5,2,16
cp_tutorial_advanced_segmentation_final,1,12,1791400721.6168754,1717600,worker_0,W002,IdentifySecondaryObjects,pattern_group,running,100.0,1,1
cp_tutorial_advanced_segmentation_final,1,12,1791400721.617457,1717600,worker_0,W002,IdentifySecondaryObjects,step_completed,success,18.75,3,16
cp_tutorial_advanced_segmentation_final,1,12,1791400721.6181297,1717600,worker_0,W002,IdentifyTertiaryObjects,step_started,started,18.75,3,16
cp_tutorial_advanced_segmentation_final,1,12,1791400721.6616886,1717600,worker_0,W002,IdentifyTertiaryObjects,pattern_group,running,100.0,1,1
cp_tutorial_advanced_segmentation_final,1,12,1791400721.6620646,1717600,worker_0,W002,IdentifyTertiaryObjects,step_completed,success,25.0,4,16
cp_tutorial_advanced_segmentation_final,1,12,1791400721.6627853,1717600,worker_0,W002,EnhanceOrSuppressFeatures,step_started,started,25.0,4,16
cp_tutorial_advanced_segmentation_final,1,12,1791400721.6731796,1717600,worker_0,W002,EnhanceOrSuppressFeatures,pattern_group,running,100.0,1,1
cp_tutorial_advanced_segmentation_final,1,12,1791400721.6733222,1717600,worker_0,W002,EnhanceOrSuppressFeatures,step_completed,success,31.25,5,16
cp_tutorial_advanced_segmentation_final,1,12,1791400721.6738625,1717600,worker_0,W002,MaskImage,step_started,started,31.25,5,16
cp_tutorial_advanced_segmentation_final,1,12,1791400721.6812391,1717600,worker_0,W002,MaskImage,pattern_group,running,100.0,1,1
cp_tutorial_advanced_segmentation_final,1,12,1791400721.6813593,1717600,worker_0,W002,MaskImage,step_completed,success,37.5,6,16
cp_tutorial_advanced_segmentation_final,1,12,1791400721.682056,1717600,worker_0,W002,IdentifyPrimaryObjects,step_started,started,37.5,6,16
cp_tutorial_advanced_segmentation_final,1,12,1791400721.7550273,1717600,worker_0,W002,IdentifyPrimaryObjects,pattern_group,running,100.0,1,1
cp_tutorial_advanced_segmentation_final,1,12,1791400721.755613,1717600,worker_0,W002,IdentifyPrimaryObjects,step_completed,success,43.75,7,16
cp_tutorial_advanced_segmentation_final,1,12,1791400721.7565858,1717600,worker_0,W002,MaskImage,step_started,started,43.75,7,16
cp_tutorial_advanced_segmentation_final,1,12,1791400721.7667005,1717600,worker_0,W002,MaskImage,pattern_group,running,100.0,1,1
cp_tutorial_advanced_segmentation_final,1,12,1791400721.766833,1717600,worker_0,W002,MaskImage,step_completed,success,50.0,8,16
cp_tutorial_advanced_segmentation_final,1,12,1791400721.7673976,1717600,worker_0,W002,IdentifyPrimaryObjects,step_started,started,50.0,8,16
cp_tutorial_advanced_segmentation_final,1,12,1791400721.8531938,1717600,worker_0,W002,IdentifyPrimaryObjects,pattern_group,running,100.0,1,1
cp_tutorial_advanced_segmentation_final,1,12,1791400721.8537314,1717600,worker_0,W002,IdentifyPrimaryObjects,step_completed,success,56.25,9,16
cp_tutorial_advanced_segmentation_final,1,12,1791400721.8546805,1717600,worker_0,W002,MeasureColocalization,step_started,started,56.25,9,16
cp_tutorial_advanced_segmentation_final,1,12,1791400722.5358067,1717600,worker_0,W002,MeasureColocalization,pattern_group,running,50.0,1,2
cp_tutorial_advanced_segmentation_final,1,12,1791400723.1826334,1717600,worker_0,W002,MeasureColocalization,pattern_group,running,100.0,2,2
cp_tutorial_advanced_segmentation_final,1,12,1791400723.187454,1717600,worker_0,W002,MeasureColocalization,step_completed,success,62.5,10,16
cp_tutorial_advanced_segmentation_final,1,12,1791400723.1881337,1717600,worker_0,W002,MeasureObjectIntensity,step_started,started,62.5,10,16
cp_tutorial_advanced_segmentation_final,1,12,1791400723.6169713,1717600,worker_0,W002,MeasureObjectIntensity,pattern_group,running,50.0,1,2
cp_tutorial_advanced_segmentation_final,1,12,1791400723.7227783,1717600,worker_0,W002,MeasureObjectIntensity,pattern_group,running,100.0,2,2
cp_tutorial_advanced_segmentation_final,1,12,1791400723.7259283,1717600,worker_0,W002,MeasureObjectIntensity,step_completed,success,68.75,11,16
cp_tutorial_advanced_segmentation_final,1,12,1791400723.7267742,1717600,worker_0,W002,MeasureObjectIntensityDistribution,step_started,started,68.75,11,16
cp_tutorial_advanced_segmentation_final,1,12,1791400723.8368704,1717600,worker_0,W002,MeasureObjectIntensityDistribution,pattern_group,running,50.0,1,2
cp_tutorial_advanced_segmentation_final,1,12,1791400723.8816855,1717600,worker_0,W002,MeasureObjectIntensityDistribution,pattern_group,running,100.0,2,2
cp_tutorial_advanced_segmentation_final,1,12,1791400723.8843374,1717600,worker_0,W002,MeasureObjectIntensityDistribution,step_completed,success,75.0,12,16
cp_tutorial_advanced_segmentation_final,1,12,1791400723.885257,1717600,worker_0,W002,MeasureObjectSizeShape,step_started,started,75.0,12,16
cp_tutorial_advanced_segmentation_final,1,12,1791400724.2674057,1717600,worker_0,W002,MeasureObjectSizeShape,pattern_group,running,25.0,1,4
cp_tutorial_advanced_segmentation_final,1,12,1791400724.3622143,1717600,worker_0,W002,MeasureObjectSizeShape,pattern_group,running,50.0,2,4
cp_tutorial_advanced_segmentation_final,1,12,1791400724.445576,1717600,worker_0,W002,MeasureObjectSizeShape,pattern_group,running,75.0,3,4
cp_tutorial_advanced_segmentation_final,1,12,1791400724.4864967,1717600,worker_0,W002,MeasureObjectSizeShape,pattern_group,running,100.0,4,4
cp_tutorial_advanced_segmentation_final,1,12,1791400724.4915583,1717600,worker_0,W002,MeasureObjectSizeShape,step_completed,success,81.25,13,16
cp_tutorial_advanced_segmentation_final,1,12,1791400724.4929101,1717600,worker_0,W002,MeasureObjectNeighbors,step_started,started,81.25,13,16
cp_tutorial_advanced_segmentation_final,1,12,1791400724.5563169,1717600,worker_0,W002,MeasureObjectNeighbors,pattern_group,running,33.33333333333333,1,3
cp_tutorial_advanced_segmentation_final,1,12,1791400724.5993154,1717600,worker_0,W002,MeasureObjectNeighbors,pattern_group,running,66.66666666666666,2,3
cp_tutorial_advanced_segmentation_final,1,12,1791400724.6656156,1717600,worker_0,W002,MeasureObjectNeighbors,pattern_group,running,100.0,3,3
cp_tutorial_advanced_segmentation_final,1,12,1791400724.6666954,1717600,worker_0,W002,MeasureObjectNeighbors,step_completed,success,87.5,14,16
cp_tutorial_advanced_segmentation_final,1,12,1791400724.6673424,1717600,worker_0,W002,RelateObjects,step_started,started,87.5,14,16
cp_tutorial_advanced_segmentation_final,1,12,1791400724.8585258,1717600,worker_0,W002,RelateObjects,pattern_group,running,50.0,1,2
cp_tutorial_advanced_segmentation_final,1,12,1791400725.2556245,1717600,worker_0,W002,RelateObjects,pattern_group,running,100.0,2,2
cp_tutorial_advanced_segmentation_final,1,12,1791400725.2605915,1717600,worker_0,W002,RelateObjects,step_completed,success,93.75,15,16
cp_tutorial_advanced_segmentation_final,1,12,1791400725.2624273,1717600,worker_0,W002,pipeline,axis_completed,success,93.75,15,16
cp_tutorial_advanced_segmentation_final,1,12,1791400725.2624764,1717600,worker_0,W003,pipeline,axis_started,started,0.0,0,16
cp_tutorial_advanced_segmentation_final,1,12,1791400725.2668283,1717600,worker_0,W003,CorrectIlluminationApply,step_started,started,0.0,0,16
cp_tutorial_advanced_segmentation_final,1,12,1791400725.3960958,1717600,worker_0,W003,CorrectIlluminationApply,pattern_group,running,20.0,1,5
cp_tutorial_advanced_segmentation_final,1,12,1791400725.423648,1717600,worker_0,W003,CorrectIlluminationApply,pattern_group,running,40.0,2,5
cp_tutorial_advanced_segmentation_final,1,12,1791400725.451432,1717600,worker_0,W003,CorrectIlluminationApply,pattern_group,running,60.0,3,5
cp_tutorial_advanced_segmentation_final,1,12,1791400725.4789326,1717600,worker_0,W003,CorrectIlluminationApply,pattern_group,running,80.0,4,5
cp_tutorial_advanced_segmentation_final,1,12,1791400725.5075705,1717600,worker_0,W003,CorrectIlluminationApply,pattern_group,running,100.0,5,5
cp_tutorial_advanced_segmentation_final,1,12,1791400725.507767,1717600,worker_0,W003,CorrectIlluminationApply,step_completed,success,6.25,1,16
cp_tutorial_advanced_segmentation_final,1,12,1791400725.5082674,1717600,worker_0,W003,IdentifyPrimaryObjects,step_started,started,6.25,1,16
cp_tutorial_advanced_segmentation_final,1,12,1791400725.6119466,1717600,worker_0,W003,IdentifyPrimaryObjects,pattern_group,running,100.0,1,1
cp_tutorial_advanced_segmentation_final,1,12,1791400725.6125097,1717600,worker_0,W003,IdentifyPrimaryObjects,step_completed,success,12.5,2,16
cp_tutorial_advanced_segmentation_final,1,12,1791400725.6132984,1717600,worker_0,W003,IdentifySecondaryObjects,step_started,started,12.5,2,16
cp_tutorial_advanced_segmentation_final,1,12,1791400725.8518982,1717600,worker_0,W003,IdentifySecondaryObjects,pattern_group,running,100.0,1,1
cp_tutorial_advanced_segmentation_final,1,12,1791400725.8524866,1717600,worker_0,W003,IdentifySecondaryObjects,step_completed,success,18.75,3,16
cp_tutorial_advanced_segmentation_final,1,12,1791400725.8531601,1717600,worker_0,W003,IdentifyTertiaryObjects,step_started,started,18.75,3,16
cp_tutorial_advanced_segmentation_final,1,12,1791400725.898921,1717600,worker_0,W003,IdentifyTertiaryObjects,pattern_group,running,100.0,1,1
cp_tutorial_advanced_segmentation_final,1,12,1791400725.899298,1717600,worker_0,W003,IdentifyTertiaryObjects,step_completed,success,25.0,4,16
cp_tutorial_advanced_segmentation_final,1,12,1791400725.9000015,1717600,worker_0,W003,EnhanceOrSuppressFeatures,step_started,started,25.0,4,16
cp_tutorial_advanced_segmentation_final,1,12,1791400725.9104397,1717600,worker_0,W003,EnhanceOrSuppressFeatures,pattern_group,running,100.0,1,1
cp_tutorial_advanced_segmentation_final,1,12,1791400725.910576,1717600,worker_0,W003,EnhanceOrSuppressFeatures,step_completed,success,31.25,5,16
cp_tutorial_advanced_segmentation_final,1,12,1791400725.9111142,1717600,worker_0,W003,MaskImage,step_started,started,31.25,5,16
cp_tutorial_advanced_segmentation_final,1,12,1791400725.919025,1717600,worker_0,W003,MaskImage,pattern_group,running,100.0,1,1
cp_tutorial_advanced_segmentation_final,1,12,1791400725.9191494,1717600,worker_0,W003,MaskImage,step_completed,success,37.5,6,16
cp_tutorial_advanced_segmentation_final,1,12,1791400725.9198651,1717600,worker_0,W003,IdentifyPrimaryObjects,step_started,started,37.5,6,16
cp_tutorial_advanced_segmentation_final,1,12,1791400726.0005643,1717600,worker_0,W003,IdentifyPrimaryObjects,pattern_group,running,100.0,1,1
cp_tutorial_advanced_segmentation_final,1,12,1791400726.0012927,1717600,worker_0,W003,IdentifyPrimaryObjects,step_completed,success,43.75,7,16
cp_tutorial_advanced_segmentation_final,1,12,1791400726.0022397,1717600,worker_0,W003,MaskImage,step_started,started,43.75,7,16
cp_tutorial_advanced_segmentation_final,1,12,1791400726.0122397,1717600,worker_0,W003,MaskImage,pattern_group,running,100.0,1,1
cp_tutorial_advanced_segmentation_final,1,12,1791400726.0123997,1717600,worker_0,W003,MaskImage,step_completed,success,50.0,8,16
cp_tutorial_advanced_segmentation_final,1,12,1791400726.0129676,1717600,worker_0,W003,IdentifyPrimaryObjects,step_started,started,50.0,8,16
cp_tutorial_advanced_segmentation_final,1,12,1791400726.10145,1717600,worker_0,W003,IdentifyPrimaryObjects,pattern_group,running,100.0,1,1
cp_tutorial_advanced_segmentation_final,1,12,1791400726.101981,1717600,worker_0,W003,IdentifyPrimaryObjects,step_completed,success,56.25,9,16
cp_tutorial_advanced_segmentation_final,1,12,1791400726.1029248,1717600,worker_0,W003,MeasureColocalization,step_started,started,56.25,9,16
cp_tutorial_advanced_segmentation_final,1,12,1791400726.8179035,1717600,worker_0,W003,MeasureColocalization,pattern_group,running,50.0,1,2
cp_tutorial_advanced_segmentation_final,1,12,1791400727.4821987,1717600,worker_0,W003,MeasureColocalization,pattern_group,running,100.0,2,2
cp_tutorial_advanced_segmentation_final,1,12,1791400727.486992,1717600,worker_0,W003,MeasureColocalization,step_completed,success,62.5,10,16
cp_tutorial_advanced_segmentation_final,1,12,1791400727.4876745,1717600,worker_0,W003,MeasureObjectIntensity,step_started,started,62.5,10,16
cp_tutorial_advanced_segmentation_final,1,12,1791400727.9217799,1717600,worker_0,W003,MeasureObjectIntensity,pattern_group,running,50.0,1,2
cp_tutorial_advanced_segmentation_final,1,12,1791400728.0292313,1717600,worker_0,W003,MeasureObjectIntensity,pattern_group,running,100.0,2,2
cp_tutorial_advanced_segmentation_final,1,12,1791400728.0324392,1717600,worker_0,W003,MeasureObjectIntensity,step_completed,success,68.75,11,16
cp_tutorial_advanced_segmentation_final,1,12,1791400728.0332904,1717600,worker_0,W003,MeasureObjectIntensityDistribution,step_started,started,68.75,11,16
cp_tutorial_advanced_segmentation_final,1,12,1791400728.1436684,1717600,worker_0,W003,MeasureObjectIntensityDistribution,pattern_group,running,50.0,1,2
cp_tutorial_advanced_segmentation_final,1,12,1791400728.1901946,1717600,worker_0,W003,MeasureObjectIntensityDistribution,pattern_group,running,100.0,2,2
cp_tutorial_advanced_segmentation_final,1,12,1791400728.1928253,1717600,worker_0,W003,MeasureObjectIntensityDistribution,step_completed,success,75.0,12,16
cp_tutorial_advanced_segmentation_final,1,12,1791400728.193767,1717600,worker_0,W003,MeasureObjectSizeShape,step_started,started,75.0,12,16
cp_tutorial_advanced_segmentation_final,1,12,1791400728.5706384,1717600,worker_0,W003,MeasureObjectSizeShape,pattern_group,running,25.0,1,4
cp_tutorial_advanced_segmentation_final,1,12,1791400728.665185,1717600,worker_0,W003,MeasureObjectSizeShape,pattern_group,running,50.0,2,4
cp_tutorial_advanced_segmentation_final,1,12,1791400728.7475812,1717600,worker_0,W003,MeasureObjectSizeShape,pattern_group,running,75.0,3,4
cp_tutorial_advanced_segmentation_final,1,12,1791400728.7885299,1717600,worker_0,W003,MeasureObjectSizeShape,pattern_group,running,100.0,4,4
cp_tutorial_advanced_segmentation_final,1,12,1791400728.7937014,1717600,worker_0,W003,MeasureObjectSizeShape,step_completed,success,81.25,13,16
cp_tutorial_advanced_segmentation_final,1,12,1791400728.7946045,1717600,worker_0,W003,MeasureObjectNeighbors,step_started,started,81.25,13,16
cp_tutorial_advanced_segmentation_final,1,12,1791400728.8579226,1717600,worker_0,W003,MeasureObjectNeighbors,pattern_group,running,33.33333333333333,1,3
cp_tutorial_advanced_segmentation_final,1,12,1791400728.9009874,1717600,worker_0,W003,MeasureObjectNeighbors,pattern_group,running,66.66666666666666,2,3
cp_tutorial_advanced_segmentation_final,1,12,1791400728.9685564,1717600,worker_0,W003,MeasureObjectNeighbors,pattern_group,running,100.0,3,3
cp_tutorial_advanced_segmentation_final,1,12,1791400728.9696229,1717600,worker_0,W003,MeasureObjectNeighbors,step_completed,success,87.5,14,16
cp_tutorial_advanced_segmentation_final,1,12,1791400728.97028,1717600,worker_0,W003,RelateObjects,step_started,started,87.5,14,16
cp_tutorial_advanced_segmentation_final,1,12,1791400729.1620271,1717600,worker_0,W003,RelateObjects,pattern_group,running,50.0,1,2
cp_tutorial_advanced_segmentation_final,1,12,1791400729.5556567,1717600,worker_0,W003,RelateObjects,pattern_group,running,100.0,2,2
cp_tutorial_advanced_segmentation_final,1,12,1791400729.560526,1717600,worker_0,W003,RelateObjects,step_completed,success,93.75,15,16
cp_tutorial_advanced_segmentation_final,1,12,1791400729.5623393,1717600,worker_0,W003,pipeline,axis_completed,success,93.75,15,16
cp_tutorial_advanced_segmentation_final,1,12,1791400729.5623884,1717600,worker_0,W004,pipeline,axis_started,started,0.0,0,16
cp_tutorial_advanced_segmentation_final,1,12,1791400729.5662613,1717600,worker_0,W004,CorrectIlluminationApply,step_started,started,0.0,0,16
cp_tutorial_advanced_segmentation_final,1,12,1791400729.6229513,1717600,worker_0,W004,CorrectIlluminationApply,pattern_group,running,20.0,1,5
cp_tutorial_advanced_segmentation_final,1,12,1791400729.6494977,1717600,worker_0,W004,CorrectIlluminationApply,pattern_group,running,40.0,2,5
cp_tutorial_advanced_segmentation_final,1,12,1791400729.6766675,1717600,worker_0,W004,CorrectIlluminationApply,pattern_group,running,60.0,3,5
cp_tutorial_advanced_segmentation_final,1,12,1791400729.7040524,1717600,worker_0,W004,CorrectIlluminationApply,pattern_group,running,80.0,4,5
cp_tutorial_advanced_segmentation_final,1,12,1791400729.7305937,1717600,worker_0,W004,CorrectIlluminationApply,pattern_group,running,100.0,5,5
cp_tutorial_advanced_segmentation_final,1,12,1791400729.7307925,1717600,worker_0,W004,CorrectIlluminationApply,step_completed,success,6.25,1,16
cp_tutorial_advanced_segmentation_final,1,12,1791400729.7313123,1717600,worker_0,W004,IdentifyPrimaryObjects,step_started,started,6.25,1,16
cp_tutorial_advanced_segmentation_final,1,12,1791400729.8307526,1717600,worker_0,W004,IdentifyPrimaryObjects,pattern_group,running,100.0,1,1
cp_tutorial_advanced_segmentation_final,1,12,1791400729.8313172,1717600,worker_0,W004,IdentifyPrimaryObjects,step_completed,success,12.5,2,16
cp_tutorial_advanced_segmentation_final,1,12,1791400729.8321154,1717600,worker_0,W004,IdentifySecondaryObjects,step_started,started,12.5,2,16
cp_tutorial_advanced_segmentation_final,1,12,1791400730.066441,1717600,worker_0,W004,IdentifySecondaryObjects,pattern_group,running,100.0,1,1
cp_tutorial_advanced_segmentation_final,1,12,1791400730.0670335,1717600,worker_0,W004,IdentifySecondaryObjects,step_completed,success,18.75,3,16
cp_tutorial_advanced_segmentation_final,1,12,1791400730.0677319,1717600,worker_0,W004,IdentifyTertiaryObjects,step_started,started,18.75,3,16
cp_tutorial_advanced_segmentation_final,1,12,1791400730.1128628,1717600,worker_0,W004,IdentifyTertiaryObjects,pattern_group,running,100.0,1,1
cp_tutorial_advanced_segmentation_final,1,12,1791400730.1132262,1717600,worker_0,W004,IdentifyTertiaryObjects,step_completed,success,25.0,4,16
cp_tutorial_advanced_segmentation_final,1,12,1791400730.1139674,1717600,worker_0,W004,EnhanceOrSuppressFeatures,step_started,started,25.0,4,16
cp_tutorial_advanced_segmentation_final,1,12,1791400730.1242268,1717600,worker_0,W004,EnhanceOrSuppressFeatures,pattern_group,running,100.0,1,1
cp_tutorial_advanced_segmentation_final,1,12,1791400730.1243691,1717600,worker_0,W004,EnhanceOrSuppressFeatures,step_completed,success,31.25,5,16
cp_tutorial_advanced_segmentation_final,1,12,1791400730.1249073,1717600,worker_0,W004,MaskImage,step_started,started,31.25,5,16
cp_tutorial_advanced_segmentation_final,1,12,1791400730.1324952,1717600,worker_0,W004,MaskImage,pattern_group,running,100.0,1,1
cp_tutorial_advanced_segmentation_final,1,12,1791400730.1326292,1717600,worker_0,W004,MaskImage,step_completed,success,37.5,6,16
cp_tutorial_advanced_segmentation_final,1,12,1791400730.1333816,1717600,worker_0,W004,IdentifyPrimaryObjects,step_started,started,37.5,6,16
cp_tutorial_advanced_segmentation_final,1,12,1791400730.2086673,1717600,worker_0,W004,IdentifyPrimaryObjects,pattern_group,running,100.0,1,1
cp_tutorial_advanced_segmentation_final,1,12,1791400730.20921,1717600,worker_0,W004,IdentifyPrimaryObjects,step_completed,success,43.75,7,16
cp_tutorial_advanced_segmentation_final,1,12,1791400730.2101338,1717600,worker_0,W004,MaskImage,step_started,started,43.75,7,16
cp_tutorial_advanced_segmentation_final,1,12,1791400730.219995,1717600,worker_0,W004,MaskImage,pattern_group,running,100.0,1,1
cp_tutorial_advanced_segmentation_final,1,12,1791400730.2201266,1717600,worker_0,W004,MaskImage,step_completed,success,50.0,8,16
cp_tutorial_advanced_segmentation_final,1,12,1791400730.2206864,1717600,worker_0,W004,IdentifyPrimaryObjects,step_started,started,50.0,8,16
cp_tutorial_advanced_segmentation_final,1,12,1791400730.3067102,1717600,worker_0,W004,IdentifyPrimaryObjects,pattern_group,running,100.0,1,1
cp_tutorial_advanced_segmentation_final,1,12,1791400730.3072488,1717600,worker_0,W004,IdentifyPrimaryObjects,step_completed,success,56.25,9,16
cp_tutorial_advanced_segmentation_final,1,12,1791400730.3081934,1717600,worker_0,W004,MeasureColocalization,step_started,started,56.25,9,16
cp_tutorial_advanced_segmentation_final,1,12,1791400730.9933946,1717600,worker_0,W004,MeasureColocalization,pattern_group,running,50.0,1,2
cp_tutorial_advanced_segmentation_final,1,12,1791400731.6418455,1717600,worker_0,W004,MeasureColocalization,pattern_group,running,100.0,2,2
cp_tutorial_advanced_segmentation_final,1,12,1791400731.6466186,1717600,worker_0,W004,MeasureColocalization,step_completed,success,62.5,10,16
cp_tutorial_advanced_segmentation_final,1,12,1791400731.6472776,1717600,worker_0,W004,MeasureObjectIntensity,step_started,started,62.5,10,16
cp_tutorial_advanced_segmentation_final,1,12,1791400732.0737765,1717600,worker_0,W004,MeasureObjectIntensity,pattern_group,running,50.0,1,2
cp_tutorial_advanced_segmentation_final,1,12,1791400732.1781425,1717600,worker_0,W004,MeasureObjectIntensity,pattern_group,running,100.0,2,2
cp_tutorial_advanced_segmentation_final,1,12,1791400732.1813421,1717600,worker_0,W004,MeasureObjectIntensity,step_completed,success,68.75,11,16
cp_tutorial_advanced_segmentation_final,1,12,1791400732.182188,1717600,worker_0,W004,MeasureObjectIntensityDistribution,step_started,started,68.75,11,16
cp_tutorial_advanced_segmentation_final,1,12,1791400732.2928603,1717600,worker_0,W004,MeasureObjectIntensityDistribution,pattern_group,running,50.0,1,2
cp_tutorial_advanced_segmentation_final,1,12,1791400732.33768,1717600,worker_0,W004,MeasureObjectIntensityDistribution,pattern_group,running,100.0,2,2
cp_tutorial_advanced_segmentation_final,1,12,1791400732.3403416,1717600,worker_0,W004,MeasureObjectIntensityDistribution,step_completed,success,75.0,12,16
cp_tutorial_advanced_segmentation_final,1,12,1791400732.3412645,1717600,worker_0,W004,MeasureObjectSizeShape,step_started,started,75.0,12,16
cp_tutorial_advanced_segmentation_final,1,12,1791400732.7170162,1717600,worker_0,W004,MeasureObjectSizeShape,pattern_group,running,25.0,1,4
cp_tutorial_advanced_segmentation_final,1,12,1791400732.8115623,1717600,worker_0,W004,MeasureObjectSizeShape,pattern_group,running,50.0,2,4
cp_tutorial_advanced_segmentation_final,1,12,1791400732.8947687,1717600,worker_0,W004,MeasureObjectSizeShape,pattern_group,running,75.0,3,4
cp_tutorial_advanced_segmentation_final,1,12,1791400732.935475,1717600,worker_0,W004,MeasureObjectSizeShape,pattern_group,running,100.0,4,4
cp_tutorial_advanced_segmentation_final,1,12,1791400732.9406688,1717600,worker_0,W004,MeasureObjectSizeShape,step_completed,success,81.25,13,16
cp_tutorial_advanced_segmentation_final,1,12,1791400732.942473,1717600,worker_0,W004,MeasureObjectNeighbors,step_started,started,81.25,13,16
cp_tutorial_advanced_segmentation_final,1,12,1791400733.0060842,1717600,worker_0,W004,MeasureObjectNeighbors,pattern_group,running,33.33333333333333,1,3
cp_tutorial_advanced_segmentation_final,1,12,1791400733.0496233,1717600,worker_0,W004,MeasureObjectNeighbors,pattern_group,running,66.66666666666666,2,3
cp_tutorial_advanced_segmentation_final,1,12,1791400733.1154716,1717600,worker_0,W004,MeasureObjectNeighbors,pattern_group,running,100.0,3,3
cp_tutorial_advanced_segmentation_final,1,12,1791400733.1166055,1717600,worker_0,W004,MeasureObjectNeighbors,step_completed,success,87.5,14,16
cp_tutorial_advanced_segmentation_final,1,12,1791400733.117248,1717600,worker_0,W004,RelateObjects,step_started,started,87.5,14,16
cp_tutorial_advanced_segmentation_final,1,12,1791400733.3891175,1717600,worker_0,W004,RelateObjects,pattern_group,running,50.0,1,2
cp_tutorial_advanced_segmentation_final,1,12,1791400733.8015952,1717600,worker_0,W004,RelateObjects,pattern_group,running,100.0,2,2
cp_tutorial_advanced_segmentation_final,1,12,1791400733.8064802,1717600,worker_0,W004,RelateObjects,step_completed,success,93.75,15,16
cp_tutorial_advanced_segmentation_final,1,12,1791400733.8082874,1717600,worker_0,W004,pipeline,axis_completed,success,93.75,15,16
cp_tutorial_advanced_segmentation_final,1,12,1791400733.8083353,1717600,worker_0,W005,pipeline,axis_started,started,0.0,0,16
cp_tutorial_advanced_segmentation_final,1,12,1791400733.811845,1717600,worker_0,W005,CorrectIlluminationApply,step_started,started,0.0,0,16
cp_tutorial_advanced_segmentation_final,1,12,1791400733.8703995,1717600,worker_0,W005,CorrectIlluminationApply,pattern_group,running,20.0,1,5
cp_tutorial_advanced_segmentation_final,1,12,1791400733.8986237,1717600,worker_0,W005,CorrectIlluminationApply,pattern_group,running,40.0,2,5
cp_tutorial_advanced_segmentation_final,1,12,1791400733.9260952,1717600,worker_0,W005,CorrectIlluminationApply,pattern_group,running,60.0,3,5
cp_tutorial_advanced_segmentation_final,1,12,1791400733.9555252,1717600,worker_0,W005,CorrectIlluminationApply,pattern_group,running,80.0,4,5
cp_tutorial_advanced_segmentation_final,1,12,1791400733.9830112,1717600,worker_0,W005,CorrectIlluminationApply,pattern_group,running,100.0,5,5
cp_tutorial_advanced_segmentation_final,1,12,1791400733.9832103,1717600,worker_0,W005,CorrectIlluminationApply,step_completed,success,6.25,1,16
cp_tutorial_advanced_segmentation_final,1,12,1791400733.9837239,1717600,worker_0,W005,IdentifyPrimaryObjects,step_started,started,6.25,1,16
cp_tutorial_advanced_segmentation_final,1,12,1791400734.085196,1717600,worker_0,W005,IdentifyPrimaryObjects,pattern_group,running,100.0,1,1
cp_tutorial_advanced_segmentation_final,1,12,1791400734.0857513,1717600,worker_0,W005,IdentifyPrimaryObjects,step_completed,success,12.5,2,16
cp_tutorial_advanced_segmentation_final,1,12,1791400734.0865374,1717600,worker_0,W005,IdentifySecondaryObjects,step_started,started,12.5,2,16
cp_tutorial_advanced_segmentation_final,1,12,1791400734.3296947,1717600,worker_0,W005,IdentifySecondaryObjects,pattern_group,running,100.0,1,1
cp_tutorial_advanced_segmentation_final,1,12,1791400734.3302622,1717600,worker_0,W005,IdentifySecondaryObjects,step_completed,success,18.75,3,16
cp_tutorial_advanced_segmentation_final,1,12,1791400734.3309393,1717600,worker_0,W005,IdentifyTertiaryObjects,step_started,started,18.75,3,16
cp_tutorial_advanced_segmentation_final,1,12,1791400734.3767512,1717600,worker_0,W005,IdentifyTertiaryObjects,pattern_group,running,100.0,1,1
cp_tutorial_advanced_segmentation_final,1,12,1791400734.3773673,1717600,worker_0,W005,IdentifyTertiaryObjects,step_completed,success,25.0,4,16
cp_tutorial_advanced_segmentation_final,1,12,1791400734.378388,1717600,worker_0,W005,EnhanceOrSuppressFeatures,step_started,started,25.0,4,16
cp_tutorial_advanced_segmentation_final,1,12,1791400734.3889377,1717600,worker_0,W005,EnhanceOrSuppressFeatures,pattern_group,running,100.0,1,1
cp_tutorial_advanced_segmentation_final,1,12,1791400734.389072,1717600,worker_0,W005,EnhanceOrSuppressFeatures,step_completed,success,31.25,5,16
cp_tutorial_advanced_segmentation_final,1,12,1791400734.3896203,1717600,worker_0,W005,MaskImage,step_started,started,31.25,5,16
cp_tutorial_advanced_segmentation_final,1,12,1791400734.3972828,1717600,worker_0,W005,MaskImage,pattern_group,running,100.0,1,1
cp_tutorial_advanced_segmentation_final,1,12,1791400734.397402,1717600,worker_0,W005,MaskImage,step_completed,success,37.5,6,16
cp_tutorial_advanced_segmentation_final,1,12,1791400734.3981044,1717600,worker_0,W005,IdentifyPrimaryObjects,step_started,started,37.5,6,16
cp_tutorial_advanced_segmentation_final,1,12,1791400734.475122,1717600,worker_0,W005,IdentifyPrimaryObjects,pattern_group,running,100.0,1,1
cp_tutorial_advanced_segmentation_final,1,12,1791400734.475684,1717600,worker_0,W005,IdentifyPrimaryObjects,step_completed,success,43.75,7,16
cp_tutorial_advanced_segmentation_final,1,12,1791400734.4768138,1717600,worker_0,W005,MaskImage,step_started,started,43.75,7,16
cp_tutorial_advanced_segmentation_final,1,12,1791400734.4868739,1717600,worker_0,W005,MaskImage,pattern_group,running,100.0,1,1
cp_tutorial_advanced_segmentation_final,1,12,1791400734.487003,1717600,worker_0,W005,MaskImage,step_completed,success,50.0,8,16
cp_tutorial_advanced_segmentation_final,1,12,1791400734.4875598,1717600,worker_0,W005,IdentifyPrimaryObjects,step_started,started,50.0,8,16
cp_tutorial_advanced_segmentation_final,1,12,1791400734.5758085,1717600,worker_0,W005,IdentifyPrimaryObjects,pattern_group,running,100.0,1,1
cp_tutorial_advanced_segmentation_final,1,12,1791400734.5764432,1717600,worker_0,W005,IdentifyPrimaryObjects,step_completed,success,56.25,9,16
cp_tutorial_advanced_segmentation_final,1,12,1791400734.5780735,1717600,worker_0,W005,MeasureColocalization,step_started,started,56.25,9,16
cp_tutorial_advanced_segmentation_final,1,12,1791400735.2894137,1717600,worker_0,W005,MeasureColocalization,pattern_group,running,50.0,1,2
cp_tutorial_advanced_segmentation_final,1,12,1791400735.9641,1717600,worker_0,W005,MeasureColocalization,pattern_group,running,100.0,2,2
cp_tutorial_advanced_segmentation_final,1,12,1791400735.9695652,1717600,worker_0,W005,MeasureColocalization,step_completed,success,62.5,10,16
cp_tutorial_advanced_segmentation_final,1,12,1791400735.9701588,1717600,worker_0,W005,MeasureObjectIntensity,step_started,started,62.5,10,16
cp_tutorial_advanced_segmentation_final,1,12,1791400736.4105546,1717600,worker_0,W005,MeasureObjectIntensity,pattern_group,running,50.0,1,2
cp_tutorial_advanced_segmentation_final,1,12,1791400736.5189548,1717600,worker_0,W005,MeasureObjectIntensity,pattern_group,running,100.0,2,2
cp_tutorial_advanced_segmentation_final,1,12,1791400736.5226245,1717600,worker_0,W005,MeasureObjectIntensity,step_completed,success,68.75,11,16
cp_tutorial_advanced_segmentation_final,1,12,1791400736.5234802,1717600,worker_0,W005,MeasureObjectIntensityDistribution,step_started,started,68.75,11,16
cp_tutorial_advanced_segmentation_final,1,12,1791400736.6361485,1717600,worker_0,W005,MeasureObjectIntensityDistribution,pattern_group,running,50.0,1,2
cp_tutorial_advanced_segmentation_final,1,12,1791400736.6821604,1717600,worker_0,W005,MeasureObjectIntensityDistribution,pattern_group,running,100.0,2,2
cp_tutorial_advanced_segmentation_final,1,12,1791400736.6852627,1717600,worker_0,W005,MeasureObjectIntensityDistribution,step_completed,success,75.0,12,16
cp_tutorial_advanced_segmentation_final,1,12,1791400736.6861928,1717600,worker_0,W005,MeasureObjectSizeShape,step_started,started,75.0,12,16
cp_tutorial_advanced_segmentation_final,1,12,1791400737.0784492,1717600,worker_0,W005,MeasureObjectSizeShape,pattern_group,running,25.0,1,4
cp_tutorial_advanced_segmentation_final,1,12,1791400737.1782525,1717600,worker_0,W005,MeasureObjectSizeShape,pattern_group,running,50.0,2,4
cp_tutorial_advanced_segmentation_final,1,12,1791400737.2639983,1717600,worker_0,W005,MeasureObjectSizeShape,pattern_group,running,75.0,3,4
cp_tutorial_advanced_segmentation_final,1,12,1791400737.3071535,1717600,worker_0,W005,MeasureObjectSizeShape,pattern_group,running,100.0,4,4
cp_tutorial_advanced_segmentation_final,1,12,1791400737.3120084,1717600,worker_0,W005,MeasureObjectSizeShape,step_completed,success,81.25,13,16
cp_tutorial_advanced_segmentation_final,1,12,1791400737.3134537,1717600,worker_0,W005,MeasureObjectNeighbors,step_started,started,81.25,13,16
cp_tutorial_advanced_segmentation_final,1,12,1791400737.3779237,1717600,worker_0,W005,MeasureObjectNeighbors,pattern_group,running,33.33333333333333,1,3
cp_tutorial_advanced_segmentation_final,1,12,1791400737.4207723,1717600,worker_0,W005,MeasureObjectNeighbors,pattern_group,running,66.66666666666666,2,3
cp_tutorial_advanced_segmentation_final,1,12,1791400737.485944,1717600,worker_0,W005,MeasureObjectNeighbors,pattern_group,running,100.0,3,3
cp_tutorial_advanced_segmentation_final,1,12,1791400737.4870765,1717600,worker_0,W005,MeasureObjectNeighbors,step_completed,success,87.5,14,16
cp_tutorial_advanced_segmentation_final,1,12,1791400737.4877336,1717600,worker_0,W005,RelateObjects,step_started,started,87.5,14,16
cp_tutorial_advanced_segmentation_final,1,12,1791400737.67841,1717600,worker_0,W005,RelateObjects,pattern_group,running,50.0,1,2
cp_tutorial_advanced_segmentation_final,1,12,1791400738.0819163,1717600,worker_0,W005,RelateObjects,pattern_group,running,100.0,2,2
cp_tutorial_advanced_segmentation_final,1,12,1791400738.0868142,1717600,worker_0,W005,RelateObjects,step_completed,success,93.75,15,16
cp_tutorial_advanced_segmentation_final,1,12,1791400738.0886364,1717600,worker_0,W005,pipeline,axis_completed,success,93.75,15,16
cp_tutorial_advanced_segmentation_final,1,12,1791400738.0886867,1717600,worker_0,W006,pipeline,axis_started,started,0.0,0,16
cp_tutorial_advanced_segmentation_final,1,12,1791400738.0924802,1717600,worker_0,W006,CorrectIlluminationApply,step_started,started,0.0,0,16
cp_tutorial_advanced_segmentation_final,1,12,1791400738.1503167,1717600,worker_0,W006,CorrectIlluminationApply,pattern_group,running,20.0,1,5
cp_tutorial_advanced_segmentation_final,1,12,1791400738.179361,1717600,worker_0,W006,CorrectIlluminationApply,pattern_group,running,40.0,2,5
cp_tutorial_advanced_segmentation_final,1,12,1791400738.2081475,1717600,worker_0,W006,CorrectIlluminationApply,pattern_group,running,60.0,3,5
cp_tutorial_advanced_segmentation_final,1,12,1791400738.2351003,1717600,worker_0,W006,CorrectIlluminationApply,pattern_group,running,80.0,4,5
cp_tutorial_advanced_segmentation_final,1,12,1791400738.263559,1717600,worker_0,W006,CorrectIlluminationApply,pattern_group,running,100.0,5,5
cp_tutorial_advanced_segmentation_final,1,12,1791400738.2637568,1717600,worker_0,W006,CorrectIlluminationApply,step_completed,success,6.25,1,16
cp_tutorial_advanced_segmentation_final,1,12,1791400738.2642572,1717600,worker_0,W006,IdentifyPrimaryObjects,step_started,started,6.25,1,16
cp_tutorial_advanced_segmentation_final,1,12,1791400738.368002,1717600,worker_0,W006,IdentifyPrimaryObjects,pattern_group,running,100.0,1,1
cp_tutorial_advanced_segmentation_final,1,12,1791400738.3685522,1717600,worker_0,W006,IdentifyPrimaryObjects,step_completed,success,12.5,2,16
cp_tutorial_advanced_segmentation_final,1,12,1791400738.3693428,1717600,worker_0,W006,IdentifySecondaryObjects,step_started,started,12.5,2,16
cp_tutorial_advanced_segmentation_final,1,12,1791400738.6073503,1717600,worker_0,W006,IdentifySecondaryObjects,pattern_group,running,100.0,1,1
cp_tutorial_advanced_segmentation_final,1,12,1791400738.6079288,1717600,worker_0,W006,IdentifySecondaryObjects,step_completed,success,18.75,3,16
cp_tutorial_advanced_segmentation_final,1,12,1791400738.6086106,1717600,worker_0,W006,IdentifyTertiaryObjects,step_started,started,18.75,3,16
cp_tutorial_advanced_segmentation_final,1,12,1791400738.653771,1717600,worker_0,W006,IdentifyTertiaryObjects,pattern_group,running,100.0,1,1
cp_tutorial_advanced_segmentation_final,1,12,1791400738.6541553,1717600,worker_0,W006,IdentifyTertiaryObjects,step_completed,success,25.0,4,16
cp_tutorial_advanced_segmentation_final,1,12,1791400738.6549077,1717600,worker_0,W006,EnhanceOrSuppressFeatures,step_started,started,25.0,4,16
cp_tutorial_advanced_segmentation_final,1,12,1791400738.6654363,1717600,worker_0,W006,EnhanceOrSuppressFeatures,pattern_group,running,100.0,1,1
cp_tutorial_advanced_segmentation_final,1,12,1791400738.6655703,1717600,worker_0,W006,EnhanceOrSuppressFeatures,step_completed,success,31.25,5,16
cp_tutorial_advanced_segmentation_final,1,12,1791400738.6661053,1717600,worker_0,W006,MaskImage,step_started,started,31.25,5,16
cp_tutorial_advanced_segmentation_final,1,12,1791400738.6742773,1717600,worker_0,W006,MaskImage,pattern_group,running,100.0,1,1
cp_tutorial_advanced_segmentation_final,1,12,1791400738.6743953,1717600,worker_0,W006,MaskImage,step_completed,success,37.5,6,16
cp_tutorial_advanced_segmentation_final,1,12,1791400738.6750948,1717600,worker_0,W006,IdentifyPrimaryObjects,step_started,started,37.5,6,16
cp_tutorial_advanced_segmentation_final,1,12,1791400738.7520664,1717600,worker_0,W006,IdentifyPrimaryObjects,pattern_group,running,100.0,1,1
cp_tutorial_advanced_segmentation_final,1,12,1791400738.7526321,1717600,worker_0,W006,IdentifyPrimaryObjects,step_completed,success,43.75,7,16
cp_tutorial_advanced_segmentation_final,1,12,1791400738.753558,1717600,worker_0,W006,MaskImage,step_started,started,43.75,7,16
cp_tutorial_advanced_segmentation_final,1,12,1791400738.763822,1717600,worker_0,W006,MaskImage,pattern_group,running,100.0,1,1
cp_tutorial_advanced_segmentation_final,1,12,1791400738.763961,1717600,worker_0,W006,MaskImage,step_completed,success,50.0,8,16
cp_tutorial_advanced_segmentation_final,1,12,1791400738.764531,1717600,worker_0,W006,IdentifyPrimaryObjects,step_started,started,50.0,8,16
cp_tutorial_advanced_segmentation_final,1,12,1791400738.853883,1717600,worker_0,W006,IdentifyPrimaryObjects,pattern_group,running,100.0,1,1
cp_tutorial_advanced_segmentation_final,1,12,1791400738.854436,1717600,worker_0,W006,IdentifyPrimaryObjects,step_completed,success,56.25,9,16
cp_tutorial_advanced_segmentation_final,1,12,1791400738.855385,1717600,worker_0,W006,MeasureColocalization,step_started,started,56.25,9,16
cp_tutorial_advanced_segmentation_final,1,12,1791400739.5632944,1717600,worker_0,W006,MeasureColocalization,pattern_group,running,50.0,1,2
cp_tutorial_advanced_segmentation_final,1,12,1791400740.2376292,1717600,worker_0,W006,MeasureColocalization,pattern_group,running,100.0,2,2
cp_tutorial_advanced_segmentation_final,1,12,1791400740.2429864,1717600,worker_0,W006,MeasureColocalization,step_completed,success,62.5,10,16
cp_tutorial_advanced_segmentation_final,1,12,1791400740.2435944,1717600,worker_0,W006,MeasureObjectIntensity,step_started,started,62.5,10,16
cp_tutorial_advanced_segmentation_final,1,12,1791400740.6824048,1717600,worker_0,W006,MeasureObjectIntensity,pattern_group,running,50.0,1,2
cp_tutorial_advanced_segmentation_final,1,12,1791400740.7897732,1717600,worker_0,W006,MeasureObjectIntensity,pattern_group,running,100.0,2,2
cp_tutorial_advanced_segmentation_final,1,12,1791400740.792887,1717600,worker_0,W006,MeasureObjectIntensity,step_completed,success,68.75,11,16
cp_tutorial_advanced_segmentation_final,1,12,1791400740.7937374,1717600,worker_0,W006,MeasureObjectIntensityDistribution,step_started,started,68.75,11,16
cp_tutorial_advanced_segmentation_final,1,12,1791400740.907056,1717600,worker_0,W006,MeasureObjectIntensityDistribution,pattern_group,running,50.0,1,2
cp_tutorial_advanced_segmentation_final,1,12,1791400740.9547832,1717600,worker_0,W006,MeasureObjectIntensityDistribution,pattern_group,running,100.0,2,2
cp_tutorial_advanced_segmentation_final,1,12,1791400740.9574327,1717600,worker_0,W006,MeasureObjectIntensityDistribution,step_completed,success,75.0,12,16
cp_tutorial_advanced_segmentation_final,1,12,1791400740.9583542,1717600,worker_0,W006,MeasureObjectSizeShape,step_started,started,75.0,12,16
cp_tutorial_advanced_segmentation_final,1,12,1791400741.3533819,1717600,worker_0,W006,MeasureObjectSizeShape,pattern_group,running,25.0,1,4
cp_tutorial_advanced_segmentation_final,1,12,1791400741.4495382,1717600,worker_0,W006,MeasureObjectSizeShape,pattern_group,running,50.0,2,4
cp_tutorial_advanced_segmentation_final,1,12,1791400741.5361326,1717600,worker_0,W006,MeasureObjectSizeShape,pattern_group,running,75.0,3,4
cp_tutorial_advanced_segmentation_final,1,12,1791400741.5794122,1717600,worker_0,W006,MeasureObjectSizeShape,pattern_group,running,100.0,4,4
cp_tutorial_advanced_segmentation_final,1,12,1791400741.5842505,1717600,worker_0,W006,MeasureObjectSizeShape,step_completed,success,81.25,13,16
cp_tutorial_advanced_segmentation_final,1,12,1791400741.58517,1717600,worker_0,W006,MeasureObjectNeighbors,step_started,started,81.25,13,16
cp_tutorial_advanced_segmentation_final,1,12,1791400741.6500385,1717600,worker_0,W006,MeasureObjectNeighbors,pattern_group,running,33.33333333333333,1,3
cp_tutorial_advanced_segmentation_final,1,12,1791400741.695398,1717600,worker_0,W006,MeasureObjectNeighbors,pattern_group,running,66.66666666666666,2,3
cp_tutorial_advanced_segmentation_final,1,12,1791400741.7641776,1717600,worker_0,W006,MeasureObjectNeighbors,pattern_group,running,100.0,3,3
cp_tutorial_advanced_segmentation_final,1,12,1791400741.765243,1717600,worker_0,W006,MeasureObjectNeighbors,step_completed,success,87.5,14,16
cp_tutorial_advanced_segmentation_final,1,12,1791400741.7658906,1717600,worker_0,W006,RelateObjects,step_started,started,87.5,14,16
cp_tutorial_advanced_segmentation_final,1,12,1791400741.9680831,1717600,worker_0,W006,RelateObjects,pattern_group,running,50.0,1,2
cp_tutorial_advanced_segmentation_final,1,12,1791400742.4582024,1717600,worker_0,W006,RelateObjects,pattern_group,running,100.0,2,2
cp_tutorial_advanced_segmentation_final,1,12,1791400742.4630258,1717600,worker_0,W006,RelateObjects,step_completed,success,93.75,15,16
cp_tutorial_advanced_segmentation_final,1,12,1791400742.4648178,1717600,worker_0,W006,pipeline,axis_completed,success,93.75,15,16
cp_tutorial_advanced_segmentation_final,1,12,1791400742.4648669,1717600,worker_0,W007,pipeline,axis_started,started,0.0,0,16
cp_tutorial_advanced_segmentation_final,1,12,1791400742.4685102,1717600,worker_0,W007,CorrectIlluminationApply,step_started,started,0.0,0,16
cp_tutorial_advanced_segmentation_final,1,12,1791400742.5257204,1717600,worker_0,W007,CorrectIlluminationApply,pattern_group,running,20.0,1,5
cp_tutorial_advanced_segmentation_final,1,12,1791400742.5520883,1717600,worker_0,W007,CorrectIlluminationApply,pattern_group,running,40.0,2,5
cp_tutorial_advanced_segmentation_final,1,12,1791400742.5785096,1717600,worker_0,W007,CorrectIlluminationApply,pattern_group,running,60.0,3,5
cp_tutorial_advanced_segmentation_final,1,12,1791400742.605307,1717600,worker_0,W007,CorrectIlluminationApply,pattern_group,running,80.0,4,5
cp_tutorial_advanced_segmentation_final,1,12,1791400742.6318116,1717600,worker_0,W007,CorrectIlluminationApply,pattern_group,running,100.0,5,5
cp_tutorial_advanced_segmentation_final,1,12,1791400742.6320074,1717600,worker_0,W007,CorrectIlluminationApply,step_completed,success,6.25,1,16
cp_tutorial_advanced_segmentation_final,1,12,1791400742.6325164,1717600,worker_0,W007,IdentifyPrimaryObjects,step_started,started,6.25,1,16
cp_tutorial_advanced_segmentation_final,1,12,1791400742.7313411,1717600,worker_0,W007,IdentifyPrimaryObjects,pattern_group,running,100.0,1,1
cp_tutorial_advanced_segmentation_final,1,12,1791400742.7318835,1717600,worker_0,W007,IdentifyPrimaryObjects,step_completed,success,12.5,2,16
cp_tutorial_advanced_segmentation_final,1,12,1791400742.7326741,1717600,worker_0,W007,IdentifySecondaryObjects,step_started,started,12.5,2,16
cp_tutorial_advanced_segmentation_final,1,12,1791400742.9649153,1717600,worker_0,W007,IdentifySecondaryObjects,pattern_group,running,100.0,1,1
cp_tutorial_advanced_segmentation_final,1,12,1791400742.965489,1717600,worker_0,W007,IdentifySecondaryObjects,step_completed,success,18.75,3,16
cp_tutorial_advanced_segmentation_final,1,12,1791400742.9661646,1717600,worker_0,W007,IdentifyTertiaryObjects,step_started,started,18.75,3,16
cp_tutorial_advanced_segmentation_final,1,12,1791400743.0095377,1717600,worker_0,W007,IdentifyTertiaryObjects,pattern_group,running,100.0,1,1
cp_tutorial_advanced_segmentation_final,1,12,1791400743.0099025,1717600,worker_0,W007,IdentifyTertiaryObjects,step_completed,success,25.0,4,16
cp_tutorial_advanced_segmentation_final,1,12,1791400743.0106251,1717600,worker_0,W007,EnhanceOrSuppressFeatures,step_started,started,25.0,4,16
cp_tutorial_advanced_segmentation_final,1,12,1791400743.0209482,1717600,worker_0,W007,EnhanceOrSuppressFeatures,pattern_group,running,100.0,1,1
cp_tutorial_advanced_segmentation_final,1,12,1791400743.0210803,1717600,worker_0,W007,EnhanceOrSuppressFeatures,step_completed,success,31.25,5,16
cp_tutorial_advanced_segmentation_final,1,12,1791400743.0216348,1717600,worker_0,W007,MaskImage,step_started,started,31.25,5,16
cp_tutorial_advanced_segmentation_final,1,12,1791400743.0294805,1717600,worker_0,W007,MaskImage,pattern_group,running,100.0,1,1
cp_tutorial_advanced_segmentation_final,1,12,1791400743.0296063,1717600,worker_0,W007,MaskImage,step_completed,success,37.5,6,16
cp_tutorial_advanced_segmentation_final,1,12,1791400743.0303214,1717600,worker_0,W007,IdentifyPrimaryObjects,step_started,started,37.5,6,16
cp_tutorial_advanced_segmentation_final,1,12,1791400743.1030078,1717600,worker_0,W007,IdentifyPrimaryObjects,pattern_group,running,100.0,1,1
cp_tutorial_advanced_segmentation_final,1,12,1791400743.1035504,1717600,worker_0,W007,IdentifyPrimaryObjects,step_completed,success,43.75,7,16
cp_tutorial_advanced_segmentation_final,1,12,1791400743.10447,1717600,worker_0,W007,MaskImage,step_started,started,43.75,7,16
cp_tutorial_advanced_segmentation_final,1,12,1791400743.1141994,1717600,worker_0,W007,MaskImage,pattern_group,running,100.0,1,1
cp_tutorial_advanced_segmentation_final,1,12,1791400743.1143363,1717600,worker_0,W007,MaskImage,step_completed,success,50.0,8,16
cp_tutorial_advanced_segmentation_final,1,12,1791400743.1148927,1717600,worker_0,W007,IdentifyPrimaryObjects,step_started,started,50.0,8,16
cp_tutorial_advanced_segmentation_final,1,12,1791400743.2018387,1717600,worker_0,W007,IdentifyPrimaryObjects,pattern_group,running,100.0,1,1
cp_tutorial_advanced_segmentation_final,1,12,1791400743.202376,1717600,worker_0,W007,IdentifyPrimaryObjects,step_completed,success,56.25,9,16
cp_tutorial_advanced_segmentation_final,1,12,1791400743.203318,1717600,worker_0,W007,MeasureColocalization,step_started,started,56.25,9,16
cp_tutorial_advanced_segmentation_final,1,12,1791400743.8838487,1717600,worker_0,W007,MeasureColocalization,pattern_group,running,50.0,1,2
cp_tutorial_advanced_segmentation_final,1,12,1791400744.5322955,1717600,worker_0,W007,MeasureColocalization,pattern_group,running,100.0,2,2
cp_tutorial_advanced_segmentation_final,1,12,1791400744.5370514,1717600,worker_0,W007,MeasureColocalization,step_completed,success,62.5,10,16
cp_tutorial_advanced_segmentation_final,1,12,1791400744.537708,1717600,worker_0,W007,MeasureObjectIntensity,step_started,started,62.5,10,16
cp_tutorial_advanced_segmentation_final,1,12,1791400744.9606962,1717600,worker_0,W007,MeasureObjectIntensity,pattern_group,running,50.0,1,2
cp_tutorial_advanced_segmentation_final,1,12,1791400745.0644455,1717600,worker_0,W007,MeasureObjectIntensity,pattern_group,running,100.0,2,2
cp_tutorial_advanced_segmentation_final,1,12,1791400745.0675774,1717600,worker_0,W007,MeasureObjectIntensity,step_completed,success,68.75,11,16
cp_tutorial_advanced_segmentation_final,1,12,1791400745.0684216,1717600,worker_0,W007,MeasureObjectIntensityDistribution,step_started,started,68.75,11,16
cp_tutorial_advanced_segmentation_final,1,12,1791400745.1789436,1717600,worker_0,W007,MeasureObjectIntensityDistribution,pattern_group,running,50.0,1,2
cp_tutorial_advanced_segmentation_final,1,12,1791400745.2232022,1717600,worker_0,W007,MeasureObjectIntensityDistribution,pattern_group,running,100.0,2,2
cp_tutorial_advanced_segmentation_final,1,12,1791400745.2258453,1717600,worker_0,W007,MeasureObjectIntensityDistribution,step_completed,success,75.0,12,16
cp_tutorial_advanced_segmentation_final,1,12,1791400745.226775,1717600,worker_0,W007,MeasureObjectSizeShape,step_started,started,75.0,12,16
cp_tutorial_advanced_segmentation_final,1,12,1791400745.6027339,1717600,worker_0,W007,MeasureObjectSizeShape,pattern_group,running,25.0,1,4
cp_tutorial_advanced_segmentation_final,1,12,1791400745.6983397,1717600,worker_0,W007,MeasureObjectSizeShape,pattern_group,running,50.0,2,4
cp_tutorial_advanced_segmentation_final,1,12,1791400745.780851,1717600,worker_0,W007,MeasureObjectSizeShape,pattern_group,running,75.0,3,4
cp_tutorial_advanced_segmentation_final,1,12,1791400745.8209887,1717600,worker_0,W007,MeasureObjectSizeShape,pattern_group,running,100.0,4,4
cp_tutorial_advanced_segmentation_final,1,12,1791400745.826071,1717600,worker_0,W007,MeasureObjectSizeShape,step_completed,success,81.25,13,16
cp_tutorial_advanced_segmentation_final,1,12,1791400745.8269446,1717600,worker_0,W007,MeasureObjectNeighbors,step_started,started,81.25,13,16
cp_tutorial_advanced_segmentation_final,1,12,1791400745.8907921,1717600,worker_0,W007,MeasureObjectNeighbors,pattern_group,running,33.33333333333333,1,3
cp_tutorial_advanced_segmentation_final,1,12,1791400745.9340887,1717600,worker_0,W007,MeasureObjectNeighbors,pattern_group,running,66.66666666666666,2,3
cp_tutorial_advanced_segmentation_final,1,12,1791400746.0011501,1717600,worker_0,W007,MeasureObjectNeighbors,pattern_group,running,100.0,3,3
cp_tutorial_advanced_segmentation_final,1,12,1791400746.0022247,1717600,worker_0,W007,MeasureObjectNeighbors,step_completed,success,87.5,14,16
cp_tutorial_advanced_segmentation_final,1,12,1791400746.0028703,1717600,worker_0,W007,RelateObjects,step_started,started,87.5,14,16
cp_tutorial_advanced_segmentation_final,1,12,1791400746.1961222,1717600,worker_0,W007,RelateObjects,pattern_group,running,50.0,1,2
cp_tutorial_advanced_segmentation_final,1,12,1791400746.5903447,1717600,worker_0,W007,RelateObjects,pattern_group,running,100.0,2,2
cp_tutorial_advanced_segmentation_final,1,12,1791400746.5953205,1717600,worker_0,W007,RelateObjects,step_completed,success,93.75,15,16
cp_tutorial_advanced_segmentation_final,1,12,1791400746.5971682,1717600,worker_0,W007,pipeline,axis_completed,success,93.75,15,16
cp_tutorial_advanced_segmentation_final,1,12,1791400746.597218,1717600,worker_0,W008,pipeline,axis_started,started,0.0,0,16
cp_tutorial_advanced_segmentation_final,1,12,1791400746.601049,1717600,worker_0,W008,CorrectIlluminationApply,step_started,started,0.0,0,16
cp_tutorial_advanced_segmentation_final,1,12,1791400746.657156,1717600,worker_0,W008,CorrectIlluminationApply,pattern_group,running,20.0,1,5
cp_tutorial_advanced_segmentation_final,1,12,1791400746.6834342,1717600,worker_0,W008,CorrectIlluminationApply,pattern_group,running,40.0,2,5
cp_tutorial_advanced_segmentation_final,1,12,1791400746.7101104,1717600,worker_0,W008,CorrectIlluminationApply,pattern_group,running,60.0,3,5
cp_tutorial_advanced_segmentation_final,1,12,1791400746.737931,1717600,worker_0,W008,CorrectIlluminationApply,pattern_group,running,80.0,4,5
cp_tutorial_advanced_segmentation_final,1,12,1791400746.7645943,1717600,worker_0,W008,CorrectIlluminationApply,pattern_group,running,100.0,5,5
cp_tutorial_advanced_segmentation_final,1,12,1791400746.764801,1717600,worker_0,W008,CorrectIlluminationApply,step_completed,success,6.25,1,16
cp_tutorial_advanced_segmentation_final,1,12,1791400746.7653208,1717600,worker_0,W008,IdentifyPrimaryObjects,step_started,started,6.25,1,16
cp_tutorial_advanced_segmentation_final,1,12,1791400746.8645139,1717600,worker_0,W008,IdentifyPrimaryObjects,pattern_group,running,100.0,1,1
cp_tutorial_advanced_segmentation_final,1,12,1791400746.8650577,1717600,worker_0,W008,IdentifyPrimaryObjects,step_completed,success,12.5,2,16
cp_tutorial_advanced_segmentation_final,1,12,1791400746.8658454,1717600,worker_0,W008,IdentifySecondaryObjects,step_started,started,12.5,2,16
cp_tutorial_advanced_segmentation_final,1,12,1791400747.0983558,1717600,worker_0,W008,IdentifySecondaryObjects,pattern_group,running,100.0,1,1
cp_tutorial_advanced_segmentation_final,1,12,1791400747.098958,1717600,worker_0,W008,IdentifySecondaryObjects,step_completed,success,18.75,3,16
cp_tutorial_advanced_segmentation_final,1,12,1791400747.099644,1717600,worker_0,W008,IdentifyTertiaryObjects,step_started,started,18.75,3,16
cp_tutorial_advanced_segmentation_final,1,12,1791400747.1436877,1717600,worker_0,W008,IdentifyTertiaryObjects,pattern_group,running,100.0,1,1
cp_tutorial_advanced_segmentation_final,1,12,1791400747.1440542,1717600,worker_0,W008,IdentifyTertiaryObjects,step_completed,success,25.0,4,16
cp_tutorial_advanced_segmentation_final,1,12,1791400747.1447747,1717600,worker_0,W008,EnhanceOrSuppressFeatures,step_started,started,25.0,4,16
cp_tutorial_advanced_segmentation_final,1,12,1791400747.1548684,1717600,worker_0,W008,EnhanceOrSuppressFeatures,pattern_group,running,100.0,1,1
cp_tutorial_advanced_segmentation_final,1,12,1791400747.155005,1717600,worker_0,W008,EnhanceOrSuppressFeatures,step_completed,success,31.25,5,16
cp_tutorial_advanced_segmentation_final,1,12,1791400747.1555555,1717600,worker_0,W008,MaskImage,step_started,started,31.25,5,16
cp_tutorial_advanced_segmentation_final,1,12,1791400747.163313,1717600,worker_0,W008,MaskImage,pattern_group,running,100.0,1,1
cp_tutorial_advanced_segmentation_final,1,12,1791400747.1634393,1717600,worker_0,W008,MaskImage,step_completed,success,37.5,6,16
cp_tutorial_advanced_segmentation_final,1,12,1791400747.1641974,1717600,worker_0,W008,IdentifyPrimaryObjects,step_started,started,37.5,6,16
cp_tutorial_advanced_segmentation_final,1,12,1791400747.239264,1717600,worker_0,W008,IdentifyPrimaryObjects,pattern_group,running,100.0,1,1
cp_tutorial_advanced_segmentation_final,1,12,1791400747.2398167,1717600,worker_0,W008,IdentifyPrimaryObjects,step_completed,success,43.75,7,16
cp_tutorial_advanced_segmentation_final,1,12,1791400747.2407331,1717600,worker_0,W008,MaskImage,step_started,started,43.75,7,16
cp_tutorial_advanced_segmentation_final,1,12,1791400747.2506652,1717600,worker_0,W008,MaskImage,pattern_group,running,100.0,1,1
cp_tutorial_advanced_segmentation_final,1,12,1791400747.2508013,1717600,worker_0,W008,MaskImage,step_completed,success,50.0,8,16
cp_tutorial_advanced_segmentation_final,1,12,1791400747.251358,1717600,worker_0,W008,IdentifyPrimaryObjects,step_started,started,50.0,8,16
cp_tutorial_advanced_segmentation_final,1,12,1791400747.335745,1717600,worker_0,W008,IdentifyPrimaryObjects,pattern_group,running,100.0,1,1
cp_tutorial_advanced_segmentation_final,1,12,1791400747.3363223,1717600,worker_0,W008,IdentifyPrimaryObjects,step_completed,success,56.25,9,16
cp_tutorial_advanced_segmentation_final,1,12,1791400747.3373168,1717600,worker_0,W008,MeasureColocalization,step_started,started,56.25,9,16
cp_tutorial_advanced_segmentation_final,1,12,1791400748.0250494,1717600,worker_0,W008,MeasureColocalization,pattern_group,running,50.0,1,2
cp_tutorial_advanced_segmentation_final,1,12,1791400748.6719594,1717600,worker_0,W008,MeasureColocalization,pattern_group,running,100.0,2,2
cp_tutorial_advanced_segmentation_final,1,12,1791400748.6768723,1717600,worker_0,W008,MeasureColocalization,step_completed,success,62.5,10,16
cp_tutorial_advanced_segmentation_final,1,12,1791400748.677494,1717600,worker_0,W008,MeasureObjectIntensity,step_started,started,62.5,10,16
cp_tutorial_advanced_segmentation_final,1,12,1791400749.1042802,1717600,worker_0,W008,MeasureObjectIntensity,pattern_group,running,50.0,1,2
cp_tutorial_advanced_segmentation_final,1,12,1791400749.2086277,1717600,worker_0,W008,MeasureObjectIntensity,pattern_group,running,100.0,2,2
cp_tutorial_advanced_segmentation_final,1,12,1791400749.2117896,1717600,worker_0,W008,MeasureObjectIntensity,step_completed,success,68.75,11,16
cp_tutorial_advanced_segmentation_final,1,12,1791400749.2126324,1717600,worker_0,W008,MeasureObjectIntensityDistribution,step_started,started,68.75,11,16
cp_tutorial_advanced_segmentation_final,1,12,1791400749.3223283,1717600,worker_0,W008,MeasureObjectIntensityDistribution,pattern_group,running,50.0,1,2
cp_tutorial_advanced_segmentation_final,1,12,1791400749.3663847,1717600,worker_0,W008,MeasureObjectIntensityDistribution,pattern_group,running,100.0,2,2
cp_tutorial_advanced_segmentation_final,1,12,1791400749.3690312,1717600,worker_0,W008,MeasureObjectIntensityDistribution,step_completed,success,75.0,12,16
cp_tutorial_advanced_segmentation_final,1,12,1791400749.369956,1717600,worker_0,W008,MeasureObjectSizeShape,step_started,started,75.0,12,16
cp_tutorial_advanced_segmentation_final,1,12,1791400749.7455592,1717600,worker_0,W008,MeasureObjectSizeShape,pattern_group,running,25.0,1,4
cp_tutorial_advanced_segmentation_final,1,12,1791400749.8394566,1717600,worker_0,W008,MeasureObjectSizeShape,pattern_group,running,50.0,2,4
cp_tutorial_advanced_segmentation_final,1,12,1791400749.921769,1717600,worker_0,W008,MeasureObjectSizeShape,pattern_group,running,75.0,3,4
cp_tutorial_advanced_segmentation_final,1,12,1791400749.964936,1717600,worker_0,W008,MeasureObjectSizeShape,pattern_group,running,100.0,4,4
cp_tutorial_advanced_segmentation_final,1,12,1791400749.9697723,1717600,worker_0,W008,MeasureObjectSizeShape,step_completed,success,81.25,13,16
cp_tutorial_advanced_segmentation_final,1,12,1791400749.9711497,1717600,worker_0,W008,MeasureObjectNeighbors,step_started,started,81.25,13,16
cp_tutorial_advanced_segmentation_final,1,12,1791400750.0337672,1717600,worker_0,W008,MeasureObjectNeighbors,pattern_group,running,33.33333333333333,1,3
cp_tutorial_advanced_segmentation_final,1,12,1791400750.0762095,1717600,worker_0,W008,MeasureObjectNeighbors,pattern_group,running,66.66666666666666,2,3
cp_tutorial_advanced_segmentation_final,1,12,1791400750.1416206,1717600,worker_0,W008,MeasureObjectNeighbors,pattern_group,running,100.0,3,3
cp_tutorial_advanced_segmentation_final,1,12,1791400750.1426828,1717600,worker_0,W008,MeasureObjectNeighbors,step_completed,success,87.5,14,16
cp_tutorial_advanced_segmentation_final,1,12,1791400750.1433372,1717600,worker_0,W008,RelateObjects,step_started,started,87.5,14,16
cp_tutorial_advanced_segmentation_final,1,12,1791400750.33325,1717600,worker_0,W008,RelateObjects,pattern_group,running,50.0,1,2
cp_tutorial_advanced_segmentation_final,1,12,1791400750.8144336,1717600,worker_0,W008,RelateObjects,pattern_group,running,100.0,2,2
cp_tutorial_advanced_segmentation_final,1,12,1791400750.8191948,1717600,worker_0,W008,RelateObjects,step_completed,success,93.75,15,16
cp_tutorial_advanced_segmentation_final,1,12,1791400750.821051,1717600,worker_0,W008,pipeline,axis_completed,success,93.75,15,16
cp_tutorial_advanced_segmentation_final,1,12,1791400750.821102,1717600,worker_0,W009,pipeline,axis_started,started,0.0,0,16
cp_tutorial_advanced_segmentation_final,1,12,1791400750.8247414,1717600,worker_0,W009,CorrectIlluminationApply,step_started,started,0.0,0,16
cp_tutorial_advanced_segmentation_final,1,12,1791400750.8827186,1717600,worker_0,W009,CorrectIlluminationApply,pattern_group,running,20.0,1,5
cp_tutorial_advanced_segmentation_final,1,12,1791400750.9100404,1717600,worker_0,W009,CorrectIlluminationApply,pattern_group,running,40.0,2,5
cp_tutorial_advanced_segmentation_final,1,12,1791400750.937844,1717600,worker_0,W009,CorrectIlluminationApply,pattern_group,running,60.0,3,5
cp_tutorial_advanced_segmentation_final,1,12,1791400750.9658191,1717600,worker_0,W009,CorrectIlluminationApply,pattern_group,running,80.0,4,5
cp_tutorial_advanced_segmentation_final,1,12,1791400750.9924428,1717600,worker_0,W009,CorrectIlluminationApply,pattern_group,running,100.0,5,5
cp_tutorial_advanced_segmentation_final,1,12,1791400750.9926372,1717600,worker_0,W009,CorrectIlluminationApply,step_completed,success,6.25,1,16
cp_tutorial_advanced_segmentation_final,1,12,1791400750.9931374,1717600,worker_0,W009,IdentifyPrimaryObjects,step_started,started,6.25,1,16
cp_tutorial_advanced_segmentation_final,1,12,1791400751.091885,1717600,worker_0,W009,IdentifyPrimaryObjects,pattern_group,running,100.0,1,1
cp_tutorial_advanced_segmentation_final,1,12,1791400751.0924325,1717600,worker_0,W009,IdentifyPrimaryObjects,step_completed,success,12.5,2,16
cp_tutorial_advanced_segmentation_final,1,12,1791400751.0932162,1717600,worker_0,W009,IdentifySecondaryObjects,step_started,started,12.5,2,16
cp_tutorial_advanced_segmentation_final,1,12,1791400751.323982,1717600,worker_0,W009,IdentifySecondaryObjects,pattern_group,running,100.0,1,1
cp_tutorial_advanced_segmentation_final,1,12,1791400751.3245516,1717600,worker_0,W009,IdentifySecondaryObjects,step_completed,success,18.75,3,16
cp_tutorial_advanced_segmentation_final,1,12,1791400751.325226,1717600,worker_0,W009,IdentifyTertiaryObjects,step_started,started,18.75,3,16
cp_tutorial_advanced_segmentation_final,1,12,1791400751.368602,1717600,worker_0,W009,IdentifyTertiaryObjects,pattern_group,running,100.0,1,1
cp_tutorial_advanced_segmentation_final,1,12,1791400751.368961,1717600,worker_0,W009,IdentifyTertiaryObjects,step_completed,success,25.0,4,16
cp_tutorial_advanced_segmentation_final,1,12,1791400751.3696735,1717600,worker_0,W009,EnhanceOrSuppressFeatures,step_started,started,25.0,4,16
cp_tutorial_advanced_segmentation_final,1,12,1791400751.3801847,1717600,worker_0,W009,EnhanceOrSuppressFeatures,pattern_group,running,100.0,1,1
cp_tutorial_advanced_segmentation_final,1,12,1791400751.3803315,1717600,worker_0,W009,EnhanceOrSuppressFeatures,step_completed,success,31.25,5,16
cp_tutorial_advanced_segmentation_final,1,12,1791400751.3808715,1717600,worker_0,W009,MaskImage,step_started,started,31.25,5,16
cp_tutorial_advanced_segmentation_final,1,12,1791400751.388128,1717600,worker_0,W009,MaskImage,pattern_group,running,100.0,1,1
cp_tutorial_advanced_segmentation_final,1,12,1791400751.3882532,1717600,worker_0,W009,MaskImage,step_completed,success,37.5,6,16
cp_tutorial_advanced_segmentation_final,1,12,1791400751.3889854,1717600,worker_0,W009,IdentifyPrimaryObjects,step_started,started,37.5,6,16
cp_tutorial_advanced_segmentation_final,1,12,1791400751.4617655,1717600,worker_0,W009,IdentifyPrimaryObjects,pattern_group,running,100.0,1,1
cp_tutorial_advanced_segmentation_final,1,12,1791400751.4623098,1717600,worker_0,W009,IdentifyPrimaryObjects,step_completed,success,43.75,7,16
cp_tutorial_advanced_segmentation_final,1,12,1791400751.46322,1717600,worker_0,W009,MaskImage,step_started,started,43.75,7,16
cp_tutorial_advanced_segmentation_final,1,12,1791400751.4730253,1717600,worker_0,W009,MaskImage,pattern_group,running,100.0,1,1
cp_tutorial_advanced_segmentation_final,1,12,1791400751.4731627,1717600,worker_0,W009,MaskImage,step_completed,success,50.0,8,16
cp_tutorial_advanced_segmentation_final,1,12,1791400751.4737291,1717600,worker_0,W009,IdentifyPrimaryObjects,step_started,started,50.0,8,16
cp_tutorial_advanced_segmentation_final,1,12,1791400751.5580127,1717600,worker_0,W009,IdentifyPrimaryObjects,pattern_group,running,100.0,1,1
cp_tutorial_advanced_segmentation_final,1,12,1791400751.5585546,1717600,worker_0,W009,IdentifyPrimaryObjects,step_completed,success,56.25,9,16
cp_tutorial_advanced_segmentation_final,1,12,1791400751.5595064,1717600,worker_0,W009,MeasureColocalization,step_started,started,56.25,9,16
cp_tutorial_advanced_segmentation_final,1,12,1791400752.243063,1717600,worker_0,W009,MeasureColocalization,pattern_group,running,50.0,1,2
cp_tutorial_advanced_segmentation_final,1,12,1791400752.890018,1717600,worker_0,W009,MeasureColocalization,pattern_group,running,100.0,2,2
cp_tutorial_advanced_segmentation_final,1,12,1791400752.8947692,1717600,worker_0,W009,MeasureColocalization,step_completed,success,62.5,10,16
cp_tutorial_advanced_segmentation_final,1,12,1791400752.8954456,1717600,worker_0,W009,MeasureObjectIntensity,step_started,started,62.5,10,16
cp_tutorial_advanced_segmentation_final,1,12,1791400753.3218534,1717600,worker_0,W009,MeasureObjectIntensity,pattern_group,running,50.0,1,2
cp_tutorial_advanced_segmentation_final,1,12,1791400753.425104,1717600,worker_0,W009,MeasureObjectIntensity,pattern_group,running,100.0,2,2
cp_tutorial_advanced_segmentation_final,1,12,1791400753.4282258,1717600,worker_0,W009,MeasureObjectIntensity,step_completed,success,68.75,11,16
cp_tutorial_advanced_segmentation_final,1,12,1791400753.4290812,1717600,worker_0,W009,MeasureObjectIntensityDistribution,step_started,started,68.75,11,16
cp_tutorial_advanced_segmentation_final,1,12,1791400753.5385995,1717600,worker_0,W009,MeasureObjectIntensityDistribution,pattern_group,running,50.0,1,2
cp_tutorial_advanced_segmentation_final,1,12,1791400753.5830324,1717600,worker_0,W009,MeasureObjectIntensityDistribution,pattern_group,running,100.0,2,2
cp_tutorial_advanced_segmentation_final,1,12,1791400753.5856552,1717600,worker_0,W009,MeasureObjectIntensityDistribution,step_completed,success,75.0,12,16
cp_tutorial_advanced_segmentation_final,1,12,1791400753.5868185,1717600,worker_0,W009,MeasureObjectSizeShape,step_started,started,75.0,12,16
cp_tutorial_advanced_segmentation_final,1,12,1791400753.9651744,1717600,worker_0,W009,MeasureObjectSizeShape,pattern_group,running,25.0,1,4
cp_tutorial_advanced_segmentation_final,1,12,1791400754.057781,1717600,worker_0,W009,MeasureObjectSizeShape,pattern_group,running,50.0,2,4
cp_tutorial_advanced_segmentation_final,1,12,1791400754.1414697,1717600,worker_0,W009,MeasureObjectSizeShape,pattern_group,running,75.0,3,4
cp_tutorial_advanced_segmentation_final,1,12,1791400754.1836667,1717600,worker_0,W009,MeasureObjectSizeShape,pattern_group,running,100.0,4,4
cp_tutorial_advanced_segmentation_final,1,12,1791400754.188871,1717600,worker_0,W009,MeasureObjectSizeShape,step_completed,success,81.25,13,16
cp_tutorial_advanced_segmentation_final,1,12,1791400754.1897745,1717600,worker_0,W009,MeasureObjectNeighbors,step_started,started,81.25,13,16
cp_tutorial_advanced_segmentation_final,1,12,1791400754.2533395,1717600,worker_0,W009,MeasureObjectNeighbors,pattern_group,running,33.33333333333333,1,3
cp_tutorial_advanced_segmentation_final,1,12,1791400754.2962594,1717600,worker_0,W009,MeasureObjectNeighbors,pattern_group,running,66.66666666666666,2,3
cp_tutorial_advanced_segmentation_final,1,12,1791400754.3614352,1717600,worker_0,W009,MeasureObjectNeighbors,pattern_group,running,100.0,3,3
cp_tutorial_advanced_segmentation_final,1,12,1791400754.3625088,1717600,worker_0,W009,MeasureObjectNeighbors,step_completed,success,87.5,14,16
cp_tutorial_advanced_segmentation_final,1,12,1791400754.3631587,1717600,worker_0,W009,RelateObjects,step_started,started,87.5,14,16
cp_tutorial_advanced_segmentation_final,1,12,1791400754.5541515,1717600,worker_0,W009,RelateObjects,pattern_group,running,50.0,1,2
cp_tutorial_advanced_segmentation_final,1,12,1791400754.9490225,1717600,worker_0,W009,RelateObjects,pattern_group,running,100.0,2,2
cp_tutorial_advanced_segmentation_final,1,12,1791400754.9544127,1717600,worker_0,W009,RelateObjects,step_completed,success,93.75,15,16
cp_tutorial_advanced_segmentation_final,1,12,1791400754.9562473,1717600,worker_0,W009,pipeline,axis_completed,success,93.75,15,16
cp_tutorial_advanced_segmentation_final,1,12,1791400754.9563005,1717600,worker_0,W010,pipeline,axis_started,started,0.0,0,16
cp_tutorial_advanced_segmentation_final,1,12,1791400754.9600413,1717600,worker_0,W010,CorrectIlluminationApply,step_started,started,0.0,0,16
cp_tutorial_advanced_segmentation_final,1,12,1791400755.0169353,1717600,worker_0,W010,CorrectIlluminationApply,pattern_group,running,20.0,1,5
cp_tutorial_advanced_segmentation_final,1,12,1791400755.0432556,1717600,worker_0,W010,CorrectIlluminationApply,pattern_group,running,40.0,2,5
cp_tutorial_advanced_segmentation_final,1,12,1791400755.070888,1717600,worker_0,W010,CorrectIlluminationApply,pattern_group,running,60.0,3,5
cp_tutorial_advanced_segmentation_final,1,12,1791400755.0978138,1717600,worker_0,W010,CorrectIlluminationApply,pattern_group,running,80.0,4,5
cp_tutorial_advanced_segmentation_final,1,12,1791400755.1247509,1717600,worker_0,W010,CorrectIlluminationApply,pattern_group,running,100.0,5,5
cp_tutorial_advanced_segmentation_final,1,12,1791400755.124946,1717600,worker_0,W010,CorrectIlluminationApply,step_completed,success,6.25,1,16
cp_tutorial_advanced_segmentation_final,1,12,1791400755.1254606,1717600,worker_0,W010,IdentifyPrimaryObjects,step_started,started,6.25,1,16
cp_tutorial_advanced_segmentation_final,1,12,1791400755.226206,1717600,worker_0,W010,IdentifyPrimaryObjects,pattern_group,running,100.0,1,1
cp_tutorial_advanced_segmentation_final,1,12,1791400755.2267535,1717600,worker_0,W010,IdentifyPrimaryObjects,step_completed,success,12.5,2,16
cp_tutorial_advanced_segmentation_final,1,12,1791400755.2275448,1717600,worker_0,W010,IdentifySecondaryObjects,step_started,started,12.5,2,16
cp_tutorial_advanced_segmentation_final,1,12,1791400755.459264,1717600,worker_0,W010,IdentifySecondaryObjects,pattern_group,running,100.0,1,1
cp_tutorial_advanced_segmentation_final,1,12,1791400755.4598422,1717600,worker_0,W010,IdentifySecondaryObjects,step_completed,success,18.75,3,16
cp_tutorial_advanced_segmentation_final,1,12,1791400755.4605258,1717600,worker_0,W010,IdentifyTertiaryObjects,step_started,started,18.75,3,16
cp_tutorial_advanced_segmentation_final,1,12,1791400755.5048208,1717600,worker_0,W010,IdentifyTertiaryObjects,pattern_group,running,100.0,1,1
cp_tutorial_advanced_segmentation_final,1,12,1791400755.5051877,1717600,worker_0,W010,IdentifyTertiaryObjects,step_completed,success,25.0,4,16
cp_tutorial_advanced_segmentation_final,1,12,1791400755.5059083,1717600,worker_0,W010,EnhanceOrSuppressFeatures,step_started,started,25.0,4,16
cp_tutorial_advanced_segmentation_final,1,12,1791400755.5160055,1717600,worker_0,W010,EnhanceOrSuppressFeatures,pattern_group,running,100.0,1,1
cp_tutorial_advanced_segmentation_final,1,12,1791400755.516133,1717600,worker_0,W010,EnhanceOrSuppressFeatures,step_completed,success,31.25,5,16
cp_tutorial_advanced_segmentation_final,1,12,1791400755.5166852,1717600,worker_0,W010,MaskImage,step_started,started,31.25,5,16
cp_tutorial_advanced_segmentation_final,1,12,1791400755.5241113,1717600,worker_0,W010,MaskImage,pattern_group,running,100.0,1,1
cp_tutorial_advanced_segmentation_final,1,12,1791400755.5242305,1717600,worker_0,W010,MaskImage,step_completed,success,37.5,6,16
cp_tutorial_advanced_segmentation_final,1,12,1791400755.5249398,1717600,worker_0,W010,IdentifyPrimaryObjects,step_started,started,37.5,6,16
cp_tutorial_advanced_segmentation_final,1,12,1791400755.5995507,1717600,worker_0,W010,IdentifyPrimaryObjects,pattern_group,running,100.0,1,1
cp_tutorial_advanced_segmentation_final,1,12,1791400755.6001244,1717600,worker_0,W010,IdentifyPrimaryObjects,step_completed,success,43.75,7,16
cp_tutorial_advanced_segmentation_final,1,12,1791400755.6011004,1717600,worker_0,W010,MaskImage,step_started,started,43.75,7,16
cp_tutorial_advanced_segmentation_final,1,12,1791400755.611123,1717600,worker_0,W010,MaskImage,pattern_group,running,100.0,1,1
cp_tutorial_advanced_segmentation_final,1,12,1791400755.6112573,1717600,worker_0,W010,MaskImage,step_completed,success,50.0,8,16
cp_tutorial_advanced_segmentation_final,1,12,1791400755.6118193,1717600,worker_0,W010,IdentifyPrimaryObjects,step_started,started,50.0,8,16
cp_tutorial_advanced_segmentation_final,1,12,1791400755.697118,1717600,worker_0,W010,IdentifyPrimaryObjects,pattern_group,running,100.0,1,1
cp_tutorial_advanced_segmentation_final,1,12,1791400755.697793,1717600,worker_0,W010,IdentifyPrimaryObjects,step_completed,success,56.25,9,16
cp_tutorial_advanced_segmentation_final,1,12,1791400755.6987545,1717600,worker_0,W010,MeasureColocalization,step_started,started,56.25,9,16
cp_tutorial_advanced_segmentation_final,1,12,1791400756.3896766,1717600,worker_0,W010,MeasureColocalization,pattern_group,running,50.0,1,2
cp_tutorial_advanced_segmentation_final,1,12,1791400757.0518713,1717600,worker_0,W010,MeasureColocalization,pattern_group,running,100.0,2,2
cp_tutorial_advanced_segmentation_final,1,12,1791400757.0567236,1717600,worker_0,W010,MeasureColocalization,step_completed,success,62.5,10,16
cp_tutorial_advanced_segmentation_final,1,12,1791400757.0573797,1717600,worker_0,W010,MeasureObjectIntensity,step_started,started,62.5,10,16
cp_tutorial_advanced_segmentation_final,1,12,1791400757.4899788,1717600,worker_0,W010,MeasureObjectIntensity,pattern_group,running,50.0,1,2
cp_tutorial_advanced_segmentation_final,1,12,1791400757.5958562,1717600,worker_0,W010,MeasureObjectIntensity,pattern_group,running,100.0,2,2
cp_tutorial_advanced_segmentation_final,1,12,1791400757.5989807,1717600,worker_0,W010,MeasureObjectIntensity,step_completed,success,68.75,11,16
cp_tutorial_advanced_segmentation_final,1,12,1791400757.59983,1717600,worker_0,W010,MeasureObjectIntensityDistribution,step_started,started,68.75,11,16
cp_tutorial_advanced_segmentation_final,1,12,1791400757.7112284,1717600,worker_0,W010,MeasureObjectIntensityDistribution,pattern_group,running,50.0,1,2
cp_tutorial_advanced_segmentation_final,1,12,1791400757.7564623,1717600,worker_0,W010,MeasureObjectIntensityDistribution,pattern_group,running,100.0,2,2
cp_tutorial_advanced_segmentation_final,1,12,1791400757.7592077,1717600,worker_0,W010,MeasureObjectIntensityDistribution,step_completed,success,75.0,12,16
cp_tutorial_advanced_segmentation_final,1,12,1791400757.7603796,1717600,worker_0,W010,MeasureObjectSizeShape,step_started,started,75.0,12,16
cp_tutorial_advanced_segmentation_final,1,12,1791400758.145308,1717600,worker_0,W010,MeasureObjectSizeShape,pattern_group,running,25.0,1,4
cp_tutorial_advanced_segmentation_final,1,12,1791400758.242499,1717600,worker_0,W010,MeasureObjectSizeShape,pattern_group,running,50.0,2,4
cp_tutorial_advanced_segmentation_final,1,12,1791400758.3262415,1717600,worker_0,W010,MeasureObjectSizeShape,pattern_group,running,75.0,3,4
cp_tutorial_advanced_segmentation_final,1,12,1791400758.3674335,1717600,worker_0,W010,MeasureObjectSizeShape,pattern_group,running,100.0,4,4
cp_tutorial_advanced_segmentation_final,1,12,1791400758.3729277,1717600,worker_0,W010,MeasureObjectSizeShape,step_completed,success,81.25,13,16
cp_tutorial_advanced_segmentation_final,1,12,1791400758.3738272,1717600,worker_0,W010,MeasureObjectNeighbors,step_started,started,81.25,13,16
cp_tutorial_advanced_segmentation_final,1,12,1791400758.4379635,1717600,worker_0,W010,MeasureObjectNeighbors,pattern_group,running,33.33333333333333,1,3
cp_tutorial_advanced_segmentation_final,1,12,1791400758.480937,1717600,worker_0,W010,MeasureObjectNeighbors,pattern_group,running,66.66666666666666,2,3
cp_tutorial_advanced_segmentation_final,1,12,1791400758.547207,1717600,worker_0,W010,MeasureObjectNeighbors,pattern_group,running,100.0,3,3
cp_tutorial_advanced_segmentation_final,1,12,1791400758.548276,1717600,worker_0,W010,MeasureObjectNeighbors,step_completed,success,87.5,14,16
cp_tutorial_advanced_segmentation_final,1,12,1791400758.5489256,1717600,worker_0,W010,RelateObjects,step_started,started,87.5,14,16
cp_tutorial_advanced_segmentation_final,1,12,1791400758.7432184,1717600,worker_0,W010,RelateObjects,pattern_group,running,50.0,1,2
cp_tutorial_advanced_segmentation_final,1,12,1791400759.1459959,1717600,worker_0,W010,RelateObjects,pattern_group,running,100.0,2,2
cp_tutorial_advanced_segmentation_final,1,12,1791400759.150889,1717600,worker_0,W010,RelateObjects,step_completed,success,93.75,15,16
cp_tutorial_advanced_segmentation_final,1,12,1791400759.152711,1717600,worker_0,W010,pipeline,axis_completed,success,93.75,15,16
cp_tutorial_advanced_segmentation_final,1,12,1791400759.1527603,1717600,worker_0,W011,pipeline,axis_started,started,0.0,0,16
cp_tutorial_advanced_segmentation_final,1,12,1791400759.1564386,1717600,worker_0,W011,CorrectIlluminationApply,step_started,started,0.0,0,16
cp_tutorial_advanced_segmentation_final,1,12,1791400759.2152555,1717600,worker_0,W011,CorrectIlluminationApply,pattern_group,running,20.0,1,5
cp_tutorial_advanced_segmentation_final,1,12,1791400759.2412393,1717600,worker_0,W011,CorrectIlluminationApply,pattern_group,running,40.0,2,5
cp_tutorial_advanced_segmentation_final,1,12,1791400759.267584,1717600,worker_0,W011,CorrectIlluminationApply,pattern_group,running,60.0,3,5
cp_tutorial_advanced_segmentation_final,1,12,1791400759.2942088,1717600,worker_0,W011,CorrectIlluminationApply,pattern_group,running,80.0,4,5
cp_tutorial_advanced_segmentation_final,1,12,1791400759.32117,1717600,worker_0,W011,CorrectIlluminationApply,pattern_group,running,100.0,5,5
cp_tutorial_advanced_segmentation_final,1,12,1791400759.3213694,1717600,worker_0,W011,CorrectIlluminationApply,step_completed,success,6.25,1,16
cp_tutorial_advanced_segmentation_final,1,12,1791400759.3218696,1717600,worker_0,W011,IdentifyPrimaryObjects,step_started,started,6.25,1,16
cp_tutorial_advanced_segmentation_final,1,12,1791400759.4214637,1717600,worker_0,W011,IdentifyPrimaryObjects,pattern_group,running,100.0,1,1
cp_tutorial_advanced_segmentation_final,1,12,1791400759.4220061,1717600,worker_0,W011,IdentifyPrimaryObjects,step_completed,success,12.5,2,16
cp_tutorial_advanced_segmentation_final,1,12,1791400759.4227898,1717600,worker_0,W011,IdentifySecondaryObjects,step_started,started,12.5,2,16
cp_tutorial_advanced_segmentation_final,1,12,1791400759.6553395,1717600,worker_0,W011,IdentifySecondaryObjects,pattern_group,running,100.0,1,1
cp_tutorial_advanced_segmentation_final,1,12,1791400759.6559174,1717600,worker_0,W011,IdentifySecondaryObjects,step_completed,success,18.75,3,16
cp_tutorial_advanced_segmentation_final,1,12,1791400759.6565993,1717600,worker_0,W011,IdentifyTertiaryObjects,step_started,started,18.75,3,16
cp_tutorial_advanced_segmentation_final,1,12,1791400759.7010632,1717600,worker_0,W011,IdentifyTertiaryObjects,pattern_group,running,100.0,1,1
cp_tutorial_advanced_segmentation_final,1,12,1791400759.7014382,1717600,worker_0,W011,IdentifyTertiaryObjects,step_completed,success,25.0,4,16
cp_tutorial_advanced_segmentation_final,1,12,1791400759.7021518,1717600,worker_0,W011,EnhanceOrSuppressFeatures,step_started,started,25.0,4,16
cp_tutorial_advanced_segmentation_final,1,12,1791400759.7123976,1717600,worker_0,W011,EnhanceOrSuppressFeatures,pattern_group,running,100.0,1,1
cp_tutorial_advanced_segmentation_final,1,12,1791400759.712522,1717600,worker_0,W011,EnhanceOrSuppressFeatures,step_completed,success,31.25,5,16
cp_tutorial_advanced_segmentation_final,1,12,1791400759.7130651,1717600,worker_0,W011,MaskImage,step_started,started,31.25,5,16
cp_tutorial_advanced_segmentation_final,1,12,1791400759.816947,1717600,worker_0,W011,MaskImage,pattern_group,running,100.0,1,1
cp_tutorial_advanced_segmentation_final,1,12,1791400759.817082,1717600,worker_0,W011,MaskImage,step_completed,success,37.5,6,16
cp_tutorial_advanced_segmentation_final,1,12,1791400759.8177888,1717600,worker_0,W011,IdentifyPrimaryObjects,step_started,started,37.5,6,16
cp_tutorial_advanced_segmentation_final,1,12,1791400759.89307,1717600,worker_0,W011,IdentifyPrimaryObjects,pattern_group,running,100.0,1,1
cp_tutorial_advanced_segmentation_final,1,12,1791400759.8936193,1717600,worker_0,W011,IdentifyPrimaryObjects,step_completed,success,43.75,7,16
cp_tutorial_advanced_segmentation_final,1,12,1791400759.8945456,1717600,worker_0,W011,MaskImage,step_started,started,43.75,7,16
cp_tutorial_advanced_segmentation_final,1,12,1791400759.9057503,1717600,worker_0,W011,MaskImage,pattern_group,running,100.0,1,1
cp_tutorial_advanced_segmentation_final,1,12,1791400759.9058907,1717600,worker_0,W011,MaskImage,step_completed,success,50.0,8,16
cp_tutorial_advanced_segmentation_final,1,12,1791400759.9064548,1717600,worker_0,W011,IdentifyPrimaryObjects,step_started,started,50.0,8,16
cp_tutorial_advanced_segmentation_final,1,12,1791400759.993287,1717600,worker_0,W011,IdentifyPrimaryObjects,pattern_group,running,100.0,1,1
cp_tutorial_advanced_segmentation_final,1,12,1791400759.9938266,1717600,worker_0,W011,IdentifyPrimaryObjects,step_completed,success,56.25,9,16
cp_tutorial_advanced_segmentation_final,1,12,1791400759.9947813,1717600,worker_0,W011,MeasureColocalization,step_started,started,56.25,9,16
cp_tutorial_advanced_segmentation_final,1,12,1791400760.6885505,1717600,worker_0,W011,MeasureColocalization,pattern_group,running,50.0,1,2
cp_tutorial_advanced_segmentation_final,1,12,1791400761.3489075,1717600,worker_0,W011,MeasureColocalization,pattern_group,running,100.0,2,2
cp_tutorial_advanced_segmentation_final,1,12,1791400761.3537087,1717600,worker_0,W011,MeasureColocalization,step_completed,success,62.5,10,16
cp_tutorial_advanced_segmentation_final,1,12,1791400761.354358,1717600,worker_0,W011,MeasureObjectIntensity,step_started,started,62.5,10,16
cp_tutorial_advanced_segmentation_final,1,12,1791400761.7862964,1717600,worker_0,W011,MeasureObjectIntensity,pattern_group,running,50.0,1,2
cp_tutorial_advanced_segmentation_final,1,12,1791400761.8915942,1717600,worker_0,W011,MeasureObjectIntensity,pattern_group,running,100.0,2,2
cp_tutorial_advanced_segmentation_final,1,12,1791400761.8947256,1717600,worker_0,W011,MeasureObjectIntensity,step_completed,success,68.75,11,16
cp_tutorial_advanced_segmentation_final,1,12,1791400761.8955736,1717600,worker_0,W011,MeasureObjectIntensityDistribution,step_started,started,68.75,11,16
cp_tutorial_advanced_segmentation_final,1,12,1791400762.0078661,1717600,worker_0,W011,MeasureObjectIntensityDistribution,pattern_group,running,50.0,1,2
cp_tutorial_advanced_segmentation_final,1,12,1791400762.052584,1717600,worker_0,W011,MeasureObjectIntensityDistribution,pattern_group,running,100.0,2,2
cp_tutorial_advanced_segmentation_final,1,12,1791400762.055225,1717600,worker_0,W011,MeasureObjectIntensityDistribution,step_completed,success,75.0,12,16
cp_tutorial_advanced_segmentation_final,1,12,1791400762.0561576,1717600,worker_0,W011,MeasureObjectSizeShape,step_started,started,75.0,12,16
cp_tutorial_advanced_segmentation_final,1,12,1791400762.4377975,1717600,worker_0,W011,MeasureObjectSizeShape,pattern_group,running,25.0,1,4
cp_tutorial_advanced_segmentation_final,1,12,1791400762.5334299,1717600,worker_0,W011,MeasureObjectSizeShape,pattern_group,running,50.0,2,4
cp_tutorial_advanced_segmentation_final,1,12,1791400762.6164017,1717600,worker_0,W011,MeasureObjectSizeShape,pattern_group,running,75.0,3,4
cp_tutorial_advanced_segmentation_final,1,12,1791400762.6565225,1717600,worker_0,W011,MeasureObjectSizeShape,pattern_group,running,100.0,4,4
cp_tutorial_advanced_segmentation_final,1,12,1791400762.661529,1717600,worker_0,W011,MeasureObjectSizeShape,step_completed,success,81.25,13,16
cp_tutorial_advanced_segmentation_final,1,12,1791400762.6628604,1717600,worker_0,W011,MeasureObjectNeighbors,step_started,started,81.25,13,16
cp_tutorial_advanced_segmentation_final,1,12,1791400762.726627,1717600,worker_0,W011,MeasureObjectNeighbors,pattern_group,running,33.33333333333333,1,3
cp_tutorial_advanced_segmentation_final,1,12,1791400762.7689073,1717600,worker_0,W011,MeasureObjectNeighbors,pattern_group,running,66.66666666666666,2,3
cp_tutorial_advanced_segmentation_final,1,12,1791400762.8351674,1717600,worker_0,W011,MeasureObjectNeighbors,pattern_group,running,100.0,3,3
cp_tutorial_advanced_segmentation_final,1,12,1791400762.8362281,1717600,worker_0,W011,MeasureObjectNeighbors,step_completed,success,87.5,14,16
cp_tutorial_advanced_segmentation_final,1,12,1791400762.8368788,1717600,worker_0,W011,RelateObjects,step_started,started,87.5,14,16
cp_tutorial_advanced_segmentation_final,1,12,1791400763.0300763,1717600,worker_0,W011,RelateObjects,pattern_group,running,50.0,1,2
cp_tutorial_advanced_segmentation_final,1,12,1791400763.42832,1717600,worker_0,W011,RelateObjects,pattern_group,running,100.0,2,2
cp_tutorial_advanced_segmentation_final,1,12,1791400763.433219,1717600,worker_0,W011,RelateObjects,step_completed,success,93.75,15,16
cp_tutorial_advanced_segmentation_final,1,12,1791400763.4351044,1717600,worker_0,W011,pipeline,axis_completed,success,93.75,15,16
cp_tutorial_advanced_segmentation_final,1,12,1791400763.4351578,1717600,worker_0,W012,pipeline,axis_started,started,0.0,0,16
cp_tutorial_advanced_segmentation_final,1,12,1791400763.4391806,1717600,worker_0,W012,CorrectIlluminationApply,step_started,started,0.0,0,16
cp_tutorial_advanced_segmentation_final,1,12,1791400763.4975212,1717600,worker_0,W012,CorrectIlluminationApply,pattern_group,running,20.0,1,5
cp_tutorial_advanced_segmentation_final,1,12,1791400763.524824,1717600,worker_0,W012,CorrectIlluminationApply,pattern_group,running,40.0,2,5
cp_tutorial_advanced_segmentation_final,1,12,1791400763.55197,1717600,worker_0,W012,CorrectIlluminationApply,pattern_group,running,60.0,3,5
cp_tutorial_advanced_segmentation_final,1,12,1791400763.5803835,1717600,worker_0,W012,CorrectIlluminationApply,pattern_group,running,80.0,4,5
cp_tutorial_advanced_segmentation_final,1,12,1791400763.6079073,1717600,worker_0,W012,CorrectIlluminationApply,pattern_group,running,100.0,5,5
cp_tutorial_advanced_segmentation_final,1,12,1791400763.6081038,1717600,worker_0,W012,CorrectIlluminationApply,step_completed,success,6.25,1,16
cp_tutorial_advanced_segmentation_final,1,12,1791400763.6086092,1717600,worker_0,W012,IdentifyPrimaryObjects,step_started,started,6.25,1,16
cp_tutorial_advanced_segmentation_final,1,12,1791400763.708449,1717600,worker_0,W012,IdentifyPrimaryObjects,pattern_group,running,100.0,1,1
cp_tutorial_advanced_segmentation_final,1,12,1791400763.7090063,1717600,worker_0,W012,IdentifyPrimaryObjects,step_completed,success,12.5,2,16
cp_tutorial_advanced_segmentation_final,1,12,1791400763.7098045,1717600,worker_0,W012,IdentifySecondaryObjects,step_started,started,12.5,2,16
cp_tutorial_advanced_segmentation_final,1,12,1791400763.9470396,1717600,worker_0,W012,IdentifySecondaryObjects,pattern_group,running,100.0,1,1
cp_tutorial_advanced_segmentation_final,1,12,1791400763.9476693,1717600,worker_0,W012,IdentifySecondaryObjects,step_completed,success,18.75,3,16
cp_tutorial_advanced_segmentation_final,1,12,1791400763.9484265,1717600,worker_0,W012,IdentifyTertiaryObjects,step_started,started,18.75,3,16
cp_tutorial_advanced_segmentation_final,1,12,1791400763.9920816,1717600,worker_0,W012,IdentifyTertiaryObjects,pattern_group,running,100.0,1,1
cp_tutorial_advanced_segmentation_final,1,12,1791400763.992564,1717600,worker_0,W012,IdentifyTertiaryObjects,step_completed,success,25.0,4,16
cp_tutorial_advanced_segmentation_final,1,12,1791400763.9933136,1717600,worker_0,W012,EnhanceOrSuppressFeatures,step_started,started,25.0,4,16
cp_tutorial_advanced_segmentation_final,1,12,1791400764.0037973,1717600,worker_0,W012,EnhanceOrSuppressFeatures,pattern_group,running,100.0,1,1
cp_tutorial_advanced_segmentation_final,1,12,1791400764.0039291,1717600,worker_0,W012,EnhanceOrSuppressFeatures,step_completed,success,31.25,5,16
cp_tutorial_advanced_segmentation_final,1,12,1791400764.004481,1717600,worker_0,W012,MaskImage,step_started,started,31.25,5,16
cp_tutorial_advanced_segmentation_final,1,12,1791400764.0125659,1717600,worker_0,W012,MaskImage,pattern_group,running,100.0,1,1
cp_tutorial_advanced_segmentation_final,1,12,1791400764.0127063,1717600,worker_0,W012,MaskImage,step_completed,success,37.5,6,16
cp_tutorial_advanced_segmentation_final,1,12,1791400764.0135891,1717600,worker_0,W012,IdentifyPrimaryObjects,step_started,started,37.5,6,16
cp_tutorial_advanced_segmentation_final,1,12,1791400764.08589,1717600,worker_0,W012,IdentifyPrimaryObjects,pattern_group,running,100.0,1,1
cp_tutorial_advanced_segmentation_final,1,12,1791400764.0864372,1717600,worker_0,W012,IdentifyPrimaryObjects,step_completed,success,43.75,7,16
cp_tutorial_advanced_segmentation_final,1,12,1791400764.0873682,1717600,worker_0,W012,MaskImage,step_started,started,43.75,7,16
cp_tutorial_advanced_segmentation_final,1,12,1791400764.0985937,1717600,worker_0,W012,MaskImage,pattern_group,running,100.0,1,1
cp_tutorial_advanced_segmentation_final,1,12,1791400764.0987337,1717600,worker_0,W012,MaskImage,step_completed,success,50.0,8,16
cp_tutorial_advanced_segmentation_final,1,12,1791400764.09929,1717600,worker_0,W012,IdentifyPrimaryObjects,step_started,started,50.0,8,16
cp_tutorial_advanced_segmentation_final,1,12,1791400764.185437,1717600,worker_0,W012,IdentifyPrimaryObjects,pattern_group,running,100.0,1,1
cp_tutorial_advanced_segmentation_final,1,12,1791400764.1859872,1717600,worker_0,W012,IdentifyPrimaryObjects,step_completed,success,56.25,9,16
cp_tutorial_advanced_segmentation_final,1,12,1791400764.1869497,1717600,worker_0,W012,MeasureColocalization,step_started,started,56.25,9,16
cp_tutorial_advanced_segmentation_final,1,12,1791400764.8653245,1717600,worker_0,W012,MeasureColocalization,pattern_group,running,50.0,1,2
cp_tutorial_advanced_segmentation_final,1,12,1791400765.5208733,1717600,worker_0,W012,MeasureColocalization,pattern_group,running,100.0,2,2
cp_tutorial_advanced_segmentation_final,1,12,1791400765.5257337,1717600,worker_0,W012,MeasureColocalization,step_completed,success,62.5,10,16
cp_tutorial_advanced_segmentation_final,1,12,1791400765.526335,1717600,worker_0,W012,MeasureObjectIntensity,step_started,started,62.5,10,16
cp_tutorial_advanced_segmentation_final,1,12,1791400765.9590418,1717600,worker_0,W012,MeasureObjectIntensity,pattern_group,running,50.0,1,2
cp_tutorial_advanced_segmentation_final,1,12,1791400766.0645149,1717600,worker_0,W012,MeasureObjectIntensity,pattern_group,running,100.0,2,2
cp_tutorial_advanced_segmentation_final,1,12,1791400766.067712,1717600,worker_0,W012,MeasureObjectIntensity,step_completed,success,68.75,11,16
cp_tutorial_advanced_segmentation_final,1,12,1791400766.0685632,1717600,worker_0,W012,MeasureObjectIntensityDistribution,step_started,started,68.75,11,16
cp_tutorial_advanced_segmentation_final,1,12,1791400766.1827042,1717600,worker_0,W012,MeasureObjectIntensityDistribution,pattern_group,running,50.0,1,2
cp_tutorial_advanced_segmentation_final,1,12,1791400766.2277377,1717600,worker_0,W012,MeasureObjectIntensityDistribution,pattern_group,running,100.0,2,2
cp_tutorial_advanced_segmentation_final,1,12,1791400766.2303858,1717600,worker_0,W012,MeasureObjectIntensityDistribution,step_completed,success,75.0,12,16
cp_tutorial_advanced_segmentation_final,1,12,1791400766.2313085,1717600,worker_0,W012,MeasureObjectSizeShape,step_started,started,75.0,12,16
cp_tutorial_advanced_segmentation_final,1,12,1791400766.6066475,1717600,worker_0,W012,MeasureObjectSizeShape,pattern_group,running,25.0,1,4
cp_tutorial_advanced_segmentation_final,1,12,1791400766.6988928,1717600,worker_0,W012,MeasureObjectSizeShape,pattern_group,running,50.0,2,4
cp_tutorial_advanced_segmentation_final,1,12,1791400766.7819638,1717600,worker_0,W012,MeasureObjectSizeShape,pattern_group,running,75.0,3,4
cp_tutorial_advanced_segmentation_final,1,12,1791400766.8226712,1717600,worker_0,W012,MeasureObjectSizeShape,pattern_group,running,100.0,4,4
cp_tutorial_advanced_segmentation_final,1,12,1791400766.8277824,1717600,worker_0,W012,MeasureObjectSizeShape,step_completed,success,81.25,13,16
cp_tutorial_advanced_segmentation_final,1,12,1791400766.828667,1717600,worker_0,W012,MeasureObjectNeighbors,step_started,started,81.25,13,16
cp_tutorial_advanced_segmentation_final,1,12,1791400766.8916445,1717600,worker_0,W012,MeasureObjectNeighbors,pattern_group,running,33.33333333333333,1,3
cp_tutorial_advanced_segmentation_final,1,12,1791400766.9347157,1717600,worker_0,W012,MeasureObjectNeighbors,pattern_group,running,66.66666666666666,2,3
cp_tutorial_advanced_segmentation_final,1,12,1791400767.0021353,1717600,worker_0,W012,MeasureObjectNeighbors,pattern_group,running,100.0,3,3
cp_tutorial_advanced_segmentation_final,1,12,1791400767.0032358,1717600,worker_0,W012,MeasureObjectNeighbors,step_completed,success,87.5,14,16
cp_tutorial_advanced_segmentation_final,1,12,1791400767.0043786,1717600,worker_0,W012,RelateObjects,step_started,started,87.5,14,16
cp_tutorial_advanced_segmentation_final,1,12,1791400767.198574,1717600,worker_0,W012,RelateObjects,pattern_group,running,50.0,1,2
cp_tutorial_advanced_segmentation_final,1,12,1791400767.5990007,1717600,worker_0,W012,RelateObjects,pattern_group,running,100.0,2,2
cp_tutorial_advanced_segmentation_final,1,12,1791400767.6038795,1717600,worker_0,W012,RelateObjects,step_completed,success,93.75,15,16
cp_tutorial_advanced_segmentation_final,1,12,1791400767.606198,1717600,worker_0,W012,pipeline,axis_completed,success,93.75,15,16
cp_tutorial_advanced_segmentation_final,1,12,1791400767.6293285,1717600,,,ExportToDatabase,step_started,started,93.75,15,16
cp_tutorial_advanced_segmentation_final,1,12,1791400769.6381369,1717600,,,ExportToDatabase,running,running,93.75,15,16
cp_tutorial_advanced_segmentation_final,1,12,1791400771.6406908,1717600,,,ExportToDatabase,running,running,93.75,15,16
cp_tutorial_advanced_segmentation_final,1,12,1791400773.6408055,1717600,,,ExportToDatabase,running,running,93.75,15,16
cp_tutorial_advanced_segmentation_final,1,12,1791400775.6434207,1717600,,,ExportToDatabase,running,running,93.75,15,16
cp_tutorial_advanced_segmentation_final,1,12,1791400777.6477385,1717600,,,ExportToDatabase,running,running,93.75,15,16
cp_tutorial_advanced_segmentation_final,1,12,1791400778.538631,1717600,,,ExportToDatabase,step_completed,success,100.0,16,16
cp_tutorial_advanced_segmentation_final,1,12,1791400778.540451,1717600,,,pipeline,success,success,100.0,16,16
