case_name,worker_count,well_count,timestamp,pid,worker_slot,axis_id,step_name,phase,status,percent,completed,total
cp_tutorial_3d_monolayer,4,16,1791316364.9933708,2664659,,,pipeline,compile,started,0.0,0,31
cp_tutorial_3d_monolayer,4,16,1791316365.6291876,2664659,,,,init,started,0.0,0,1
cp_tutorial_3d_monolayer,4,16,1791316366.2804508,2664659,,W001,compilation,compile,running,6.25,1,16
cp_tutorial_3d_monolayer,4,16,1791316366.336089,2664659,,W002,compilation,compile,running,12.5,2,16
cp_tutorial_3d_monolayer,4,16,1791316366.3929334,2664659,,W003,compilation,compile,running,18.75,3,16
cp_tutorial_3d_monolayer,4,16,1791316366.4480433,2664659,,W004,compilation,compile,running,25.0,4,16
cp_tutorial_3d_monolayer,4,16,1791316366.502945,2664659,,W005,compilation,compile,running,31.25,5,16
cp_tutorial_3d_monolayer,4,16,1791316366.5592542,2664659,,W006,compilation,compile,running,37.5,6,16
cp_tutorial_3d_monolayer,4,16,1791316366.613385,2664659,,W007,compilation,compile,running,43.75,7,16
cp_tutorial_3d_monolayer,4,16,1791316366.6688364,2664659,,W008,compilation,compile,running,50.0,8,16
cp_tutorial_3d_monolayer,4,16,1791316366.723918,2664659,,W009,compilation,compile,running,56.25,9,16
cp_tutorial_3d_monolayer,4,16,1791316366.779154,2664659,,W010,compilation,compile,running,62.5,10,16
cp_tutorial_3d_monolayer,4,16,1791316366.8341577,2664659,,W011,compilation,compile,running,68.75,11,16
cp_tutorial_3d_monolayer,4,16,1791316366.8881657,2664659,,W012,compilation,compile,running,75.0,12,16
cp_tutorial_3d_monolayer,4,16,1791316366.9445064,2664659,,W013,compilation,compile,running,81.25,13,16
cp_tutorial_3d_monolayer,4,16,1791316367.0000772,2664659,,W014,compilation,compile,running,87.5,14,16
cp_tutorial_3d_monolayer,4,16,1791316367.0546908,2664659,,W015,compilation,compile,running,93.75,15,16
cp_tutorial_3d_monolayer,4,16,1791316367.108849,2664659,,W016,compilation,compile,running,100.0,16,16
cp_tutorial_3d_monolayer,4,16,1791316367.138449,2664659,,,,init,started,0.0,0,1
cp_tutorial_3d_monolayer,4,16,1791316367.138542,2664659,,,pipeline,compile,success,100.0,1,31
cp_tutorial_3d_monolayer,4,16,1791316367.138597,2664659,,W001,compilation,compile,success,100.0,1,1
cp_tutorial_3d_monolayer,4,16,1791316367.138627,2664659,,W002,compilation,compile,success,100.0,1,1
cp_tutorial_3d_monolayer,4,16,1791316367.138653,2664659,,W003,compilation,compile,success,100.0,1,1
cp_tutorial_3d_monolayer,4,16,1791316367.138677,2664659,,W004,compilation,compile,success,100.0,1,1
cp_tutorial_3d_monolayer,4,16,1791316367.1387007,2664659,,W005,compilation,compile,success,100.0,1,1
cp_tutorial_3d_monolayer,4,16,1791316367.1387239,2664659,,W006,compilation,compile,success,100.0,1,1
cp_tutorial_3d_monolayer,4,16,1791316367.1387475,2664659,,W007,compilation,compile,success,100.0,1,1
cp_tutorial_3d_monolayer,4,16,1791316367.138771,2664659,,W008,compilation,compile,success,100.0,1,1
cp_tutorial_3d_monolayer,4,16,1791316367.1387944,2664659,,W009,compilation,compile,success,100.0,1,1
cp_tutorial_3d_monolayer,4,16,1791316367.1388178,2664659,,W010,compilation,compile,success,100.0,1,1
cp_tutorial_3d_monolayer,4,16,1791316367.138841,2664659,,W011,compilation,compile,success,100.0,1,1
cp_tutorial_3d_monolayer,4,16,1791316367.1388643,2664659,,W012,compilation,compile,success,100.0,1,1
cp_tutorial_3d_monolayer,4,16,1791316367.1388884,2664659,,W013,compilation,compile,success,100.0,1,1
cp_tutorial_3d_monolayer,4,16,1791316367.1389122,2664659,,W014,compilation,compile,success,100.0,1,1
cp_tutorial_3d_monolayer,4,16,1791316367.138936,2664659,,W015,compilation,compile,success,100.0,1,1
cp_tutorial_3d_monolayer,4,16,1791316367.1389596,2664659,,W016,compilation,compile,success,100.0,1,1
cp_tutorial_3d_monolayer,4,16,1791316367.1895695,2664659,,,,init,started,0.0,0,1
cp_tutorial_3d_monolayer,4,16,1791316367.2247944,2738516,worker_0,W001,pipeline,axis_started,started,0.0,0,31
cp_tutorial_3d_monolayer,4,16,1791316367.2253928,2738516,worker_0,W001,RescaleIntensity,step_started,started,0.0,0,31
cp_tutorial_3d_monolayer,4,16,1791316367.2395191,2738518,worker_1,W002,pipeline,axis_started,started,0.0,0,31
cp_tutorial_3d_monolayer,4,16,1791316367.2399628,2738518,worker_1,W002,RescaleIntensity,step_started,started,0.0,0,31
cp_tutorial_3d_monolayer,4,16,1791316367.2635152,2738520,worker_2,W003,pipeline,axis_started,started,0.0,0,31
cp_tutorial_3d_monolayer,4,16,1791316367.263995,2738520,worker_2,W003,RescaleIntensity,step_started,started,0.0,0,31
cp_tutorial_3d_monolayer,4,16,1791316367.2860742,2738522,worker_3,W004,pipeline,axis_started,started,0.0,0,31
cp_tutorial_3d_monolayer,4,16,1791316367.2865067,2738522,worker_3,W004,RescaleIntensity,step_started,started,0.0,0,31
cp_tutorial_3d_monolayer,4,16,1791316367.6962802,2738518,worker_1,W002,RescaleIntensity,pattern_group,running,100.0,1,1
cp_tutorial_3d_monolayer,4,16,1791316367.6975002,2738518,worker_1,W002,RescaleIntensity,step_completed,success,3.225806451612903,1,31
cp_tutorial_3d_monolayer,4,16,1791316367.6975853,2738518,worker_1,W002,Resize,step_started,started,3.225806451612903,1,31
cp_tutorial_3d_monolayer,4,16,1791316367.701033,2738516,worker_0,W001,RescaleIntensity,pattern_group,running,100.0,1,1
cp_tutorial_3d_monolayer,4,16,1791316367.7020116,2738516,worker_0,W001,RescaleIntensity,step_completed,success,3.225806451612903,1,31
cp_tutorial_3d_monolayer,4,16,1791316367.7020562,2738516,worker_0,W001,Resize,step_started,started,3.225806451612903,1,31
cp_tutorial_3d_monolayer,4,16,1791316367.722958,2738520,worker_2,W003,RescaleIntensity,pattern_group,running,100.0,1,1
cp_tutorial_3d_monolayer,4,16,1791316367.7240655,2738520,worker_2,W003,RescaleIntensity,step_completed,success,3.225806451612903,1,31
cp_tutorial_3d_monolayer,4,16,1791316367.72412,2738520,worker_2,W003,Resize,step_started,started,3.225806451612903,1,31
cp_tutorial_3d_monolayer,4,16,1791316367.7466688,2738522,worker_3,W004,RescaleIntensity,pattern_group,running,100.0,1,1
cp_tutorial_3d_monolayer,4,16,1791316367.7476869,2738522,worker_3,W004,RescaleIntensity,step_completed,success,3.225806451612903,1,31
cp_tutorial_3d_monolayer,4,16,1791316367.7477381,2738522,worker_3,W004,Resize,step_started,started,3.225806451612903,1,31
cp_tutorial_3d_monolayer,4,16,1791316367.7811282,2738518,worker_1,W002,Resize,pattern_group,running,100.0,1,1
cp_tutorial_3d_monolayer,4,16,1791316367.78134,2738518,worker_1,W002,Resize,step_completed,success,6.451612903225806,2,31
cp_tutorial_3d_monolayer,4,16,1791316367.781364,2738518,worker_1,W002,MedianFilter,step_started,started,6.451612903225806,2,31
cp_tutorial_3d_monolayer,4,16,1791316367.7818542,2738516,worker_0,W001,Resize,pattern_group,running,100.0,1,1
cp_tutorial_3d_monolayer,4,16,1791316367.782043,2738516,worker_0,W001,Resize,step_completed,success,6.451612903225806,2,31
cp_tutorial_3d_monolayer,4,16,1791316367.782065,2738516,worker_0,W001,MedianFilter,step_started,started,6.451612903225806,2,31
cp_tutorial_3d_monolayer,4,16,1791316367.7970324,2738520,worker_2,W003,Resize,pattern_group,running,100.0,1,1
cp_tutorial_3d_monolayer,4,16,1791316367.7972,2738520,worker_2,W003,Resize,step_completed,success,6.451612903225806,2,31
cp_tutorial_3d_monolayer,4,16,1791316367.7972217,2738520,worker_2,W003,MedianFilter,step_started,started,6.451612903225806,2,31
cp_tutorial_3d_monolayer,4,16,1791316367.8196275,2738522,worker_3,W004,Resize,pattern_group,running,100.0,1,1
cp_tutorial_3d_monolayer,4,16,1791316367.8198025,2738522,worker_3,W004,Resize,step_completed,success,6.451612903225806,2,31
cp_tutorial_3d_monolayer,4,16,1791316367.819824,2738522,worker_3,W004,MedianFilter,step_started,started,6.451612903225806,2,31
cp_tutorial_3d_monolayer,4,16,1791316367.9553103,2738516,worker_0,W001,MedianFilter,pattern_group,running,100.0,1,1
cp_tutorial_3d_monolayer,4,16,1791316367.9554627,2738516,worker_0,W001,MedianFilter,step_completed,success,9.67741935483871,3,31
cp_tutorial_3d_monolayer,4,16,1791316367.9554815,2738516,worker_0,W001,Threshold,step_started,started,9.67741935483871,3,31
cp_tutorial_3d_monolayer,4,16,1791316367.959496,2738518,worker_1,W002,MedianFilter,pattern_group,running,100.0,1,1
cp_tutorial_3d_monolayer,4,16,1791316367.9596462,2738518,worker_1,W002,MedianFilter,step_completed,success,9.67741935483871,3,31
cp_tutorial_3d_monolayer,4,16,1791316367.9596658,2738518,worker_1,W002,Threshold,step_started,started,9.67741935483871,3,31
cp_tutorial_3d_monolayer,4,16,1791316367.9661896,2738520,worker_2,W003,MedianFilter,pattern_group,running,100.0,1,1
cp_tutorial_3d_monolayer,4,16,1791316367.9664197,2738520,worker_2,W003,MedianFilter,step_completed,success,9.67741935483871,3,31
cp_tutorial_3d_monolayer,4,16,1791316367.9664457,2738520,worker_2,W003,Threshold,step_started,started,9.67741935483871,3,31
cp_tutorial_3d_monolayer,4,16,1791316367.9876735,2738522,worker_3,W004,MedianFilter,pattern_group,running,100.0,1,1
cp_tutorial_3d_monolayer,4,16,1791316367.9878356,2738522,worker_3,W004,MedianFilter,step_completed,success,9.67741935483871,3,31
cp_tutorial_3d_monolayer,4,16,1791316367.987856,2738522,worker_3,W004,Threshold,step_started,started,9.67741935483871,3,31
cp_tutorial_3d_monolayer,4,16,1791316368.019885,2738516,worker_0,W001,Threshold,pattern_group,running,100.0,1,1
cp_tutorial_3d_monolayer,4,16,1791316368.020398,2738516,worker_0,W001,Threshold,step_completed,success,12.903225806451612,4,31
cp_tutorial_3d_monolayer,4,16,1791316368.020424,2738516,worker_0,W001,RemoveHoles,step_started,started,12.903225806451612,4,31
cp_tutorial_3d_monolayer,4,16,1791316368.0226777,2738520,worker_2,W003,Threshold,pattern_group,running,100.0,1,1
cp_tutorial_3d_monolayer,4,16,1791316368.023041,2738520,worker_2,W003,Threshold,step_completed,success,12.903225806451612,4,31
cp_tutorial_3d_monolayer,4,16,1791316368.0230615,2738520,worker_2,W003,RemoveHoles,step_started,started,12.903225806451612,4,31
cp_tutorial_3d_monolayer,4,16,1791316368.0235338,2738518,worker_1,W002,Threshold,pattern_group,running,100.0,1,1
cp_tutorial_3d_monolayer,4,16,1791316368.02389,2738518,worker_1,W002,Threshold,step_completed,success,12.903225806451612,4,31
cp_tutorial_3d_monolayer,4,16,1791316368.023917,2738518,worker_1,W002,RemoveHoles,step_started,started,12.903225806451612,4,31
cp_tutorial_3d_monolayer,4,16,1791316368.044243,2738516,worker_0,W001,RemoveHoles,pattern_group,running,100.0,1,1
cp_tutorial_3d_monolayer,4,16,1791316368.0442896,2738520,worker_2,W003,RemoveHoles,pattern_group,running,100.0,1,1
cp_tutorial_3d_monolayer,4,16,1791316368.0444078,2738516,worker_0,W001,RemoveHoles,step_completed,success,16.129032258064516,5,31
cp_tutorial_3d_monolayer,4,16,1791316368.0444376,2738520,worker_2,W003,RemoveHoles,step_completed,success,16.129032258064516,5,31
cp_tutorial_3d_monolayer,4,16,1791316368.0444272,2738516,worker_0,W001,Watershed,step_started,started,16.129032258064516,5,31
cp_tutorial_3d_monolayer,4,16,1791316368.0444565,2738520,worker_2,W003,Watershed,step_started,started,16.129032258064516,5,31
cp_tutorial_3d_monolayer,4,16,1791316368.044773,2738522,worker_3,W004,Threshold,pattern_group,running,100.0,1,1
cp_tutorial_3d_monolayer,4,16,1791316368.0451088,2738522,worker_3,W004,Threshold,step_completed,success,12.903225806451612,4,31
cp_tutorial_3d_monolayer,4,16,1791316368.0451295,2738522,worker_3,W004,RemoveHoles,step_started,started,12.903225806451612,4,31
cp_tutorial_3d_monolayer,4,16,1791316368.0471044,2738518,worker_1,W002,RemoveHoles,pattern_group,running,100.0,1,1
cp_tutorial_3d_monolayer,4,16,1791316368.047275,2738518,worker_1,W002,RemoveHoles,step_completed,success,16.129032258064516,5,31
cp_tutorial_3d_monolayer,4,16,1791316368.0472944,2738518,worker_1,W002,Watershed,step_started,started,16.129032258064516,5,31
cp_tutorial_3d_monolayer,4,16,1791316368.065128,2738522,worker_3,W004,RemoveHoles,pattern_group,running,100.0,1,1
cp_tutorial_3d_monolayer,4,16,1791316368.0653105,2738522,worker_3,W004,RemoveHoles,step_completed,success,16.129032258064516,5,31
cp_tutorial_3d_monolayer,4,16,1791316368.0653307,2738522,worker_3,W004,Watershed,step_started,started,16.129032258064516,5,31
cp_tutorial_3d_monolayer,4,16,1791316368.1582537,2738516,worker_0,W001,Watershed,pattern_group,running,100.0,1,1
cp_tutorial_3d_monolayer,4,16,1791316368.1587346,2738516,worker_0,W001,Watershed,step_completed,success,19.35483870967742,6,31
cp_tutorial_3d_monolayer,4,16,1791316368.1587572,2738516,worker_0,W001,ResizeObjects,step_started,started,19.35483870967742,6,31
cp_tutorial_3d_monolayer,4,16,1791316368.1616106,2738520,worker_2,W003,Watershed,pattern_group,running,100.0,1,1
cp_tutorial_3d_monolayer,4,16,1791316368.162062,2738520,worker_2,W003,Watershed,step_completed,success,19.35483870967742,6,31
cp_tutorial_3d_monolayer,4,16,1791316368.1620915,2738520,worker_2,W003,ResizeObjects,step_started,started,19.35483870967742,6,31
cp_tutorial_3d_monolayer,4,16,1791316368.1682432,2738522,worker_3,W004,Watershed,pattern_group,running,100.0,1,1
cp_tutorial_3d_monolayer,4,16,1791316368.168778,2738522,worker_3,W004,Watershed,step_completed,success,19.35483870967742,6,31
cp_tutorial_3d_monolayer,4,16,1791316368.1688066,2738522,worker_3,W004,ResizeObjects,step_started,started,19.35483870967742,6,31
cp_tutorial_3d_monolayer,4,16,1791316368.1691926,2738518,worker_1,W002,Watershed,pattern_group,running,100.0,1,1
cp_tutorial_3d_monolayer,4,16,1791316368.1697319,2738518,worker_1,W002,Watershed,step_completed,success,19.35483870967742,6,31
cp_tutorial_3d_monolayer,4,16,1791316368.1697679,2738518,worker_1,W002,ResizeObjects,step_started,started,19.35483870967742,6,31
cp_tutorial_3d_monolayer,4,16,1791316368.2115226,2738516,worker_0,W001,ResizeObjects,pattern_group,running,100.0,1,1
cp_tutorial_3d_monolayer,4,16,1791316368.2121034,2738516,worker_0,W001,ResizeObjects,step_completed,success,22.58064516129032,7,31
cp_tutorial_3d_monolayer,4,16,1791316368.2121327,2738516,worker_0,W001,ErodeObjects,step_started,started,22.58064516129032,7,31
cp_tutorial_3d_monolayer,4,16,1791316368.217489,2738520,worker_2,W003,ResizeObjects,pattern_group,running,100.0,1,1
cp_tutorial_3d_monolayer,4,16,1791316368.217489,2738522,worker_3,W004,ResizeObjects,pattern_group,running,100.0,1,1
cp_tutorial_3d_monolayer,4,16,1791316368.2180192,2738520,worker_2,W003,ResizeObjects,step_completed,success,22.58064516129032,7,31
cp_tutorial_3d_monolayer,4,16,1791316368.2180529,2738520,worker_2,W003,ErodeObjects,step_started,started,22.58064516129032,7,31
cp_tutorial_3d_monolayer,4,16,1791316368.2180214,2738522,worker_3,W004,ResizeObjects,step_completed,success,22.58064516129032,7,31
cp_tutorial_3d_monolayer,4,16,1791316368.2180536,2738522,worker_3,W004,ErodeObjects,step_started,started,22.58064516129032,7,31
cp_tutorial_3d_monolayer,4,16,1791316368.2301667,2738518,worker_1,W002,ResizeObjects,pattern_group,running,100.0,1,1
cp_tutorial_3d_monolayer,4,16,1791316368.2307186,2738518,worker_1,W002,ResizeObjects,step_completed,success,22.58064516129032,7,31
cp_tutorial_3d_monolayer,4,16,1791316368.2307413,2738518,worker_1,W002,ErodeObjects,step_started,started,22.58064516129032,7,31
cp_tutorial_3d_monolayer,4,16,1791316368.27781,2738516,worker_0,W001,ErodeObjects,pattern_group,running,100.0,1,1
cp_tutorial_3d_monolayer,4,16,1791316368.278353,2738516,worker_0,W001,ErodeObjects,step_completed,success,25.806451612903224,8,31
cp_tutorial_3d_monolayer,4,16,1791316368.2783868,2738516,worker_0,W001,ResizeObjects,step_started,started,25.806451612903224,8,31
cp_tutorial_3d_monolayer,4,16,1791316368.2807863,2738522,worker_3,W004,ErodeObjects,pattern_group,running,100.0,1,1
cp_tutorial_3d_monolayer,4,16,1791316368.2813013,2738522,worker_3,W004,ErodeObjects,step_completed,success,25.806451612903224,8,31
cp_tutorial_3d_monolayer,4,16,1791316368.2813268,2738522,worker_3,W004,ResizeObjects,step_started,started,25.806451612903224,8,31
cp_tutorial_3d_monolayer,4,16,1791316368.2809267,2738520,worker_2,W003,ErodeObjects,pattern_group,running,100.0,1,1
cp_tutorial_3d_monolayer,4,16,1791316368.281434,2738520,worker_2,W003,ErodeObjects,step_completed,success,25.806451612903224,8,31
cp_tutorial_3d_monolayer,4,16,1791316368.2814572,2738520,worker_2,W003,ResizeObjects,step_started,started,25.806451612903224,8,31
cp_tutorial_3d_monolayer,4,16,1791316368.3068378,2738518,worker_1,W002,ErodeObjects,pattern_group,running,100.0,1,1
cp_tutorial_3d_monolayer,4,16,1791316368.3076148,2738518,worker_1,W002,ErodeObjects,step_completed,success,25.806451612903224,8,31
cp_tutorial_3d_monolayer,4,16,1791316368.307662,2738518,worker_1,W002,ResizeObjects,step_started,started,25.806451612903224,8,31
cp_tutorial_3d_monolayer,4,16,1791316368.3220985,2738522,worker_3,W004,ResizeObjects,pattern_group,running,100.0,1,1
cp_tutorial_3d_monolayer,4,16,1791316368.3226638,2738522,worker_3,W004,ResizeObjects,step_completed,success,29.03225806451613,9,31
cp_tutorial_3d_monolayer,4,16,1791316368.3226864,2738522,worker_3,W004,ConvertObjectsToImage,step_started,started,29.03225806451613,9,31
cp_tutorial_3d_monolayer,4,16,1791316368.3231142,2738520,worker_2,W003,ResizeObjects,pattern_group,running,100.0,1,1
cp_tutorial_3d_monolayer,4,16,1791316368.323645,2738520,worker_2,W003,ResizeObjects,step_completed,success,29.03225806451613,9,31
cp_tutorial_3d_monolayer,4,16,1791316368.323668,2738520,worker_2,W003,ConvertObjectsToImage,step_started,started,29.03225806451613,9,31
cp_tutorial_3d_monolayer,4,16,1791316368.322121,2738516,worker_0,W001,ResizeObjects,pattern_group,running,100.0,1,1
cp_tutorial_3d_monolayer,4,16,1791316368.3228424,2738516,worker_0,W001,ResizeObjects,step_completed,success,29.03225806451613,9,31
cp_tutorial_3d_monolayer,4,16,1791316368.3228674,2738516,worker_0,W001,ConvertObjectsToImage,step_started,started,29.03225806451613,9,31
cp_tutorial_3d_monolayer,4,16,1791316368.4333339,2738522,worker_3,W004,ConvertObjectsToImage,pattern_group,running,100.0,1,1
cp_tutorial_3d_monolayer,4,16,1791316368.4335623,2738522,worker_3,W004,ConvertObjectsToImage,step_completed,success,32.25806451612903,10,31
cp_tutorial_3d_monolayer,4,16,1791316368.4335825,2738522,worker_3,W004,Threshold,step_started,started,32.25806451612903,10,31
cp_tutorial_3d_monolayer,4,16,1791316368.439278,2738516,worker_0,W001,ConvertObjectsToImage,pattern_group,running,100.0,1,1
cp_tutorial_3d_monolayer,4,16,1791316368.439497,2738516,worker_0,W001,ConvertObjectsToImage,step_completed,success,32.25806451612903,10,31
cp_tutorial_3d_monolayer,4,16,1791316368.4395182,2738516,worker_0,W001,Threshold,step_started,started,32.25806451612903,10,31
cp_tutorial_3d_monolayer,4,16,1791316368.4397986,2738520,worker_2,W003,ConvertObjectsToImage,pattern_group,running,100.0,1,1
cp_tutorial_3d_monolayer,4,16,1791316368.4399986,2738520,worker_2,W003,ConvertObjectsToImage,step_completed,success,32.25806451612903,10,31
cp_tutorial_3d_monolayer,4,16,1791316368.440021,2738520,worker_2,W003,Threshold,step_started,started,32.25806451612903,10,31
cp_tutorial_3d_monolayer,4,16,1791316368.4530425,2738518,worker_1,W002,ResizeObjects,pattern_group,running,100.0,1,1
cp_tutorial_3d_monolayer,4,16,1791316368.453527,2738518,worker_1,W002,ResizeObjects,step_completed,success,29.03225806451613,9,31
cp_tutorial_3d_monolayer,4,16,1791316368.4535472,2738518,worker_1,W002,ConvertObjectsToImage,step_started,started,29.03225806451613,9,31
cp_tutorial_3d_monolayer,4,16,1791316368.478101,2738518,worker_1,W002,ConvertObjectsToImage,pattern_group,running,100.0,1,1
cp_tutorial_3d_monolayer,4,16,1791316368.4782772,2738518,worker_1,W002,ConvertObjectsToImage,step_completed,success,32.25806451612903,10,31
cp_tutorial_3d_monolayer,4,16,1791316368.4782965,2738518,worker_1,W002,Threshold,step_started,started,32.25806451612903,10,31
cp_tutorial_3d_monolayer,4,16,1791316368.7869563,2738522,worker_3,W004,Threshold,pattern_group,running,100.0,1,1
cp_tutorial_3d_monolayer,4,16,1791316368.7872238,2738522,worker_3,W004,Threshold,step_completed,success,35.483870967741936,11,31
cp_tutorial_3d_monolayer,4,16,1791316368.7872446,2738522,worker_3,W004,ImageMath,step_started,started,35.483870967741936,11,31
cp_tutorial_3d_monolayer,4,16,1791316368.8144832,2738516,worker_0,W001,Threshold,pattern_group,running,100.0,1,1
cp_tutorial_3d_monolayer,4,16,1791316368.8147388,2738516,worker_0,W001,Threshold,step_completed,success,35.483870967741936,11,31
cp_tutorial_3d_monolayer,4,16,1791316368.814759,2738516,worker_0,W001,ImageMath,step_started,started,35.483870967741936,11,31
cp_tutorial_3d_monolayer,4,16,1791316368.821671,2738520,worker_2,W003,Threshold,pattern_group,running,100.0,1,1
cp_tutorial_3d_monolayer,4,16,1791316368.8219404,2738520,worker_2,W003,Threshold,step_completed,success,35.483870967741936,11,31
cp_tutorial_3d_monolayer,4,16,1791316368.821961,2738520,worker_2,W003,ImageMath,step_started,started,35.483870967741936,11,31
cp_tutorial_3d_monolayer,4,16,1791316368.8238165,2738518,worker_1,W002,Threshold,pattern_group,running,100.0,1,1
cp_tutorial_3d_monolayer,4,16,1791316368.8243668,2738518,worker_1,W002,Threshold,step_completed,success,35.483870967741936,11,31
cp_tutorial_3d_monolayer,4,16,1791316368.824402,2738518,worker_1,W002,ImageMath,step_started,started,35.483870967741936,11,31
cp_tutorial_3d_monolayer,4,16,1791316368.8849673,2738522,worker_3,W004,ImageMath,pattern_group,running,100.0,1,1
cp_tutorial_3d_monolayer,4,16,1791316368.885132,2738522,worker_3,W004,ImageMath,step_completed,success,38.70967741935484,12,31
cp_tutorial_3d_monolayer,4,16,1791316368.8851523,2738522,worker_3,W004,RemoveHoles,step_started,started,38.70967741935484,12,31
cp_tutorial_3d_monolayer,4,16,1791316368.8855433,2738520,worker_2,W003,ImageMath,pattern_group,running,100.0,1,1
cp_tutorial_3d_monolayer,4,16,1791316368.8856964,2738520,worker_2,W003,ImageMath,step_completed,success,38.70967741935484,12,31
cp_tutorial_3d_monolayer,4,16,1791316368.8857152,2738520,worker_2,W003,RemoveHoles,step_started,started,38.70967741935484,12,31
cp_tutorial_3d_monolayer,4,16,1791316368.8854024,2738516,worker_0,W001,ImageMath,pattern_group,running,100.0,1,1
cp_tutorial_3d_monolayer,4,16,1791316368.8855577,2738516,worker_0,W001,ImageMath,step_completed,success,38.70967741935484,12,31
cp_tutorial_3d_monolayer,4,16,1791316368.8855777,2738516,worker_0,W001,RemoveHoles,step_started,started,38.70967741935484,12,31
cp_tutorial_3d_monolayer,4,16,1791316368.889365,2738518,worker_1,W002,ImageMath,pattern_group,running,100.0,1,1
cp_tutorial_3d_monolayer,4,16,1791316368.8895774,2738518,worker_1,W002,ImageMath,step_completed,success,38.70967741935484,12,31
cp_tutorial_3d_monolayer,4,16,1791316368.8895981,2738518,worker_1,W002,RemoveHoles,step_started,started,38.70967741935484,12,31
cp_tutorial_3d_monolayer,4,16,1791316369.0094855,2738522,worker_3,W004,RemoveHoles,pattern_group,running,100.0,1,1
cp_tutorial_3d_monolayer,4,16,1791316369.0096495,2738522,worker_3,W004,RemoveHoles,step_completed,success,41.935483870967744,13,31
cp_tutorial_3d_monolayer,4,16,1791316369.0096717,2738522,worker_3,W004,ImageMath,step_started,started,41.935483870967744,13,31
cp_tutorial_3d_monolayer,4,16,1791316369.0100799,2738520,worker_2,W003,RemoveHoles,pattern_group,running,100.0,1,1
cp_tutorial_3d_monolayer,4,16,1791316369.0102372,2738520,worker_2,W003,RemoveHoles,step_completed,success,41.935483870967744,13,31
cp_tutorial_3d_monolayer,4,16,1791316369.0102584,2738520,worker_2,W003,ImageMath,step_started,started,41.935483870967744,13,31
cp_tutorial_3d_monolayer,4,16,1791316369.0111692,2738518,worker_1,W002,RemoveHoles,pattern_group,running,100.0,1,1
cp_tutorial_3d_monolayer,4,16,1791316369.0113435,2738518,worker_1,W002,RemoveHoles,step_completed,success,41.935483870967744,13,31
cp_tutorial_3d_monolayer,4,16,1791316369.0113697,2738518,worker_1,W002,ImageMath,step_started,started,41.935483870967744,13,31
cp_tutorial_3d_monolayer,4,16,1791316369.0828102,2738516,worker_0,W001,RemoveHoles,pattern_group,running,100.0,1,1
cp_tutorial_3d_monolayer,4,16,1791316369.0829606,2738516,worker_0,W001,RemoveHoles,step_completed,success,41.935483870967744,13,31
cp_tutorial_3d_monolayer,4,16,1791316369.0829797,2738516,worker_0,W001,ImageMath,step_started,started,41.935483870967744,13,31
cp_tutorial_3d_monolayer,4,16,1791316369.4046268,2738520,worker_2,W003,ImageMath,pattern_group,running,100.0,1,1
cp_tutorial_3d_monolayer,4,16,1791316369.4047925,2738520,worker_2,W003,ImageMath,step_completed,success,45.16129032258064,14,31
cp_tutorial_3d_monolayer,4,16,1791316369.404812,2738520,worker_2,W003,Resize,step_started,started,45.16129032258064,14,31
cp_tutorial_3d_monolayer,4,16,1791316369.405732,2738518,worker_1,W002,ImageMath,pattern_group,running,100.0,1,1
cp_tutorial_3d_monolayer,4,16,1791316369.4059746,2738518,worker_1,W002,ImageMath,step_completed,success,45.16129032258064,14,31
cp_tutorial_3d_monolayer,4,16,1791316369.4060028,2738518,worker_1,W002,Resize,step_started,started,45.16129032258064,14,31
cp_tutorial_3d_monolayer,4,16,1791316369.4064693,2738522,worker_3,W004,ImageMath,pattern_group,running,100.0,1,1
cp_tutorial_3d_monolayer,4,16,1791316369.4067018,2738522,worker_3,W004,ImageMath,step_completed,success,45.16129032258064,14,31
cp_tutorial_3d_monolayer,4,16,1791316369.4067285,2738522,worker_3,W004,Resize,step_started,started,45.16129032258064,14,31
cp_tutorial_3d_monolayer,4,16,1791316369.4297903,2738516,worker_0,W001,ImageMath,pattern_group,running,100.0,1,1
cp_tutorial_3d_monolayer,4,16,1791316369.4300046,2738516,worker_0,W001,ImageMath,step_completed,success,45.16129032258064,14,31
cp_tutorial_3d_monolayer,4,16,1791316369.4300313,2738516,worker_0,W001,Resize,step_started,started,45.16129032258064,14,31
cp_tutorial_3d_monolayer,4,16,1791316369.4696343,2738520,worker_2,W003,Resize,pattern_group,running,100.0,1,1
cp_tutorial_3d_monolayer,4,16,1791316369.4697928,2738520,worker_2,W003,Resize,step_completed,success,48.38709677419355,15,31
cp_tutorial_3d_monolayer,4,16,1791316369.4698117,2738520,worker_2,W003,Closing,step_started,started,48.38709677419355,15,31
cp_tutorial_3d_monolayer,4,16,1791316369.471847,2738518,worker_1,W002,Resize,pattern_group,running,100.0,1,1
cp_tutorial_3d_monolayer,4,16,1791316369.472039,2738518,worker_1,W002,Resize,step_completed,success,48.38709677419355,15,31
cp_tutorial_3d_monolayer,4,16,1791316369.4720614,2738518,worker_1,W002,Closing,step_started,started,48.38709677419355,15,31
cp_tutorial_3d_monolayer,4,16,1791316369.4733093,2738522,worker_3,W004,Resize,pattern_group,running,100.0,1,1
cp_tutorial_3d_monolayer,4,16,1791316369.4734578,2738522,worker_3,W004,Resize,step_completed,success,48.38709677419355,15,31
cp_tutorial_3d_monolayer,4,16,1791316369.4734778,2738522,worker_3,W004,Closing,step_started,started,48.38709677419355,15,31
cp_tutorial_3d_monolayer,4,16,1791316369.4955177,2738516,worker_0,W001,Resize,pattern_group,running,100.0,1,1
cp_tutorial_3d_monolayer,4,16,1791316369.4957085,2738516,worker_0,W001,Resize,step_completed,success,48.38709677419355,15,31
cp_tutorial_3d_monolayer,4,16,1791316369.495732,2738516,worker_0,W001,Closing,step_started,started,48.38709677419355,15,31
cp_tutorial_3d_monolayer,4,16,1791316369.5628726,2738518,worker_1,W002,Closing,pattern_group,running,100.0,1,1
cp_tutorial_3d_monolayer,4,16,1791316369.5630207,2738518,worker_1,W002,Closing,step_completed,success,51.61290322580645,16,31
cp_tutorial_3d_monolayer,4,16,1791316369.563039,2738518,worker_1,W002,Resize,step_started,started,51.61290322580645,16,31
cp_tutorial_3d_monolayer,4,16,1791316369.561287,2738520,worker_2,W003,Closing,pattern_group,running,100.0,1,1
cp_tutorial_3d_monolayer,4,16,1791316369.5614283,2738520,worker_2,W003,Closing,step_completed,success,51.61290322580645,16,31
cp_tutorial_3d_monolayer,4,16,1791316369.561447,2738520,worker_2,W003,Resize,step_started,started,51.61290322580645,16,31
cp_tutorial_3d_monolayer,4,16,1791316369.567314,2738522,worker_3,W004,Closing,pattern_group,running,100.0,1,1
cp_tutorial_3d_monolayer,4,16,1791316369.56761,2738522,worker_3,W004,Closing,step_completed,success,51.61290322580645,16,31
cp_tutorial_3d_monolayer,4,16,1791316369.567655,2738522,worker_3,W004,Resize,step_started,started,51.61290322580645,16,31
cp_tutorial_3d_monolayer,4,16,1791316369.5860023,2738516,worker_0,W001,Closing,pattern_group,running,100.0,1,1
cp_tutorial_3d_monolayer,4,16,1791316369.5861669,2738516,worker_0,W001,Closing,step_completed,success,51.61290322580645,16,31
cp_tutorial_3d_monolayer,4,16,1791316369.5861866,2738516,worker_0,W001,Resize,step_started,started,51.61290322580645,16,31
cp_tutorial_3d_monolayer,4,16,1791316369.6135356,2738520,worker_2,W003,Resize,pattern_group,running,100.0,1,1
cp_tutorial_3d_monolayer,4,16,1791316369.6136868,2738520,worker_2,W003,Resize,step_completed,success,54.83870967741935,17,31
cp_tutorial_3d_monolayer,4,16,1791316369.6137066,2738520,worker_2,W003,Threshold,step_started,started,54.83870967741935,17,31
cp_tutorial_3d_monolayer,4,16,1791316369.6147575,2738518,worker_1,W002,Resize,pattern_group,running,100.0,1,1
cp_tutorial_3d_monolayer,4,16,1791316369.6150672,2738518,worker_1,W002,Resize,step_completed,success,54.83870967741935,17,31
cp_tutorial_3d_monolayer,4,16,1791316369.6150997,2738518,worker_1,W002,Threshold,step_started,started,54.83870967741935,17,31
cp_tutorial_3d_monolayer,4,16,1791316369.6204658,2738522,worker_3,W004,Resize,pattern_group,running,100.0,1,1
cp_tutorial_3d_monolayer,4,16,1791316369.6206217,2738522,worker_3,W004,Resize,step_completed,success,54.83870967741935,17,31
cp_tutorial_3d_monolayer,4,16,1791316369.6206415,2738522,worker_3,W004,Threshold,step_started,started,54.83870967741935,17,31
cp_tutorial_3d_monolayer,4,16,1791316369.6415946,2738516,worker_0,W001,Resize,pattern_group,running,100.0,1,1
cp_tutorial_3d_monolayer,4,16,1791316369.6420434,2738516,worker_0,W001,Resize,step_completed,success,54.83870967741935,17,31
cp_tutorial_3d_monolayer,4,16,1791316369.6420805,2738516,worker_0,W001,Threshold,step_started,started,54.83870967741935,17,31
cp_tutorial_3d_monolayer,4,16,1791316369.9857595,2738518,worker_1,W002,Threshold,pattern_group,running,100.0,1,1
cp_tutorial_3d_monolayer,4,16,1791316369.986034,2738518,worker_1,W002,Threshold,step_completed,success,58.06451612903226,18,31
cp_tutorial_3d_monolayer,4,16,1791316369.9860542,2738518,worker_1,W002,MaskImage,step_started,started,58.06451612903226,18,31
cp_tutorial_3d_monolayer,4,16,1791316369.9961314,2738520,worker_2,W003,Threshold,pattern_group,running,100.0,1,1
cp_tutorial_3d_monolayer,4,16,1791316369.9964027,2738520,worker_2,W003,Threshold,step_completed,success,58.06451612903226,18,31
cp_tutorial_3d_monolayer,4,16,1791316369.996422,2738520,worker_2,W003,MaskImage,step_started,started,58.06451612903226,18,31
cp_tutorial_3d_monolayer,4,16,1791316370.0019166,2738522,worker_3,W004,Threshold,pattern_group,running,100.0,1,1
cp_tutorial_3d_monolayer,4,16,1791316370.0021791,2738522,worker_3,W004,Threshold,step_completed,success,58.06451612903226,18,31
cp_tutorial_3d_monolayer,4,16,1791316370.0021982,2738522,worker_3,W004,MaskImage,step_started,started,58.06451612903226,18,31
cp_tutorial_3d_monolayer,4,16,1791316370.010986,2738516,worker_0,W001,Threshold,pattern_group,running,100.0,1,1
cp_tutorial_3d_monolayer,4,16,1791316370.0115159,2738516,worker_0,W001,Threshold,step_completed,success,58.06451612903226,18,31
cp_tutorial_3d_monolayer,4,16,1791316370.0115404,2738516,worker_0,W001,MaskImage,step_started,started,58.06451612903226,18,31
cp_tutorial_3d_monolayer,4,16,1791316370.1434941,2738518,worker_1,W002,MaskImage,pattern_group,running,100.0,1,1
cp_tutorial_3d_monolayer,4,16,1791316370.1436422,2738518,worker_1,W002,MaskImage,step_completed,success,61.29032258064516,19,31
cp_tutorial_3d_monolayer,4,16,1791316370.1436605,2738518,worker_1,W002,ErodeImage,step_started,started,61.29032258064516,19,31
cp_tutorial_3d_monolayer,4,16,1791316370.1473238,2738520,worker_2,W003,MaskImage,pattern_group,running,100.0,1,1
cp_tutorial_3d_monolayer,4,16,1791316370.1474943,2738520,worker_2,W003,MaskImage,step_completed,success,61.29032258064516,19,31
cp_tutorial_3d_monolayer,4,16,1791316370.147515,2738520,worker_2,W003,ErodeImage,step_started,started,61.29032258064516,19,31
cp_tutorial_3d_monolayer,4,16,1791316370.1605046,2738522,worker_3,W004,MaskImage,pattern_group,running,100.0,1,1
cp_tutorial_3d_monolayer,4,16,1791316370.1607075,2738522,worker_3,W004,MaskImage,step_completed,success,61.29032258064516,19,31
cp_tutorial_3d_monolayer,4,16,1791316370.160728,2738522,worker_3,W004,ErodeImage,step_started,started,61.29032258064516,19,31
cp_tutorial_3d_monolayer,4,16,1791316370.1699238,2738516,worker_0,W001,MaskImage,pattern_group,running,100.0,1,1
cp_tutorial_3d_monolayer,4,16,1791316370.1701407,2738516,worker_0,W001,MaskImage,step_completed,success,61.29032258064516,19,31
cp_tutorial_3d_monolayer,4,16,1791316370.1701658,2738516,worker_0,W001,ErodeImage,step_started,started,61.29032258064516,19,31
cp_tutorial_3d_monolayer,4,16,1791316370.1818545,2738518,worker_1,W002,ErodeImage,pattern_group,running,100.0,1,1
cp_tutorial_3d_monolayer,4,16,1791316370.1820126,2738518,worker_1,W002,ErodeImage,step_completed,success,64.51612903225806,20,31
cp_tutorial_3d_monolayer,4,16,1791316370.1820312,2738518,worker_1,W002,Watershed,step_started,started,64.51612903225806,20,31
cp_tutorial_3d_monolayer,4,16,1791316370.189909,2738520,worker_2,W003,ErodeImage,pattern_group,running,100.0,1,1
cp_tutorial_3d_monolayer,4,16,1791316370.1900573,2738520,worker_2,W003,ErodeImage,step_completed,success,64.51612903225806,20,31
cp_tutorial_3d_monolayer,4,16,1791316370.190076,2738520,worker_2,W003,Watershed,step_started,started,64.51612903225806,20,31
cp_tutorial_3d_monolayer,4,16,1791316370.197991,2738522,worker_3,W004,ErodeImage,pattern_group,running,100.0,1,1
cp_tutorial_3d_monolayer,4,16,1791316370.1981559,2738522,worker_3,W004,ErodeImage,step_completed,success,64.51612903225806,20,31
cp_tutorial_3d_monolayer,4,16,1791316370.1981766,2738522,worker_3,W004,Watershed,step_started,started,64.51612903225806,20,31
cp_tutorial_3d_monolayer,4,16,1791316370.2055597,2738516,worker_0,W001,ErodeImage,pattern_group,running,100.0,1,1
cp_tutorial_3d_monolayer,4,16,1791316370.205745,2738516,worker_0,W001,ErodeImage,step_completed,success,64.51612903225806,20,31
cp_tutorial_3d_monolayer,4,16,1791316370.2057664,2738516,worker_0,W001,Watershed,step_started,started,64.51612903225806,20,31
cp_tutorial_3d_monolayer,4,16,1791316370.5251994,2738520,worker_2,W003,Watershed,pattern_group,running,100.0,1,1
cp_tutorial_3d_monolayer,4,16,1791316370.5256317,2738520,worker_2,W003,Watershed,step_completed,success,67.74193548387096,21,31
cp_tutorial_3d_monolayer,4,16,1791316370.5256524,2738520,worker_2,W003,MeasureObjectIntensity,step_started,started,67.74193548387096,21,31
cp_tutorial_3d_monolayer,4,16,1791316370.5252483,2738522,worker_3,W004,Watershed,pattern_group,running,100.0,1,1
cp_tutorial_3d_monolayer,4,16,1791316370.525709,2738522,worker_3,W004,Watershed,step_completed,success,67.74193548387096,21,31
cp_tutorial_3d_monolayer,4,16,1791316370.5257344,2738522,worker_3,W004,MeasureObjectIntensity,step_started,started,67.74193548387096,21,31
cp_tutorial_3d_monolayer,4,16,1791316370.5292313,2738516,worker_0,W001,Watershed,pattern_group,running,100.0,1,1
cp_tutorial_3d_monolayer,4,16,1791316370.5296483,2738516,worker_0,W001,Watershed,step_completed,success,67.74193548387096,21,31
cp_tutorial_3d_monolayer,4,16,1791316370.5296695,2738516,worker_0,W001,MeasureObjectIntensity,step_started,started,67.74193548387096,21,31
cp_tutorial_3d_monolayer,4,16,1791316370.5383832,2738518,worker_1,W002,Watershed,pattern_group,running,100.0,1,1
cp_tutorial_3d_monolayer,4,16,1791316370.5388012,2738518,worker_1,W002,Watershed,step_completed,success,67.74193548387096,21,31
cp_tutorial_3d_monolayer,4,16,1791316370.5388236,2738518,worker_1,W002,MeasureObjectIntensity,step_started,started,67.74193548387096,21,31
cp_tutorial_3d_monolayer,4,16,1791316370.8645537,2738516,worker_0,W001,MeasureObjectIntensity,pattern_group,running,50.0,1,2
cp_tutorial_3d_monolayer,4,16,1791316370.8646405,2738518,worker_1,W002,MeasureObjectIntensity,pattern_group,running,50.0,1,2
cp_tutorial_3d_monolayer,4,16,1791316370.865669,2738520,worker_2,W003,MeasureObjectIntensity,pattern_group,running,50.0,1,2
cp_tutorial_3d_monolayer,4,16,1791316370.8685544,2738522,worker_3,W004,MeasureObjectIntensity,pattern_group,running,50.0,1,2
cp_tutorial_3d_monolayer,4,16,1791316371.1966634,2738516,worker_0,W001,MeasureObjectIntensity,pattern_group,running,100.0,2,2
cp_tutorial_3d_monolayer,4,16,1791316371.19917,2738516,worker_0,W001,MeasureObjectIntensity,step_completed,success,70.96774193548387,22,31
cp_tutorial_3d_monolayer,4,16,1791316371.1992009,2738516,worker_0,W001,MeasureObjectSizeShape,step_started,started,70.96774193548387,22,31
cp_tutorial_3d_monolayer,4,16,1791316371.1979296,2738520,worker_2,W003,MeasureObjectIntensity,pattern_group,running,100.0,2,2
cp_tutorial_3d_monolayer,4,16,1791316371.200327,2738520,worker_2,W003,MeasureObjectIntensity,step_completed,success,70.96774193548387,22,31
cp_tutorial_3d_monolayer,4,16,1791316371.200356,2738520,worker_2,W003,MeasureObjectSizeShape,step_started,started,70.96774193548387,22,31
cp_tutorial_3d_monolayer,4,16,1791316371.2050881,2738522,worker_3,W004,MeasureObjectIntensity,pattern_group,running,100.0,2,2
cp_tutorial_3d_monolayer,4,16,1791316371.2080328,2738522,worker_3,W004,MeasureObjectIntensity,step_completed,success,70.96774193548387,22,31
cp_tutorial_3d_monolayer,4,16,1791316371.213126,2738518,worker_1,W002,MeasureObjectIntensity,pattern_group,running,100.0,2,2
cp_tutorial_3d_monolayer,4,16,1791316371.2166584,2738518,worker_1,W002,MeasureObjectIntensity,step_completed,success,70.96774193548387,22,31
cp_tutorial_3d_monolayer,4,16,1791316371.208072,2738522,worker_3,W004,MeasureObjectSizeShape,step_started,started,70.96774193548387,22,31
cp_tutorial_3d_monolayer,4,16,1791316371.2166998,2738518,worker_1,W002,MeasureObjectSizeShape,step_started,started,70.96774193548387,22,31
cp_tutorial_3d_monolayer,4,16,1791316371.311045,2738522,worker_3,W004,MeasureObjectSizeShape,pattern_group,running,50.0,1,2
cp_tutorial_3d_monolayer,4,16,1791316371.3172123,2738516,worker_0,W001,MeasureObjectSizeShape,pattern_group,running,50.0,1,2
cp_tutorial_3d_monolayer,4,16,1791316371.319203,2738518,worker_1,W002,MeasureObjectSizeShape,pattern_group,running,50.0,1,2
cp_tutorial_3d_monolayer,4,16,1791316371.324439,2738520,worker_2,W003,MeasureObjectSizeShape,pattern_group,running,50.0,1,2
cp_tutorial_3d_monolayer,4,16,1791316371.4205973,2738522,worker_3,W004,MeasureObjectSizeShape,pattern_group,running,100.0,2,2
cp_tutorial_3d_monolayer,4,16,1791316371.4212136,2738522,worker_3,W004,MeasureObjectSizeShape,step_completed,success,74.19354838709677,23,31
cp_tutorial_3d_monolayer,4,16,1791316371.4212348,2738522,worker_3,W004,OverlayObjects,step_started,started,74.19354838709677,23,31
cp_tutorial_3d_monolayer,4,16,1791316371.4247622,2738516,worker_0,W001,MeasureObjectSizeShape,pattern_group,running,100.0,2,2
cp_tutorial_3d_monolayer,4,16,1791316371.425404,2738516,worker_0,W001,MeasureObjectSizeShape,step_completed,success,74.19354838709677,23,31
cp_tutorial_3d_monolayer,4,16,1791316371.4254265,2738516,worker_0,W001,OverlayObjects,step_started,started,74.19354838709677,23,31
cp_tutorial_3d_monolayer,4,16,1791316371.425621,2738518,worker_1,W002,MeasureObjectSizeShape,pattern_group,running,100.0,2,2
cp_tutorial_3d_monolayer,4,16,1791316371.4262881,2738518,worker_1,W002,MeasureObjectSizeShape,step_completed,success,74.19354838709677,23,31
cp_tutorial_3d_monolayer,4,16,1791316371.4263115,2738518,worker_1,W002,OverlayObjects,step_started,started,74.19354838709677,23,31
cp_tutorial_3d_monolayer,4,16,1791316371.4348335,2738520,worker_2,W003,MeasureObjectSizeShape,pattern_group,running,100.0,2,2
cp_tutorial_3d_monolayer,4,16,1791316371.4356403,2738520,worker_2,W003,MeasureObjectSizeShape,step_completed,success,74.19354838709677,23,31
cp_tutorial_3d_monolayer,4,16,1791316371.435692,2738520,worker_2,W003,OverlayObjects,step_started,started,74.19354838709677,23,31
cp_tutorial_3d_monolayer,4,16,1791316371.4555528,2738516,worker_0,W001,OverlayObjects,pattern_group,running,100.0,1,1
cp_tutorial_3d_monolayer,4,16,1791316371.45574,2738516,worker_0,W001,OverlayObjects,step_completed,success,77.41935483870968,24,31
cp_tutorial_3d_monolayer,4,16,1791316371.4557648,2738516,worker_0,W001,RescaleIntensity,step_started,started,77.41935483870968,24,31
cp_tutorial_3d_monolayer,4,16,1791316371.458555,2738522,worker_3,W004,OverlayObjects,pattern_group,running,100.0,1,1
cp_tutorial_3d_monolayer,4,16,1791316371.4587183,2738522,worker_3,W004,OverlayObjects,step_completed,success,77.41935483870968,24,31
cp_tutorial_3d_monolayer,4,16,1791316371.458741,2738522,worker_3,W004,RescaleIntensity,step_started,started,77.41935483870968,24,31
cp_tutorial_3d_monolayer,4,16,1791316371.4595973,2738518,worker_1,W002,OverlayObjects,pattern_group,running,100.0,1,1
cp_tutorial_3d_monolayer,4,16,1791316371.459843,2738518,worker_1,W002,OverlayObjects,step_completed,success,77.41935483870968,24,31
cp_tutorial_3d_monolayer,4,16,1791316371.459875,2738518,worker_1,W002,RescaleIntensity,step_started,started,77.41935483870968,24,31
cp_tutorial_3d_monolayer,4,16,1791316371.4664965,2738520,worker_2,W003,OverlayObjects,pattern_group,running,100.0,1,1
cp_tutorial_3d_monolayer,4,16,1791316371.4666095,2738520,worker_2,W003,OverlayObjects,step_completed,success,77.41935483870968,24,31
cp_tutorial_3d_monolayer,4,16,1791316371.4666286,2738520,worker_2,W003,RescaleIntensity,step_started,started,77.41935483870968,24,31
cp_tutorial_3d_monolayer,4,16,1791316371.575299,2738516,worker_0,W001,RescaleIntensity,pattern_group,running,100.0,1,1
cp_tutorial_3d_monolayer,4,16,1791316371.5757675,2738516,worker_0,W001,RescaleIntensity,step_completed,success,80.64516129032258,25,31
cp_tutorial_3d_monolayer,4,16,1791316371.5758162,2738516,worker_0,W001,OverlayObjects,step_started,started,80.64516129032258,25,31
cp_tutorial_3d_monolayer,4,16,1791316371.5800285,2738518,worker_1,W002,RescaleIntensity,pattern_group,running,100.0,1,1
cp_tutorial_3d_monolayer,4,16,1791316371.58017,2738518,worker_1,W002,RescaleIntensity,step_completed,success,80.64516129032258,25,31
cp_tutorial_3d_monolayer,4,16,1791316371.5801888,2738518,worker_1,W002,OverlayObjects,step_started,started,80.64516129032258,25,31
cp_tutorial_3d_monolayer,4,16,1791316371.5902264,2738520,worker_2,W003,RescaleIntensity,pattern_group,running,100.0,1,1
cp_tutorial_3d_monolayer,4,16,1791316371.590527,2738520,worker_2,W003,RescaleIntensity,step_completed,success,80.64516129032258,25,31
cp_tutorial_3d_monolayer,4,16,1791316371.5905533,2738520,worker_2,W003,OverlayObjects,step_started,started,80.64516129032258,25,31
cp_tutorial_3d_monolayer,4,16,1791316371.5928638,2738522,worker_3,W004,RescaleIntensity,pattern_group,running,100.0,1,1
cp_tutorial_3d_monolayer,4,16,1791316371.59328,2738522,worker_3,W004,RescaleIntensity,step_completed,success,80.64516129032258,25,31
cp_tutorial_3d_monolayer,4,16,1791316371.5933185,2738522,worker_3,W004,OverlayObjects,step_started,started,80.64516129032258,25,31
cp_tutorial_3d_monolayer,4,16,1791316371.6008584,2738516,worker_0,W001,OverlayObjects,pattern_group,running,100.0,1,1
cp_tutorial_3d_monolayer,4,16,1791316371.6010854,2738516,worker_0,W001,OverlayObjects,step_completed,success,83.87096774193549,26,31
cp_tutorial_3d_monolayer,4,16,1791316371.6011155,2738516,worker_0,W001,ConvertObjectsToImage,step_started,started,83.87096774193549,26,31
cp_tutorial_3d_monolayer,4,16,1791316371.6050675,2738518,worker_1,W002,OverlayObjects,pattern_group,running,100.0,1,1
cp_tutorial_3d_monolayer,4,16,1791316371.6052608,2738518,worker_1,W002,OverlayObjects,step_completed,success,83.87096774193549,26,31
cp_tutorial_3d_monolayer,4,16,1791316371.6052985,2738518,worker_1,W002,ConvertObjectsToImage,step_started,started,83.87096774193549,26,31
cp_tutorial_3d_monolayer,4,16,1791316371.618184,2738520,worker_2,W003,OverlayObjects,pattern_group,running,100.0,1,1
cp_tutorial_3d_monolayer,4,16,1791316371.6184678,2738520,worker_2,W003,OverlayObjects,step_completed,success,83.87096774193549,26,31
cp_tutorial_3d_monolayer,4,16,1791316371.6185024,2738520,worker_2,W003,ConvertObjectsToImage,step_started,started,83.87096774193549,26,31
cp_tutorial_3d_monolayer,4,16,1791316371.6236353,2738522,worker_3,W004,OverlayObjects,pattern_group,running,100.0,1,1
cp_tutorial_3d_monolayer,4,16,1791316371.6239398,2738522,worker_3,W004,OverlayObjects,step_completed,success,83.87096774193549,26,31
cp_tutorial_3d_monolayer,4,16,1791316371.6239781,2738522,worker_3,W004,ConvertObjectsToImage,step_started,started,83.87096774193549,26,31
cp_tutorial_3d_monolayer,4,16,1791316371.648462,2738516,worker_0,W001,ConvertObjectsToImage,pattern_group,running,100.0,1,1
cp_tutorial_3d_monolayer,4,16,1791316371.6486428,2738516,worker_0,W001,ConvertObjectsToImage,step_completed,success,87.09677419354838,27,31
cp_tutorial_3d_monolayer,4,16,1791316371.6486652,2738516,worker_0,W001,SaveImages,step_started,started,87.09677419354838,27,31
cp_tutorial_3d_monolayer,4,16,1791316371.6525054,2738518,worker_1,W002,ConvertObjectsToImage,pattern_group,running,100.0,1,1
cp_tutorial_3d_monolayer,4,16,1791316371.6526778,2738518,worker_1,W002,ConvertObjectsToImage,step_completed,success,87.09677419354838,27,31
cp_tutorial_3d_monolayer,4,16,1791316371.6526983,2738518,worker_1,W002,SaveImages,step_started,started,87.09677419354838,27,31
cp_tutorial_3d_monolayer,4,16,1791316371.6579285,2738520,worker_2,W003,ConvertObjectsToImage,pattern_group,running,100.0,1,1
cp_tutorial_3d_monolayer,4,16,1791316371.6580827,2738520,worker_2,W003,ConvertObjectsToImage,step_completed,success,87.09677419354838,27,31
cp_tutorial_3d_monolayer,4,16,1791316371.6581023,2738520,worker_2,W003,SaveImages,step_started,started,87.09677419354838,27,31
cp_tutorial_3d_monolayer,4,16,1791316371.665707,2738522,worker_3,W004,ConvertObjectsToImage,pattern_group,running,100.0,1,1
cp_tutorial_3d_monolayer,4,16,1791316371.665866,2738522,worker_3,W004,ConvertObjectsToImage,step_completed,success,87.09677419354838,27,31
cp_tutorial_3d_monolayer,4,16,1791316371.6658857,2738522,worker_3,W004,SaveImages,step_started,started,87.09677419354838,27,31
cp_tutorial_3d_monolayer,4,16,1791316371.7004333,2738516,worker_0,W001,SaveImages,pattern_group,running,100.0,1,1
cp_tutorial_3d_monolayer,4,16,1791316371.7027328,2738518,worker_1,W002,SaveImages,pattern_group,running,100.0,1,1
cp_tutorial_3d_monolayer,4,16,1791316371.7123744,2738518,worker_1,W002,SaveImages,step_completed,success,90.32258064516128,28,31
cp_tutorial_3d_monolayer,4,16,1791316371.7124279,2738518,worker_1,W002,ConvertObjectsToImage,step_started,started,90.32258064516128,28,31
cp_tutorial_3d_monolayer,4,16,1791316371.70928,2738520,worker_2,W003,SaveImages,pattern_group,running,100.0,1,1
cp_tutorial_3d_monolayer,4,16,1791316371.7134724,2738516,worker_0,W001,SaveImages,step_completed,success,90.32258064516128,28,31
cp_tutorial_3d_monolayer,4,16,1791316371.7135327,2738516,worker_0,W001,ConvertObjectsToImage,step_started,started,90.32258064516128,28,31
cp_tutorial_3d_monolayer,4,16,1791316371.7235622,2738520,worker_2,W003,SaveImages,step_completed,success,90.32258064516128,28,31
cp_tutorial_3d_monolayer,4,16,1791316371.7236419,2738520,worker_2,W003,ConvertObjectsToImage,step_started,started,90.32258064516128,28,31
cp_tutorial_3d_monolayer,4,16,1791316371.7241566,2738522,worker_3,W004,SaveImages,pattern_group,running,100.0,1,1
cp_tutorial_3d_monolayer,4,16,1791316371.7404702,2738522,worker_3,W004,SaveImages,step_completed,success,90.32258064516128,28,31
cp_tutorial_3d_monolayer,4,16,1791316371.7405193,2738522,worker_3,W004,ConvertObjectsToImage,step_started,started,90.32258064516128,28,31
cp_tutorial_3d_monolayer,4,16,1791316371.7648067,2738516,worker_0,W001,ConvertObjectsToImage,pattern_group,running,100.0,1,1
cp_tutorial_3d_monolayer,4,16,1791316371.7648413,2738520,worker_2,W003,ConvertObjectsToImage,pattern_group,running,100.0,1,1
cp_tutorial_3d_monolayer,4,16,1791316371.7650375,2738516,worker_0,W001,ConvertObjectsToImage,step_completed,success,93.54838709677419,29,31
cp_tutorial_3d_monolayer,4,16,1791316371.7650385,2738520,worker_2,W003,ConvertObjectsToImage,step_completed,success,93.54838709677419,29,31
cp_tutorial_3d_monolayer,4,16,1791316371.7650588,2738516,worker_0,W001,SaveImages,step_started,started,93.54838709677419,29,31
cp_tutorial_3d_monolayer,4,16,1791316371.765059,2738520,worker_2,W003,SaveImages,step_started,started,93.54838709677419,29,31
cp_tutorial_3d_monolayer,4,16,1791316371.7716806,2738518,worker_1,W002,ConvertObjectsToImage,pattern_group,running,100.0,1,1
cp_tutorial_3d_monolayer,4,16,1791316371.7719433,2738518,worker_1,W002,ConvertObjectsToImage,step_completed,success,93.54838709677419,29,31
cp_tutorial_3d_monolayer,4,16,1791316371.778913,2738522,worker_3,W004,ConvertObjectsToImage,pattern_group,running,100.0,1,1
cp_tutorial_3d_monolayer,4,16,1791316371.7791002,2738522,worker_3,W004,ConvertObjectsToImage,step_completed,success,93.54838709677419,29,31
cp_tutorial_3d_monolayer,4,16,1791316371.7791212,2738522,worker_3,W004,SaveImages,step_started,started,93.54838709677419,29,31
cp_tutorial_3d_monolayer,4,16,1791316371.7719753,2738518,worker_1,W002,SaveImages,step_started,started,93.54838709677419,29,31
cp_tutorial_3d_monolayer,4,16,1791316371.8155923,2738520,worker_2,W003,SaveImages,pattern_group,running,100.0,1,1
cp_tutorial_3d_monolayer,4,16,1791316371.8195972,2738516,worker_0,W001,SaveImages,pattern_group,running,100.0,1,1
cp_tutorial_3d_monolayer,4,16,1791316371.8231318,2738520,worker_2,W003,SaveImages,step_completed,success,96.7741935483871,30,31
cp_tutorial_3d_monolayer,4,16,1791316371.8307624,2738522,worker_3,W004,SaveImages,pattern_group,running,100.0,1,1
cp_tutorial_3d_monolayer,4,16,1791316371.8336437,2738520,worker_2,W003,pipeline,axis_completed,success,96.7741935483871,30,31
cp_tutorial_3d_monolayer,4,16,1791316371.8337498,2738520,worker_2,W007,pipeline,axis_started,started,0.0,0,31
cp_tutorial_3d_monolayer,4,16,1791316371.8337963,2738520,worker_2,W007,RescaleIntensity,step_started,started,0.0,0,31
cp_tutorial_3d_monolayer,4,16,1791316371.827436,2738516,worker_0,W001,SaveImages,step_completed,success,96.7741935483871,30,31
cp_tutorial_3d_monolayer,4,16,1791316371.8392928,2738516,worker_0,W001,pipeline,axis_completed,success,96.7741935483871,30,31
cp_tutorial_3d_monolayer,4,16,1791316371.8393967,2738516,worker_0,W005,pipeline,axis_started,started,0.0,0,31
cp_tutorial_3d_monolayer,4,16,1791316371.839439,2738516,worker_0,W005,RescaleIntensity,step_started,started,0.0,0,31
cp_tutorial_3d_monolayer,4,16,1791316371.8380766,2738518,worker_1,W002,SaveImages,pattern_group,running,100.0,1,1
cp_tutorial_3d_monolayer,4,16,1791316371.837823,2738522,worker_3,W004,SaveImages,step_completed,success,96.7741935483871,30,31
cp_tutorial_3d_monolayer,4,16,1791316371.8475788,2738522,worker_3,W004,pipeline,axis_completed,success,96.7741935483871,30,31
cp_tutorial_3d_monolayer,4,16,1791316371.8476906,2738522,worker_3,W008,pipeline,axis_started,started,0.0,0,31
cp_tutorial_3d_monolayer,4,16,1791316371.8477485,2738522,worker_3,W008,RescaleIntensity,step_started,started,0.0,0,31
cp_tutorial_3d_monolayer,4,16,1791316371.8450391,2738518,worker_1,W002,SaveImages,step_completed,success,96.7741935483871,30,31
cp_tutorial_3d_monolayer,4,16,1791316371.8560083,2738518,worker_1,W002,pipeline,axis_completed,success,96.7741935483871,30,31
cp_tutorial_3d_monolayer,4,16,1791316371.8561127,2738518,worker_1,W006,pipeline,axis_started,started,0.0,0,31
cp_tutorial_3d_monolayer,4,16,1791316371.8561542,2738518,worker_1,W006,RescaleIntensity,step_started,started,0.0,0,31
cp_tutorial_3d_monolayer,4,16,1791316372.123477,2738520,worker_2,W007,RescaleIntensity,pattern_group,running,100.0,1,1
cp_tutorial_3d_monolayer,4,16,1791316372.123716,2738520,worker_2,W007,RescaleIntensity,step_completed,success,3.225806451612903,1,31
cp_tutorial_3d_monolayer,4,16,1791316372.1237414,2738520,worker_2,W007,Resize,step_started,started,3.225806451612903,1,31
cp_tutorial_3d_monolayer,4,16,1791316372.1652455,2738518,worker_1,W006,RescaleIntensity,pattern_group,running,100.0,1,1
cp_tutorial_3d_monolayer,4,16,1791316372.1654825,2738518,worker_1,W006,RescaleIntensity,step_completed,success,3.225806451612903,1,31
cp_tutorial_3d_monolayer,4,16,1791316372.1655111,2738518,worker_1,W006,Resize,step_started,started,3.225806451612903,1,31
cp_tutorial_3d_monolayer,4,16,1791316372.1660151,2738522,worker_3,W008,RescaleIntensity,pattern_group,running,100.0,1,1
cp_tutorial_3d_monolayer,4,16,1791316372.1661758,2738522,worker_3,W008,RescaleIntensity,step_completed,success,3.225806451612903,1,31
cp_tutorial_3d_monolayer,4,16,1791316372.1661973,2738522,worker_3,W008,Resize,step_started,started,3.225806451612903,1,31
cp_tutorial_3d_monolayer,4,16,1791316372.169553,2738516,worker_0,W005,RescaleIntensity,pattern_group,running,100.0,1,1
cp_tutorial_3d_monolayer,4,16,1791316372.1697161,2738516,worker_0,W005,RescaleIntensity,step_completed,success,3.225806451612903,1,31
cp_tutorial_3d_monolayer,4,16,1791316372.1697357,2738516,worker_0,W005,Resize,step_started,started,3.225806451612903,1,31
cp_tutorial_3d_monolayer,4,16,1791316372.1959875,2738520,worker_2,W007,Resize,pattern_group,running,100.0,1,1
cp_tutorial_3d_monolayer,4,16,1791316372.1961696,2738520,worker_2,W007,Resize,step_completed,success,6.451612903225806,2,31
cp_tutorial_3d_monolayer,4,16,1791316372.196191,2738520,worker_2,W007,MedianFilter,step_started,started,6.451612903225806,2,31
cp_tutorial_3d_monolayer,4,16,1791316372.2282963,2738522,worker_3,W008,Resize,pattern_group,running,100.0,1,1
cp_tutorial_3d_monolayer,4,16,1791316372.2284646,2738522,worker_3,W008,Resize,step_completed,success,6.451612903225806,2,31
cp_tutorial_3d_monolayer,4,16,1791316372.2284904,2738522,worker_3,W008,MedianFilter,step_started,started,6.451612903225806,2,31
cp_tutorial_3d_monolayer,4,16,1791316372.2309055,2738518,worker_1,W006,Resize,pattern_group,running,100.0,1,1
cp_tutorial_3d_monolayer,4,16,1791316372.23105,2738518,worker_1,W006,Resize,step_completed,success,6.451612903225806,2,31
cp_tutorial_3d_monolayer,4,16,1791316372.2310684,2738518,worker_1,W006,MedianFilter,step_started,started,6.451612903225806,2,31
cp_tutorial_3d_monolayer,4,16,1791316372.234764,2738516,worker_0,W005,Resize,pattern_group,running,100.0,1,1
cp_tutorial_3d_monolayer,4,16,1791316372.2349176,2738516,worker_0,W005,Resize,step_completed,success,6.451612903225806,2,31
cp_tutorial_3d_monolayer,4,16,1791316372.2349398,2738516,worker_0,W005,MedianFilter,step_started,started,6.451612903225806,2,31
cp_tutorial_3d_monolayer,4,16,1791316372.3591306,2738520,worker_2,W007,MedianFilter,pattern_group,running,100.0,1,1
cp_tutorial_3d_monolayer,4,16,1791316372.3592887,2738520,worker_2,W007,MedianFilter,step_completed,success,9.67741935483871,3,31
cp_tutorial_3d_monolayer,4,16,1791316372.3593116,2738520,worker_2,W007,Threshold,step_started,started,9.67741935483871,3,31
cp_tutorial_3d_monolayer,4,16,1791316372.3937664,2738522,worker_3,W008,MedianFilter,pattern_group,running,100.0,1,1
cp_tutorial_3d_monolayer,4,16,1791316372.3939042,2738522,worker_3,W008,MedianFilter,step_completed,success,9.67741935483871,3,31
cp_tutorial_3d_monolayer,4,16,1791316372.3939216,2738522,worker_3,W008,Threshold,step_started,started,9.67741935483871,3,31
cp_tutorial_3d_monolayer,4,16,1791316372.3956573,2738520,worker_2,W007,Threshold,pattern_group,running,100.0,1,1
cp_tutorial_3d_monolayer,4,16,1791316372.3959057,2738520,worker_2,W007,Threshold,step_completed,success,12.903225806451612,4,31
cp_tutorial_3d_monolayer,4,16,1791316372.3959255,2738520,worker_2,W007,RemoveHoles,step_started,started,12.903225806451612,4,31
cp_tutorial_3d_monolayer,4,16,1791316372.4005566,2738518,worker_1,W006,MedianFilter,pattern_group,running,100.0,1,1
cp_tutorial_3d_monolayer,4,16,1791316372.4007263,2738518,worker_1,W006,MedianFilter,step_completed,success,9.67741935483871,3,31
cp_tutorial_3d_monolayer,4,16,1791316372.4007452,2738518,worker_1,W006,Threshold,step_started,started,9.67741935483871,3,31
cp_tutorial_3d_monolayer,4,16,1791316372.403693,2738516,worker_0,W005,MedianFilter,pattern_group,running,100.0,1,1
cp_tutorial_3d_monolayer,4,16,1791316372.4038484,2738516,worker_0,W005,MedianFilter,step_completed,success,9.67741935483871,3,31
cp_tutorial_3d_monolayer,4,16,1791316372.4038675,2738516,worker_0,W005,Threshold,step_started,started,9.67741935483871,3,31
cp_tutorial_3d_monolayer,4,16,1791316372.4129071,2738520,worker_2,W007,RemoveHoles,pattern_group,running,100.0,1,1
cp_tutorial_3d_monolayer,4,16,1791316372.4131482,2738520,worker_2,W007,RemoveHoles,step_completed,success,16.129032258064516,5,31
cp_tutorial_3d_monolayer,4,16,1791316372.41317,2738520,worker_2,W007,Watershed,step_started,started,16.129032258064516,5,31
cp_tutorial_3d_monolayer,4,16,1791316372.4332476,2738522,worker_3,W008,Threshold,pattern_group,running,100.0,1,1
cp_tutorial_3d_monolayer,4,16,1791316372.4335132,2738522,worker_3,W008,Threshold,step_completed,success,12.903225806451612,4,31
cp_tutorial_3d_monolayer,4,16,1791316372.433533,2738522,worker_3,W008,RemoveHoles,step_started,started,12.903225806451612,4,31
cp_tutorial_3d_monolayer,4,16,1791316372.4426699,2738518,worker_1,W006,Threshold,pattern_group,running,100.0,1,1
cp_tutorial_3d_monolayer,4,16,1791316372.4429262,2738518,worker_1,W006,Threshold,step_completed,success,12.903225806451612,4,31
cp_tutorial_3d_monolayer,4,16,1791316372.442945,2738518,worker_1,W006,RemoveHoles,step_started,started,12.903225806451612,4,31
cp_tutorial_3d_monolayer,4,16,1791316372.449051,2738516,worker_0,W005,Threshold,pattern_group,running,100.0,1,1
cp_tutorial_3d_monolayer,4,16,1791316372.4494293,2738516,worker_0,W005,Threshold,step_completed,success,12.903225806451612,4,31
cp_tutorial_3d_monolayer,4,16,1791316372.449456,2738516,worker_0,W005,RemoveHoles,step_started,started,12.903225806451612,4,31
cp_tutorial_3d_monolayer,4,16,1791316372.450968,2738522,worker_3,W008,RemoveHoles,pattern_group,running,100.0,1,1
cp_tutorial_3d_monolayer,4,16,1791316372.4512947,2738522,worker_3,W008,RemoveHoles,step_completed,success,16.129032258064516,5,31
cp_tutorial_3d_monolayer,4,16,1791316372.4513276,2738522,worker_3,W008,Watershed,step_started,started,16.129032258064516,5,31
cp_tutorial_3d_monolayer,4,16,1791316372.4629128,2738518,worker_1,W006,RemoveHoles,pattern_group,running,100.0,1,1
cp_tutorial_3d_monolayer,4,16,1791316372.4630923,2738518,worker_1,W006,RemoveHoles,step_completed,success,16.129032258064516,5,31
cp_tutorial_3d_monolayer,4,16,1791316372.463113,2738518,worker_1,W006,Watershed,step_started,started,16.129032258064516,5,31
cp_tutorial_3d_monolayer,4,16,1791316372.4690785,2738516,worker_0,W005,RemoveHoles,pattern_group,running,100.0,1,1
cp_tutorial_3d_monolayer,4,16,1791316372.469225,2738516,worker_0,W005,RemoveHoles,step_completed,success,16.129032258064516,5,31
cp_tutorial_3d_monolayer,4,16,1791316372.4692438,2738516,worker_0,W005,Watershed,step_started,started,16.129032258064516,5,31
cp_tutorial_3d_monolayer,4,16,1791316372.5052378,2738520,worker_2,W007,Watershed,pattern_group,running,100.0,1,1
cp_tutorial_3d_monolayer,4,16,1791316372.5057168,2738520,worker_2,W007,Watershed,step_completed,success,19.35483870967742,6,31
cp_tutorial_3d_monolayer,4,16,1791316372.5057433,2738520,worker_2,W007,ResizeObjects,step_started,started,19.35483870967742,6,31
cp_tutorial_3d_monolayer,4,16,1791316372.5331023,2738520,worker_2,W007,ResizeObjects,pattern_group,running,100.0,1,1
cp_tutorial_3d_monolayer,4,16,1791316372.5336053,2738520,worker_2,W007,ResizeObjects,step_completed,success,22.58064516129032,7,31
cp_tutorial_3d_monolayer,4,16,1791316372.5336263,2738520,worker_2,W007,ErodeObjects,step_started,started,22.58064516129032,7,31
cp_tutorial_3d_monolayer,4,16,1791316372.5468318,2738522,worker_3,W008,Watershed,pattern_group,running,100.0,1,1
cp_tutorial_3d_monolayer,4,16,1791316372.54722,2738522,worker_3,W008,Watershed,step_completed,success,19.35483870967742,6,31
cp_tutorial_3d_monolayer,4,16,1791316372.5472403,2738522,worker_3,W008,ResizeObjects,step_started,started,19.35483870967742,6,31
cp_tutorial_3d_monolayer,4,16,1791316372.5676785,2738518,worker_1,W006,Watershed,pattern_group,running,100.0,1,1
cp_tutorial_3d_monolayer,4,16,1791316372.5680838,2738518,worker_1,W006,Watershed,step_completed,success,19.35483870967742,6,31
cp_tutorial_3d_monolayer,4,16,1791316372.5681038,2738518,worker_1,W006,ResizeObjects,step_started,started,19.35483870967742,6,31
cp_tutorial_3d_monolayer,4,16,1791316372.5730357,2738516,worker_0,W005,Watershed,pattern_group,running,100.0,1,1
cp_tutorial_3d_monolayer,4,16,1791316372.573523,2738516,worker_0,W005,Watershed,step_completed,success,19.35483870967742,6,31
cp_tutorial_3d_monolayer,4,16,1791316372.5735483,2738516,worker_0,W005,ResizeObjects,step_started,started,19.35483870967742,6,31
cp_tutorial_3d_monolayer,4,16,1791316372.5803745,2738522,worker_3,W008,ResizeObjects,pattern_group,running,100.0,1,1
cp_tutorial_3d_monolayer,4,16,1791316372.5809183,2738522,worker_3,W008,ResizeObjects,step_completed,success,22.58064516129032,7,31
cp_tutorial_3d_monolayer,4,16,1791316372.580947,2738522,worker_3,W008,ErodeObjects,step_started,started,22.58064516129032,7,31
cp_tutorial_3d_monolayer,4,16,1791316372.5909858,2738520,worker_2,W007,ErodeObjects,pattern_group,running,100.0,1,1
cp_tutorial_3d_monolayer,4,16,1791316372.5917459,2738520,worker_2,W007,ErodeObjects,step_completed,success,25.806451612903224,8,31
cp_tutorial_3d_monolayer,4,16,1791316372.5917864,2738520,worker_2,W007,ResizeObjects,step_started,started,25.806451612903224,8,31
cp_tutorial_3d_monolayer,4,16,1791316372.6084793,2738518,worker_1,W006,ResizeObjects,pattern_group,running,100.0,1,1
cp_tutorial_3d_monolayer,4,16,1791316372.6090105,2738518,worker_1,W006,ResizeObjects,step_completed,success,22.58064516129032,7,31
cp_tutorial_3d_monolayer,4,16,1791316372.609034,2738518,worker_1,W006,ErodeObjects,step_started,started,22.58064516129032,7,31
cp_tutorial_3d_monolayer,4,16,1791316372.609543,2738516,worker_0,W005,ResizeObjects,pattern_group,running,100.0,1,1
cp_tutorial_3d_monolayer,4,16,1791316372.6102629,2738516,worker_0,W005,ResizeObjects,step_completed,success,22.58064516129032,7,31
cp_tutorial_3d_monolayer,4,16,1791316372.6102977,2738516,worker_0,W005,ErodeObjects,step_started,started,22.58064516129032,7,31
cp_tutorial_3d_monolayer,4,16,1791316372.6191573,2738520,worker_2,W007,ResizeObjects,pattern_group,running,100.0,1,1
cp_tutorial_3d_monolayer,4,16,1791316372.619733,2738520,worker_2,W007,ResizeObjects,step_completed,success,29.03225806451613,9,31
cp_tutorial_3d_monolayer,4,16,1791316372.6197627,2738520,worker_2,W007,ConvertObjectsToImage,step_started,started,29.03225806451613,9,31
cp_tutorial_3d_monolayer,4,16,1791316372.6386938,2738520,worker_2,W007,ConvertObjectsToImage,pattern_group,running,100.0,1,1
cp_tutorial_3d_monolayer,4,16,1791316372.6388535,2738520,worker_2,W007,ConvertObjectsToImage,step_completed,success,32.25806451612903,10,31
cp_tutorial_3d_monolayer,4,16,1791316372.638873,2738520,worker_2,W007,Threshold,step_started,started,32.25806451612903,10,31
cp_tutorial_3d_monolayer,4,16,1791316372.6436021,2738522,worker_3,W008,ErodeObjects,pattern_group,running,100.0,1,1
cp_tutorial_3d_monolayer,4,16,1791316372.644052,2738522,worker_3,W008,ErodeObjects,step_completed,success,25.806451612903224,8,31
cp_tutorial_3d_monolayer,4,16,1791316372.6440713,2738522,worker_3,W008,ResizeObjects,step_started,started,25.806451612903224,8,31
cp_tutorial_3d_monolayer,4,16,1791316372.6678889,2738518,worker_1,W006,ErodeObjects,pattern_group,running,100.0,1,1
cp_tutorial_3d_monolayer,4,16,1791316372.6684935,2738518,worker_1,W006,ErodeObjects,step_completed,success,25.806451612903224,8,31
cp_tutorial_3d_monolayer,4,16,1791316372.6685157,2738518,worker_1,W006,ResizeObjects,step_started,started,25.806451612903224,8,31
cp_tutorial_3d_monolayer,4,16,1791316372.6679363,2738516,worker_0,W005,ErodeObjects,pattern_group,running,100.0,1,1
cp_tutorial_3d_monolayer,4,16,1791316372.668664,2738516,worker_0,W005,ErodeObjects,step_completed,success,25.806451612903224,8,31
cp_tutorial_3d_monolayer,4,16,1791316372.6686912,2738516,worker_0,W005,ResizeObjects,step_started,started,25.806451612903224,8,31
cp_tutorial_3d_monolayer,4,16,1791316372.6706471,2738522,worker_3,W008,ResizeObjects,pattern_group,running,100.0,1,1
cp_tutorial_3d_monolayer,4,16,1791316372.6711476,2738522,worker_3,W008,ResizeObjects,step_completed,success,29.03225806451613,9,31
cp_tutorial_3d_monolayer,4,16,1791316372.6711733,2738522,worker_3,W008,ConvertObjectsToImage,step_started,started,29.03225806451613,9,31
cp_tutorial_3d_monolayer,4,16,1791316372.70183,2738522,worker_3,W008,ConvertObjectsToImage,pattern_group,running,100.0,1,1
cp_tutorial_3d_monolayer,4,16,1791316372.7019997,2738522,worker_3,W008,ConvertObjectsToImage,step_completed,success,32.25806451612903,10,31
cp_tutorial_3d_monolayer,4,16,1791316372.70202,2738522,worker_3,W008,Threshold,step_started,started,32.25806451612903,10,31
cp_tutorial_3d_monolayer,4,16,1791316372.7024157,2738516,worker_0,W005,ResizeObjects,pattern_group,running,100.0,1,1
cp_tutorial_3d_monolayer,4,16,1791316372.7028975,2738516,worker_0,W005,ResizeObjects,step_completed,success,29.03225806451613,9,31
cp_tutorial_3d_monolayer,4,16,1791316372.7029173,2738516,worker_0,W005,ConvertObjectsToImage,step_started,started,29.03225806451613,9,31
cp_tutorial_3d_monolayer,4,16,1791316372.7048726,2738518,worker_1,W006,ResizeObjects,pattern_group,running,100.0,1,1
cp_tutorial_3d_monolayer,4,16,1791316372.7053578,2738518,worker_1,W006,ResizeObjects,step_completed,success,29.03225806451613,9,31
cp_tutorial_3d_monolayer,4,16,1791316372.7053773,2738518,worker_1,W006,ConvertObjectsToImage,step_started,started,29.03225806451613,9,31
cp_tutorial_3d_monolayer,4,16,1791316372.7270997,2738516,worker_0,W005,ConvertObjectsToImage,pattern_group,running,100.0,1,1
cp_tutorial_3d_monolayer,4,16,1791316372.7272592,2738516,worker_0,W005,ConvertObjectsToImage,step_completed,success,32.25806451612903,10,31
cp_tutorial_3d_monolayer,4,16,1791316372.727283,2738516,worker_0,W005,Threshold,step_started,started,32.25806451612903,10,31
cp_tutorial_3d_monolayer,4,16,1791316372.7294462,2738518,worker_1,W006,ConvertObjectsToImage,pattern_group,running,100.0,1,1
cp_tutorial_3d_monolayer,4,16,1791316372.729592,2738518,worker_1,W006,ConvertObjectsToImage,step_completed,success,32.25806451612903,10,31
cp_tutorial_3d_monolayer,4,16,1791316372.7296093,2738518,worker_1,W006,Threshold,step_started,started,32.25806451612903,10,31
cp_tutorial_3d_monolayer,4,16,1791316372.8489633,2738520,worker_2,W007,Threshold,pattern_group,running,100.0,1,1
cp_tutorial_3d_monolayer,4,16,1791316372.8492506,2738520,worker_2,W007,Threshold,step_completed,success,35.483870967741936,11,31
cp_tutorial_3d_monolayer,4,16,1791316372.849277,2738520,worker_2,W007,ImageMath,step_started,started,35.483870967741936,11,31
cp_tutorial_3d_monolayer,4,16,1791316372.887553,2738520,worker_2,W007,ImageMath,pattern_group,running,100.0,1,1
cp_tutorial_3d_monolayer,4,16,1791316372.88773,2738520,worker_2,W007,ImageMath,step_completed,success,38.70967741935484,12,31
cp_tutorial_3d_monolayer,4,16,1791316372.88775,2738520,worker_2,W007,RemoveHoles,step_started,started,38.70967741935484,12,31
cp_tutorial_3d_monolayer,4,16,1791316372.9097967,2738522,worker_3,W008,Threshold,pattern_group,running,100.0,1,1
cp_tutorial_3d_monolayer,4,16,1791316372.9100595,2738522,worker_3,W008,Threshold,step_completed,success,35.483870967741936,11,31
cp_tutorial_3d_monolayer,4,16,1791316372.9100797,2738522,worker_3,W008,ImageMath,step_started,started,35.483870967741936,11,31
cp_tutorial_3d_monolayer,4,16,1791316372.9355807,2738520,worker_2,W007,RemoveHoles,pattern_group,running,100.0,1,1
cp_tutorial_3d_monolayer,4,16,1791316372.9357815,2738520,worker_2,W007,RemoveHoles,step_completed,success,41.935483870967744,13,31
cp_tutorial_3d_monolayer,4,16,1791316372.9358037,2738520,worker_2,W007,ImageMath,step_started,started,41.935483870967744,13,31
cp_tutorial_3d_monolayer,4,16,1791316372.9464567,2738518,worker_1,W006,Threshold,pattern_group,running,100.0,1,1
cp_tutorial_3d_monolayer,4,16,1791316372.94673,2738518,worker_1,W006,Threshold,step_completed,success,35.483870967741936,11,31
cp_tutorial_3d_monolayer,4,16,1791316372.9467504,2738518,worker_1,W006,ImageMath,step_started,started,35.483870967741936,11,31
cp_tutorial_3d_monolayer,4,16,1791316372.9468322,2738522,worker_3,W008,ImageMath,pattern_group,running,100.0,1,1
cp_tutorial_3d_monolayer,4,16,1791316372.9469807,2738522,worker_3,W008,ImageMath,step_completed,success,38.70967741935484,12,31
cp_tutorial_3d_monolayer,4,16,1791316372.9469995,2738522,worker_3,W008,RemoveHoles,step_started,started,38.70967741935484,12,31
cp_tutorial_3d_monolayer,4,16,1791316372.9488544,2738516,worker_0,W005,Threshold,pattern_group,running,100.0,1,1
cp_tutorial_3d_monolayer,4,16,1791316372.9492455,2738516,worker_0,W005,Threshold,step_completed,success,35.483870967741936,11,31
cp_tutorial_3d_monolayer,4,16,1791316372.9492784,2738516,worker_0,W005,ImageMath,step_started,started,35.483870967741936,11,31
cp_tutorial_3d_monolayer,4,16,1791316372.9853685,2738518,worker_1,W006,ImageMath,pattern_group,running,100.0,1,1
cp_tutorial_3d_monolayer,4,16,1791316372.9855263,2738518,worker_1,W006,ImageMath,step_completed,success,38.70967741935484,12,31
cp_tutorial_3d_monolayer,4,16,1791316372.985545,2738518,worker_1,W006,RemoveHoles,step_started,started,38.70967741935484,12,31
cp_tutorial_3d_monolayer,4,16,1791316372.987561,2738516,worker_0,W005,ImageMath,pattern_group,running,100.0,1,1
cp_tutorial_3d_monolayer,4,16,1791316372.987752,2738516,worker_0,W005,ImageMath,step_completed,success,38.70967741935484,12,31
cp_tutorial_3d_monolayer,4,16,1791316372.9877706,2738516,worker_0,W005,RemoveHoles,step_started,started,38.70967741935484,12,31
cp_tutorial_3d_monolayer,4,16,1791316373.000439,2738522,worker_3,W008,RemoveHoles,pattern_group,running,100.0,1,1
cp_tutorial_3d_monolayer,4,16,1791316373.0005853,2738522,worker_3,W008,RemoveHoles,step_completed,success,41.935483870967744,13,31
cp_tutorial_3d_monolayer,4,16,1791316373.0006046,2738522,worker_3,W008,ImageMath,step_started,started,41.935483870967744,13,31
cp_tutorial_3d_monolayer,4,16,1791316373.0363972,2738518,worker_1,W006,RemoveHoles,pattern_group,running,100.0,1,1
cp_tutorial_3d_monolayer,4,16,1791316373.0367005,2738518,worker_1,W006,RemoveHoles,step_completed,success,41.935483870967744,13,31
cp_tutorial_3d_monolayer,4,16,1791316373.0367336,2738518,worker_1,W006,ImageMath,step_started,started,41.935483870967744,13,31
cp_tutorial_3d_monolayer,4,16,1791316373.0405023,2738516,worker_0,W005,RemoveHoles,pattern_group,running,100.0,1,1
cp_tutorial_3d_monolayer,4,16,1791316373.0407157,2738516,worker_0,W005,RemoveHoles,step_completed,success,41.935483870967744,13,31
cp_tutorial_3d_monolayer,4,16,1791316373.0407393,2738516,worker_0,W005,ImageMath,step_started,started,41.935483870967744,13,31
cp_tutorial_3d_monolayer,4,16,1791316373.2438521,2738520,worker_2,W007,ImageMath,pattern_group,running,100.0,1,1
cp_tutorial_3d_monolayer,4,16,1791316373.244009,2738520,worker_2,W007,ImageMath,step_completed,success,45.16129032258064,14,31
cp_tutorial_3d_monolayer,4,16,1791316373.2440279,2738520,worker_2,W007,Resize,step_started,started,45.16129032258064,14,31
cp_tutorial_3d_monolayer,4,16,1791316373.3028846,2738522,worker_3,W008,ImageMath,pattern_group,running,100.0,1,1
cp_tutorial_3d_monolayer,4,16,1791316373.3030515,2738522,worker_3,W008,ImageMath,step_completed,success,45.16129032258064,14,31
cp_tutorial_3d_monolayer,4,16,1791316373.3030717,2738522,worker_3,W008,Resize,step_started,started,45.16129032258064,14,31
cp_tutorial_3d_monolayer,4,16,1791316373.3398285,2738518,worker_1,W006,ImageMath,pattern_group,running,100.0,1,1
cp_tutorial_3d_monolayer,4,16,1791316373.3400095,2738518,worker_1,W006,ImageMath,step_completed,success,45.16129032258064,14,31
cp_tutorial_3d_monolayer,4,16,1791316373.3400295,2738518,worker_1,W006,Resize,step_started,started,45.16129032258064,14,31
cp_tutorial_3d_monolayer,4,16,1791316373.3666549,2738516,worker_0,W005,ImageMath,pattern_group,running,100.0,1,1
cp_tutorial_3d_monolayer,4,16,1791316373.3668349,2738516,worker_0,W005,ImageMath,step_completed,success,45.16129032258064,14,31
cp_tutorial_3d_monolayer,4,16,1791316373.3668559,2738516,worker_0,W005,Resize,step_started,started,45.16129032258064,14,31
cp_tutorial_3d_monolayer,4,16,1791316373.43597,2738520,worker_2,W007,Resize,pattern_group,running,100.0,1,1
cp_tutorial_3d_monolayer,4,16,1791316373.4361327,2738520,worker_2,W007,Resize,step_completed,success,48.38709677419355,15,31
cp_tutorial_3d_monolayer,4,16,1791316373.4361532,2738520,worker_2,W007,Closing,step_started,started,48.38709677419355,15,31
cp_tutorial_3d_monolayer,4,16,1791316373.490486,2738522,worker_3,W008,Resize,pattern_group,running,100.0,1,1
cp_tutorial_3d_monolayer,4,16,1791316373.4906468,2738522,worker_3,W008,Resize,step_completed,success,48.38709677419355,15,31
cp_tutorial_3d_monolayer,4,16,1791316373.4906669,2738522,worker_3,W008,Closing,step_started,started,48.38709677419355,15,31
cp_tutorial_3d_monolayer,4,16,1791316373.5192451,2738520,worker_2,W007,Closing,pattern_group,running,100.0,1,1
cp_tutorial_3d_monolayer,4,16,1791316373.5194016,2738520,worker_2,W007,Closing,step_completed,success,51.61290322580645,16,31
cp_tutorial_3d_monolayer,4,16,1791316373.5194204,2738520,worker_2,W007,Resize,step_started,started,51.61290322580645,16,31
cp_tutorial_3d_monolayer,4,16,1791316373.5234551,2738518,worker_1,W006,Resize,pattern_group,running,100.0,1,1
cp_tutorial_3d_monolayer,4,16,1791316373.5236208,2738518,worker_1,W006,Resize,step_completed,success,48.38709677419355,15,31
cp_tutorial_3d_monolayer,4,16,1791316373.523641,2738518,worker_1,W006,Closing,step_started,started,48.38709677419355,15,31
cp_tutorial_3d_monolayer,4,16,1791316373.5490282,2738516,worker_0,W005,Resize,pattern_group,running,100.0,1,1
cp_tutorial_3d_monolayer,4,16,1791316373.5492766,2738516,worker_0,W005,Resize,step_completed,success,48.38709677419355,15,31
cp_tutorial_3d_monolayer,4,16,1791316373.5492997,2738516,worker_0,W005,Closing,step_started,started,48.38709677419355,15,31
cp_tutorial_3d_monolayer,4,16,1791316373.5706127,2738520,worker_2,W007,Resize,pattern_group,running,100.0,1,1
cp_tutorial_3d_monolayer,4,16,1791316373.570777,2738520,worker_2,W007,Resize,step_completed,success,54.83870967741935,17,31
cp_tutorial_3d_monolayer,4,16,1791316373.5707967,2738520,worker_2,W007,Threshold,step_started,started,54.83870967741935,17,31
cp_tutorial_3d_monolayer,4,16,1791316373.575852,2738522,worker_3,W008,Closing,pattern_group,running,100.0,1,1
cp_tutorial_3d_monolayer,4,16,1791316373.576037,2738522,worker_3,W008,Closing,step_completed,success,51.61290322580645,16,31
cp_tutorial_3d_monolayer,4,16,1791316373.5760574,2738522,worker_3,W008,Resize,step_started,started,51.61290322580645,16,31
cp_tutorial_3d_monolayer,4,16,1791316373.6152227,2738518,worker_1,W006,Closing,pattern_group,running,100.0,1,1
cp_tutorial_3d_monolayer,4,16,1791316373.6154013,2738518,worker_1,W006,Closing,step_completed,success,51.61290322580645,16,31
cp_tutorial_3d_monolayer,4,16,1791316373.6154234,2738518,worker_1,W006,Resize,step_started,started,51.61290322580645,16,31
cp_tutorial_3d_monolayer,4,16,1791316373.6356354,2738522,worker_3,W008,Resize,pattern_group,running,100.0,1,1
cp_tutorial_3d_monolayer,4,16,1791316373.6358,2738522,worker_3,W008,Resize,step_completed,success,54.83870967741935,17,31
cp_tutorial_3d_monolayer,4,16,1791316373.6358204,2738522,worker_3,W008,Threshold,step_started,started,54.83870967741935,17,31
cp_tutorial_3d_monolayer,4,16,1791316373.6386726,2738516,worker_0,W005,Closing,pattern_group,running,100.0,1,1
cp_tutorial_3d_monolayer,4,16,1791316373.63882,2738516,worker_0,W005,Closing,step_completed,success,51.61290322580645,16,31
cp_tutorial_3d_monolayer,4,16,1791316373.6388385,2738516,worker_0,W005,Resize,step_started,started,51.61290322580645,16,31
cp_tutorial_3d_monolayer,4,16,1791316373.6683898,2738518,worker_1,W006,Resize,pattern_group,running,100.0,1,1
cp_tutorial_3d_monolayer,4,16,1791316373.6686225,2738518,worker_1,W006,Resize,step_completed,success,54.83870967741935,17,31
cp_tutorial_3d_monolayer,4,16,1791316373.6686466,2738518,worker_1,W006,Threshold,step_started,started,54.83870967741935,17,31
cp_tutorial_3d_monolayer,4,16,1791316373.6961021,2738516,worker_0,W005,Resize,pattern_group,running,100.0,1,1
cp_tutorial_3d_monolayer,4,16,1791316373.696372,2738516,worker_0,W005,Resize,step_completed,success,54.83870967741935,17,31
cp_tutorial_3d_monolayer,4,16,1791316373.6964066,2738516,worker_0,W005,Threshold,step_started,started,54.83870967741935,17,31
cp_tutorial_3d_monolayer,4,16,1791316373.8403215,2738520,worker_2,W007,Threshold,pattern_group,running,100.0,1,1
cp_tutorial_3d_monolayer,4,16,1791316373.8408022,2738520,worker_2,W007,Threshold,step_completed,success,58.06451612903226,18,31
cp_tutorial_3d_monolayer,4,16,1791316373.8408432,2738520,worker_2,W007,MaskImage,step_started,started,58.06451612903226,18,31
cp_tutorial_3d_monolayer,4,16,1791316373.8998106,2738520,worker_2,W007,MaskImage,pattern_group,running,100.0,1,1
cp_tutorial_3d_monolayer,4,16,1791316373.899976,2738520,worker_2,W007,MaskImage,step_completed,success,61.29032258064516,19,31
cp_tutorial_3d_monolayer,4,16,1791316373.8999953,2738520,worker_2,W007,ErodeImage,step_started,started,61.29032258064516,19,31
cp_tutorial_3d_monolayer,4,16,1791316373.9314384,2738520,worker_2,W007,ErodeImage,pattern_group,running,100.0,1,1
cp_tutorial_3d_monolayer,4,16,1791316373.9316583,2738520,worker_2,W007,ErodeImage,step_completed,success,64.51612903225806,20,31
cp_tutorial_3d_monolayer,4,16,1791316373.931683,2738520,worker_2,W007,Watershed,step_started,started,64.51612903225806,20,31
cp_tutorial_3d_monolayer,4,16,1791316373.9614549,2738518,worker_1,W006,Threshold,pattern_group,running,100.0,1,1
cp_tutorial_3d_monolayer,4,16,1791316373.9617467,2738518,worker_1,W006,Threshold,step_completed,success,58.06451612903226,18,31
cp_tutorial_3d_monolayer,4,16,1791316373.9617677,2738518,worker_1,W006,MaskImage,step_started,started,58.06451612903226,18,31
cp_tutorial_3d_monolayer,4,16,1791316373.9647746,2738522,worker_3,W008,Threshold,pattern_group,running,100.0,1,1
cp_tutorial_3d_monolayer,4,16,1791316373.9650445,2738522,worker_3,W008,Threshold,step_completed,success,58.06451612903226,18,31
cp_tutorial_3d_monolayer,4,16,1791316373.9650643,2738522,worker_3,W008,MaskImage,step_started,started,58.06451612903226,18,31
cp_tutorial_3d_monolayer,4,16,1791316373.9867423,2738516,worker_0,W005,Threshold,pattern_group,running,100.0,1,1
cp_tutorial_3d_monolayer,4,16,1791316373.987038,2738516,worker_0,W005,Threshold,step_completed,success,58.06451612903226,18,31
cp_tutorial_3d_monolayer,4,16,1791316373.9870622,2738516,worker_0,W005,MaskImage,step_started,started,58.06451612903226,18,31
cp_tutorial_3d_monolayer,4,16,1791316374.012359,2738518,worker_1,W006,MaskImage,pattern_group,running,100.0,1,1
cp_tutorial_3d_monolayer,4,16,1791316374.0125442,2738518,worker_1,W006,MaskImage,step_completed,success,61.29032258064516,19,31
cp_tutorial_3d_monolayer,4,16,1791316374.012564,2738518,worker_1,W006,ErodeImage,step_started,started,61.29032258064516,19,31
cp_tutorial_3d_monolayer,4,16,1791316374.015046,2738522,worker_3,W008,MaskImage,pattern_group,running,100.0,1,1
cp_tutorial_3d_monolayer,4,16,1791316374.0152228,2738522,worker_3,W008,MaskImage,step_completed,success,61.29032258064516,19,31
cp_tutorial_3d_monolayer,4,16,1791316374.0152457,2738522,worker_3,W008,ErodeImage,step_started,started,61.29032258064516,19,31
cp_tutorial_3d_monolayer,4,16,1791316374.0365412,2738516,worker_0,W005,MaskImage,pattern_group,running,100.0,1,1
cp_tutorial_3d_monolayer,4,16,1791316374.036704,2738516,worker_0,W005,MaskImage,step_completed,success,61.29032258064516,19,31
cp_tutorial_3d_monolayer,4,16,1791316374.0367243,2738516,worker_0,W005,ErodeImage,step_started,started,61.29032258064516,19,31
cp_tutorial_3d_monolayer,4,16,1791316374.045628,2738518,worker_1,W006,ErodeImage,pattern_group,running,100.0,1,1
cp_tutorial_3d_monolayer,4,16,1791316374.0457928,2738518,worker_1,W006,ErodeImage,step_completed,success,64.51612903225806,20,31
cp_tutorial_3d_monolayer,4,16,1791316374.045812,2738518,worker_1,W006,Watershed,step_started,started,64.51612903225806,20,31
cp_tutorial_3d_monolayer,4,16,1791316374.0473173,2738522,worker_3,W008,ErodeImage,pattern_group,running,100.0,1,1
cp_tutorial_3d_monolayer,4,16,1791316374.0475419,2738522,worker_3,W008,ErodeImage,step_completed,success,64.51612903225806,20,31
cp_tutorial_3d_monolayer,4,16,1791316374.0475664,2738522,worker_3,W008,Watershed,step_started,started,64.51612903225806,20,31
cp_tutorial_3d_monolayer,4,16,1791316374.0707572,2738516,worker_0,W005,ErodeImage,pattern_group,running,100.0,1,1
cp_tutorial_3d_monolayer,4,16,1791316374.0711331,2738516,worker_0,W005,ErodeImage,step_completed,success,64.51612903225806,20,31
cp_tutorial_3d_monolayer,4,16,1791316374.071164,2738516,worker_0,W005,Watershed,step_started,started,64.51612903225806,20,31
cp_tutorial_3d_monolayer,4,16,1791316374.1070478,2738520,worker_2,W007,Watershed,pattern_group,running,100.0,1,1
cp_tutorial_3d_monolayer,4,16,1791316374.1075733,2738520,worker_2,W007,Watershed,step_completed,success,67.74193548387096,21,31
cp_tutorial_3d_monolayer,4,16,1791316374.1076016,2738520,worker_2,W007,MeasureObjectIntensity,step_started,started,67.74193548387096,21,31
cp_tutorial_3d_monolayer,4,16,1791316374.2053573,2738522,worker_3,W008,Watershed,pattern_group,running,100.0,1,1
cp_tutorial_3d_monolayer,4,16,1791316374.2057564,2738522,worker_3,W008,Watershed,step_completed,success,67.74193548387096,21,31
cp_tutorial_3d_monolayer,4,16,1791316374.2057762,2738522,worker_3,W008,MeasureObjectIntensity,step_started,started,67.74193548387096,21,31
cp_tutorial_3d_monolayer,4,16,1791316374.2175376,2738518,worker_1,W006,Watershed,pattern_group,running,100.0,1,1
cp_tutorial_3d_monolayer,4,16,1791316374.2183633,2738518,worker_1,W006,Watershed,step_completed,success,67.74193548387096,21,31
cp_tutorial_3d_monolayer,4,16,1791316374.218396,2738518,worker_1,W006,MeasureObjectIntensity,step_started,started,67.74193548387096,21,31
cp_tutorial_3d_monolayer,4,16,1791316374.2534387,2738516,worker_0,W005,Watershed,pattern_group,running,100.0,1,1
cp_tutorial_3d_monolayer,4,16,1791316374.2538636,2738516,worker_0,W005,Watershed,step_completed,success,67.74193548387096,21,31
cp_tutorial_3d_monolayer,4,16,1791316374.2538915,2738516,worker_0,W005,MeasureObjectIntensity,step_started,started,67.74193548387096,21,31
cp_tutorial_3d_monolayer,4,16,1791316374.4296532,2738520,worker_2,W007,MeasureObjectIntensity,pattern_group,running,50.0,1,2
cp_tutorial_3d_monolayer,4,16,1791316374.5475252,2738522,worker_3,W008,MeasureObjectIntensity,pattern_group,running,50.0,1,2
cp_tutorial_3d_monolayer,4,16,1791316374.575513,2738518,worker_1,W006,MeasureObjectIntensity,pattern_group,running,50.0,1,2
cp_tutorial_3d_monolayer,4,16,1791316374.6126301,2738516,worker_0,W005,MeasureObjectIntensity,pattern_group,running,50.0,1,2
cp_tutorial_3d_monolayer,4,16,1791316374.8714383,2738520,worker_2,W007,MeasureObjectIntensity,pattern_group,running,100.0,2,2
cp_tutorial_3d_monolayer,4,16,1791316374.8741245,2738520,worker_2,W007,MeasureObjectIntensity,step_completed,success,70.96774193548387,22,31
cp_tutorial_3d_monolayer,4,16,1791316374.8741648,2738520,worker_2,W007,MeasureObjectSizeShape,step_started,started,70.96774193548387,22,31
cp_tutorial_3d_monolayer,4,16,1791316374.9233208,2738522,worker_3,W008,MeasureObjectIntensity,pattern_group,running,100.0,2,2
cp_tutorial_3d_monolayer,4,16,1791316374.9256816,2738522,worker_3,W008,MeasureObjectIntensity,step_completed,success,70.96774193548387,22,31
cp_tutorial_3d_monolayer,4,16,1791316374.9257147,2738522,worker_3,W008,MeasureObjectSizeShape,step_started,started,70.96774193548387,22,31
cp_tutorial_3d_monolayer,4,16,1791316374.9670577,2738520,worker_2,W007,MeasureObjectSizeShape,pattern_group,running,50.0,1,2
cp_tutorial_3d_monolayer,4,16,1791316375.0234547,2738522,worker_3,W008,MeasureObjectSizeShape,pattern_group,running,50.0,1,2
cp_tutorial_3d_monolayer,4,16,1791316375.0338871,2738518,worker_1,W006,MeasureObjectIntensity,pattern_group,running,100.0,2,2
cp_tutorial_3d_monolayer,4,16,1791316375.0368793,2738518,worker_1,W006,MeasureObjectIntensity,step_completed,success,70.96774193548387,22,31
cp_tutorial_3d_monolayer,4,16,1791316375.0369186,2738518,worker_1,W006,MeasureObjectSizeShape,step_started,started,70.96774193548387,22,31
cp_tutorial_3d_monolayer,4,16,1791316375.064645,2738520,worker_2,W007,MeasureObjectSizeShape,pattern_group,running,100.0,2,2
cp_tutorial_3d_monolayer,4,16,1791316375.0652282,2738520,worker_2,W007,MeasureObjectSizeShape,step_completed,success,74.19354838709677,23,31
cp_tutorial_3d_monolayer,4,16,1791316375.0652494,2738520,worker_2,W007,OverlayObjects,step_started,started,74.19354838709677,23,31
cp_tutorial_3d_monolayer,4,16,1791316375.0751119,2738516,worker_0,W005,MeasureObjectIntensity,pattern_group,running,100.0,2,2
cp_tutorial_3d_monolayer,4,16,1791316375.0774999,2738516,worker_0,W005,MeasureObjectIntensity,step_completed,success,70.96774193548387,22,31
cp_tutorial_3d_monolayer,4,16,1791316375.07753,2738516,worker_0,W005,MeasureObjectSizeShape,step_started,started,70.96774193548387,22,31
cp_tutorial_3d_monolayer,4,16,1791316375.1072223,2738520,worker_2,W007,OverlayObjects,pattern_group,running,100.0,1,1
cp_tutorial_3d_monolayer,4,16,1791316375.1073666,2738520,worker_2,W007,OverlayObjects,step_completed,success,77.41935483870968,24,31
cp_tutorial_3d_monolayer,4,16,1791316375.107386,2738520,worker_2,W007,RescaleIntensity,step_started,started,77.41935483870968,24,31
cp_tutorial_3d_monolayer,4,16,1791316375.1335027,2738522,worker_3,W008,MeasureObjectSizeShape,pattern_group,running,100.0,2,2
cp_tutorial_3d_monolayer,4,16,1791316375.134081,2738522,worker_3,W008,MeasureObjectSizeShape,step_completed,success,74.19354838709677,23,31
cp_tutorial_3d_monolayer,4,16,1791316375.1341019,2738522,worker_3,W008,OverlayObjects,step_started,started,74.19354838709677,23,31
cp_tutorial_3d_monolayer,4,16,1791316375.1360185,2738518,worker_1,W006,MeasureObjectSizeShape,pattern_group,running,50.0,1,2
cp_tutorial_3d_monolayer,4,16,1791316375.1699235,2738516,worker_0,W005,MeasureObjectSizeShape,pattern_group,running,50.0,1,2
cp_tutorial_3d_monolayer,4,16,1791316375.1828887,2738522,worker_3,W008,OverlayObjects,pattern_group,running,100.0,1,1
cp_tutorial_3d_monolayer,4,16,1791316375.1830275,2738522,worker_3,W008,OverlayObjects,step_completed,success,77.41935483870968,24,31
cp_tutorial_3d_monolayer,4,16,1791316375.1830478,2738522,worker_3,W008,RescaleIntensity,step_started,started,77.41935483870968,24,31
cp_tutorial_3d_monolayer,4,16,1791316375.214261,2738520,worker_2,W007,RescaleIntensity,pattern_group,running,100.0,1,1
cp_tutorial_3d_monolayer,4,16,1791316375.2144158,2738520,worker_2,W007,RescaleIntensity,step_completed,success,80.64516129032258,25,31
cp_tutorial_3d_monolayer,4,16,1791316375.214434,2738520,worker_2,W007,OverlayObjects,step_started,started,80.64516129032258,25,31
cp_tutorial_3d_monolayer,4,16,1791316375.238391,2738518,worker_1,W006,MeasureObjectSizeShape,pattern_group,running,100.0,2,2
cp_tutorial_3d_monolayer,4,16,1791316375.2389796,2738518,worker_1,W006,MeasureObjectSizeShape,step_completed,success,74.19354838709677,23,31
cp_tutorial_3d_monolayer,4,16,1791316375.2390008,2738518,worker_1,W006,OverlayObjects,step_started,started,74.19354838709677,23,31
cp_tutorial_3d_monolayer,4,16,1791316375.2548897,2738520,worker_2,W007,OverlayObjects,pattern_group,running,100.0,1,1
cp_tutorial_3d_monolayer,4,16,1791316375.2550085,2738520,worker_2,W007,OverlayObjects,step_completed,success,83.87096774193549,26,31
cp_tutorial_3d_monolayer,4,16,1791316375.2550287,2738520,worker_2,W007,ConvertObjectsToImage,step_started,started,83.87096774193549,26,31
cp_tutorial_3d_monolayer,4,16,1791316375.269684,2738516,worker_0,W005,MeasureObjectSizeShape,pattern_group,running,100.0,2,2
cp_tutorial_3d_monolayer,4,16,1791316375.2703352,2738516,worker_0,W005,MeasureObjectSizeShape,step_completed,success,74.19354838709677,23,31
cp_tutorial_3d_monolayer,4,16,1791316375.2703578,2738516,worker_0,W005,OverlayObjects,step_started,started,74.19354838709677,23,31
cp_tutorial_3d_monolayer,4,16,1791316375.2871602,2738518,worker_1,W006,OverlayObjects,pattern_group,running,100.0,1,1
cp_tutorial_3d_monolayer,4,16,1791316375.2873757,2738518,worker_1,W006,OverlayObjects,step_completed,success,77.41935483870968,24,31
cp_tutorial_3d_monolayer,4,16,1791316375.2874029,2738518,worker_1,W006,RescaleIntensity,step_started,started,77.41935483870968,24,31
cp_tutorial_3d_monolayer,4,16,1791316375.2965362,2738520,worker_2,W007,ConvertObjectsToImage,pattern_group,running,100.0,1,1
cp_tutorial_3d_monolayer,4,16,1791316375.296706,2738520,worker_2,W007,ConvertObjectsToImage,step_completed,success,87.09677419354838,27,31
cp_tutorial_3d_monolayer,4,16,1791316375.296727,2738520,worker_2,W007,SaveImages,step_started,started,87.09677419354838,27,31
cp_tutorial_3d_monolayer,4,16,1791316375.3046498,2738522,worker_3,W008,RescaleIntensity,pattern_group,running,100.0,1,1
cp_tutorial_3d_monolayer,4,16,1791316375.3048036,2738522,worker_3,W008,RescaleIntensity,step_completed,success,80.64516129032258,25,31
cp_tutorial_3d_monolayer,4,16,1791316375.304823,2738522,worker_3,W008,OverlayObjects,step_started,started,80.64516129032258,25,31
cp_tutorial_3d_monolayer,4,16,1791316375.3168788,2738516,worker_0,W005,OverlayObjects,pattern_group,running,100.0,1,1
cp_tutorial_3d_monolayer,4,16,1791316375.3170278,2738516,worker_0,W005,OverlayObjects,step_completed,success,77.41935483870968,24,31
cp_tutorial_3d_monolayer,4,16,1791316375.3170505,2738516,worker_0,W005,RescaleIntensity,step_started,started,77.41935483870968,24,31
cp_tutorial_3d_monolayer,4,16,1791316375.3460364,2738520,worker_2,W007,SaveImages,pattern_group,running,100.0,1,1
cp_tutorial_3d_monolayer,4,16,1791316375.348812,2738522,worker_3,W008,OverlayObjects,pattern_group,running,100.0,1,1
cp_tutorial_3d_monolayer,4,16,1791316375.3489192,2738522,worker_3,W008,OverlayObjects,step_completed,success,83.87096774193549,26,31
cp_tutorial_3d_monolayer,4,16,1791316375.348939,2738522,worker_3,W008,ConvertObjectsToImage,step_started,started,83.87096774193549,26,31
cp_tutorial_3d_monolayer,4,16,1791316375.3575113,2738520,worker_2,W007,SaveImages,step_completed,success,90.32258064516128,28,31
cp_tutorial_3d_monolayer,4,16,1791316375.3575659,2738520,worker_2,W007,ConvertObjectsToImage,step_started,started,90.32258064516128,28,31
cp_tutorial_3d_monolayer,4,16,1791316375.3937268,2738522,worker_3,W008,ConvertObjectsToImage,pattern_group,running,100.0,1,1
cp_tutorial_3d_monolayer,4,16,1791316375.3938782,2738522,worker_3,W008,ConvertObjectsToImage,step_completed,success,87.09677419354838,27,31
cp_tutorial_3d_monolayer,4,16,1791316375.3938982,2738522,worker_3,W008,SaveImages,step_started,started,87.09677419354838,27,31
cp_tutorial_3d_monolayer,4,16,1791316375.4038212,2738520,worker_2,W007,ConvertObjectsToImage,pattern_group,running,100.0,1,1
cp_tutorial_3d_monolayer,4,16,1791316375.404072,2738520,worker_2,W007,ConvertObjectsToImage,step_completed,success,93.54838709677419,29,31
cp_tutorial_3d_monolayer,4,16,1791316375.4041014,2738520,worker_2,W007,SaveImages,step_started,started,93.54838709677419,29,31
cp_tutorial_3d_monolayer,4,16,1791316375.403008,2738518,worker_1,W006,RescaleIntensity,pattern_group,running,100.0,1,1
cp_tutorial_3d_monolayer,4,16,1791316375.4031432,2738518,worker_1,W006,RescaleIntensity,step_completed,success,80.64516129032258,25,31
cp_tutorial_3d_monolayer,4,16,1791316375.403162,2738518,worker_1,W006,OverlayObjects,step_started,started,80.64516129032258,25,31
cp_tutorial_3d_monolayer,4,16,1791316375.43896,2738518,worker_1,W006,OverlayObjects,pattern_group,running,100.0,1,1
cp_tutorial_3d_monolayer,4,16,1791316375.4391286,2738518,worker_1,W006,OverlayObjects,step_completed,success,83.87096774193549,26,31
cp_tutorial_3d_monolayer,4,16,1791316375.4391537,2738518,worker_1,W006,ConvertObjectsToImage,step_started,started,83.87096774193549,26,31
cp_tutorial_3d_monolayer,4,16,1791316375.4493814,2738516,worker_0,W005,RescaleIntensity,pattern_group,running,100.0,1,1
cp_tutorial_3d_monolayer,4,16,1791316375.4496443,2738516,worker_0,W005,RescaleIntensity,step_completed,success,80.64516129032258,25,31
cp_tutorial_3d_monolayer,4,16,1791316375.4496903,2738516,worker_0,W005,OverlayObjects,step_started,started,80.64516129032258,25,31
cp_tutorial_3d_monolayer,4,16,1791316375.448575,2738522,worker_3,W008,SaveImages,pattern_group,running,100.0,1,1
cp_tutorial_3d_monolayer,4,16,1791316375.4561882,2738522,worker_3,W008,SaveImages,step_completed,success,90.32258064516128,28,31
cp_tutorial_3d_monolayer,4,16,1791316375.4562466,2738522,worker_3,W008,ConvertObjectsToImage,step_started,started,90.32258064516128,28,31
cp_tutorial_3d_monolayer,4,16,1791316375.4551818,2738520,worker_2,W007,SaveImages,pattern_group,running,100.0,1,1
cp_tutorial_3d_monolayer,4,16,1791316375.464737,2738520,worker_2,W007,SaveImages,step_completed,success,96.7741935483871,30,31
cp_tutorial_3d_monolayer,4,16,1791316375.4746296,2738520,worker_2,W007,pipeline,axis_completed,success,96.7741935483871,30,31
cp_tutorial_3d_monolayer,4,16,1791316375.4748578,2738520,worker_2,W011,pipeline,axis_started,started,0.0,0,31
cp_tutorial_3d_monolayer,4,16,1791316375.474945,2738520,worker_2,W011,RescaleIntensity,step_started,started,0.0,0,31
cp_tutorial_3d_monolayer,4,16,1791316375.4811728,2738518,worker_1,W006,ConvertObjectsToImage,pattern_group,running,100.0,1,1
cp_tutorial_3d_monolayer,4,16,1791316375.48137,2738518,worker_1,W006,ConvertObjectsToImage,step_completed,success,87.09677419354838,27,31
cp_tutorial_3d_monolayer,4,16,1791316375.4813952,2738518,worker_1,W006,SaveImages,step_started,started,87.09677419354838,27,31
cp_tutorial_3d_monolayer,4,16,1791316375.4923165,2738516,worker_0,W005,OverlayObjects,pattern_group,running,100.0,1,1
cp_tutorial_3d_monolayer,4,16,1791316375.4924188,2738516,worker_0,W005,OverlayObjects,step_completed,success,83.87096774193549,26,31
cp_tutorial_3d_monolayer,4,16,1791316375.4924383,2738516,worker_0,W005,ConvertObjectsToImage,step_started,started,83.87096774193549,26,31
cp_tutorial_3d_monolayer,4,16,1791316375.5108335,2738522,worker_3,W008,ConvertObjectsToImage,pattern_group,running,100.0,1,1
cp_tutorial_3d_monolayer,4,16,1791316375.5110257,2738522,worker_3,W008,ConvertObjectsToImage,step_completed,success,93.54838709677419,29,31
cp_tutorial_3d_monolayer,4,16,1791316375.5110464,2738522,worker_3,W008,SaveImages,step_started,started,93.54838709677419,29,31
cp_tutorial_3d_monolayer,4,16,1791316375.527119,2738516,worker_0,W005,ConvertObjectsToImage,pattern_group,running,100.0,1,1
cp_tutorial_3d_monolayer,4,16,1791316375.5272834,2738516,worker_0,W005,ConvertObjectsToImage,step_completed,success,87.09677419354838,27,31
cp_tutorial_3d_monolayer,4,16,1791316375.5273063,2738516,worker_0,W005,SaveImages,step_started,started,87.09677419354838,27,31
cp_tutorial_3d_monolayer,4,16,1791316375.5389054,2738518,worker_1,W006,SaveImages,pattern_group,running,100.0,1,1
cp_tutorial_3d_monolayer,4,16,1791316375.5466738,2738518,worker_1,W006,SaveImages,step_completed,success,90.32258064516128,28,31
cp_tutorial_3d_monolayer,4,16,1791316375.5467467,2738518,worker_1,W006,ConvertObjectsToImage,step_started,started,90.32258064516128,28,31
cp_tutorial_3d_monolayer,4,16,1791316375.5640385,2738522,worker_3,W008,SaveImages,pattern_group,running,100.0,1,1
cp_tutorial_3d_monolayer,4,16,1791316375.5731568,2738522,worker_3,W008,SaveImages,step_completed,success,96.7741935483871,30,31
cp_tutorial_3d_monolayer,4,16,1791316375.579337,2738522,worker_3,W008,pipeline,axis_completed,success,96.7741935483871,30,31
cp_tutorial_3d_monolayer,4,16,1791316375.5794308,2738522,worker_3,W012,pipeline,axis_started,started,0.0,0,31
cp_tutorial_3d_monolayer,4,16,1791316375.579465,2738522,worker_3,W012,RescaleIntensity,step_started,started,0.0,0,31
cp_tutorial_3d_monolayer,4,16,1791316375.5869699,2738516,worker_0,W005,SaveImages,pattern_group,running,100.0,1,1
cp_tutorial_3d_monolayer,4,16,1791316375.5938737,2738518,worker_1,W006,ConvertObjectsToImage,pattern_group,running,100.0,1,1
cp_tutorial_3d_monolayer,4,16,1791316375.5941117,2738518,worker_1,W006,ConvertObjectsToImage,step_completed,success,93.54838709677419,29,31
cp_tutorial_3d_monolayer,4,16,1791316375.5941331,2738518,worker_1,W006,SaveImages,step_started,started,93.54838709677419,29,31
cp_tutorial_3d_monolayer,4,16,1791316375.5968635,2738516,worker_0,W005,SaveImages,step_completed,success,90.32258064516128,28,31
cp_tutorial_3d_monolayer,4,16,1791316375.596915,2738516,worker_0,W005,ConvertObjectsToImage,step_started,started,90.32258064516128,28,31
cp_tutorial_3d_monolayer,4,16,1791316375.633433,2738516,worker_0,W005,ConvertObjectsToImage,pattern_group,running,100.0,1,1
cp_tutorial_3d_monolayer,4,16,1791316375.633616,2738516,worker_0,W005,ConvertObjectsToImage,step_completed,success,93.54838709677419,29,31
cp_tutorial_3d_monolayer,4,16,1791316375.6336362,2738516,worker_0,W005,SaveImages,step_started,started,93.54838709677419,29,31
cp_tutorial_3d_monolayer,4,16,1791316375.6437483,2738518,worker_1,W006,SaveImages,pattern_group,running,100.0,1,1
cp_tutorial_3d_monolayer,4,16,1791316375.6501267,2738518,worker_1,W006,SaveImages,step_completed,success,96.7741935483871,30,31
cp_tutorial_3d_monolayer,4,16,1791316375.6560647,2738518,worker_1,W006,pipeline,axis_completed,success,96.7741935483871,30,31
cp_tutorial_3d_monolayer,4,16,1791316375.656159,2738518,worker_1,W010,pipeline,axis_started,started,0.0,0,31
cp_tutorial_3d_monolayer,4,16,1791316375.6561975,2738518,worker_1,W010,RescaleIntensity,step_started,started,0.0,0,31
cp_tutorial_3d_monolayer,4,16,1791316375.6839156,2738516,worker_0,W005,SaveImages,pattern_group,running,100.0,1,1
cp_tutorial_3d_monolayer,4,16,1791316375.6906176,2738516,worker_0,W005,SaveImages,step_completed,success,96.7741935483871,30,31
cp_tutorial_3d_monolayer,4,16,1791316375.6967685,2738516,worker_0,W005,pipeline,axis_completed,success,96.7741935483871,30,31
cp_tutorial_3d_monolayer,4,16,1791316375.696857,2738516,worker_0,W009,pipeline,axis_started,started,0.0,0,31
cp_tutorial_3d_monolayer,4,16,1791316375.6968875,2738516,worker_0,W009,RescaleIntensity,step_started,started,0.0,0,31
cp_tutorial_3d_monolayer,4,16,1791316375.7845235,2738520,worker_2,W011,RescaleIntensity,pattern_group,running,100.0,1,1
cp_tutorial_3d_monolayer,4,16,1791316375.7846649,2738520,worker_2,W011,RescaleIntensity,step_completed,success,3.225806451612903,1,31
cp_tutorial_3d_monolayer,4,16,1791316375.7846842,2738520,worker_2,W011,Resize,step_started,started,3.225806451612903,1,31
cp_tutorial_3d_monolayer,4,16,1791316375.8405757,2738520,worker_2,W011,Resize,pattern_group,running,100.0,1,1
cp_tutorial_3d_monolayer,4,16,1791316375.84073,2738520,worker_2,W011,Resize,step_completed,success,6.451612903225806,2,31
cp_tutorial_3d_monolayer,4,16,1791316375.840749,2738520,worker_2,W011,MedianFilter,step_started,started,6.451612903225806,2,31
cp_tutorial_3d_monolayer,4,16,1791316375.8858361,2738522,worker_3,W012,RescaleIntensity,pattern_group,running,100.0,1,1
cp_tutorial_3d_monolayer,4,16,1791316375.885976,2738522,worker_3,W012,RescaleIntensity,step_completed,success,3.225806451612903,1,31
cp_tutorial_3d_monolayer,4,16,1791316375.8859942,2738522,worker_3,W012,Resize,step_started,started,3.225806451612903,1,31
cp_tutorial_3d_monolayer,4,16,1791316375.9470913,2738522,worker_3,W012,Resize,pattern_group,running,100.0,1,1
cp_tutorial_3d_monolayer,4,16,1791316375.9472458,2738522,worker_3,W012,Resize,step_completed,success,6.451612903225806,2,31
cp_tutorial_3d_monolayer,4,16,1791316375.947266,2738522,worker_3,W012,MedianFilter,step_started,started,6.451612903225806,2,31
cp_tutorial_3d_monolayer,4,16,1791316375.9500306,2738518,worker_1,W010,RescaleIntensity,pattern_group,running,100.0,1,1
cp_tutorial_3d_monolayer,4,16,1791316375.9502845,2738518,worker_1,W010,RescaleIntensity,step_completed,success,3.225806451612903,1,31
cp_tutorial_3d_monolayer,4,16,1791316375.9503148,2738518,worker_1,W010,Resize,step_started,started,3.225806451612903,1,31
cp_tutorial_3d_monolayer,4,16,1791316376.0050883,2738516,worker_0,W009,RescaleIntensity,pattern_group,running,100.0,1,1
cp_tutorial_3d_monolayer,4,16,1791316376.0052478,2738516,worker_0,W009,RescaleIntensity,step_completed,success,3.225806451612903,1,31
cp_tutorial_3d_monolayer,4,16,1791316376.0052664,2738516,worker_0,W009,Resize,step_started,started,3.225806451612903,1,31
cp_tutorial_3d_monolayer,4,16,1791316376.0093112,2738518,worker_1,W010,Resize,pattern_group,running,100.0,1,1
cp_tutorial_3d_monolayer,4,16,1791316376.0094788,2738518,worker_1,W010,Resize,step_completed,success,6.451612903225806,2,31
cp_tutorial_3d_monolayer,4,16,1791316376.0095015,2738518,worker_1,W010,MedianFilter,step_started,started,6.451612903225806,2,31
cp_tutorial_3d_monolayer,4,16,1791316376.0092468,2738520,worker_2,W011,MedianFilter,pattern_group,running,100.0,1,1
cp_tutorial_3d_monolayer,4,16,1791316376.0094328,2738520,worker_2,W011,MedianFilter,step_completed,success,9.67741935483871,3,31
cp_tutorial_3d_monolayer,4,16,1791316376.0094523,2738520,worker_2,W011,Threshold,step_started,started,9.67741935483871,3,31
cp_tutorial_3d_monolayer,4,16,1791316376.0493264,2738520,worker_2,W011,Threshold,pattern_group,running,100.0,1,1
cp_tutorial_3d_monolayer,4,16,1791316376.0497072,2738520,worker_2,W011,Threshold,step_completed,success,12.903225806451612,4,31
cp_tutorial_3d_monolayer,4,16,1791316376.0497303,2738520,worker_2,W011,RemoveHoles,step_started,started,12.903225806451612,4,31
cp_tutorial_3d_monolayer,4,16,1791316376.0618236,2738516,worker_0,W009,Resize,pattern_group,running,100.0,1,1
cp_tutorial_3d_monolayer,4,16,1791316376.0619779,2738516,worker_0,W009,Resize,step_completed,success,6.451612903225806,2,31
cp_tutorial_3d_monolayer,4,16,1791316376.0619988,2738516,worker_0,W009,MedianFilter,step_started,started,6.451612903225806,2,31
cp_tutorial_3d_monolayer,4,16,1791316376.066078,2738520,worker_2,W011,RemoveHoles,pattern_group,running,100.0,1,1
cp_tutorial_3d_monolayer,4,16,1791316376.0662432,2738520,worker_2,W011,RemoveHoles,step_completed,success,16.129032258064516,5,31
cp_tutorial_3d_monolayer,4,16,1791316376.0662618,2738520,worker_2,W011,Watershed,step_started,started,16.129032258064516,5,31
cp_tutorial_3d_monolayer,4,16,1791316376.115052,2738522,worker_3,W012,MedianFilter,pattern_group,running,100.0,1,1
cp_tutorial_3d_monolayer,4,16,1791316376.1151977,2738522,worker_3,W012,MedianFilter,step_completed,success,9.67741935483871,3,31
cp_tutorial_3d_monolayer,4,16,1791316376.115216,2738522,worker_3,W012,Threshold,step_started,started,9.67741935483871,3,31
cp_tutorial_3d_monolayer,4,16,1791316376.1521971,2738522,worker_3,W012,Threshold,pattern_group,running,100.0,1,1
cp_tutorial_3d_monolayer,4,16,1791316376.1524622,2738522,worker_3,W012,Threshold,step_completed,success,12.903225806451612,4,31
cp_tutorial_3d_monolayer,4,16,1791316376.1524825,2738522,worker_3,W012,RemoveHoles,step_started,started,12.903225806451612,4,31
cp_tutorial_3d_monolayer,4,16,1791316376.157238,2738520,worker_2,W011,Watershed,pattern_group,running,100.0,1,1
cp_tutorial_3d_monolayer,4,16,1791316376.1576345,2738520,worker_2,W011,Watershed,step_completed,success,19.35483870967742,6,31
cp_tutorial_3d_monolayer,4,16,1791316376.157654,2738520,worker_2,W011,ResizeObjects,step_started,started,19.35483870967742,6,31
cp_tutorial_3d_monolayer,4,16,1791316376.1706166,2738522,worker_3,W012,RemoveHoles,pattern_group,running,100.0,1,1
cp_tutorial_3d_monolayer,4,16,1791316376.1709104,2738522,worker_3,W012,RemoveHoles,step_completed,success,16.129032258064516,5,31
cp_tutorial_3d_monolayer,4,16,1791316376.1709368,2738522,worker_3,W012,Watershed,step_started,started,16.129032258064516,5,31
cp_tutorial_3d_monolayer,4,16,1791316376.181279,2738518,worker_1,W010,MedianFilter,pattern_group,running,100.0,1,1
cp_tutorial_3d_monolayer,4,16,1791316376.1814318,2738518,worker_1,W010,MedianFilter,step_completed,success,9.67741935483871,3,31
cp_tutorial_3d_monolayer,4,16,1791316376.1814508,2738518,worker_1,W010,Threshold,step_started,started,9.67741935483871,3,31
cp_tutorial_3d_monolayer,4,16,1791316376.1901217,2738520,worker_2,W011,ResizeObjects,pattern_group,running,100.0,1,1
cp_tutorial_3d_monolayer,4,16,1791316376.190629,2738520,worker_2,W011,ResizeObjects,step_completed,success,22.58064516129032,7,31
cp_tutorial_3d_monolayer,4,16,1791316376.1906505,2738520,worker_2,W011,ErodeObjects,step_started,started,22.58064516129032,7,31
cp_tutorial_3d_monolayer,4,16,1791316376.2230673,2738518,worker_1,W010,Threshold,pattern_group,running,100.0,1,1
cp_tutorial_3d_monolayer,4,16,1791316376.2233253,2738518,worker_1,W010,Threshold,step_completed,success,12.903225806451612,4,31
cp_tutorial_3d_monolayer,4,16,1791316376.223344,2738518,worker_1,W010,RemoveHoles,step_started,started,12.903225806451612,4,31
cp_tutorial_3d_monolayer,4,16,1791316376.2300293,2738516,worker_0,W009,MedianFilter,pattern_group,running,100.0,1,1
cp_tutorial_3d_monolayer,4,16,1791316376.2301836,2738516,worker_0,W009,MedianFilter,step_completed,success,9.67741935483871,3,31
cp_tutorial_3d_monolayer,4,16,1791316376.230203,2738516,worker_0,W009,Threshold,step_started,started,9.67741935483871,3,31
cp_tutorial_3d_monolayer,4,16,1791316376.2421947,2738518,worker_1,W010,RemoveHoles,pattern_group,running,100.0,1,1
cp_tutorial_3d_monolayer,4,16,1791316376.242362,2738518,worker_1,W010,RemoveHoles,step_completed,success,16.129032258064516,5,31
cp_tutorial_3d_monolayer,4,16,1791316376.2423809,2738518,worker_1,W010,Watershed,step_started,started,16.129032258064516,5,31
cp_tutorial_3d_monolayer,4,16,1791316376.2436209,2738520,worker_2,W011,ErodeObjects,pattern_group,running,100.0,1,1
cp_tutorial_3d_monolayer,4,16,1791316376.2441597,2738520,worker_2,W011,ErodeObjects,step_completed,success,25.806451612903224,8,31
cp_tutorial_3d_monolayer,4,16,1791316376.2441826,2738520,worker_2,W011,ResizeObjects,step_started,started,25.806451612903224,8,31
cp_tutorial_3d_monolayer,4,16,1791316376.2688682,2738522,worker_3,W012,Watershed,pattern_group,running,100.0,1,1
cp_tutorial_3d_monolayer,4,16,1791316376.26929,2738522,worker_3,W012,Watershed,step_completed,success,19.35483870967742,6,31
cp_tutorial_3d_monolayer,4,16,1791316376.2693121,2738522,worker_3,W012,ResizeObjects,step_started,started,19.35483870967742,6,31
cp_tutorial_3d_monolayer,4,16,1791316376.2713778,2738516,worker_0,W009,Threshold,pattern_group,running,100.0,1,1
cp_tutorial_3d_monolayer,4,16,1791316376.2716422,2738516,worker_0,W009,Threshold,step_completed,success,12.903225806451612,4,31
cp_tutorial_3d_monolayer,4,16,1791316376.2716618,2738516,worker_0,W009,RemoveHoles,step_started,started,12.903225806451612,4,31
cp_tutorial_3d_monolayer,4,16,1791316376.273611,2738520,worker_2,W011,ResizeObjects,pattern_group,running,100.0,1,1
cp_tutorial_3d_monolayer,4,16,1791316376.2740948,2738520,worker_2,W011,ResizeObjects,step_completed,success,29.03225806451613,9,31
cp_tutorial_3d_monolayer,4,16,1791316376.2741158,2738520,worker_2,W011,ConvertObjectsToImage,step_started,started,29.03225806451613,9,31
cp_tutorial_3d_monolayer,4,16,1791316376.2944143,2738516,worker_0,W009,RemoveHoles,pattern_group,running,100.0,1,1
cp_tutorial_3d_monolayer,4,16,1791316376.294625,2738516,worker_0,W009,RemoveHoles,step_completed,success,16.129032258064516,5,31
cp_tutorial_3d_monolayer,4,16,1791316376.2946465,2738516,worker_0,W009,Watershed,step_started,started,16.129032258064516,5,31
cp_tutorial_3d_monolayer,4,16,1791316376.3026476,2738520,worker_2,W011,ConvertObjectsToImage,pattern_group,running,100.0,1,1
cp_tutorial_3d_monolayer,4,16,1791316376.302828,2738520,worker_2,W011,ConvertObjectsToImage,step_completed,success,32.25806451612903,10,31
cp_tutorial_3d_monolayer,4,16,1791316376.3028493,2738520,worker_2,W011,Threshold,step_started,started,32.25806451612903,10,31
cp_tutorial_3d_monolayer,4,16,1791316376.3038049,2738522,worker_3,W012,ResizeObjects,pattern_group,running,100.0,1,1
cp_tutorial_3d_monolayer,4,16,1791316376.3042824,2738522,worker_3,W012,ResizeObjects,step_completed,success,22.58064516129032,7,31
cp_tutorial_3d_monolayer,4,16,1791316376.304302,2738522,worker_3,W012,ErodeObjects,step_started,started,22.58064516129032,7,31
cp_tutorial_3d_monolayer,4,16,1791316376.349259,2738518,worker_1,W010,Watershed,pattern_group,running,100.0,1,1
cp_tutorial_3d_monolayer,4,16,1791316376.3496602,2738518,worker_1,W010,Watershed,step_completed,success,19.35483870967742,6,31
cp_tutorial_3d_monolayer,4,16,1791316376.3496795,2738518,worker_1,W010,ResizeObjects,step_started,started,19.35483870967742,6,31
cp_tutorial_3d_monolayer,4,16,1791316376.3565052,2738522,worker_3,W012,ErodeObjects,pattern_group,running,100.0,1,1
cp_tutorial_3d_monolayer,4,16,1791316376.3572376,2738522,worker_3,W012,ErodeObjects,step_completed,success,25.806451612903224,8,31
cp_tutorial_3d_monolayer,4,16,1791316376.3572652,2738522,worker_3,W012,ResizeObjects,step_started,started,25.806451612903224,8,31
cp_tutorial_3d_monolayer,4,16,1791316376.383305,2738518,worker_1,W010,ResizeObjects,pattern_group,running,100.0,1,1
cp_tutorial_3d_monolayer,4,16,1791316376.3839378,2738518,worker_1,W010,ResizeObjects,step_completed,success,22.58064516129032,7,31
cp_tutorial_3d_monolayer,4,16,1791316376.3839667,2738518,worker_1,W010,ErodeObjects,step_started,started,22.58064516129032,7,31
cp_tutorial_3d_monolayer,4,16,1791316376.38609,2738522,worker_3,W012,ResizeObjects,pattern_group,running,100.0,1,1
cp_tutorial_3d_monolayer,4,16,1791316376.3865836,2738522,worker_3,W012,ResizeObjects,step_completed,success,29.03225806451613,9,31
cp_tutorial_3d_monolayer,4,16,1791316376.3866043,2738522,worker_3,W012,ConvertObjectsToImage,step_started,started,29.03225806451613,9,31
cp_tutorial_3d_monolayer,4,16,1791316376.3894958,2738516,worker_0,W009,Watershed,pattern_group,running,100.0,1,1
cp_tutorial_3d_monolayer,4,16,1791316376.3899968,2738516,worker_0,W009,Watershed,step_completed,success,19.35483870967742,6,31
cp_tutorial_3d_monolayer,4,16,1791316376.3906727,2738516,worker_0,W009,ResizeObjects,step_started,started,19.35483870967742,6,31
cp_tutorial_3d_monolayer,4,16,1791316376.409889,2738522,worker_3,W012,ConvertObjectsToImage,pattern_group,running,100.0,1,1
cp_tutorial_3d_monolayer,4,16,1791316376.4100451,2738522,worker_3,W012,ConvertObjectsToImage,step_completed,success,32.25806451612903,10,31
cp_tutorial_3d_monolayer,4,16,1791316376.4100642,2738522,worker_3,W012,Threshold,step_started,started,32.25806451612903,10,31
cp_tutorial_3d_monolayer,4,16,1791316376.4203956,2738516,worker_0,W009,ResizeObjects,pattern_group,running,100.0,1,1
cp_tutorial_3d_monolayer,4,16,1791316376.420873,2738516,worker_0,W009,ResizeObjects,step_completed,success,22.58064516129032,7,31
cp_tutorial_3d_monolayer,4,16,1791316376.4208932,2738516,worker_0,W009,ErodeObjects,step_started,started,22.58064516129032,7,31
cp_tutorial_3d_monolayer,4,16,1791316376.4454038,2738518,worker_1,W010,ErodeObjects,pattern_group,running,100.0,1,1
cp_tutorial_3d_monolayer,4,16,1791316376.445884,2738518,worker_1,W010,ErodeObjects,step_completed,success,25.806451612903224,8,31
cp_tutorial_3d_monolayer,4,16,1791316376.4459045,2738518,worker_1,W010,ResizeObjects,step_started,started,25.806451612903224,8,31
cp_tutorial_3d_monolayer,4,16,1791316376.4737778,2738516,worker_0,W009,ErodeObjects,pattern_group,running,100.0,1,1
cp_tutorial_3d_monolayer,4,16,1791316376.474245,2738516,worker_0,W009,ErodeObjects,step_completed,success,25.806451612903224,8,31
cp_tutorial_3d_monolayer,4,16,1791316376.4742649,2738516,worker_0,W009,ResizeObjects,step_started,started,25.806451612903224,8,31
cp_tutorial_3d_monolayer,4,16,1791316376.4737315,2738518,worker_1,W010,ResizeObjects,pattern_group,running,100.0,1,1
cp_tutorial_3d_monolayer,4,16,1791316376.4742112,2738518,worker_1,W010,ResizeObjects,step_completed,success,29.03225806451613,9,31
cp_tutorial_3d_monolayer,4,16,1791316376.474235,2738518,worker_1,W010,ConvertObjectsToImage,step_started,started,29.03225806451613,9,31
cp_tutorial_3d_monolayer,4,16,1791316376.501514,2738518,worker_1,W010,ConvertObjectsToImage,pattern_group,running,100.0,1,1
cp_tutorial_3d_monolayer,4,16,1791316376.5016866,2738518,worker_1,W010,ConvertObjectsToImage,step_completed,success,32.25806451612903,10,31
cp_tutorial_3d_monolayer,4,16,1791316376.5017056,2738518,worker_1,W010,Threshold,step_started,started,32.25806451612903,10,31
cp_tutorial_3d_monolayer,4,16,1791316376.5033343,2738516,worker_0,W009,ResizeObjects,pattern_group,running,100.0,1,1
cp_tutorial_3d_monolayer,4,16,1791316376.503814,2738516,worker_0,W009,ResizeObjects,step_completed,success,29.03225806451613,9,31
cp_tutorial_3d_monolayer,4,16,1791316376.503834,2738516,worker_0,W009,ConvertObjectsToImage,step_started,started,29.03225806451613,9,31
cp_tutorial_3d_monolayer,4,16,1791316376.5201085,2738520,worker_2,W011,Threshold,pattern_group,running,100.0,1,1
cp_tutorial_3d_monolayer,4,16,1791316376.520395,2738520,worker_2,W011,Threshold,step_completed,success,35.483870967741936,11,31
cp_tutorial_3d_monolayer,4,16,1791316376.5204167,2738520,worker_2,W011,ImageMath,step_started,started,35.483870967741936,11,31
cp_tutorial_3d_monolayer,4,16,1791316376.5238075,2738516,worker_0,W009,ConvertObjectsToImage,pattern_group,running,100.0,1,1
cp_tutorial_3d_monolayer,4,16,1791316376.5240045,2738516,worker_0,W009,ConvertObjectsToImage,step_completed,success,32.25806451612903,10,31
cp_tutorial_3d_monolayer,4,16,1791316376.5240278,2738516,worker_0,W009,Threshold,step_started,started,32.25806451612903,10,31
cp_tutorial_3d_monolayer,4,16,1791316376.5550926,2738520,worker_2,W011,ImageMath,pattern_group,running,100.0,1,1
cp_tutorial_3d_monolayer,4,16,1791316376.5552666,2738520,worker_2,W011,ImageMath,step_completed,success,38.70967741935484,12,31
cp_tutorial_3d_monolayer,4,16,1791316376.5552948,2738520,worker_2,W011,RemoveHoles,step_started,started,38.70967741935484,12,31
cp_tutorial_3d_monolayer,4,16,1791316376.6019504,2738520,worker_2,W011,RemoveHoles,pattern_group,running,100.0,1,1
cp_tutorial_3d_monolayer,4,16,1791316376.6021593,2738520,worker_2,W011,RemoveHoles,step_completed,success,41.935483870967744,13,31
cp_tutorial_3d_monolayer,4,16,1791316376.6021836,2738520,worker_2,W011,ImageMath,step_started,started,41.935483870967744,13,31
cp_tutorial_3d_monolayer,4,16,1791316376.6143944,2738522,worker_3,W012,Threshold,pattern_group,running,100.0,1,1
cp_tutorial_3d_monolayer,4,16,1791316376.6146462,2738522,worker_3,W012,Threshold,step_completed,success,35.483870967741936,11,31
cp_tutorial_3d_monolayer,4,16,1791316376.614666,2738522,worker_3,W012,ImageMath,step_started,started,35.483870967741936,11,31
cp_tutorial_3d_monolayer,4,16,1791316376.651075,2738522,worker_3,W012,ImageMath,pattern_group,running,100.0,1,1
cp_tutorial_3d_monolayer,4,16,1791316376.6514146,2738522,worker_3,W012,ImageMath,step_completed,success,38.70967741935484,12,31
cp_tutorial_3d_monolayer,4,16,1791316376.651454,2738522,worker_3,W012,RemoveHoles,step_started,started,38.70967741935484,12,31
cp_tutorial_3d_monolayer,4,16,1791316376.7012131,2738522,worker_3,W012,RemoveHoles,pattern_group,running,100.0,1,1
cp_tutorial_3d_monolayer,4,16,1791316376.701431,2738522,worker_3,W012,RemoveHoles,step_completed,success,41.935483870967744,13,31
cp_tutorial_3d_monolayer,4,16,1791316376.7014556,2738522,worker_3,W012,ImageMath,step_started,started,41.935483870967744,13,31
cp_tutorial_3d_monolayer,4,16,1791316376.7193277,2738518,worker_1,W010,Threshold,pattern_group,running,100.0,1,1
cp_tutorial_3d_monolayer,4,16,1791316376.7197924,2738518,worker_1,W010,Threshold,step_completed,success,35.483870967741936,11,31
cp_tutorial_3d_monolayer,4,16,1791316376.7198324,2738518,worker_1,W010,ImageMath,step_started,started,35.483870967741936,11,31
cp_tutorial_3d_monolayer,4,16,1791316376.728825,2738516,worker_0,W009,Threshold,pattern_group,running,100.0,1,1
cp_tutorial_3d_monolayer,4,16,1791316376.7290916,2738516,worker_0,W009,Threshold,step_completed,success,35.483870967741936,11,31
cp_tutorial_3d_monolayer,4,16,1791316376.729112,2738516,worker_0,W009,ImageMath,step_started,started,35.483870967741936,11,31
cp_tutorial_3d_monolayer,4,16,1791316376.7561212,2738518,worker_1,W010,ImageMath,pattern_group,running,100.0,1,1
cp_tutorial_3d_monolayer,4,16,1791316376.7562861,2738518,worker_1,W010,ImageMath,step_completed,success,38.70967741935484,12,31
cp_tutorial_3d_monolayer,4,16,1791316376.7563052,2738518,worker_1,W010,RemoveHoles,step_started,started,38.70967741935484,12,31
cp_tutorial_3d_monolayer,4,16,1791316376.7639098,2738516,worker_0,W009,ImageMath,pattern_group,running,100.0,1,1
cp_tutorial_3d_monolayer,4,16,1791316376.7642517,2738516,worker_0,W009,ImageMath,step_completed,success,38.70967741935484,12,31
cp_tutorial_3d_monolayer,4,16,1791316376.764279,2738516,worker_0,W009,RemoveHoles,step_started,started,38.70967741935484,12,31
cp_tutorial_3d_monolayer,4,16,1791316376.8103924,2738518,worker_1,W010,RemoveHoles,pattern_group,running,100.0,1,1
cp_tutorial_3d_monolayer,4,16,1791316376.8106956,2738518,worker_1,W010,RemoveHoles,step_completed,success,41.935483870967744,13,31
cp_tutorial_3d_monolayer,4,16,1791316376.8107262,2738518,worker_1,W010,ImageMath,step_started,started,41.935483870967744,13,31
cp_tutorial_3d_monolayer,4,16,1791316376.8139684,2738516,worker_0,W009,RemoveHoles,pattern_group,running,100.0,1,1
cp_tutorial_3d_monolayer,4,16,1791316376.8141227,2738516,worker_0,W009,RemoveHoles,step_completed,success,41.935483870967744,13,31
cp_tutorial_3d_monolayer,4,16,1791316376.8141422,2738516,worker_0,W009,ImageMath,step_started,started,41.935483870967744,13,31
cp_tutorial_3d_monolayer,4,16,1791316376.9056346,2738520,worker_2,W011,ImageMath,pattern_group,running,100.0,1,1
cp_tutorial_3d_monolayer,4,16,1791316376.9059086,2738520,worker_2,W011,ImageMath,step_completed,success,45.16129032258064,14,31
cp_tutorial_3d_monolayer,4,16,1791316376.9059315,2738520,worker_2,W011,Resize,step_started,started,45.16129032258064,14,31
cp_tutorial_3d_monolayer,4,16,1791316376.972596,2738520,worker_2,W011,Resize,pattern_group,running,100.0,1,1
cp_tutorial_3d_monolayer,4,16,1791316376.9727554,2738520,worker_2,W011,Resize,step_completed,success,48.38709677419355,15,31
cp_tutorial_3d_monolayer,4,16,1791316376.9727778,2738520,worker_2,W011,Closing,step_started,started,48.38709677419355,15,31
cp_tutorial_3d_monolayer,4,16,1791316377.010836,2738522,worker_3,W012,ImageMath,pattern_group,running,100.0,1,1
cp_tutorial_3d_monolayer,4,16,1791316377.0109873,2738522,worker_3,W012,ImageMath,step_completed,success,45.16129032258064,14,31
cp_tutorial_3d_monolayer,4,16,1791316377.0110068,2738522,worker_3,W012,Resize,step_started,started,45.16129032258064,14,31
cp_tutorial_3d_monolayer,4,16,1791316377.0596542,2738520,worker_2,W011,Closing,pattern_group,running,100.0,1,1
cp_tutorial_3d_monolayer,4,16,1791316377.0598154,2738520,worker_2,W011,Closing,step_completed,success,51.61290322580645,16,31
cp_tutorial_3d_monolayer,4,16,1791316377.059835,2738520,worker_2,W011,Resize,step_started,started,51.61290322580645,16,31
cp_tutorial_3d_monolayer,4,16,1791316377.0762784,2738522,worker_3,W012,Resize,pattern_group,running,100.0,1,1
cp_tutorial_3d_monolayer,4,16,1791316377.076436,2738522,worker_3,W012,Resize,step_completed,success,48.38709677419355,15,31
cp_tutorial_3d_monolayer,4,16,1791316377.0764577,2738522,worker_3,W012,Closing,step_started,started,48.38709677419355,15,31
cp_tutorial_3d_monolayer,4,16,1791316377.1114032,2738520,worker_2,W011,Resize,pattern_group,running,100.0,1,1
cp_tutorial_3d_monolayer,4,16,1791316377.1115665,2738520,worker_2,W011,Resize,step_completed,success,54.83870967741935,17,31
cp_tutorial_3d_monolayer,4,16,1791316377.1115866,2738520,worker_2,W011,Threshold,step_started,started,54.83870967741935,17,31
cp_tutorial_3d_monolayer,4,16,1791316377.127113,2738516,worker_0,W009,ImageMath,pattern_group,running,100.0,1,1
cp_tutorial_3d_monolayer,4,16,1791316377.127365,2738516,worker_0,W009,ImageMath,step_completed,success,45.16129032258064,14,31
cp_tutorial_3d_monolayer,4,16,1791316377.1273956,2738516,worker_0,W009,Resize,step_started,started,45.16129032258064,14,31
cp_tutorial_3d_monolayer,4,16,1791316377.1319668,2738518,worker_1,W010,ImageMath,pattern_group,running,100.0,1,1
cp_tutorial_3d_monolayer,4,16,1791316377.1321328,2738518,worker_1,W010,ImageMath,step_completed,success,45.16129032258064,14,31
cp_tutorial_3d_monolayer,4,16,1791316377.1321528,2738518,worker_1,W010,Resize,step_started,started,45.16129032258064,14,31
cp_tutorial_3d_monolayer,4,16,1791316377.1677294,2738522,worker_3,W012,Closing,pattern_group,running,100.0,1,1
cp_tutorial_3d_monolayer,4,16,1791316377.1679018,2738522,worker_3,W012,Closing,step_completed,success,51.61290322580645,16,31
cp_tutorial_3d_monolayer,4,16,1791316377.1679225,2738522,worker_3,W012,Resize,step_started,started,51.61290322580645,16,31
cp_tutorial_3d_monolayer,4,16,1791316377.1964777,2738516,worker_0,W009,Resize,pattern_group,running,100.0,1,1
cp_tutorial_3d_monolayer,4,16,1791316377.1967137,2738516,worker_0,W009,Resize,step_completed,success,48.38709677419355,15,31
cp_tutorial_3d_monolayer,4,16,1791316377.1967402,2738516,worker_0,W009,Closing,step_started,started,48.38709677419355,15,31
cp_tutorial_3d_monolayer,4,16,1791316377.207023,2738518,worker_1,W010,Resize,pattern_group,running,100.0,1,1
cp_tutorial_3d_monolayer,4,16,1791316377.2072506,2738518,worker_1,W010,Resize,step_completed,success,48.38709677419355,15,31
cp_tutorial_3d_monolayer,4,16,1791316377.2072845,2738518,worker_1,W010,Closing,step_started,started,48.38709677419355,15,31
cp_tutorial_3d_monolayer,4,16,1791316377.2220745,2738522,worker_3,W012,Resize,pattern_group,running,100.0,1,1
cp_tutorial_3d_monolayer,4,16,1791316377.2223008,2738522,worker_3,W012,Resize,step_completed,success,54.83870967741935,17,31
cp_tutorial_3d_monolayer,4,16,1791316377.2223313,2738522,worker_3,W012,Threshold,step_started,started,54.83870967741935,17,31
cp_tutorial_3d_monolayer,4,16,1791316377.29139,2738516,worker_0,W009,Closing,pattern_group,running,100.0,1,1
cp_tutorial_3d_monolayer,4,16,1791316377.2915843,2738516,worker_0,W009,Closing,step_completed,success,51.61290322580645,16,31
cp_tutorial_3d_monolayer,4,16,1791316377.2916057,2738516,worker_0,W009,Resize,step_started,started,51.61290322580645,16,31
cp_tutorial_3d_monolayer,4,16,1791316377.2989078,2738518,worker_1,W010,Closing,pattern_group,running,100.0,1,1
cp_tutorial_3d_monolayer,4,16,1791316377.2990866,2738518,worker_1,W010,Closing,step_completed,success,51.61290322580645,16,31
cp_tutorial_3d_monolayer,4,16,1791316377.2991073,2738518,worker_1,W010,Resize,step_started,started,51.61290322580645,16,31
cp_tutorial_3d_monolayer,4,16,1791316377.332013,2738520,worker_2,W011,Threshold,pattern_group,running,100.0,1,1
cp_tutorial_3d_monolayer,4,16,1791316377.332391,2738520,worker_2,W011,Threshold,step_completed,success,58.06451612903226,18,31
cp_tutorial_3d_monolayer,4,16,1791316377.3324156,2738520,worker_2,W011,MaskImage,step_started,started,58.06451612903226,18,31
cp_tutorial_3d_monolayer,4,16,1791316377.3445854,2738516,worker_0,W009,Resize,pattern_group,running,100.0,1,1
cp_tutorial_3d_monolayer,4,16,1791316377.3447485,2738516,worker_0,W009,Resize,step_completed,success,54.83870967741935,17,31
cp_tutorial_3d_monolayer,4,16,1791316377.3447685,2738516,worker_0,W009,Threshold,step_started,started,54.83870967741935,17,31
cp_tutorial_3d_monolayer,4,16,1791316377.3525372,2738518,worker_1,W010,Resize,pattern_group,running,100.0,1,1
cp_tutorial_3d_monolayer,4,16,1791316377.3527565,2738518,worker_1,W010,Resize,step_completed,success,54.83870967741935,17,31
cp_tutorial_3d_monolayer,4,16,1791316377.3527832,2738518,worker_1,W010,Threshold,step_started,started,54.83870967741935,17,31
cp_tutorial_3d_monolayer,4,16,1791316377.3885489,2738520,worker_2,W011,MaskImage,pattern_group,running,100.0,1,1
cp_tutorial_3d_monolayer,4,16,1791316377.3887422,2738520,worker_2,W011,MaskImage,step_completed,success,61.29032258064516,19,31
cp_tutorial_3d_monolayer,4,16,1791316377.3887627,2738520,worker_2,W011,ErodeImage,step_started,started,61.29032258064516,19,31
cp_tutorial_3d_monolayer,4,16,1791316377.4216647,2738520,worker_2,W011,ErodeImage,pattern_group,running,100.0,1,1
cp_tutorial_3d_monolayer,4,16,1791316377.4218168,2738520,worker_2,W011,ErodeImage,step_completed,success,64.51612903225806,20,31
cp_tutorial_3d_monolayer,4,16,1791316377.4218352,2738520,worker_2,W011,Watershed,step_started,started,64.51612903225806,20,31
cp_tutorial_3d_monolayer,4,16,1791316377.4794614,2738522,worker_3,W012,Threshold,pattern_group,running,100.0,1,1
cp_tutorial_3d_monolayer,4,16,1791316377.4798067,2738522,worker_3,W012,Threshold,step_completed,success,58.06451612903226,18,31
cp_tutorial_3d_monolayer,4,16,1791316377.4798343,2738522,worker_3,W012,MaskImage,step_started,started,58.06451612903226,18,31
cp_tutorial_3d_monolayer,4,16,1791316377.5374823,2738522,worker_3,W012,MaskImage,pattern_group,running,100.0,1,1
cp_tutorial_3d_monolayer,4,16,1791316377.5377421,2738522,worker_3,W012,MaskImage,step_completed,success,61.29032258064516,19,31
cp_tutorial_3d_monolayer,4,16,1791316377.537764,2738522,worker_3,W012,ErodeImage,step_started,started,61.29032258064516,19,31
cp_tutorial_3d_monolayer,4,16,1791316377.57176,2738522,worker_3,W012,ErodeImage,pattern_group,running,100.0,1,1
cp_tutorial_3d_monolayer,4,16,1791316377.5719237,2738522,worker_3,W012,ErodeImage,step_completed,success,64.51612903225806,20,31
cp_tutorial_3d_monolayer,4,16,1791316377.5719426,2738522,worker_3,W012,Watershed,step_started,started,64.51612903225806,20,31
cp_tutorial_3d_monolayer,4,16,1791316377.6195092,2738520,worker_2,W011,Watershed,pattern_group,running,100.0,1,1
cp_tutorial_3d_monolayer,4,16,1791316377.6199193,2738520,worker_2,W011,Watershed,step_completed,success,67.74193548387096,21,31
cp_tutorial_3d_monolayer,4,16,1791316377.6199412,2738520,worker_2,W011,MeasureObjectIntensity,step_started,started,67.74193548387096,21,31
cp_tutorial_3d_monolayer,4,16,1791316377.6334913,2738516,worker_0,W009,Threshold,pattern_group,running,100.0,1,1
cp_tutorial_3d_monolayer,4,16,1791316377.6337829,2738516,worker_0,W009,Threshold,step_completed,success,58.06451612903226,18,31
cp_tutorial_3d_monolayer,4,16,1791316377.6338034,2738516,worker_0,W009,MaskImage,step_started,started,58.06451612903226,18,31
cp_tutorial_3d_monolayer,4,16,1791316377.6505077,2738518,worker_1,W010,Threshold,pattern_group,running,100.0,1,1
cp_tutorial_3d_monolayer,4,16,1791316377.6507668,2738518,worker_1,W010,Threshold,step_completed,success,58.06451612903226,18,31
cp_tutorial_3d_monolayer,4,16,1791316377.6507864,2738518,worker_1,W010,MaskImage,step_started,started,58.06451612903226,18,31
cp_tutorial_3d_monolayer,4,16,1791316377.6793728,2738516,worker_0,W009,MaskImage,pattern_group,running,100.0,1,1
cp_tutorial_3d_monolayer,4,16,1791316377.679538,2738516,worker_0,W009,MaskImage,step_completed,success,61.29032258064516,19,31
cp_tutorial_3d_monolayer,4,16,1791316377.6795588,2738516,worker_0,W009,ErodeImage,step_started,started,61.29032258064516,19,31
cp_tutorial_3d_monolayer,4,16,1791316377.6976056,2738518,worker_1,W010,MaskImage,pattern_group,running,100.0,1,1
cp_tutorial_3d_monolayer,4,16,1791316377.6977627,2738518,worker_1,W010,MaskImage,step_completed,success,61.29032258064516,19,31
cp_tutorial_3d_monolayer,4,16,1791316377.6977825,2738518,worker_1,W010,ErodeImage,step_started,started,61.29032258064516,19,31
cp_tutorial_3d_monolayer,4,16,1791316377.70983,2738516,worker_0,W009,ErodeImage,pattern_group,running,100.0,1,1
cp_tutorial_3d_monolayer,4,16,1791316377.7099843,2738516,worker_0,W009,ErodeImage,step_completed,success,64.51612903225806,20,31
cp_tutorial_3d_monolayer,4,16,1791316377.7100039,2738516,worker_0,W009,Watershed,step_started,started,64.51612903225806,20,31
cp_tutorial_3d_monolayer,4,16,1791316377.7300017,2738518,worker_1,W010,ErodeImage,pattern_group,running,100.0,1,1
cp_tutorial_3d_monolayer,4,16,1791316377.730178,2738518,worker_1,W010,ErodeImage,step_completed,success,64.51612903225806,20,31
cp_tutorial_3d_monolayer,4,16,1791316377.7301977,2738518,worker_1,W010,Watershed,step_started,started,64.51612903225806,20,31
cp_tutorial_3d_monolayer,4,16,1791316377.817332,2738522,worker_3,W012,Watershed,pattern_group,running,100.0,1,1
cp_tutorial_3d_monolayer,4,16,1791316377.8177578,2738522,worker_3,W012,Watershed,step_completed,success,67.74193548387096,21,31
cp_tutorial_3d_monolayer,4,16,1791316377.81778,2738522,worker_3,W012,MeasureObjectIntensity,step_started,started,67.74193548387096,21,31
cp_tutorial_3d_monolayer,4,16,1791316377.9006376,2738518,worker_1,W010,Watershed,pattern_group,running,100.0,1,1
cp_tutorial_3d_monolayer,4,16,1791316377.9010396,2738518,worker_1,W010,Watershed,step_completed,success,67.74193548387096,21,31
cp_tutorial_3d_monolayer,4,16,1791316377.9010634,2738518,worker_1,W010,MeasureObjectIntensity,step_started,started,67.74193548387096,21,31
cp_tutorial_3d_monolayer,4,16,1791316377.914,2738516,worker_0,W009,Watershed,pattern_group,running,100.0,1,1
cp_tutorial_3d_monolayer,4,16,1791316377.9144058,2738516,worker_0,W009,Watershed,step_completed,success,67.74193548387096,21,31
cp_tutorial_3d_monolayer,4,16,1791316377.9144258,2738516,worker_0,W009,MeasureObjectIntensity,step_started,started,67.74193548387096,21,31
cp_tutorial_3d_monolayer,4,16,1791316377.991391,2738520,worker_2,W011,MeasureObjectIntensity,pattern_group,running,50.0,1,2
cp_tutorial_3d_monolayer,4,16,1791316378.2217772,2738522,worker_3,W012,MeasureObjectIntensity,pattern_group,running,50.0,1,2
cp_tutorial_3d_monolayer,4,16,1791316378.3001132,2738516,worker_0,W009,MeasureObjectIntensity,pattern_group,running,50.0,1,2
cp_tutorial_3d_monolayer,4,16,1791316378.3018184,2738518,worker_1,W010,MeasureObjectIntensity,pattern_group,running,50.0,1,2
cp_tutorial_3d_monolayer,4,16,1791316378.520502,2738520,worker_2,W011,MeasureObjectIntensity,pattern_group,running,100.0,2,2
cp_tutorial_3d_monolayer,4,16,1791316378.5230105,2738520,worker_2,W011,MeasureObjectIntensity,step_completed,success,70.96774193548387,22,31
cp_tutorial_3d_monolayer,4,16,1791316378.5230522,2738520,worker_2,W011,MeasureObjectSizeShape,step_started,started,70.96774193548387,22,31
cp_tutorial_3d_monolayer,4,16,1791316378.621367,2738520,worker_2,W011,MeasureObjectSizeShape,pattern_group,running,50.0,1,2
cp_tutorial_3d_monolayer,4,16,1791316378.6976218,2738522,worker_3,W012,MeasureObjectIntensity,pattern_group,running,100.0,2,2
cp_tutorial_3d_monolayer,4,16,1791316378.6999362,2738522,worker_3,W012,MeasureObjectIntensity,step_completed,success,70.96774193548387,22,31
cp_tutorial_3d_monolayer,4,16,1791316378.6999624,2738522,worker_3,W012,MeasureObjectSizeShape,step_started,started,70.96774193548387,22,31
cp_tutorial_3d_monolayer,4,16,1791316378.7269156,2738520,worker_2,W011,MeasureObjectSizeShape,pattern_group,running,100.0,2,2
cp_tutorial_3d_monolayer,4,16,1791316378.7275803,2738520,worker_2,W011,MeasureObjectSizeShape,step_completed,success,74.19354838709677,23,31
cp_tutorial_3d_monolayer,4,16,1791316378.727606,2738520,worker_2,W011,OverlayObjects,step_started,started,74.19354838709677,23,31
cp_tutorial_3d_monolayer,4,16,1791316378.7651932,2738520,worker_2,W011,OverlayObjects,pattern_group,running,100.0,1,1
cp_tutorial_3d_monolayer,4,16,1791316378.7653356,2738520,worker_2,W011,OverlayObjects,step_completed,success,77.41935483870968,24,31
cp_tutorial_3d_monolayer,4,16,1791316378.7653558,2738520,worker_2,W011,RescaleIntensity,step_started,started,77.41935483870968,24,31
cp_tutorial_3d_monolayer,4,16,1791316378.76348,2738518,worker_1,W010,MeasureObjectIntensity,pattern_group,running,100.0,2,2
cp_tutorial_3d_monolayer,4,16,1791316378.765901,2738518,worker_1,W010,MeasureObjectIntensity,step_completed,success,70.96774193548387,22,31
cp_tutorial_3d_monolayer,4,16,1791316378.7659326,2738518,worker_1,W010,MeasureObjectSizeShape,step_started,started,70.96774193548387,22,31
cp_tutorial_3d_monolayer,4,16,1791316378.7858086,2738516,worker_0,W009,MeasureObjectIntensity,pattern_group,running,100.0,2,2
cp_tutorial_3d_monolayer,4,16,1791316378.788242,2738516,worker_0,W009,MeasureObjectIntensity,step_completed,success,70.96774193548387,22,31
cp_tutorial_3d_monolayer,4,16,1791316378.7882667,2738516,worker_0,W009,MeasureObjectSizeShape,step_started,started,70.96774193548387,22,31
cp_tutorial_3d_monolayer,4,16,1791316378.8008063,2738522,worker_3,W012,MeasureObjectSizeShape,pattern_group,running,50.0,1,2
cp_tutorial_3d_monolayer,4,16,1791316378.859533,2738518,worker_1,W010,MeasureObjectSizeShape,pattern_group,running,50.0,1,2
cp_tutorial_3d_monolayer,4,16,1791316378.8793178,2738516,worker_0,W009,MeasureObjectSizeShape,pattern_group,running,50.0,1,2
cp_tutorial_3d_monolayer,4,16,1791316378.886872,2738520,worker_2,W011,RescaleIntensity,pattern_group,running,100.0,1,1
cp_tutorial_3d_monolayer,4,16,1791316378.8870435,2738520,worker_2,W011,RescaleIntensity,step_completed,success,80.64516129032258,25,31
cp_tutorial_3d_monolayer,4,16,1791316378.8870633,2738520,worker_2,W011,OverlayObjects,step_started,started,80.64516129032258,25,31
cp_tutorial_3d_monolayer,4,16,1791316378.898322,2738522,worker_3,W012,MeasureObjectSizeShape,pattern_group,running,100.0,2,2
cp_tutorial_3d_monolayer,4,16,1791316378.8989713,2738522,worker_3,W012,MeasureObjectSizeShape,step_completed,success,74.19354838709677,23,31
cp_tutorial_3d_monolayer,4,16,1791316378.898997,2738522,worker_3,W012,OverlayObjects,step_started,started,74.19354838709677,23,31
cp_tutorial_3d_monolayer,4,16,1791316378.9131684,2738520,worker_2,W011,OverlayObjects,pattern_group,running,100.0,1,1
cp_tutorial_3d_monolayer,4,16,1791316378.913328,2738520,worker_2,W011,OverlayObjects,step_completed,success,83.87096774193549,26,31
cp_tutorial_3d_monolayer,4,16,1791316378.9133534,2738520,worker_2,W011,ConvertObjectsToImage,step_started,started,83.87096774193549,26,31
cp_tutorial_3d_monolayer,4,16,1791316378.925734,2738522,worker_3,W012,OverlayObjects,pattern_group,running,100.0,1,1
cp_tutorial_3d_monolayer,4,16,1791316378.9258935,2738522,worker_3,W012,OverlayObjects,step_completed,success,77.41935483870968,24,31
cp_tutorial_3d_monolayer,4,16,1791316378.9259143,2738522,worker_3,W012,RescaleIntensity,step_started,started,77.41935483870968,24,31
cp_tutorial_3d_monolayer,4,16,1791316378.9506142,2738520,worker_2,W011,ConvertObjectsToImage,pattern_group,running,100.0,1,1
cp_tutorial_3d_monolayer,4,16,1791316378.9507995,2738520,worker_2,W011,ConvertObjectsToImage,step_completed,success,87.09677419354838,27,31
cp_tutorial_3d_monolayer,4,16,1791316378.950823,2738520,worker_2,W011,SaveImages,step_started,started,87.09677419354838,27,31
cp_tutorial_3d_monolayer,4,16,1791316378.9650903,2738518,worker_1,W010,MeasureObjectSizeShape,pattern_group,running,100.0,2,2
cp_tutorial_3d_monolayer,4,16,1791316378.9658053,2738518,worker_1,W010,MeasureObjectSizeShape,step_completed,success,74.19354838709677,23,31
cp_tutorial_3d_monolayer,4,16,1791316378.9658267,2738518,worker_1,W010,OverlayObjects,step_started,started,74.19354838709677,23,31
cp_tutorial_3d_monolayer,4,16,1791316378.981523,2738516,worker_0,W009,MeasureObjectSizeShape,pattern_group,running,100.0,2,2
cp_tutorial_3d_monolayer,4,16,1791316378.9822109,2738516,worker_0,W009,MeasureObjectSizeShape,step_completed,success,74.19354838709677,23,31
cp_tutorial_3d_monolayer,4,16,1791316378.9822457,2738516,worker_0,W009,OverlayObjects,step_started,started,74.19354838709677,23,31
cp_tutorial_3d_monolayer,4,16,1791316378.992803,2738518,worker_1,W010,OverlayObjects,pattern_group,running,100.0,1,1
cp_tutorial_3d_monolayer,4,16,1791316378.9930084,2738518,worker_1,W010,OverlayObjects,step_completed,success,77.41935483870968,24,31
cp_tutorial_3d_monolayer,4,16,1791316378.9930313,2738518,worker_1,W010,RescaleIntensity,step_started,started,77.41935483870968,24,31
cp_tutorial_3d_monolayer,4,16,1791316379.0048227,2738520,worker_2,W011,SaveImages,pattern_group,running,100.0,1,1
cp_tutorial_3d_monolayer,4,16,1791316379.0073376,2738516,worker_0,W009,OverlayObjects,pattern_group,running,100.0,1,1
cp_tutorial_3d_monolayer,4,16,1791316379.0074553,2738516,worker_0,W009,OverlayObjects,step_completed,success,77.41935483870968,24,31
cp_tutorial_3d_monolayer,4,16,1791316379.0074744,2738516,worker_0,W009,RescaleIntensity,step_started,started,77.41935483870968,24,31
cp_tutorial_3d_monolayer,4,16,1791316379.0121708,2738520,worker_2,W011,SaveImages,step_completed,success,90.32258064516128,28,31
cp_tutorial_3d_monolayer,4,16,1791316379.012212,2738520,worker_2,W011,ConvertObjectsToImage,step_started,started,90.32258064516128,28,31
cp_tutorial_3d_monolayer,4,16,1791316379.0429726,2738522,worker_3,W012,RescaleIntensity,pattern_group,running,100.0,1,1
cp_tutorial_3d_monolayer,4,16,1791316379.043127,2738522,worker_3,W012,RescaleIntensity,step_completed,success,80.64516129032258,25,31
cp_tutorial_3d_monolayer,4,16,1791316379.0431454,2738522,worker_3,W012,OverlayObjects,step_started,started,80.64516129032258,25,31
cp_tutorial_3d_monolayer,4,16,1791316379.050893,2738520,worker_2,W011,ConvertObjectsToImage,pattern_group,running,100.0,1,1
cp_tutorial_3d_monolayer,4,16,1791316379.0510974,2738520,worker_2,W011,ConvertObjectsToImage,step_completed,success,93.54838709677419,29,31
cp_tutorial_3d_monolayer,4,16,1791316379.0511212,2738520,worker_2,W011,SaveImages,step_started,started,93.54838709677419,29,31
cp_tutorial_3d_monolayer,4,16,1791316379.0763912,2738522,worker_3,W012,OverlayObjects,pattern_group,running,100.0,1,1
cp_tutorial_3d_monolayer,4,16,1791316379.0765035,2738522,worker_3,W012,OverlayObjects,step_completed,success,83.87096774193549,26,31
cp_tutorial_3d_monolayer,4,16,1791316379.0765226,2738522,worker_3,W012,ConvertObjectsToImage,step_started,started,83.87096774193549,26,31
cp_tutorial_3d_monolayer,4,16,1791316379.1102266,2738518,worker_1,W010,RescaleIntensity,pattern_group,running,100.0,1,1
cp_tutorial_3d_monolayer,4,16,1791316379.110473,2738518,worker_1,W010,RescaleIntensity,step_completed,success,80.64516129032258,25,31
cp_tutorial_3d_monolayer,4,16,1791316379.1104987,2738518,worker_1,W010,OverlayObjects,step_started,started,80.64516129032258,25,31
cp_tutorial_3d_monolayer,4,16,1791316379.1086156,2738520,worker_2,W011,SaveImages,pattern_group,running,100.0,1,1
cp_tutorial_3d_monolayer,4,16,1791316379.1152186,2738522,worker_3,W012,ConvertObjectsToImage,pattern_group,running,100.0,1,1
cp_tutorial_3d_monolayer,4,16,1791316379.115441,2738522,worker_3,W012,ConvertObjectsToImage,step_completed,success,87.09677419354838,27,31
cp_tutorial_3d_monolayer,4,16,1791316379.1154678,2738522,worker_3,W012,SaveImages,step_started,started,87.09677419354838,27,31
cp_tutorial_3d_monolayer,4,16,1791316379.1168013,2738520,worker_2,W011,SaveImages,step_completed,success,96.7741935483871,30,31
cp_tutorial_3d_monolayer,4,16,1791316379.1188653,2738520,worker_2,W011,pipeline,axis_completed,success,96.7741935483871,30,31
cp_tutorial_3d_monolayer,4,16,1791316379.1189694,2738520,worker_2,W015,pipeline,axis_started,started,0.0,0,31
cp_tutorial_3d_monolayer,4,16,1791316379.1190042,2738520,worker_2,W015,RescaleIntensity,step_started,started,0.0,0,31
cp_tutorial_3d_monolayer,4,16,1791316379.1218662,2738516,worker_0,W009,RescaleIntensity,pattern_group,running,100.0,1,1
cp_tutorial_3d_monolayer,4,16,1791316379.1220505,2738516,worker_0,W009,RescaleIntensity,step_completed,success,80.64516129032258,25,31
cp_tutorial_3d_monolayer,4,16,1791316379.122071,2738516,worker_0,W009,OverlayObjects,step_started,started,80.64516129032258,25,31
cp_tutorial_3d_monolayer,4,16,1791316379.1418505,2738518,worker_1,W010,OverlayObjects,pattern_group,running,100.0,1,1
cp_tutorial_3d_monolayer,4,16,1791316379.1419797,2738518,worker_1,W010,OverlayObjects,step_completed,success,83.87096774193549,26,31
cp_tutorial_3d_monolayer,4,16,1791316379.142001,2738518,worker_1,W010,ConvertObjectsToImage,step_started,started,83.87096774193549,26,31
cp_tutorial_3d_monolayer,4,16,1791316379.1539261,2738516,worker_0,W009,OverlayObjects,pattern_group,running,100.0,1,1
cp_tutorial_3d_monolayer,4,16,1791316379.1540656,2738516,worker_0,W009,OverlayObjects,step_completed,success,83.87096774193549,26,31
cp_tutorial_3d_monolayer,4,16,1791316379.1540885,2738516,worker_0,W009,ConvertObjectsToImage,step_started,started,83.87096774193549,26,31
cp_tutorial_3d_monolayer,4,16,1791316379.1744199,2738522,worker_3,W012,SaveImages,pattern_group,running,100.0,1,1
cp_tutorial_3d_monolayer,4,16,1791316379.1807344,2738518,worker_1,W010,ConvertObjectsToImage,pattern_group,running,100.0,1,1
cp_tutorial_3d_monolayer,4,16,1791316379.180941,2738518,worker_1,W010,ConvertObjectsToImage,step_completed,success,87.09677419354838,27,31
cp_tutorial_3d_monolayer,4,16,1791316379.1809726,2738518,worker_1,W010,SaveImages,step_started,started,87.09677419354838,27,31
cp_tutorial_3d_monolayer,4,16,1791316379.1818862,2738522,worker_3,W012,SaveImages,step_completed,success,90.32258064516128,28,31
cp_tutorial_3d_monolayer,4,16,1791316379.1819413,2738522,worker_3,W012,ConvertObjectsToImage,step_started,started,90.32258064516128,28,31
cp_tutorial_3d_monolayer,4,16,1791316379.1923985,2738516,worker_0,W009,ConvertObjectsToImage,pattern_group,running,100.0,1,1
cp_tutorial_3d_monolayer,4,16,1791316379.1925645,2738516,worker_0,W009,ConvertObjectsToImage,step_completed,success,87.09677419354838,27,31
cp_tutorial_3d_monolayer,4,16,1791316379.1925855,2738516,worker_0,W009,SaveImages,step_started,started,87.09677419354838,27,31
cp_tutorial_3d_monolayer,4,16,1791316379.2276354,2738522,worker_3,W012,ConvertObjectsToImage,pattern_group,running,100.0,1,1
cp_tutorial_3d_monolayer,4,16,1791316379.2278404,2738522,worker_3,W012,ConvertObjectsToImage,step_completed,success,93.54838709677419,29,31
cp_tutorial_3d_monolayer,4,16,1791316379.2278643,2738522,worker_3,W012,SaveImages,step_started,started,93.54838709677419,29,31
cp_tutorial_3d_monolayer,4,16,1791316379.2334294,2738518,worker_1,W010,SaveImages,pattern_group,running,100.0,1,1
cp_tutorial_3d_monolayer,4,16,1791316379.2413895,2738518,worker_1,W010,SaveImages,step_completed,success,90.32258064516128,28,31
cp_tutorial_3d_monolayer,4,16,1791316379.2414398,2738518,worker_1,W010,ConvertObjectsToImage,step_started,started,90.32258064516128,28,31
cp_tutorial_3d_monolayer,4,16,1791316379.2493546,2738516,worker_0,W009,SaveImages,pattern_group,running,100.0,1,1
cp_tutorial_3d_monolayer,4,16,1791316379.263683,2738516,worker_0,W009,SaveImages,step_completed,success,90.32258064516128,28,31
cp_tutorial_3d_monolayer,4,16,1791316379.263742,2738516,worker_0,W009,ConvertObjectsToImage,step_started,started,90.32258064516128,28,31
cp_tutorial_3d_monolayer,4,16,1791316379.2819357,2738522,worker_3,W012,SaveImages,pattern_group,running,100.0,1,1
cp_tutorial_3d_monolayer,4,16,1791316379.2929769,2738522,worker_3,W012,SaveImages,step_completed,success,96.7741935483871,30,31
cp_tutorial_3d_monolayer,4,16,1791316379.2950387,2738522,worker_3,W012,pipeline,axis_completed,success,96.7741935483871,30,31
cp_tutorial_3d_monolayer,4,16,1791316379.2951348,2738522,worker_3,W016,pipeline,axis_started,started,0.0,0,31
cp_tutorial_3d_monolayer,4,16,1791316379.2951713,2738522,worker_3,W016,RescaleIntensity,step_started,started,0.0,0,31
cp_tutorial_3d_monolayer,4,16,1791316379.3084671,2738518,worker_1,W010,ConvertObjectsToImage,pattern_group,running,100.0,1,1
cp_tutorial_3d_monolayer,4,16,1791316379.308676,2738518,worker_1,W010,ConvertObjectsToImage,step_completed,success,93.54838709677419,29,31
cp_tutorial_3d_monolayer,4,16,1791316379.3086982,2738518,worker_1,W010,SaveImages,step_started,started,93.54838709677419,29,31
cp_tutorial_3d_monolayer,4,16,1791316379.3177419,2738516,worker_0,W009,ConvertObjectsToImage,pattern_group,running,100.0,1,1
cp_tutorial_3d_monolayer,4,16,1791316379.3179202,2738516,worker_0,W009,ConvertObjectsToImage,step_completed,success,93.54838709677419,29,31
cp_tutorial_3d_monolayer,4,16,1791316379.3179405,2738516,worker_0,W009,SaveImages,step_started,started,93.54838709677419,29,31
cp_tutorial_3d_monolayer,4,16,1791316379.3574612,2738518,worker_1,W010,SaveImages,pattern_group,running,100.0,1,1
cp_tutorial_3d_monolayer,4,16,1791316379.3645482,2738518,worker_1,W010,SaveImages,step_completed,success,96.7741935483871,30,31
cp_tutorial_3d_monolayer,4,16,1791316379.3671424,2738518,worker_1,W010,pipeline,axis_completed,success,96.7741935483871,30,31
cp_tutorial_3d_monolayer,4,16,1791316379.3672376,2738518,worker_1,W014,pipeline,axis_started,started,0.0,0,31
cp_tutorial_3d_monolayer,4,16,1791316379.3672843,2738518,worker_1,W014,RescaleIntensity,step_started,started,0.0,0,31
cp_tutorial_3d_monolayer,4,16,1791316379.3671243,2738516,worker_0,W009,SaveImages,pattern_group,running,100.0,1,1
cp_tutorial_3d_monolayer,4,16,1791316379.374465,2738516,worker_0,W009,SaveImages,step_completed,success,96.7741935483871,30,31
cp_tutorial_3d_monolayer,4,16,1791316379.3776755,2738516,worker_0,W009,pipeline,axis_completed,success,96.7741935483871,30,31
cp_tutorial_3d_monolayer,4,16,1791316379.3777702,2738516,worker_0,W013,pipeline,axis_started,started,0.0,0,31
cp_tutorial_3d_monolayer,4,16,1791316379.377813,2738516,worker_0,W013,RescaleIntensity,step_started,started,0.0,0,31
cp_tutorial_3d_monolayer,4,16,1791316379.5632887,2738520,worker_2,W015,RescaleIntensity,pattern_group,running,100.0,1,1
cp_tutorial_3d_monolayer,4,16,1791316379.5634434,2738520,worker_2,W015,RescaleIntensity,step_completed,success,3.225806451612903,1,31
cp_tutorial_3d_monolayer,4,16,1791316379.5634632,2738520,worker_2,W015,Resize,step_started,started,3.225806451612903,1,31
cp_tutorial_3d_monolayer,4,16,1791316379.6203823,2738520,worker_2,W015,Resize,pattern_group,running,100.0,1,1
cp_tutorial_3d_monolayer,4,16,1791316379.6205297,2738520,worker_2,W015,Resize,step_completed,success,6.451612903225806,2,31
cp_tutorial_3d_monolayer,4,16,1791316379.6205487,2738520,worker_2,W015,MedianFilter,step_started,started,6.451612903225806,2,31
cp_tutorial_3d_monolayer,4,16,1791316379.717051,2738522,worker_3,W016,RescaleIntensity,pattern_group,running,100.0,1,1
cp_tutorial_3d_monolayer,4,16,1791316379.7172406,2738522,worker_3,W016,RescaleIntensity,step_completed,success,3.225806451612903,1,31
cp_tutorial_3d_monolayer,4,16,1791316379.717261,2738522,worker_3,W016,Resize,step_started,started,3.225806451612903,1,31
cp_tutorial_3d_monolayer,4,16,1791316379.7776732,2738522,worker_3,W016,Resize,pattern_group,running,100.0,1,1
cp_tutorial_3d_monolayer,4,16,1791316379.7778637,2738522,worker_3,W016,Resize,step_completed,success,6.451612903225806,2,31
cp_tutorial_3d_monolayer,4,16,1791316379.7778842,2738522,worker_3,W016,MedianFilter,step_started,started,6.451612903225806,2,31
cp_tutorial_3d_monolayer,4,16,1791316379.7804453,2738518,worker_1,W014,RescaleIntensity,pattern_group,running,100.0,1,1
cp_tutorial_3d_monolayer,4,16,1791316379.7805974,2738518,worker_1,W014,RescaleIntensity,step_completed,success,3.225806451612903,1,31
cp_tutorial_3d_monolayer,4,16,1791316379.7806182,2738518,worker_1,W014,Resize,step_started,started,3.225806451612903,1,31
cp_tutorial_3d_monolayer,4,16,1791316379.7888412,2738516,worker_0,W013,RescaleIntensity,pattern_group,running,100.0,1,1
cp_tutorial_3d_monolayer,4,16,1791316379.7889984,2738516,worker_0,W013,RescaleIntensity,step_completed,success,3.225806451612903,1,31
cp_tutorial_3d_monolayer,4,16,1791316379.7890172,2738516,worker_0,W013,Resize,step_started,started,3.225806451612903,1,31
cp_tutorial_3d_monolayer,4,16,1791316379.788842,2738520,worker_2,W015,MedianFilter,pattern_group,running,100.0,1,1
cp_tutorial_3d_monolayer,4,16,1791316379.7889972,2738520,worker_2,W015,MedianFilter,step_completed,success,9.67741935483871,3,31
cp_tutorial_3d_monolayer,4,16,1791316379.7890167,2738520,worker_2,W015,Threshold,step_started,started,9.67741935483871,3,31
cp_tutorial_3d_monolayer,4,16,1791316379.8292255,2738520,worker_2,W015,Threshold,pattern_group,running,100.0,1,1
cp_tutorial_3d_monolayer,4,16,1791316379.8294935,2738520,worker_2,W015,Threshold,step_completed,success,12.903225806451612,4,31
cp_tutorial_3d_monolayer,4,16,1791316379.8295138,2738520,worker_2,W015,RemoveHoles,step_started,started,12.903225806451612,4,31
cp_tutorial_3d_monolayer,4,16,1791316379.8383346,2738518,worker_1,W014,Resize,pattern_group,running,100.0,1,1
cp_tutorial_3d_monolayer,4,16,1791316379.838496,2738518,worker_1,W014,Resize,step_completed,success,6.451612903225806,2,31
cp_tutorial_3d_monolayer,4,16,1791316379.838516,2738518,worker_1,W014,MedianFilter,step_started,started,6.451612903225806,2,31
cp_tutorial_3d_monolayer,4,16,1791316379.846784,2738516,worker_0,W013,Resize,pattern_group,running,100.0,1,1
cp_tutorial_3d_monolayer,4,16,1791316379.846935,2738516,worker_0,W013,Resize,step_completed,success,6.451612903225806,2,31
cp_tutorial_3d_monolayer,4,16,1791316379.8469553,2738516,worker_0,W013,MedianFilter,step_started,started,6.451612903225806,2,31
cp_tutorial_3d_monolayer,4,16,1791316379.8474598,2738520,worker_2,W015,RemoveHoles,pattern_group,running,100.0,1,1
cp_tutorial_3d_monolayer,4,16,1791316379.8475993,2738520,worker_2,W015,RemoveHoles,step_completed,success,16.129032258064516,5,31
cp_tutorial_3d_monolayer,4,16,1791316379.8476188,2738520,worker_2,W015,Watershed,step_started,started,16.129032258064516,5,31
cp_tutorial_3d_monolayer,4,16,1791316379.936242,2738520,worker_2,W015,Watershed,pattern_group,running,100.0,1,1
cp_tutorial_3d_monolayer,4,16,1791316379.936645,2738520,worker_2,W015,Watershed,step_completed,success,19.35483870967742,6,31
cp_tutorial_3d_monolayer,4,16,1791316379.9366653,2738520,worker_2,W015,ResizeObjects,step_started,started,19.35483870967742,6,31
cp_tutorial_3d_monolayer,4,16,1791316379.9510481,2738522,worker_3,W016,MedianFilter,pattern_group,running,100.0,1,1
cp_tutorial_3d_monolayer,4,16,1791316379.9512386,2738522,worker_3,W016,MedianFilter,step_completed,success,9.67741935483871,3,31
cp_tutorial_3d_monolayer,4,16,1791316379.9512594,2738522,worker_3,W016,Threshold,step_started,started,9.67741935483871,3,31
cp_tutorial_3d_monolayer,4,16,1791316379.9651513,2738520,worker_2,W015,ResizeObjects,pattern_group,running,100.0,1,1
cp_tutorial_3d_monolayer,4,16,1791316379.9656405,2738520,worker_2,W015,ResizeObjects,step_completed,success,22.58064516129032,7,31
cp_tutorial_3d_monolayer,4,16,1791316379.965665,2738520,worker_2,W015,ErodeObjects,step_started,started,22.58064516129032,7,31
cp_tutorial_3d_monolayer,4,16,1791316379.9906795,2738522,worker_3,W016,Threshold,pattern_group,running,100.0,1,1
cp_tutorial_3d_monolayer,4,16,1791316379.9909275,2738522,worker_3,W016,Threshold,step_completed,success,12.903225806451612,4,31
cp_tutorial_3d_monolayer,4,16,1791316379.9909463,2738522,worker_3,W016,RemoveHoles,step_started,started,12.903225806451612,4,31
cp_tutorial_3d_monolayer,4,16,1791316380.008115,2738522,worker_3,W016,RemoveHoles,pattern_group,running,100.0,1,1
cp_tutorial_3d_monolayer,4,16,1791316380.0082633,2738522,worker_3,W016,RemoveHoles,step_completed,success,16.129032258064516,5,31
cp_tutorial_3d_monolayer,4,16,1791316380.0082893,2738522,worker_3,W016,Watershed,step_started,started,16.129032258064516,5,31
cp_tutorial_3d_monolayer,4,16,1791316380.0101044,2738518,worker_1,W014,MedianFilter,pattern_group,running,100.0,1,1
cp_tutorial_3d_monolayer,4,16,1791316380.0103252,2738518,worker_1,W014,MedianFilter,step_completed,success,9.67741935483871,3,31
cp_tutorial_3d_monolayer,4,16,1791316380.0103476,2738518,worker_1,W014,Threshold,step_started,started,9.67741935483871,3,31
cp_tutorial_3d_monolayer,4,16,1791316380.0133212,2738516,worker_0,W013,MedianFilter,pattern_group,running,100.0,1,1
cp_tutorial_3d_monolayer,4,16,1791316380.013474,2738516,worker_0,W013,MedianFilter,step_completed,success,9.67741935483871,3,31
cp_tutorial_3d_monolayer,4,16,1791316380.0134935,2738516,worker_0,W013,Threshold,step_started,started,9.67741935483871,3,31
cp_tutorial_3d_monolayer,4,16,1791316380.0175288,2738520,worker_2,W015,ErodeObjects,pattern_group,running,100.0,1,1
cp_tutorial_3d_monolayer,4,16,1791316380.0180738,2738520,worker_2,W015,ErodeObjects,step_completed,success,25.806451612903224,8,31
cp_tutorial_3d_monolayer,4,16,1791316380.0180979,2738520,worker_2,W015,ResizeObjects,step_started,started,25.806451612903224,8,31
cp_tutorial_3d_monolayer,4,16,1791316380.0466554,2738520,worker_2,W015,ResizeObjects,pattern_group,running,100.0,1,1
cp_tutorial_3d_monolayer,4,16,1791316380.0472212,2738520,worker_2,W015,ResizeObjects,step_completed,success,29.03225806451613,9,31
cp_tutorial_3d_monolayer,4,16,1791316380.047245,2738520,worker_2,W015,ConvertObjectsToImage,step_started,started,29.03225806451613,9,31
cp_tutorial_3d_monolayer,4,16,1791316380.0546272,2738518,worker_1,W014,Threshold,pattern_group,running,100.0,1,1
cp_tutorial_3d_monolayer,4,16,1791316380.0549479,2738518,worker_1,W014,Threshold,step_completed,success,12.903225806451612,4,31
cp_tutorial_3d_monolayer,4,16,1791316380.0549722,2738518,worker_1,W014,RemoveHoles,step_started,started,12.903225806451612,4,31
cp_tutorial_3d_monolayer,4,16,1791316380.0561228,2738516,worker_0,W013,Threshold,pattern_group,running,100.0,1,1
cp_tutorial_3d_monolayer,4,16,1791316380.0564198,2738516,worker_0,W013,Threshold,step_completed,success,12.903225806451612,4,31
cp_tutorial_3d_monolayer,4,16,1791316380.0564444,2738516,worker_0,W013,RemoveHoles,step_started,started,12.903225806451612,4,31
cp_tutorial_3d_monolayer,4,16,1791316380.0682833,2738520,worker_2,W015,ConvertObjectsToImage,pattern_group,running,100.0,1,1
cp_tutorial_3d_monolayer,4,16,1791316380.0687,2738520,worker_2,W015,ConvertObjectsToImage,step_completed,success,32.25806451612903,10,31
cp_tutorial_3d_monolayer,4,16,1791316380.0687568,2738520,worker_2,W015,Threshold,step_started,started,32.25806451612903,10,31
cp_tutorial_3d_monolayer,4,16,1791316380.075109,2738516,worker_0,W013,RemoveHoles,pattern_group,running,100.0,1,1
cp_tutorial_3d_monolayer,4,16,1791316380.0752926,2738516,worker_0,W013,RemoveHoles,step_completed,success,16.129032258064516,5,31
cp_tutorial_3d_monolayer,4,16,1791316380.0753143,2738516,worker_0,W013,Watershed,step_started,started,16.129032258064516,5,31
cp_tutorial_3d_monolayer,4,16,1791316380.0771313,2738518,worker_1,W014,RemoveHoles,pattern_group,running,100.0,1,1
cp_tutorial_3d_monolayer,4,16,1791316380.0773315,2738518,worker_1,W014,RemoveHoles,step_completed,success,16.129032258064516,5,31
cp_tutorial_3d_monolayer,4,16,1791316380.0773547,2738518,worker_1,W014,Watershed,step_started,started,16.129032258064516,5,31
cp_tutorial_3d_monolayer,4,16,1791316380.1092458,2738522,worker_3,W016,Watershed,pattern_group,running,100.0,1,1
cp_tutorial_3d_monolayer,4,16,1791316380.1097848,2738522,worker_3,W016,Watershed,step_completed,success,19.35483870967742,6,31
cp_tutorial_3d_monolayer,4,16,1791316380.1098251,2738522,worker_3,W016,ResizeObjects,step_started,started,19.35483870967742,6,31
cp_tutorial_3d_monolayer,4,16,1791316380.1370337,2738522,worker_3,W016,ResizeObjects,pattern_group,running,100.0,1,1
cp_tutorial_3d_monolayer,4,16,1791316380.137513,2738522,worker_3,W016,ResizeObjects,step_completed,success,22.58064516129032,7,31
cp_tutorial_3d_monolayer,4,16,1791316380.1375344,2738522,worker_3,W016,ErodeObjects,step_started,started,22.58064516129032,7,31
cp_tutorial_3d_monolayer,4,16,1791316380.1670604,2738516,worker_0,W013,Watershed,pattern_group,running,100.0,1,1
cp_tutorial_3d_monolayer,4,16,1791316380.1675727,2738516,worker_0,W013,Watershed,step_completed,success,19.35483870967742,6,31
cp_tutorial_3d_monolayer,4,16,1791316380.1675973,2738516,worker_0,W013,ResizeObjects,step_started,started,19.35483870967742,6,31
cp_tutorial_3d_monolayer,4,16,1791316380.1952527,2738518,worker_1,W014,Watershed,pattern_group,running,100.0,1,1
cp_tutorial_3d_monolayer,4,16,1791316380.1957555,2738518,worker_1,W014,Watershed,step_completed,success,19.35483870967742,6,31
cp_tutorial_3d_monolayer,4,16,1791316380.1957858,2738518,worker_1,W014,ResizeObjects,step_started,started,19.35483870967742,6,31
cp_tutorial_3d_monolayer,4,16,1791316380.1954439,2738522,worker_3,W016,ErodeObjects,pattern_group,running,100.0,1,1
cp_tutorial_3d_monolayer,4,16,1791316380.1960242,2738522,worker_3,W016,ErodeObjects,step_completed,success,25.806451612903224,8,31
cp_tutorial_3d_monolayer,4,16,1791316380.1960475,2738522,worker_3,W016,ResizeObjects,step_started,started,25.806451612903224,8,31
cp_tutorial_3d_monolayer,4,16,1791316380.1979966,2738516,worker_0,W013,ResizeObjects,pattern_group,running,100.0,1,1
cp_tutorial_3d_monolayer,4,16,1791316380.1985223,2738516,worker_0,W013,ResizeObjects,step_completed,success,22.58064516129032,7,31
cp_tutorial_3d_monolayer,4,16,1791316380.1985517,2738516,worker_0,W013,ErodeObjects,step_started,started,22.58064516129032,7,31
cp_tutorial_3d_monolayer,4,16,1791316380.2323873,2738522,worker_3,W016,ResizeObjects,pattern_group,running,100.0,1,1
cp_tutorial_3d_monolayer,4,16,1791316380.2331064,2738522,worker_3,W016,ResizeObjects,step_completed,success,29.03225806451613,9,31
cp_tutorial_3d_monolayer,4,16,1791316380.2331378,2738522,worker_3,W016,ConvertObjectsToImage,step_started,started,29.03225806451613,9,31
cp_tutorial_3d_monolayer,4,16,1791316380.2412965,2738518,worker_1,W014,ResizeObjects,pattern_group,running,100.0,1,1
cp_tutorial_3d_monolayer,4,16,1791316380.2430718,2738518,worker_1,W014,ResizeObjects,step_completed,success,22.58064516129032,7,31
cp_tutorial_3d_monolayer,4,16,1791316380.243139,2738518,worker_1,W014,ErodeObjects,step_started,started,22.58064516129032,7,31
cp_tutorial_3d_monolayer,4,16,1791316380.2556148,2738522,worker_3,W016,ConvertObjectsToImage,pattern_group,running,100.0,1,1
cp_tutorial_3d_monolayer,4,16,1791316380.255779,2738522,worker_3,W016,ConvertObjectsToImage,step_completed,success,32.25806451612903,10,31
cp_tutorial_3d_monolayer,4,16,1791316380.255799,2738522,worker_3,W016,Threshold,step_started,started,32.25806451612903,10,31
cp_tutorial_3d_monolayer,4,16,1791316380.2619333,2738516,worker_0,W013,ErodeObjects,pattern_group,running,100.0,1,1
cp_tutorial_3d_monolayer,4,16,1791316380.2624068,2738516,worker_0,W013,ErodeObjects,step_completed,success,25.806451612903224,8,31
cp_tutorial_3d_monolayer,4,16,1791316380.2624269,2738516,worker_0,W013,ResizeObjects,step_started,started,25.806451612903224,8,31
cp_tutorial_3d_monolayer,4,16,1791316380.2852325,2738516,worker_0,W013,ResizeObjects,pattern_group,running,100.0,1,1
cp_tutorial_3d_monolayer,4,16,1791316380.2857187,2738516,worker_0,W013,ResizeObjects,step_completed,success,29.03225806451613,9,31
cp_tutorial_3d_monolayer,4,16,1791316380.2857392,2738516,worker_0,W013,ConvertObjectsToImage,step_started,started,29.03225806451613,9,31
cp_tutorial_3d_monolayer,4,16,1791316380.300974,2738520,worker_2,W015,Threshold,pattern_group,running,100.0,1,1
cp_tutorial_3d_monolayer,4,16,1791316380.3012338,2738520,worker_2,W015,Threshold,step_completed,success,35.483870967741936,11,31
cp_tutorial_3d_monolayer,4,16,1791316380.3012526,2738520,worker_2,W015,ImageMath,step_started,started,35.483870967741936,11,31
cp_tutorial_3d_monolayer,4,16,1791316380.3054998,2738516,worker_0,W013,ConvertObjectsToImage,pattern_group,running,100.0,1,1
cp_tutorial_3d_monolayer,4,16,1791316380.3056567,2738516,worker_0,W013,ConvertObjectsToImage,step_completed,success,32.25806451612903,10,31
cp_tutorial_3d_monolayer,4,16,1791316380.3056755,2738516,worker_0,W013,Threshold,step_started,started,32.25806451612903,10,31
cp_tutorial_3d_monolayer,4,16,1791316380.3081036,2738518,worker_1,W014,ErodeObjects,pattern_group,running,100.0,1,1
cp_tutorial_3d_monolayer,4,16,1791316380.3086004,2738518,worker_1,W014,ErodeObjects,step_completed,success,25.806451612903224,8,31
cp_tutorial_3d_monolayer,4,16,1791316380.3086238,2738518,worker_1,W014,ResizeObjects,step_started,started,25.806451612903224,8,31
cp_tutorial_3d_monolayer,4,16,1791316380.3336973,2738520,worker_2,W015,ImageMath,pattern_group,running,100.0,1,1
cp_tutorial_3d_monolayer,4,16,1791316380.3338625,2738520,worker_2,W015,ImageMath,step_completed,success,38.70967741935484,12,31
cp_tutorial_3d_monolayer,4,16,1791316380.333881,2738520,worker_2,W015,RemoveHoles,step_started,started,38.70967741935484,12,31
cp_tutorial_3d_monolayer,4,16,1791316380.338584,2738518,worker_1,W014,ResizeObjects,pattern_group,running,100.0,1,1
cp_tutorial_3d_monolayer,4,16,1791316380.339217,2738518,worker_1,W014,ResizeObjects,step_completed,success,29.03225806451613,9,31
cp_tutorial_3d_monolayer,4,16,1791316380.339242,2738518,worker_1,W014,ConvertObjectsToImage,step_started,started,29.03225806451613,9,31
cp_tutorial_3d_monolayer,4,16,1791316380.3624837,2738518,worker_1,W014,ConvertObjectsToImage,pattern_group,running,100.0,1,1
cp_tutorial_3d_monolayer,4,16,1791316380.3627763,2738518,worker_1,W014,ConvertObjectsToImage,step_completed,success,32.25806451612903,10,31
cp_tutorial_3d_monolayer,4,16,1791316380.3628037,2738518,worker_1,W014,Threshold,step_started,started,32.25806451612903,10,31
cp_tutorial_3d_monolayer,4,16,1791316380.380542,2738520,worker_2,W015,RemoveHoles,pattern_group,running,100.0,1,1
cp_tutorial_3d_monolayer,4,16,1791316380.3807642,2738520,worker_2,W015,RemoveHoles,step_completed,success,41.935483870967744,13,31
cp_tutorial_3d_monolayer,4,16,1791316380.3807893,2738520,worker_2,W015,ImageMath,step_started,started,41.935483870967744,13,31
cp_tutorial_3d_monolayer,4,16,1791316380.4620214,2738522,worker_3,W016,Threshold,pattern_group,running,100.0,1,1
cp_tutorial_3d_monolayer,4,16,1791316380.4622874,2738522,worker_3,W016,Threshold,step_completed,success,35.483870967741936,11,31
cp_tutorial_3d_monolayer,4,16,1791316380.462307,2738522,worker_3,W016,ImageMath,step_started,started,35.483870967741936,11,31
cp_tutorial_3d_monolayer,4,16,1791316380.4979818,2738522,worker_3,W016,ImageMath,pattern_group,running,100.0,1,1
cp_tutorial_3d_monolayer,4,16,1791316380.4981666,2738522,worker_3,W016,ImageMath,step_completed,success,38.70967741935484,12,31
cp_tutorial_3d_monolayer,4,16,1791316380.498187,2738522,worker_3,W016,RemoveHoles,step_started,started,38.70967741935484,12,31
cp_tutorial_3d_monolayer,4,16,1791316380.5087318,2738516,worker_0,W013,Threshold,pattern_group,running,100.0,1,1
cp_tutorial_3d_monolayer,4,16,1791316380.5089986,2738516,worker_0,W013,Threshold,step_completed,success,35.483870967741936,11,31
cp_tutorial_3d_monolayer,4,16,1791316380.5090191,2738516,worker_0,W013,ImageMath,step_started,started,35.483870967741936,11,31
cp_tutorial_3d_monolayer,4,16,1791316380.5429897,2738516,worker_0,W013,ImageMath,pattern_group,running,100.0,1,1
cp_tutorial_3d_monolayer,4,16,1791316380.5431583,2738516,worker_0,W013,ImageMath,step_completed,success,38.70967741935484,12,31
cp_tutorial_3d_monolayer,4,16,1791316380.5431788,2738516,worker_0,W013,RemoveHoles,step_started,started,38.70967741935484,12,31
cp_tutorial_3d_monolayer,4,16,1791316380.5486736,2738522,worker_3,W016,RemoveHoles,pattern_group,running,100.0,1,1
cp_tutorial_3d_monolayer,4,16,1791316380.5488808,2738522,worker_3,W016,RemoveHoles,step_completed,success,41.935483870967744,13,31
cp_tutorial_3d_monolayer,4,16,1791316380.5489047,2738522,worker_3,W016,ImageMath,step_started,started,41.935483870967744,13,31
cp_tutorial_3d_monolayer,4,16,1791316380.582827,2738518,worker_1,W014,Threshold,pattern_group,running,100.0,1,1
cp_tutorial_3d_monolayer,4,16,1791316380.583198,2738518,worker_1,W014,Threshold,step_completed,success,35.483870967741936,11,31
cp_tutorial_3d_monolayer,4,16,1791316380.5832229,2738518,worker_1,W014,ImageMath,step_started,started,35.483870967741936,11,31
cp_tutorial_3d_monolayer,4,16,1791316380.5923014,2738516,worker_0,W013,RemoveHoles,pattern_group,running,100.0,1,1
cp_tutorial_3d_monolayer,4,16,1791316380.5924773,2738516,worker_0,W013,RemoveHoles,step_completed,success,41.935483870967744,13,31
cp_tutorial_3d_monolayer,4,16,1791316380.5924978,2738516,worker_0,W013,ImageMath,step_started,started,41.935483870967744,13,31
cp_tutorial_3d_monolayer,4,16,1791316380.6192162,2738518,worker_1,W014,ImageMath,pattern_group,running,100.0,1,1
cp_tutorial_3d_monolayer,4,16,1791316380.6193824,2738518,worker_1,W014,ImageMath,step_completed,success,38.70967741935484,12,31
cp_tutorial_3d_monolayer,4,16,1791316380.6194022,2738518,worker_1,W014,RemoveHoles,step_started,started,38.70967741935484,12,31
cp_tutorial_3d_monolayer,4,16,1791316380.6693985,2738518,worker_1,W014,RemoveHoles,pattern_group,running,100.0,1,1
cp_tutorial_3d_monolayer,4,16,1791316380.6695473,2738518,worker_1,W014,RemoveHoles,step_completed,success,41.935483870967744,13,31
cp_tutorial_3d_monolayer,4,16,1791316380.6695666,2738518,worker_1,W014,ImageMath,step_started,started,41.935483870967744,13,31
cp_tutorial_3d_monolayer,4,16,1791316380.6781273,2738520,worker_2,W015,ImageMath,pattern_group,running,100.0,1,1
cp_tutorial_3d_monolayer,4,16,1791316380.6782954,2738520,worker_2,W015,ImageMath,step_completed,success,45.16129032258064,14,31
cp_tutorial_3d_monolayer,4,16,1791316380.678318,2738520,worker_2,W015,Resize,step_started,started,45.16129032258064,14,31
cp_tutorial_3d_monolayer,4,16,1791316380.737773,2738520,worker_2,W015,Resize,pattern_group,running,100.0,1,1
cp_tutorial_3d_monolayer,4,16,1791316380.737982,2738520,worker_2,W015,Resize,step_completed,success,48.38709677419355,15,31
cp_tutorial_3d_monolayer,4,16,1791316380.7380075,2738520,worker_2,W015,Closing,step_started,started,48.38709677419355,15,31
cp_tutorial_3d_monolayer,4,16,1791316380.8229086,2738520,worker_2,W015,Closing,pattern_group,running,100.0,1,1
cp_tutorial_3d_monolayer,4,16,1791316380.8230786,2738520,worker_2,W015,Closing,step_completed,success,51.61290322580645,16,31
cp_tutorial_3d_monolayer,4,16,1791316380.8230982,2738520,worker_2,W015,Resize,step_started,started,51.61290322580645,16,31
cp_tutorial_3d_monolayer,4,16,1791316380.84688,2738522,worker_3,W016,ImageMath,pattern_group,running,100.0,1,1
cp_tutorial_3d_monolayer,4,16,1791316380.8470612,2738522,worker_3,W016,ImageMath,step_completed,success,45.16129032258064,14,31
cp_tutorial_3d_monolayer,4,16,1791316380.8470812,2738522,worker_3,W016,Resize,step_started,started,45.16129032258064,14,31
cp_tutorial_3d_monolayer,4,16,1791316380.8715355,2738520,worker_2,W015,Resize,pattern_group,running,100.0,1,1
cp_tutorial_3d_monolayer,4,16,1791316380.8717268,2738520,worker_2,W015,Resize,step_completed,success,54.83870967741935,17,31
cp_tutorial_3d_monolayer,4,16,1791316380.8717494,2738520,worker_2,W015,Threshold,step_started,started,54.83870967741935,17,31
cp_tutorial_3d_monolayer,4,16,1791316380.8896742,2738516,worker_0,W013,ImageMath,pattern_group,running,100.0,1,1
cp_tutorial_3d_monolayer,4,16,1791316380.8899095,2738516,worker_0,W013,ImageMath,step_completed,success,45.16129032258064,14,31
cp_tutorial_3d_monolayer,4,16,1791316380.889933,2738516,worker_0,W013,Resize,step_started,started,45.16129032258064,14,31
cp_tutorial_3d_monolayer,4,16,1791316380.9168274,2738522,worker_3,W016,Resize,pattern_group,running,100.0,1,1
cp_tutorial_3d_monolayer,4,16,1791316380.9172232,2738522,worker_3,W016,Resize,step_completed,success,48.38709677419355,15,31
cp_tutorial_3d_monolayer,4,16,1791316380.9172585,2738522,worker_3,W016,Closing,step_started,started,48.38709677419355,15,31
cp_tutorial_3d_monolayer,4,16,1791316380.9642978,2738516,worker_0,W013,Resize,pattern_group,running,100.0,1,1
cp_tutorial_3d_monolayer,4,16,1791316380.9645944,2738516,worker_0,W013,Resize,step_completed,success,48.38709677419355,15,31
cp_tutorial_3d_monolayer,4,16,1791316380.9646435,2738516,worker_0,W013,Closing,step_started,started,48.38709677419355,15,31
cp_tutorial_3d_monolayer,4,16,1791316381.004033,2738518,worker_1,W014,ImageMath,pattern_group,running,100.0,1,1
cp_tutorial_3d_monolayer,4,16,1791316381.004199,2738518,worker_1,W014,ImageMath,step_completed,success,45.16129032258064,14,31
cp_tutorial_3d_monolayer,4,16,1791316381.004218,2738518,worker_1,W014,Resize,step_started,started,45.16129032258064,14,31
cp_tutorial_3d_monolayer,4,16,1791316381.0082004,2738522,worker_3,W016,Closing,pattern_group,running,100.0,1,1
cp_tutorial_3d_monolayer,4,16,1791316381.0084186,2738522,worker_3,W016,Closing,step_completed,success,51.61290322580645,16,31
cp_tutorial_3d_monolayer,4,16,1791316381.0084493,2738522,worker_3,W016,Resize,step_started,started,51.61290322580645,16,31
cp_tutorial_3d_monolayer,4,16,1791316381.0533783,2738516,worker_0,W013,Closing,pattern_group,running,100.0,1,1
cp_tutorial_3d_monolayer,4,16,1791316381.0535338,2738516,worker_0,W013,Closing,step_completed,success,51.61290322580645,16,31
cp_tutorial_3d_monolayer,4,16,1791316381.0535524,2738516,worker_0,W013,Resize,step_started,started,51.61290322580645,16,31
cp_tutorial_3d_monolayer,4,16,1791316381.0564747,2738520,worker_2,W015,Threshold,pattern_group,running,100.0,1,1
cp_tutorial_3d_monolayer,4,16,1791316381.056903,2738520,worker_2,W015,Threshold,step_completed,success,58.06451612903226,18,31
cp_tutorial_3d_monolayer,4,16,1791316381.0569315,2738520,worker_2,W015,MaskImage,step_started,started,58.06451612903226,18,31
cp_tutorial_3d_monolayer,4,16,1791316381.059601,2738522,worker_3,W016,Resize,pattern_group,running,100.0,1,1
cp_tutorial_3d_monolayer,4,16,1791316381.059772,2738522,worker_3,W016,Resize,step_completed,success,54.83870967741935,17,31
cp_tutorial_3d_monolayer,4,16,1791316381.059792,2738522,worker_3,W016,Threshold,step_started,started,54.83870967741935,17,31
cp_tutorial_3d_monolayer,4,16,1791316381.0700312,2738518,worker_1,W014,Resize,pattern_group,running,100.0,1,1
cp_tutorial_3d_monolayer,4,16,1791316381.0702453,2738518,worker_1,W014,Resize,step_completed,success,48.38709677419355,15,31
cp_tutorial_3d_monolayer,4,16,1791316381.070274,2738518,worker_1,W014,Closing,step_started,started,48.38709677419355,15,31
cp_tutorial_3d_monolayer,4,16,1791316381.105901,2738516,worker_0,W013,Resize,pattern_group,running,100.0,1,1
cp_tutorial_3d_monolayer,4,16,1791316381.1060753,2738516,worker_0,W013,Resize,step_completed,success,54.83870967741935,17,31
cp_tutorial_3d_monolayer,4,16,1791316381.106096,2738516,worker_0,W013,Threshold,step_started,started,54.83870967741935,17,31
cp_tutorial_3d_monolayer,4,16,1791316381.1076767,2738520,worker_2,W015,MaskImage,pattern_group,running,100.0,1,1
cp_tutorial_3d_monolayer,4,16,1791316381.1079445,2738520,worker_2,W015,MaskImage,step_completed,success,61.29032258064516,19,31
cp_tutorial_3d_monolayer,4,16,1791316381.1079774,2738520,worker_2,W015,ErodeImage,step_started,started,61.29032258064516,19,31
cp_tutorial_3d_monolayer,4,16,1791316381.1414747,2738520,worker_2,W015,ErodeImage,pattern_group,running,100.0,1,1
cp_tutorial_3d_monolayer,4,16,1791316381.141769,2738520,worker_2,W015,ErodeImage,step_completed,success,64.51612903225806,20,31
cp_tutorial_3d_monolayer,4,16,1791316381.1417956,2738520,worker_2,W015,Watershed,step_started,started,64.51612903225806,20,31
cp_tutorial_3d_monolayer,4,16,1791316381.1839345,2738518,worker_1,W014,Closing,pattern_group,running,100.0,1,1
cp_tutorial_3d_monolayer,4,16,1791316381.1841168,2738518,worker_1,W014,Closing,step_completed,success,51.61290322580645,16,31
cp_tutorial_3d_monolayer,4,16,1791316381.1841383,2738518,worker_1,W014,Resize,step_started,started,51.61290322580645,16,31
cp_tutorial_3d_monolayer,4,16,1791316381.2370045,2738518,worker_1,W014,Resize,pattern_group,running,100.0,1,1
cp_tutorial_3d_monolayer,4,16,1791316381.2371855,2738518,worker_1,W014,Resize,step_completed,success,54.83870967741935,17,31
cp_tutorial_3d_monolayer,4,16,1791316381.2372081,2738518,worker_1,W014,Threshold,step_started,started,54.83870967741935,17,31
cp_tutorial_3d_monolayer,4,16,1791316381.2683454,2738522,worker_3,W016,Threshold,pattern_group,running,100.0,1,1
cp_tutorial_3d_monolayer,4,16,1791316381.2688944,2738522,worker_3,W016,Threshold,step_completed,success,58.06451612903226,18,31
cp_tutorial_3d_monolayer,4,16,1791316381.268925,2738522,worker_3,W016,MaskImage,step_started,started,58.06451612903226,18,31
cp_tutorial_3d_monolayer,4,16,1791316381.2723584,2738520,worker_2,W015,Watershed,pattern_group,running,100.0,1,1
cp_tutorial_3d_monolayer,4,16,1791316381.2728899,2738520,worker_2,W015,Watershed,step_completed,success,67.74193548387096,21,31
cp_tutorial_3d_monolayer,4,16,1791316381.272919,2738520,worker_2,W015,MeasureObjectIntensity,step_started,started,67.74193548387096,21,31
cp_tutorial_3d_monolayer,4,16,1791316381.3070512,2738516,worker_0,W013,Threshold,pattern_group,running,100.0,1,1
cp_tutorial_3d_monolayer,4,16,1791316381.3073316,2738516,worker_0,W013,Threshold,step_completed,success,58.06451612903226,18,31
cp_tutorial_3d_monolayer,4,16,1791316381.307355,2738516,worker_0,W013,MaskImage,step_started,started,58.06451612903226,18,31
cp_tutorial_3d_monolayer,4,16,1791316381.3218467,2738522,worker_3,W016,MaskImage,pattern_group,running,100.0,1,1
cp_tutorial_3d_monolayer,4,16,1791316381.3221102,2738522,worker_3,W016,MaskImage,step_completed,success,61.29032258064516,19,31
cp_tutorial_3d_monolayer,4,16,1791316381.32214,2738522,worker_3,W016,ErodeImage,step_started,started,61.29032258064516,19,31
cp_tutorial_3d_monolayer,4,16,1791316381.3558388,2738522,worker_3,W016,ErodeImage,pattern_group,running,100.0,1,1
cp_tutorial_3d_monolayer,4,16,1791316381.3559883,2738522,worker_3,W016,ErodeImage,step_completed,success,64.51612903225806,20,31
cp_tutorial_3d_monolayer,4,16,1791316381.3560061,2738522,worker_3,W016,Watershed,step_started,started,64.51612903225806,20,31
cp_tutorial_3d_monolayer,4,16,1791316381.3588598,2738516,worker_0,W013,MaskImage,pattern_group,running,100.0,1,1
cp_tutorial_3d_monolayer,4,16,1791316381.3590703,2738516,worker_0,W013,MaskImage,step_completed,success,61.29032258064516,19,31
cp_tutorial_3d_monolayer,4,16,1791316381.3590977,2738516,worker_0,W013,ErodeImage,step_started,started,61.29032258064516,19,31
cp_tutorial_3d_monolayer,4,16,1791316381.390531,2738516,worker_0,W013,ErodeImage,pattern_group,running,100.0,1,1
cp_tutorial_3d_monolayer,4,16,1791316381.3906972,2738516,worker_0,W013,ErodeImage,step_completed,success,64.51612903225806,20,31
cp_tutorial_3d_monolayer,4,16,1791316381.3907173,2738516,worker_0,W013,Watershed,step_started,started,64.51612903225806,20,31
cp_tutorial_3d_monolayer,4,16,1791316381.43265,2738518,worker_1,W014,Threshold,pattern_group,running,100.0,1,1
cp_tutorial_3d_monolayer,4,16,1791316381.4329271,2738518,worker_1,W014,Threshold,step_completed,success,58.06451612903226,18,31
cp_tutorial_3d_monolayer,4,16,1791316381.4329476,2738518,worker_1,W014,MaskImage,step_started,started,58.06451612903226,18,31
cp_tutorial_3d_monolayer,4,16,1791316381.486817,2738518,worker_1,W014,MaskImage,pattern_group,running,100.0,1,1
cp_tutorial_3d_monolayer,4,16,1791316381.4870198,2738518,worker_1,W014,MaskImage,step_completed,success,61.29032258064516,19,31
cp_tutorial_3d_monolayer,4,16,1791316381.4870408,2738518,worker_1,W014,ErodeImage,step_started,started,61.29032258064516,19,31
cp_tutorial_3d_monolayer,4,16,1791316381.4977136,2738522,worker_3,W016,Watershed,pattern_group,running,100.0,1,1
cp_tutorial_3d_monolayer,4,16,1791316381.4981437,2738522,worker_3,W016,Watershed,step_completed,success,67.74193548387096,21,31
cp_tutorial_3d_monolayer,4,16,1791316381.4981697,2738522,worker_3,W016,MeasureObjectIntensity,step_started,started,67.74193548387096,21,31
cp_tutorial_3d_monolayer,4,16,1791316381.52305,2738518,worker_1,W014,ErodeImage,pattern_group,running,100.0,1,1
cp_tutorial_3d_monolayer,4,16,1791316381.5232878,2738518,worker_1,W014,ErodeImage,step_completed,success,64.51612903225806,20,31
cp_tutorial_3d_monolayer,4,16,1791316381.5233145,2738518,worker_1,W014,Watershed,step_started,started,64.51612903225806,20,31
cp_tutorial_3d_monolayer,4,16,1791316381.5532157,2738516,worker_0,W013,Watershed,pattern_group,running,100.0,1,1
cp_tutorial_3d_monolayer,4,16,1791316381.5537963,2738516,worker_0,W013,Watershed,step_completed,success,67.74193548387096,21,31
cp_tutorial_3d_monolayer,4,16,1791316381.5538242,2738516,worker_0,W013,MeasureObjectIntensity,step_started,started,67.74193548387096,21,31
cp_tutorial_3d_monolayer,4,16,1791316381.5956888,2738520,worker_2,W015,MeasureObjectIntensity,pattern_group,running,50.0,1,2
cp_tutorial_3d_monolayer,4,16,1791316381.679424,2738518,worker_1,W014,Watershed,pattern_group,running,100.0,1,1
cp_tutorial_3d_monolayer,4,16,1791316381.6799376,2738518,worker_1,W014,Watershed,step_completed,success,67.74193548387096,21,31
cp_tutorial_3d_monolayer,4,16,1791316381.6799672,2738518,worker_1,W014,MeasureObjectIntensity,step_started,started,67.74193548387096,21,31
cp_tutorial_3d_monolayer,4,16,1791316381.8168154,2738522,worker_3,W016,MeasureObjectIntensity,pattern_group,running,50.0,1,2
cp_tutorial_3d_monolayer,4,16,1791316381.8796341,2738516,worker_0,W013,MeasureObjectIntensity,pattern_group,running,50.0,1,2
cp_tutorial_3d_monolayer,4,16,1791316381.9590237,2738520,worker_2,W015,MeasureObjectIntensity,pattern_group,running,100.0,2,2
cp_tutorial_3d_monolayer,4,16,1791316381.9613762,2738520,worker_2,W015,MeasureObjectIntensity,step_completed,success,70.96774193548387,22,31
cp_tutorial_3d_monolayer,4,16,1791316381.961401,2738520,worker_2,W015,MeasureObjectSizeShape,step_started,started,70.96774193548387,22,31
cp_tutorial_3d_monolayer,4,16,1791316382.0147617,2738518,worker_1,W014,MeasureObjectIntensity,pattern_group,running,50.0,1,2
cp_tutorial_3d_monolayer,4,16,1791316382.0780406,2738520,worker_2,W015,MeasureObjectSizeShape,pattern_group,running,50.0,1,2
cp_tutorial_3d_monolayer,4,16,1791316382.1552975,2738522,worker_3,W016,MeasureObjectIntensity,pattern_group,running,100.0,2,2
cp_tutorial_3d_monolayer,4,16,1791316382.1584048,2738522,worker_3,W016,MeasureObjectIntensity,step_completed,success,70.96774193548387,22,31
cp_tutorial_3d_monolayer,4,16,1791316382.1584358,2738522,worker_3,W016,MeasureObjectSizeShape,step_started,started,70.96774193548387,22,31
cp_tutorial_3d_monolayer,4,16,1791316382.2207708,2738520,worker_2,W015,MeasureObjectSizeShape,pattern_group,running,100.0,2,2
cp_tutorial_3d_monolayer,4,16,1791316382.2213843,2738520,worker_2,W015,MeasureObjectSizeShape,step_completed,success,74.19354838709677,23,31
cp_tutorial_3d_monolayer,4,16,1791316382.221408,2738520,worker_2,W015,OverlayObjects,step_started,started,74.19354838709677,23,31
cp_tutorial_3d_monolayer,4,16,1791316382.2567441,2738522,worker_3,W016,MeasureObjectSizeShape,pattern_group,running,50.0,1,2
cp_tutorial_3d_monolayer,4,16,1791316382.2694283,2738520,worker_2,W015,OverlayObjects,pattern_group,running,100.0,1,1
cp_tutorial_3d_monolayer,4,16,1791316382.2695565,2738520,worker_2,W015,OverlayObjects,step_completed,success,77.41935483870968,24,31
cp_tutorial_3d_monolayer,4,16,1791316382.269577,2738520,worker_2,W015,RescaleIntensity,step_started,started,77.41935483870968,24,31
cp_tutorial_3d_monolayer,4,16,1791316382.2729375,2738516,worker_0,W013,MeasureObjectIntensity,pattern_group,running,100.0,2,2
cp_tutorial_3d_monolayer,4,16,1791316382.2758522,2738516,worker_0,W013,MeasureObjectIntensity,step_completed,success,70.96774193548387,22,31
cp_tutorial_3d_monolayer,4,16,1791316382.2758846,2738516,worker_0,W013,MeasureObjectSizeShape,step_started,started,70.96774193548387,22,31
cp_tutorial_3d_monolayer,4,16,1791316382.3412964,2738518,worker_1,W014,MeasureObjectIntensity,pattern_group,running,100.0,2,2
cp_tutorial_3d_monolayer,4,16,1791316382.343531,2738518,worker_1,W014,MeasureObjectIntensity,step_completed,success,70.96774193548387,22,31
cp_tutorial_3d_monolayer,4,16,1791316382.3435547,2738518,worker_1,W014,MeasureObjectSizeShape,step_started,started,70.96774193548387,22,31
cp_tutorial_3d_monolayer,4,16,1791316382.3687925,2738522,worker_3,W016,MeasureObjectSizeShape,pattern_group,running,100.0,2,2
cp_tutorial_3d_monolayer,4,16,1791316382.369409,2738522,worker_3,W016,MeasureObjectSizeShape,step_completed,success,74.19354838709677,23,31
cp_tutorial_3d_monolayer,4,16,1791316382.3694313,2738522,worker_3,W016,OverlayObjects,step_started,started,74.19354838709677,23,31
cp_tutorial_3d_monolayer,4,16,1791316382.3748527,2738516,worker_0,W013,MeasureObjectSizeShape,pattern_group,running,50.0,1,2
cp_tutorial_3d_monolayer,4,16,1791316382.3807867,2738520,worker_2,W015,RescaleIntensity,pattern_group,running,100.0,1,1
cp_tutorial_3d_monolayer,4,16,1791316382.3809786,2738520,worker_2,W015,RescaleIntensity,step_completed,success,80.64516129032258,25,31
cp_tutorial_3d_monolayer,4,16,1791316382.3810034,2738520,worker_2,W015,OverlayObjects,step_started,started,80.64516129032258,25,31
cp_tutorial_3d_monolayer,4,16,1791316382.3989856,2738522,worker_3,W016,OverlayObjects,pattern_group,running,100.0,1,1
cp_tutorial_3d_monolayer,4,16,1791316382.3992043,2738522,worker_3,W016,OverlayObjects,step_completed,success,77.41935483870968,24,31
cp_tutorial_3d_monolayer,4,16,1791316382.3992257,2738522,worker_3,W016,RescaleIntensity,step_started,started,77.41935483870968,24,31
cp_tutorial_3d_monolayer,4,16,1791316382.4104142,2738520,worker_2,W015,OverlayObjects,pattern_group,running,100.0,1,1
cp_tutorial_3d_monolayer,4,16,1791316382.4105246,2738520,worker_2,W015,OverlayObjects,step_completed,success,83.87096774193549,26,31
cp_tutorial_3d_monolayer,4,16,1791316382.410545,2738520,worker_2,W015,ConvertObjectsToImage,step_started,started,83.87096774193549,26,31
cp_tutorial_3d_monolayer,4,16,1791316382.433552,2738518,worker_1,W014,MeasureObjectSizeShape,pattern_group,running,50.0,1,2
cp_tutorial_3d_monolayer,4,16,1791316382.4455817,2738520,worker_2,W015,ConvertObjectsToImage,pattern_group,running,100.0,1,1
cp_tutorial_3d_monolayer,4,16,1791316382.4457886,2738520,worker_2,W015,ConvertObjectsToImage,step_completed,success,87.09677419354838,27,31
cp_tutorial_3d_monolayer,4,16,1791316382.445813,2738520,worker_2,W015,SaveImages,step_started,started,87.09677419354838,27,31
cp_tutorial_3d_monolayer,4,16,1791316382.479967,2738516,worker_0,W013,MeasureObjectSizeShape,pattern_group,running,100.0,2,2
cp_tutorial_3d_monolayer,4,16,1791316382.4805737,2738516,worker_0,W013,MeasureObjectSizeShape,step_completed,success,74.19354838709677,23,31
cp_tutorial_3d_monolayer,4,16,1791316382.480596,2738516,worker_0,W013,OverlayObjects,step_started,started,74.19354838709677,23,31
cp_tutorial_3d_monolayer,4,16,1791316382.499112,2738520,worker_2,W015,SaveImages,pattern_group,running,100.0,1,1
cp_tutorial_3d_monolayer,4,16,1791316382.5075321,2738520,worker_2,W015,SaveImages,step_completed,success,90.32258064516128,28,31
cp_tutorial_3d_monolayer,4,16,1791316382.5075784,2738520,worker_2,W015,ConvertObjectsToImage,step_started,started,90.32258064516128,28,31
cp_tutorial_3d_monolayer,4,16,1791316382.5099416,2738516,worker_0,W013,OverlayObjects,pattern_group,running,100.0,1,1
cp_tutorial_3d_monolayer,4,16,1791316382.5100744,2738516,worker_0,W013,OverlayObjects,step_completed,success,77.41935483870968,24,31
cp_tutorial_3d_monolayer,4,16,1791316382.5100942,2738516,worker_0,W013,RescaleIntensity,step_started,started,77.41935483870968,24,31
cp_tutorial_3d_monolayer,4,16,1791316382.5132413,2738522,worker_3,W016,RescaleIntensity,pattern_group,running,100.0,1,1
cp_tutorial_3d_monolayer,4,16,1791316382.513445,2738522,worker_3,W016,RescaleIntensity,step_completed,success,80.64516129032258,25,31
cp_tutorial_3d_monolayer,4,16,1791316382.5134697,2738522,worker_3,W016,OverlayObjects,step_started,started,80.64516129032258,25,31
cp_tutorial_3d_monolayer,4,16,1791316382.5310452,2738518,worker_1,W014,MeasureObjectSizeShape,pattern_group,running,100.0,2,2
cp_tutorial_3d_monolayer,4,16,1791316382.531716,2738518,worker_1,W014,MeasureObjectSizeShape,step_completed,success,74.19354838709677,23,31
cp_tutorial_3d_monolayer,4,16,1791316382.531743,2738518,worker_1,W014,OverlayObjects,step_started,started,74.19354838709677,23,31
cp_tutorial_3d_monolayer,4,16,1791316382.5409493,2738522,worker_3,W016,OverlayObjects,pattern_group,running,100.0,1,1
cp_tutorial_3d_monolayer,4,16,1791316382.5411,2738522,worker_3,W016,OverlayObjects,step_completed,success,83.87096774193549,26,31
cp_tutorial_3d_monolayer,4,16,1791316382.5411217,2738522,worker_3,W016,ConvertObjectsToImage,step_started,started,83.87096774193549,26,31
cp_tutorial_3d_monolayer,4,16,1791316382.5478055,2738520,worker_2,W015,ConvertObjectsToImage,pattern_group,running,100.0,1,1
cp_tutorial_3d_monolayer,4,16,1791316382.5481813,2738520,worker_2,W015,ConvertObjectsToImage,step_completed,success,93.54838709677419,29,31
cp_tutorial_3d_monolayer,4,16,1791316382.548218,2738520,worker_2,W015,SaveImages,step_started,started,93.54838709677419,29,31
cp_tutorial_3d_monolayer,4,16,1791316382.5625105,2738518,worker_1,W014,OverlayObjects,pattern_group,running,100.0,1,1
cp_tutorial_3d_monolayer,4,16,1791316382.5626667,2738518,worker_1,W014,OverlayObjects,step_completed,success,77.41935483870968,24,31
cp_tutorial_3d_monolayer,4,16,1791316382.5626867,2738518,worker_1,W014,RescaleIntensity,step_started,started,77.41935483870968,24,31
cp_tutorial_3d_monolayer,4,16,1791316382.5810597,2738522,worker_3,W016,ConvertObjectsToImage,pattern_group,running,100.0,1,1
cp_tutorial_3d_monolayer,4,16,1791316382.5812094,2738522,worker_3,W016,ConvertObjectsToImage,step_completed,success,87.09677419354838,27,31
cp_tutorial_3d_monolayer,4,16,1791316382.58123,2738522,worker_3,W016,SaveImages,step_started,started,87.09677419354838,27,31
cp_tutorial_3d_monolayer,4,16,1791316382.6008534,2738520,worker_2,W015,SaveImages,pattern_group,running,100.0,1,1
cp_tutorial_3d_monolayer,4,16,1791316382.6088345,2738520,worker_2,W015,SaveImages,step_completed,success,96.7741935483871,30,31
cp_tutorial_3d_monolayer,4,16,1791316382.6115367,2738520,worker_2,W015,pipeline,axis_completed,success,96.7741935483871,30,31
cp_tutorial_3d_monolayer,4,16,1791316382.6242783,2738516,worker_0,W013,RescaleIntensity,pattern_group,running,100.0,1,1
cp_tutorial_3d_monolayer,4,16,1791316382.6244555,2738516,worker_0,W013,RescaleIntensity,step_completed,success,80.64516129032258,25,31
cp_tutorial_3d_monolayer,4,16,1791316382.6244757,2738516,worker_0,W013,OverlayObjects,step_started,started,80.64516129032258,25,31
cp_tutorial_3d_monolayer,4,16,1791316382.631632,2738522,worker_3,W016,SaveImages,pattern_group,running,100.0,1,1
cp_tutorial_3d_monolayer,4,16,1791316382.6397645,2738522,worker_3,W016,SaveImages,step_completed,success,90.32258064516128,28,31
cp_tutorial_3d_monolayer,4,16,1791316382.639829,2738522,worker_3,W016,ConvertObjectsToImage,step_started,started,90.32258064516128,28,31
cp_tutorial_3d_monolayer,4,16,1791316382.651229,2738516,worker_0,W013,OverlayObjects,pattern_group,running,100.0,1,1
cp_tutorial_3d_monolayer,4,16,1791316382.6514199,2738516,worker_0,W013,OverlayObjects,step_completed,success,83.87096774193549,26,31
cp_tutorial_3d_monolayer,4,16,1791316382.6514485,2738516,worker_0,W013,ConvertObjectsToImage,step_started,started,83.87096774193549,26,31
cp_tutorial_3d_monolayer,4,16,1791316382.6781533,2738518,worker_1,W014,RescaleIntensity,pattern_group,running,100.0,1,1
cp_tutorial_3d_monolayer,4,16,1791316382.678298,2738518,worker_1,W014,RescaleIntensity,step_completed,success,80.64516129032258,25,31
cp_tutorial_3d_monolayer,4,16,1791316382.678317,2738518,worker_1,W014,OverlayObjects,step_started,started,80.64516129032258,25,31
cp_tutorial_3d_monolayer,4,16,1791316382.6823678,2738522,worker_3,W016,ConvertObjectsToImage,pattern_group,running,100.0,1,1
cp_tutorial_3d_monolayer,4,16,1791316382.682549,2738522,worker_3,W016,ConvertObjectsToImage,step_completed,success,93.54838709677419,29,31
cp_tutorial_3d_monolayer,4,16,1791316382.6825697,2738522,worker_3,W016,SaveImages,step_started,started,93.54838709677419,29,31
cp_tutorial_3d_monolayer,4,16,1791316382.6924043,2738516,worker_0,W013,ConvertObjectsToImage,pattern_group,running,100.0,1,1
cp_tutorial_3d_monolayer,4,16,1791316382.692578,2738516,worker_0,W013,ConvertObjectsToImage,step_completed,success,87.09677419354838,27,31
cp_tutorial_3d_monolayer,4,16,1791316382.6926014,2738516,worker_0,W013,SaveImages,step_started,started,87.09677419354838,27,31
cp_tutorial_3d_monolayer,4,16,1791316382.7076507,2738518,worker_1,W014,OverlayObjects,pattern_group,running,100.0,1,1
cp_tutorial_3d_monolayer,4,16,1791316382.7077496,2738518,worker_1,W014,OverlayObjects,step_completed,success,83.87096774193549,26,31
cp_tutorial_3d_monolayer,4,16,1791316382.7077687,2738518,worker_1,W014,ConvertObjectsToImage,step_started,started,83.87096774193549,26,31
cp_tutorial_3d_monolayer,4,16,1791316382.7328231,2738522,worker_3,W016,SaveImages,pattern_group,running,100.0,1,1
cp_tutorial_3d_monolayer,4,16,1791316382.74203,2738518,worker_1,W014,ConvertObjectsToImage,pattern_group,running,100.0,1,1
cp_tutorial_3d_monolayer,4,16,1791316382.7421734,2738518,worker_1,W014,ConvertObjectsToImage,step_completed,success,87.09677419354838,27,31
cp_tutorial_3d_monolayer,4,16,1791316382.7392871,2738522,worker_3,W016,SaveImages,step_completed,success,96.7741935483871,30,31
cp_tutorial_3d_monolayer,4,16,1791316382.7434442,2738516,worker_0,W013,SaveImages,pattern_group,running,100.0,1,1
cp_tutorial_3d_monolayer,4,16,1791316382.7410922,2738522,worker_3,W016,pipeline,axis_completed,success,96.7741935483871,30,31
cp_tutorial_3d_monolayer,4,16,1791316382.742194,2738518,worker_1,W014,SaveImages,step_started,started,87.09677419354838,27,31
cp_tutorial_3d_monolayer,4,16,1791316382.7499363,2738516,worker_0,W013,SaveImages,step_completed,success,90.32258064516128,28,31
cp_tutorial_3d_monolayer,4,16,1791316382.7499666,2738516,worker_0,W013,ConvertObjectsToImage,step_started,started,90.32258064516128,28,31
cp_tutorial_3d_monolayer,4,16,1791316382.7868814,2738516,worker_0,W013,ConvertObjectsToImage,pattern_group,running,100.0,1,1
cp_tutorial_3d_monolayer,4,16,1791316382.787146,2738516,worker_0,W013,ConvertObjectsToImage,step_completed,success,93.54838709677419,29,31
cp_tutorial_3d_monolayer,4,16,1791316382.7871668,2738516,worker_0,W013,SaveImages,step_started,started,93.54838709677419,29,31
cp_tutorial_3d_monolayer,4,16,1791316382.7944834,2738518,worker_1,W014,SaveImages,pattern_group,running,100.0,1,1
cp_tutorial_3d_monolayer,4,16,1791316382.8007338,2738518,worker_1,W014,SaveImages,step_completed,success,90.32258064516128,28,31
cp_tutorial_3d_monolayer,4,16,1791316382.8007638,2738518,worker_1,W014,ConvertObjectsToImage,step_started,started,90.32258064516128,28,31
cp_tutorial_3d_monolayer,4,16,1791316382.8350425,2738518,worker_1,W014,ConvertObjectsToImage,pattern_group,running,100.0,1,1
cp_tutorial_3d_monolayer,4,16,1791316382.8352158,2738518,worker_1,W014,ConvertObjectsToImage,step_completed,success,93.54838709677419,29,31
cp_tutorial_3d_monolayer,4,16,1791316382.8352354,2738518,worker_1,W014,SaveImages,step_started,started,93.54838709677419,29,31
cp_tutorial_3d_monolayer,4,16,1791316382.8367217,2738516,worker_0,W013,SaveImages,pattern_group,running,100.0,1,1
cp_tutorial_3d_monolayer,4,16,1791316382.8436937,2738516,worker_0,W013,SaveImages,step_completed,success,96.7741935483871,30,31
cp_tutorial_3d_monolayer,4,16,1791316382.8456552,2738516,worker_0,W013,pipeline,axis_completed,success,96.7741935483871,30,31
cp_tutorial_3d_monolayer,4,16,1791316382.8867214,2738518,worker_1,W014,SaveImages,pattern_group,running,100.0,1,1
cp_tutorial_3d_monolayer,4,16,1791316382.8933136,2738518,worker_1,W014,SaveImages,step_completed,success,96.7741935483871,30,31
cp_tutorial_3d_monolayer,4,16,1791316382.895204,2738518,worker_1,W014,pipeline,axis_completed,success,96.7741935483871,30,31
cp_tutorial_3d_monolayer,4,16,1791316383.1391063,2664659,,,ExportToSpreadsheet,step_started,started,96.7741935483871,30,31
cp_tutorial_3d_monolayer,4,16,1791316383.61655,2664659,,,ExportToSpreadsheet,step_completed,success,100.0,31,31
cp_tutorial_3d_monolayer,4,16,1791316383.9958832,2664659,,,pipeline,success,success,100.0,31,31
