case_name,worker_count,well_count,timestamp,pid,worker_slot,axis_id,step_name,phase,status,percent,completed,total
cp_tutorial_3d_monolayer,1,16,1791319106.3301587,2977920,,,pipeline,compile,started,0.0,0,31
cp_tutorial_3d_monolayer,1,16,1791319106.8575315,2977920,,,,init,started,0.0,0,1
cp_tutorial_3d_monolayer,1,16,1791319107.4318254,2977920,,W001,compilation,compile,running,6.25,1,16
cp_tutorial_3d_monolayer,1,16,1791319107.4869473,2977920,,W002,compilation,compile,running,12.5,2,16
cp_tutorial_3d_monolayer,1,16,1791319107.5419424,2977920,,W003,compilation,compile,running,18.75,3,16
cp_tutorial_3d_monolayer,1,16,1791319107.5957394,2977920,,W004,compilation,compile,running,25.0,4,16
cp_tutorial_3d_monolayer,1,16,1791319107.6502914,2977920,,W005,compilation,compile,running,31.25,5,16
cp_tutorial_3d_monolayer,1,16,1791319107.704289,2977920,,W006,compilation,compile,running,37.5,6,16
cp_tutorial_3d_monolayer,1,16,1791319107.7586656,2977920,,W007,compilation,compile,running,43.75,7,16
cp_tutorial_3d_monolayer,1,16,1791319107.812616,2977920,,W008,compilation,compile,running,50.0,8,16
cp_tutorial_3d_monolayer,1,16,1791319107.8660731,2977920,,W009,compilation,compile,running,56.25,9,16
cp_tutorial_3d_monolayer,1,16,1791319108.3226094,2977920,,W010,compilation,compile,running,62.5,10,16
cp_tutorial_3d_monolayer,1,16,1791319108.3759432,2977920,,W011,compilation,compile,running,68.75,11,16
cp_tutorial_3d_monolayer,1,16,1791319108.4300256,2977920,,W012,compilation,compile,running,75.0,12,16
cp_tutorial_3d_monolayer,1,16,1791319108.4839206,2977920,,W013,compilation,compile,running,81.25,13,16
cp_tutorial_3d_monolayer,1,16,1791319108.5379665,2977920,,W014,compilation,compile,running,87.5,14,16
cp_tutorial_3d_monolayer,1,16,1791319108.591335,2977920,,W015,compilation,compile,running,93.75,15,16
cp_tutorial_3d_monolayer,1,16,1791319108.6445205,2977920,,W016,compilation,compile,running,100.0,16,16
cp_tutorial_3d_monolayer,1,16,1791319108.6738563,2977920,,,,init,started,0.0,0,1
cp_tutorial_3d_monolayer,1,16,1791319108.6739368,2977920,,,pipeline,compile,success,100.0,1,31
cp_tutorial_3d_monolayer,1,16,1791319108.6739895,2977920,,W001,compilation,compile,success,100.0,1,1
cp_tutorial_3d_monolayer,1,16,1791319108.674019,2977920,,W002,compilation,compile,success,100.0,1,1
cp_tutorial_3d_monolayer,1,16,1791319108.6740453,2977920,,W003,compilation,compile,success,100.0,1,1
cp_tutorial_3d_monolayer,1,16,1791319108.6740706,2977920,,W004,compilation,compile,success,100.0,1,1
cp_tutorial_3d_monolayer,1,16,1791319108.674095,2977920,,W005,compilation,compile,success,100.0,1,1
cp_tutorial_3d_monolayer,1,16,1791319108.6741188,2977920,,W006,compilation,compile,success,100.0,1,1
cp_tutorial_3d_monolayer,1,16,1791319108.6741421,2977920,,W007,compilation,compile,success,100.0,1,1
cp_tutorial_3d_monolayer,1,16,1791319108.6741657,2977920,,W008,compilation,compile,success,100.0,1,1
cp_tutorial_3d_monolayer,1,16,1791319108.6741893,2977920,,W009,compilation,compile,success,100.0,1,1
cp_tutorial_3d_monolayer,1,16,1791319108.6742125,2977920,,W010,compilation,compile,success,100.0,1,1
cp_tutorial_3d_monolayer,1,16,1791319108.6742353,2977920,,W011,compilation,compile,success,100.0,1,1
cp_tutorial_3d_monolayer,1,16,1791319108.6742587,2977920,,W012,compilation,compile,success,100.0,1,1
cp_tutorial_3d_monolayer,1,16,1791319108.674288,2977920,,W013,compilation,compile,success,100.0,1,1
cp_tutorial_3d_monolayer,1,16,1791319108.6743124,2977920,,W014,compilation,compile,success,100.0,1,1
cp_tutorial_3d_monolayer,1,16,1791319108.6743357,2977920,,W015,compilation,compile,success,100.0,1,1
cp_tutorial_3d_monolayer,1,16,1791319108.674359,2977920,,W016,compilation,compile,success,100.0,1,1
cp_tutorial_3d_monolayer,1,16,1791319108.730433,2977920,,,,init,started,0.0,0,1
cp_tutorial_3d_monolayer,1,16,1791319108.7523146,2977920,worker_0,W001,pipeline,axis_started,started,0.0,0,31
cp_tutorial_3d_monolayer,1,16,1791319108.7553744,2977920,worker_0,W001,RescaleIntensity,step_started,started,0.0,0,31
cp_tutorial_3d_monolayer,1,16,1791319109.0940151,2977920,worker_0,W001,RescaleIntensity,pattern_group,running,100.0,1,1
cp_tutorial_3d_monolayer,1,16,1791319109.0941699,2977920,worker_0,W001,RescaleIntensity,step_completed,success,3.225806451612903,1,31
cp_tutorial_3d_monolayer,1,16,1791319109.0944705,2977920,worker_0,W001,Resize,step_started,started,3.225806451612903,1,31
cp_tutorial_3d_monolayer,1,16,1791319109.1501687,2977920,worker_0,W001,Resize,pattern_group,running,100.0,1,1
cp_tutorial_3d_monolayer,1,16,1791319109.150364,2977920,worker_0,W001,Resize,step_completed,success,6.451612903225806,2,31
cp_tutorial_3d_monolayer,1,16,1791319109.1507049,2977920,worker_0,W001,MedianFilter,step_started,started,6.451612903225806,2,31
cp_tutorial_3d_monolayer,1,16,1791319109.318276,2977920,worker_0,W001,MedianFilter,pattern_group,running,100.0,1,1
cp_tutorial_3d_monolayer,1,16,1791319109.3184166,2977920,worker_0,W001,MedianFilter,step_completed,success,9.67741935483871,3,31
cp_tutorial_3d_monolayer,1,16,1791319109.3187742,2977920,worker_0,W001,Threshold,step_started,started,9.67741935483871,3,31
cp_tutorial_3d_monolayer,1,16,1791319109.356595,2977920,worker_0,W001,Threshold,pattern_group,running,100.0,1,1
cp_tutorial_3d_monolayer,1,16,1791319109.3568416,2977920,worker_0,W001,Threshold,step_completed,success,12.903225806451612,4,31
cp_tutorial_3d_monolayer,1,16,1791319109.3572168,2977920,worker_0,W001,RemoveHoles,step_started,started,12.903225806451612,4,31
cp_tutorial_3d_monolayer,1,16,1791319109.3741515,2977920,worker_0,W001,RemoveHoles,pattern_group,running,100.0,1,1
cp_tutorial_3d_monolayer,1,16,1791319109.3743021,2977920,worker_0,W001,RemoveHoles,step_completed,success,16.129032258064516,5,31
cp_tutorial_3d_monolayer,1,16,1791319109.3746767,2977920,worker_0,W001,Watershed,step_started,started,16.129032258064516,5,31
cp_tutorial_3d_monolayer,1,16,1791319109.4620552,2977920,worker_0,W001,Watershed,pattern_group,running,100.0,1,1
cp_tutorial_3d_monolayer,1,16,1791319109.4624577,2977920,worker_0,W001,Watershed,step_completed,success,19.35483870967742,6,31
cp_tutorial_3d_monolayer,1,16,1791319109.4628716,2977920,worker_0,W001,ResizeObjects,step_started,started,19.35483870967742,6,31
cp_tutorial_3d_monolayer,1,16,1791319109.491827,2977920,worker_0,W001,ResizeObjects,pattern_group,running,100.0,1,1
cp_tutorial_3d_monolayer,1,16,1791319109.4923003,2977920,worker_0,W001,ResizeObjects,step_completed,success,22.58064516129032,7,31
cp_tutorial_3d_monolayer,1,16,1791319109.4927251,2977920,worker_0,W001,ErodeObjects,step_started,started,22.58064516129032,7,31
cp_tutorial_3d_monolayer,1,16,1791319109.5435376,2977920,worker_0,W001,ErodeObjects,pattern_group,running,100.0,1,1
cp_tutorial_3d_monolayer,1,16,1791319109.5440009,2977920,worker_0,W001,ErodeObjects,step_completed,success,25.806451612903224,8,31
cp_tutorial_3d_monolayer,1,16,1791319109.5444863,2977920,worker_0,W001,ResizeObjects,step_started,started,25.806451612903224,8,31
cp_tutorial_3d_monolayer,1,16,1791319109.5687406,2977920,worker_0,W001,ResizeObjects,pattern_group,running,100.0,1,1
cp_tutorial_3d_monolayer,1,16,1791319109.5692186,2977920,worker_0,W001,ResizeObjects,step_completed,success,29.03225806451613,9,31
cp_tutorial_3d_monolayer,1,16,1791319109.5697336,2977920,worker_0,W001,ConvertObjectsToImage,step_started,started,29.03225806451613,9,31
cp_tutorial_3d_monolayer,1,16,1791319109.5893862,2977920,worker_0,W001,ConvertObjectsToImage,pattern_group,running,100.0,1,1
cp_tutorial_3d_monolayer,1,16,1791319109.5895407,2977920,worker_0,W001,ConvertObjectsToImage,step_completed,success,32.25806451612903,10,31
cp_tutorial_3d_monolayer,1,16,1791319109.5906987,2977920,worker_0,W001,Threshold,step_started,started,32.25806451612903,10,31
cp_tutorial_3d_monolayer,1,16,1791319109.782025,2977920,worker_0,W001,Threshold,pattern_group,running,100.0,1,1
cp_tutorial_3d_monolayer,1,16,1791319109.7822864,2977920,worker_0,W001,Threshold,step_completed,success,35.483870967741936,11,31
cp_tutorial_3d_monolayer,1,16,1791319109.782628,2977920,worker_0,W001,ImageMath,step_started,started,35.483870967741936,11,31
cp_tutorial_3d_monolayer,1,16,1791319109.814892,2977920,worker_0,W001,ImageMath,pattern_group,running,100.0,1,1
cp_tutorial_3d_monolayer,1,16,1791319109.8150454,2977920,worker_0,W001,ImageMath,step_completed,success,38.70967741935484,12,31
cp_tutorial_3d_monolayer,1,16,1791319109.815555,2977920,worker_0,W001,RemoveHoles,step_started,started,38.70967741935484,12,31
cp_tutorial_3d_monolayer,1,16,1791319109.861156,2977920,worker_0,W001,RemoveHoles,pattern_group,running,100.0,1,1
cp_tutorial_3d_monolayer,1,16,1791319109.861314,2977920,worker_0,W001,RemoveHoles,step_completed,success,41.935483870967744,13,31
cp_tutorial_3d_monolayer,1,16,1791319109.8618484,2977920,worker_0,W001,ImageMath,step_started,started,41.935483870967744,13,31
cp_tutorial_3d_monolayer,1,16,1791319110.2046862,2977920,worker_0,W001,ImageMath,pattern_group,running,100.0,1,1
cp_tutorial_3d_monolayer,1,16,1791319110.2048435,2977920,worker_0,W001,ImageMath,step_completed,success,45.16129032258064,14,31
cp_tutorial_3d_monolayer,1,16,1791319110.2053778,2977920,worker_0,W001,Resize,step_started,started,45.16129032258064,14,31
cp_tutorial_3d_monolayer,1,16,1791319110.2657313,2977920,worker_0,W001,Resize,pattern_group,running,100.0,1,1
cp_tutorial_3d_monolayer,1,16,1791319110.2658737,2977920,worker_0,W001,Resize,step_completed,success,48.38709677419355,15,31
cp_tutorial_3d_monolayer,1,16,1791319110.2695441,2977920,worker_0,W001,Closing,step_started,started,48.38709677419355,15,31
cp_tutorial_3d_monolayer,1,16,1791319110.3486528,2977920,worker_0,W001,Closing,pattern_group,running,100.0,1,1
cp_tutorial_3d_monolayer,1,16,1791319110.3487952,2977920,worker_0,W001,Closing,step_completed,success,51.61290322580645,16,31
cp_tutorial_3d_monolayer,1,16,1791319110.349305,2977920,worker_0,W001,Resize,step_started,started,51.61290322580645,16,31
cp_tutorial_3d_monolayer,1,16,1791319110.3987105,2977920,worker_0,W001,Resize,pattern_group,running,100.0,1,1
cp_tutorial_3d_monolayer,1,16,1791319110.398851,2977920,worker_0,W001,Resize,step_completed,success,54.83870967741935,17,31
cp_tutorial_3d_monolayer,1,16,1791319110.3993654,2977920,worker_0,W001,Threshold,step_started,started,54.83870967741935,17,31
cp_tutorial_3d_monolayer,1,16,1791319110.6512163,2977920,worker_0,W001,Threshold,pattern_group,running,100.0,1,1
cp_tutorial_3d_monolayer,1,16,1791319110.6514676,2977920,worker_0,W001,Threshold,step_completed,success,58.06451612903226,18,31
cp_tutorial_3d_monolayer,1,16,1791319110.6519914,2977920,worker_0,W001,MaskImage,step_started,started,58.06451612903226,18,31
cp_tutorial_3d_monolayer,1,16,1791319110.6960323,2977920,worker_0,W001,MaskImage,pattern_group,running,100.0,1,1
cp_tutorial_3d_monolayer,1,16,1791319110.6961846,2977920,worker_0,W001,MaskImage,step_completed,success,61.29032258064516,19,31
cp_tutorial_3d_monolayer,1,16,1791319110.6967974,2977920,worker_0,W001,ErodeImage,step_started,started,61.29032258064516,19,31
cp_tutorial_3d_monolayer,1,16,1791319110.7280576,2977920,worker_0,W001,ErodeImage,pattern_group,running,100.0,1,1
cp_tutorial_3d_monolayer,1,16,1791319110.728205,2977920,worker_0,W001,ErodeImage,step_completed,success,64.51612903225806,20,31
cp_tutorial_3d_monolayer,1,16,1791319110.7287319,2977920,worker_0,W001,Watershed,step_started,started,64.51612903225806,20,31
cp_tutorial_3d_monolayer,1,16,1791319110.9141078,2977920,worker_0,W001,Watershed,pattern_group,running,100.0,1,1
cp_tutorial_3d_monolayer,1,16,1791319110.9145067,2977920,worker_0,W001,Watershed,step_completed,success,67.74193548387096,21,31
cp_tutorial_3d_monolayer,1,16,1791319110.9151025,2977920,worker_0,W001,MeasureObjectIntensity,step_started,started,67.74193548387096,21,31
cp_tutorial_3d_monolayer,1,16,1791319111.1679525,2977920,worker_0,W001,MeasureObjectIntensity,pattern_group,running,50.0,1,2
cp_tutorial_3d_monolayer,1,16,1791319111.4621375,2977920,worker_0,W001,MeasureObjectIntensity,pattern_group,running,100.0,2,2
cp_tutorial_3d_monolayer,1,16,1791319111.4643748,2977920,worker_0,W001,MeasureObjectIntensity,step_completed,success,70.96774193548387,22,31
cp_tutorial_3d_monolayer,1,16,1791319111.4647467,2977920,worker_0,W001,MeasureObjectSizeShape,step_started,started,70.96774193548387,22,31
cp_tutorial_3d_monolayer,1,16,1791319111.5655785,2977920,worker_0,W001,MeasureObjectSizeShape,pattern_group,running,50.0,1,2
cp_tutorial_3d_monolayer,1,16,1791319111.6611204,2977920,worker_0,W001,MeasureObjectSizeShape,pattern_group,running,100.0,2,2
cp_tutorial_3d_monolayer,1,16,1791319111.6617112,2977920,worker_0,W001,MeasureObjectSizeShape,step_completed,success,74.19354838709677,23,31
cp_tutorial_3d_monolayer,1,16,1791319111.6620855,2977920,worker_0,W001,OverlayObjects,step_started,started,74.19354838709677,23,31
cp_tutorial_3d_monolayer,1,16,1791319111.6901896,2977920,worker_0,W001,OverlayObjects,pattern_group,running,100.0,1,1
cp_tutorial_3d_monolayer,1,16,1791319111.690312,2977920,worker_0,W001,OverlayObjects,step_completed,success,77.41935483870968,24,31
cp_tutorial_3d_monolayer,1,16,1791319111.6909013,2977920,worker_0,W001,RescaleIntensity,step_started,started,77.41935483870968,24,31
cp_tutorial_3d_monolayer,1,16,1791319111.7952626,2977920,worker_0,W001,RescaleIntensity,pattern_group,running,100.0,1,1
cp_tutorial_3d_monolayer,1,16,1791319111.7954109,2977920,worker_0,W001,RescaleIntensity,step_completed,success,80.64516129032258,25,31
cp_tutorial_3d_monolayer,1,16,1791319111.7957685,2977920,worker_0,W001,OverlayObjects,step_started,started,80.64516129032258,25,31
cp_tutorial_3d_monolayer,1,16,1791319111.8226924,2977920,worker_0,W001,OverlayObjects,pattern_group,running,100.0,1,1
cp_tutorial_3d_monolayer,1,16,1791319111.8227963,2977920,worker_0,W001,OverlayObjects,step_completed,success,83.87096774193549,26,31
cp_tutorial_3d_monolayer,1,16,1791319111.8234022,2977920,worker_0,W001,ConvertObjectsToImage,step_started,started,83.87096774193549,26,31
cp_tutorial_3d_monolayer,1,16,1791319111.8568232,2977920,worker_0,W001,ConvertObjectsToImage,pattern_group,running,100.0,1,1
cp_tutorial_3d_monolayer,1,16,1791319111.8569677,2977920,worker_0,W001,ConvertObjectsToImage,step_completed,success,87.09677419354838,27,31
cp_tutorial_3d_monolayer,1,16,1791319111.8575587,2977920,worker_0,W001,SaveImages,step_started,started,87.09677419354838,27,31
cp_tutorial_3d_monolayer,1,16,1791319111.9074507,2977920,worker_0,W001,SaveImages,pattern_group,running,100.0,1,1
cp_tutorial_3d_monolayer,1,16,1791319111.913908,2977920,worker_0,W001,SaveImages,step_completed,success,90.32258064516128,28,31
cp_tutorial_3d_monolayer,1,16,1791319111.9145095,2977920,worker_0,W001,ConvertObjectsToImage,step_started,started,90.32258064516128,28,31
cp_tutorial_3d_monolayer,1,16,1791319111.9481845,2977920,worker_0,W001,ConvertObjectsToImage,pattern_group,running,100.0,1,1
cp_tutorial_3d_monolayer,1,16,1791319111.9483912,2977920,worker_0,W001,ConvertObjectsToImage,step_completed,success,93.54838709677419,29,31
cp_tutorial_3d_monolayer,1,16,1791319111.9491305,2977920,worker_0,W001,SaveImages,step_started,started,93.54838709677419,29,31
cp_tutorial_3d_monolayer,1,16,1791319111.998781,2977920,worker_0,W001,SaveImages,pattern_group,running,100.0,1,1
cp_tutorial_3d_monolayer,1,16,1791319112.0055673,2977920,worker_0,W001,SaveImages,step_completed,success,96.7741935483871,30,31
cp_tutorial_3d_monolayer,1,16,1791319112.0066884,2977920,worker_0,W001,pipeline,axis_completed,success,96.7741935483871,30,31
cp_tutorial_3d_monolayer,1,16,1791319112.0067532,2977920,worker_0,W002,pipeline,axis_started,started,0.0,0,31
cp_tutorial_3d_monolayer,1,16,1791319112.0097,2977920,worker_0,W002,RescaleIntensity,step_started,started,0.0,0,31
cp_tutorial_3d_monolayer,1,16,1791319112.362468,2977920,worker_0,W002,RescaleIntensity,pattern_group,running,100.0,1,1
cp_tutorial_3d_monolayer,1,16,1791319112.362616,2977920,worker_0,W002,RescaleIntensity,step_completed,success,3.225806451612903,1,31
cp_tutorial_3d_monolayer,1,16,1791319112.3629074,2977920,worker_0,W002,Resize,step_started,started,3.225806451612903,1,31
cp_tutorial_3d_monolayer,1,16,1791319112.4192305,2977920,worker_0,W002,Resize,pattern_group,running,100.0,1,1
cp_tutorial_3d_monolayer,1,16,1791319112.4193769,2977920,worker_0,W002,Resize,step_completed,success,6.451612903225806,2,31
cp_tutorial_3d_monolayer,1,16,1791319112.4196699,2977920,worker_0,W002,MedianFilter,step_started,started,6.451612903225806,2,31
cp_tutorial_3d_monolayer,1,16,1791319112.5859017,2977920,worker_0,W002,MedianFilter,pattern_group,running,100.0,1,1
cp_tutorial_3d_monolayer,1,16,1791319112.5860436,2977920,worker_0,W002,MedianFilter,step_completed,success,9.67741935483871,3,31
cp_tutorial_3d_monolayer,1,16,1791319112.586407,2977920,worker_0,W002,Threshold,step_started,started,9.67741935483871,3,31
cp_tutorial_3d_monolayer,1,16,1791319112.6240683,2977920,worker_0,W002,Threshold,pattern_group,running,100.0,1,1
cp_tutorial_3d_monolayer,1,16,1791319112.6248317,2977920,worker_0,W002,Threshold,step_completed,success,12.903225806451612,4,31
cp_tutorial_3d_monolayer,1,16,1791319112.625231,2977920,worker_0,W002,RemoveHoles,step_started,started,12.903225806451612,4,31
cp_tutorial_3d_monolayer,1,16,1791319112.6416812,2977920,worker_0,W002,RemoveHoles,pattern_group,running,100.0,1,1
cp_tutorial_3d_monolayer,1,16,1791319112.6418655,2977920,worker_0,W002,RemoveHoles,step_completed,success,16.129032258064516,5,31
cp_tutorial_3d_monolayer,1,16,1791319112.6423647,2977920,worker_0,W002,Watershed,step_started,started,16.129032258064516,5,31
cp_tutorial_3d_monolayer,1,16,1791319112.729433,2977920,worker_0,W002,Watershed,pattern_group,running,100.0,1,1
cp_tutorial_3d_monolayer,1,16,1791319112.7298195,2977920,worker_0,W002,Watershed,step_completed,success,19.35483870967742,6,31
cp_tutorial_3d_monolayer,1,16,1791319112.7302194,2977920,worker_0,W002,ResizeObjects,step_started,started,19.35483870967742,6,31
cp_tutorial_3d_monolayer,1,16,1791319112.7572331,2977920,worker_0,W002,ResizeObjects,pattern_group,running,100.0,1,1
cp_tutorial_3d_monolayer,1,16,1791319112.7577167,2977920,worker_0,W002,ResizeObjects,step_completed,success,22.58064516129032,7,31
cp_tutorial_3d_monolayer,1,16,1791319112.7581418,2977920,worker_0,W002,ErodeObjects,step_started,started,22.58064516129032,7,31
cp_tutorial_3d_monolayer,1,16,1791319112.8095694,2977920,worker_0,W002,ErodeObjects,pattern_group,running,100.0,1,1
cp_tutorial_3d_monolayer,1,16,1791319112.810023,2977920,worker_0,W002,ErodeObjects,step_completed,success,25.806451612903224,8,31
cp_tutorial_3d_monolayer,1,16,1791319112.810532,2977920,worker_0,W002,ResizeObjects,step_started,started,25.806451612903224,8,31
cp_tutorial_3d_monolayer,1,16,1791319112.8348246,2977920,worker_0,W002,ResizeObjects,pattern_group,running,100.0,1,1
cp_tutorial_3d_monolayer,1,16,1791319112.835302,2977920,worker_0,W002,ResizeObjects,step_completed,success,29.03225806451613,9,31
cp_tutorial_3d_monolayer,1,16,1791319112.8358111,2977920,worker_0,W002,ConvertObjectsToImage,step_started,started,29.03225806451613,9,31
cp_tutorial_3d_monolayer,1,16,1791319112.8557637,2977920,worker_0,W002,ConvertObjectsToImage,pattern_group,running,100.0,1,1
cp_tutorial_3d_monolayer,1,16,1791319112.8559115,2977920,worker_0,W002,ConvertObjectsToImage,step_completed,success,32.25806451612903,10,31
cp_tutorial_3d_monolayer,1,16,1791319112.8563762,2977920,worker_0,W002,Threshold,step_started,started,32.25806451612903,10,31
cp_tutorial_3d_monolayer,1,16,1791319113.0507927,2977920,worker_0,W002,Threshold,pattern_group,running,100.0,1,1
cp_tutorial_3d_monolayer,1,16,1791319113.051045,2977920,worker_0,W002,Threshold,step_completed,success,35.483870967741936,11,31
cp_tutorial_3d_monolayer,1,16,1791319113.05139,2977920,worker_0,W002,ImageMath,step_started,started,35.483870967741936,11,31
cp_tutorial_3d_monolayer,1,16,1791319113.0835235,2977920,worker_0,W002,ImageMath,pattern_group,running,100.0,1,1
cp_tutorial_3d_monolayer,1,16,1791319113.083679,2977920,worker_0,W002,ImageMath,step_completed,success,38.70967741935484,12,31
cp_tutorial_3d_monolayer,1,16,1791319113.0841742,2977920,worker_0,W002,RemoveHoles,step_started,started,38.70967741935484,12,31
cp_tutorial_3d_monolayer,1,16,1791319113.1299706,2977920,worker_0,W002,RemoveHoles,pattern_group,running,100.0,1,1
cp_tutorial_3d_monolayer,1,16,1791319113.1301196,2977920,worker_0,W002,RemoveHoles,step_completed,success,41.935483870967744,13,31
cp_tutorial_3d_monolayer,1,16,1791319113.1306229,2977920,worker_0,W002,ImageMath,step_started,started,41.935483870967744,13,31
cp_tutorial_3d_monolayer,1,16,1791319113.4253645,2977920,worker_0,W002,ImageMath,pattern_group,running,100.0,1,1
cp_tutorial_3d_monolayer,1,16,1791319113.4255142,2977920,worker_0,W002,ImageMath,step_completed,success,45.16129032258064,14,31
cp_tutorial_3d_monolayer,1,16,1791319113.42586,2977920,worker_0,W002,Resize,step_started,started,45.16129032258064,14,31
cp_tutorial_3d_monolayer,1,16,1791319113.485738,2977920,worker_0,W002,Resize,pattern_group,running,100.0,1,1
cp_tutorial_3d_monolayer,1,16,1791319113.48588,2977920,worker_0,W002,Resize,step_completed,success,48.38709677419355,15,31
cp_tutorial_3d_monolayer,1,16,1791319113.4881837,2977920,worker_0,W002,Closing,step_started,started,48.38709677419355,15,31
cp_tutorial_3d_monolayer,1,16,1791319113.5664384,2977920,worker_0,W002,Closing,pattern_group,running,100.0,1,1
cp_tutorial_3d_monolayer,1,16,1791319113.5665824,2977920,worker_0,W002,Closing,step_completed,success,51.61290322580645,16,31
cp_tutorial_3d_monolayer,1,16,1791319113.5670812,2977920,worker_0,W002,Resize,step_started,started,51.61290322580645,16,31
cp_tutorial_3d_monolayer,1,16,1791319113.616139,2977920,worker_0,W002,Resize,pattern_group,running,100.0,1,1
cp_tutorial_3d_monolayer,1,16,1791319113.6162846,2977920,worker_0,W002,Resize,step_completed,success,54.83870967741935,17,31
cp_tutorial_3d_monolayer,1,16,1791319113.6174374,2977920,worker_0,W002,Threshold,step_started,started,54.83870967741935,17,31
cp_tutorial_3d_monolayer,1,16,1791319113.848969,2977920,worker_0,W002,Threshold,pattern_group,running,100.0,1,1
cp_tutorial_3d_monolayer,1,16,1791319113.8492138,2977920,worker_0,W002,Threshold,step_completed,success,58.06451612903226,18,31
cp_tutorial_3d_monolayer,1,16,1791319113.849739,2977920,worker_0,W002,MaskImage,step_started,started,58.06451612903226,18,31
cp_tutorial_3d_monolayer,1,16,1791319113.8937778,2977920,worker_0,W002,MaskImage,pattern_group,running,100.0,1,1
cp_tutorial_3d_monolayer,1,16,1791319113.893931,2977920,worker_0,W002,MaskImage,step_completed,success,61.29032258064516,19,31
cp_tutorial_3d_monolayer,1,16,1791319113.8945599,2977920,worker_0,W002,ErodeImage,step_started,started,61.29032258064516,19,31
cp_tutorial_3d_monolayer,1,16,1791319113.925911,2977920,worker_0,W002,ErodeImage,pattern_group,running,100.0,1,1
cp_tutorial_3d_monolayer,1,16,1791319113.9260666,2977920,worker_0,W002,ErodeImage,step_completed,success,64.51612903225806,20,31
cp_tutorial_3d_monolayer,1,16,1791319113.9265962,2977920,worker_0,W002,Watershed,step_started,started,64.51612903225806,20,31
cp_tutorial_3d_monolayer,1,16,1791319114.0189087,2977920,worker_0,W002,Watershed,pattern_group,running,100.0,1,1
cp_tutorial_3d_monolayer,1,16,1791319114.0193052,2977920,worker_0,W002,Watershed,step_completed,success,67.74193548387096,21,31
cp_tutorial_3d_monolayer,1,16,1791319114.0198998,2977920,worker_0,W002,MeasureObjectIntensity,step_started,started,67.74193548387096,21,31
cp_tutorial_3d_monolayer,1,16,1791319114.3045652,2977920,worker_0,W002,MeasureObjectIntensity,pattern_group,running,50.0,1,2
cp_tutorial_3d_monolayer,1,16,1791319114.6383283,2977920,worker_0,W002,MeasureObjectIntensity,pattern_group,running,100.0,2,2
cp_tutorial_3d_monolayer,1,16,1791319114.640624,2977920,worker_0,W002,MeasureObjectIntensity,step_completed,success,70.96774193548387,22,31
cp_tutorial_3d_monolayer,1,16,1791319114.6409938,2977920,worker_0,W002,MeasureObjectSizeShape,step_started,started,70.96774193548387,22,31
cp_tutorial_3d_monolayer,1,16,1791319114.7358432,2977920,worker_0,W002,MeasureObjectSizeShape,pattern_group,running,50.0,1,2
cp_tutorial_3d_monolayer,1,16,1791319114.8307683,2977920,worker_0,W002,MeasureObjectSizeShape,pattern_group,running,100.0,2,2
cp_tutorial_3d_monolayer,1,16,1791319114.8313465,2977920,worker_0,W002,MeasureObjectSizeShape,step_completed,success,74.19354838709677,23,31
cp_tutorial_3d_monolayer,1,16,1791319114.83172,2977920,worker_0,W002,OverlayObjects,step_started,started,74.19354838709677,23,31
cp_tutorial_3d_monolayer,1,16,1791319114.862412,2977920,worker_0,W002,OverlayObjects,pattern_group,running,100.0,1,1
cp_tutorial_3d_monolayer,1,16,1791319114.862528,2977920,worker_0,W002,OverlayObjects,step_completed,success,77.41935483870968,24,31
cp_tutorial_3d_monolayer,1,16,1791319114.8631167,2977920,worker_0,W002,RescaleIntensity,step_started,started,77.41935483870968,24,31
cp_tutorial_3d_monolayer,1,16,1791319114.9703462,2977920,worker_0,W002,RescaleIntensity,pattern_group,running,100.0,1,1
cp_tutorial_3d_monolayer,1,16,1791319114.9704916,2977920,worker_0,W002,RescaleIntensity,step_completed,success,80.64516129032258,25,31
cp_tutorial_3d_monolayer,1,16,1791319114.9708602,2977920,worker_0,W002,OverlayObjects,step_started,started,80.64516129032258,25,31
cp_tutorial_3d_monolayer,1,16,1791319115.001095,2977920,worker_0,W002,OverlayObjects,pattern_group,running,100.0,1,1
cp_tutorial_3d_monolayer,1,16,1791319115.0011976,2977920,worker_0,W002,OverlayObjects,step_completed,success,83.87096774193549,26,31
cp_tutorial_3d_monolayer,1,16,1791319115.0018053,2977920,worker_0,W002,ConvertObjectsToImage,step_started,started,83.87096774193549,26,31
cp_tutorial_3d_monolayer,1,16,1791319115.034187,2977920,worker_0,W002,ConvertObjectsToImage,pattern_group,running,100.0,1,1
cp_tutorial_3d_monolayer,1,16,1791319115.034341,2977920,worker_0,W002,ConvertObjectsToImage,step_completed,success,87.09677419354838,27,31
cp_tutorial_3d_monolayer,1,16,1791319115.0349321,2977920,worker_0,W002,SaveImages,step_started,started,87.09677419354838,27,31
cp_tutorial_3d_monolayer,1,16,1791319115.0840368,2977920,worker_0,W002,SaveImages,pattern_group,running,100.0,1,1
cp_tutorial_3d_monolayer,1,16,1791319115.0907025,2977920,worker_0,W002,SaveImages,step_completed,success,90.32258064516128,28,31
cp_tutorial_3d_monolayer,1,16,1791319115.0913022,2977920,worker_0,W002,ConvertObjectsToImage,step_started,started,90.32258064516128,28,31
cp_tutorial_3d_monolayer,1,16,1791319115.1247633,2977920,worker_0,W002,ConvertObjectsToImage,pattern_group,running,100.0,1,1
cp_tutorial_3d_monolayer,1,16,1791319115.124945,2977920,worker_0,W002,ConvertObjectsToImage,step_completed,success,93.54838709677419,29,31
cp_tutorial_3d_monolayer,1,16,1791319115.1255481,2977920,worker_0,W002,SaveImages,step_started,started,93.54838709677419,29,31
cp_tutorial_3d_monolayer,1,16,1791319115.1770153,2977920,worker_0,W002,SaveImages,pattern_group,running,100.0,1,1
cp_tutorial_3d_monolayer,1,16,1791319115.1837432,2977920,worker_0,W002,SaveImages,step_completed,success,96.7741935483871,30,31
cp_tutorial_3d_monolayer,1,16,1791319115.1848752,2977920,worker_0,W002,pipeline,axis_completed,success,96.7741935483871,30,31
cp_tutorial_3d_monolayer,1,16,1791319115.1849418,2977920,worker_0,W003,pipeline,axis_started,started,0.0,0,31
cp_tutorial_3d_monolayer,1,16,1791319115.187894,2977920,worker_0,W003,RescaleIntensity,step_started,started,0.0,0,31
cp_tutorial_3d_monolayer,1,16,1791319115.4679985,2977920,worker_0,W003,RescaleIntensity,pattern_group,running,100.0,1,1
cp_tutorial_3d_monolayer,1,16,1791319115.4681458,2977920,worker_0,W003,RescaleIntensity,step_completed,success,3.225806451612903,1,31
cp_tutorial_3d_monolayer,1,16,1791319115.46844,2977920,worker_0,W003,Resize,step_started,started,3.225806451612903,1,31
cp_tutorial_3d_monolayer,1,16,1791319115.5266974,2977920,worker_0,W003,Resize,pattern_group,running,100.0,1,1
cp_tutorial_3d_monolayer,1,16,1791319115.526839,2977920,worker_0,W003,Resize,step_completed,success,6.451612903225806,2,31
cp_tutorial_3d_monolayer,1,16,1791319115.527127,2977920,worker_0,W003,MedianFilter,step_started,started,6.451612903225806,2,31
cp_tutorial_3d_monolayer,1,16,1791319115.6922894,2977920,worker_0,W003,MedianFilter,pattern_group,running,100.0,1,1
cp_tutorial_3d_monolayer,1,16,1791319115.692427,2977920,worker_0,W003,MedianFilter,step_completed,success,9.67741935483871,3,31
cp_tutorial_3d_monolayer,1,16,1791319115.692777,2977920,worker_0,W003,Threshold,step_started,started,9.67741935483871,3,31
cp_tutorial_3d_monolayer,1,16,1791319115.7300682,2977920,worker_0,W003,Threshold,pattern_group,running,100.0,1,1
cp_tutorial_3d_monolayer,1,16,1791319115.730321,2977920,worker_0,W003,Threshold,step_completed,success,12.903225806451612,4,31
cp_tutorial_3d_monolayer,1,16,1791319115.7307076,2977920,worker_0,W003,RemoveHoles,step_started,started,12.903225806451612,4,31
cp_tutorial_3d_monolayer,1,16,1791319115.747814,2977920,worker_0,W003,RemoveHoles,pattern_group,running,100.0,1,1
cp_tutorial_3d_monolayer,1,16,1791319115.747959,2977920,worker_0,W003,RemoveHoles,step_completed,success,16.129032258064516,5,31
cp_tutorial_3d_monolayer,1,16,1791319115.7483358,2977920,worker_0,W003,Watershed,step_started,started,16.129032258064516,5,31
cp_tutorial_3d_monolayer,1,16,1791319115.834007,2977920,worker_0,W003,Watershed,pattern_group,running,100.0,1,1
cp_tutorial_3d_monolayer,1,16,1791319115.834404,2977920,worker_0,W003,Watershed,step_completed,success,19.35483870967742,6,31
cp_tutorial_3d_monolayer,1,16,1791319115.8348098,2977920,worker_0,W003,ResizeObjects,step_started,started,19.35483870967742,6,31
cp_tutorial_3d_monolayer,1,16,1791319115.8622077,2977920,worker_0,W003,ResizeObjects,pattern_group,running,100.0,1,1
cp_tutorial_3d_monolayer,1,16,1791319115.8628247,2977920,worker_0,W003,ResizeObjects,step_completed,success,22.58064516129032,7,31
cp_tutorial_3d_monolayer,1,16,1791319115.8632498,2977920,worker_0,W003,ErodeObjects,step_started,started,22.58064516129032,7,31
cp_tutorial_3d_monolayer,1,16,1791319115.9131005,2977920,worker_0,W003,ErodeObjects,pattern_group,running,100.0,1,1
cp_tutorial_3d_monolayer,1,16,1791319115.9135687,2977920,worker_0,W003,ErodeObjects,step_completed,success,25.806451612903224,8,31
cp_tutorial_3d_monolayer,1,16,1791319115.9140463,2977920,worker_0,W003,ResizeObjects,step_started,started,25.806451612903224,8,31
cp_tutorial_3d_monolayer,1,16,1791319115.9389899,2977920,worker_0,W003,ResizeObjects,pattern_group,running,100.0,1,1
cp_tutorial_3d_monolayer,1,16,1791319115.9394732,2977920,worker_0,W003,ResizeObjects,step_completed,success,29.03225806451613,9,31
cp_tutorial_3d_monolayer,1,16,1791319115.940032,2977920,worker_0,W003,ConvertObjectsToImage,step_started,started,29.03225806451613,9,31
cp_tutorial_3d_monolayer,1,16,1791319115.9616637,2977920,worker_0,W003,ConvertObjectsToImage,pattern_group,running,100.0,1,1
cp_tutorial_3d_monolayer,1,16,1791319115.9618113,2977920,worker_0,W003,ConvertObjectsToImage,step_completed,success,32.25806451612903,10,31
cp_tutorial_3d_monolayer,1,16,1791319115.962266,2977920,worker_0,W003,Threshold,step_started,started,32.25806451612903,10,31
cp_tutorial_3d_monolayer,1,16,1791319116.2353451,2977920,worker_0,W003,Threshold,pattern_group,running,100.0,1,1
cp_tutorial_3d_monolayer,1,16,1791319116.2355883,2977920,worker_0,W003,Threshold,step_completed,success,35.483870967741936,11,31
cp_tutorial_3d_monolayer,1,16,1791319116.2359087,2977920,worker_0,W003,ImageMath,step_started,started,35.483870967741936,11,31
cp_tutorial_3d_monolayer,1,16,1791319116.2678812,2977920,worker_0,W003,ImageMath,pattern_group,running,100.0,1,1
cp_tutorial_3d_monolayer,1,16,1791319116.2680342,2977920,worker_0,W003,ImageMath,step_completed,success,38.70967741935484,12,31
cp_tutorial_3d_monolayer,1,16,1791319116.2685351,2977920,worker_0,W003,RemoveHoles,step_started,started,38.70967741935484,12,31
cp_tutorial_3d_monolayer,1,16,1791319116.3145587,2977920,worker_0,W003,RemoveHoles,pattern_group,running,100.0,1,1
cp_tutorial_3d_monolayer,1,16,1791319116.3147206,2977920,worker_0,W003,RemoveHoles,step_completed,success,41.935483870967744,13,31
cp_tutorial_3d_monolayer,1,16,1791319116.3152175,2977920,worker_0,W003,ImageMath,step_started,started,41.935483870967744,13,31
cp_tutorial_3d_monolayer,1,16,1791319116.613329,2977920,worker_0,W003,ImageMath,pattern_group,running,100.0,1,1
cp_tutorial_3d_monolayer,1,16,1791319116.6134732,2977920,worker_0,W003,ImageMath,step_completed,success,45.16129032258064,14,31
cp_tutorial_3d_monolayer,1,16,1791319116.6138332,2977920,worker_0,W003,Resize,step_started,started,45.16129032258064,14,31
cp_tutorial_3d_monolayer,1,16,1791319116.6737583,2977920,worker_0,W003,Resize,pattern_group,running,100.0,1,1
cp_tutorial_3d_monolayer,1,16,1791319116.6739435,2977920,worker_0,W003,Resize,step_completed,success,48.38709677419355,15,31
cp_tutorial_3d_monolayer,1,16,1791319116.677024,2977920,worker_0,W003,Closing,step_started,started,48.38709677419355,15,31
cp_tutorial_3d_monolayer,1,16,1791319116.7548034,2977920,worker_0,W003,Closing,pattern_group,running,100.0,1,1
cp_tutorial_3d_monolayer,1,16,1791319116.754945,2977920,worker_0,W003,Closing,step_completed,success,51.61290322580645,16,31
cp_tutorial_3d_monolayer,1,16,1791319116.755598,2977920,worker_0,W003,Resize,step_started,started,51.61290322580645,16,31
cp_tutorial_3d_monolayer,1,16,1791319116.805457,2977920,worker_0,W003,Resize,pattern_group,running,100.0,1,1
cp_tutorial_3d_monolayer,1,16,1791319116.8056023,2977920,worker_0,W003,Resize,step_completed,success,54.83870967741935,17,31
cp_tutorial_3d_monolayer,1,16,1791319116.806109,2977920,worker_0,W003,Threshold,step_started,started,54.83870967741935,17,31
cp_tutorial_3d_monolayer,1,16,1791319117.0161269,2977920,worker_0,W003,Threshold,pattern_group,running,100.0,1,1
cp_tutorial_3d_monolayer,1,16,1791319117.0163896,2977920,worker_0,W003,Threshold,step_completed,success,58.06451612903226,18,31
cp_tutorial_3d_monolayer,1,16,1791319117.0169175,2977920,worker_0,W003,MaskImage,step_started,started,58.06451612903226,18,31
cp_tutorial_3d_monolayer,1,16,1791319117.0609212,2977920,worker_0,W003,MaskImage,pattern_group,running,100.0,1,1
cp_tutorial_3d_monolayer,1,16,1791319117.0610774,2977920,worker_0,W003,MaskImage,step_completed,success,61.29032258064516,19,31
cp_tutorial_3d_monolayer,1,16,1791319117.061698,2977920,worker_0,W003,ErodeImage,step_started,started,61.29032258064516,19,31
cp_tutorial_3d_monolayer,1,16,1791319117.0933294,2977920,worker_0,W003,ErodeImage,pattern_group,running,100.0,1,1
cp_tutorial_3d_monolayer,1,16,1791319117.0934744,2977920,worker_0,W003,ErodeImage,step_completed,success,64.51612903225806,20,31
cp_tutorial_3d_monolayer,1,16,1791319117.0939968,2977920,worker_0,W003,Watershed,step_started,started,64.51612903225806,20,31
cp_tutorial_3d_monolayer,1,16,1791319117.188003,2977920,worker_0,W003,Watershed,pattern_group,running,100.0,1,1
cp_tutorial_3d_monolayer,1,16,1791319117.1884031,2977920,worker_0,W003,Watershed,step_completed,success,67.74193548387096,21,31
cp_tutorial_3d_monolayer,1,16,1791319117.1889954,2977920,worker_0,W003,MeasureObjectIntensity,step_started,started,67.74193548387096,21,31
cp_tutorial_3d_monolayer,1,16,1791319117.4423356,2977920,worker_0,W003,MeasureObjectIntensity,pattern_group,running,50.0,1,2
cp_tutorial_3d_monolayer,1,16,1791319117.7474105,2977920,worker_0,W003,MeasureObjectIntensity,pattern_group,running,100.0,2,2
cp_tutorial_3d_monolayer,1,16,1791319117.749587,2977920,worker_0,W003,MeasureObjectIntensity,step_completed,success,70.96774193548387,22,31
cp_tutorial_3d_monolayer,1,16,1791319117.7499533,2977920,worker_0,W003,MeasureObjectSizeShape,step_started,started,70.96774193548387,22,31
cp_tutorial_3d_monolayer,1,16,1791319117.8446043,2977920,worker_0,W003,MeasureObjectSizeShape,pattern_group,running,50.0,1,2
cp_tutorial_3d_monolayer,1,16,1791319117.941002,2977920,worker_0,W003,MeasureObjectSizeShape,pattern_group,running,100.0,2,2
cp_tutorial_3d_monolayer,1,16,1791319117.9416878,2977920,worker_0,W003,MeasureObjectSizeShape,step_completed,success,74.19354838709677,23,31
cp_tutorial_3d_monolayer,1,16,1791319117.9420779,2977920,worker_0,W003,OverlayObjects,step_started,started,74.19354838709677,23,31
cp_tutorial_3d_monolayer,1,16,1791319117.9771287,2977920,worker_0,W003,OverlayObjects,pattern_group,running,100.0,1,1
cp_tutorial_3d_monolayer,1,16,1791319117.9772477,2977920,worker_0,W003,OverlayObjects,step_completed,success,77.41935483870968,24,31
cp_tutorial_3d_monolayer,1,16,1791319117.9778488,2977920,worker_0,W003,RescaleIntensity,step_started,started,77.41935483870968,24,31
cp_tutorial_3d_monolayer,1,16,1791319118.083595,2977920,worker_0,W003,RescaleIntensity,pattern_group,running,100.0,1,1
cp_tutorial_3d_monolayer,1,16,1791319118.083737,2977920,worker_0,W003,RescaleIntensity,step_completed,success,80.64516129032258,25,31
cp_tutorial_3d_monolayer,1,16,1791319118.0840986,2977920,worker_0,W003,OverlayObjects,step_started,started,80.64516129032258,25,31
cp_tutorial_3d_monolayer,1,16,1791319118.1165817,2977920,worker_0,W003,OverlayObjects,pattern_group,running,100.0,1,1
cp_tutorial_3d_monolayer,1,16,1791319118.1166902,2977920,worker_0,W003,OverlayObjects,step_completed,success,83.87096774193549,26,31
cp_tutorial_3d_monolayer,1,16,1791319118.117298,2977920,worker_0,W003,ConvertObjectsToImage,step_started,started,83.87096774193549,26,31
cp_tutorial_3d_monolayer,1,16,1791319118.1498592,2977920,worker_0,W003,ConvertObjectsToImage,pattern_group,running,100.0,1,1
cp_tutorial_3d_monolayer,1,16,1791319118.1500077,2977920,worker_0,W003,ConvertObjectsToImage,step_completed,success,87.09677419354838,27,31
cp_tutorial_3d_monolayer,1,16,1791319118.150598,2977920,worker_0,W003,SaveImages,step_started,started,87.09677419354838,27,31
cp_tutorial_3d_monolayer,1,16,1791319118.2012265,2977920,worker_0,W003,SaveImages,pattern_group,running,100.0,1,1
cp_tutorial_3d_monolayer,1,16,1791319118.208151,2977920,worker_0,W003,SaveImages,step_completed,success,90.32258064516128,28,31
cp_tutorial_3d_monolayer,1,16,1791319118.2087455,2977920,worker_0,W003,ConvertObjectsToImage,step_started,started,90.32258064516128,28,31
cp_tutorial_3d_monolayer,1,16,1791319118.2413566,2977920,worker_0,W003,ConvertObjectsToImage,pattern_group,running,100.0,1,1
cp_tutorial_3d_monolayer,1,16,1791319118.241533,2977920,worker_0,W003,ConvertObjectsToImage,step_completed,success,93.54838709677419,29,31
cp_tutorial_3d_monolayer,1,16,1791319118.242122,2977920,worker_0,W003,SaveImages,step_started,started,93.54838709677419,29,31
cp_tutorial_3d_monolayer,1,16,1791319118.2924135,2977920,worker_0,W003,SaveImages,pattern_group,running,100.0,1,1
cp_tutorial_3d_monolayer,1,16,1791319118.2987626,2977920,worker_0,W003,SaveImages,step_completed,success,96.7741935483871,30,31
cp_tutorial_3d_monolayer,1,16,1791319118.2998612,2977920,worker_0,W003,pipeline,axis_completed,success,96.7741935483871,30,31
cp_tutorial_3d_monolayer,1,16,1791319118.299927,2977920,worker_0,W004,pipeline,axis_started,started,0.0,0,31
cp_tutorial_3d_monolayer,1,16,1791319118.302861,2977920,worker_0,W004,RescaleIntensity,step_started,started,0.0,0,31
cp_tutorial_3d_monolayer,1,16,1791319118.584753,2977920,worker_0,W004,RescaleIntensity,pattern_group,running,100.0,1,1
cp_tutorial_3d_monolayer,1,16,1791319118.5849035,2977920,worker_0,W004,RescaleIntensity,step_completed,success,3.225806451612903,1,31
cp_tutorial_3d_monolayer,1,16,1791319118.5851924,2977920,worker_0,W004,Resize,step_started,started,3.225806451612903,1,31
cp_tutorial_3d_monolayer,1,16,1791319118.6410108,2977920,worker_0,W004,Resize,pattern_group,running,100.0,1,1
cp_tutorial_3d_monolayer,1,16,1791319118.641145,2977920,worker_0,W004,Resize,step_completed,success,6.451612903225806,2,31
cp_tutorial_3d_monolayer,1,16,1791319118.6414518,2977920,worker_0,W004,MedianFilter,step_started,started,6.451612903225806,2,31
cp_tutorial_3d_monolayer,1,16,1791319118.808477,2977920,worker_0,W004,MedianFilter,pattern_group,running,100.0,1,1
cp_tutorial_3d_monolayer,1,16,1791319118.808618,2977920,worker_0,W004,MedianFilter,step_completed,success,9.67741935483871,3,31
cp_tutorial_3d_monolayer,1,16,1791319118.8089745,2977920,worker_0,W004,Threshold,step_started,started,9.67741935483871,3,31
cp_tutorial_3d_monolayer,1,16,1791319118.8469718,2977920,worker_0,W004,Threshold,pattern_group,running,100.0,1,1
cp_tutorial_3d_monolayer,1,16,1791319118.8472197,2977920,worker_0,W004,Threshold,step_completed,success,12.903225806451612,4,31
cp_tutorial_3d_monolayer,1,16,1791319118.847615,2977920,worker_0,W004,RemoveHoles,step_started,started,12.903225806451612,4,31
cp_tutorial_3d_monolayer,1,16,1791319118.8651247,2977920,worker_0,W004,RemoveHoles,pattern_group,running,100.0,1,1
cp_tutorial_3d_monolayer,1,16,1791319118.865275,2977920,worker_0,W004,RemoveHoles,step_completed,success,16.129032258064516,5,31
cp_tutorial_3d_monolayer,1,16,1791319118.865655,2977920,worker_0,W004,Watershed,step_started,started,16.129032258064516,5,31
cp_tutorial_3d_monolayer,1,16,1791319118.9548612,2977920,worker_0,W004,Watershed,pattern_group,running,100.0,1,1
cp_tutorial_3d_monolayer,1,16,1791319118.9553106,2977920,worker_0,W004,Watershed,step_completed,success,19.35483870967742,6,31
cp_tutorial_3d_monolayer,1,16,1791319118.9557626,2977920,worker_0,W004,ResizeObjects,step_started,started,19.35483870967742,6,31
cp_tutorial_3d_monolayer,1,16,1791319118.9837215,2977920,worker_0,W004,ResizeObjects,pattern_group,running,100.0,1,1
cp_tutorial_3d_monolayer,1,16,1791319118.9843612,2977920,worker_0,W004,ResizeObjects,step_completed,success,22.58064516129032,7,31
cp_tutorial_3d_monolayer,1,16,1791319118.9848528,2977920,worker_0,W004,ErodeObjects,step_started,started,22.58064516129032,7,31
cp_tutorial_3d_monolayer,1,16,1791319119.0354536,2977920,worker_0,W004,ErodeObjects,pattern_group,running,100.0,1,1
cp_tutorial_3d_monolayer,1,16,1791319119.0359168,2977920,worker_0,W004,ErodeObjects,step_completed,success,25.806451612903224,8,31
cp_tutorial_3d_monolayer,1,16,1791319119.0364077,2977920,worker_0,W004,ResizeObjects,step_started,started,25.806451612903224,8,31
cp_tutorial_3d_monolayer,1,16,1791319119.0609708,2977920,worker_0,W004,ResizeObjects,pattern_group,running,100.0,1,1
cp_tutorial_3d_monolayer,1,16,1791319119.0614467,2977920,worker_0,W004,ResizeObjects,step_completed,success,29.03225806451613,9,31
cp_tutorial_3d_monolayer,1,16,1791319119.0619557,2977920,worker_0,W004,ConvertObjectsToImage,step_started,started,29.03225806451613,9,31
cp_tutorial_3d_monolayer,1,16,1791319119.081767,2977920,worker_0,W004,ConvertObjectsToImage,pattern_group,running,100.0,1,1
cp_tutorial_3d_monolayer,1,16,1791319119.0819156,2977920,worker_0,W004,ConvertObjectsToImage,step_completed,success,32.25806451612903,10,31
cp_tutorial_3d_monolayer,1,16,1791319119.0835032,2977920,worker_0,W004,Threshold,step_started,started,32.25806451612903,10,31
cp_tutorial_3d_monolayer,1,16,1791319119.2787864,2977920,worker_0,W004,Threshold,pattern_group,running,100.0,1,1
cp_tutorial_3d_monolayer,1,16,1791319119.2790387,2977920,worker_0,W004,Threshold,step_completed,success,35.483870967741936,11,31
cp_tutorial_3d_monolayer,1,16,1791319119.279382,2977920,worker_0,W004,ImageMath,step_started,started,35.483870967741936,11,31
cp_tutorial_3d_monolayer,1,16,1791319119.3112814,2977920,worker_0,W004,ImageMath,pattern_group,running,100.0,1,1
cp_tutorial_3d_monolayer,1,16,1791319119.3114347,2977920,worker_0,W004,ImageMath,step_completed,success,38.70967741935484,12,31
cp_tutorial_3d_monolayer,1,16,1791319119.311925,2977920,worker_0,W004,RemoveHoles,step_started,started,38.70967741935484,12,31
cp_tutorial_3d_monolayer,1,16,1791319119.3580365,2977920,worker_0,W004,RemoveHoles,pattern_group,running,100.0,1,1
cp_tutorial_3d_monolayer,1,16,1791319119.3581862,2977920,worker_0,W004,RemoveHoles,step_completed,success,41.935483870967744,13,31
cp_tutorial_3d_monolayer,1,16,1791319119.3586872,2977920,worker_0,W004,ImageMath,step_started,started,41.935483870967744,13,31
cp_tutorial_3d_monolayer,1,16,1791319119.670526,2977920,worker_0,W004,ImageMath,pattern_group,running,100.0,1,1
cp_tutorial_3d_monolayer,1,16,1791319119.6706672,2977920,worker_0,W004,ImageMath,step_completed,success,45.16129032258064,14,31
cp_tutorial_3d_monolayer,1,16,1791319119.6710057,2977920,worker_0,W004,Resize,step_started,started,45.16129032258064,14,31
cp_tutorial_3d_monolayer,1,16,1791319119.7306943,2977920,worker_0,W004,Resize,pattern_group,running,100.0,1,1
cp_tutorial_3d_monolayer,1,16,1791319119.730835,2977920,worker_0,W004,Resize,step_completed,success,48.38709677419355,15,31
cp_tutorial_3d_monolayer,1,16,1791319119.7338486,2977920,worker_0,W004,Closing,step_started,started,48.38709677419355,15,31
cp_tutorial_3d_monolayer,1,16,1791319119.8117387,2977920,worker_0,W004,Closing,pattern_group,running,100.0,1,1
cp_tutorial_3d_monolayer,1,16,1791319119.8118806,2977920,worker_0,W004,Closing,step_completed,success,51.61290322580645,16,31
cp_tutorial_3d_monolayer,1,16,1791319119.8123925,2977920,worker_0,W004,Resize,step_started,started,51.61290322580645,16,31
cp_tutorial_3d_monolayer,1,16,1791319119.861268,2977920,worker_0,W004,Resize,pattern_group,running,100.0,1,1
cp_tutorial_3d_monolayer,1,16,1791319119.8614206,2977920,worker_0,W004,Resize,step_completed,success,54.83870967741935,17,31
cp_tutorial_3d_monolayer,1,16,1791319119.861922,2977920,worker_0,W004,Threshold,step_started,started,54.83870967741935,17,31
cp_tutorial_3d_monolayer,1,16,1791319120.1008568,2977920,worker_0,W004,Threshold,pattern_group,running,100.0,1,1
cp_tutorial_3d_monolayer,1,16,1791319120.1011,2977920,worker_0,W004,Threshold,step_completed,success,58.06451612903226,18,31
cp_tutorial_3d_monolayer,1,16,1791319120.1016252,2977920,worker_0,W004,MaskImage,step_started,started,58.06451612903226,18,31
cp_tutorial_3d_monolayer,1,16,1791319120.145345,2977920,worker_0,W004,MaskImage,pattern_group,running,100.0,1,1
cp_tutorial_3d_monolayer,1,16,1791319120.145503,2977920,worker_0,W004,MaskImage,step_completed,success,61.29032258064516,19,31
cp_tutorial_3d_monolayer,1,16,1791319120.1461163,2977920,worker_0,W004,ErodeImage,step_started,started,61.29032258064516,19,31
cp_tutorial_3d_monolayer,1,16,1791319120.1787412,2977920,worker_0,W004,ErodeImage,pattern_group,running,100.0,1,1
cp_tutorial_3d_monolayer,1,16,1791319120.1788886,2977920,worker_0,W004,ErodeImage,step_completed,success,64.51612903225806,20,31
cp_tutorial_3d_monolayer,1,16,1791319120.1794238,2977920,worker_0,W004,Watershed,step_started,started,64.51612903225806,20,31
cp_tutorial_3d_monolayer,1,16,1791319120.2897398,2977920,worker_0,W004,Watershed,pattern_group,running,100.0,1,1
cp_tutorial_3d_monolayer,1,16,1791319120.290129,2977920,worker_0,W004,Watershed,step_completed,success,67.74193548387096,21,31
cp_tutorial_3d_monolayer,1,16,1791319120.290736,2977920,worker_0,W004,MeasureObjectIntensity,step_started,started,67.74193548387096,21,31
cp_tutorial_3d_monolayer,1,16,1791319120.5567274,2977920,worker_0,W004,MeasureObjectIntensity,pattern_group,running,50.0,1,2
cp_tutorial_3d_monolayer,1,16,1791319120.9036736,2977920,worker_0,W004,MeasureObjectIntensity,pattern_group,running,100.0,2,2
cp_tutorial_3d_monolayer,1,16,1791319120.9058642,2977920,worker_0,W004,MeasureObjectIntensity,step_completed,success,70.96774193548387,22,31
cp_tutorial_3d_monolayer,1,16,1791319120.9062295,2977920,worker_0,W004,MeasureObjectSizeShape,step_started,started,70.96774193548387,22,31
cp_tutorial_3d_monolayer,1,16,1791319121.0023286,2977920,worker_0,W004,MeasureObjectSizeShape,pattern_group,running,50.0,1,2
cp_tutorial_3d_monolayer,1,16,1791319121.0970554,2977920,worker_0,W004,MeasureObjectSizeShape,pattern_group,running,100.0,2,2
cp_tutorial_3d_monolayer,1,16,1791319121.0977895,2977920,worker_0,W004,MeasureObjectSizeShape,step_completed,success,74.19354838709677,23,31
cp_tutorial_3d_monolayer,1,16,1791319121.0982497,2977920,worker_0,W004,OverlayObjects,step_started,started,74.19354838709677,23,31
cp_tutorial_3d_monolayer,1,16,1791319121.1355994,2977920,worker_0,W004,OverlayObjects,pattern_group,running,100.0,1,1
cp_tutorial_3d_monolayer,1,16,1791319121.135718,2977920,worker_0,W004,OverlayObjects,step_completed,success,77.41935483870968,24,31
cp_tutorial_3d_monolayer,1,16,1791319121.1363125,2977920,worker_0,W004,RescaleIntensity,step_started,started,77.41935483870968,24,31
cp_tutorial_3d_monolayer,1,16,1791319121.3310242,2977920,worker_0,W004,RescaleIntensity,pattern_group,running,100.0,1,1
cp_tutorial_3d_monolayer,1,16,1791319121.3311703,2977920,worker_0,W004,RescaleIntensity,step_completed,success,80.64516129032258,25,31
cp_tutorial_3d_monolayer,1,16,1791319121.3317592,2977920,worker_0,W004,OverlayObjects,step_started,started,80.64516129032258,25,31
cp_tutorial_3d_monolayer,1,16,1791319121.3680608,2977920,worker_0,W004,OverlayObjects,pattern_group,running,100.0,1,1
cp_tutorial_3d_monolayer,1,16,1791319121.3681693,2977920,worker_0,W004,OverlayObjects,step_completed,success,83.87096774193549,26,31
cp_tutorial_3d_monolayer,1,16,1791319121.3687718,2977920,worker_0,W004,ConvertObjectsToImage,step_started,started,83.87096774193549,26,31
cp_tutorial_3d_monolayer,1,16,1791319121.4019704,2977920,worker_0,W004,ConvertObjectsToImage,pattern_group,running,100.0,1,1
cp_tutorial_3d_monolayer,1,16,1791319121.402118,2977920,worker_0,W004,ConvertObjectsToImage,step_completed,success,87.09677419354838,27,31
cp_tutorial_3d_monolayer,1,16,1791319121.402721,2977920,worker_0,W004,SaveImages,step_started,started,87.09677419354838,27,31
cp_tutorial_3d_monolayer,1,16,1791319121.4524908,2977920,worker_0,W004,SaveImages,pattern_group,running,100.0,1,1
cp_tutorial_3d_monolayer,1,16,1791319121.458876,2977920,worker_0,W004,SaveImages,step_completed,success,90.32258064516128,28,31
cp_tutorial_3d_monolayer,1,16,1791319121.4595072,2977920,worker_0,W004,ConvertObjectsToImage,step_started,started,90.32258064516128,28,31
cp_tutorial_3d_monolayer,1,16,1791319121.5041754,2977920,worker_0,W004,ConvertObjectsToImage,pattern_group,running,100.0,1,1
cp_tutorial_3d_monolayer,1,16,1791319121.5043588,2977920,worker_0,W004,ConvertObjectsToImage,step_completed,success,93.54838709677419,29,31
cp_tutorial_3d_monolayer,1,16,1791319121.5053768,2977920,worker_0,W004,SaveImages,step_started,started,93.54838709677419,29,31
cp_tutorial_3d_monolayer,1,16,1791319121.5546806,2977920,worker_0,W004,SaveImages,pattern_group,running,100.0,1,1
cp_tutorial_3d_monolayer,1,16,1791319121.5609825,2977920,worker_0,W004,SaveImages,step_completed,success,96.7741935483871,30,31
cp_tutorial_3d_monolayer,1,16,1791319121.5621405,2977920,worker_0,W004,pipeline,axis_completed,success,96.7741935483871,30,31
cp_tutorial_3d_monolayer,1,16,1791319121.5622075,2977920,worker_0,W005,pipeline,axis_started,started,0.0,0,31
cp_tutorial_3d_monolayer,1,16,1791319121.5651114,2977920,worker_0,W005,RescaleIntensity,step_started,started,0.0,0,31
cp_tutorial_3d_monolayer,1,16,1791319121.8461154,2977920,worker_0,W005,RescaleIntensity,pattern_group,running,100.0,1,1
cp_tutorial_3d_monolayer,1,16,1791319121.846264,2977920,worker_0,W005,RescaleIntensity,step_completed,success,3.225806451612903,1,31
cp_tutorial_3d_monolayer,1,16,1791319121.8473494,2977920,worker_0,W005,Resize,step_started,started,3.225806451612903,1,31
cp_tutorial_3d_monolayer,1,16,1791319121.9026406,2977920,worker_0,W005,Resize,pattern_group,running,100.0,1,1
cp_tutorial_3d_monolayer,1,16,1791319121.9027858,2977920,worker_0,W005,Resize,step_completed,success,6.451612903225806,2,31
cp_tutorial_3d_monolayer,1,16,1791319121.9039347,2977920,worker_0,W005,MedianFilter,step_started,started,6.451612903225806,2,31
cp_tutorial_3d_monolayer,1,16,1791319122.0709221,2977920,worker_0,W005,MedianFilter,pattern_group,running,100.0,1,1
cp_tutorial_3d_monolayer,1,16,1791319122.0710635,2977920,worker_0,W005,MedianFilter,step_completed,success,9.67741935483871,3,31
cp_tutorial_3d_monolayer,1,16,1791319122.07144,2977920,worker_0,W005,Threshold,step_started,started,9.67741935483871,3,31
cp_tutorial_3d_monolayer,1,16,1791319122.1089761,2977920,worker_0,W005,Threshold,pattern_group,running,100.0,1,1
cp_tutorial_3d_monolayer,1,16,1791319122.1092238,2977920,worker_0,W005,Threshold,step_completed,success,12.903225806451612,4,31
cp_tutorial_3d_monolayer,1,16,1791319122.1096094,2977920,worker_0,W005,RemoveHoles,step_started,started,12.903225806451612,4,31
cp_tutorial_3d_monolayer,1,16,1791319122.1267738,2977920,worker_0,W005,RemoveHoles,pattern_group,running,100.0,1,1
cp_tutorial_3d_monolayer,1,16,1791319122.1269171,2977920,worker_0,W005,RemoveHoles,step_completed,success,16.129032258064516,5,31
cp_tutorial_3d_monolayer,1,16,1791319122.1272955,2977920,worker_0,W005,Watershed,step_started,started,16.129032258064516,5,31
cp_tutorial_3d_monolayer,1,16,1791319122.215198,2977920,worker_0,W005,Watershed,pattern_group,running,100.0,1,1
cp_tutorial_3d_monolayer,1,16,1791319122.2156103,2977920,worker_0,W005,Watershed,step_completed,success,19.35483870967742,6,31
cp_tutorial_3d_monolayer,1,16,1791319122.2160149,2977920,worker_0,W005,ResizeObjects,step_started,started,19.35483870967742,6,31
cp_tutorial_3d_monolayer,1,16,1791319122.2437835,2977920,worker_0,W005,ResizeObjects,pattern_group,running,100.0,1,1
cp_tutorial_3d_monolayer,1,16,1791319122.244255,2977920,worker_0,W005,ResizeObjects,step_completed,success,22.58064516129032,7,31
cp_tutorial_3d_monolayer,1,16,1791319122.244684,2977920,worker_0,W005,ErodeObjects,step_started,started,22.58064516129032,7,31
cp_tutorial_3d_monolayer,1,16,1791319122.2950983,2977920,worker_0,W005,ErodeObjects,pattern_group,running,100.0,1,1
cp_tutorial_3d_monolayer,1,16,1791319122.2955601,2977920,worker_0,W005,ErodeObjects,step_completed,success,25.806451612903224,8,31
cp_tutorial_3d_monolayer,1,16,1791319122.296043,2977920,worker_0,W005,ResizeObjects,step_started,started,25.806451612903224,8,31
cp_tutorial_3d_monolayer,1,16,1791319122.3205009,2977920,worker_0,W005,ResizeObjects,pattern_group,running,100.0,1,1
cp_tutorial_3d_monolayer,1,16,1791319122.3209765,2977920,worker_0,W005,ResizeObjects,step_completed,success,29.03225806451613,9,31
cp_tutorial_3d_monolayer,1,16,1791319122.3215055,2977920,worker_0,W005,ConvertObjectsToImage,step_started,started,29.03225806451613,9,31
cp_tutorial_3d_monolayer,1,16,1791319122.3412473,2977920,worker_0,W005,ConvertObjectsToImage,pattern_group,running,100.0,1,1
cp_tutorial_3d_monolayer,1,16,1791319122.3414006,2977920,worker_0,W005,ConvertObjectsToImage,step_completed,success,32.25806451612903,10,31
cp_tutorial_3d_monolayer,1,16,1791319122.341861,2977920,worker_0,W005,Threshold,step_started,started,32.25806451612903,10,31
cp_tutorial_3d_monolayer,1,16,1791319122.5425553,2977920,worker_0,W005,Threshold,pattern_group,running,100.0,1,1
cp_tutorial_3d_monolayer,1,16,1791319122.5428119,2977920,worker_0,W005,Threshold,step_completed,success,35.483870967741936,11,31
cp_tutorial_3d_monolayer,1,16,1791319122.5431519,2977920,worker_0,W005,ImageMath,step_started,started,35.483870967741936,11,31
cp_tutorial_3d_monolayer,1,16,1791319122.5754468,2977920,worker_0,W005,ImageMath,pattern_group,running,100.0,1,1
cp_tutorial_3d_monolayer,1,16,1791319122.5756025,2977920,worker_0,W005,ImageMath,step_completed,success,38.70967741935484,12,31
cp_tutorial_3d_monolayer,1,16,1791319122.5761003,2977920,worker_0,W005,RemoveHoles,step_started,started,38.70967741935484,12,31
cp_tutorial_3d_monolayer,1,16,1791319122.622052,2977920,worker_0,W005,RemoveHoles,pattern_group,running,100.0,1,1
cp_tutorial_3d_monolayer,1,16,1791319122.622208,2977920,worker_0,W005,RemoveHoles,step_completed,success,41.935483870967744,13,31
cp_tutorial_3d_monolayer,1,16,1791319122.6227086,2977920,worker_0,W005,ImageMath,step_started,started,41.935483870967744,13,31
cp_tutorial_3d_monolayer,1,16,1791319122.93195,2977920,worker_0,W005,ImageMath,pattern_group,running,100.0,1,1
cp_tutorial_3d_monolayer,1,16,1791319122.9321065,2977920,worker_0,W005,ImageMath,step_completed,success,45.16129032258064,14,31
cp_tutorial_3d_monolayer,1,16,1791319122.9324625,2977920,worker_0,W005,Resize,step_started,started,45.16129032258064,14,31
cp_tutorial_3d_monolayer,1,16,1791319122.9927707,2977920,worker_0,W005,Resize,pattern_group,running,100.0,1,1
cp_tutorial_3d_monolayer,1,16,1791319122.9929118,2977920,worker_0,W005,Resize,step_completed,success,48.38709677419355,15,31
cp_tutorial_3d_monolayer,1,16,1791319122.9966536,2977920,worker_0,W005,Closing,step_started,started,48.38709677419355,15,31
cp_tutorial_3d_monolayer,1,16,1791319123.0739052,2977920,worker_0,W005,Closing,pattern_group,running,100.0,1,1
cp_tutorial_3d_monolayer,1,16,1791319123.074039,2977920,worker_0,W005,Closing,step_completed,success,51.61290322580645,16,31
cp_tutorial_3d_monolayer,1,16,1791319123.0745633,2977920,worker_0,W005,Resize,step_started,started,51.61290322580645,16,31
cp_tutorial_3d_monolayer,1,16,1791319123.1232388,2977920,worker_0,W005,Resize,pattern_group,running,100.0,1,1
cp_tutorial_3d_monolayer,1,16,1791319123.1233854,2977920,worker_0,W005,Resize,step_completed,success,54.83870967741935,17,31
cp_tutorial_3d_monolayer,1,16,1791319123.1238801,2977920,worker_0,W005,Threshold,step_started,started,54.83870967741935,17,31
cp_tutorial_3d_monolayer,1,16,1791319123.3897645,2977920,worker_0,W005,Threshold,pattern_group,running,100.0,1,1
cp_tutorial_3d_monolayer,1,16,1791319123.3899999,2977920,worker_0,W005,Threshold,step_completed,success,58.06451612903226,18,31
cp_tutorial_3d_monolayer,1,16,1791319123.3905385,2977920,worker_0,W005,MaskImage,step_started,started,58.06451612903226,18,31
cp_tutorial_3d_monolayer,1,16,1791319123.434421,2977920,worker_0,W005,MaskImage,pattern_group,running,100.0,1,1
cp_tutorial_3d_monolayer,1,16,1791319123.434575,2977920,worker_0,W005,MaskImage,step_completed,success,61.29032258064516,19,31
cp_tutorial_3d_monolayer,1,16,1791319123.435179,2977920,worker_0,W005,ErodeImage,step_started,started,61.29032258064516,19,31
cp_tutorial_3d_monolayer,1,16,1791319123.4664218,2977920,worker_0,W005,ErodeImage,pattern_group,running,100.0,1,1
cp_tutorial_3d_monolayer,1,16,1791319123.466569,2977920,worker_0,W005,ErodeImage,step_completed,success,64.51612903225806,20,31
cp_tutorial_3d_monolayer,1,16,1791319123.4670937,2977920,worker_0,W005,Watershed,step_started,started,64.51612903225806,20,31
cp_tutorial_3d_monolayer,1,16,1791319123.5837548,2977920,worker_0,W005,Watershed,pattern_group,running,100.0,1,1
cp_tutorial_3d_monolayer,1,16,1791319123.5841463,2977920,worker_0,W005,Watershed,step_completed,success,67.74193548387096,21,31
cp_tutorial_3d_monolayer,1,16,1791319123.5847933,2977920,worker_0,W005,MeasureObjectIntensity,step_started,started,67.74193548387096,21,31
cp_tutorial_3d_monolayer,1,16,1791319123.8673353,2977920,worker_0,W005,MeasureObjectIntensity,pattern_group,running,50.0,1,2
cp_tutorial_3d_monolayer,1,16,1791319124.2294507,2977920,worker_0,W005,MeasureObjectIntensity,pattern_group,running,100.0,2,2
cp_tutorial_3d_monolayer,1,16,1791319124.2316692,2977920,worker_0,W005,MeasureObjectIntensity,step_completed,success,70.96774193548387,22,31
cp_tutorial_3d_monolayer,1,16,1791319124.232044,2977920,worker_0,W005,MeasureObjectSizeShape,step_started,started,70.96774193548387,22,31
cp_tutorial_3d_monolayer,1,16,1791319124.3265405,2977920,worker_0,W005,MeasureObjectSizeShape,pattern_group,running,50.0,1,2
cp_tutorial_3d_monolayer,1,16,1791319124.4214153,2977920,worker_0,W005,MeasureObjectSizeShape,pattern_group,running,100.0,2,2
cp_tutorial_3d_monolayer,1,16,1791319124.4219844,2977920,worker_0,W005,MeasureObjectSizeShape,step_completed,success,74.19354838709677,23,31
cp_tutorial_3d_monolayer,1,16,1791319124.4223723,2977920,worker_0,W005,OverlayObjects,step_started,started,74.19354838709677,23,31
cp_tutorial_3d_monolayer,1,16,1791319124.4605622,2977920,worker_0,W005,OverlayObjects,pattern_group,running,100.0,1,1
cp_tutorial_3d_monolayer,1,16,1791319124.4606829,2977920,worker_0,W005,OverlayObjects,step_completed,success,77.41935483870968,24,31
cp_tutorial_3d_monolayer,1,16,1791319124.4612892,2977920,worker_0,W005,RescaleIntensity,step_started,started,77.41935483870968,24,31
cp_tutorial_3d_monolayer,1,16,1791319124.5654058,2977920,worker_0,W005,RescaleIntensity,pattern_group,running,100.0,1,1
cp_tutorial_3d_monolayer,1,16,1791319124.5655813,2977920,worker_0,W005,RescaleIntensity,step_completed,success,80.64516129032258,25,31
cp_tutorial_3d_monolayer,1,16,1791319124.5659497,2977920,worker_0,W005,OverlayObjects,step_started,started,80.64516129032258,25,31
cp_tutorial_3d_monolayer,1,16,1791319124.6019099,2977920,worker_0,W005,OverlayObjects,pattern_group,running,100.0,1,1
cp_tutorial_3d_monolayer,1,16,1791319124.6020148,2977920,worker_0,W005,OverlayObjects,step_completed,success,83.87096774193549,26,31
cp_tutorial_3d_monolayer,1,16,1791319124.6026216,2977920,worker_0,W005,ConvertObjectsToImage,step_started,started,83.87096774193549,26,31
cp_tutorial_3d_monolayer,1,16,1791319124.635837,2977920,worker_0,W005,ConvertObjectsToImage,pattern_group,running,100.0,1,1
cp_tutorial_3d_monolayer,1,16,1791319124.6359859,2977920,worker_0,W005,ConvertObjectsToImage,step_completed,success,87.09677419354838,27,31
cp_tutorial_3d_monolayer,1,16,1791319124.6365843,2977920,worker_0,W005,SaveImages,step_started,started,87.09677419354838,27,31
cp_tutorial_3d_monolayer,1,16,1791319124.6867871,2977920,worker_0,W005,SaveImages,pattern_group,running,100.0,1,1
cp_tutorial_3d_monolayer,1,16,1791319124.6931438,2977920,worker_0,W005,SaveImages,step_completed,success,90.32258064516128,28,31
cp_tutorial_3d_monolayer,1,16,1791319124.6937573,2977920,worker_0,W005,ConvertObjectsToImage,step_started,started,90.32258064516128,28,31
cp_tutorial_3d_monolayer,1,16,1791319124.7271984,2977920,worker_0,W005,ConvertObjectsToImage,pattern_group,running,100.0,1,1
cp_tutorial_3d_monolayer,1,16,1791319124.727382,2977920,worker_0,W005,ConvertObjectsToImage,step_completed,success,93.54838709677419,29,31
cp_tutorial_3d_monolayer,1,16,1791319124.7279837,2977920,worker_0,W005,SaveImages,step_started,started,93.54838709677419,29,31
cp_tutorial_3d_monolayer,1,16,1791319124.776565,2977920,worker_0,W005,SaveImages,pattern_group,running,100.0,1,1
cp_tutorial_3d_monolayer,1,16,1791319124.784099,2977920,worker_0,W005,SaveImages,step_completed,success,96.7741935483871,30,31
cp_tutorial_3d_monolayer,1,16,1791319124.7852461,2977920,worker_0,W005,pipeline,axis_completed,success,96.7741935483871,30,31
cp_tutorial_3d_monolayer,1,16,1791319124.7853208,2977920,worker_0,W006,pipeline,axis_started,started,0.0,0,31
cp_tutorial_3d_monolayer,1,16,1791319124.788255,2977920,worker_0,W006,RescaleIntensity,step_started,started,0.0,0,31
cp_tutorial_3d_monolayer,1,16,1791319125.1759803,2977920,worker_0,W006,RescaleIntensity,pattern_group,running,100.0,1,1
cp_tutorial_3d_monolayer,1,16,1791319125.1761398,2977920,worker_0,W006,RescaleIntensity,step_completed,success,3.225806451612903,1,31
cp_tutorial_3d_monolayer,1,16,1791319125.1764545,2977920,worker_0,W006,Resize,step_started,started,3.225806451612903,1,31
cp_tutorial_3d_monolayer,1,16,1791319125.2328672,2977920,worker_0,W006,Resize,pattern_group,running,100.0,1,1
cp_tutorial_3d_monolayer,1,16,1791319125.2330084,2977920,worker_0,W006,Resize,step_completed,success,6.451612903225806,2,31
cp_tutorial_3d_monolayer,1,16,1791319125.2333076,2977920,worker_0,W006,MedianFilter,step_started,started,6.451612903225806,2,31
cp_tutorial_3d_monolayer,1,16,1791319125.3985574,2977920,worker_0,W006,MedianFilter,pattern_group,running,100.0,1,1
cp_tutorial_3d_monolayer,1,16,1791319125.3986967,2977920,worker_0,W006,MedianFilter,step_completed,success,9.67741935483871,3,31
cp_tutorial_3d_monolayer,1,16,1791319125.3990493,2977920,worker_0,W006,Threshold,step_started,started,9.67741935483871,3,31
cp_tutorial_3d_monolayer,1,16,1791319125.435629,2977920,worker_0,W006,Threshold,pattern_group,running,100.0,1,1
cp_tutorial_3d_monolayer,1,16,1791319125.4361134,2977920,worker_0,W006,Threshold,step_completed,success,12.903225806451612,4,31
cp_tutorial_3d_monolayer,1,16,1791319125.4365087,2977920,worker_0,W006,RemoveHoles,step_started,started,12.903225806451612,4,31
cp_tutorial_3d_monolayer,1,16,1791319125.4535818,2977920,worker_0,W006,RemoveHoles,pattern_group,running,100.0,1,1
cp_tutorial_3d_monolayer,1,16,1791319125.4537315,2977920,worker_0,W006,RemoveHoles,step_completed,success,16.129032258064516,5,31
cp_tutorial_3d_monolayer,1,16,1791319125.4541068,2977920,worker_0,W006,Watershed,step_started,started,16.129032258064516,5,31
cp_tutorial_3d_monolayer,1,16,1791319125.5396254,2977920,worker_0,W006,Watershed,pattern_group,running,100.0,1,1
cp_tutorial_3d_monolayer,1,16,1791319125.54001,2977920,worker_0,W006,Watershed,step_completed,success,19.35483870967742,6,31
cp_tutorial_3d_monolayer,1,16,1791319125.5404184,2977920,worker_0,W006,ResizeObjects,step_started,started,19.35483870967742,6,31
cp_tutorial_3d_monolayer,1,16,1791319125.5681138,2977920,worker_0,W006,ResizeObjects,pattern_group,running,100.0,1,1
cp_tutorial_3d_monolayer,1,16,1791319125.5685923,2977920,worker_0,W006,ResizeObjects,step_completed,success,22.58064516129032,7,31
cp_tutorial_3d_monolayer,1,16,1791319125.5690145,2977920,worker_0,W006,ErodeObjects,step_started,started,22.58064516129032,7,31
cp_tutorial_3d_monolayer,1,16,1791319125.6193788,2977920,worker_0,W006,ErodeObjects,pattern_group,running,100.0,1,1
cp_tutorial_3d_monolayer,1,16,1791319125.619836,2977920,worker_0,W006,ErodeObjects,step_completed,success,25.806451612903224,8,31
cp_tutorial_3d_monolayer,1,16,1791319125.620314,2977920,worker_0,W006,ResizeObjects,step_started,started,25.806451612903224,8,31
cp_tutorial_3d_monolayer,1,16,1791319125.644227,2977920,worker_0,W006,ResizeObjects,pattern_group,running,100.0,1,1
cp_tutorial_3d_monolayer,1,16,1791319125.6446984,2977920,worker_0,W006,ResizeObjects,step_completed,success,29.03225806451613,9,31
cp_tutorial_3d_monolayer,1,16,1791319125.6452053,2977920,worker_0,W006,ConvertObjectsToImage,step_started,started,29.03225806451613,9,31
cp_tutorial_3d_monolayer,1,16,1791319125.66497,2977920,worker_0,W006,ConvertObjectsToImage,pattern_group,running,100.0,1,1
cp_tutorial_3d_monolayer,1,16,1791319125.6651175,2977920,worker_0,W006,ConvertObjectsToImage,step_completed,success,32.25806451612903,10,31
cp_tutorial_3d_monolayer,1,16,1791319125.6655767,2977920,worker_0,W006,Threshold,step_started,started,32.25806451612903,10,31
cp_tutorial_3d_monolayer,1,16,1791319125.8571455,2977920,worker_0,W006,Threshold,pattern_group,running,100.0,1,1
cp_tutorial_3d_monolayer,1,16,1791319125.8574014,2977920,worker_0,W006,Threshold,step_completed,success,35.483870967741936,11,31
cp_tutorial_3d_monolayer,1,16,1791319125.857737,2977920,worker_0,W006,ImageMath,step_started,started,35.483870967741936,11,31
cp_tutorial_3d_monolayer,1,16,1791319125.8894827,2977920,worker_0,W006,ImageMath,pattern_group,running,100.0,1,1
cp_tutorial_3d_monolayer,1,16,1791319125.8896356,2977920,worker_0,W006,ImageMath,step_completed,success,38.70967741935484,12,31
cp_tutorial_3d_monolayer,1,16,1791319125.8901289,2977920,worker_0,W006,RemoveHoles,step_started,started,38.70967741935484,12,31
cp_tutorial_3d_monolayer,1,16,1791319125.9364715,2977920,worker_0,W006,RemoveHoles,pattern_group,running,100.0,1,1
cp_tutorial_3d_monolayer,1,16,1791319125.9366267,2977920,worker_0,W006,RemoveHoles,step_completed,success,41.935483870967744,13,31
cp_tutorial_3d_monolayer,1,16,1791319125.9371474,2977920,worker_0,W006,ImageMath,step_started,started,41.935483870967744,13,31
cp_tutorial_3d_monolayer,1,16,1791319126.2373412,2977920,worker_0,W006,ImageMath,pattern_group,running,100.0,1,1
cp_tutorial_3d_monolayer,1,16,1791319126.2374902,2977920,worker_0,W006,ImageMath,step_completed,success,45.16129032258064,14,31
cp_tutorial_3d_monolayer,1,16,1791319126.2378314,2977920,worker_0,W006,Resize,step_started,started,45.16129032258064,14,31
cp_tutorial_3d_monolayer,1,16,1791319126.297481,2977920,worker_0,W006,Resize,pattern_group,running,100.0,1,1
cp_tutorial_3d_monolayer,1,16,1791319126.2976224,2977920,worker_0,W006,Resize,step_completed,success,48.38709677419355,15,31
cp_tutorial_3d_monolayer,1,16,1791319126.3008583,2977920,worker_0,W006,Closing,step_started,started,48.38709677419355,15,31
cp_tutorial_3d_monolayer,1,16,1791319126.3785965,2977920,worker_0,W006,Closing,pattern_group,running,100.0,1,1
cp_tutorial_3d_monolayer,1,16,1791319126.3787289,2977920,worker_0,W006,Closing,step_completed,success,51.61290322580645,16,31
cp_tutorial_3d_monolayer,1,16,1791319126.3792303,2977920,worker_0,W006,Resize,step_started,started,51.61290322580645,16,31
cp_tutorial_3d_monolayer,1,16,1791319126.4285805,2977920,worker_0,W006,Resize,pattern_group,running,100.0,1,1
cp_tutorial_3d_monolayer,1,16,1791319126.4287212,2977920,worker_0,W006,Resize,step_completed,success,54.83870967741935,17,31
cp_tutorial_3d_monolayer,1,16,1791319126.4292214,2977920,worker_0,W006,Threshold,step_started,started,54.83870967741935,17,31
cp_tutorial_3d_monolayer,1,16,1791319126.6733732,2977920,worker_0,W006,Threshold,pattern_group,running,100.0,1,1
cp_tutorial_3d_monolayer,1,16,1791319126.6736042,2977920,worker_0,W006,Threshold,step_completed,success,58.06451612903226,18,31
cp_tutorial_3d_monolayer,1,16,1791319126.6741185,2977920,worker_0,W006,MaskImage,step_started,started,58.06451612903226,18,31
cp_tutorial_3d_monolayer,1,16,1791319126.717517,2977920,worker_0,W006,MaskImage,pattern_group,running,100.0,1,1
cp_tutorial_3d_monolayer,1,16,1791319126.7176697,2977920,worker_0,W006,MaskImage,step_completed,success,61.29032258064516,19,31
cp_tutorial_3d_monolayer,1,16,1791319126.718289,2977920,worker_0,W006,ErodeImage,step_started,started,61.29032258064516,19,31
cp_tutorial_3d_monolayer,1,16,1791319126.749834,2977920,worker_0,W006,ErodeImage,pattern_group,running,100.0,1,1
cp_tutorial_3d_monolayer,1,16,1791319126.7499814,2977920,worker_0,W006,ErodeImage,step_completed,success,64.51612903225806,20,31
cp_tutorial_3d_monolayer,1,16,1791319126.7505012,2977920,worker_0,W006,Watershed,step_started,started,64.51612903225806,20,31
cp_tutorial_3d_monolayer,1,16,1791319126.8453217,2977920,worker_0,W006,Watershed,pattern_group,running,100.0,1,1
cp_tutorial_3d_monolayer,1,16,1791319126.8457115,2977920,worker_0,W006,Watershed,step_completed,success,67.74193548387096,21,31
cp_tutorial_3d_monolayer,1,16,1791319126.8463032,2977920,worker_0,W006,MeasureObjectIntensity,step_started,started,67.74193548387096,21,31
cp_tutorial_3d_monolayer,1,16,1791319127.1113927,2977920,worker_0,W006,MeasureObjectIntensity,pattern_group,running,50.0,1,2
cp_tutorial_3d_monolayer,1,16,1791319127.423925,2977920,worker_0,W006,MeasureObjectIntensity,pattern_group,running,100.0,2,2
cp_tutorial_3d_monolayer,1,16,1791319127.4263341,2977920,worker_0,W006,MeasureObjectIntensity,step_completed,success,70.96774193548387,22,31
cp_tutorial_3d_monolayer,1,16,1791319127.426711,2977920,worker_0,W006,MeasureObjectSizeShape,step_started,started,70.96774193548387,22,31
cp_tutorial_3d_monolayer,1,16,1791319127.521656,2977920,worker_0,W006,MeasureObjectSizeShape,pattern_group,running,50.0,1,2
cp_tutorial_3d_monolayer,1,16,1791319127.616766,2977920,worker_0,W006,MeasureObjectSizeShape,pattern_group,running,100.0,2,2
cp_tutorial_3d_monolayer,1,16,1791319127.617356,2977920,worker_0,W006,MeasureObjectSizeShape,step_completed,success,74.19354838709677,23,31
cp_tutorial_3d_monolayer,1,16,1791319127.6177533,2977920,worker_0,W006,OverlayObjects,step_started,started,74.19354838709677,23,31
cp_tutorial_3d_monolayer,1,16,1791319127.652801,2977920,worker_0,W006,OverlayObjects,pattern_group,running,100.0,1,1
cp_tutorial_3d_monolayer,1,16,1791319127.6529179,2977920,worker_0,W006,OverlayObjects,step_completed,success,77.41935483870968,24,31
cp_tutorial_3d_monolayer,1,16,1791319127.6535127,2977920,worker_0,W006,RescaleIntensity,step_started,started,77.41935483870968,24,31
cp_tutorial_3d_monolayer,1,16,1791319127.7580814,2977920,worker_0,W006,RescaleIntensity,pattern_group,running,100.0,1,1
cp_tutorial_3d_monolayer,1,16,1791319127.7582233,2977920,worker_0,W006,RescaleIntensity,step_completed,success,80.64516129032258,25,31
cp_tutorial_3d_monolayer,1,16,1791319127.7585924,2977920,worker_0,W006,OverlayObjects,step_started,started,80.64516129032258,25,31
cp_tutorial_3d_monolayer,1,16,1791319127.7924654,2977920,worker_0,W006,OverlayObjects,pattern_group,running,100.0,1,1
cp_tutorial_3d_monolayer,1,16,1791319127.7925706,2977920,worker_0,W006,OverlayObjects,step_completed,success,83.87096774193549,26,31
cp_tutorial_3d_monolayer,1,16,1791319127.7931662,2977920,worker_0,W006,ConvertObjectsToImage,step_started,started,83.87096774193549,26,31
cp_tutorial_3d_monolayer,1,16,1791319127.8247142,2977920,worker_0,W006,ConvertObjectsToImage,pattern_group,running,100.0,1,1
cp_tutorial_3d_monolayer,1,16,1791319127.82485,2977920,worker_0,W006,ConvertObjectsToImage,step_completed,success,87.09677419354838,27,31
cp_tutorial_3d_monolayer,1,16,1791319127.8254461,2977920,worker_0,W006,SaveImages,step_started,started,87.09677419354838,27,31
cp_tutorial_3d_monolayer,1,16,1791319127.8744526,2977920,worker_0,W006,SaveImages,pattern_group,running,100.0,1,1
cp_tutorial_3d_monolayer,1,16,1791319127.8809361,2977920,worker_0,W006,SaveImages,step_completed,success,90.32258064516128,28,31
cp_tutorial_3d_monolayer,1,16,1791319127.8815486,2977920,worker_0,W006,ConvertObjectsToImage,step_started,started,90.32258064516128,28,31
cp_tutorial_3d_monolayer,1,16,1791319127.9150407,2977920,worker_0,W006,ConvertObjectsToImage,pattern_group,running,100.0,1,1
cp_tutorial_3d_monolayer,1,16,1791319127.9152176,2977920,worker_0,W006,ConvertObjectsToImage,step_completed,success,93.54838709677419,29,31
cp_tutorial_3d_monolayer,1,16,1791319127.9158065,2977920,worker_0,W006,SaveImages,step_started,started,93.54838709677419,29,31
cp_tutorial_3d_monolayer,1,16,1791319127.967889,2977920,worker_0,W006,SaveImages,pattern_group,running,100.0,1,1
cp_tutorial_3d_monolayer,1,16,1791319127.9742346,2977920,worker_0,W006,SaveImages,step_completed,success,96.7741935483871,30,31
cp_tutorial_3d_monolayer,1,16,1791319127.9753563,2977920,worker_0,W006,pipeline,axis_completed,success,96.7741935483871,30,31
cp_tutorial_3d_monolayer,1,16,1791319127.9754229,2977920,worker_0,W007,pipeline,axis_started,started,0.0,0,31
cp_tutorial_3d_monolayer,1,16,1791319127.9783792,2977920,worker_0,W007,RescaleIntensity,step_started,started,0.0,0,31
cp_tutorial_3d_monolayer,1,16,1791319128.2610855,2977920,worker_0,W007,RescaleIntensity,pattern_group,running,100.0,1,1
cp_tutorial_3d_monolayer,1,16,1791319128.2612326,2977920,worker_0,W007,RescaleIntensity,step_completed,success,3.225806451612903,1,31
cp_tutorial_3d_monolayer,1,16,1791319128.2615278,2977920,worker_0,W007,Resize,step_started,started,3.225806451612903,1,31
cp_tutorial_3d_monolayer,1,16,1791319128.3174515,2977920,worker_0,W007,Resize,pattern_group,running,100.0,1,1
cp_tutorial_3d_monolayer,1,16,1791319128.317592,2977920,worker_0,W007,Resize,step_completed,success,6.451612903225806,2,31
cp_tutorial_3d_monolayer,1,16,1791319128.317884,2977920,worker_0,W007,MedianFilter,step_started,started,6.451612903225806,2,31
cp_tutorial_3d_monolayer,1,16,1791319128.4835403,2977920,worker_0,W007,MedianFilter,pattern_group,running,100.0,1,1
cp_tutorial_3d_monolayer,1,16,1791319128.483681,2977920,worker_0,W007,MedianFilter,step_completed,success,9.67741935483871,3,31
cp_tutorial_3d_monolayer,1,16,1791319128.48404,2977920,worker_0,W007,Threshold,step_started,started,9.67741935483871,3,31
cp_tutorial_3d_monolayer,1,16,1791319128.521038,2977920,worker_0,W007,Threshold,pattern_group,running,100.0,1,1
cp_tutorial_3d_monolayer,1,16,1791319128.5215309,2977920,worker_0,W007,Threshold,step_completed,success,12.903225806451612,4,31
cp_tutorial_3d_monolayer,1,16,1791319128.5219162,2977920,worker_0,W007,RemoveHoles,step_started,started,12.903225806451612,4,31
cp_tutorial_3d_monolayer,1,16,1791319128.5382874,2977920,worker_0,W007,RemoveHoles,pattern_group,running,100.0,1,1
cp_tutorial_3d_monolayer,1,16,1791319128.5389352,2977920,worker_0,W007,RemoveHoles,step_completed,success,16.129032258064516,5,31
cp_tutorial_3d_monolayer,1,16,1791319128.539337,2977920,worker_0,W007,Watershed,step_started,started,16.129032258064516,5,31
cp_tutorial_3d_monolayer,1,16,1791319128.625415,2977920,worker_0,W007,Watershed,pattern_group,running,100.0,1,1
cp_tutorial_3d_monolayer,1,16,1791319128.6257977,2977920,worker_0,W007,Watershed,step_completed,success,19.35483870967742,6,31
cp_tutorial_3d_monolayer,1,16,1791319128.626196,2977920,worker_0,W007,ResizeObjects,step_started,started,19.35483870967742,6,31
cp_tutorial_3d_monolayer,1,16,1791319128.6537104,2977920,worker_0,W007,ResizeObjects,pattern_group,running,100.0,1,1
cp_tutorial_3d_monolayer,1,16,1791319128.6541834,2977920,worker_0,W007,ResizeObjects,step_completed,success,22.58064516129032,7,31
cp_tutorial_3d_monolayer,1,16,1791319128.6546178,2977920,worker_0,W007,ErodeObjects,step_started,started,22.58064516129032,7,31
cp_tutorial_3d_monolayer,1,16,1791319128.7050436,2977920,worker_0,W007,ErodeObjects,pattern_group,running,100.0,1,1
cp_tutorial_3d_monolayer,1,16,1791319128.7055116,2977920,worker_0,W007,ErodeObjects,step_completed,success,25.806451612903224,8,31
cp_tutorial_3d_monolayer,1,16,1791319128.7059884,2977920,worker_0,W007,ResizeObjects,step_started,started,25.806451612903224,8,31
cp_tutorial_3d_monolayer,1,16,1791319128.7300515,2977920,worker_0,W007,ResizeObjects,pattern_group,running,100.0,1,1
cp_tutorial_3d_monolayer,1,16,1791319128.730525,2977920,worker_0,W007,ResizeObjects,step_completed,success,29.03225806451613,9,31
cp_tutorial_3d_monolayer,1,16,1791319128.731028,2977920,worker_0,W007,ConvertObjectsToImage,step_started,started,29.03225806451613,9,31
cp_tutorial_3d_monolayer,1,16,1791319128.7509334,2977920,worker_0,W007,ConvertObjectsToImage,pattern_group,running,100.0,1,1
cp_tutorial_3d_monolayer,1,16,1791319128.7510805,2977920,worker_0,W007,ConvertObjectsToImage,step_completed,success,32.25806451612903,10,31
cp_tutorial_3d_monolayer,1,16,1791319128.751538,2977920,worker_0,W007,Threshold,step_started,started,32.25806451612903,10,31
cp_tutorial_3d_monolayer,1,16,1791319128.9435422,2977920,worker_0,W007,Threshold,pattern_group,running,100.0,1,1
cp_tutorial_3d_monolayer,1,16,1791319128.9437966,2977920,worker_0,W007,Threshold,step_completed,success,35.483870967741936,11,31
cp_tutorial_3d_monolayer,1,16,1791319128.944149,2977920,worker_0,W007,ImageMath,step_started,started,35.483870967741936,11,31
cp_tutorial_3d_monolayer,1,16,1791319128.9766605,2977920,worker_0,W007,ImageMath,pattern_group,running,100.0,1,1
cp_tutorial_3d_monolayer,1,16,1791319128.9768155,2977920,worker_0,W007,ImageMath,step_completed,success,38.70967741935484,12,31
cp_tutorial_3d_monolayer,1,16,1791319128.9773142,2977920,worker_0,W007,RemoveHoles,step_started,started,38.70967741935484,12,31
cp_tutorial_3d_monolayer,1,16,1791319129.0230138,2977920,worker_0,W007,RemoveHoles,pattern_group,running,100.0,1,1
cp_tutorial_3d_monolayer,1,16,1791319129.02316,2977920,worker_0,W007,RemoveHoles,step_completed,success,41.935483870967744,13,31
cp_tutorial_3d_monolayer,1,16,1791319129.0236578,2977920,worker_0,W007,ImageMath,step_started,started,41.935483870967744,13,31
cp_tutorial_3d_monolayer,1,16,1791319129.3317177,2977920,worker_0,W007,ImageMath,pattern_group,running,100.0,1,1
cp_tutorial_3d_monolayer,1,16,1791319129.3318672,2977920,worker_0,W007,ImageMath,step_completed,success,45.16129032258064,14,31
cp_tutorial_3d_monolayer,1,16,1791319129.332212,2977920,worker_0,W007,Resize,step_started,started,45.16129032258064,14,31
cp_tutorial_3d_monolayer,1,16,1791319129.3918645,2977920,worker_0,W007,Resize,pattern_group,running,100.0,1,1
cp_tutorial_3d_monolayer,1,16,1791319129.3920078,2977920,worker_0,W007,Resize,step_completed,success,48.38709677419355,15,31
cp_tutorial_3d_monolayer,1,16,1791319129.3953412,2977920,worker_0,W007,Closing,step_started,started,48.38709677419355,15,31
cp_tutorial_3d_monolayer,1,16,1791319129.4728768,2977920,worker_0,W007,Closing,pattern_group,running,100.0,1,1
cp_tutorial_3d_monolayer,1,16,1791319129.4730256,2977920,worker_0,W007,Closing,step_completed,success,51.61290322580645,16,31
cp_tutorial_3d_monolayer,1,16,1791319129.4735398,2977920,worker_0,W007,Resize,step_started,started,51.61290322580645,16,31
cp_tutorial_3d_monolayer,1,16,1791319129.5251377,2977920,worker_0,W007,Resize,pattern_group,running,100.0,1,1
cp_tutorial_3d_monolayer,1,16,1791319129.5253882,2977920,worker_0,W007,Resize,step_completed,success,54.83870967741935,17,31
cp_tutorial_3d_monolayer,1,16,1791319129.5259109,2977920,worker_0,W007,Threshold,step_started,started,54.83870967741935,17,31
cp_tutorial_3d_monolayer,1,16,1791319129.8707361,2977920,worker_0,W007,Threshold,pattern_group,running,100.0,1,1
cp_tutorial_3d_monolayer,1,16,1791319129.870982,2977920,worker_0,W007,Threshold,step_completed,success,58.06451612903226,18,31
cp_tutorial_3d_monolayer,1,16,1791319129.8715034,2977920,worker_0,W007,MaskImage,step_started,started,58.06451612903226,18,31
cp_tutorial_3d_monolayer,1,16,1791319129.915343,2977920,worker_0,W007,MaskImage,pattern_group,running,100.0,1,1
cp_tutorial_3d_monolayer,1,16,1791319129.9154983,2977920,worker_0,W007,MaskImage,step_completed,success,61.29032258064516,19,31
cp_tutorial_3d_monolayer,1,16,1791319129.9160957,2977920,worker_0,W007,ErodeImage,step_started,started,61.29032258064516,19,31
cp_tutorial_3d_monolayer,1,16,1791319129.9484162,2977920,worker_0,W007,ErodeImage,pattern_group,running,100.0,1,1
cp_tutorial_3d_monolayer,1,16,1791319129.9485655,2977920,worker_0,W007,ErodeImage,step_completed,success,64.51612903225806,20,31
cp_tutorial_3d_monolayer,1,16,1791319129.949159,2977920,worker_0,W007,Watershed,step_started,started,64.51612903225806,20,31
cp_tutorial_3d_monolayer,1,16,1791319130.056545,2977920,worker_0,W007,Watershed,pattern_group,running,100.0,1,1
cp_tutorial_3d_monolayer,1,16,1791319130.0569386,2977920,worker_0,W007,Watershed,step_completed,success,67.74193548387096,21,31
cp_tutorial_3d_monolayer,1,16,1791319130.0575309,2977920,worker_0,W007,MeasureObjectIntensity,step_started,started,67.74193548387096,21,31
cp_tutorial_3d_monolayer,1,16,1791319130.3540943,2977920,worker_0,W007,MeasureObjectIntensity,pattern_group,running,50.0,1,2
cp_tutorial_3d_monolayer,1,16,1791319130.6857314,2977920,worker_0,W007,MeasureObjectIntensity,pattern_group,running,100.0,2,2
cp_tutorial_3d_monolayer,1,16,1791319130.6879,2977920,worker_0,W007,MeasureObjectIntensity,step_completed,success,70.96774193548387,22,31
cp_tutorial_3d_monolayer,1,16,1791319130.6882749,2977920,worker_0,W007,MeasureObjectSizeShape,step_started,started,70.96774193548387,22,31
cp_tutorial_3d_monolayer,1,16,1791319130.7826762,2977920,worker_0,W007,MeasureObjectSizeShape,pattern_group,running,50.0,1,2
cp_tutorial_3d_monolayer,1,16,1791319130.8770297,2977920,worker_0,W007,MeasureObjectSizeShape,pattern_group,running,100.0,2,2
cp_tutorial_3d_monolayer,1,16,1791319130.8776162,2977920,worker_0,W007,MeasureObjectSizeShape,step_completed,success,74.19354838709677,23,31
cp_tutorial_3d_monolayer,1,16,1791319130.877993,2977920,worker_0,W007,OverlayObjects,step_started,started,74.19354838709677,23,31
cp_tutorial_3d_monolayer,1,16,1791319130.9169252,2977920,worker_0,W007,OverlayObjects,pattern_group,running,100.0,1,1
cp_tutorial_3d_monolayer,1,16,1791319130.9170492,2977920,worker_0,W007,OverlayObjects,step_completed,success,77.41935483870968,24,31
cp_tutorial_3d_monolayer,1,16,1791319130.917646,2977920,worker_0,W007,RescaleIntensity,step_started,started,77.41935483870968,24,31
cp_tutorial_3d_monolayer,1,16,1791319131.0233195,2977920,worker_0,W007,RescaleIntensity,pattern_group,running,100.0,1,1
cp_tutorial_3d_monolayer,1,16,1791319131.0234642,2977920,worker_0,W007,RescaleIntensity,step_completed,success,80.64516129032258,25,31
cp_tutorial_3d_monolayer,1,16,1791319131.0238278,2977920,worker_0,W007,OverlayObjects,step_started,started,80.64516129032258,25,31
cp_tutorial_3d_monolayer,1,16,1791319131.0623317,2977920,worker_0,W007,OverlayObjects,pattern_group,running,100.0,1,1
cp_tutorial_3d_monolayer,1,16,1791319131.062433,2977920,worker_0,W007,OverlayObjects,step_completed,success,83.87096774193549,26,31
cp_tutorial_3d_monolayer,1,16,1791319131.063033,2977920,worker_0,W007,ConvertObjectsToImage,step_started,started,83.87096774193549,26,31
cp_tutorial_3d_monolayer,1,16,1791319131.0952609,2977920,worker_0,W007,ConvertObjectsToImage,pattern_group,running,100.0,1,1
cp_tutorial_3d_monolayer,1,16,1791319131.095406,2977920,worker_0,W007,ConvertObjectsToImage,step_completed,success,87.09677419354838,27,31
cp_tutorial_3d_monolayer,1,16,1791319131.0959933,2977920,worker_0,W007,SaveImages,step_started,started,87.09677419354838,27,31
cp_tutorial_3d_monolayer,1,16,1791319131.144778,2977920,worker_0,W007,SaveImages,pattern_group,running,100.0,1,1
cp_tutorial_3d_monolayer,1,16,1791319131.1513631,2977920,worker_0,W007,SaveImages,step_completed,success,90.32258064516128,28,31
cp_tutorial_3d_monolayer,1,16,1791319131.151971,2977920,worker_0,W007,ConvertObjectsToImage,step_started,started,90.32258064516128,28,31
cp_tutorial_3d_monolayer,1,16,1791319131.1866927,2977920,worker_0,W007,ConvertObjectsToImage,pattern_group,running,100.0,1,1
cp_tutorial_3d_monolayer,1,16,1791319131.1868818,2977920,worker_0,W007,ConvertObjectsToImage,step_completed,success,93.54838709677419,29,31
cp_tutorial_3d_monolayer,1,16,1791319131.1874883,2977920,worker_0,W007,SaveImages,step_started,started,93.54838709677419,29,31
cp_tutorial_3d_monolayer,1,16,1791319131.2371054,2977920,worker_0,W007,SaveImages,pattern_group,running,100.0,1,1
cp_tutorial_3d_monolayer,1,16,1791319131.2435527,2977920,worker_0,W007,SaveImages,step_completed,success,96.7741935483871,30,31
cp_tutorial_3d_monolayer,1,16,1791319131.2446604,2977920,worker_0,W007,pipeline,axis_completed,success,96.7741935483871,30,31
cp_tutorial_3d_monolayer,1,16,1791319131.2447255,2977920,worker_0,W008,pipeline,axis_started,started,0.0,0,31
cp_tutorial_3d_monolayer,1,16,1791319131.2476976,2977920,worker_0,W008,RescaleIntensity,step_started,started,0.0,0,31
cp_tutorial_3d_monolayer,1,16,1791319131.6475809,2977920,worker_0,W008,RescaleIntensity,pattern_group,running,100.0,1,1
cp_tutorial_3d_monolayer,1,16,1791319131.6477282,2977920,worker_0,W008,RescaleIntensity,step_completed,success,3.225806451612903,1,31
cp_tutorial_3d_monolayer,1,16,1791319131.6480215,2977920,worker_0,W008,Resize,step_started,started,3.225806451612903,1,31
cp_tutorial_3d_monolayer,1,16,1791319131.7034903,2977920,worker_0,W008,Resize,pattern_group,running,100.0,1,1
cp_tutorial_3d_monolayer,1,16,1791319131.7036247,2977920,worker_0,W008,Resize,step_completed,success,6.451612903225806,2,31
cp_tutorial_3d_monolayer,1,16,1791319131.7046192,2977920,worker_0,W008,MedianFilter,step_started,started,6.451612903225806,2,31
cp_tutorial_3d_monolayer,1,16,1791319131.8753166,2977920,worker_0,W008,MedianFilter,pattern_group,running,100.0,1,1
cp_tutorial_3d_monolayer,1,16,1791319131.8754542,2977920,worker_0,W008,MedianFilter,step_completed,success,9.67741935483871,3,31
cp_tutorial_3d_monolayer,1,16,1791319131.875806,2977920,worker_0,W008,Threshold,step_started,started,9.67741935483871,3,31
cp_tutorial_3d_monolayer,1,16,1791319131.9134252,2977920,worker_0,W008,Threshold,pattern_group,running,100.0,1,1
cp_tutorial_3d_monolayer,1,16,1791319131.9136724,2977920,worker_0,W008,Threshold,step_completed,success,12.903225806451612,4,31
cp_tutorial_3d_monolayer,1,16,1791319131.9140482,2977920,worker_0,W008,RemoveHoles,step_started,started,12.903225806451612,4,31
cp_tutorial_3d_monolayer,1,16,1791319131.9306507,2977920,worker_0,W008,RemoveHoles,pattern_group,running,100.0,1,1
cp_tutorial_3d_monolayer,1,16,1791319131.930801,2977920,worker_0,W008,RemoveHoles,step_completed,success,16.129032258064516,5,31
cp_tutorial_3d_monolayer,1,16,1791319131.9311783,2977920,worker_0,W008,Watershed,step_started,started,16.129032258064516,5,31
cp_tutorial_3d_monolayer,1,16,1791319132.018293,2977920,worker_0,W008,Watershed,pattern_group,running,100.0,1,1
cp_tutorial_3d_monolayer,1,16,1791319132.0186906,2977920,worker_0,W008,Watershed,step_completed,success,19.35483870967742,6,31
cp_tutorial_3d_monolayer,1,16,1791319132.019092,2977920,worker_0,W008,ResizeObjects,step_started,started,19.35483870967742,6,31
cp_tutorial_3d_monolayer,1,16,1791319132.0455763,2977920,worker_0,W008,ResizeObjects,pattern_group,running,100.0,1,1
cp_tutorial_3d_monolayer,1,16,1791319132.0460477,2977920,worker_0,W008,ResizeObjects,step_completed,success,22.58064516129032,7,31
cp_tutorial_3d_monolayer,1,16,1791319132.046477,2977920,worker_0,W008,ErodeObjects,step_started,started,22.58064516129032,7,31
cp_tutorial_3d_monolayer,1,16,1791319132.096402,2977920,worker_0,W008,ErodeObjects,pattern_group,running,100.0,1,1
cp_tutorial_3d_monolayer,1,16,1791319132.0968544,2977920,worker_0,W008,ErodeObjects,step_completed,success,25.806451612903224,8,31
cp_tutorial_3d_monolayer,1,16,1791319132.0973442,2977920,worker_0,W008,ResizeObjects,step_started,started,25.806451612903224,8,31
cp_tutorial_3d_monolayer,1,16,1791319132.1211362,2977920,worker_0,W008,ResizeObjects,pattern_group,running,100.0,1,1
cp_tutorial_3d_monolayer,1,16,1791319132.1216156,2977920,worker_0,W008,ResizeObjects,step_completed,success,29.03225806451613,9,31
cp_tutorial_3d_monolayer,1,16,1791319132.1221218,2977920,worker_0,W008,ConvertObjectsToImage,step_started,started,29.03225806451613,9,31
cp_tutorial_3d_monolayer,1,16,1791319132.1418555,2977920,worker_0,W008,ConvertObjectsToImage,pattern_group,running,100.0,1,1
cp_tutorial_3d_monolayer,1,16,1791319132.142004,2977920,worker_0,W008,ConvertObjectsToImage,step_completed,success,32.25806451612903,10,31
cp_tutorial_3d_monolayer,1,16,1791319132.1424623,2977920,worker_0,W008,Threshold,step_started,started,32.25806451612903,10,31
cp_tutorial_3d_monolayer,1,16,1791319132.3346536,2977920,worker_0,W008,Threshold,pattern_group,running,100.0,1,1
cp_tutorial_3d_monolayer,1,16,1791319132.3349054,2977920,worker_0,W008,Threshold,step_completed,success,35.483870967741936,11,31
cp_tutorial_3d_monolayer,1,16,1791319132.3352478,2977920,worker_0,W008,ImageMath,step_started,started,35.483870967741936,11,31
cp_tutorial_3d_monolayer,1,16,1791319132.3666484,2977920,worker_0,W008,ImageMath,pattern_group,running,100.0,1,1
cp_tutorial_3d_monolayer,1,16,1791319132.3668013,2977920,worker_0,W008,ImageMath,step_completed,success,38.70967741935484,12,31
cp_tutorial_3d_monolayer,1,16,1791319132.3672998,2977920,worker_0,W008,RemoveHoles,step_started,started,38.70967741935484,12,31
cp_tutorial_3d_monolayer,1,16,1791319132.4130726,2977920,worker_0,W008,RemoveHoles,pattern_group,running,100.0,1,1
cp_tutorial_3d_monolayer,1,16,1791319132.4132245,2977920,worker_0,W008,RemoveHoles,step_completed,success,41.935483870967744,13,31
cp_tutorial_3d_monolayer,1,16,1791319132.4137335,2977920,worker_0,W008,ImageMath,step_started,started,41.935483870967744,13,31
cp_tutorial_3d_monolayer,1,16,1791319132.7210765,2977920,worker_0,W008,ImageMath,pattern_group,running,100.0,1,1
cp_tutorial_3d_monolayer,1,16,1791319132.7212315,2977920,worker_0,W008,ImageMath,step_completed,success,45.16129032258064,14,31
cp_tutorial_3d_monolayer,1,16,1791319132.7215812,2977920,worker_0,W008,Resize,step_started,started,45.16129032258064,14,31
cp_tutorial_3d_monolayer,1,16,1791319132.7816412,2977920,worker_0,W008,Resize,pattern_group,running,100.0,1,1
cp_tutorial_3d_monolayer,1,16,1791319132.781786,2977920,worker_0,W008,Resize,step_completed,success,48.38709677419355,15,31
cp_tutorial_3d_monolayer,1,16,1791319132.78589,2977920,worker_0,W008,Closing,step_started,started,48.38709677419355,15,31
cp_tutorial_3d_monolayer,1,16,1791319132.8628075,2977920,worker_0,W008,Closing,pattern_group,running,100.0,1,1
cp_tutorial_3d_monolayer,1,16,1791319132.862948,2977920,worker_0,W008,Closing,step_completed,success,51.61290322580645,16,31
cp_tutorial_3d_monolayer,1,16,1791319132.863459,2977920,worker_0,W008,Resize,step_started,started,51.61290322580645,16,31
cp_tutorial_3d_monolayer,1,16,1791319132.9124026,2977920,worker_0,W008,Resize,pattern_group,running,100.0,1,1
cp_tutorial_3d_monolayer,1,16,1791319132.9125452,2977920,worker_0,W008,Resize,step_completed,success,54.83870967741935,17,31
cp_tutorial_3d_monolayer,1,16,1791319132.9130445,2977920,worker_0,W008,Threshold,step_started,started,54.83870967741935,17,31
cp_tutorial_3d_monolayer,1,16,1791319133.2577188,2977920,worker_0,W008,Threshold,pattern_group,running,100.0,1,1
cp_tutorial_3d_monolayer,1,16,1791319133.2579598,2977920,worker_0,W008,Threshold,step_completed,success,58.06451612903226,18,31
cp_tutorial_3d_monolayer,1,16,1791319133.2584746,2977920,worker_0,W008,MaskImage,step_started,started,58.06451612903226,18,31
cp_tutorial_3d_monolayer,1,16,1791319133.302048,2977920,worker_0,W008,MaskImage,pattern_group,running,100.0,1,1
cp_tutorial_3d_monolayer,1,16,1791319133.302204,2977920,worker_0,W008,MaskImage,step_completed,success,61.29032258064516,19,31
cp_tutorial_3d_monolayer,1,16,1791319133.3028347,2977920,worker_0,W008,ErodeImage,step_started,started,61.29032258064516,19,31
cp_tutorial_3d_monolayer,1,16,1791319133.3339477,2977920,worker_0,W008,ErodeImage,pattern_group,running,100.0,1,1
cp_tutorial_3d_monolayer,1,16,1791319133.3340962,2977920,worker_0,W008,ErodeImage,step_completed,success,64.51612903225806,20,31
cp_tutorial_3d_monolayer,1,16,1791319133.3346224,2977920,worker_0,W008,Watershed,step_started,started,64.51612903225806,20,31
cp_tutorial_3d_monolayer,1,16,1791319133.4547303,2977920,worker_0,W008,Watershed,pattern_group,running,100.0,1,1
cp_tutorial_3d_monolayer,1,16,1791319133.4551136,2977920,worker_0,W008,Watershed,step_completed,success,67.74193548387096,21,31
cp_tutorial_3d_monolayer,1,16,1791319133.4557273,2977920,worker_0,W008,MeasureObjectIntensity,step_started,started,67.74193548387096,21,31
cp_tutorial_3d_monolayer,1,16,1791319133.7419677,2977920,worker_0,W008,MeasureObjectIntensity,pattern_group,running,50.0,1,2
cp_tutorial_3d_monolayer,1,16,1791319134.0583887,2977920,worker_0,W008,MeasureObjectIntensity,pattern_group,running,100.0,2,2
cp_tutorial_3d_monolayer,1,16,1791319134.0605562,2977920,worker_0,W008,MeasureObjectIntensity,step_completed,success,70.96774193548387,22,31
cp_tutorial_3d_monolayer,1,16,1791319134.0609288,2977920,worker_0,W008,MeasureObjectSizeShape,step_started,started,70.96774193548387,22,31
cp_tutorial_3d_monolayer,1,16,1791319134.155662,2977920,worker_0,W008,MeasureObjectSizeShape,pattern_group,running,50.0,1,2
cp_tutorial_3d_monolayer,1,16,1791319134.2516615,2977920,worker_0,W008,MeasureObjectSizeShape,pattern_group,running,100.0,2,2
cp_tutorial_3d_monolayer,1,16,1791319134.2522244,2977920,worker_0,W008,MeasureObjectSizeShape,step_completed,success,74.19354838709677,23,31
cp_tutorial_3d_monolayer,1,16,1791319134.2526066,2977920,worker_0,W008,OverlayObjects,step_started,started,74.19354838709677,23,31
cp_tutorial_3d_monolayer,1,16,1791319134.2896755,2977920,worker_0,W008,OverlayObjects,pattern_group,running,100.0,1,1
cp_tutorial_3d_monolayer,1,16,1791319134.2897909,2977920,worker_0,W008,OverlayObjects,step_completed,success,77.41935483870968,24,31
cp_tutorial_3d_monolayer,1,16,1791319134.2903872,2977920,worker_0,W008,RescaleIntensity,step_started,started,77.41935483870968,24,31
cp_tutorial_3d_monolayer,1,16,1791319134.3955295,2977920,worker_0,W008,RescaleIntensity,pattern_group,running,100.0,1,1
cp_tutorial_3d_monolayer,1,16,1791319134.3956752,2977920,worker_0,W008,RescaleIntensity,step_completed,success,80.64516129032258,25,31
cp_tutorial_3d_monolayer,1,16,1791319134.3960388,2977920,worker_0,W008,OverlayObjects,step_started,started,80.64516129032258,25,31
cp_tutorial_3d_monolayer,1,16,1791319134.432513,2977920,worker_0,W008,OverlayObjects,pattern_group,running,100.0,1,1
cp_tutorial_3d_monolayer,1,16,1791319134.4326162,2977920,worker_0,W008,OverlayObjects,step_completed,success,83.87096774193549,26,31
cp_tutorial_3d_monolayer,1,16,1791319134.4332066,2977920,worker_0,W008,ConvertObjectsToImage,step_started,started,83.87096774193549,26,31
cp_tutorial_3d_monolayer,1,16,1791319134.4656901,2977920,worker_0,W008,ConvertObjectsToImage,pattern_group,running,100.0,1,1
cp_tutorial_3d_monolayer,1,16,1791319134.4658477,2977920,worker_0,W008,ConvertObjectsToImage,step_completed,success,87.09677419354838,27,31
cp_tutorial_3d_monolayer,1,16,1791319134.466455,2977920,worker_0,W008,SaveImages,step_started,started,87.09677419354838,27,31
cp_tutorial_3d_monolayer,1,16,1791319134.5159402,2977920,worker_0,W008,SaveImages,pattern_group,running,100.0,1,1
cp_tutorial_3d_monolayer,1,16,1791319134.522621,2977920,worker_0,W008,SaveImages,step_completed,success,90.32258064516128,28,31
cp_tutorial_3d_monolayer,1,16,1791319134.5232186,2977920,worker_0,W008,ConvertObjectsToImage,step_started,started,90.32258064516128,28,31
cp_tutorial_3d_monolayer,1,16,1791319134.557081,2977920,worker_0,W008,ConvertObjectsToImage,pattern_group,running,100.0,1,1
cp_tutorial_3d_monolayer,1,16,1791319134.5572588,2977920,worker_0,W008,ConvertObjectsToImage,step_completed,success,93.54838709677419,29,31
cp_tutorial_3d_monolayer,1,16,1791319134.5578747,2977920,worker_0,W008,SaveImages,step_started,started,93.54838709677419,29,31
cp_tutorial_3d_monolayer,1,16,1791319134.6073778,2977920,worker_0,W008,SaveImages,pattern_group,running,100.0,1,1
cp_tutorial_3d_monolayer,1,16,1791319134.6136873,2977920,worker_0,W008,SaveImages,step_completed,success,96.7741935483871,30,31
cp_tutorial_3d_monolayer,1,16,1791319134.6147866,2977920,worker_0,W008,pipeline,axis_completed,success,96.7741935483871,30,31
cp_tutorial_3d_monolayer,1,16,1791319134.6148508,2977920,worker_0,W009,pipeline,axis_started,started,0.0,0,31
cp_tutorial_3d_monolayer,1,16,1791319134.6178102,2977920,worker_0,W009,RescaleIntensity,step_started,started,0.0,0,31
cp_tutorial_3d_monolayer,1,16,1791319134.897433,2977920,worker_0,W009,RescaleIntensity,pattern_group,running,100.0,1,1
cp_tutorial_3d_monolayer,1,16,1791319134.8975773,2977920,worker_0,W009,RescaleIntensity,step_completed,success,3.225806451612903,1,31
cp_tutorial_3d_monolayer,1,16,1791319134.897867,2977920,worker_0,W009,Resize,step_started,started,3.225806451612903,1,31
cp_tutorial_3d_monolayer,1,16,1791319134.955106,2977920,worker_0,W009,Resize,pattern_group,running,100.0,1,1
cp_tutorial_3d_monolayer,1,16,1791319134.955541,2977920,worker_0,W009,Resize,step_completed,success,6.451612903225806,2,31
cp_tutorial_3d_monolayer,1,16,1791319134.9558475,2977920,worker_0,W009,MedianFilter,step_started,started,6.451612903225806,2,31
cp_tutorial_3d_monolayer,1,16,1791319135.121194,2977920,worker_0,W009,MedianFilter,pattern_group,running,100.0,1,1
cp_tutorial_3d_monolayer,1,16,1791319135.1213396,2977920,worker_0,W009,MedianFilter,step_completed,success,9.67741935483871,3,31
cp_tutorial_3d_monolayer,1,16,1791319135.1216948,2977920,worker_0,W009,Threshold,step_started,started,9.67741935483871,3,31
cp_tutorial_3d_monolayer,1,16,1791319135.1596103,2977920,worker_0,W009,Threshold,pattern_group,running,100.0,1,1
cp_tutorial_3d_monolayer,1,16,1791319135.1599054,2977920,worker_0,W009,Threshold,step_completed,success,12.903225806451612,4,31
cp_tutorial_3d_monolayer,1,16,1791319135.1603162,2977920,worker_0,W009,RemoveHoles,step_started,started,12.903225806451612,4,31
cp_tutorial_3d_monolayer,1,16,1791319135.1784065,2977920,worker_0,W009,RemoveHoles,pattern_group,running,100.0,1,1
cp_tutorial_3d_monolayer,1,16,1791319135.1785545,2977920,worker_0,W009,RemoveHoles,step_completed,success,16.129032258064516,5,31
cp_tutorial_3d_monolayer,1,16,1791319135.178944,2977920,worker_0,W009,Watershed,step_started,started,16.129032258064516,5,31
cp_tutorial_3d_monolayer,1,16,1791319135.2648954,2977920,worker_0,W009,Watershed,pattern_group,running,100.0,1,1
cp_tutorial_3d_monolayer,1,16,1791319135.2652829,2977920,worker_0,W009,Watershed,step_completed,success,19.35483870967742,6,31
cp_tutorial_3d_monolayer,1,16,1791319135.2656834,2977920,worker_0,W009,ResizeObjects,step_started,started,19.35483870967742,6,31
cp_tutorial_3d_monolayer,1,16,1791319135.2926815,2977920,worker_0,W009,ResizeObjects,pattern_group,running,100.0,1,1
cp_tutorial_3d_monolayer,1,16,1791319135.2931561,2977920,worker_0,W009,ResizeObjects,step_completed,success,22.58064516129032,7,31
cp_tutorial_3d_monolayer,1,16,1791319135.2935848,2977920,worker_0,W009,ErodeObjects,step_started,started,22.58064516129032,7,31
cp_tutorial_3d_monolayer,1,16,1791319135.3479578,2977920,worker_0,W009,ErodeObjects,pattern_group,running,100.0,1,1
cp_tutorial_3d_monolayer,1,16,1791319135.348446,2977920,worker_0,W009,ErodeObjects,step_completed,success,25.806451612903224,8,31
cp_tutorial_3d_monolayer,1,16,1791319135.3489237,2977920,worker_0,W009,ResizeObjects,step_started,started,25.806451612903224,8,31
cp_tutorial_3d_monolayer,1,16,1791319135.3730297,2977920,worker_0,W009,ResizeObjects,pattern_group,running,100.0,1,1
cp_tutorial_3d_monolayer,1,16,1791319135.3735073,2977920,worker_0,W009,ResizeObjects,step_completed,success,29.03225806451613,9,31
cp_tutorial_3d_monolayer,1,16,1791319135.3740234,2977920,worker_0,W009,ConvertObjectsToImage,step_started,started,29.03225806451613,9,31
cp_tutorial_3d_monolayer,1,16,1791319135.3944378,2977920,worker_0,W009,ConvertObjectsToImage,pattern_group,running,100.0,1,1
cp_tutorial_3d_monolayer,1,16,1791319135.394582,2977920,worker_0,W009,ConvertObjectsToImage,step_completed,success,32.25806451612903,10,31
cp_tutorial_3d_monolayer,1,16,1791319135.3950362,2977920,worker_0,W009,Threshold,step_started,started,32.25806451612903,10,31
cp_tutorial_3d_monolayer,1,16,1791319135.5870264,2977920,worker_0,W009,Threshold,pattern_group,running,100.0,1,1
cp_tutorial_3d_monolayer,1,16,1791319135.58728,2977920,worker_0,W009,Threshold,step_completed,success,35.483870967741936,11,31
cp_tutorial_3d_monolayer,1,16,1791319135.5876188,2977920,worker_0,W009,ImageMath,step_started,started,35.483870967741936,11,31
cp_tutorial_3d_monolayer,1,16,1791319135.619126,2977920,worker_0,W009,ImageMath,pattern_group,running,100.0,1,1
cp_tutorial_3d_monolayer,1,16,1791319135.6192837,2977920,worker_0,W009,ImageMath,step_completed,success,38.70967741935484,12,31
cp_tutorial_3d_monolayer,1,16,1791319135.6198103,2977920,worker_0,W009,RemoveHoles,step_started,started,38.70967741935484,12,31
cp_tutorial_3d_monolayer,1,16,1791319135.6656837,2977920,worker_0,W009,RemoveHoles,pattern_group,running,100.0,1,1
cp_tutorial_3d_monolayer,1,16,1791319135.665831,2977920,worker_0,W009,RemoveHoles,step_completed,success,41.935483870967744,13,31
cp_tutorial_3d_monolayer,1,16,1791319135.6663334,2977920,worker_0,W009,ImageMath,step_started,started,41.935483870967744,13,31
cp_tutorial_3d_monolayer,1,16,1791319135.992253,2977920,worker_0,W009,ImageMath,pattern_group,running,100.0,1,1
cp_tutorial_3d_monolayer,1,16,1791319135.992409,2977920,worker_0,W009,ImageMath,step_completed,success,45.16129032258064,14,31
cp_tutorial_3d_monolayer,1,16,1791319135.9927468,2977920,worker_0,W009,Resize,step_started,started,45.16129032258064,14,31
cp_tutorial_3d_monolayer,1,16,1791319136.052538,2977920,worker_0,W009,Resize,pattern_group,running,100.0,1,1
cp_tutorial_3d_monolayer,1,16,1791319136.0526888,2977920,worker_0,W009,Resize,step_completed,success,48.38709677419355,15,31
cp_tutorial_3d_monolayer,1,16,1791319136.0563936,2977920,worker_0,W009,Closing,step_started,started,48.38709677419355,15,31
cp_tutorial_3d_monolayer,1,16,1791319136.1343954,2977920,worker_0,W009,Closing,pattern_group,running,100.0,1,1
cp_tutorial_3d_monolayer,1,16,1791319136.134535,2977920,worker_0,W009,Closing,step_completed,success,51.61290322580645,16,31
cp_tutorial_3d_monolayer,1,16,1791319136.1350334,2977920,worker_0,W009,Resize,step_started,started,51.61290322580645,16,31
cp_tutorial_3d_monolayer,1,16,1791319136.1842072,2977920,worker_0,W009,Resize,pattern_group,running,100.0,1,1
cp_tutorial_3d_monolayer,1,16,1791319136.1843567,2977920,worker_0,W009,Resize,step_completed,success,54.83870967741935,17,31
cp_tutorial_3d_monolayer,1,16,1791319136.1848614,2977920,worker_0,W009,Threshold,step_started,started,54.83870967741935,17,31
cp_tutorial_3d_monolayer,1,16,1791319136.4595053,2977920,worker_0,W009,Threshold,pattern_group,running,100.0,1,1
cp_tutorial_3d_monolayer,1,16,1791319136.459754,2977920,worker_0,W009,Threshold,step_completed,success,58.06451612903226,18,31
cp_tutorial_3d_monolayer,1,16,1791319136.460282,2977920,worker_0,W009,MaskImage,step_started,started,58.06451612903226,18,31
cp_tutorial_3d_monolayer,1,16,1791319136.5082934,2977920,worker_0,W009,MaskImage,pattern_group,running,100.0,1,1
cp_tutorial_3d_monolayer,1,16,1791319136.508437,2977920,worker_0,W009,MaskImage,step_completed,success,61.29032258064516,19,31
cp_tutorial_3d_monolayer,1,16,1791319136.5090537,2977920,worker_0,W009,ErodeImage,step_started,started,61.29032258064516,19,31
cp_tutorial_3d_monolayer,1,16,1791319136.5424774,2977920,worker_0,W009,ErodeImage,pattern_group,running,100.0,1,1
cp_tutorial_3d_monolayer,1,16,1791319136.5426238,2977920,worker_0,W009,ErodeImage,step_completed,success,64.51612903225806,20,31
cp_tutorial_3d_monolayer,1,16,1791319136.5431285,2977920,worker_0,W009,Watershed,step_started,started,64.51612903225806,20,31
cp_tutorial_3d_monolayer,1,16,1791319136.6618364,2977920,worker_0,W009,Watershed,pattern_group,running,100.0,1,1
cp_tutorial_3d_monolayer,1,16,1791319136.6622262,2977920,worker_0,W009,Watershed,step_completed,success,67.74193548387096,21,31
cp_tutorial_3d_monolayer,1,16,1791319136.6628263,2977920,worker_0,W009,MeasureObjectIntensity,step_started,started,67.74193548387096,21,31
cp_tutorial_3d_monolayer,1,16,1791319136.9957545,2977920,worker_0,W009,MeasureObjectIntensity,pattern_group,running,50.0,1,2
cp_tutorial_3d_monolayer,1,16,1791319137.3390374,2977920,worker_0,W009,MeasureObjectIntensity,pattern_group,running,100.0,2,2
cp_tutorial_3d_monolayer,1,16,1791319137.3411934,2977920,worker_0,W009,MeasureObjectIntensity,step_completed,success,70.96774193548387,22,31
cp_tutorial_3d_monolayer,1,16,1791319137.3415668,2977920,worker_0,W009,MeasureObjectSizeShape,step_started,started,70.96774193548387,22,31
cp_tutorial_3d_monolayer,1,16,1791319137.4363244,2977920,worker_0,W009,MeasureObjectSizeShape,pattern_group,running,50.0,1,2
cp_tutorial_3d_monolayer,1,16,1791319137.5319245,2977920,worker_0,W009,MeasureObjectSizeShape,pattern_group,running,100.0,2,2
cp_tutorial_3d_monolayer,1,16,1791319137.5325084,2977920,worker_0,W009,MeasureObjectSizeShape,step_completed,success,74.19354838709677,23,31
cp_tutorial_3d_monolayer,1,16,1791319137.5328805,2977920,worker_0,W009,OverlayObjects,step_started,started,74.19354838709677,23,31
cp_tutorial_3d_monolayer,1,16,1791319137.5741987,2977920,worker_0,W009,OverlayObjects,pattern_group,running,100.0,1,1
cp_tutorial_3d_monolayer,1,16,1791319137.5743241,2977920,worker_0,W009,OverlayObjects,step_completed,success,77.41935483870968,24,31
cp_tutorial_3d_monolayer,1,16,1791319137.5749094,2977920,worker_0,W009,RescaleIntensity,step_started,started,77.41935483870968,24,31
cp_tutorial_3d_monolayer,1,16,1791319137.6779578,2977920,worker_0,W009,RescaleIntensity,pattern_group,running,100.0,1,1
cp_tutorial_3d_monolayer,1,16,1791319137.678098,2977920,worker_0,W009,RescaleIntensity,step_completed,success,80.64516129032258,25,31
cp_tutorial_3d_monolayer,1,16,1791319137.6784713,2977920,worker_0,W009,OverlayObjects,step_started,started,80.64516129032258,25,31
cp_tutorial_3d_monolayer,1,16,1791319137.7174857,2977920,worker_0,W009,OverlayObjects,pattern_group,running,100.0,1,1
cp_tutorial_3d_monolayer,1,16,1791319137.7175891,2977920,worker_0,W009,OverlayObjects,step_completed,success,83.87096774193549,26,31
cp_tutorial_3d_monolayer,1,16,1791319137.718186,2977920,worker_0,W009,ConvertObjectsToImage,step_started,started,83.87096774193549,26,31
cp_tutorial_3d_monolayer,1,16,1791319137.750771,2977920,worker_0,W009,ConvertObjectsToImage,pattern_group,running,100.0,1,1
cp_tutorial_3d_monolayer,1,16,1791319137.7509181,2977920,worker_0,W009,ConvertObjectsToImage,step_completed,success,87.09677419354838,27,31
cp_tutorial_3d_monolayer,1,16,1791319137.7515104,2977920,worker_0,W009,SaveImages,step_started,started,87.09677419354838,27,31
cp_tutorial_3d_monolayer,1,16,1791319137.8006182,2977920,worker_0,W009,SaveImages,pattern_group,running,100.0,1,1
cp_tutorial_3d_monolayer,1,16,1791319137.8075025,2977920,worker_0,W009,SaveImages,step_completed,success,90.32258064516128,28,31
cp_tutorial_3d_monolayer,1,16,1791319137.808105,2977920,worker_0,W009,ConvertObjectsToImage,step_started,started,90.32258064516128,28,31
cp_tutorial_3d_monolayer,1,16,1791319137.8416293,2977920,worker_0,W009,ConvertObjectsToImage,pattern_group,running,100.0,1,1
cp_tutorial_3d_monolayer,1,16,1791319137.8418176,2977920,worker_0,W009,ConvertObjectsToImage,step_completed,success,93.54838709677419,29,31
cp_tutorial_3d_monolayer,1,16,1791319137.8434992,2977920,worker_0,W009,SaveImages,step_started,started,93.54838709677419,29,31
cp_tutorial_3d_monolayer,1,16,1791319137.891368,2977920,worker_0,W009,SaveImages,pattern_group,running,100.0,1,1
cp_tutorial_3d_monolayer,1,16,1791319137.9003153,2977920,worker_0,W009,SaveImages,step_completed,success,96.7741935483871,30,31
cp_tutorial_3d_monolayer,1,16,1791319137.901512,2977920,worker_0,W009,pipeline,axis_completed,success,96.7741935483871,30,31
cp_tutorial_3d_monolayer,1,16,1791319137.9016085,2977920,worker_0,W010,pipeline,axis_started,started,0.0,0,31
cp_tutorial_3d_monolayer,1,16,1791319137.9045806,2977920,worker_0,W010,RescaleIntensity,step_started,started,0.0,0,31
cp_tutorial_3d_monolayer,1,16,1791319138.3259053,2977920,worker_0,W010,RescaleIntensity,pattern_group,running,100.0,1,1
cp_tutorial_3d_monolayer,1,16,1791319138.3260624,2977920,worker_0,W010,RescaleIntensity,step_completed,success,3.225806451612903,1,31
cp_tutorial_3d_monolayer,1,16,1791319138.326365,2977920,worker_0,W010,Resize,step_started,started,3.225806451612903,1,31
cp_tutorial_3d_monolayer,1,16,1791319138.3825057,2977920,worker_0,W010,Resize,pattern_group,running,100.0,1,1
cp_tutorial_3d_monolayer,1,16,1791319138.382645,2977920,worker_0,W010,Resize,step_completed,success,6.451612903225806,2,31
cp_tutorial_3d_monolayer,1,16,1791319138.3829386,2977920,worker_0,W010,MedianFilter,step_started,started,6.451612903225806,2,31
cp_tutorial_3d_monolayer,1,16,1791319138.5491312,2977920,worker_0,W010,MedianFilter,pattern_group,running,100.0,1,1
cp_tutorial_3d_monolayer,1,16,1791319138.5492766,2977920,worker_0,W010,MedianFilter,step_completed,success,9.67741935483871,3,31
cp_tutorial_3d_monolayer,1,16,1791319138.5496302,2977920,worker_0,W010,Threshold,step_started,started,9.67741935483871,3,31
cp_tutorial_3d_monolayer,1,16,1791319138.586873,2977920,worker_0,W010,Threshold,pattern_group,running,100.0,1,1
cp_tutorial_3d_monolayer,1,16,1791319138.587109,2977920,worker_0,W010,Threshold,step_completed,success,12.903225806451612,4,31
cp_tutorial_3d_monolayer,1,16,1791319138.5879033,2977920,worker_0,W010,RemoveHoles,step_started,started,12.903225806451612,4,31
cp_tutorial_3d_monolayer,1,16,1791319138.6050146,2977920,worker_0,W010,RemoveHoles,pattern_group,running,100.0,1,1
cp_tutorial_3d_monolayer,1,16,1791319138.6051593,2977920,worker_0,W010,RemoveHoles,step_completed,success,16.129032258064516,5,31
cp_tutorial_3d_monolayer,1,16,1791319138.6055377,2977920,worker_0,W010,Watershed,step_started,started,16.129032258064516,5,31
cp_tutorial_3d_monolayer,1,16,1791319138.691199,2977920,worker_0,W010,Watershed,pattern_group,running,100.0,1,1
cp_tutorial_3d_monolayer,1,16,1791319138.69159,2977920,worker_0,W010,Watershed,step_completed,success,19.35483870967742,6,31
cp_tutorial_3d_monolayer,1,16,1791319138.6919942,2977920,worker_0,W010,ResizeObjects,step_started,started,19.35483870967742,6,31
cp_tutorial_3d_monolayer,1,16,1791319138.719581,2977920,worker_0,W010,ResizeObjects,pattern_group,running,100.0,1,1
cp_tutorial_3d_monolayer,1,16,1791319138.7200546,2977920,worker_0,W010,ResizeObjects,step_completed,success,22.58064516129032,7,31
cp_tutorial_3d_monolayer,1,16,1791319138.7204876,2977920,worker_0,W010,ErodeObjects,step_started,started,22.58064516129032,7,31
cp_tutorial_3d_monolayer,1,16,1791319138.7722094,2977920,worker_0,W010,ErodeObjects,pattern_group,running,100.0,1,1
cp_tutorial_3d_monolayer,1,16,1791319138.772681,2977920,worker_0,W010,ErodeObjects,step_completed,success,25.806451612903224,8,31
cp_tutorial_3d_monolayer,1,16,1791319138.773153,2977920,worker_0,W010,ResizeObjects,step_started,started,25.806451612903224,8,31
cp_tutorial_3d_monolayer,1,16,1791319138.7976406,2977920,worker_0,W010,ResizeObjects,pattern_group,running,100.0,1,1
cp_tutorial_3d_monolayer,1,16,1791319138.7981048,2977920,worker_0,W010,ResizeObjects,step_completed,success,29.03225806451613,9,31
cp_tutorial_3d_monolayer,1,16,1791319138.7986217,2977920,worker_0,W010,ConvertObjectsToImage,step_started,started,29.03225806451613,9,31
cp_tutorial_3d_monolayer,1,16,1791319138.8179533,2977920,worker_0,W010,ConvertObjectsToImage,pattern_group,running,100.0,1,1
cp_tutorial_3d_monolayer,1,16,1791319138.8180947,2977920,worker_0,W010,ConvertObjectsToImage,step_completed,success,32.25806451612903,10,31
cp_tutorial_3d_monolayer,1,16,1791319138.8185782,2977920,worker_0,W010,Threshold,step_started,started,32.25806451612903,10,31
cp_tutorial_3d_monolayer,1,16,1791319139.0145652,2977920,worker_0,W010,Threshold,pattern_group,running,100.0,1,1
cp_tutorial_3d_monolayer,1,16,1791319139.0148103,2977920,worker_0,W010,Threshold,step_completed,success,35.483870967741936,11,31
cp_tutorial_3d_monolayer,1,16,1791319139.0151474,2977920,worker_0,W010,ImageMath,step_started,started,35.483870967741936,11,31
cp_tutorial_3d_monolayer,1,16,1791319139.0469072,2977920,worker_0,W010,ImageMath,pattern_group,running,100.0,1,1
cp_tutorial_3d_monolayer,1,16,1791319139.047061,2977920,worker_0,W010,ImageMath,step_completed,success,38.70967741935484,12,31
cp_tutorial_3d_monolayer,1,16,1791319139.0475647,2977920,worker_0,W010,RemoveHoles,step_started,started,38.70967741935484,12,31
cp_tutorial_3d_monolayer,1,16,1791319139.093627,2977920,worker_0,W010,RemoveHoles,pattern_group,running,100.0,1,1
cp_tutorial_3d_monolayer,1,16,1791319139.093771,2977920,worker_0,W010,RemoveHoles,step_completed,success,41.935483870967744,13,31
cp_tutorial_3d_monolayer,1,16,1791319139.0942526,2977920,worker_0,W010,ImageMath,step_started,started,41.935483870967744,13,31
cp_tutorial_3d_monolayer,1,16,1791319139.4222355,2977920,worker_0,W010,ImageMath,pattern_group,running,100.0,1,1
cp_tutorial_3d_monolayer,1,16,1791319139.4223917,2977920,worker_0,W010,ImageMath,step_completed,success,45.16129032258064,14,31
cp_tutorial_3d_monolayer,1,16,1791319139.4227438,2977920,worker_0,W010,Resize,step_started,started,45.16129032258064,14,31
cp_tutorial_3d_monolayer,1,16,1791319139.4824636,2977920,worker_0,W010,Resize,pattern_group,running,100.0,1,1
cp_tutorial_3d_monolayer,1,16,1791319139.482606,2977920,worker_0,W010,Resize,step_completed,success,48.38709677419355,15,31
cp_tutorial_3d_monolayer,1,16,1791319139.485756,2977920,worker_0,W010,Closing,step_started,started,48.38709677419355,15,31
cp_tutorial_3d_monolayer,1,16,1791319139.5630815,2977920,worker_0,W010,Closing,pattern_group,running,100.0,1,1
cp_tutorial_3d_monolayer,1,16,1791319139.5632176,2977920,worker_0,W010,Closing,step_completed,success,51.61290322580645,16,31
cp_tutorial_3d_monolayer,1,16,1791319139.5637405,2977920,worker_0,W010,Resize,step_started,started,51.61290322580645,16,31
cp_tutorial_3d_monolayer,1,16,1791319139.6128151,2977920,worker_0,W010,Resize,pattern_group,running,100.0,1,1
cp_tutorial_3d_monolayer,1,16,1791319139.6129568,2977920,worker_0,W010,Resize,step_completed,success,54.83870967741935,17,31
cp_tutorial_3d_monolayer,1,16,1791319139.6134667,2977920,worker_0,W010,Threshold,step_started,started,54.83870967741935,17,31
cp_tutorial_3d_monolayer,1,16,1791319139.8242977,2977920,worker_0,W010,Threshold,pattern_group,running,100.0,1,1
cp_tutorial_3d_monolayer,1,16,1791319139.824542,2977920,worker_0,W010,Threshold,step_completed,success,58.06451612903226,18,31
cp_tutorial_3d_monolayer,1,16,1791319139.8251126,2977920,worker_0,W010,MaskImage,step_started,started,58.06451612903226,18,31
cp_tutorial_3d_monolayer,1,16,1791319139.8687747,2977920,worker_0,W010,MaskImage,pattern_group,running,100.0,1,1
cp_tutorial_3d_monolayer,1,16,1791319139.8689287,2977920,worker_0,W010,MaskImage,step_completed,success,61.29032258064516,19,31
cp_tutorial_3d_monolayer,1,16,1791319139.869535,2977920,worker_0,W010,ErodeImage,step_started,started,61.29032258064516,19,31
cp_tutorial_3d_monolayer,1,16,1791319139.90279,2977920,worker_0,W010,ErodeImage,pattern_group,running,100.0,1,1
cp_tutorial_3d_monolayer,1,16,1791319139.9029338,2977920,worker_0,W010,ErodeImage,step_completed,success,64.51612903225806,20,31
cp_tutorial_3d_monolayer,1,16,1791319139.9034536,2977920,worker_0,W010,Watershed,step_started,started,64.51612903225806,20,31
cp_tutorial_3d_monolayer,1,16,1791319139.9982142,2977920,worker_0,W010,Watershed,pattern_group,running,100.0,1,1
cp_tutorial_3d_monolayer,1,16,1791319139.9986064,2977920,worker_0,W010,Watershed,step_completed,success,67.74193548387096,21,31
cp_tutorial_3d_monolayer,1,16,1791319139.9991882,2977920,worker_0,W010,MeasureObjectIntensity,step_started,started,67.74193548387096,21,31
cp_tutorial_3d_monolayer,1,16,1791319140.2452908,2977920,worker_0,W010,MeasureObjectIntensity,pattern_group,running,50.0,1,2
cp_tutorial_3d_monolayer,1,16,1791319140.5356803,2977920,worker_0,W010,MeasureObjectIntensity,pattern_group,running,100.0,2,2
cp_tutorial_3d_monolayer,1,16,1791319140.537843,2977920,worker_0,W010,MeasureObjectIntensity,step_completed,success,70.96774193548387,22,31
cp_tutorial_3d_monolayer,1,16,1791319140.5382109,2977920,worker_0,W010,MeasureObjectSizeShape,step_started,started,70.96774193548387,22,31
cp_tutorial_3d_monolayer,1,16,1791319140.632712,2977920,worker_0,W010,MeasureObjectSizeShape,pattern_group,running,50.0,1,2
cp_tutorial_3d_monolayer,1,16,1791319140.72753,2977920,worker_0,W010,MeasureObjectSizeShape,pattern_group,running,100.0,2,2
cp_tutorial_3d_monolayer,1,16,1791319140.7280903,2977920,worker_0,W010,MeasureObjectSizeShape,step_completed,success,74.19354838709677,23,31
cp_tutorial_3d_monolayer,1,16,1791319140.7284734,2977920,worker_0,W010,OverlayObjects,step_started,started,74.19354838709677,23,31
cp_tutorial_3d_monolayer,1,16,1791319140.757883,2977920,worker_0,W010,OverlayObjects,pattern_group,running,100.0,1,1
cp_tutorial_3d_monolayer,1,16,1791319140.7579994,2977920,worker_0,W010,OverlayObjects,step_completed,success,77.41935483870968,24,31
cp_tutorial_3d_monolayer,1,16,1791319140.758602,2977920,worker_0,W010,RescaleIntensity,step_started,started,77.41935483870968,24,31
cp_tutorial_3d_monolayer,1,16,1791319140.8609607,2977920,worker_0,W010,RescaleIntensity,pattern_group,running,100.0,1,1
cp_tutorial_3d_monolayer,1,16,1791319140.861117,2977920,worker_0,W010,RescaleIntensity,step_completed,success,80.64516129032258,25,31
cp_tutorial_3d_monolayer,1,16,1791319140.8614953,2977920,worker_0,W010,OverlayObjects,step_started,started,80.64516129032258,25,31
cp_tutorial_3d_monolayer,1,16,1791319140.8924673,2977920,worker_0,W010,OverlayObjects,pattern_group,running,100.0,1,1
cp_tutorial_3d_monolayer,1,16,1791319140.892568,2977920,worker_0,W010,OverlayObjects,step_completed,success,83.87096774193549,26,31
cp_tutorial_3d_monolayer,1,16,1791319140.893167,2977920,worker_0,W010,ConvertObjectsToImage,step_started,started,83.87096774193549,26,31
cp_tutorial_3d_monolayer,1,16,1791319140.9252362,2977920,worker_0,W010,ConvertObjectsToImage,pattern_group,running,100.0,1,1
cp_tutorial_3d_monolayer,1,16,1791319140.9253895,2977920,worker_0,W010,ConvertObjectsToImage,step_completed,success,87.09677419354838,27,31
cp_tutorial_3d_monolayer,1,16,1791319140.9259984,2977920,worker_0,W010,SaveImages,step_started,started,87.09677419354838,27,31
cp_tutorial_3d_monolayer,1,16,1791319140.9775813,2977920,worker_0,W010,SaveImages,pattern_group,running,100.0,1,1
cp_tutorial_3d_monolayer,1,16,1791319140.9845297,2977920,worker_0,W010,SaveImages,step_completed,success,90.32258064516128,28,31
cp_tutorial_3d_monolayer,1,16,1791319140.9851277,2977920,worker_0,W010,ConvertObjectsToImage,step_started,started,90.32258064516128,28,31
cp_tutorial_3d_monolayer,1,16,1791319141.0189886,2977920,worker_0,W010,ConvertObjectsToImage,pattern_group,running,100.0,1,1
cp_tutorial_3d_monolayer,1,16,1791319141.0191705,2977920,worker_0,W010,ConvertObjectsToImage,step_completed,success,93.54838709677419,29,31
cp_tutorial_3d_monolayer,1,16,1791319141.0197744,2977920,worker_0,W010,SaveImages,step_started,started,93.54838709677419,29,31
cp_tutorial_3d_monolayer,1,16,1791319141.0689013,2977920,worker_0,W010,SaveImages,pattern_group,running,100.0,1,1
cp_tutorial_3d_monolayer,1,16,1791319141.0755138,2977920,worker_0,W010,SaveImages,step_completed,success,96.7741935483871,30,31
cp_tutorial_3d_monolayer,1,16,1791319141.0766299,2977920,worker_0,W010,pipeline,axis_completed,success,96.7741935483871,30,31
cp_tutorial_3d_monolayer,1,16,1791319141.0766969,2977920,worker_0,W011,pipeline,axis_started,started,0.0,0,31
cp_tutorial_3d_monolayer,1,16,1791319141.0796263,2977920,worker_0,W011,RescaleIntensity,step_started,started,0.0,0,31
cp_tutorial_3d_monolayer,1,16,1791319141.359567,2977920,worker_0,W011,RescaleIntensity,pattern_group,running,100.0,1,1
cp_tutorial_3d_monolayer,1,16,1791319141.3597019,2977920,worker_0,W011,RescaleIntensity,step_completed,success,3.225806451612903,1,31
cp_tutorial_3d_monolayer,1,16,1791319141.3599894,2977920,worker_0,W011,Resize,step_started,started,3.225806451612903,1,31
cp_tutorial_3d_monolayer,1,16,1791319141.4162676,2977920,worker_0,W011,Resize,pattern_group,running,100.0,1,1
cp_tutorial_3d_monolayer,1,16,1791319141.4164162,2977920,worker_0,W011,Resize,step_completed,success,6.451612903225806,2,31
cp_tutorial_3d_monolayer,1,16,1791319141.416708,2977920,worker_0,W011,MedianFilter,step_started,started,6.451612903225806,2,31
cp_tutorial_3d_monolayer,1,16,1791319141.5824192,2977920,worker_0,W011,MedianFilter,pattern_group,running,100.0,1,1
cp_tutorial_3d_monolayer,1,16,1791319141.5825562,2977920,worker_0,W011,MedianFilter,step_completed,success,9.67741935483871,3,31
cp_tutorial_3d_monolayer,1,16,1791319141.583349,2977920,worker_0,W011,Threshold,step_started,started,9.67741935483871,3,31
cp_tutorial_3d_monolayer,1,16,1791319141.6200519,2977920,worker_0,W011,Threshold,pattern_group,running,100.0,1,1
cp_tutorial_3d_monolayer,1,16,1791319141.620406,2977920,worker_0,W011,Threshold,step_completed,success,12.903225806451612,4,31
cp_tutorial_3d_monolayer,1,16,1791319141.62097,2977920,worker_0,W011,RemoveHoles,step_started,started,12.903225806451612,4,31
cp_tutorial_3d_monolayer,1,16,1791319141.6372535,2977920,worker_0,W011,RemoveHoles,pattern_group,running,100.0,1,1
cp_tutorial_3d_monolayer,1,16,1791319141.6374023,2977920,worker_0,W011,RemoveHoles,step_completed,success,16.129032258064516,5,31
cp_tutorial_3d_monolayer,1,16,1791319141.6377733,2977920,worker_0,W011,Watershed,step_started,started,16.129032258064516,5,31
cp_tutorial_3d_monolayer,1,16,1791319141.7242322,2977920,worker_0,W011,Watershed,pattern_group,running,100.0,1,1
cp_tutorial_3d_monolayer,1,16,1791319141.724622,2977920,worker_0,W011,Watershed,step_completed,success,19.35483870967742,6,31
cp_tutorial_3d_monolayer,1,16,1791319141.725021,2977920,worker_0,W011,ResizeObjects,step_started,started,19.35483870967742,6,31
cp_tutorial_3d_monolayer,1,16,1791319141.7522385,2977920,worker_0,W011,ResizeObjects,pattern_group,running,100.0,1,1
cp_tutorial_3d_monolayer,1,16,1791319141.7527108,2977920,worker_0,W011,ResizeObjects,step_completed,success,22.58064516129032,7,31
cp_tutorial_3d_monolayer,1,16,1791319141.7531357,2977920,worker_0,W011,ErodeObjects,step_started,started,22.58064516129032,7,31
cp_tutorial_3d_monolayer,1,16,1791319141.8032475,2977920,worker_0,W011,ErodeObjects,pattern_group,running,100.0,1,1
cp_tutorial_3d_monolayer,1,16,1791319141.8037155,2977920,worker_0,W011,ErodeObjects,step_completed,success,25.806451612903224,8,31
cp_tutorial_3d_monolayer,1,16,1791319141.8041897,2977920,worker_0,W011,ResizeObjects,step_started,started,25.806451612903224,8,31
cp_tutorial_3d_monolayer,1,16,1791319141.8280928,2977920,worker_0,W011,ResizeObjects,pattern_group,running,100.0,1,1
cp_tutorial_3d_monolayer,1,16,1791319141.8285642,2977920,worker_0,W011,ResizeObjects,step_completed,success,29.03225806451613,9,31
cp_tutorial_3d_monolayer,1,16,1791319141.8290663,2977920,worker_0,W011,ConvertObjectsToImage,step_started,started,29.03225806451613,9,31
cp_tutorial_3d_monolayer,1,16,1791319141.8476548,2977920,worker_0,W011,ConvertObjectsToImage,pattern_group,running,100.0,1,1
cp_tutorial_3d_monolayer,1,16,1791319141.847799,2977920,worker_0,W011,ConvertObjectsToImage,step_completed,success,32.25806451612903,10,31
cp_tutorial_3d_monolayer,1,16,1791319141.8482547,2977920,worker_0,W011,Threshold,step_started,started,32.25806451612903,10,31
cp_tutorial_3d_monolayer,1,16,1791319142.041685,2977920,worker_0,W011,Threshold,pattern_group,running,100.0,1,1
cp_tutorial_3d_monolayer,1,16,1791319142.0419426,2977920,worker_0,W011,Threshold,step_completed,success,35.483870967741936,11,31
cp_tutorial_3d_monolayer,1,16,1791319142.0422964,2977920,worker_0,W011,ImageMath,step_started,started,35.483870967741936,11,31
cp_tutorial_3d_monolayer,1,16,1791319142.074374,2977920,worker_0,W011,ImageMath,pattern_group,running,100.0,1,1
cp_tutorial_3d_monolayer,1,16,1791319142.0745218,2977920,worker_0,W011,ImageMath,step_completed,success,38.70967741935484,12,31
cp_tutorial_3d_monolayer,1,16,1791319142.0750077,2977920,worker_0,W011,RemoveHoles,step_started,started,38.70967741935484,12,31
cp_tutorial_3d_monolayer,1,16,1791319142.1204858,2977920,worker_0,W011,RemoveHoles,pattern_group,running,100.0,1,1
cp_tutorial_3d_monolayer,1,16,1791319142.1206324,2977920,worker_0,W011,RemoveHoles,step_completed,success,41.935483870967744,13,31
cp_tutorial_3d_monolayer,1,16,1791319142.1211212,2977920,worker_0,W011,ImageMath,step_started,started,41.935483870967744,13,31
cp_tutorial_3d_monolayer,1,16,1791319142.411373,2977920,worker_0,W011,ImageMath,pattern_group,running,100.0,1,1
cp_tutorial_3d_monolayer,1,16,1791319142.4115348,2977920,worker_0,W011,ImageMath,step_completed,success,45.16129032258064,14,31
cp_tutorial_3d_monolayer,1,16,1791319142.411894,2977920,worker_0,W011,Resize,step_started,started,45.16129032258064,14,31
cp_tutorial_3d_monolayer,1,16,1791319142.4730673,2977920,worker_0,W011,Resize,pattern_group,running,100.0,1,1
cp_tutorial_3d_monolayer,1,16,1791319142.4732132,2977920,worker_0,W011,Resize,step_completed,success,48.38709677419355,15,31
cp_tutorial_3d_monolayer,1,16,1791319142.4757102,2977920,worker_0,W011,Closing,step_started,started,48.38709677419355,15,31
cp_tutorial_3d_monolayer,1,16,1791319142.5539901,2977920,worker_0,W011,Closing,pattern_group,running,100.0,1,1
cp_tutorial_3d_monolayer,1,16,1791319142.5541315,2977920,worker_0,W011,Closing,step_completed,success,51.61290322580645,16,31
cp_tutorial_3d_monolayer,1,16,1791319142.5546346,2977920,worker_0,W011,Resize,step_started,started,51.61290322580645,16,31
cp_tutorial_3d_monolayer,1,16,1791319142.6037457,2977920,worker_0,W011,Resize,pattern_group,running,100.0,1,1
cp_tutorial_3d_monolayer,1,16,1791319142.6038902,2977920,worker_0,W011,Resize,step_completed,success,54.83870967741935,17,31
cp_tutorial_3d_monolayer,1,16,1791319142.6043985,2977920,worker_0,W011,Threshold,step_started,started,54.83870967741935,17,31
cp_tutorial_3d_monolayer,1,16,1791319142.9209635,2977920,worker_0,W011,Threshold,pattern_group,running,100.0,1,1
cp_tutorial_3d_monolayer,1,16,1791319142.9212039,2977920,worker_0,W011,Threshold,step_completed,success,58.06451612903226,18,31
cp_tutorial_3d_monolayer,1,16,1791319142.9217243,2977920,worker_0,W011,MaskImage,step_started,started,58.06451612903226,18,31
cp_tutorial_3d_monolayer,1,16,1791319142.965576,2977920,worker_0,W011,MaskImage,pattern_group,running,100.0,1,1
cp_tutorial_3d_monolayer,1,16,1791319142.9657307,2977920,worker_0,W011,MaskImage,step_completed,success,61.29032258064516,19,31
cp_tutorial_3d_monolayer,1,16,1791319142.9663405,2977920,worker_0,W011,ErodeImage,step_started,started,61.29032258064516,19,31
cp_tutorial_3d_monolayer,1,16,1791319142.9992542,2977920,worker_0,W011,ErodeImage,pattern_group,running,100.0,1,1
cp_tutorial_3d_monolayer,1,16,1791319142.999405,2977920,worker_0,W011,ErodeImage,step_completed,success,64.51612903225806,20,31
cp_tutorial_3d_monolayer,1,16,1791319142.999918,2977920,worker_0,W011,Watershed,step_started,started,64.51612903225806,20,31
cp_tutorial_3d_monolayer,1,16,1791319143.1087914,2977920,worker_0,W011,Watershed,pattern_group,running,100.0,1,1
cp_tutorial_3d_monolayer,1,16,1791319143.10918,2977920,worker_0,W011,Watershed,step_completed,success,67.74193548387096,21,31
cp_tutorial_3d_monolayer,1,16,1791319143.1097813,2977920,worker_0,W011,MeasureObjectIntensity,step_started,started,67.74193548387096,21,31
cp_tutorial_3d_monolayer,1,16,1791319143.3622108,2977920,worker_0,W011,MeasureObjectIntensity,pattern_group,running,50.0,1,2
cp_tutorial_3d_monolayer,1,16,1791319143.6718493,2977920,worker_0,W011,MeasureObjectIntensity,pattern_group,running,100.0,2,2
cp_tutorial_3d_monolayer,1,16,1791319143.6740189,2977920,worker_0,W011,MeasureObjectIntensity,step_completed,success,70.96774193548387,22,31
cp_tutorial_3d_monolayer,1,16,1791319143.674398,2977920,worker_0,W011,MeasureObjectSizeShape,step_started,started,70.96774193548387,22,31
cp_tutorial_3d_monolayer,1,16,1791319143.7693293,2977920,worker_0,W011,MeasureObjectSizeShape,pattern_group,running,50.0,1,2
cp_tutorial_3d_monolayer,1,16,1791319143.863913,2977920,worker_0,W011,MeasureObjectSizeShape,pattern_group,running,100.0,2,2
cp_tutorial_3d_monolayer,1,16,1791319143.8645177,2977920,worker_0,W011,MeasureObjectSizeShape,step_completed,success,74.19354838709677,23,31
cp_tutorial_3d_monolayer,1,16,1791319143.8648958,2977920,worker_0,W011,OverlayObjects,step_started,started,74.19354838709677,23,31
cp_tutorial_3d_monolayer,1,16,1791319143.8989475,2977920,worker_0,W011,OverlayObjects,pattern_group,running,100.0,1,1
cp_tutorial_3d_monolayer,1,16,1791319143.8990703,2977920,worker_0,W011,OverlayObjects,step_completed,success,77.41935483870968,24,31
cp_tutorial_3d_monolayer,1,16,1791319143.8996675,2977920,worker_0,W011,RescaleIntensity,step_started,started,77.41935483870968,24,31
cp_tutorial_3d_monolayer,1,16,1791319144.0034826,2977920,worker_0,W011,RescaleIntensity,pattern_group,running,100.0,1,1
cp_tutorial_3d_monolayer,1,16,1791319144.0036366,2977920,worker_0,W011,RescaleIntensity,step_completed,success,80.64516129032258,25,31
cp_tutorial_3d_monolayer,1,16,1791319144.004,2977920,worker_0,W011,OverlayObjects,step_started,started,80.64516129032258,25,31
cp_tutorial_3d_monolayer,1,16,1791319144.0356038,2977920,worker_0,W011,OverlayObjects,pattern_group,running,100.0,1,1
cp_tutorial_3d_monolayer,1,16,1791319144.0357053,2977920,worker_0,W011,OverlayObjects,step_completed,success,83.87096774193549,26,31
cp_tutorial_3d_monolayer,1,16,1791319144.0362988,2977920,worker_0,W011,ConvertObjectsToImage,step_started,started,83.87096774193549,26,31
cp_tutorial_3d_monolayer,1,16,1791319144.0686169,2977920,worker_0,W011,ConvertObjectsToImage,pattern_group,running,100.0,1,1
cp_tutorial_3d_monolayer,1,16,1791319144.0687652,2977920,worker_0,W011,ConvertObjectsToImage,step_completed,success,87.09677419354838,27,31
cp_tutorial_3d_monolayer,1,16,1791319144.0693526,2977920,worker_0,W011,SaveImages,step_started,started,87.09677419354838,27,31
cp_tutorial_3d_monolayer,1,16,1791319144.1177924,2977920,worker_0,W011,SaveImages,pattern_group,running,100.0,1,1
cp_tutorial_3d_monolayer,1,16,1791319144.124766,2977920,worker_0,W011,SaveImages,step_completed,success,90.32258064516128,28,31
cp_tutorial_3d_monolayer,1,16,1791319144.1253908,2977920,worker_0,W011,ConvertObjectsToImage,step_started,started,90.32258064516128,28,31
cp_tutorial_3d_monolayer,1,16,1791319144.157569,2977920,worker_0,W011,ConvertObjectsToImage,pattern_group,running,100.0,1,1
cp_tutorial_3d_monolayer,1,16,1791319144.1577442,2977920,worker_0,W011,ConvertObjectsToImage,step_completed,success,93.54838709677419,29,31
cp_tutorial_3d_monolayer,1,16,1791319144.1583304,2977920,worker_0,W011,SaveImages,step_started,started,93.54838709677419,29,31
cp_tutorial_3d_monolayer,1,16,1791319144.2084937,2977920,worker_0,W011,SaveImages,pattern_group,running,100.0,1,1
cp_tutorial_3d_monolayer,1,16,1791319144.2152245,2977920,worker_0,W011,SaveImages,step_completed,success,96.7741935483871,30,31
cp_tutorial_3d_monolayer,1,16,1791319144.216338,2977920,worker_0,W011,pipeline,axis_completed,success,96.7741935483871,30,31
cp_tutorial_3d_monolayer,1,16,1791319144.2164068,2977920,worker_0,W012,pipeline,axis_started,started,0.0,0,31
cp_tutorial_3d_monolayer,1,16,1791319144.2194383,2977920,worker_0,W012,RescaleIntensity,step_started,started,0.0,0,31
cp_tutorial_3d_monolayer,1,16,1791319144.6497083,2977920,worker_0,W012,RescaleIntensity,pattern_group,running,100.0,1,1
cp_tutorial_3d_monolayer,1,16,1791319144.6498559,2977920,worker_0,W012,RescaleIntensity,step_completed,success,3.225806451612903,1,31
cp_tutorial_3d_monolayer,1,16,1791319144.650144,2977920,worker_0,W012,Resize,step_started,started,3.225806451612903,1,31
cp_tutorial_3d_monolayer,1,16,1791319144.7057765,2977920,worker_0,W012,Resize,pattern_group,running,100.0,1,1
cp_tutorial_3d_monolayer,1,16,1791319144.7059233,2977920,worker_0,W012,Resize,step_completed,success,6.451612903225806,2,31
cp_tutorial_3d_monolayer,1,16,1791319144.7062228,2977920,worker_0,W012,MedianFilter,step_started,started,6.451612903225806,2,31
cp_tutorial_3d_monolayer,1,16,1791319144.871465,2977920,worker_0,W012,MedianFilter,pattern_group,running,100.0,1,1
cp_tutorial_3d_monolayer,1,16,1791319144.8716018,2977920,worker_0,W012,MedianFilter,step_completed,success,9.67741935483871,3,31
cp_tutorial_3d_monolayer,1,16,1791319144.871954,2977920,worker_0,W012,Threshold,step_started,started,9.67741935483871,3,31
cp_tutorial_3d_monolayer,1,16,1791319144.9096322,2977920,worker_0,W012,Threshold,pattern_group,running,100.0,1,1
cp_tutorial_3d_monolayer,1,16,1791319144.9099998,2977920,worker_0,W012,Threshold,step_completed,success,12.903225806451612,4,31
cp_tutorial_3d_monolayer,1,16,1791319144.910387,2977920,worker_0,W012,RemoveHoles,step_started,started,12.903225806451612,4,31
cp_tutorial_3d_monolayer,1,16,1791319144.926897,2977920,worker_0,W012,RemoveHoles,pattern_group,running,100.0,1,1
cp_tutorial_3d_monolayer,1,16,1791319144.9270375,2977920,worker_0,W012,RemoveHoles,step_completed,success,16.129032258064516,5,31
cp_tutorial_3d_monolayer,1,16,1791319144.9274108,2977920,worker_0,W012,Watershed,step_started,started,16.129032258064516,5,31
cp_tutorial_3d_monolayer,1,16,1791319145.0150106,2977920,worker_0,W012,Watershed,pattern_group,running,100.0,1,1
cp_tutorial_3d_monolayer,1,16,1791319145.0154,2977920,worker_0,W012,Watershed,step_completed,success,19.35483870967742,6,31
cp_tutorial_3d_monolayer,1,16,1791319145.0157971,2977920,worker_0,W012,ResizeObjects,step_started,started,19.35483870967742,6,31
cp_tutorial_3d_monolayer,1,16,1791319145.0421026,2977920,worker_0,W012,ResizeObjects,pattern_group,running,100.0,1,1
cp_tutorial_3d_monolayer,1,16,1791319145.0425746,2977920,worker_0,W012,ResizeObjects,step_completed,success,22.58064516129032,7,31
cp_tutorial_3d_monolayer,1,16,1791319145.042996,2977920,worker_0,W012,ErodeObjects,step_started,started,22.58064516129032,7,31
cp_tutorial_3d_monolayer,1,16,1791319145.0938191,2977920,worker_0,W012,ErodeObjects,pattern_group,running,100.0,1,1
cp_tutorial_3d_monolayer,1,16,1791319145.0942836,2977920,worker_0,W012,ErodeObjects,step_completed,success,25.806451612903224,8,31
cp_tutorial_3d_monolayer,1,16,1791319145.094753,2977920,worker_0,W012,ResizeObjects,step_started,started,25.806451612903224,8,31
cp_tutorial_3d_monolayer,1,16,1791319145.118495,2977920,worker_0,W012,ResizeObjects,pattern_group,running,100.0,1,1
cp_tutorial_3d_monolayer,1,16,1791319145.11896,2977920,worker_0,W012,ResizeObjects,step_completed,success,29.03225806451613,9,31
cp_tutorial_3d_monolayer,1,16,1791319145.1194675,2977920,worker_0,W012,ConvertObjectsToImage,step_started,started,29.03225806451613,9,31
cp_tutorial_3d_monolayer,1,16,1791319145.139152,2977920,worker_0,W012,ConvertObjectsToImage,pattern_group,running,100.0,1,1
cp_tutorial_3d_monolayer,1,16,1791319145.1393073,2977920,worker_0,W012,ConvertObjectsToImage,step_completed,success,32.25806451612903,10,31
cp_tutorial_3d_monolayer,1,16,1791319145.139767,2977920,worker_0,W012,Threshold,step_started,started,32.25806451612903,10,31
cp_tutorial_3d_monolayer,1,16,1791319145.331566,2977920,worker_0,W012,Threshold,pattern_group,running,100.0,1,1
cp_tutorial_3d_monolayer,1,16,1791319145.3318195,2977920,worker_0,W012,Threshold,step_completed,success,35.483870967741936,11,31
cp_tutorial_3d_monolayer,1,16,1791319145.3321579,2977920,worker_0,W012,ImageMath,step_started,started,35.483870967741936,11,31
cp_tutorial_3d_monolayer,1,16,1791319145.3634477,2977920,worker_0,W012,ImageMath,pattern_group,running,100.0,1,1
cp_tutorial_3d_monolayer,1,16,1791319145.3636022,2977920,worker_0,W012,ImageMath,step_completed,success,38.70967741935484,12,31
cp_tutorial_3d_monolayer,1,16,1791319145.364091,2977920,worker_0,W012,RemoveHoles,step_started,started,38.70967741935484,12,31
cp_tutorial_3d_monolayer,1,16,1791319145.410126,2977920,worker_0,W012,RemoveHoles,pattern_group,running,100.0,1,1
cp_tutorial_3d_monolayer,1,16,1791319145.4102776,2977920,worker_0,W012,RemoveHoles,step_completed,success,41.935483870967744,13,31
cp_tutorial_3d_monolayer,1,16,1791319145.4107654,2977920,worker_0,W012,ImageMath,step_started,started,41.935483870967744,13,31
cp_tutorial_3d_monolayer,1,16,1791319145.710028,2977920,worker_0,W012,ImageMath,pattern_group,running,100.0,1,1
cp_tutorial_3d_monolayer,1,16,1791319145.7101688,2977920,worker_0,W012,ImageMath,step_completed,success,45.16129032258064,14,31
cp_tutorial_3d_monolayer,1,16,1791319145.7105367,2977920,worker_0,W012,Resize,step_started,started,45.16129032258064,14,31
cp_tutorial_3d_monolayer,1,16,1791319145.7698948,2977920,worker_0,W012,Resize,pattern_group,running,100.0,1,1
cp_tutorial_3d_monolayer,1,16,1791319145.770036,2977920,worker_0,W012,Resize,step_completed,success,48.38709677419355,15,31
cp_tutorial_3d_monolayer,1,16,1791319145.7742264,2977920,worker_0,W012,Closing,step_started,started,48.38709677419355,15,31
cp_tutorial_3d_monolayer,1,16,1791319145.8515325,2977920,worker_0,W012,Closing,pattern_group,running,100.0,1,1
cp_tutorial_3d_monolayer,1,16,1791319145.851673,2977920,worker_0,W012,Closing,step_completed,success,51.61290322580645,16,31
cp_tutorial_3d_monolayer,1,16,1791319145.852175,2977920,worker_0,W012,Resize,step_started,started,51.61290322580645,16,31
cp_tutorial_3d_monolayer,1,16,1791319145.903211,2977920,worker_0,W012,Resize,pattern_group,running,100.0,1,1
cp_tutorial_3d_monolayer,1,16,1791319145.9033692,2977920,worker_0,W012,Resize,step_completed,success,54.83870967741935,17,31
cp_tutorial_3d_monolayer,1,16,1791319145.9039006,2977920,worker_0,W012,Threshold,step_started,started,54.83870967741935,17,31
cp_tutorial_3d_monolayer,1,16,1791319146.183306,2977920,worker_0,W012,Threshold,pattern_group,running,100.0,1,1
cp_tutorial_3d_monolayer,1,16,1791319146.183551,2977920,worker_0,W012,Threshold,step_completed,success,58.06451612903226,18,31
cp_tutorial_3d_monolayer,1,16,1791319146.18407,2977920,worker_0,W012,MaskImage,step_started,started,58.06451612903226,18,31
cp_tutorial_3d_monolayer,1,16,1791319146.2275758,2977920,worker_0,W012,MaskImage,pattern_group,running,100.0,1,1
cp_tutorial_3d_monolayer,1,16,1791319146.227731,2977920,worker_0,W012,MaskImage,step_completed,success,61.29032258064516,19,31
cp_tutorial_3d_monolayer,1,16,1791319146.228336,2977920,worker_0,W012,ErodeImage,step_started,started,61.29032258064516,19,31
cp_tutorial_3d_monolayer,1,16,1791319146.2612438,2977920,worker_0,W012,ErodeImage,pattern_group,running,100.0,1,1
cp_tutorial_3d_monolayer,1,16,1791319146.261396,2977920,worker_0,W012,ErodeImage,step_completed,success,64.51612903225806,20,31
cp_tutorial_3d_monolayer,1,16,1791319146.2619245,2977920,worker_0,W012,Watershed,step_started,started,64.51612903225806,20,31
cp_tutorial_3d_monolayer,1,16,1791319146.368703,2977920,worker_0,W012,Watershed,pattern_group,running,100.0,1,1
cp_tutorial_3d_monolayer,1,16,1791319146.369095,2977920,worker_0,W012,Watershed,step_completed,success,67.74193548387096,21,31
cp_tutorial_3d_monolayer,1,16,1791319146.3696885,2977920,worker_0,W012,MeasureObjectIntensity,step_started,started,67.74193548387096,21,31
cp_tutorial_3d_monolayer,1,16,1791319146.6436458,2977920,worker_0,W012,MeasureObjectIntensity,pattern_group,running,50.0,1,2
cp_tutorial_3d_monolayer,1,16,1791319146.9706414,2977920,worker_0,W012,MeasureObjectIntensity,pattern_group,running,100.0,2,2
cp_tutorial_3d_monolayer,1,16,1791319146.9727945,2977920,worker_0,W012,MeasureObjectIntensity,step_completed,success,70.96774193548387,22,31
cp_tutorial_3d_monolayer,1,16,1791319146.973164,2977920,worker_0,W012,MeasureObjectSizeShape,step_started,started,70.96774193548387,22,31
cp_tutorial_3d_monolayer,1,16,1791319147.0667984,2977920,worker_0,W012,MeasureObjectSizeShape,pattern_group,running,50.0,1,2
cp_tutorial_3d_monolayer,1,16,1791319147.161583,2977920,worker_0,W012,MeasureObjectSizeShape,pattern_group,running,100.0,2,2
cp_tutorial_3d_monolayer,1,16,1791319147.1621766,2977920,worker_0,W012,MeasureObjectSizeShape,step_completed,success,74.19354838709677,23,31
cp_tutorial_3d_monolayer,1,16,1791319147.1625957,2977920,worker_0,W012,OverlayObjects,step_started,started,74.19354838709677,23,31
cp_tutorial_3d_monolayer,1,16,1791319147.2020864,2977920,worker_0,W012,OverlayObjects,pattern_group,running,100.0,1,1
cp_tutorial_3d_monolayer,1,16,1791319147.2022016,2977920,worker_0,W012,OverlayObjects,step_completed,success,77.41935483870968,24,31
cp_tutorial_3d_monolayer,1,16,1791319147.202788,2977920,worker_0,W012,RescaleIntensity,step_started,started,77.41935483870968,24,31
cp_tutorial_3d_monolayer,1,16,1791319147.3034616,2977920,worker_0,W012,RescaleIntensity,pattern_group,running,100.0,1,1
cp_tutorial_3d_monolayer,1,16,1791319147.3036008,2977920,worker_0,W012,RescaleIntensity,step_completed,success,80.64516129032258,25,31
cp_tutorial_3d_monolayer,1,16,1791319147.3039625,2977920,worker_0,W012,OverlayObjects,step_started,started,80.64516129032258,25,31
cp_tutorial_3d_monolayer,1,16,1791319147.3405623,2977920,worker_0,W012,OverlayObjects,pattern_group,running,100.0,1,1
cp_tutorial_3d_monolayer,1,16,1791319147.3406599,2977920,worker_0,W012,OverlayObjects,step_completed,success,83.87096774193549,26,31
cp_tutorial_3d_monolayer,1,16,1791319147.3412476,2977920,worker_0,W012,ConvertObjectsToImage,step_started,started,83.87096774193549,26,31
cp_tutorial_3d_monolayer,1,16,1791319147.3729897,2977920,worker_0,W012,ConvertObjectsToImage,pattern_group,running,100.0,1,1
cp_tutorial_3d_monolayer,1,16,1791319147.3731267,2977920,worker_0,W012,ConvertObjectsToImage,step_completed,success,87.09677419354838,27,31
cp_tutorial_3d_monolayer,1,16,1791319147.3737082,2977920,worker_0,W012,SaveImages,step_started,started,87.09677419354838,27,31
cp_tutorial_3d_monolayer,1,16,1791319147.4222274,2977920,worker_0,W012,SaveImages,pattern_group,running,100.0,1,1
cp_tutorial_3d_monolayer,1,16,1791319147.4290528,2977920,worker_0,W012,SaveImages,step_completed,success,90.32258064516128,28,31
cp_tutorial_3d_monolayer,1,16,1791319147.4296691,2977920,worker_0,W012,ConvertObjectsToImage,step_started,started,90.32258064516128,28,31
cp_tutorial_3d_monolayer,1,16,1791319147.4628308,2977920,worker_0,W012,ConvertObjectsToImage,pattern_group,running,100.0,1,1
cp_tutorial_3d_monolayer,1,16,1791319147.4630313,2977920,worker_0,W012,ConvertObjectsToImage,step_completed,success,93.54838709677419,29,31
cp_tutorial_3d_monolayer,1,16,1791319147.4636497,2977920,worker_0,W012,SaveImages,step_started,started,93.54838709677419,29,31
cp_tutorial_3d_monolayer,1,16,1791319147.5151873,2977920,worker_0,W012,SaveImages,pattern_group,running,100.0,1,1
cp_tutorial_3d_monolayer,1,16,1791319147.5225055,2977920,worker_0,W012,SaveImages,step_completed,success,96.7741935483871,30,31
cp_tutorial_3d_monolayer,1,16,1791319147.5236454,2977920,worker_0,W012,pipeline,axis_completed,success,96.7741935483871,30,31
cp_tutorial_3d_monolayer,1,16,1791319147.5237129,2977920,worker_0,W013,pipeline,axis_started,started,0.0,0,31
cp_tutorial_3d_monolayer,1,16,1791319147.5266273,2977920,worker_0,W013,RescaleIntensity,step_started,started,0.0,0,31
cp_tutorial_3d_monolayer,1,16,1791319147.80293,2977920,worker_0,W013,RescaleIntensity,pattern_group,running,100.0,1,1
cp_tutorial_3d_monolayer,1,16,1791319147.803074,2977920,worker_0,W013,RescaleIntensity,step_completed,success,3.225806451612903,1,31
cp_tutorial_3d_monolayer,1,16,1791319147.80337,2977920,worker_0,W013,Resize,step_started,started,3.225806451612903,1,31
cp_tutorial_3d_monolayer,1,16,1791319147.8590674,2977920,worker_0,W013,Resize,pattern_group,running,100.0,1,1
cp_tutorial_3d_monolayer,1,16,1791319147.8592074,2977920,worker_0,W013,Resize,step_completed,success,6.451612903225806,2,31
cp_tutorial_3d_monolayer,1,16,1791319147.8595052,2977920,worker_0,W013,MedianFilter,step_started,started,6.451612903225806,2,31
cp_tutorial_3d_monolayer,1,16,1791319148.024934,2977920,worker_0,W013,MedianFilter,pattern_group,running,100.0,1,1
cp_tutorial_3d_monolayer,1,16,1791319148.0250726,2977920,worker_0,W013,MedianFilter,step_completed,success,9.67741935483871,3,31
cp_tutorial_3d_monolayer,1,16,1791319148.0254323,2977920,worker_0,W013,Threshold,step_started,started,9.67741935483871,3,31
cp_tutorial_3d_monolayer,1,16,1791319148.0620575,2977920,worker_0,W013,Threshold,pattern_group,running,100.0,1,1
cp_tutorial_3d_monolayer,1,16,1791319148.0623128,2977920,worker_0,W013,Threshold,step_completed,success,12.903225806451612,4,31
cp_tutorial_3d_monolayer,1,16,1791319148.063124,2977920,worker_0,W013,RemoveHoles,step_started,started,12.903225806451612,4,31
cp_tutorial_3d_monolayer,1,16,1791319148.0792413,2977920,worker_0,W013,RemoveHoles,pattern_group,running,100.0,1,1
cp_tutorial_3d_monolayer,1,16,1791319148.079395,2977920,worker_0,W013,RemoveHoles,step_completed,success,16.129032258064516,5,31
cp_tutorial_3d_monolayer,1,16,1791319148.0797703,2977920,worker_0,W013,Watershed,step_started,started,16.129032258064516,5,31
cp_tutorial_3d_monolayer,1,16,1791319148.1662273,2977920,worker_0,W013,Watershed,pattern_group,running,100.0,1,1
cp_tutorial_3d_monolayer,1,16,1791319148.1666403,2977920,worker_0,W013,Watershed,step_completed,success,19.35483870967742,6,31
cp_tutorial_3d_monolayer,1,16,1791319148.1670496,2977920,worker_0,W013,ResizeObjects,step_started,started,19.35483870967742,6,31
cp_tutorial_3d_monolayer,1,16,1791319148.1956718,2977920,worker_0,W013,ResizeObjects,pattern_group,running,100.0,1,1
cp_tutorial_3d_monolayer,1,16,1791319148.1961243,2977920,worker_0,W013,ResizeObjects,step_completed,success,22.58064516129032,7,31
cp_tutorial_3d_monolayer,1,16,1791319148.1965563,2977920,worker_0,W013,ErodeObjects,step_started,started,22.58064516129032,7,31
cp_tutorial_3d_monolayer,1,16,1791319148.2467082,2977920,worker_0,W013,ErodeObjects,pattern_group,running,100.0,1,1
cp_tutorial_3d_monolayer,1,16,1791319148.2471697,2977920,worker_0,W013,ErodeObjects,step_completed,success,25.806451612903224,8,31
cp_tutorial_3d_monolayer,1,16,1791319148.2476604,2977920,worker_0,W013,ResizeObjects,step_started,started,25.806451612903224,8,31
cp_tutorial_3d_monolayer,1,16,1791319148.2715313,2977920,worker_0,W013,ResizeObjects,pattern_group,running,100.0,1,1
cp_tutorial_3d_monolayer,1,16,1791319148.2719982,2977920,worker_0,W013,ResizeObjects,step_completed,success,29.03225806451613,9,31
cp_tutorial_3d_monolayer,1,16,1791319148.2725053,2977920,worker_0,W013,ConvertObjectsToImage,step_started,started,29.03225806451613,9,31
cp_tutorial_3d_monolayer,1,16,1791319148.2911804,2977920,worker_0,W013,ConvertObjectsToImage,pattern_group,running,100.0,1,1
cp_tutorial_3d_monolayer,1,16,1791319148.291332,2977920,worker_0,W013,ConvertObjectsToImage,step_completed,success,32.25806451612903,10,31
cp_tutorial_3d_monolayer,1,16,1791319148.2917962,2977920,worker_0,W013,Threshold,step_started,started,32.25806451612903,10,31
cp_tutorial_3d_monolayer,1,16,1791319148.484752,2977920,worker_0,W013,Threshold,pattern_group,running,100.0,1,1
cp_tutorial_3d_monolayer,1,16,1791319148.485009,2977920,worker_0,W013,Threshold,step_completed,success,35.483870967741936,11,31
cp_tutorial_3d_monolayer,1,16,1791319148.4853652,2977920,worker_0,W013,ImageMath,step_started,started,35.483870967741936,11,31
cp_tutorial_3d_monolayer,1,16,1791319148.5167644,2977920,worker_0,W013,ImageMath,pattern_group,running,100.0,1,1
cp_tutorial_3d_monolayer,1,16,1791319148.516919,2977920,worker_0,W013,ImageMath,step_completed,success,38.70967741935484,12,31
cp_tutorial_3d_monolayer,1,16,1791319148.5174227,2977920,worker_0,W013,RemoveHoles,step_started,started,38.70967741935484,12,31
cp_tutorial_3d_monolayer,1,16,1791319148.5630407,2977920,worker_0,W013,RemoveHoles,pattern_group,running,100.0,1,1
cp_tutorial_3d_monolayer,1,16,1791319148.5631905,2977920,worker_0,W013,RemoveHoles,step_completed,success,41.935483870967744,13,31
cp_tutorial_3d_monolayer,1,16,1791319148.5636854,2977920,worker_0,W013,ImageMath,step_started,started,41.935483870967744,13,31
cp_tutorial_3d_monolayer,1,16,1791319148.9094086,2977920,worker_0,W013,ImageMath,pattern_group,running,100.0,1,1
cp_tutorial_3d_monolayer,1,16,1791319148.9095578,2977920,worker_0,W013,ImageMath,step_completed,success,45.16129032258064,14,31
cp_tutorial_3d_monolayer,1,16,1791319148.9099023,2977920,worker_0,W013,Resize,step_started,started,45.16129032258064,14,31
cp_tutorial_3d_monolayer,1,16,1791319148.9691994,2977920,worker_0,W013,Resize,pattern_group,running,100.0,1,1
cp_tutorial_3d_monolayer,1,16,1791319148.9693458,2977920,worker_0,W013,Resize,step_completed,success,48.38709677419355,15,31
cp_tutorial_3d_monolayer,1,16,1791319148.9739661,2977920,worker_0,W013,Closing,step_started,started,48.38709677419355,15,31
cp_tutorial_3d_monolayer,1,16,1791319149.050691,2977920,worker_0,W013,Closing,pattern_group,running,100.0,1,1
cp_tutorial_3d_monolayer,1,16,1791319149.0508308,2977920,worker_0,W013,Closing,step_completed,success,51.61290322580645,16,31
cp_tutorial_3d_monolayer,1,16,1791319149.0513313,2977920,worker_0,W013,Resize,step_started,started,51.61290322580645,16,31
cp_tutorial_3d_monolayer,1,16,1791319149.0999663,2977920,worker_0,W013,Resize,pattern_group,running,100.0,1,1
cp_tutorial_3d_monolayer,1,16,1791319149.1001072,2977920,worker_0,W013,Resize,step_completed,success,54.83870967741935,17,31
cp_tutorial_3d_monolayer,1,16,1791319149.100613,2977920,worker_0,W013,Threshold,step_started,started,54.83870967741935,17,31
cp_tutorial_3d_monolayer,1,16,1791319149.4093194,2977920,worker_0,W013,Threshold,pattern_group,running,100.0,1,1
cp_tutorial_3d_monolayer,1,16,1791319149.4095573,2977920,worker_0,W013,Threshold,step_completed,success,58.06451612903226,18,31
cp_tutorial_3d_monolayer,1,16,1791319149.4100666,2977920,worker_0,W013,MaskImage,step_started,started,58.06451612903226,18,31
cp_tutorial_3d_monolayer,1,16,1791319149.4531684,2977920,worker_0,W013,MaskImage,pattern_group,running,100.0,1,1
cp_tutorial_3d_monolayer,1,16,1791319149.4533284,2977920,worker_0,W013,MaskImage,step_completed,success,61.29032258064516,19,31
cp_tutorial_3d_monolayer,1,16,1791319149.4539309,2977920,worker_0,W013,ErodeImage,step_started,started,61.29032258064516,19,31
cp_tutorial_3d_monolayer,1,16,1791319149.4852524,2977920,worker_0,W013,ErodeImage,pattern_group,running,100.0,1,1
cp_tutorial_3d_monolayer,1,16,1791319149.4853952,2977920,worker_0,W013,ErodeImage,step_completed,success,64.51612903225806,20,31
cp_tutorial_3d_monolayer,1,16,1791319149.4859066,2977920,worker_0,W013,Watershed,step_started,started,64.51612903225806,20,31
cp_tutorial_3d_monolayer,1,16,1791319149.5985425,2977920,worker_0,W013,Watershed,pattern_group,running,100.0,1,1
cp_tutorial_3d_monolayer,1,16,1791319149.5989313,2977920,worker_0,W013,Watershed,step_completed,success,67.74193548387096,21,31
cp_tutorial_3d_monolayer,1,16,1791319149.5995293,2977920,worker_0,W013,MeasureObjectIntensity,step_started,started,67.74193548387096,21,31
cp_tutorial_3d_monolayer,1,16,1791319149.8875144,2977920,worker_0,W013,MeasureObjectIntensity,pattern_group,running,50.0,1,2
cp_tutorial_3d_monolayer,1,16,1791319150.2093537,2977920,worker_0,W013,MeasureObjectIntensity,pattern_group,running,100.0,2,2
cp_tutorial_3d_monolayer,1,16,1791319150.2114918,2977920,worker_0,W013,MeasureObjectIntensity,step_completed,success,70.96774193548387,22,31
cp_tutorial_3d_monolayer,1,16,1791319150.2118618,2977920,worker_0,W013,MeasureObjectSizeShape,step_started,started,70.96774193548387,22,31
cp_tutorial_3d_monolayer,1,16,1791319150.3060236,2977920,worker_0,W013,MeasureObjectSizeShape,pattern_group,running,50.0,1,2
cp_tutorial_3d_monolayer,1,16,1791319150.4007046,2977920,worker_0,W013,MeasureObjectSizeShape,pattern_group,running,100.0,2,2
cp_tutorial_3d_monolayer,1,16,1791319150.4012887,2977920,worker_0,W013,MeasureObjectSizeShape,step_completed,success,74.19354838709677,23,31
cp_tutorial_3d_monolayer,1,16,1791319150.4016702,2977920,worker_0,W013,OverlayObjects,step_started,started,74.19354838709677,23,31
cp_tutorial_3d_monolayer,1,16,1791319150.4422395,2977920,worker_0,W013,OverlayObjects,pattern_group,running,100.0,1,1
cp_tutorial_3d_monolayer,1,16,1791319150.4423742,2977920,worker_0,W013,OverlayObjects,step_completed,success,77.41935483870968,24,31
cp_tutorial_3d_monolayer,1,16,1791319150.4429653,2977920,worker_0,W013,RescaleIntensity,step_started,started,77.41935483870968,24,31
cp_tutorial_3d_monolayer,1,16,1791319150.5465765,2977920,worker_0,W013,RescaleIntensity,pattern_group,running,100.0,1,1
cp_tutorial_3d_monolayer,1,16,1791319150.546721,2977920,worker_0,W013,RescaleIntensity,step_completed,success,80.64516129032258,25,31
cp_tutorial_3d_monolayer,1,16,1791319150.5470812,2977920,worker_0,W013,OverlayObjects,step_started,started,80.64516129032258,25,31
cp_tutorial_3d_monolayer,1,16,1791319150.5870554,2977920,worker_0,W013,OverlayObjects,pattern_group,running,100.0,1,1
cp_tutorial_3d_monolayer,1,16,1791319150.5871587,2977920,worker_0,W013,OverlayObjects,step_completed,success,83.87096774193549,26,31
cp_tutorial_3d_monolayer,1,16,1791319150.5880504,2977920,worker_0,W013,ConvertObjectsToImage,step_started,started,83.87096774193549,26,31
cp_tutorial_3d_monolayer,1,16,1791319150.61941,2977920,worker_0,W013,ConvertObjectsToImage,pattern_group,running,100.0,1,1
cp_tutorial_3d_monolayer,1,16,1791319150.6195571,2977920,worker_0,W013,ConvertObjectsToImage,step_completed,success,87.09677419354838,27,31
cp_tutorial_3d_monolayer,1,16,1791319150.6201303,2977920,worker_0,W013,SaveImages,step_started,started,87.09677419354838,27,31
cp_tutorial_3d_monolayer,1,16,1791319150.6681504,2977920,worker_0,W013,SaveImages,pattern_group,running,100.0,1,1
cp_tutorial_3d_monolayer,1,16,1791319150.6749914,2977920,worker_0,W013,SaveImages,step_completed,success,90.32258064516128,28,31
cp_tutorial_3d_monolayer,1,16,1791319150.6755998,2977920,worker_0,W013,ConvertObjectsToImage,step_started,started,90.32258064516128,28,31
cp_tutorial_3d_monolayer,1,16,1791319150.7097921,2977920,worker_0,W013,ConvertObjectsToImage,pattern_group,running,100.0,1,1
cp_tutorial_3d_monolayer,1,16,1791319150.7099752,2977920,worker_0,W013,ConvertObjectsToImage,step_completed,success,93.54838709677419,29,31
cp_tutorial_3d_monolayer,1,16,1791319150.7105756,2977920,worker_0,W013,SaveImages,step_started,started,93.54838709677419,29,31
cp_tutorial_3d_monolayer,1,16,1791319150.7593925,2977920,worker_0,W013,SaveImages,pattern_group,running,100.0,1,1
cp_tutorial_3d_monolayer,1,16,1791319150.76772,2977920,worker_0,W013,SaveImages,step_completed,success,96.7741935483871,30,31
cp_tutorial_3d_monolayer,1,16,1791319150.768852,2977920,worker_0,W013,pipeline,axis_completed,success,96.7741935483871,30,31
cp_tutorial_3d_monolayer,1,16,1791319150.7689195,2977920,worker_0,W014,pipeline,axis_started,started,0.0,0,31
cp_tutorial_3d_monolayer,1,16,1791319150.7719274,2977920,worker_0,W014,RescaleIntensity,step_started,started,0.0,0,31
cp_tutorial_3d_monolayer,1,16,1791319151.0526547,2977920,worker_0,W014,RescaleIntensity,pattern_group,running,100.0,1,1
cp_tutorial_3d_monolayer,1,16,1791319151.052802,2977920,worker_0,W014,RescaleIntensity,step_completed,success,3.225806451612903,1,31
cp_tutorial_3d_monolayer,1,16,1791319151.0530908,2977920,worker_0,W014,Resize,step_started,started,3.225806451612903,1,31
cp_tutorial_3d_monolayer,1,16,1791319151.1088538,2977920,worker_0,W014,Resize,pattern_group,running,100.0,1,1
cp_tutorial_3d_monolayer,1,16,1791319151.1089919,2977920,worker_0,W014,Resize,step_completed,success,6.451612903225806,2,31
cp_tutorial_3d_monolayer,1,16,1791319151.1092856,2977920,worker_0,W014,MedianFilter,step_started,started,6.451612903225806,2,31
cp_tutorial_3d_monolayer,1,16,1791319151.2754645,2977920,worker_0,W014,MedianFilter,pattern_group,running,100.0,1,1
cp_tutorial_3d_monolayer,1,16,1791319151.275599,2977920,worker_0,W014,MedianFilter,step_completed,success,9.67741935483871,3,31
cp_tutorial_3d_monolayer,1,16,1791319151.275948,2977920,worker_0,W014,Threshold,step_started,started,9.67741935483871,3,31
cp_tutorial_3d_monolayer,1,16,1791319151.3121936,2977920,worker_0,W014,Threshold,pattern_group,running,100.0,1,1
cp_tutorial_3d_monolayer,1,16,1791319151.3124418,2977920,worker_0,W014,Threshold,step_completed,success,12.903225806451612,4,31
cp_tutorial_3d_monolayer,1,16,1791319151.3132508,2977920,worker_0,W014,RemoveHoles,step_started,started,12.903225806451612,4,31
cp_tutorial_3d_monolayer,1,16,1791319151.329906,2977920,worker_0,W014,RemoveHoles,pattern_group,running,100.0,1,1
cp_tutorial_3d_monolayer,1,16,1791319151.3300498,2977920,worker_0,W014,RemoveHoles,step_completed,success,16.129032258064516,5,31
cp_tutorial_3d_monolayer,1,16,1791319151.3304338,2977920,worker_0,W014,Watershed,step_started,started,16.129032258064516,5,31
cp_tutorial_3d_monolayer,1,16,1791319151.4163926,2977920,worker_0,W014,Watershed,pattern_group,running,100.0,1,1
cp_tutorial_3d_monolayer,1,16,1791319151.416765,2977920,worker_0,W014,Watershed,step_completed,success,19.35483870967742,6,31
cp_tutorial_3d_monolayer,1,16,1791319151.41716,2977920,worker_0,W014,ResizeObjects,step_started,started,19.35483870967742,6,31
cp_tutorial_3d_monolayer,1,16,1791319151.4446838,2977920,worker_0,W014,ResizeObjects,pattern_group,running,100.0,1,1
cp_tutorial_3d_monolayer,1,16,1791319151.4451575,2977920,worker_0,W014,ResizeObjects,step_completed,success,22.58064516129032,7,31
cp_tutorial_3d_monolayer,1,16,1791319151.4455895,2977920,worker_0,W014,ErodeObjects,step_started,started,22.58064516129032,7,31
cp_tutorial_3d_monolayer,1,16,1791319151.4978538,2977920,worker_0,W014,ErodeObjects,pattern_group,running,100.0,1,1
cp_tutorial_3d_monolayer,1,16,1791319151.4983153,2977920,worker_0,W014,ErodeObjects,step_completed,success,25.806451612903224,8,31
cp_tutorial_3d_monolayer,1,16,1791319151.4987915,2977920,worker_0,W014,ResizeObjects,step_started,started,25.806451612903224,8,31
cp_tutorial_3d_monolayer,1,16,1791319151.5227823,2977920,worker_0,W014,ResizeObjects,pattern_group,running,100.0,1,1
cp_tutorial_3d_monolayer,1,16,1791319151.5232759,2977920,worker_0,W014,ResizeObjects,step_completed,success,29.03225806451613,9,31
cp_tutorial_3d_monolayer,1,16,1791319151.5239205,2977920,worker_0,W014,ConvertObjectsToImage,step_started,started,29.03225806451613,9,31
cp_tutorial_3d_monolayer,1,16,1791319151.5441475,2977920,worker_0,W014,ConvertObjectsToImage,pattern_group,running,100.0,1,1
cp_tutorial_3d_monolayer,1,16,1791319151.5443764,2977920,worker_0,W014,ConvertObjectsToImage,step_completed,success,32.25806451612903,10,31
cp_tutorial_3d_monolayer,1,16,1791319151.5450222,2977920,worker_0,W014,Threshold,step_started,started,32.25806451612903,10,31
cp_tutorial_3d_monolayer,1,16,1791319151.8996904,2977920,worker_0,W014,Threshold,pattern_group,running,100.0,1,1
cp_tutorial_3d_monolayer,1,16,1791319151.8999417,2977920,worker_0,W014,Threshold,step_completed,success,35.483870967741936,11,31
cp_tutorial_3d_monolayer,1,16,1791319151.900282,2977920,worker_0,W014,ImageMath,step_started,started,35.483870967741936,11,31
cp_tutorial_3d_monolayer,1,16,1791319151.9324286,2977920,worker_0,W014,ImageMath,pattern_group,running,100.0,1,1
cp_tutorial_3d_monolayer,1,16,1791319151.9326231,2977920,worker_0,W014,ImageMath,step_completed,success,38.70967741935484,12,31
cp_tutorial_3d_monolayer,1,16,1791319151.9332757,2977920,worker_0,W014,RemoveHoles,step_started,started,38.70967741935484,12,31
cp_tutorial_3d_monolayer,1,16,1791319151.9799628,2977920,worker_0,W014,RemoveHoles,pattern_group,running,100.0,1,1
cp_tutorial_3d_monolayer,1,16,1791319151.9801092,2977920,worker_0,W014,RemoveHoles,step_completed,success,41.935483870967744,13,31
cp_tutorial_3d_monolayer,1,16,1791319151.9806132,2977920,worker_0,W014,ImageMath,step_started,started,41.935483870967744,13,31
cp_tutorial_3d_monolayer,1,16,1791319152.2988286,2977920,worker_0,W014,ImageMath,pattern_group,running,100.0,1,1
cp_tutorial_3d_monolayer,1,16,1791319152.298981,2977920,worker_0,W014,ImageMath,step_completed,success,45.16129032258064,14,31
cp_tutorial_3d_monolayer,1,16,1791319152.2993274,2977920,worker_0,W014,Resize,step_started,started,45.16129032258064,14,31
cp_tutorial_3d_monolayer,1,16,1791319152.3586051,2977920,worker_0,W014,Resize,pattern_group,running,100.0,1,1
cp_tutorial_3d_monolayer,1,16,1791319152.3587465,2977920,worker_0,W014,Resize,step_completed,success,48.38709677419355,15,31
cp_tutorial_3d_monolayer,1,16,1791319152.3630154,2977920,worker_0,W014,Closing,step_started,started,48.38709677419355,15,31
cp_tutorial_3d_monolayer,1,16,1791319152.440466,2977920,worker_0,W014,Closing,pattern_group,running,100.0,1,1
cp_tutorial_3d_monolayer,1,16,1791319152.4406054,2977920,worker_0,W014,Closing,step_completed,success,51.61290322580645,16,31
cp_tutorial_3d_monolayer,1,16,1791319152.4411047,2977920,worker_0,W014,Resize,step_started,started,51.61290322580645,16,31
cp_tutorial_3d_monolayer,1,16,1791319152.4905472,2977920,worker_0,W014,Resize,pattern_group,running,100.0,1,1
cp_tutorial_3d_monolayer,1,16,1791319152.490683,2977920,worker_0,W014,Resize,step_completed,success,54.83870967741935,17,31
cp_tutorial_3d_monolayer,1,16,1791319152.4911923,2977920,worker_0,W014,Threshold,step_started,started,54.83870967741935,17,31
cp_tutorial_3d_monolayer,1,16,1791319152.7380936,2977920,worker_0,W014,Threshold,pattern_group,running,100.0,1,1
cp_tutorial_3d_monolayer,1,16,1791319152.738341,2977920,worker_0,W014,Threshold,step_completed,success,58.06451612903226,18,31
cp_tutorial_3d_monolayer,1,16,1791319152.7388957,2977920,worker_0,W014,MaskImage,step_started,started,58.06451612903226,18,31
cp_tutorial_3d_monolayer,1,16,1791319152.7821841,2977920,worker_0,W014,MaskImage,pattern_group,running,100.0,1,1
cp_tutorial_3d_monolayer,1,16,1791319152.782344,2977920,worker_0,W014,MaskImage,step_completed,success,61.29032258064516,19,31
cp_tutorial_3d_monolayer,1,16,1791319152.782947,2977920,worker_0,W014,ErodeImage,step_started,started,61.29032258064516,19,31
cp_tutorial_3d_monolayer,1,16,1791319152.8140938,2977920,worker_0,W014,ErodeImage,pattern_group,running,100.0,1,1
cp_tutorial_3d_monolayer,1,16,1791319152.8142397,2977920,worker_0,W014,ErodeImage,step_completed,success,64.51612903225806,20,31
cp_tutorial_3d_monolayer,1,16,1791319152.8147569,2977920,worker_0,W014,Watershed,step_started,started,64.51612903225806,20,31
cp_tutorial_3d_monolayer,1,16,1791319152.916907,2977920,worker_0,W014,Watershed,pattern_group,running,100.0,1,1
cp_tutorial_3d_monolayer,1,16,1791319152.917309,2977920,worker_0,W014,Watershed,step_completed,success,67.74193548387096,21,31
cp_tutorial_3d_monolayer,1,16,1791319152.9179018,2977920,worker_0,W014,MeasureObjectIntensity,step_started,started,67.74193548387096,21,31
cp_tutorial_3d_monolayer,1,16,1791319153.22573,2977920,worker_0,W014,MeasureObjectIntensity,pattern_group,running,50.0,1,2
cp_tutorial_3d_monolayer,1,16,1791319153.5684304,2977920,worker_0,W014,MeasureObjectIntensity,pattern_group,running,100.0,2,2
cp_tutorial_3d_monolayer,1,16,1791319153.5705786,2977920,worker_0,W014,MeasureObjectIntensity,step_completed,success,70.96774193548387,22,31
cp_tutorial_3d_monolayer,1,16,1791319153.5709517,2977920,worker_0,W014,MeasureObjectSizeShape,step_started,started,70.96774193548387,22,31
cp_tutorial_3d_monolayer,1,16,1791319153.6655152,2977920,worker_0,W014,MeasureObjectSizeShape,pattern_group,running,50.0,1,2
cp_tutorial_3d_monolayer,1,16,1791319153.7603087,2977920,worker_0,W014,MeasureObjectSizeShape,pattern_group,running,100.0,2,2
cp_tutorial_3d_monolayer,1,16,1791319153.7608726,2977920,worker_0,W014,MeasureObjectSizeShape,step_completed,success,74.19354838709677,23,31
cp_tutorial_3d_monolayer,1,16,1791319153.7612507,2977920,worker_0,W014,OverlayObjects,step_started,started,74.19354838709677,23,31
cp_tutorial_3d_monolayer,1,16,1791319153.803545,2977920,worker_0,W014,OverlayObjects,pattern_group,running,100.0,1,1
cp_tutorial_3d_monolayer,1,16,1791319153.803659,2977920,worker_0,W014,OverlayObjects,step_completed,success,77.41935483870968,24,31
cp_tutorial_3d_monolayer,1,16,1791319153.80425,2977920,worker_0,W014,RescaleIntensity,step_started,started,77.41935483870968,24,31
cp_tutorial_3d_monolayer,1,16,1791319153.9065597,2977920,worker_0,W014,RescaleIntensity,pattern_group,running,100.0,1,1
cp_tutorial_3d_monolayer,1,16,1791319153.9067025,2977920,worker_0,W014,RescaleIntensity,step_completed,success,80.64516129032258,25,31
cp_tutorial_3d_monolayer,1,16,1791319153.9070675,2977920,worker_0,W014,OverlayObjects,step_started,started,80.64516129032258,25,31
cp_tutorial_3d_monolayer,1,16,1791319153.9489102,2977920,worker_0,W014,OverlayObjects,pattern_group,running,100.0,1,1
cp_tutorial_3d_monolayer,1,16,1791319153.9490368,2977920,worker_0,W014,OverlayObjects,step_completed,success,83.87096774193549,26,31
cp_tutorial_3d_monolayer,1,16,1791319153.949653,2977920,worker_0,W014,ConvertObjectsToImage,step_started,started,83.87096774193549,26,31
cp_tutorial_3d_monolayer,1,16,1791319153.9820237,2977920,worker_0,W014,ConvertObjectsToImage,pattern_group,running,100.0,1,1
cp_tutorial_3d_monolayer,1,16,1791319153.9821644,2977920,worker_0,W014,ConvertObjectsToImage,step_completed,success,87.09677419354838,27,31
cp_tutorial_3d_monolayer,1,16,1791319153.9827578,2977920,worker_0,W014,SaveImages,step_started,started,87.09677419354838,27,31
cp_tutorial_3d_monolayer,1,16,1791319154.0304518,2977920,worker_0,W014,SaveImages,pattern_group,running,100.0,1,1
cp_tutorial_3d_monolayer,1,16,1791319154.0376043,2977920,worker_0,W014,SaveImages,step_completed,success,90.32258064516128,28,31
cp_tutorial_3d_monolayer,1,16,1791319154.0382252,2977920,worker_0,W014,ConvertObjectsToImage,step_started,started,90.32258064516128,28,31
cp_tutorial_3d_monolayer,1,16,1791319154.0732112,2977920,worker_0,W014,ConvertObjectsToImage,pattern_group,running,100.0,1,1
cp_tutorial_3d_monolayer,1,16,1791319154.0734031,2977920,worker_0,W014,ConvertObjectsToImage,step_completed,success,93.54838709677419,29,31
cp_tutorial_3d_monolayer,1,16,1791319154.0740132,2977920,worker_0,W014,SaveImages,step_started,started,93.54838709677419,29,31
cp_tutorial_3d_monolayer,1,16,1791319154.1233075,2977920,worker_0,W014,SaveImages,pattern_group,running,100.0,1,1
cp_tutorial_3d_monolayer,1,16,1791319154.130638,2977920,worker_0,W014,SaveImages,step_completed,success,96.7741935483871,30,31
cp_tutorial_3d_monolayer,1,16,1791319154.1317418,2977920,worker_0,W014,pipeline,axis_completed,success,96.7741935483871,30,31
cp_tutorial_3d_monolayer,1,16,1791319154.1318085,2977920,worker_0,W015,pipeline,axis_started,started,0.0,0,31
cp_tutorial_3d_monolayer,1,16,1791319154.1348135,2977920,worker_0,W015,RescaleIntensity,step_started,started,0.0,0,31
cp_tutorial_3d_monolayer,1,16,1791319154.4215384,2977920,worker_0,W015,RescaleIntensity,pattern_group,running,100.0,1,1
cp_tutorial_3d_monolayer,1,16,1791319154.4216847,2977920,worker_0,W015,RescaleIntensity,step_completed,success,3.225806451612903,1,31
cp_tutorial_3d_monolayer,1,16,1791319154.4219742,2977920,worker_0,W015,Resize,step_started,started,3.225806451612903,1,31
cp_tutorial_3d_monolayer,1,16,1791319154.4779587,2977920,worker_0,W015,Resize,pattern_group,running,100.0,1,1
cp_tutorial_3d_monolayer,1,16,1791319154.4781036,2977920,worker_0,W015,Resize,step_completed,success,6.451612903225806,2,31
cp_tutorial_3d_monolayer,1,16,1791319154.4784036,2977920,worker_0,W015,MedianFilter,step_started,started,6.451612903225806,2,31
cp_tutorial_3d_monolayer,1,16,1791319154.6443071,2977920,worker_0,W015,MedianFilter,pattern_group,running,100.0,1,1
cp_tutorial_3d_monolayer,1,16,1791319154.6444447,2977920,worker_0,W015,MedianFilter,step_completed,success,9.67741935483871,3,31
cp_tutorial_3d_monolayer,1,16,1791319154.6447954,2977920,worker_0,W015,Threshold,step_started,started,9.67741935483871,3,31
cp_tutorial_3d_monolayer,1,16,1791319154.682198,2977920,worker_0,W015,Threshold,pattern_group,running,100.0,1,1
cp_tutorial_3d_monolayer,1,16,1791319154.6830387,2977920,worker_0,W015,Threshold,step_completed,success,12.903225806451612,4,31
cp_tutorial_3d_monolayer,1,16,1791319154.683436,2977920,worker_0,W015,RemoveHoles,step_started,started,12.903225806451612,4,31
cp_tutorial_3d_monolayer,1,16,1791319154.6995454,2977920,worker_0,W015,RemoveHoles,pattern_group,running,100.0,1,1
cp_tutorial_3d_monolayer,1,16,1791319154.6996872,2977920,worker_0,W015,RemoveHoles,step_completed,success,16.129032258064516,5,31
cp_tutorial_3d_monolayer,1,16,1791319154.7000568,2977920,worker_0,W015,Watershed,step_started,started,16.129032258064516,5,31
cp_tutorial_3d_monolayer,1,16,1791319154.786965,2977920,worker_0,W015,Watershed,pattern_group,running,100.0,1,1
cp_tutorial_3d_monolayer,1,16,1791319154.787373,2977920,worker_0,W015,Watershed,step_completed,success,19.35483870967742,6,31
cp_tutorial_3d_monolayer,1,16,1791319154.7877755,2977920,worker_0,W015,ResizeObjects,step_started,started,19.35483870967742,6,31
cp_tutorial_3d_monolayer,1,16,1791319154.8147614,2977920,worker_0,W015,ResizeObjects,pattern_group,running,100.0,1,1
cp_tutorial_3d_monolayer,1,16,1791319154.8152215,2977920,worker_0,W015,ResizeObjects,step_completed,success,22.58064516129032,7,31
cp_tutorial_3d_monolayer,1,16,1791319154.81566,2977920,worker_0,W015,ErodeObjects,step_started,started,22.58064516129032,7,31
cp_tutorial_3d_monolayer,1,16,1791319154.8661568,2977920,worker_0,W015,ErodeObjects,pattern_group,running,100.0,1,1
cp_tutorial_3d_monolayer,1,16,1791319154.8666282,2977920,worker_0,W015,ErodeObjects,step_completed,success,25.806451612903224,8,31
cp_tutorial_3d_monolayer,1,16,1791319154.8671117,2977920,worker_0,W015,ResizeObjects,step_started,started,25.806451612903224,8,31
cp_tutorial_3d_monolayer,1,16,1791319154.8911362,2977920,worker_0,W015,ResizeObjects,pattern_group,running,100.0,1,1
cp_tutorial_3d_monolayer,1,16,1791319154.8916147,2977920,worker_0,W015,ResizeObjects,step_completed,success,29.03225806451613,9,31
cp_tutorial_3d_monolayer,1,16,1791319154.8921194,2977920,worker_0,W015,ConvertObjectsToImage,step_started,started,29.03225806451613,9,31
cp_tutorial_3d_monolayer,1,16,1791319154.9118865,2977920,worker_0,W015,ConvertObjectsToImage,pattern_group,running,100.0,1,1
cp_tutorial_3d_monolayer,1,16,1791319154.9120317,2977920,worker_0,W015,ConvertObjectsToImage,step_completed,success,32.25806451612903,10,31
cp_tutorial_3d_monolayer,1,16,1791319154.9124925,2977920,worker_0,W015,Threshold,step_started,started,32.25806451612903,10,31
cp_tutorial_3d_monolayer,1,16,1791319155.1036983,2977920,worker_0,W015,Threshold,pattern_group,running,100.0,1,1
cp_tutorial_3d_monolayer,1,16,1791319155.1039474,2977920,worker_0,W015,Threshold,step_completed,success,35.483870967741936,11,31
cp_tutorial_3d_monolayer,1,16,1791319155.1042943,2977920,worker_0,W015,ImageMath,step_started,started,35.483870967741936,11,31
cp_tutorial_3d_monolayer,1,16,1791319155.1358635,2977920,worker_0,W015,ImageMath,pattern_group,running,100.0,1,1
cp_tutorial_3d_monolayer,1,16,1791319155.136015,2977920,worker_0,W015,ImageMath,step_completed,success,38.70967741935484,12,31
cp_tutorial_3d_monolayer,1,16,1791319155.1365194,2977920,worker_0,W015,RemoveHoles,step_started,started,38.70967741935484,12,31
cp_tutorial_3d_monolayer,1,16,1791319155.182744,2977920,worker_0,W015,RemoveHoles,pattern_group,running,100.0,1,1
cp_tutorial_3d_monolayer,1,16,1791319155.1828895,2977920,worker_0,W015,RemoveHoles,step_completed,success,41.935483870967744,13,31
cp_tutorial_3d_monolayer,1,16,1791319155.18339,2977920,worker_0,W015,ImageMath,step_started,started,41.935483870967744,13,31
cp_tutorial_3d_monolayer,1,16,1791319155.5640657,2977920,worker_0,W015,ImageMath,pattern_group,running,100.0,1,1
cp_tutorial_3d_monolayer,1,16,1791319155.5642116,2977920,worker_0,W015,ImageMath,step_completed,success,45.16129032258064,14,31
cp_tutorial_3d_monolayer,1,16,1791319155.5645587,2977920,worker_0,W015,Resize,step_started,started,45.16129032258064,14,31
cp_tutorial_3d_monolayer,1,16,1791319155.6243112,2977920,worker_0,W015,Resize,pattern_group,running,100.0,1,1
cp_tutorial_3d_monolayer,1,16,1791319155.6244502,2977920,worker_0,W015,Resize,step_completed,success,48.38709677419355,15,31
cp_tutorial_3d_monolayer,1,16,1791319155.6283534,2977920,worker_0,W015,Closing,step_started,started,48.38709677419355,15,31
cp_tutorial_3d_monolayer,1,16,1791319155.7064445,2977920,worker_0,W015,Closing,pattern_group,running,100.0,1,1
cp_tutorial_3d_monolayer,1,16,1791319155.7065773,2977920,worker_0,W015,Closing,step_completed,success,51.61290322580645,16,31
cp_tutorial_3d_monolayer,1,16,1791319155.7070768,2977920,worker_0,W015,Resize,step_started,started,51.61290322580645,16,31
cp_tutorial_3d_monolayer,1,16,1791319155.7558463,2977920,worker_0,W015,Resize,pattern_group,running,100.0,1,1
cp_tutorial_3d_monolayer,1,16,1791319155.7559853,2977920,worker_0,W015,Resize,step_completed,success,54.83870967741935,17,31
cp_tutorial_3d_monolayer,1,16,1791319155.756491,2977920,worker_0,W015,Threshold,step_started,started,54.83870967741935,17,31
cp_tutorial_3d_monolayer,1,16,1791319155.9940746,2977920,worker_0,W015,Threshold,pattern_group,running,100.0,1,1
cp_tutorial_3d_monolayer,1,16,1791319155.9943385,2977920,worker_0,W015,Threshold,step_completed,success,58.06451612903226,18,31
cp_tutorial_3d_monolayer,1,16,1791319155.9948556,2977920,worker_0,W015,MaskImage,step_started,started,58.06451612903226,18,31
cp_tutorial_3d_monolayer,1,16,1791319156.0380712,2977920,worker_0,W015,MaskImage,pattern_group,running,100.0,1,1
cp_tutorial_3d_monolayer,1,16,1791319156.0382216,2977920,worker_0,W015,MaskImage,step_completed,success,61.29032258064516,19,31
cp_tutorial_3d_monolayer,1,16,1791319156.0388544,2977920,worker_0,W015,ErodeImage,step_started,started,61.29032258064516,19,31
cp_tutorial_3d_monolayer,1,16,1791319156.0702815,2977920,worker_0,W015,ErodeImage,pattern_group,running,100.0,1,1
cp_tutorial_3d_monolayer,1,16,1791319156.0704257,2977920,worker_0,W015,ErodeImage,step_completed,success,64.51612903225806,20,31
cp_tutorial_3d_monolayer,1,16,1791319156.0709498,2977920,worker_0,W015,Watershed,step_started,started,64.51612903225806,20,31
cp_tutorial_3d_monolayer,1,16,1791319156.1746938,2977920,worker_0,W015,Watershed,pattern_group,running,100.0,1,1
cp_tutorial_3d_monolayer,1,16,1791319156.1751304,2977920,worker_0,W015,Watershed,step_completed,success,67.74193548387096,21,31
cp_tutorial_3d_monolayer,1,16,1791319156.175797,2977920,worker_0,W015,MeasureObjectIntensity,step_started,started,67.74193548387096,21,31
cp_tutorial_3d_monolayer,1,16,1791319156.5361006,2977920,worker_0,W015,MeasureObjectIntensity,pattern_group,running,50.0,1,2
cp_tutorial_3d_monolayer,1,16,1791319156.9054906,2977920,worker_0,W015,MeasureObjectIntensity,pattern_group,running,100.0,2,2
cp_tutorial_3d_monolayer,1,16,1791319156.907626,2977920,worker_0,W015,MeasureObjectIntensity,step_completed,success,70.96774193548387,22,31
cp_tutorial_3d_monolayer,1,16,1791319156.907999,2977920,worker_0,W015,MeasureObjectSizeShape,step_started,started,70.96774193548387,22,31
cp_tutorial_3d_monolayer,1,16,1791319157.0051425,2977920,worker_0,W015,MeasureObjectSizeShape,pattern_group,running,50.0,1,2
cp_tutorial_3d_monolayer,1,16,1791319157.1019912,2977920,worker_0,W015,MeasureObjectSizeShape,pattern_group,running,100.0,2,2
cp_tutorial_3d_monolayer,1,16,1791319157.102831,2977920,worker_0,W015,MeasureObjectSizeShape,step_completed,success,74.19354838709677,23,31
cp_tutorial_3d_monolayer,1,16,1791319157.1032133,2977920,worker_0,W015,OverlayObjects,step_started,started,74.19354838709677,23,31
cp_tutorial_3d_monolayer,1,16,1791319157.144718,2977920,worker_0,W015,OverlayObjects,pattern_group,running,100.0,1,1
cp_tutorial_3d_monolayer,1,16,1791319157.1448421,2977920,worker_0,W015,OverlayObjects,step_completed,success,77.41935483870968,24,31
cp_tutorial_3d_monolayer,1,16,1791319157.1454523,2977920,worker_0,W015,RescaleIntensity,step_started,started,77.41935483870968,24,31
cp_tutorial_3d_monolayer,1,16,1791319157.249116,2977920,worker_0,W015,RescaleIntensity,pattern_group,running,100.0,1,1
cp_tutorial_3d_monolayer,1,16,1791319157.2492597,2977920,worker_0,W015,RescaleIntensity,step_completed,success,80.64516129032258,25,31
cp_tutorial_3d_monolayer,1,16,1791319157.2496312,2977920,worker_0,W015,OverlayObjects,step_started,started,80.64516129032258,25,31
cp_tutorial_3d_monolayer,1,16,1791319157.2899437,2977920,worker_0,W015,OverlayObjects,pattern_group,running,100.0,1,1
cp_tutorial_3d_monolayer,1,16,1791319157.2900388,2977920,worker_0,W015,OverlayObjects,step_completed,success,83.87096774193549,26,31
cp_tutorial_3d_monolayer,1,16,1791319157.2906523,2977920,worker_0,W015,ConvertObjectsToImage,step_started,started,83.87096774193549,26,31
cp_tutorial_3d_monolayer,1,16,1791319157.3226683,2977920,worker_0,W015,ConvertObjectsToImage,pattern_group,running,100.0,1,1
cp_tutorial_3d_monolayer,1,16,1791319157.322813,2977920,worker_0,W015,ConvertObjectsToImage,step_completed,success,87.09677419354838,27,31
cp_tutorial_3d_monolayer,1,16,1791319157.3233964,2977920,worker_0,W015,SaveImages,step_started,started,87.09677419354838,27,31
cp_tutorial_3d_monolayer,1,16,1791319157.3718789,2977920,worker_0,W015,SaveImages,pattern_group,running,100.0,1,1
cp_tutorial_3d_monolayer,1,16,1791319157.379127,2977920,worker_0,W015,SaveImages,step_completed,success,90.32258064516128,28,31
cp_tutorial_3d_monolayer,1,16,1791319157.379749,2977920,worker_0,W015,ConvertObjectsToImage,step_started,started,90.32258064516128,28,31
cp_tutorial_3d_monolayer,1,16,1791319157.414076,2977920,worker_0,W015,ConvertObjectsToImage,pattern_group,running,100.0,1,1
cp_tutorial_3d_monolayer,1,16,1791319157.4142601,2977920,worker_0,W015,ConvertObjectsToImage,step_completed,success,93.54838709677419,29,31
cp_tutorial_3d_monolayer,1,16,1791319157.4148688,2977920,worker_0,W015,SaveImages,step_started,started,93.54838709677419,29,31
cp_tutorial_3d_monolayer,1,16,1791319157.464491,2977920,worker_0,W015,SaveImages,pattern_group,running,100.0,1,1
cp_tutorial_3d_monolayer,1,16,1791319157.4728165,2977920,worker_0,W015,SaveImages,step_completed,success,96.7741935483871,30,31
cp_tutorial_3d_monolayer,1,16,1791319157.4739814,2977920,worker_0,W015,pipeline,axis_completed,success,96.7741935483871,30,31
cp_tutorial_3d_monolayer,1,16,1791319157.474049,2977920,worker_0,W016,pipeline,axis_started,started,0.0,0,31
cp_tutorial_3d_monolayer,1,16,1791319157.477239,2977920,worker_0,W016,RescaleIntensity,step_started,started,0.0,0,31
cp_tutorial_3d_monolayer,1,16,1791319157.7565656,2977920,worker_0,W016,RescaleIntensity,pattern_group,running,100.0,1,1
cp_tutorial_3d_monolayer,1,16,1791319157.7567124,2977920,worker_0,W016,RescaleIntensity,step_completed,success,3.225806451612903,1,31
cp_tutorial_3d_monolayer,1,16,1791319157.757001,2977920,worker_0,W016,Resize,step_started,started,3.225806451612903,1,31
cp_tutorial_3d_monolayer,1,16,1791319157.8129513,2977920,worker_0,W016,Resize,pattern_group,running,100.0,1,1
cp_tutorial_3d_monolayer,1,16,1791319157.8130925,2977920,worker_0,W016,Resize,step_completed,success,6.451612903225806,2,31
cp_tutorial_3d_monolayer,1,16,1791319157.8133893,2977920,worker_0,W016,MedianFilter,step_started,started,6.451612903225806,2,31
cp_tutorial_3d_monolayer,1,16,1791319157.9804947,2977920,worker_0,W016,MedianFilter,pattern_group,running,100.0,1,1
cp_tutorial_3d_monolayer,1,16,1791319157.980634,2977920,worker_0,W016,MedianFilter,step_completed,success,9.67741935483871,3,31
cp_tutorial_3d_monolayer,1,16,1791319157.9809837,2977920,worker_0,W016,Threshold,step_started,started,9.67741935483871,3,31
cp_tutorial_3d_monolayer,1,16,1791319158.0189698,2977920,worker_0,W016,Threshold,pattern_group,running,100.0,1,1
cp_tutorial_3d_monolayer,1,16,1791319158.0192153,2977920,worker_0,W016,Threshold,step_completed,success,12.903225806451612,4,31
cp_tutorial_3d_monolayer,1,16,1791319158.019606,2977920,worker_0,W016,RemoveHoles,step_started,started,12.903225806451612,4,31
cp_tutorial_3d_monolayer,1,16,1791319158.035792,2977920,worker_0,W016,RemoveHoles,pattern_group,running,100.0,1,1
cp_tutorial_3d_monolayer,1,16,1791319158.035932,2977920,worker_0,W016,RemoveHoles,step_completed,success,16.129032258064516,5,31
cp_tutorial_3d_monolayer,1,16,1791319158.0363111,2977920,worker_0,W016,Watershed,step_started,started,16.129032258064516,5,31
cp_tutorial_3d_monolayer,1,16,1791319158.1229324,2977920,worker_0,W016,Watershed,pattern_group,running,100.0,1,1
cp_tutorial_3d_monolayer,1,16,1791319158.123866,2977920,worker_0,W016,Watershed,step_completed,success,19.35483870967742,6,31
cp_tutorial_3d_monolayer,1,16,1791319158.1242816,2977920,worker_0,W016,ResizeObjects,step_started,started,19.35483870967742,6,31
cp_tutorial_3d_monolayer,1,16,1791319158.1510296,2977920,worker_0,W016,ResizeObjects,pattern_group,running,100.0,1,1
cp_tutorial_3d_monolayer,1,16,1791319158.1515028,2977920,worker_0,W016,ResizeObjects,step_completed,success,22.58064516129032,7,31
cp_tutorial_3d_monolayer,1,16,1791319158.151929,2977920,worker_0,W016,ErodeObjects,step_started,started,22.58064516129032,7,31
cp_tutorial_3d_monolayer,1,16,1791319158.202654,2977920,worker_0,W016,ErodeObjects,pattern_group,running,100.0,1,1
cp_tutorial_3d_monolayer,1,16,1791319158.2031033,2977920,worker_0,W016,ErodeObjects,step_completed,success,25.806451612903224,8,31
cp_tutorial_3d_monolayer,1,16,1791319158.2036169,2977920,worker_0,W016,ResizeObjects,step_started,started,25.806451612903224,8,31
cp_tutorial_3d_monolayer,1,16,1791319158.2271645,2977920,worker_0,W016,ResizeObjects,pattern_group,running,100.0,1,1
cp_tutorial_3d_monolayer,1,16,1791319158.2276382,2977920,worker_0,W016,ResizeObjects,step_completed,success,29.03225806451613,9,31
cp_tutorial_3d_monolayer,1,16,1791319158.228153,2977920,worker_0,W016,ConvertObjectsToImage,step_started,started,29.03225806451613,9,31
cp_tutorial_3d_monolayer,1,16,1791319158.2480538,2977920,worker_0,W016,ConvertObjectsToImage,pattern_group,running,100.0,1,1
cp_tutorial_3d_monolayer,1,16,1791319158.2482018,2977920,worker_0,W016,ConvertObjectsToImage,step_completed,success,32.25806451612903,10,31
cp_tutorial_3d_monolayer,1,16,1791319158.2486567,2977920,worker_0,W016,Threshold,step_started,started,32.25806451612903,10,31
cp_tutorial_3d_monolayer,1,16,1791319158.4413543,2977920,worker_0,W016,Threshold,pattern_group,running,100.0,1,1
cp_tutorial_3d_monolayer,1,16,1791319158.441618,2977920,worker_0,W016,Threshold,step_completed,success,35.483870967741936,11,31
cp_tutorial_3d_monolayer,1,16,1791319158.4419603,2977920,worker_0,W016,ImageMath,step_started,started,35.483870967741936,11,31
cp_tutorial_3d_monolayer,1,16,1791319158.479086,2977920,worker_0,W016,ImageMath,pattern_group,running,100.0,1,1
cp_tutorial_3d_monolayer,1,16,1791319158.4792328,2977920,worker_0,W016,ImageMath,step_completed,success,38.70967741935484,12,31
cp_tutorial_3d_monolayer,1,16,1791319158.4797244,2977920,worker_0,W016,RemoveHoles,step_started,started,38.70967741935484,12,31
cp_tutorial_3d_monolayer,1,16,1791319158.5276968,2977920,worker_0,W016,RemoveHoles,pattern_group,running,100.0,1,1
cp_tutorial_3d_monolayer,1,16,1791319158.5278463,2977920,worker_0,W016,RemoveHoles,step_completed,success,41.935483870967744,13,31
cp_tutorial_3d_monolayer,1,16,1791319158.528341,2977920,worker_0,W016,ImageMath,step_started,started,41.935483870967744,13,31
cp_tutorial_3d_monolayer,1,16,1791319158.8835614,2977920,worker_0,W016,ImageMath,pattern_group,running,100.0,1,1
cp_tutorial_3d_monolayer,1,16,1791319158.8837101,2977920,worker_0,W016,ImageMath,step_completed,success,45.16129032258064,14,31
cp_tutorial_3d_monolayer,1,16,1791319158.8840506,2977920,worker_0,W016,Resize,step_started,started,45.16129032258064,14,31
cp_tutorial_3d_monolayer,1,16,1791319158.9444904,2977920,worker_0,W016,Resize,pattern_group,running,100.0,1,1
cp_tutorial_3d_monolayer,1,16,1791319158.9446363,2977920,worker_0,W016,Resize,step_completed,success,48.38709677419355,15,31
cp_tutorial_3d_monolayer,1,16,1791319158.9490128,2977920,worker_0,W016,Closing,step_started,started,48.38709677419355,15,31
cp_tutorial_3d_monolayer,1,16,1791319159.0273035,2977920,worker_0,W016,Closing,pattern_group,running,100.0,1,1
cp_tutorial_3d_monolayer,1,16,1791319159.0274441,2977920,worker_0,W016,Closing,step_completed,success,51.61290322580645,16,31
cp_tutorial_3d_monolayer,1,16,1791319159.0279465,2977920,worker_0,W016,Resize,step_started,started,51.61290322580645,16,31
cp_tutorial_3d_monolayer,1,16,1791319159.0766623,2977920,worker_0,W016,Resize,pattern_group,running,100.0,1,1
cp_tutorial_3d_monolayer,1,16,1791319159.0768023,2977920,worker_0,W016,Resize,step_completed,success,54.83870967741935,17,31
cp_tutorial_3d_monolayer,1,16,1791319159.077302,2977920,worker_0,W016,Threshold,step_started,started,54.83870967741935,17,31
cp_tutorial_3d_monolayer,1,16,1791319159.4175875,2977920,worker_0,W016,Threshold,pattern_group,running,100.0,1,1
cp_tutorial_3d_monolayer,1,16,1791319159.417824,2977920,worker_0,W016,Threshold,step_completed,success,58.06451612903226,18,31
cp_tutorial_3d_monolayer,1,16,1791319159.4183455,2977920,worker_0,W016,MaskImage,step_started,started,58.06451612903226,18,31
cp_tutorial_3d_monolayer,1,16,1791319159.4612403,2977920,worker_0,W016,MaskImage,pattern_group,running,100.0,1,1
cp_tutorial_3d_monolayer,1,16,1791319159.4613998,2977920,worker_0,W016,MaskImage,step_completed,success,61.29032258064516,19,31
cp_tutorial_3d_monolayer,1,16,1791319159.4619927,2977920,worker_0,W016,ErodeImage,step_started,started,61.29032258064516,19,31
cp_tutorial_3d_monolayer,1,16,1791319159.4995685,2977920,worker_0,W016,ErodeImage,pattern_group,running,100.0,1,1
cp_tutorial_3d_monolayer,1,16,1791319159.4997106,2977920,worker_0,W016,ErodeImage,step_completed,success,64.51612903225806,20,31
cp_tutorial_3d_monolayer,1,16,1791319159.5002184,2977920,worker_0,W016,Watershed,step_started,started,64.51612903225806,20,31
cp_tutorial_3d_monolayer,1,16,1791319159.6659796,2977920,worker_0,W016,Watershed,pattern_group,running,100.0,1,1
cp_tutorial_3d_monolayer,1,16,1791319159.6663752,2977920,worker_0,W016,Watershed,step_completed,success,67.74193548387096,21,31
cp_tutorial_3d_monolayer,1,16,1791319159.666956,2977920,worker_0,W016,MeasureObjectIntensity,step_started,started,67.74193548387096,21,31
cp_tutorial_3d_monolayer,1,16,1791319159.9731085,2977920,worker_0,W016,MeasureObjectIntensity,pattern_group,running,50.0,1,2
cp_tutorial_3d_monolayer,1,16,1791319160.3624208,2977920,worker_0,W016,MeasureObjectIntensity,pattern_group,running,100.0,2,2
cp_tutorial_3d_monolayer,1,16,1791319160.3645716,2977920,worker_0,W016,MeasureObjectIntensity,step_completed,success,70.96774193548387,22,31
cp_tutorial_3d_monolayer,1,16,1791319160.3649397,2977920,worker_0,W016,MeasureObjectSizeShape,step_started,started,70.96774193548387,22,31
cp_tutorial_3d_monolayer,1,16,1791319160.4614275,2977920,worker_0,W016,MeasureObjectSizeShape,pattern_group,running,50.0,1,2
cp_tutorial_3d_monolayer,1,16,1791319160.5662613,2977920,worker_0,W016,MeasureObjectSizeShape,pattern_group,running,100.0,2,2
cp_tutorial_3d_monolayer,1,16,1791319160.5670617,2977920,worker_0,W016,MeasureObjectSizeShape,step_completed,success,74.19354838709677,23,31
cp_tutorial_3d_monolayer,1,16,1791319160.5674553,2977920,worker_0,W016,OverlayObjects,step_started,started,74.19354838709677,23,31
cp_tutorial_3d_monolayer,1,16,1791319160.6090457,2977920,worker_0,W016,OverlayObjects,pattern_group,running,100.0,1,1
cp_tutorial_3d_monolayer,1,16,1791319160.6091642,2977920,worker_0,W016,OverlayObjects,step_completed,success,77.41935483870968,24,31
cp_tutorial_3d_monolayer,1,16,1791319160.6097562,2977920,worker_0,W016,RescaleIntensity,step_started,started,77.41935483870968,24,31
cp_tutorial_3d_monolayer,1,16,1791319160.7115357,2977920,worker_0,W016,RescaleIntensity,pattern_group,running,100.0,1,1
cp_tutorial_3d_monolayer,1,16,1791319160.7116797,2977920,worker_0,W016,RescaleIntensity,step_completed,success,80.64516129032258,25,31
cp_tutorial_3d_monolayer,1,16,1791319160.7120395,2977920,worker_0,W016,OverlayObjects,step_started,started,80.64516129032258,25,31
cp_tutorial_3d_monolayer,1,16,1791319160.7522488,2977920,worker_0,W016,OverlayObjects,pattern_group,running,100.0,1,1
cp_tutorial_3d_monolayer,1,16,1791319160.7523608,2977920,worker_0,W016,OverlayObjects,step_completed,success,83.87096774193549,26,31
cp_tutorial_3d_monolayer,1,16,1791319160.7529488,2977920,worker_0,W016,ConvertObjectsToImage,step_started,started,83.87096774193549,26,31
cp_tutorial_3d_monolayer,1,16,1791319160.7855926,2977920,worker_0,W016,ConvertObjectsToImage,pattern_group,running,100.0,1,1
cp_tutorial_3d_monolayer,1,16,1791319160.785737,2977920,worker_0,W016,ConvertObjectsToImage,step_completed,success,87.09677419354838,27,31
cp_tutorial_3d_monolayer,1,16,1791319160.7863214,2977920,worker_0,W016,SaveImages,step_started,started,87.09677419354838,27,31
cp_tutorial_3d_monolayer,1,16,1791319160.8351073,2977920,worker_0,W016,SaveImages,pattern_group,running,100.0,1,1
cp_tutorial_3d_monolayer,1,16,1791319160.8428102,2977920,worker_0,W016,SaveImages,step_completed,success,90.32258064516128,28,31
cp_tutorial_3d_monolayer,1,16,1791319160.8434293,2977920,worker_0,W016,ConvertObjectsToImage,step_started,started,90.32258064516128,28,31
cp_tutorial_3d_monolayer,1,16,1791319160.8764327,2977920,worker_0,W016,ConvertObjectsToImage,pattern_group,running,100.0,1,1
cp_tutorial_3d_monolayer,1,16,1791319160.8766177,2977920,worker_0,W016,ConvertObjectsToImage,step_completed,success,93.54838709677419,29,31
cp_tutorial_3d_monolayer,1,16,1791319160.877211,2977920,worker_0,W016,SaveImages,step_started,started,93.54838709677419,29,31
cp_tutorial_3d_monolayer,1,16,1791319160.9259996,2977920,worker_0,W016,SaveImages,pattern_group,running,100.0,1,1
cp_tutorial_3d_monolayer,1,16,1791319160.9338279,2977920,worker_0,W016,SaveImages,step_completed,success,96.7741935483871,30,31
cp_tutorial_3d_monolayer,1,16,1791319160.9350119,2977920,worker_0,W016,pipeline,axis_completed,success,96.7741935483871,30,31
cp_tutorial_3d_monolayer,1,16,1791319160.9502337,2977920,,,ExportToSpreadsheet,step_started,started,96.7741935483871,30,31
cp_tutorial_3d_monolayer,1,16,1791319161.2471411,2977920,,,ExportToSpreadsheet,step_completed,success,100.0,31,31
cp_tutorial_3d_monolayer,1,16,1791319161.7495773,2977920,,,pipeline,success,success,100.0,31,31
