case_name,worker_count,well_count,timestamp,pid,worker_slot,axis_id,step_name,phase,status,percent,completed,total
cp_tutorial_3d_monolayer,4,12,1791413313.7043579,2913443,,,pipeline,compile,started,0.0,0,31
cp_tutorial_3d_monolayer,4,12,1791413314.2236707,2913443,,,,init,started,0.0,0,1
cp_tutorial_3d_monolayer,4,12,1791413314.7558002,2913443,,W001,compilation,compile,running,8.333333333333332,1,12
cp_tutorial_3d_monolayer,4,12,1791413314.8145585,2913443,,W002,compilation,compile,running,16.666666666666664,2,12
cp_tutorial_3d_monolayer,4,12,1791413314.8712184,2913443,,W003,compilation,compile,running,25.0,3,12
cp_tutorial_3d_monolayer,4,12,1791413314.9425287,2913443,,W004,compilation,compile,running,33.33333333333333,4,12
cp_tutorial_3d_monolayer,4,12,1791413315.0060675,2913443,,W005,compilation,compile,running,41.66666666666667,5,12
cp_tutorial_3d_monolayer,4,12,1791413315.0880208,2913443,,W006,compilation,compile,running,50.0,6,12
cp_tutorial_3d_monolayer,4,12,1791413315.1411936,2913443,,W007,compilation,compile,running,58.333333333333336,7,12
cp_tutorial_3d_monolayer,4,12,1791413315.1967018,2913443,,W008,compilation,compile,running,66.66666666666666,8,12
cp_tutorial_3d_monolayer,4,12,1791413315.2497756,2913443,,W009,compilation,compile,running,75.0,9,12
cp_tutorial_3d_monolayer,4,12,1791413315.3034384,2913443,,W010,compilation,compile,running,83.33333333333334,10,12
cp_tutorial_3d_monolayer,4,12,1791413315.3570387,2913443,,W011,compilation,compile,running,91.66666666666666,11,12
cp_tutorial_3d_monolayer,4,12,1791413315.4101446,2913443,,W012,compilation,compile,running,100.0,12,12
cp_tutorial_3d_monolayer,4,12,1791413315.4323397,2913443,,,,init,started,0.0,0,1
cp_tutorial_3d_monolayer,4,12,1791413315.432425,2913443,,,pipeline,compile,success,100.0,1,31
cp_tutorial_3d_monolayer,4,12,1791413315.4324775,2913443,,W001,compilation,compile,success,100.0,1,1
cp_tutorial_3d_monolayer,4,12,1791413315.4325058,2913443,,W002,compilation,compile,success,100.0,1,1
cp_tutorial_3d_monolayer,4,12,1791413315.4325309,2913443,,W003,compilation,compile,success,100.0,1,1
cp_tutorial_3d_monolayer,4,12,1791413315.432555,2913443,,W004,compilation,compile,success,100.0,1,1
cp_tutorial_3d_monolayer,4,12,1791413315.4325786,2913443,,W005,compilation,compile,success,100.0,1,1
cp_tutorial_3d_monolayer,4,12,1791413315.432603,2913443,,W006,compilation,compile,success,100.0,1,1
cp_tutorial_3d_monolayer,4,12,1791413315.4326267,2913443,,W007,compilation,compile,success,100.0,1,1
cp_tutorial_3d_monolayer,4,12,1791413315.4326503,2913443,,W008,compilation,compile,success,100.0,1,1
cp_tutorial_3d_monolayer,4,12,1791413315.4326737,2913443,,W009,compilation,compile,success,100.0,1,1
cp_tutorial_3d_monolayer,4,12,1791413315.4326975,2913443,,W010,compilation,compile,success,100.0,1,1
cp_tutorial_3d_monolayer,4,12,1791413315.4327214,2913443,,W011,compilation,compile,success,100.0,1,1
cp_tutorial_3d_monolayer,4,12,1791413315.432745,2913443,,W012,compilation,compile,success,100.0,1,1
cp_tutorial_3d_monolayer,4,12,1791413315.4806352,2913443,,,,init,started,0.0,0,1
cp_tutorial_3d_monolayer,4,12,1791413315.5053265,2919497,worker_0,W001,pipeline,axis_started,started,0.0,0,31
cp_tutorial_3d_monolayer,4,12,1791413315.5113254,2919497,worker_0,W001,RescaleIntensity,step_started,started,0.0,0,31
cp_tutorial_3d_monolayer,4,12,1791413315.5200229,2919499,worker_1,W002,pipeline,axis_started,started,0.0,0,31
cp_tutorial_3d_monolayer,4,12,1791413315.525966,2919499,worker_1,W002,RescaleIntensity,step_started,started,0.0,0,31
cp_tutorial_3d_monolayer,4,12,1791413315.5349822,2919501,worker_2,W003,pipeline,axis_started,started,0.0,0,31
cp_tutorial_3d_monolayer,4,12,1791413315.5406272,2919501,worker_2,W003,RescaleIntensity,step_started,started,0.0,0,31
cp_tutorial_3d_monolayer,4,12,1791413315.5538616,2919503,worker_3,W004,pipeline,axis_started,started,0.0,0,31
cp_tutorial_3d_monolayer,4,12,1791413315.5593774,2919503,worker_3,W004,RescaleIntensity,step_started,started,0.0,0,31
cp_tutorial_3d_monolayer,4,12,1791413315.8105934,2919497,worker_0,W001,RescaleIntensity,pattern_group,running,100.0,1,1
cp_tutorial_3d_monolayer,4,12,1791413315.811682,2919497,worker_0,W001,RescaleIntensity,step_completed,success,3.225806451612903,1,31
cp_tutorial_3d_monolayer,4,12,1791413315.812337,2919497,worker_0,W001,Resize,step_started,started,3.225806451612903,1,31
cp_tutorial_3d_monolayer,4,12,1791413315.8189409,2919499,worker_1,W002,RescaleIntensity,pattern_group,running,100.0,1,1
cp_tutorial_3d_monolayer,4,12,1791413315.8197765,2919499,worker_1,W002,RescaleIntensity,step_completed,success,3.225806451612903,1,31
cp_tutorial_3d_monolayer,4,12,1791413315.8202567,2919499,worker_1,W002,Resize,step_started,started,3.225806451612903,1,31
cp_tutorial_3d_monolayer,4,12,1791413315.8259466,2919501,worker_2,W003,RescaleIntensity,pattern_group,running,100.0,1,1
cp_tutorial_3d_monolayer,4,12,1791413315.8268707,2919501,worker_2,W003,RescaleIntensity,step_completed,success,3.225806451612903,1,31
cp_tutorial_3d_monolayer,4,12,1791413315.8273911,2919501,worker_2,W003,Resize,step_started,started,3.225806451612903,1,31
cp_tutorial_3d_monolayer,4,12,1791413315.8552213,2919503,worker_3,W004,RescaleIntensity,pattern_group,running,100.0,1,1
cp_tutorial_3d_monolayer,4,12,1791413315.8561277,2919503,worker_3,W004,RescaleIntensity,step_completed,success,3.225806451612903,1,31
cp_tutorial_3d_monolayer,4,12,1791413315.8566692,2919503,worker_3,W004,Resize,step_started,started,3.225806451612903,1,31
cp_tutorial_3d_monolayer,4,12,1791413315.9587286,2919497,worker_0,W001,Resize,pattern_group,running,100.0,1,1
cp_tutorial_3d_monolayer,4,12,1791413315.958897,2919497,worker_0,W001,Resize,step_completed,success,6.451612903225806,2,31
cp_tutorial_3d_monolayer,4,12,1791413315.9591973,2919497,worker_0,W001,MedianFilter,step_started,started,6.451612903225806,2,31
cp_tutorial_3d_monolayer,4,12,1791413315.9630382,2919501,worker_2,W003,Resize,pattern_group,running,100.0,1,1
cp_tutorial_3d_monolayer,4,12,1791413315.9632452,2919501,worker_2,W003,Resize,step_completed,success,6.451612903225806,2,31
cp_tutorial_3d_monolayer,4,12,1791413315.9635625,2919501,worker_2,W003,MedianFilter,step_started,started,6.451612903225806,2,31
cp_tutorial_3d_monolayer,4,12,1791413315.9647954,2919499,worker_1,W002,Resize,pattern_group,running,100.0,1,1
cp_tutorial_3d_monolayer,4,12,1791413315.9649818,2919499,worker_1,W002,Resize,step_completed,success,6.451612903225806,2,31
cp_tutorial_3d_monolayer,4,12,1791413315.9656372,2919499,worker_1,W002,MedianFilter,step_started,started,6.451612903225806,2,31
cp_tutorial_3d_monolayer,4,12,1791413315.9903703,2919503,worker_3,W004,Resize,pattern_group,running,100.0,1,1
cp_tutorial_3d_monolayer,4,12,1791413315.990533,2919503,worker_3,W004,Resize,step_completed,success,6.451612903225806,2,31
cp_tutorial_3d_monolayer,4,12,1791413315.9908226,2919503,worker_3,W004,MedianFilter,step_started,started,6.451612903225806,2,31
cp_tutorial_3d_monolayer,4,12,1791413316.1288884,2919501,worker_2,W003,MedianFilter,pattern_group,running,100.0,1,1
cp_tutorial_3d_monolayer,4,12,1791413316.1290326,2919501,worker_2,W003,MedianFilter,step_completed,success,9.67741935483871,3,31
cp_tutorial_3d_monolayer,4,12,1791413316.1294062,2919501,worker_2,W003,Threshold,step_started,started,9.67741935483871,3,31
cp_tutorial_3d_monolayer,4,12,1791413316.1305637,2919499,worker_1,W002,MedianFilter,pattern_group,running,100.0,1,1
cp_tutorial_3d_monolayer,4,12,1791413316.1307478,2919499,worker_1,W002,MedianFilter,step_completed,success,9.67741935483871,3,31
cp_tutorial_3d_monolayer,4,12,1791413316.1311376,2919499,worker_1,W002,Threshold,step_started,started,9.67741935483871,3,31
cp_tutorial_3d_monolayer,4,12,1791413316.1308572,2919497,worker_0,W001,MedianFilter,pattern_group,running,100.0,1,1
cp_tutorial_3d_monolayer,4,12,1791413316.1310017,2919497,worker_0,W001,MedianFilter,step_completed,success,9.67741935483871,3,31
cp_tutorial_3d_monolayer,4,12,1791413316.1313818,2919497,worker_0,W001,Threshold,step_started,started,9.67741935483871,3,31
cp_tutorial_3d_monolayer,4,12,1791413316.1585732,2919503,worker_3,W004,MedianFilter,pattern_group,running,100.0,1,1
cp_tutorial_3d_monolayer,4,12,1791413316.1587486,2919503,worker_3,W004,MedianFilter,step_completed,success,9.67741935483871,3,31
cp_tutorial_3d_monolayer,4,12,1791413316.1591437,2919503,worker_3,W004,Threshold,step_started,started,9.67741935483871,3,31
cp_tutorial_3d_monolayer,4,12,1791413316.1878264,2919501,worker_2,W003,Threshold,pattern_group,running,100.0,1,1
cp_tutorial_3d_monolayer,4,12,1791413316.18815,2919501,worker_2,W003,Threshold,step_completed,success,12.903225806451612,4,31
cp_tutorial_3d_monolayer,4,12,1791413316.1885517,2919501,worker_2,W003,RemoveHoles,step_started,started,12.903225806451612,4,31
cp_tutorial_3d_monolayer,4,12,1791413316.1930683,2919499,worker_1,W002,Threshold,pattern_group,running,100.0,1,1
cp_tutorial_3d_monolayer,4,12,1791413316.1935368,2919499,worker_1,W002,Threshold,step_completed,success,12.903225806451612,4,31
cp_tutorial_3d_monolayer,4,12,1791413316.1939788,2919499,worker_1,W002,RemoveHoles,step_started,started,12.903225806451612,4,31
cp_tutorial_3d_monolayer,4,12,1791413316.195225,2919497,worker_0,W001,Threshold,pattern_group,running,100.0,1,1
cp_tutorial_3d_monolayer,4,12,1791413316.1956007,2919497,worker_0,W001,Threshold,step_completed,success,12.903225806451612,4,31
cp_tutorial_3d_monolayer,4,12,1791413316.196,2919497,worker_0,W001,RemoveHoles,step_started,started,12.903225806451612,4,31
cp_tutorial_3d_monolayer,4,12,1791413316.2074661,2919501,worker_2,W003,RemoveHoles,pattern_group,running,100.0,1,1
cp_tutorial_3d_monolayer,4,12,1791413316.2076783,2919501,worker_2,W003,RemoveHoles,step_completed,success,16.129032258064516,5,31
cp_tutorial_3d_monolayer,4,12,1791413316.2080708,2919501,worker_2,W003,Watershed,step_started,started,16.129032258064516,5,31
cp_tutorial_3d_monolayer,4,12,1791413316.21624,2919499,worker_1,W002,RemoveHoles,pattern_group,running,100.0,1,1
cp_tutorial_3d_monolayer,4,12,1791413316.216405,2919499,worker_1,W002,RemoveHoles,step_completed,success,16.129032258064516,5,31
cp_tutorial_3d_monolayer,4,12,1791413316.2168005,2919499,worker_1,W002,Watershed,step_started,started,16.129032258064516,5,31
cp_tutorial_3d_monolayer,4,12,1791413316.217653,2919497,worker_0,W001,RemoveHoles,pattern_group,running,100.0,1,1
cp_tutorial_3d_monolayer,4,12,1791413316.217845,2919497,worker_0,W001,RemoveHoles,step_completed,success,16.129032258064516,5,31
cp_tutorial_3d_monolayer,4,12,1791413316.2182376,2919497,worker_0,W001,Watershed,step_started,started,16.129032258064516,5,31
cp_tutorial_3d_monolayer,4,12,1791413316.2222857,2919503,worker_3,W004,Threshold,pattern_group,running,100.0,1,1
cp_tutorial_3d_monolayer,4,12,1791413316.222639,2919503,worker_3,W004,Threshold,step_completed,success,12.903225806451612,4,31
cp_tutorial_3d_monolayer,4,12,1791413316.2230463,2919503,worker_3,W004,RemoveHoles,step_started,started,12.903225806451612,4,31
cp_tutorial_3d_monolayer,4,12,1791413316.2420204,2919503,worker_3,W004,RemoveHoles,pattern_group,running,100.0,1,1
cp_tutorial_3d_monolayer,4,12,1791413316.2421782,2919503,worker_3,W004,RemoveHoles,step_completed,success,16.129032258064516,5,31
cp_tutorial_3d_monolayer,4,12,1791413316.2425573,2919503,worker_3,W004,Watershed,step_started,started,16.129032258064516,5,31
cp_tutorial_3d_monolayer,4,12,1791413316.303094,2919501,worker_2,W003,Watershed,pattern_group,running,100.0,1,1
cp_tutorial_3d_monolayer,4,12,1791413316.3036199,2919501,worker_2,W003,Watershed,step_completed,success,19.35483870967742,6,31
cp_tutorial_3d_monolayer,4,12,1791413316.3040733,2919501,worker_2,W003,ResizeObjects,step_started,started,19.35483870967742,6,31
cp_tutorial_3d_monolayer,4,12,1791413316.3153157,2919499,worker_1,W002,Watershed,pattern_group,running,100.0,1,1
cp_tutorial_3d_monolayer,4,12,1791413316.3158343,2919499,worker_1,W002,Watershed,step_completed,success,19.35483870967742,6,31
cp_tutorial_3d_monolayer,4,12,1791413316.3163033,2919499,worker_1,W002,ResizeObjects,step_started,started,19.35483870967742,6,31
cp_tutorial_3d_monolayer,4,12,1791413316.3231032,2919497,worker_0,W001,Watershed,pattern_group,running,100.0,1,1
cp_tutorial_3d_monolayer,4,12,1791413316.32382,2919497,worker_0,W001,Watershed,step_completed,success,19.35483870967742,6,31
cp_tutorial_3d_monolayer,4,12,1791413316.3244019,2919497,worker_0,W001,ResizeObjects,step_started,started,19.35483870967742,6,31
cp_tutorial_3d_monolayer,4,12,1791413316.344546,2919501,worker_2,W003,ResizeObjects,pattern_group,running,100.0,1,1
cp_tutorial_3d_monolayer,4,12,1791413316.3452103,2919501,worker_2,W003,ResizeObjects,step_completed,success,22.58064516129032,7,31
cp_tutorial_3d_monolayer,4,12,1791413316.345784,2919501,worker_2,W003,ErodeObjects,step_started,started,22.58064516129032,7,31
cp_tutorial_3d_monolayer,4,12,1791413316.346995,2919503,worker_3,W004,Watershed,pattern_group,running,100.0,1,1
cp_tutorial_3d_monolayer,4,12,1791413316.3476207,2919503,worker_3,W004,Watershed,step_completed,success,19.35483870967742,6,31
cp_tutorial_3d_monolayer,4,12,1791413316.3482025,2919503,worker_3,W004,ResizeObjects,step_started,started,19.35483870967742,6,31
cp_tutorial_3d_monolayer,4,12,1791413316.3625422,2919499,worker_1,W002,ResizeObjects,pattern_group,running,100.0,1,1
cp_tutorial_3d_monolayer,4,12,1791413316.363198,2919499,worker_1,W002,ResizeObjects,step_completed,success,22.58064516129032,7,31
cp_tutorial_3d_monolayer,4,12,1791413316.363724,2919499,worker_1,W002,ErodeObjects,step_started,started,22.58064516129032,7,31
cp_tutorial_3d_monolayer,4,12,1791413316.3682601,2919497,worker_0,W001,ResizeObjects,pattern_group,running,100.0,1,1
cp_tutorial_3d_monolayer,4,12,1791413316.3688776,2919497,worker_0,W001,ResizeObjects,step_completed,success,22.58064516129032,7,31
cp_tutorial_3d_monolayer,4,12,1791413316.369423,2919497,worker_0,W001,ErodeObjects,step_started,started,22.58064516129032,7,31
cp_tutorial_3d_monolayer,4,12,1791413316.3876038,2919503,worker_3,W004,ResizeObjects,pattern_group,running,100.0,1,1
cp_tutorial_3d_monolayer,4,12,1791413316.388117,2919503,worker_3,W004,ResizeObjects,step_completed,success,22.58064516129032,7,31
cp_tutorial_3d_monolayer,4,12,1791413316.388557,2919503,worker_3,W004,ErodeObjects,step_started,started,22.58064516129032,7,31
cp_tutorial_3d_monolayer,4,12,1791413316.405396,2919501,worker_2,W003,ErodeObjects,pattern_group,running,100.0,1,1
cp_tutorial_3d_monolayer,4,12,1791413316.4058723,2919501,worker_2,W003,ErodeObjects,step_completed,success,25.806451612903224,8,31
cp_tutorial_3d_monolayer,4,12,1791413316.4063668,2919501,worker_2,W003,ResizeObjects,step_started,started,25.806451612903224,8,31
cp_tutorial_3d_monolayer,4,12,1791413316.4306028,2919499,worker_1,W002,ErodeObjects,pattern_group,running,100.0,1,1
cp_tutorial_3d_monolayer,4,12,1791413316.4311125,2919499,worker_1,W002,ErodeObjects,step_completed,success,25.806451612903224,8,31
cp_tutorial_3d_monolayer,4,12,1791413316.4316316,2919499,worker_1,W002,ResizeObjects,step_started,started,25.806451612903224,8,31
cp_tutorial_3d_monolayer,4,12,1791413316.4341152,2919501,worker_2,W003,ResizeObjects,pattern_group,running,100.0,1,1
cp_tutorial_3d_monolayer,4,12,1791413316.434617,2919501,worker_2,W003,ResizeObjects,step_completed,success,29.03225806451613,9,31
cp_tutorial_3d_monolayer,4,12,1791413316.4352198,2919501,worker_2,W003,ConvertObjectsToImage,step_started,started,29.03225806451613,9,31
cp_tutorial_3d_monolayer,4,12,1791413316.4341123,2919497,worker_0,W001,ErodeObjects,pattern_group,running,100.0,1,1
cp_tutorial_3d_monolayer,4,12,1791413316.4346104,2919497,worker_0,W001,ErodeObjects,step_completed,success,25.806451612903224,8,31
cp_tutorial_3d_monolayer,4,12,1791413316.4351885,2919497,worker_0,W001,ResizeObjects,step_started,started,25.806451612903224,8,31
cp_tutorial_3d_monolayer,4,12,1791413316.4568422,2919503,worker_3,W004,ErodeObjects,pattern_group,running,100.0,1,1
cp_tutorial_3d_monolayer,4,12,1791413316.457737,2919503,worker_3,W004,ErodeObjects,step_completed,success,25.806451612903224,8,31
cp_tutorial_3d_monolayer,4,12,1791413316.4584396,2919503,worker_3,W004,ResizeObjects,step_started,started,25.806451612903224,8,31
cp_tutorial_3d_monolayer,4,12,1791413316.4619074,2919501,worker_2,W003,ConvertObjectsToImage,pattern_group,running,100.0,1,1
cp_tutorial_3d_monolayer,4,12,1791413316.4621122,2919501,worker_2,W003,ConvertObjectsToImage,step_completed,success,32.25806451612903,10,31
cp_tutorial_3d_monolayer,4,12,1791413316.4629261,2919501,worker_2,W003,Threshold,step_started,started,32.25806451612903,10,31
cp_tutorial_3d_monolayer,4,12,1791413316.473107,2919499,worker_1,W002,ResizeObjects,pattern_group,running,100.0,1,1
cp_tutorial_3d_monolayer,4,12,1791413316.473831,2919499,worker_1,W002,ResizeObjects,step_completed,success,29.03225806451613,9,31
cp_tutorial_3d_monolayer,4,12,1791413316.474513,2919499,worker_1,W002,ConvertObjectsToImage,step_started,started,29.03225806451613,9,31
cp_tutorial_3d_monolayer,4,12,1791413316.4753985,2919497,worker_0,W001,ResizeObjects,pattern_group,running,100.0,1,1
cp_tutorial_3d_monolayer,4,12,1791413316.4760268,2919497,worker_0,W001,ResizeObjects,step_completed,success,29.03225806451613,9,31
cp_tutorial_3d_monolayer,4,12,1791413316.4767363,2919497,worker_0,W001,ConvertObjectsToImage,step_started,started,29.03225806451613,9,31
cp_tutorial_3d_monolayer,4,12,1791413316.495059,2919503,worker_3,W004,ResizeObjects,pattern_group,running,100.0,1,1
cp_tutorial_3d_monolayer,4,12,1791413316.4955497,2919503,worker_3,W004,ResizeObjects,step_completed,success,29.03225806451613,9,31
cp_tutorial_3d_monolayer,4,12,1791413316.496067,2919503,worker_3,W004,ConvertObjectsToImage,step_started,started,29.03225806451613,9,31
cp_tutorial_3d_monolayer,4,12,1791413316.500511,2919499,worker_1,W002,ConvertObjectsToImage,pattern_group,running,100.0,1,1
cp_tutorial_3d_monolayer,4,12,1791413316.500768,2919499,worker_1,W002,ConvertObjectsToImage,step_completed,success,32.25806451612903,10,31
cp_tutorial_3d_monolayer,4,12,1791413316.5018272,2919499,worker_1,W002,Threshold,step_started,started,32.25806451612903,10,31
cp_tutorial_3d_monolayer,4,12,1791413316.5025034,2919497,worker_0,W001,ConvertObjectsToImage,pattern_group,running,100.0,1,1
cp_tutorial_3d_monolayer,4,12,1791413316.5027282,2919497,worker_0,W001,ConvertObjectsToImage,step_completed,success,32.25806451612903,10,31
cp_tutorial_3d_monolayer,4,12,1791413316.503871,2919497,worker_0,W001,Threshold,step_started,started,32.25806451612903,10,31
cp_tutorial_3d_monolayer,4,12,1791413316.5161922,2919503,worker_3,W004,ConvertObjectsToImage,pattern_group,running,100.0,1,1
cp_tutorial_3d_monolayer,4,12,1791413316.516356,2919503,worker_3,W004,ConvertObjectsToImage,step_completed,success,32.25806451612903,10,31
cp_tutorial_3d_monolayer,4,12,1791413316.51709,2919503,worker_3,W004,Threshold,step_started,started,32.25806451612903,10,31
cp_tutorial_3d_monolayer,4,12,1791413316.7217488,2919501,worker_2,W003,Threshold,pattern_group,running,100.0,1,1
cp_tutorial_3d_monolayer,4,12,1791413316.7220376,2919501,worker_2,W003,Threshold,step_completed,success,35.483870967741936,11,31
cp_tutorial_3d_monolayer,4,12,1791413316.7223973,2919501,worker_2,W003,ImageMath,step_started,started,35.483870967741936,11,31
cp_tutorial_3d_monolayer,4,12,1791413316.7571492,2919501,worker_2,W003,ImageMath,pattern_group,running,100.0,1,1
cp_tutorial_3d_monolayer,4,12,1791413316.7574246,2919501,worker_2,W003,ImageMath,step_completed,success,38.70967741935484,12,31
cp_tutorial_3d_monolayer,4,12,1791413316.7580166,2919501,worker_2,W003,RemoveHoles,step_started,started,38.70967741935484,12,31
cp_tutorial_3d_monolayer,4,12,1791413316.7696137,2919499,worker_1,W002,Threshold,pattern_group,running,100.0,1,1
cp_tutorial_3d_monolayer,4,12,1791413316.7698705,2919499,worker_1,W002,Threshold,step_completed,success,35.483870967741936,11,31
cp_tutorial_3d_monolayer,4,12,1791413316.7702057,2919499,worker_1,W002,ImageMath,step_started,started,35.483870967741936,11,31
cp_tutorial_3d_monolayer,4,12,1791413316.788479,2919503,worker_3,W004,Threshold,pattern_group,running,100.0,1,1
cp_tutorial_3d_monolayer,4,12,1791413316.7888067,2919503,worker_3,W004,Threshold,step_completed,success,35.483870967741936,11,31
cp_tutorial_3d_monolayer,4,12,1791413316.7891715,2919503,worker_3,W004,ImageMath,step_started,started,35.483870967741936,11,31
cp_tutorial_3d_monolayer,4,12,1791413316.7904317,2919497,worker_0,W001,Threshold,pattern_group,running,100.0,1,1
cp_tutorial_3d_monolayer,4,12,1791413316.791136,2919497,worker_0,W001,Threshold,step_completed,success,35.483870967741936,11,31
cp_tutorial_3d_monolayer,4,12,1791413316.7918997,2919497,worker_0,W001,ImageMath,step_started,started,35.483870967741936,11,31
cp_tutorial_3d_monolayer,4,12,1791413316.8110597,2919501,worker_2,W003,RemoveHoles,pattern_group,running,100.0,1,1
cp_tutorial_3d_monolayer,4,12,1791413316.811239,2919501,worker_2,W003,RemoveHoles,step_completed,success,41.935483870967744,13,31
cp_tutorial_3d_monolayer,4,12,1791413316.8117647,2919501,worker_2,W003,ImageMath,step_started,started,41.935483870967744,13,31
cp_tutorial_3d_monolayer,4,12,1791413316.8146138,2919499,worker_1,W002,ImageMath,pattern_group,running,100.0,1,1
cp_tutorial_3d_monolayer,4,12,1791413316.8147986,2919499,worker_1,W002,ImageMath,step_completed,success,38.70967741935484,12,31
cp_tutorial_3d_monolayer,4,12,1791413316.8153312,2919499,worker_1,W002,RemoveHoles,step_started,started,38.70967741935484,12,31
cp_tutorial_3d_monolayer,4,12,1791413316.8300443,2919503,worker_3,W004,ImageMath,pattern_group,running,100.0,1,1
cp_tutorial_3d_monolayer,4,12,1791413316.8302507,2919503,worker_3,W004,ImageMath,step_completed,success,38.70967741935484,12,31
cp_tutorial_3d_monolayer,4,12,1791413316.8308387,2919503,worker_3,W004,RemoveHoles,step_started,started,38.70967741935484,12,31
cp_tutorial_3d_monolayer,4,12,1791413316.8384273,2919497,worker_0,W001,ImageMath,pattern_group,running,100.0,1,1
cp_tutorial_3d_monolayer,4,12,1791413316.8386068,2919497,worker_0,W001,ImageMath,step_completed,success,38.70967741935484,12,31
cp_tutorial_3d_monolayer,4,12,1791413316.839117,2919497,worker_0,W001,RemoveHoles,step_started,started,38.70967741935484,12,31
cp_tutorial_3d_monolayer,4,12,1791413316.866998,2919499,worker_1,W002,RemoveHoles,pattern_group,running,100.0,1,1
cp_tutorial_3d_monolayer,4,12,1791413316.8671696,2919499,worker_1,W002,RemoveHoles,step_completed,success,41.935483870967744,13,31
cp_tutorial_3d_monolayer,4,12,1791413316.8676763,2919499,worker_1,W002,ImageMath,step_started,started,41.935483870967744,13,31
cp_tutorial_3d_monolayer,4,12,1791413316.9097712,2919503,worker_3,W004,RemoveHoles,pattern_group,running,100.0,1,1
cp_tutorial_3d_monolayer,4,12,1791413316.9099412,2919503,worker_3,W004,RemoveHoles,step_completed,success,41.935483870967744,13,31
cp_tutorial_3d_monolayer,4,12,1791413316.910445,2919503,worker_3,W004,ImageMath,step_started,started,41.935483870967744,13,31
cp_tutorial_3d_monolayer,4,12,1791413316.9190733,2919497,worker_0,W001,RemoveHoles,pattern_group,running,100.0,1,1
cp_tutorial_3d_monolayer,4,12,1791413316.9193907,2919497,worker_0,W001,RemoveHoles,step_completed,success,41.935483870967744,13,31
cp_tutorial_3d_monolayer,4,12,1791413316.919967,2919497,worker_0,W001,ImageMath,step_started,started,41.935483870967744,13,31
cp_tutorial_3d_monolayer,4,12,1791413317.602639,2919499,worker_1,W002,ImageMath,pattern_group,running,100.0,1,1
cp_tutorial_3d_monolayer,4,12,1791413317.6028006,2919499,worker_1,W002,ImageMath,step_completed,success,45.16129032258064,14,31
cp_tutorial_3d_monolayer,4,12,1791413317.6031556,2919499,worker_1,W002,Resize,step_started,started,45.16129032258064,14,31
cp_tutorial_3d_monolayer,4,12,1791413317.6038625,2919497,worker_0,W001,ImageMath,pattern_group,running,100.0,1,1
cp_tutorial_3d_monolayer,4,12,1791413317.6041172,2919497,worker_0,W001,ImageMath,step_completed,success,45.16129032258064,14,31
cp_tutorial_3d_monolayer,4,12,1791413317.6045518,2919497,worker_0,W001,Resize,step_started,started,45.16129032258064,14,31
cp_tutorial_3d_monolayer,4,12,1791413317.629844,2919503,worker_3,W004,ImageMath,pattern_group,running,100.0,1,1
cp_tutorial_3d_monolayer,4,12,1791413317.6300576,2919503,worker_3,W004,ImageMath,step_completed,success,45.16129032258064,14,31
cp_tutorial_3d_monolayer,4,12,1791413317.6304781,2919503,worker_3,W004,Resize,step_started,started,45.16129032258064,14,31
cp_tutorial_3d_monolayer,4,12,1791413317.6646407,2919499,worker_1,W002,Resize,pattern_group,running,100.0,1,1
cp_tutorial_3d_monolayer,4,12,1791413317.6648002,2919499,worker_1,W002,Resize,step_completed,success,48.38709677419355,15,31
cp_tutorial_3d_monolayer,4,12,1791413317.671454,2919499,worker_1,W002,Closing,step_started,started,48.38709677419355,15,31
cp_tutorial_3d_monolayer,4,12,1791413317.6680667,2919497,worker_0,W001,Resize,pattern_group,running,100.0,1,1
cp_tutorial_3d_monolayer,4,12,1791413317.6682224,2919497,worker_0,W001,Resize,step_completed,success,48.38709677419355,15,31
cp_tutorial_3d_monolayer,4,12,1791413317.6757796,2919497,worker_0,W001,Closing,step_started,started,48.38709677419355,15,31
cp_tutorial_3d_monolayer,4,12,1791413317.6976588,2919503,worker_3,W004,Resize,pattern_group,running,100.0,1,1
cp_tutorial_3d_monolayer,4,12,1791413317.697821,2919503,worker_3,W004,Resize,step_completed,success,48.38709677419355,15,31
cp_tutorial_3d_monolayer,4,12,1791413317.7047553,2919503,worker_3,W004,Closing,step_started,started,48.38709677419355,15,31
cp_tutorial_3d_monolayer,4,12,1791413317.7531466,2919499,worker_1,W002,Closing,pattern_group,running,100.0,1,1
cp_tutorial_3d_monolayer,4,12,1791413317.7533026,2919499,worker_1,W002,Closing,step_completed,success,51.61290322580645,16,31
cp_tutorial_3d_monolayer,4,12,1791413317.7538042,2919499,worker_1,W002,Resize,step_started,started,51.61290322580645,16,31
cp_tutorial_3d_monolayer,4,12,1791413317.7540157,2919501,worker_2,W003,ImageMath,pattern_group,running,100.0,1,1
cp_tutorial_3d_monolayer,4,12,1791413317.7541707,2919501,worker_2,W003,ImageMath,step_completed,success,45.16129032258064,14,31
cp_tutorial_3d_monolayer,4,12,1791413317.7545161,2919501,worker_2,W003,Resize,step_started,started,45.16129032258064,14,31
cp_tutorial_3d_monolayer,4,12,1791413317.7612922,2919497,worker_0,W001,Closing,pattern_group,running,100.0,1,1
cp_tutorial_3d_monolayer,4,12,1791413317.7614822,2919497,worker_0,W001,Closing,step_completed,success,51.61290322580645,16,31
cp_tutorial_3d_monolayer,4,12,1791413317.7620397,2919497,worker_0,W001,Resize,step_started,started,51.61290322580645,16,31
cp_tutorial_3d_monolayer,4,12,1791413317.7943096,2919503,worker_3,W004,Closing,pattern_group,running,100.0,1,1
cp_tutorial_3d_monolayer,4,12,1791413317.794492,2919503,worker_3,W004,Closing,step_completed,success,51.61290322580645,16,31
cp_tutorial_3d_monolayer,4,12,1791413317.7950222,2919503,worker_3,W004,Resize,step_started,started,51.61290322580645,16,31
cp_tutorial_3d_monolayer,4,12,1791413317.803026,2919499,worker_1,W002,Resize,pattern_group,running,100.0,1,1
cp_tutorial_3d_monolayer,4,12,1791413317.8031816,2919499,worker_1,W002,Resize,step_completed,success,54.83870967741935,17,31
cp_tutorial_3d_monolayer,4,12,1791413317.8037188,2919499,worker_1,W002,Threshold,step_started,started,54.83870967741935,17,31
cp_tutorial_3d_monolayer,4,12,1791413317.8136163,2919497,worker_0,W001,Resize,pattern_group,running,100.0,1,1
cp_tutorial_3d_monolayer,4,12,1791413317.8137715,2919497,worker_0,W001,Resize,step_completed,success,54.83870967741935,17,31
cp_tutorial_3d_monolayer,4,12,1791413317.814283,2919497,worker_0,W001,Threshold,step_started,started,54.83870967741935,17,31
cp_tutorial_3d_monolayer,4,12,1791413317.8178182,2919501,worker_2,W003,Resize,pattern_group,running,100.0,1,1
cp_tutorial_3d_monolayer,4,12,1791413317.817965,2919501,worker_2,W003,Resize,step_completed,success,48.38709677419355,15,31
cp_tutorial_3d_monolayer,4,12,1791413317.8248076,2919501,worker_2,W003,Closing,step_started,started,48.38709677419355,15,31
cp_tutorial_3d_monolayer,4,12,1791413317.8595777,2919503,worker_3,W004,Resize,pattern_group,running,100.0,1,1
cp_tutorial_3d_monolayer,4,12,1791413317.8597443,2919503,worker_3,W004,Resize,step_completed,success,54.83870967741935,17,31
cp_tutorial_3d_monolayer,4,12,1791413317.8604047,2919503,worker_3,W004,Threshold,step_started,started,54.83870967741935,17,31
cp_tutorial_3d_monolayer,4,12,1791413317.9126537,2919501,worker_2,W003,Closing,pattern_group,running,100.0,1,1
cp_tutorial_3d_monolayer,4,12,1791413317.9128382,2919501,worker_2,W003,Closing,step_completed,success,51.61290322580645,16,31
cp_tutorial_3d_monolayer,4,12,1791413317.913431,2919501,worker_2,W003,Resize,step_started,started,51.61290322580645,16,31
cp_tutorial_3d_monolayer,4,12,1791413317.9739099,2919501,worker_2,W003,Resize,pattern_group,running,100.0,1,1
cp_tutorial_3d_monolayer,4,12,1791413317.9741762,2919501,worker_2,W003,Resize,step_completed,success,54.83870967741935,17,31
cp_tutorial_3d_monolayer,4,12,1791413317.9750464,2919501,worker_2,W003,Threshold,step_started,started,54.83870967741935,17,31
cp_tutorial_3d_monolayer,4,12,1791413318.1692379,2919497,worker_0,W001,Threshold,pattern_group,running,100.0,1,1
cp_tutorial_3d_monolayer,4,12,1791413318.1695504,2919497,worker_0,W001,Threshold,step_completed,success,58.06451612903226,18,31
cp_tutorial_3d_monolayer,4,12,1791413318.170148,2919497,worker_0,W001,MaskImage,step_started,started,58.06451612903226,18,31
cp_tutorial_3d_monolayer,4,12,1791413318.2225323,2919497,worker_0,W001,MaskImage,pattern_group,running,100.0,1,1
cp_tutorial_3d_monolayer,4,12,1791413318.222712,2919497,worker_0,W001,MaskImage,step_completed,success,61.29032258064516,19,31
cp_tutorial_3d_monolayer,4,12,1791413318.2311175,2919497,worker_0,W001,ErodeImage,step_started,started,61.29032258064516,19,31
cp_tutorial_3d_monolayer,4,12,1791413318.2331185,2919499,worker_1,W002,Threshold,pattern_group,running,100.0,1,1
cp_tutorial_3d_monolayer,4,12,1791413318.2334373,2919499,worker_1,W002,Threshold,step_completed,success,58.06451612903226,18,31
cp_tutorial_3d_monolayer,4,12,1791413318.2340157,2919499,worker_1,W002,MaskImage,step_started,started,58.06451612903226,18,31
cp_tutorial_3d_monolayer,4,12,1791413318.2680874,2919497,worker_0,W001,ErodeImage,pattern_group,running,100.0,1,1
cp_tutorial_3d_monolayer,4,12,1791413318.2683585,2919497,worker_0,W001,ErodeImage,step_completed,success,64.51612903225806,20,31
cp_tutorial_3d_monolayer,4,12,1791413318.26897,2919497,worker_0,W001,Watershed,step_started,started,64.51612903225806,20,31
cp_tutorial_3d_monolayer,4,12,1791413318.279865,2919499,worker_1,W002,MaskImage,pattern_group,running,100.0,1,1
cp_tutorial_3d_monolayer,4,12,1791413318.2800388,2919499,worker_1,W002,MaskImage,step_completed,success,61.29032258064516,19,31
cp_tutorial_3d_monolayer,4,12,1791413318.2850137,2919503,worker_3,W004,Threshold,pattern_group,running,100.0,1,1
cp_tutorial_3d_monolayer,4,12,1791413318.2852964,2919503,worker_3,W004,Threshold,step_completed,success,58.06451612903226,18,31
cp_tutorial_3d_monolayer,4,12,1791413318.2858365,2919503,worker_3,W004,MaskImage,step_started,started,58.06451612903226,18,31
cp_tutorial_3d_monolayer,4,12,1791413318.2859504,2919499,worker_1,W002,ErodeImage,step_started,started,61.29032258064516,19,31
cp_tutorial_3d_monolayer,4,12,1791413318.3222084,2919501,worker_2,W003,Threshold,pattern_group,running,100.0,1,1
cp_tutorial_3d_monolayer,4,12,1791413318.3224833,2919501,worker_2,W003,Threshold,step_completed,success,58.06451612903226,18,31
cp_tutorial_3d_monolayer,4,12,1791413318.323012,2919501,worker_2,W003,MaskImage,step_started,started,58.06451612903226,18,31
cp_tutorial_3d_monolayer,4,12,1791413318.3232245,2919499,worker_1,W002,ErodeImage,pattern_group,running,100.0,1,1
cp_tutorial_3d_monolayer,4,12,1791413318.3233714,2919499,worker_1,W002,ErodeImage,step_completed,success,64.51612903225806,20,31
cp_tutorial_3d_monolayer,4,12,1791413318.3238776,2919499,worker_1,W002,Watershed,step_started,started,64.51612903225806,20,31
cp_tutorial_3d_monolayer,4,12,1791413318.334695,2919503,worker_3,W004,MaskImage,pattern_group,running,100.0,1,1
cp_tutorial_3d_monolayer,4,12,1791413318.3348823,2919503,worker_3,W004,MaskImage,step_completed,success,61.29032258064516,19,31
cp_tutorial_3d_monolayer,4,12,1791413318.343023,2919503,worker_3,W004,ErodeImage,step_started,started,61.29032258064516,19,31
cp_tutorial_3d_monolayer,4,12,1791413318.3775556,2919501,worker_2,W003,MaskImage,pattern_group,running,100.0,1,1
cp_tutorial_3d_monolayer,4,12,1791413318.3777485,2919501,worker_2,W003,MaskImage,step_completed,success,61.29032258064516,19,31
cp_tutorial_3d_monolayer,4,12,1791413318.3840861,2919501,worker_2,W003,ErodeImage,step_started,started,61.29032258064516,19,31
cp_tutorial_3d_monolayer,4,12,1791413318.3926332,2919503,worker_3,W004,ErodeImage,pattern_group,running,100.0,1,1
cp_tutorial_3d_monolayer,4,12,1791413318.3927832,2919503,worker_3,W004,ErodeImage,step_completed,success,64.51612903225806,20,31
cp_tutorial_3d_monolayer,4,12,1791413318.3933601,2919503,worker_3,W004,Watershed,step_started,started,64.51612903225806,20,31
cp_tutorial_3d_monolayer,4,12,1791413318.418786,2919497,worker_0,W001,Watershed,pattern_group,running,100.0,1,1
cp_tutorial_3d_monolayer,4,12,1791413318.4193192,2919497,worker_0,W001,Watershed,step_completed,success,67.74193548387096,21,31
cp_tutorial_3d_monolayer,4,12,1791413318.4200287,2919497,worker_0,W001,MeasureObjectIntensity,step_started,started,67.74193548387096,21,31
cp_tutorial_3d_monolayer,4,12,1791413318.4219635,2919501,worker_2,W003,ErodeImage,pattern_group,running,100.0,1,1
cp_tutorial_3d_monolayer,4,12,1791413318.4222586,2919501,worker_2,W003,ErodeImage,step_completed,success,64.51612903225806,20,31
cp_tutorial_3d_monolayer,4,12,1791413318.4229755,2919501,worker_2,W003,Watershed,step_started,started,64.51612903225806,20,31
cp_tutorial_3d_monolayer,4,12,1791413318.502877,2919499,worker_1,W002,Watershed,pattern_group,running,100.0,1,1
cp_tutorial_3d_monolayer,4,12,1791413318.5033128,2919499,worker_1,W002,Watershed,step_completed,success,67.74193548387096,21,31
cp_tutorial_3d_monolayer,4,12,1791413318.5039232,2919499,worker_1,W002,MeasureObjectIntensity,step_started,started,67.74193548387096,21,31
cp_tutorial_3d_monolayer,4,12,1791413318.5849853,2919503,worker_3,W004,Watershed,pattern_group,running,100.0,1,1
cp_tutorial_3d_monolayer,4,12,1791413318.5854528,2919503,worker_3,W004,Watershed,step_completed,success,67.74193548387096,21,31
cp_tutorial_3d_monolayer,4,12,1791413318.586119,2919503,worker_3,W004,MeasureObjectIntensity,step_started,started,67.74193548387096,21,31
cp_tutorial_3d_monolayer,4,12,1791413318.6448376,2919501,worker_2,W003,Watershed,pattern_group,running,100.0,1,1
cp_tutorial_3d_monolayer,4,12,1791413318.645334,2919501,worker_2,W003,Watershed,step_completed,success,67.74193548387096,21,31
cp_tutorial_3d_monolayer,4,12,1791413318.64616,2919501,worker_2,W003,MeasureObjectIntensity,step_started,started,67.74193548387096,21,31
cp_tutorial_3d_monolayer,4,12,1791413318.750928,2919497,worker_0,W001,MeasureObjectIntensity,pattern_group,running,50.0,1,2
cp_tutorial_3d_monolayer,4,12,1791413318.828064,2919499,worker_1,W002,MeasureObjectIntensity,pattern_group,running,50.0,1,2
cp_tutorial_3d_monolayer,4,12,1791413318.8714907,2919503,worker_3,W004,MeasureObjectIntensity,pattern_group,running,50.0,1,2
cp_tutorial_3d_monolayer,4,12,1791413318.962744,2919501,worker_2,W003,MeasureObjectIntensity,pattern_group,running,50.0,1,2
cp_tutorial_3d_monolayer,4,12,1791413319.138216,2919497,worker_0,W001,MeasureObjectIntensity,pattern_group,running,100.0,2,2
cp_tutorial_3d_monolayer,4,12,1791413319.1411521,2919497,worker_0,W001,MeasureObjectIntensity,step_completed,success,70.96774193548387,22,31
cp_tutorial_3d_monolayer,4,12,1791413319.1416411,2919497,worker_0,W001,MeasureObjectSizeShape,step_started,started,70.96774193548387,22,31
cp_tutorial_3d_monolayer,4,12,1791413319.1983516,2919499,worker_1,W002,MeasureObjectIntensity,pattern_group,running,100.0,2,2
cp_tutorial_3d_monolayer,4,12,1791413319.2009223,2919499,worker_1,W002,MeasureObjectIntensity,step_completed,success,70.96774193548387,22,31
cp_tutorial_3d_monolayer,4,12,1791413319.2013307,2919499,worker_1,W002,MeasureObjectSizeShape,step_started,started,70.96774193548387,22,31
cp_tutorial_3d_monolayer,4,12,1791413319.2457805,2919497,worker_0,W001,MeasureObjectSizeShape,pattern_group,running,50.0,1,2
cp_tutorial_3d_monolayer,4,12,1791413319.2529287,2919503,worker_3,W004,MeasureObjectIntensity,pattern_group,running,100.0,2,2
cp_tutorial_3d_monolayer,4,12,1791413319.2558548,2919503,worker_3,W004,MeasureObjectIntensity,step_completed,success,70.96774193548387,22,31
cp_tutorial_3d_monolayer,4,12,1791413319.2562866,2919503,worker_3,W004,MeasureObjectSizeShape,step_started,started,70.96774193548387,22,31
cp_tutorial_3d_monolayer,4,12,1791413319.2975872,2919499,worker_1,W002,MeasureObjectSizeShape,pattern_group,running,50.0,1,2
cp_tutorial_3d_monolayer,4,12,1791413319.3160462,2919501,worker_2,W003,MeasureObjectIntensity,pattern_group,running,100.0,2,2
cp_tutorial_3d_monolayer,4,12,1791413319.3183956,2919501,worker_2,W003,MeasureObjectIntensity,step_completed,success,70.96774193548387,22,31
cp_tutorial_3d_monolayer,4,12,1791413319.3187687,2919501,worker_2,W003,MeasureObjectSizeShape,step_started,started,70.96774193548387,22,31
cp_tutorial_3d_monolayer,4,12,1791413319.3501527,2919503,worker_3,W004,MeasureObjectSizeShape,pattern_group,running,50.0,1,2
cp_tutorial_3d_monolayer,4,12,1791413319.348972,2919497,worker_0,W001,MeasureObjectSizeShape,pattern_group,running,100.0,2,2
cp_tutorial_3d_monolayer,4,12,1791413319.3495958,2919497,worker_0,W001,MeasureObjectSizeShape,step_completed,success,74.19354838709677,23,31
cp_tutorial_3d_monolayer,4,12,1791413319.3499954,2919497,worker_0,W001,OverlayObjects,step_started,started,74.19354838709677,23,31
cp_tutorial_3d_monolayer,4,12,1791413319.393388,2919499,worker_1,W002,MeasureObjectSizeShape,pattern_group,running,100.0,2,2
cp_tutorial_3d_monolayer,4,12,1791413319.393971,2919499,worker_1,W002,MeasureObjectSizeShape,step_completed,success,74.19354838709677,23,31
cp_tutorial_3d_monolayer,4,12,1791413319.3943663,2919499,worker_1,W002,OverlayObjects,step_started,started,74.19354838709677,23,31
cp_tutorial_3d_monolayer,4,12,1791413319.3979945,2919497,worker_0,W001,OverlayObjects,pattern_group,running,100.0,1,1
cp_tutorial_3d_monolayer,4,12,1791413319.3981807,2919497,worker_0,W001,OverlayObjects,step_completed,success,77.41935483870968,24,31
cp_tutorial_3d_monolayer,4,12,1791413319.3991406,2919497,worker_0,W001,RescaleIntensity,step_started,started,77.41935483870968,24,31
cp_tutorial_3d_monolayer,4,12,1791413319.4093611,2919501,worker_2,W003,MeasureObjectSizeShape,pattern_group,running,50.0,1,2
cp_tutorial_3d_monolayer,4,12,1791413319.4335294,2919499,worker_1,W002,OverlayObjects,pattern_group,running,100.0,1,1
cp_tutorial_3d_monolayer,4,12,1791413319.4336507,2919499,worker_1,W002,OverlayObjects,step_completed,success,77.41935483870968,24,31
cp_tutorial_3d_monolayer,4,12,1791413319.4346015,2919499,worker_1,W002,RescaleIntensity,step_started,started,77.41935483870968,24,31
cp_tutorial_3d_monolayer,4,12,1791413319.4520876,2919503,worker_3,W004,MeasureObjectSizeShape,pattern_group,running,100.0,2,2
cp_tutorial_3d_monolayer,4,12,1791413319.4526846,2919503,worker_3,W004,MeasureObjectSizeShape,step_completed,success,74.19354838709677,23,31
cp_tutorial_3d_monolayer,4,12,1791413319.4530582,2919503,worker_3,W004,OverlayObjects,step_started,started,74.19354838709677,23,31
cp_tutorial_3d_monolayer,4,12,1791413319.488246,2919503,worker_3,W004,OverlayObjects,pattern_group,running,100.0,1,1
cp_tutorial_3d_monolayer,4,12,1791413319.4883897,2919503,worker_3,W004,OverlayObjects,step_completed,success,77.41935483870968,24,31
cp_tutorial_3d_monolayer,4,12,1791413319.4892511,2919503,worker_3,W004,RescaleIntensity,step_started,started,77.41935483870968,24,31
cp_tutorial_3d_monolayer,4,12,1791413319.4984176,2919497,worker_0,W001,RescaleIntensity,pattern_group,running,100.0,1,1
cp_tutorial_3d_monolayer,4,12,1791413319.4985793,2919497,worker_0,W001,RescaleIntensity,step_completed,success,80.64516129032258,25,31
cp_tutorial_3d_monolayer,4,12,1791413319.4989643,2919497,worker_0,W001,OverlayObjects,step_started,started,80.64516129032258,25,31
cp_tutorial_3d_monolayer,4,12,1791413319.5072117,2919501,worker_2,W003,MeasureObjectSizeShape,pattern_group,running,100.0,2,2
cp_tutorial_3d_monolayer,4,12,1791413319.5080867,2919501,worker_2,W003,MeasureObjectSizeShape,step_completed,success,74.19354838709677,23,31
cp_tutorial_3d_monolayer,4,12,1791413319.5085711,2919501,worker_2,W003,OverlayObjects,step_started,started,74.19354838709677,23,31
cp_tutorial_3d_monolayer,4,12,1791413319.5329313,2919497,worker_0,W001,OverlayObjects,pattern_group,running,100.0,1,1
cp_tutorial_3d_monolayer,4,12,1791413319.5330908,2919497,worker_0,W001,OverlayObjects,step_completed,success,83.87096774193549,26,31
cp_tutorial_3d_monolayer,4,12,1791413319.5337741,2919497,worker_0,W001,ConvertObjectsToImage,step_started,started,83.87096774193549,26,31
cp_tutorial_3d_monolayer,4,12,1791413319.5357413,2919499,worker_1,W002,RescaleIntensity,pattern_group,running,100.0,1,1
cp_tutorial_3d_monolayer,4,12,1791413319.536005,2919499,worker_1,W002,RescaleIntensity,step_completed,success,80.64516129032258,25,31
cp_tutorial_3d_monolayer,4,12,1791413319.5364408,2919499,worker_1,W002,OverlayObjects,step_started,started,80.64516129032258,25,31
cp_tutorial_3d_monolayer,4,12,1791413319.5423875,2919501,worker_2,W003,OverlayObjects,pattern_group,running,100.0,1,1
cp_tutorial_3d_monolayer,4,12,1791413319.5425732,2919501,worker_2,W003,OverlayObjects,step_completed,success,77.41935483870968,24,31
cp_tutorial_3d_monolayer,4,12,1791413319.5437222,2919501,worker_2,W003,RescaleIntensity,step_started,started,77.41935483870968,24,31
cp_tutorial_3d_monolayer,4,12,1791413319.5676572,2919499,worker_1,W002,OverlayObjects,pattern_group,running,100.0,1,1
cp_tutorial_3d_monolayer,4,12,1791413319.567765,2919499,worker_1,W002,OverlayObjects,step_completed,success,83.87096774193549,26,31
cp_tutorial_3d_monolayer,4,12,1791413319.5683486,2919499,worker_1,W002,ConvertObjectsToImage,step_started,started,83.87096774193549,26,31
cp_tutorial_3d_monolayer,4,12,1791413319.5705009,2919497,worker_0,W001,ConvertObjectsToImage,pattern_group,running,100.0,1,1
cp_tutorial_3d_monolayer,4,12,1791413319.5706544,2919497,worker_0,W001,ConvertObjectsToImage,step_completed,success,87.09677419354838,27,31
cp_tutorial_3d_monolayer,4,12,1791413319.571299,2919497,worker_0,W001,SaveImages,step_started,started,87.09677419354838,27,31
cp_tutorial_3d_monolayer,4,12,1791413319.599949,2919503,worker_3,W004,RescaleIntensity,pattern_group,running,100.0,1,1
cp_tutorial_3d_monolayer,4,12,1791413319.6001153,2919503,worker_3,W004,RescaleIntensity,step_completed,success,80.64516129032258,25,31
cp_tutorial_3d_monolayer,4,12,1791413319.6005273,2919503,worker_3,W004,OverlayObjects,step_started,started,80.64516129032258,25,31
cp_tutorial_3d_monolayer,4,12,1791413319.6036065,2919499,worker_1,W002,ConvertObjectsToImage,pattern_group,running,100.0,1,1
cp_tutorial_3d_monolayer,4,12,1791413319.603782,2919499,worker_1,W002,ConvertObjectsToImage,step_completed,success,87.09677419354838,27,31
cp_tutorial_3d_monolayer,4,12,1791413319.6044447,2919499,worker_1,W002,SaveImages,step_started,started,87.09677419354838,27,31
cp_tutorial_3d_monolayer,4,12,1791413319.630242,2919503,worker_3,W004,OverlayObjects,pattern_group,running,100.0,1,1
cp_tutorial_3d_monolayer,4,12,1791413319.6304276,2919503,worker_3,W004,OverlayObjects,step_completed,success,83.87096774193549,26,31
cp_tutorial_3d_monolayer,4,12,1791413319.6280928,2919497,worker_0,W001,SaveImages,pattern_group,running,100.0,1,1
cp_tutorial_3d_monolayer,4,12,1791413319.6311548,2919503,worker_3,W004,ConvertObjectsToImage,step_started,started,83.87096774193549,26,31
cp_tutorial_3d_monolayer,4,12,1791413319.6397524,2919497,worker_0,W001,SaveImages,step_completed,success,90.32258064516128,28,31
cp_tutorial_3d_monolayer,4,12,1791413319.6408331,2919497,worker_0,W001,ConvertObjectsToImage,step_started,started,90.32258064516128,28,31
cp_tutorial_3d_monolayer,4,12,1791413319.646258,2919501,worker_2,W003,RescaleIntensity,pattern_group,running,100.0,1,1
cp_tutorial_3d_monolayer,4,12,1791413319.6465135,2919501,worker_2,W003,RescaleIntensity,step_completed,success,80.64516129032258,25,31
cp_tutorial_3d_monolayer,4,12,1791413319.6469538,2919501,worker_2,W003,OverlayObjects,step_started,started,80.64516129032258,25,31
cp_tutorial_3d_monolayer,4,12,1791413319.6571288,2919499,worker_1,W002,SaveImages,pattern_group,running,100.0,1,1
cp_tutorial_3d_monolayer,4,12,1791413319.666668,2919499,worker_1,W002,SaveImages,step_completed,success,90.32258064516128,28,31
cp_tutorial_3d_monolayer,4,12,1791413319.667312,2919499,worker_1,W002,ConvertObjectsToImage,step_started,started,90.32258064516128,28,31
cp_tutorial_3d_monolayer,4,12,1791413319.673046,2919501,worker_2,W003,OverlayObjects,pattern_group,running,100.0,1,1
cp_tutorial_3d_monolayer,4,12,1791413319.6732564,2919501,worker_2,W003,OverlayObjects,step_completed,success,83.87096774193549,26,31
cp_tutorial_3d_monolayer,4,12,1791413319.673961,2919501,worker_2,W003,ConvertObjectsToImage,step_started,started,83.87096774193549,26,31
cp_tutorial_3d_monolayer,4,12,1791413319.6728778,2919503,worker_3,W004,ConvertObjectsToImage,pattern_group,running,100.0,1,1
cp_tutorial_3d_monolayer,4,12,1791413319.6732035,2919503,worker_3,W004,ConvertObjectsToImage,step_completed,success,87.09677419354838,27,31
cp_tutorial_3d_monolayer,4,12,1791413319.6739273,2919503,worker_3,W004,SaveImages,step_started,started,87.09677419354838,27,31
cp_tutorial_3d_monolayer,4,12,1791413319.6850755,2919497,worker_0,W001,ConvertObjectsToImage,pattern_group,running,100.0,1,1
cp_tutorial_3d_monolayer,4,12,1791413319.6853168,2919497,worker_0,W001,ConvertObjectsToImage,step_completed,success,93.54838709677419,29,31
cp_tutorial_3d_monolayer,4,12,1791413319.6860268,2919497,worker_0,W001,SaveImages,step_started,started,93.54838709677419,29,31
cp_tutorial_3d_monolayer,4,12,1791413319.7027113,2919499,worker_1,W002,ConvertObjectsToImage,pattern_group,running,100.0,1,1
cp_tutorial_3d_monolayer,4,12,1791413319.702897,2919499,worker_1,W002,ConvertObjectsToImage,step_completed,success,93.54838709677419,29,31
cp_tutorial_3d_monolayer,4,12,1791413319.7034957,2919499,worker_1,W002,SaveImages,step_started,started,93.54838709677419,29,31
cp_tutorial_3d_monolayer,4,12,1791413319.7088675,2919501,worker_2,W003,ConvertObjectsToImage,pattern_group,running,100.0,1,1
cp_tutorial_3d_monolayer,4,12,1791413319.7090304,2919501,worker_2,W003,ConvertObjectsToImage,step_completed,success,87.09677419354838,27,31
cp_tutorial_3d_monolayer,4,12,1791413319.7096388,2919501,worker_2,W003,SaveImages,step_started,started,87.09677419354838,27,31
cp_tutorial_3d_monolayer,4,12,1791413319.730588,2919503,worker_3,W004,SaveImages,pattern_group,running,100.0,1,1
cp_tutorial_3d_monolayer,4,12,1791413319.7383144,2919503,worker_3,W004,SaveImages,step_completed,success,90.32258064516128,28,31
cp_tutorial_3d_monolayer,4,12,1791413319.7389262,2919503,worker_3,W004,ConvertObjectsToImage,step_started,started,90.32258064516128,28,31
cp_tutorial_3d_monolayer,4,12,1791413319.7392406,2919497,worker_0,W001,SaveImages,pattern_group,running,100.0,1,1
cp_tutorial_3d_monolayer,4,12,1791413319.750324,2919497,worker_0,W001,SaveImages,step_completed,success,96.7741935483871,30,31
cp_tutorial_3d_monolayer,4,12,1791413319.7536666,2919497,worker_0,W001,pipeline,axis_completed,success,96.7741935483871,30,31
cp_tutorial_3d_monolayer,4,12,1791413319.7537775,2919497,worker_0,W005,pipeline,axis_started,started,0.0,0,31
cp_tutorial_3d_monolayer,4,12,1791413319.7537274,2919499,worker_1,W002,SaveImages,pattern_group,running,100.0,1,1
cp_tutorial_3d_monolayer,4,12,1791413319.757159,2919497,worker_0,W005,RescaleIntensity,step_started,started,0.0,0,31
cp_tutorial_3d_monolayer,4,12,1791413319.7588391,2919501,worker_2,W003,SaveImages,pattern_group,running,100.0,1,1
cp_tutorial_3d_monolayer,4,12,1791413319.761315,2919499,worker_1,W002,SaveImages,step_completed,success,96.7741935483871,30,31
cp_tutorial_3d_monolayer,4,12,1791413319.765122,2919499,worker_1,W002,pipeline,axis_completed,success,96.7741935483871,30,31
cp_tutorial_3d_monolayer,4,12,1791413319.7652314,2919499,worker_1,W006,pipeline,axis_started,started,0.0,0,31
cp_tutorial_3d_monolayer,4,12,1791413319.7669234,2919501,worker_2,W003,SaveImages,step_completed,success,90.32258064516128,28,31
cp_tutorial_3d_monolayer,4,12,1791413319.767555,2919501,worker_2,W003,ConvertObjectsToImage,step_started,started,90.32258064516128,28,31
cp_tutorial_3d_monolayer,4,12,1791413319.7685049,2919499,worker_1,W006,RescaleIntensity,step_started,started,0.0,0,31
cp_tutorial_3d_monolayer,4,12,1791413319.7770448,2919503,worker_3,W004,ConvertObjectsToImage,pattern_group,running,100.0,1,1
cp_tutorial_3d_monolayer,4,12,1791413319.7772844,2919503,worker_3,W004,ConvertObjectsToImage,step_completed,success,93.54838709677419,29,31
cp_tutorial_3d_monolayer,4,12,1791413319.7779593,2919503,worker_3,W004,SaveImages,step_started,started,93.54838709677419,29,31
cp_tutorial_3d_monolayer,4,12,1791413319.800023,2919501,worker_2,W003,ConvertObjectsToImage,pattern_group,running,100.0,1,1
cp_tutorial_3d_monolayer,4,12,1791413319.8002145,2919501,worker_2,W003,ConvertObjectsToImage,step_completed,success,93.54838709677419,29,31
cp_tutorial_3d_monolayer,4,12,1791413319.8008223,2919501,worker_2,W003,SaveImages,step_started,started,93.54838709677419,29,31
cp_tutorial_3d_monolayer,4,12,1791413319.8281999,2919503,worker_3,W004,SaveImages,pattern_group,running,100.0,1,1
cp_tutorial_3d_monolayer,4,12,1791413319.8357995,2919503,worker_3,W004,SaveImages,step_completed,success,96.7741935483871,30,31
cp_tutorial_3d_monolayer,4,12,1791413319.8387387,2919503,worker_3,W004,pipeline,axis_completed,success,96.7741935483871,30,31
cp_tutorial_3d_monolayer,4,12,1791413319.8388178,2919503,worker_3,W008,pipeline,axis_started,started,0.0,0,31
cp_tutorial_3d_monolayer,4,12,1791413319.8432858,2919503,worker_3,W008,RescaleIntensity,step_started,started,0.0,0,31
cp_tutorial_3d_monolayer,4,12,1791413319.848118,2919501,worker_2,W003,SaveImages,pattern_group,running,100.0,1,1
cp_tutorial_3d_monolayer,4,12,1791413319.8559885,2919501,worker_2,W003,SaveImages,step_completed,success,96.7741935483871,30,31
cp_tutorial_3d_monolayer,4,12,1791413319.8590016,2919501,worker_2,W003,pipeline,axis_completed,success,96.7741935483871,30,31
cp_tutorial_3d_monolayer,4,12,1791413319.8590794,2919501,worker_2,W007,pipeline,axis_started,started,0.0,0,31
cp_tutorial_3d_monolayer,4,12,1791413319.8625326,2919501,worker_2,W007,RescaleIntensity,step_started,started,0.0,0,31
cp_tutorial_3d_monolayer,4,12,1791413320.0804691,2919499,worker_1,W006,RescaleIntensity,pattern_group,running,100.0,1,1
cp_tutorial_3d_monolayer,4,12,1791413320.0807135,2919499,worker_1,W006,RescaleIntensity,step_completed,success,3.225806451612903,1,31
cp_tutorial_3d_monolayer,4,12,1791413320.081065,2919499,worker_1,W006,Resize,step_started,started,3.225806451612903,1,31
cp_tutorial_3d_monolayer,4,12,1791413320.09216,2919497,worker_0,W005,RescaleIntensity,pattern_group,running,100.0,1,1
cp_tutorial_3d_monolayer,4,12,1791413320.0923862,2919497,worker_0,W005,RescaleIntensity,step_completed,success,3.225806451612903,1,31
cp_tutorial_3d_monolayer,4,12,1791413320.0927527,2919497,worker_0,W005,Resize,step_started,started,3.225806451612903,1,31
cp_tutorial_3d_monolayer,4,12,1791413320.1377494,2919499,worker_1,W006,Resize,pattern_group,running,100.0,1,1
cp_tutorial_3d_monolayer,4,12,1791413320.1379063,2919499,worker_1,W006,Resize,step_completed,success,6.451612903225806,2,31
cp_tutorial_3d_monolayer,4,12,1791413320.138195,2919499,worker_1,W006,MedianFilter,step_started,started,6.451612903225806,2,31
cp_tutorial_3d_monolayer,4,12,1791413320.1532164,2919497,worker_0,W005,Resize,pattern_group,running,100.0,1,1
cp_tutorial_3d_monolayer,4,12,1791413320.1533895,2919497,worker_0,W005,Resize,step_completed,success,6.451612903225806,2,31
cp_tutorial_3d_monolayer,4,12,1791413320.15368,2919497,worker_0,W005,MedianFilter,step_started,started,6.451612903225806,2,31
cp_tutorial_3d_monolayer,4,12,1791413320.163656,2919503,worker_3,W008,RescaleIntensity,pattern_group,running,100.0,1,1
cp_tutorial_3d_monolayer,4,12,1791413320.1638436,2919503,worker_3,W008,RescaleIntensity,step_completed,success,3.225806451612903,1,31
cp_tutorial_3d_monolayer,4,12,1791413320.1641698,2919503,worker_3,W008,Resize,step_started,started,3.225806451612903,1,31
cp_tutorial_3d_monolayer,4,12,1791413320.1849413,2919501,worker_2,W007,RescaleIntensity,pattern_group,running,100.0,1,1
cp_tutorial_3d_monolayer,4,12,1791413320.185102,2919501,worker_2,W007,RescaleIntensity,step_completed,success,3.225806451612903,1,31
cp_tutorial_3d_monolayer,4,12,1791413320.185428,2919501,worker_2,W007,Resize,step_started,started,3.225806451612903,1,31
cp_tutorial_3d_monolayer,4,12,1791413320.225339,2919503,worker_3,W008,Resize,pattern_group,running,100.0,1,1
cp_tutorial_3d_monolayer,4,12,1791413320.2254906,2919503,worker_3,W008,Resize,step_completed,success,6.451612903225806,2,31
cp_tutorial_3d_monolayer,4,12,1791413320.2257898,2919503,worker_3,W008,MedianFilter,step_started,started,6.451612903225806,2,31
cp_tutorial_3d_monolayer,4,12,1791413320.243738,2919501,worker_2,W007,Resize,pattern_group,running,100.0,1,1
cp_tutorial_3d_monolayer,4,12,1791413320.2439036,2919501,worker_2,W007,Resize,step_completed,success,6.451612903225806,2,31
cp_tutorial_3d_monolayer,4,12,1791413320.2442043,2919501,worker_2,W007,MedianFilter,step_started,started,6.451612903225806,2,31
cp_tutorial_3d_monolayer,4,12,1791413320.3065598,2919499,worker_1,W006,MedianFilter,pattern_group,running,100.0,1,1
cp_tutorial_3d_monolayer,4,12,1791413320.3067038,2919499,worker_1,W006,MedianFilter,step_completed,success,9.67741935483871,3,31
cp_tutorial_3d_monolayer,4,12,1791413320.3070521,2919499,worker_1,W006,Threshold,step_started,started,9.67741935483871,3,31
cp_tutorial_3d_monolayer,4,12,1791413320.3200796,2919497,worker_0,W005,MedianFilter,pattern_group,running,100.0,1,1
cp_tutorial_3d_monolayer,4,12,1791413320.3202302,2919497,worker_0,W005,MedianFilter,step_completed,success,9.67741935483871,3,31
cp_tutorial_3d_monolayer,4,12,1791413320.32067,2919497,worker_0,W005,Threshold,step_started,started,9.67741935483871,3,31
cp_tutorial_3d_monolayer,4,12,1791413320.34347,2919499,worker_1,W006,Threshold,pattern_group,running,100.0,1,1
cp_tutorial_3d_monolayer,4,12,1791413320.3437848,2919499,worker_1,W006,Threshold,step_completed,success,12.903225806451612,4,31
cp_tutorial_3d_monolayer,4,12,1791413320.3441741,2919499,worker_1,W006,RemoveHoles,step_started,started,12.903225806451612,4,31
cp_tutorial_3d_monolayer,4,12,1791413320.3586962,2919497,worker_0,W005,Threshold,pattern_group,running,100.0,1,1
cp_tutorial_3d_monolayer,4,12,1791413320.3589473,2919497,worker_0,W005,Threshold,step_completed,success,12.903225806451612,4,31
cp_tutorial_3d_monolayer,4,12,1791413320.3593297,2919497,worker_0,W005,RemoveHoles,step_started,started,12.903225806451612,4,31
cp_tutorial_3d_monolayer,4,12,1791413320.3595896,2919499,worker_1,W006,RemoveHoles,pattern_group,running,100.0,1,1
cp_tutorial_3d_monolayer,4,12,1791413320.35973,2919499,worker_1,W006,RemoveHoles,step_completed,success,16.129032258064516,5,31
cp_tutorial_3d_monolayer,4,12,1791413320.3601031,2919499,worker_1,W006,Watershed,step_started,started,16.129032258064516,5,31
cp_tutorial_3d_monolayer,4,12,1791413320.3756018,2919497,worker_0,W005,RemoveHoles,pattern_group,running,100.0,1,1
cp_tutorial_3d_monolayer,4,12,1791413320.375769,2919497,worker_0,W005,RemoveHoles,step_completed,success,16.129032258064516,5,31
cp_tutorial_3d_monolayer,4,12,1791413320.3762538,2919497,worker_0,W005,Watershed,step_started,started,16.129032258064516,5,31
cp_tutorial_3d_monolayer,4,12,1791413320.3927932,2919503,worker_3,W008,MedianFilter,pattern_group,running,100.0,1,1
cp_tutorial_3d_monolayer,4,12,1791413320.393026,2919503,worker_3,W008,MedianFilter,step_completed,success,9.67741935483871,3,31
cp_tutorial_3d_monolayer,4,12,1791413320.3934915,2919503,worker_3,W008,Threshold,step_started,started,9.67741935483871,3,31
cp_tutorial_3d_monolayer,4,12,1791413320.409204,2919501,worker_2,W007,MedianFilter,pattern_group,running,100.0,1,1
cp_tutorial_3d_monolayer,4,12,1791413320.4093678,2919501,worker_2,W007,MedianFilter,step_completed,success,9.67741935483871,3,31
cp_tutorial_3d_monolayer,4,12,1791413320.4097297,2919501,worker_2,W007,Threshold,step_started,started,9.67741935483871,3,31
cp_tutorial_3d_monolayer,4,12,1791413320.432793,2919503,worker_3,W008,Threshold,pattern_group,running,100.0,1,1
cp_tutorial_3d_monolayer,4,12,1791413320.4330692,2919503,worker_3,W008,Threshold,step_completed,success,12.903225806451612,4,31
cp_tutorial_3d_monolayer,4,12,1791413320.43347,2919503,worker_3,W008,RemoveHoles,step_started,started,12.903225806451612,4,31
cp_tutorial_3d_monolayer,4,12,1791413320.4510536,2919501,worker_2,W007,Threshold,pattern_group,running,100.0,1,1
cp_tutorial_3d_monolayer,4,12,1791413320.4513216,2919501,worker_2,W007,Threshold,step_completed,success,12.903225806451612,4,31
cp_tutorial_3d_monolayer,4,12,1791413320.4517093,2919501,worker_2,W007,RemoveHoles,step_started,started,12.903225806451612,4,31
cp_tutorial_3d_monolayer,4,12,1791413320.452176,2919503,worker_3,W008,RemoveHoles,pattern_group,running,100.0,1,1
cp_tutorial_3d_monolayer,4,12,1791413320.4523249,2919503,worker_3,W008,RemoveHoles,step_completed,success,16.129032258064516,5,31
cp_tutorial_3d_monolayer,4,12,1791413320.4527025,2919503,worker_3,W008,Watershed,step_started,started,16.129032258064516,5,31
cp_tutorial_3d_monolayer,4,12,1791413320.4530315,2919499,worker_1,W006,Watershed,pattern_group,running,100.0,1,1
cp_tutorial_3d_monolayer,4,12,1791413320.4535205,2919499,worker_1,W006,Watershed,step_completed,success,19.35483870967742,6,31
cp_tutorial_3d_monolayer,4,12,1791413320.453995,2919499,worker_1,W006,ResizeObjects,step_started,started,19.35483870967742,6,31
cp_tutorial_3d_monolayer,4,12,1791413320.4737236,2919501,worker_2,W007,RemoveHoles,pattern_group,running,100.0,1,1
cp_tutorial_3d_monolayer,4,12,1791413320.473929,2919501,worker_2,W007,RemoveHoles,step_completed,success,16.129032258064516,5,31
cp_tutorial_3d_monolayer,4,12,1791413320.4743667,2919501,worker_2,W007,Watershed,step_started,started,16.129032258064516,5,31
cp_tutorial_3d_monolayer,4,12,1791413320.4766958,2919497,worker_0,W005,Watershed,pattern_group,running,100.0,1,1
cp_tutorial_3d_monolayer,4,12,1791413320.477346,2919497,worker_0,W005,Watershed,step_completed,success,19.35483870967742,6,31
cp_tutorial_3d_monolayer,4,12,1791413320.4780843,2919497,worker_0,W005,ResizeObjects,step_started,started,19.35483870967742,6,31
cp_tutorial_3d_monolayer,4,12,1791413320.4889035,2919499,worker_1,W006,ResizeObjects,pattern_group,running,100.0,1,1
cp_tutorial_3d_monolayer,4,12,1791413320.4895442,2919499,worker_1,W006,ResizeObjects,step_completed,success,22.58064516129032,7,31
cp_tutorial_3d_monolayer,4,12,1791413320.4900289,2919499,worker_1,W006,ErodeObjects,step_started,started,22.58064516129032,7,31
cp_tutorial_3d_monolayer,4,12,1791413320.5132887,2919497,worker_0,W005,ResizeObjects,pattern_group,running,100.0,1,1
cp_tutorial_3d_monolayer,4,12,1791413320.513901,2919497,worker_0,W005,ResizeObjects,step_completed,success,22.58064516129032,7,31
cp_tutorial_3d_monolayer,4,12,1791413320.5143864,2919497,worker_0,W005,ErodeObjects,step_started,started,22.58064516129032,7,31
cp_tutorial_3d_monolayer,4,12,1791413320.549141,2919499,worker_1,W006,ErodeObjects,pattern_group,running,100.0,1,1
cp_tutorial_3d_monolayer,4,12,1791413320.5496604,2919499,worker_1,W006,ErodeObjects,step_completed,success,25.806451612903224,8,31
cp_tutorial_3d_monolayer,4,12,1791413320.550169,2919499,worker_1,W006,ResizeObjects,step_started,started,25.806451612903224,8,31
cp_tutorial_3d_monolayer,4,12,1791413320.5550022,2919503,worker_3,W008,Watershed,pattern_group,running,100.0,1,1
cp_tutorial_3d_monolayer,4,12,1791413320.555638,2919503,worker_3,W008,Watershed,step_completed,success,19.35483870967742,6,31
cp_tutorial_3d_monolayer,4,12,1791413320.556353,2919503,worker_3,W008,ResizeObjects,step_started,started,19.35483870967742,6,31
cp_tutorial_3d_monolayer,4,12,1791413320.576945,2919501,worker_2,W007,Watershed,pattern_group,running,100.0,1,1
cp_tutorial_3d_monolayer,4,12,1791413320.5775735,2919501,worker_2,W007,Watershed,step_completed,success,19.35483870967742,6,31
cp_tutorial_3d_monolayer,4,12,1791413320.5781784,2919501,worker_2,W007,ResizeObjects,step_started,started,19.35483870967742,6,31
cp_tutorial_3d_monolayer,4,12,1791413320.5781038,2919497,worker_0,W005,ErodeObjects,pattern_group,running,100.0,1,1
cp_tutorial_3d_monolayer,4,12,1791413320.579189,2919497,worker_0,W005,ErodeObjects,step_completed,success,25.806451612903224,8,31
cp_tutorial_3d_monolayer,4,12,1791413320.5798783,2919497,worker_0,W005,ResizeObjects,step_started,started,25.806451612903224,8,31
cp_tutorial_3d_monolayer,4,12,1791413320.5809836,2919499,worker_1,W006,ResizeObjects,pattern_group,running,100.0,1,1
cp_tutorial_3d_monolayer,4,12,1791413320.58155,2919499,worker_1,W006,ResizeObjects,step_completed,success,29.03225806451613,9,31
cp_tutorial_3d_monolayer,4,12,1791413320.5821466,2919499,worker_1,W006,ConvertObjectsToImage,step_started,started,29.03225806451613,9,31
cp_tutorial_3d_monolayer,4,12,1791413320.6049733,2919503,worker_3,W008,ResizeObjects,pattern_group,running,100.0,1,1
cp_tutorial_3d_monolayer,4,12,1791413320.6058369,2919503,worker_3,W008,ResizeObjects,step_completed,success,22.58064516129032,7,31
cp_tutorial_3d_monolayer,4,12,1791413320.6063292,2919503,worker_3,W008,ErodeObjects,step_started,started,22.58064516129032,7,31
cp_tutorial_3d_monolayer,4,12,1791413320.608999,2919499,worker_1,W006,ConvertObjectsToImage,pattern_group,running,100.0,1,1
cp_tutorial_3d_monolayer,4,12,1791413320.6092272,2919499,worker_1,W006,ConvertObjectsToImage,step_completed,success,32.25806451612903,10,31
cp_tutorial_3d_monolayer,4,12,1791413320.609851,2919499,worker_1,W006,Threshold,step_started,started,32.25806451612903,10,31
cp_tutorial_3d_monolayer,4,12,1791413320.618133,2919497,worker_0,W005,ResizeObjects,pattern_group,running,100.0,1,1
cp_tutorial_3d_monolayer,4,12,1791413320.6189373,2919497,worker_0,W005,ResizeObjects,step_completed,success,29.03225806451613,9,31
cp_tutorial_3d_monolayer,4,12,1791413320.6194873,2919497,worker_0,W005,ConvertObjectsToImage,step_started,started,29.03225806451613,9,31
cp_tutorial_3d_monolayer,4,12,1791413320.6204958,2919501,worker_2,W007,ResizeObjects,pattern_group,running,100.0,1,1
cp_tutorial_3d_monolayer,4,12,1791413320.6217542,2919501,worker_2,W007,ResizeObjects,step_completed,success,22.58064516129032,7,31
cp_tutorial_3d_monolayer,4,12,1791413320.62218,2919501,worker_2,W007,ErodeObjects,step_started,started,22.58064516129032,7,31
cp_tutorial_3d_monolayer,4,12,1791413320.6399496,2919497,worker_0,W005,ConvertObjectsToImage,pattern_group,running,100.0,1,1
cp_tutorial_3d_monolayer,4,12,1791413320.6401083,2919497,worker_0,W005,ConvertObjectsToImage,step_completed,success,32.25806451612903,10,31
cp_tutorial_3d_monolayer,4,12,1791413320.6405792,2919497,worker_0,W005,Threshold,step_started,started,32.25806451612903,10,31
cp_tutorial_3d_monolayer,4,12,1791413320.663318,2919503,worker_3,W008,ErodeObjects,pattern_group,running,100.0,1,1
cp_tutorial_3d_monolayer,4,12,1791413320.66402,2919503,worker_3,W008,ErodeObjects,step_completed,success,25.806451612903224,8,31
cp_tutorial_3d_monolayer,4,12,1791413320.664584,2919503,worker_3,W008,ResizeObjects,step_started,started,25.806451612903224,8,31
cp_tutorial_3d_monolayer,4,12,1791413320.6780195,2919501,worker_2,W007,ErodeObjects,pattern_group,running,100.0,1,1
cp_tutorial_3d_monolayer,4,12,1791413320.6786387,2919501,worker_2,W007,ErodeObjects,step_completed,success,25.806451612903224,8,31
cp_tutorial_3d_monolayer,4,12,1791413320.6791856,2919501,worker_2,W007,ResizeObjects,step_started,started,25.806451612903224,8,31
cp_tutorial_3d_monolayer,4,12,1791413320.6973057,2919503,worker_3,W008,ResizeObjects,pattern_group,running,100.0,1,1
cp_tutorial_3d_monolayer,4,12,1791413320.6977909,2919503,worker_3,W008,ResizeObjects,step_completed,success,29.03225806451613,9,31
cp_tutorial_3d_monolayer,4,12,1791413320.6983106,2919503,worker_3,W008,ConvertObjectsToImage,step_started,started,29.03225806451613,9,31
cp_tutorial_3d_monolayer,4,12,1791413320.7168539,2919501,worker_2,W007,ResizeObjects,pattern_group,running,100.0,1,1
cp_tutorial_3d_monolayer,4,12,1791413320.7173493,2919501,worker_2,W007,ResizeObjects,step_completed,success,29.03225806451613,9,31
cp_tutorial_3d_monolayer,4,12,1791413320.7178545,2919501,worker_2,W007,ConvertObjectsToImage,step_started,started,29.03225806451613,9,31
cp_tutorial_3d_monolayer,4,12,1791413320.7238092,2919503,worker_3,W008,ConvertObjectsToImage,pattern_group,running,100.0,1,1
cp_tutorial_3d_monolayer,4,12,1791413320.7240093,2919503,worker_3,W008,ConvertObjectsToImage,step_completed,success,32.25806451612903,10,31
cp_tutorial_3d_monolayer,4,12,1791413320.7278259,2919503,worker_3,W008,Threshold,step_started,started,32.25806451612903,10,31
cp_tutorial_3d_monolayer,4,12,1791413320.741448,2919501,worker_2,W007,ConvertObjectsToImage,pattern_group,running,100.0,1,1
cp_tutorial_3d_monolayer,4,12,1791413320.7416093,2919501,worker_2,W007,ConvertObjectsToImage,step_completed,success,32.25806451612903,10,31
cp_tutorial_3d_monolayer,4,12,1791413320.742082,2919501,worker_2,W007,Threshold,step_started,started,32.25806451612903,10,31
cp_tutorial_3d_monolayer,4,12,1791413320.7979443,2919499,worker_1,W006,Threshold,pattern_group,running,100.0,1,1
cp_tutorial_3d_monolayer,4,12,1791413320.7982,2919499,worker_1,W006,Threshold,step_completed,success,35.483870967741936,11,31
cp_tutorial_3d_monolayer,4,12,1791413320.7985363,2919499,worker_1,W006,ImageMath,step_started,started,35.483870967741936,11,31
cp_tutorial_3d_monolayer,4,12,1791413320.8300617,2919499,worker_1,W006,ImageMath,pattern_group,running,100.0,1,1
cp_tutorial_3d_monolayer,4,12,1791413320.8302174,2919499,worker_1,W006,ImageMath,step_completed,success,38.70967741935484,12,31
cp_tutorial_3d_monolayer,4,12,1791413320.8307073,2919499,worker_1,W006,RemoveHoles,step_started,started,38.70967741935484,12,31
cp_tutorial_3d_monolayer,4,12,1791413320.8550546,2919497,worker_0,W005,Threshold,pattern_group,running,100.0,1,1
cp_tutorial_3d_monolayer,4,12,1791413320.855423,2919497,worker_0,W005,Threshold,step_completed,success,35.483870967741936,11,31
cp_tutorial_3d_monolayer,4,12,1791413320.8558393,2919497,worker_0,W005,ImageMath,step_started,started,35.483870967741936,11,31
cp_tutorial_3d_monolayer,4,12,1791413320.8983514,2919497,worker_0,W005,ImageMath,pattern_group,running,100.0,1,1
cp_tutorial_3d_monolayer,4,12,1791413320.8985238,2919497,worker_0,W005,ImageMath,step_completed,success,38.70967741935484,12,31
cp_tutorial_3d_monolayer,4,12,1791413320.8990262,2919497,worker_0,W005,RemoveHoles,step_started,started,38.70967741935484,12,31
cp_tutorial_3d_monolayer,4,12,1791413320.9227157,2919503,worker_3,W008,Threshold,pattern_group,running,100.0,1,1
cp_tutorial_3d_monolayer,4,12,1791413320.9230187,2919503,worker_3,W008,Threshold,step_completed,success,35.483870967741936,11,31
cp_tutorial_3d_monolayer,4,12,1791413320.9234142,2919503,worker_3,W008,ImageMath,step_started,started,35.483870967741936,11,31
cp_tutorial_3d_monolayer,4,12,1791413320.944301,2919501,worker_2,W007,Threshold,pattern_group,running,100.0,1,1
cp_tutorial_3d_monolayer,4,12,1791413320.944614,2919501,worker_2,W007,Threshold,step_completed,success,35.483870967741936,11,31
cp_tutorial_3d_monolayer,4,12,1791413320.9449868,2919501,worker_2,W007,ImageMath,step_started,started,35.483870967741936,11,31
cp_tutorial_3d_monolayer,4,12,1791413320.9549463,2919499,worker_1,W006,RemoveHoles,pattern_group,running,100.0,1,1
cp_tutorial_3d_monolayer,4,12,1791413320.9551308,2919499,worker_1,W006,RemoveHoles,step_completed,success,41.935483870967744,13,31
cp_tutorial_3d_monolayer,4,12,1791413320.955713,2919499,worker_1,W006,ImageMath,step_started,started,41.935483870967744,13,31
cp_tutorial_3d_monolayer,4,12,1791413320.9647648,2919503,worker_3,W008,ImageMath,pattern_group,running,100.0,1,1
cp_tutorial_3d_monolayer,4,12,1791413320.964944,2919503,worker_3,W008,ImageMath,step_completed,success,38.70967741935484,12,31
cp_tutorial_3d_monolayer,4,12,1791413320.9654841,2919503,worker_3,W008,RemoveHoles,step_started,started,38.70967741935484,12,31
cp_tutorial_3d_monolayer,4,12,1791413320.974981,2919497,worker_0,W005,RemoveHoles,pattern_group,running,100.0,1,1
cp_tutorial_3d_monolayer,4,12,1791413320.9751308,2919497,worker_0,W005,RemoveHoles,step_completed,success,41.935483870967744,13,31
cp_tutorial_3d_monolayer,4,12,1791413320.975629,2919497,worker_0,W005,ImageMath,step_started,started,41.935483870967744,13,31
cp_tutorial_3d_monolayer,4,12,1791413320.982217,2919501,worker_2,W007,ImageMath,pattern_group,running,100.0,1,1
cp_tutorial_3d_monolayer,4,12,1791413320.9823792,2919501,worker_2,W007,ImageMath,step_completed,success,38.70967741935484,12,31
cp_tutorial_3d_monolayer,4,12,1791413320.98287,2919501,worker_2,W007,RemoveHoles,step_started,started,38.70967741935484,12,31
cp_tutorial_3d_monolayer,4,12,1791413321.0385919,2919503,worker_3,W008,RemoveHoles,pattern_group,running,100.0,1,1
cp_tutorial_3d_monolayer,4,12,1791413321.0388014,2919503,worker_3,W008,RemoveHoles,step_completed,success,41.935483870967744,13,31
cp_tutorial_3d_monolayer,4,12,1791413321.0394077,2919503,worker_3,W008,ImageMath,step_started,started,41.935483870967744,13,31
cp_tutorial_3d_monolayer,4,12,1791413321.0533473,2919501,worker_2,W007,RemoveHoles,pattern_group,running,100.0,1,1
cp_tutorial_3d_monolayer,4,12,1791413321.0536175,2919501,worker_2,W007,RemoveHoles,step_completed,success,41.935483870967744,13,31
cp_tutorial_3d_monolayer,4,12,1791413321.0541883,2919501,worker_2,W007,ImageMath,step_started,started,41.935483870967744,13,31
cp_tutorial_3d_monolayer,4,12,1791413321.2818727,2919499,worker_1,W006,ImageMath,pattern_group,running,100.0,1,1
cp_tutorial_3d_monolayer,4,12,1791413321.282147,2919499,worker_1,W006,ImageMath,step_completed,success,45.16129032258064,14,31
cp_tutorial_3d_monolayer,4,12,1791413321.2825427,2919499,worker_1,W006,Resize,step_started,started,45.16129032258064,14,31
cp_tutorial_3d_monolayer,4,12,1791413321.3168948,2919497,worker_0,W005,ImageMath,pattern_group,running,100.0,1,1
cp_tutorial_3d_monolayer,4,12,1791413321.3170702,2919497,worker_0,W005,ImageMath,step_completed,success,45.16129032258064,14,31
cp_tutorial_3d_monolayer,4,12,1791413321.3175335,2919497,worker_0,W005,Resize,step_started,started,45.16129032258064,14,31
cp_tutorial_3d_monolayer,4,12,1791413321.3445063,2919499,worker_1,W006,Resize,pattern_group,running,100.0,1,1
cp_tutorial_3d_monolayer,4,12,1791413321.344673,2919499,worker_1,W006,Resize,step_completed,success,48.38709677419355,15,31
cp_tutorial_3d_monolayer,4,12,1791413321.348488,2919499,worker_1,W006,Closing,step_started,started,48.38709677419355,15,31
cp_tutorial_3d_monolayer,4,12,1791413321.3796682,2919497,worker_0,W005,Resize,pattern_group,running,100.0,1,1
cp_tutorial_3d_monolayer,4,12,1791413321.37985,2919497,worker_0,W005,Resize,step_completed,success,48.38709677419355,15,31
cp_tutorial_3d_monolayer,4,12,1791413321.385095,2919497,worker_0,W005,Closing,step_started,started,48.38709677419355,15,31
cp_tutorial_3d_monolayer,4,12,1791413321.4335883,2919499,worker_1,W006,Closing,pattern_group,running,100.0,1,1
cp_tutorial_3d_monolayer,4,12,1791413321.4337535,2919499,worker_1,W006,Closing,step_completed,success,51.61290322580645,16,31
cp_tutorial_3d_monolayer,4,12,1791413321.4342842,2919499,worker_1,W006,Resize,step_started,started,51.61290322580645,16,31
cp_tutorial_3d_monolayer,4,12,1791413321.4343321,2919501,worker_2,W007,ImageMath,pattern_group,running,100.0,1,1
cp_tutorial_3d_monolayer,4,12,1791413321.4345412,2919501,worker_2,W007,ImageMath,step_completed,success,45.16129032258064,14,31
cp_tutorial_3d_monolayer,4,12,1791413321.4349096,2919501,worker_2,W007,Resize,step_started,started,45.16129032258064,14,31
cp_tutorial_3d_monolayer,4,12,1791413321.4468088,2919503,worker_3,W008,ImageMath,pattern_group,running,100.0,1,1
cp_tutorial_3d_monolayer,4,12,1791413321.4469967,2919503,worker_3,W008,ImageMath,step_completed,success,45.16129032258064,14,31
cp_tutorial_3d_monolayer,4,12,1791413321.4473605,2919503,worker_3,W008,Resize,step_started,started,45.16129032258064,14,31
cp_tutorial_3d_monolayer,4,12,1791413321.4758964,2919497,worker_0,W005,Closing,pattern_group,running,100.0,1,1
cp_tutorial_3d_monolayer,4,12,1791413321.47606,2919497,worker_0,W005,Closing,step_completed,success,51.61290322580645,16,31
cp_tutorial_3d_monolayer,4,12,1791413321.4765801,2919497,worker_0,W005,Resize,step_started,started,51.61290322580645,16,31
cp_tutorial_3d_monolayer,4,12,1791413321.4835646,2919499,worker_1,W006,Resize,pattern_group,running,100.0,1,1
cp_tutorial_3d_monolayer,4,12,1791413321.4837632,2919499,worker_1,W006,Resize,step_completed,success,54.83870967741935,17,31
cp_tutorial_3d_monolayer,4,12,1791413321.4843283,2919499,worker_1,W006,Threshold,step_started,started,54.83870967741935,17,31
cp_tutorial_3d_monolayer,4,12,1791413321.5006924,2919501,worker_2,W007,Resize,pattern_group,running,100.0,1,1
cp_tutorial_3d_monolayer,4,12,1791413321.5009274,2919501,worker_2,W007,Resize,step_completed,success,48.38709677419355,15,31
cp_tutorial_3d_monolayer,4,12,1791413321.505502,2919501,worker_2,W007,Closing,step_started,started,48.38709677419355,15,31
cp_tutorial_3d_monolayer,4,12,1791413321.5176017,2919503,worker_3,W008,Resize,pattern_group,running,100.0,1,1
cp_tutorial_3d_monolayer,4,12,1791413321.517766,2919503,worker_3,W008,Resize,step_completed,success,48.38709677419355,15,31
cp_tutorial_3d_monolayer,4,12,1791413321.521828,2919503,worker_3,W008,Closing,step_started,started,48.38709677419355,15,31
cp_tutorial_3d_monolayer,4,12,1791413321.531448,2919497,worker_0,W005,Resize,pattern_group,running,100.0,1,1
cp_tutorial_3d_monolayer,4,12,1791413321.5316067,2919497,worker_0,W005,Resize,step_completed,success,54.83870967741935,17,31
cp_tutorial_3d_monolayer,4,12,1791413321.5321333,2919497,worker_0,W005,Threshold,step_started,started,54.83870967741935,17,31
cp_tutorial_3d_monolayer,4,12,1791413321.6014483,2919501,worker_2,W007,Closing,pattern_group,running,100.0,1,1
cp_tutorial_3d_monolayer,4,12,1791413321.601613,2919501,worker_2,W007,Closing,step_completed,success,51.61290322580645,16,31
cp_tutorial_3d_monolayer,4,12,1791413321.6021242,2919501,worker_2,W007,Resize,step_started,started,51.61290322580645,16,31
cp_tutorial_3d_monolayer,4,12,1791413321.617522,2919503,worker_3,W008,Closing,pattern_group,running,100.0,1,1
cp_tutorial_3d_monolayer,4,12,1791413321.6176937,2919503,worker_3,W008,Closing,step_completed,success,51.61290322580645,16,31
cp_tutorial_3d_monolayer,4,12,1791413321.6185312,2919503,worker_3,W008,Resize,step_started,started,51.61290322580645,16,31
cp_tutorial_3d_monolayer,4,12,1791413321.6290848,2919499,worker_1,W006,Threshold,pattern_group,running,100.0,1,1
cp_tutorial_3d_monolayer,4,12,1791413321.6293678,2919499,worker_1,W006,Threshold,step_completed,success,58.06451612903226,18,31
cp_tutorial_3d_monolayer,4,12,1791413321.629896,2919499,worker_1,W006,MaskImage,step_started,started,58.06451612903226,18,31
cp_tutorial_3d_monolayer,4,12,1791413321.6543376,2919501,worker_2,W007,Resize,pattern_group,running,100.0,1,1
cp_tutorial_3d_monolayer,4,12,1791413321.654512,2919501,worker_2,W007,Resize,step_completed,success,54.83870967741935,17,31
cp_tutorial_3d_monolayer,4,12,1791413321.655051,2919501,worker_2,W007,Threshold,step_started,started,54.83870967741935,17,31
cp_tutorial_3d_monolayer,4,12,1791413321.6744936,2919503,worker_3,W008,Resize,pattern_group,running,100.0,1,1
cp_tutorial_3d_monolayer,4,12,1791413321.6748152,2919503,worker_3,W008,Resize,step_completed,success,54.83870967741935,17,31
cp_tutorial_3d_monolayer,4,12,1791413321.675729,2919503,worker_3,W008,Threshold,step_started,started,54.83870967741935,17,31
cp_tutorial_3d_monolayer,4,12,1791413321.6772234,2919499,worker_1,W006,MaskImage,pattern_group,running,100.0,1,1
cp_tutorial_3d_monolayer,4,12,1791413321.6774743,2919499,worker_1,W006,MaskImage,step_completed,success,61.29032258064516,19,31
cp_tutorial_3d_monolayer,4,12,1791413321.6781797,2919499,worker_1,W006,ErodeImage,step_started,started,61.29032258064516,19,31
cp_tutorial_3d_monolayer,4,12,1791413321.6833613,2919497,worker_0,W005,Threshold,pattern_group,running,100.0,1,1
cp_tutorial_3d_monolayer,4,12,1791413321.683647,2919497,worker_0,W005,Threshold,step_completed,success,58.06451612903226,18,31
cp_tutorial_3d_monolayer,4,12,1791413321.684207,2919497,worker_0,W005,MaskImage,step_started,started,58.06451612903226,18,31
cp_tutorial_3d_monolayer,4,12,1791413321.710576,2919499,worker_1,W006,ErodeImage,pattern_group,running,100.0,1,1
cp_tutorial_3d_monolayer,4,12,1791413321.71077,2919499,worker_1,W006,ErodeImage,step_completed,success,64.51612903225806,20,31
cp_tutorial_3d_monolayer,4,12,1791413321.711355,2919499,worker_1,W006,Watershed,step_started,started,64.51612903225806,20,31
cp_tutorial_3d_monolayer,4,12,1791413321.7446046,2919497,worker_0,W005,MaskImage,pattern_group,running,100.0,1,1
cp_tutorial_3d_monolayer,4,12,1791413321.744853,2919497,worker_0,W005,MaskImage,step_completed,success,61.29032258064516,19,31
cp_tutorial_3d_monolayer,4,12,1791413321.745607,2919497,worker_0,W005,ErodeImage,step_started,started,61.29032258064516,19,31
cp_tutorial_3d_monolayer,4,12,1791413321.779021,2919497,worker_0,W005,ErodeImage,pattern_group,running,100.0,1,1
cp_tutorial_3d_monolayer,4,12,1791413321.7792013,2919497,worker_0,W005,ErodeImage,step_completed,success,64.51612903225806,20,31
cp_tutorial_3d_monolayer,4,12,1791413321.7797396,2919497,worker_0,W005,Watershed,step_started,started,64.51612903225806,20,31
cp_tutorial_3d_monolayer,4,12,1791413321.8058777,2919501,worker_2,W007,Threshold,pattern_group,running,100.0,1,1
cp_tutorial_3d_monolayer,4,12,1791413321.8062658,2919501,worker_2,W007,Threshold,step_completed,success,58.06451612903226,18,31
cp_tutorial_3d_monolayer,4,12,1791413321.806929,2919501,worker_2,W007,MaskImage,step_started,started,58.06451612903226,18,31
cp_tutorial_3d_monolayer,4,12,1791413321.8342404,2919499,worker_1,W006,Watershed,pattern_group,running,100.0,1,1
cp_tutorial_3d_monolayer,4,12,1791413321.8346534,2919499,worker_1,W006,Watershed,step_completed,success,67.74193548387096,21,31
cp_tutorial_3d_monolayer,4,12,1791413321.8352575,2919499,worker_1,W006,MeasureObjectIntensity,step_started,started,67.74193548387096,21,31
cp_tutorial_3d_monolayer,4,12,1791413321.8396895,2919503,worker_3,W008,Threshold,pattern_group,running,100.0,1,1
cp_tutorial_3d_monolayer,4,12,1791413321.839953,2919503,worker_3,W008,Threshold,step_completed,success,58.06451612903226,18,31
cp_tutorial_3d_monolayer,4,12,1791413321.8404996,2919503,worker_3,W008,MaskImage,step_started,started,58.06451612903226,18,31
cp_tutorial_3d_monolayer,4,12,1791413321.855429,2919501,worker_2,W007,MaskImage,pattern_group,running,100.0,1,1
cp_tutorial_3d_monolayer,4,12,1791413321.855642,2919501,worker_2,W007,MaskImage,step_completed,success,61.29032258064516,19,31
cp_tutorial_3d_monolayer,4,12,1791413321.8563452,2919501,worker_2,W007,ErodeImage,step_started,started,61.29032258064516,19,31
cp_tutorial_3d_monolayer,4,12,1791413321.8893032,2919501,worker_2,W007,ErodeImage,pattern_group,running,100.0,1,1
cp_tutorial_3d_monolayer,4,12,1791413321.889479,2919501,worker_2,W007,ErodeImage,step_completed,success,64.51612903225806,20,31
cp_tutorial_3d_monolayer,4,12,1791413321.8900113,2919501,worker_2,W007,Watershed,step_started,started,64.51612903225806,20,31
cp_tutorial_3d_monolayer,4,12,1791413321.8934464,2919503,worker_3,W008,MaskImage,pattern_group,running,100.0,1,1
cp_tutorial_3d_monolayer,4,12,1791413321.893615,2919503,worker_3,W008,MaskImage,step_completed,success,61.29032258064516,19,31
cp_tutorial_3d_monolayer,4,12,1791413321.8942187,2919503,worker_3,W008,ErodeImage,step_started,started,61.29032258064516,19,31
cp_tutorial_3d_monolayer,4,12,1791413321.9304543,2919503,worker_3,W008,ErodeImage,pattern_group,running,100.0,1,1
cp_tutorial_3d_monolayer,4,12,1791413321.9306083,2919503,worker_3,W008,ErodeImage,step_completed,success,64.51612903225806,20,31
cp_tutorial_3d_monolayer,4,12,1791413321.9313164,2919503,worker_3,W008,Watershed,step_started,started,64.51612903225806,20,31
cp_tutorial_3d_monolayer,4,12,1791413321.9319162,2919497,worker_0,W005,Watershed,pattern_group,running,100.0,1,1
cp_tutorial_3d_monolayer,4,12,1791413321.9323456,2919497,worker_0,W005,Watershed,step_completed,success,67.74193548387096,21,31
cp_tutorial_3d_monolayer,4,12,1791413321.932993,2919497,worker_0,W005,MeasureObjectIntensity,step_started,started,67.74193548387096,21,31
cp_tutorial_3d_monolayer,4,12,1791413322.034003,2919501,worker_2,W007,Watershed,pattern_group,running,100.0,1,1
cp_tutorial_3d_monolayer,4,12,1791413322.034448,2919501,worker_2,W007,Watershed,step_completed,success,67.74193548387096,21,31
cp_tutorial_3d_monolayer,4,12,1791413322.0350869,2919501,worker_2,W007,MeasureObjectIntensity,step_started,started,67.74193548387096,21,31
cp_tutorial_3d_monolayer,4,12,1791413322.1079307,2919503,worker_3,W008,Watershed,pattern_group,running,100.0,1,1
cp_tutorial_3d_monolayer,4,12,1791413322.1084032,2919503,worker_3,W008,Watershed,step_completed,success,67.74193548387096,21,31
cp_tutorial_3d_monolayer,4,12,1791413322.1091156,2919503,worker_3,W008,MeasureObjectIntensity,step_started,started,67.74193548387096,21,31
cp_tutorial_3d_monolayer,4,12,1791413322.114852,2919499,worker_1,W006,MeasureObjectIntensity,pattern_group,running,50.0,1,2
cp_tutorial_3d_monolayer,4,12,1791413322.2178142,2919497,worker_0,W005,MeasureObjectIntensity,pattern_group,running,50.0,1,2
cp_tutorial_3d_monolayer,4,12,1791413322.3162742,2919501,worker_2,W007,MeasureObjectIntensity,pattern_group,running,50.0,1,2
cp_tutorial_3d_monolayer,4,12,1791413322.400967,2919503,worker_3,W008,MeasureObjectIntensity,pattern_group,running,50.0,1,2
cp_tutorial_3d_monolayer,4,12,1791413322.4544263,2919499,worker_1,W006,MeasureObjectIntensity,pattern_group,running,100.0,2,2
cp_tutorial_3d_monolayer,4,12,1791413322.4580264,2919499,worker_1,W006,MeasureObjectIntensity,step_completed,success,70.96774193548387,22,31
cp_tutorial_3d_monolayer,4,12,1791413322.4584744,2919499,worker_1,W006,MeasureObjectSizeShape,step_started,started,70.96774193548387,22,31
cp_tutorial_3d_monolayer,4,12,1791413322.5459876,2919497,worker_0,W005,MeasureObjectIntensity,pattern_group,running,100.0,2,2
cp_tutorial_3d_monolayer,4,12,1791413322.5487754,2919497,worker_0,W005,MeasureObjectIntensity,step_completed,success,70.96774193548387,22,31
cp_tutorial_3d_monolayer,4,12,1791413322.549192,2919497,worker_0,W005,MeasureObjectSizeShape,step_started,started,70.96774193548387,22,31
cp_tutorial_3d_monolayer,4,12,1791413322.5587637,2919499,worker_1,W006,MeasureObjectSizeShape,pattern_group,running,50.0,1,2
cp_tutorial_3d_monolayer,4,12,1791413322.645055,2919497,worker_0,W005,MeasureObjectSizeShape,pattern_group,running,50.0,1,2
cp_tutorial_3d_monolayer,4,12,1791413322.6434317,2919501,worker_2,W007,MeasureObjectIntensity,pattern_group,running,100.0,2,2
cp_tutorial_3d_monolayer,4,12,1791413322.6456873,2919501,worker_2,W007,MeasureObjectIntensity,step_completed,success,70.96774193548387,22,31
cp_tutorial_3d_monolayer,4,12,1791413322.6461148,2919501,worker_2,W007,MeasureObjectSizeShape,step_started,started,70.96774193548387,22,31
cp_tutorial_3d_monolayer,4,12,1791413322.6635015,2919499,worker_1,W006,MeasureObjectSizeShape,pattern_group,running,100.0,2,2
cp_tutorial_3d_monolayer,4,12,1791413322.6641545,2919499,worker_1,W006,MeasureObjectSizeShape,step_completed,success,74.19354838709677,23,31
cp_tutorial_3d_monolayer,4,12,1791413322.6645849,2919499,worker_1,W006,OverlayObjects,step_started,started,74.19354838709677,23,31
cp_tutorial_3d_monolayer,4,12,1791413322.6848958,2919499,worker_1,W006,OverlayObjects,pattern_group,running,100.0,1,1
cp_tutorial_3d_monolayer,4,12,1791413322.6850796,2919499,worker_1,W006,OverlayObjects,step_completed,success,77.41935483870968,24,31
cp_tutorial_3d_monolayer,4,12,1791413322.6857598,2919499,worker_1,W006,RescaleIntensity,step_started,started,77.41935483870968,24,31
cp_tutorial_3d_monolayer,4,12,1791413322.71504,2919503,worker_3,W008,MeasureObjectIntensity,pattern_group,running,100.0,2,2
cp_tutorial_3d_monolayer,4,12,1791413322.7173913,2919503,worker_3,W008,MeasureObjectIntensity,step_completed,success,70.96774193548387,22,31
cp_tutorial_3d_monolayer,4,12,1791413322.7178137,2919503,worker_3,W008,MeasureObjectSizeShape,step_started,started,70.96774193548387,22,31
cp_tutorial_3d_monolayer,4,12,1791413322.7476583,2919501,worker_2,W007,MeasureObjectSizeShape,pattern_group,running,50.0,1,2
cp_tutorial_3d_monolayer,4,12,1791413322.7466648,2919497,worker_0,W005,MeasureObjectSizeShape,pattern_group,running,100.0,2,2
cp_tutorial_3d_monolayer,4,12,1791413322.7472408,2919497,worker_0,W005,MeasureObjectSizeShape,step_completed,success,74.19354838709677,23,31
cp_tutorial_3d_monolayer,4,12,1791413322.7476168,2919497,worker_0,W005,OverlayObjects,step_started,started,74.19354838709677,23,31
cp_tutorial_3d_monolayer,4,12,1791413322.770213,2919497,worker_0,W005,OverlayObjects,pattern_group,running,100.0,1,1
cp_tutorial_3d_monolayer,4,12,1791413322.770354,2919497,worker_0,W005,OverlayObjects,step_completed,success,77.41935483870968,24,31
cp_tutorial_3d_monolayer,4,12,1791413322.7709463,2919497,worker_0,W005,RescaleIntensity,step_started,started,77.41935483870968,24,31
cp_tutorial_3d_monolayer,4,12,1791413322.790391,2919499,worker_1,W006,RescaleIntensity,pattern_group,running,100.0,1,1
cp_tutorial_3d_monolayer,4,12,1791413322.7905393,2919499,worker_1,W006,RescaleIntensity,step_completed,success,80.64516129032258,25,31
cp_tutorial_3d_monolayer,4,12,1791413322.7908945,2919499,worker_1,W006,OverlayObjects,step_started,started,80.64516129032258,25,31
cp_tutorial_3d_monolayer,4,12,1791413322.8061337,2919503,worker_3,W008,MeasureObjectSizeShape,pattern_group,running,50.0,1,2
cp_tutorial_3d_monolayer,4,12,1791413322.8097377,2919499,worker_1,W006,OverlayObjects,pattern_group,running,100.0,1,1
cp_tutorial_3d_monolayer,4,12,1791413322.809882,2919499,worker_1,W006,OverlayObjects,step_completed,success,83.87096774193549,26,31
cp_tutorial_3d_monolayer,4,12,1791413322.810596,2919499,worker_1,W006,ConvertObjectsToImage,step_started,started,83.87096774193549,26,31
cp_tutorial_3d_monolayer,4,12,1791413322.8467593,2919499,worker_1,W006,ConvertObjectsToImage,pattern_group,running,100.0,1,1
cp_tutorial_3d_monolayer,4,12,1791413322.8469152,2919499,worker_1,W006,ConvertObjectsToImage,step_completed,success,87.09677419354838,27,31
cp_tutorial_3d_monolayer,4,12,1791413322.8475015,2919499,worker_1,W006,SaveImages,step_started,started,87.09677419354838,27,31
cp_tutorial_3d_monolayer,4,12,1791413322.8519068,2919501,worker_2,W007,MeasureObjectSizeShape,pattern_group,running,100.0,2,2
cp_tutorial_3d_monolayer,4,12,1791413322.8525333,2919501,worker_2,W007,MeasureObjectSizeShape,step_completed,success,74.19354838709677,23,31
cp_tutorial_3d_monolayer,4,12,1791413322.852949,2919501,worker_2,W007,OverlayObjects,step_started,started,74.19354838709677,23,31
cp_tutorial_3d_monolayer,4,12,1791413322.8766625,2919497,worker_0,W005,RescaleIntensity,pattern_group,running,100.0,1,1
cp_tutorial_3d_monolayer,4,12,1791413322.8768067,2919497,worker_0,W005,RescaleIntensity,step_completed,success,80.64516129032258,25,31
cp_tutorial_3d_monolayer,4,12,1791413322.8771784,2919497,worker_0,W005,OverlayObjects,step_started,started,80.64516129032258,25,31
cp_tutorial_3d_monolayer,4,12,1791413322.8778355,2919501,worker_2,W007,OverlayObjects,pattern_group,running,100.0,1,1
cp_tutorial_3d_monolayer,4,12,1791413322.8780098,2919501,worker_2,W007,OverlayObjects,step_completed,success,77.41935483870968,24,31
cp_tutorial_3d_monolayer,4,12,1791413322.8786552,2919501,worker_2,W007,RescaleIntensity,step_started,started,77.41935483870968,24,31
cp_tutorial_3d_monolayer,4,12,1791413322.895714,2919497,worker_0,W005,OverlayObjects,pattern_group,running,100.0,1,1
cp_tutorial_3d_monolayer,4,12,1791413322.895831,2919497,worker_0,W005,OverlayObjects,step_completed,success,83.87096774193549,26,31
cp_tutorial_3d_monolayer,4,12,1791413322.8964489,2919497,worker_0,W005,ConvertObjectsToImage,step_started,started,83.87096774193549,26,31
cp_tutorial_3d_monolayer,4,12,1791413322.9033337,2919499,worker_1,W006,SaveImages,pattern_group,running,100.0,1,1
cp_tutorial_3d_monolayer,4,12,1791413322.9049692,2919503,worker_3,W008,MeasureObjectSizeShape,pattern_group,running,100.0,2,2
cp_tutorial_3d_monolayer,4,12,1791413322.9056091,2919503,worker_3,W008,MeasureObjectSizeShape,step_completed,success,74.19354838709677,23,31
cp_tutorial_3d_monolayer,4,12,1791413322.9060004,2919503,worker_3,W008,OverlayObjects,step_started,started,74.19354838709677,23,31
cp_tutorial_3d_monolayer,4,12,1791413322.912194,2919499,worker_1,W006,SaveImages,step_completed,success,90.32258064516128,28,31
cp_tutorial_3d_monolayer,4,12,1791413322.9129763,2919499,worker_1,W006,ConvertObjectsToImage,step_started,started,90.32258064516128,28,31
cp_tutorial_3d_monolayer,4,12,1791413322.9267716,2919503,worker_3,W008,OverlayObjects,pattern_group,running,100.0,1,1
cp_tutorial_3d_monolayer,4,12,1791413322.9269679,2919503,worker_3,W008,OverlayObjects,step_completed,success,77.41935483870968,24,31
cp_tutorial_3d_monolayer,4,12,1791413322.9276793,2919503,worker_3,W008,RescaleIntensity,step_started,started,77.41935483870968,24,31
cp_tutorial_3d_monolayer,4,12,1791413322.936087,2919497,worker_0,W005,ConvertObjectsToImage,pattern_group,running,100.0,1,1
cp_tutorial_3d_monolayer,4,12,1791413322.936259,2919497,worker_0,W005,ConvertObjectsToImage,step_completed,success,87.09677419354838,27,31
cp_tutorial_3d_monolayer,4,12,1791413322.936874,2919497,worker_0,W005,SaveImages,step_started,started,87.09677419354838,27,31
cp_tutorial_3d_monolayer,4,12,1791413322.9531765,2919499,worker_1,W006,ConvertObjectsToImage,pattern_group,running,100.0,1,1
cp_tutorial_3d_monolayer,4,12,1791413322.95338,2919499,worker_1,W006,ConvertObjectsToImage,step_completed,success,93.54838709677419,29,31
cp_tutorial_3d_monolayer,4,12,1791413322.9539785,2919499,worker_1,W006,SaveImages,step_started,started,93.54838709677419,29,31
cp_tutorial_3d_monolayer,4,12,1791413322.9904938,2919501,worker_2,W007,RescaleIntensity,pattern_group,running,100.0,1,1
cp_tutorial_3d_monolayer,4,12,1791413322.9906526,2919501,worker_2,W007,RescaleIntensity,step_completed,success,80.64516129032258,25,31
cp_tutorial_3d_monolayer,4,12,1791413322.991019,2919501,worker_2,W007,OverlayObjects,step_started,started,80.64516129032258,25,31
cp_tutorial_3d_monolayer,4,12,1791413322.9893677,2919497,worker_0,W005,SaveImages,pattern_group,running,100.0,1,1
cp_tutorial_3d_monolayer,4,12,1791413322.9981253,2919497,worker_0,W005,SaveImages,step_completed,success,90.32258064516128,28,31
cp_tutorial_3d_monolayer,4,12,1791413322.9987862,2919497,worker_0,W005,ConvertObjectsToImage,step_started,started,90.32258064516128,28,31
cp_tutorial_3d_monolayer,4,12,1791413323.013474,2919501,worker_2,W007,OverlayObjects,pattern_group,running,100.0,1,1
cp_tutorial_3d_monolayer,4,12,1791413323.0136998,2919501,worker_2,W007,OverlayObjects,step_completed,success,83.87096774193549,26,31
cp_tutorial_3d_monolayer,4,12,1791413323.014489,2919501,worker_2,W007,ConvertObjectsToImage,step_started,started,83.87096774193549,26,31
cp_tutorial_3d_monolayer,4,12,1791413323.0146346,2919499,worker_1,W006,SaveImages,pattern_group,running,100.0,1,1
cp_tutorial_3d_monolayer,4,12,1791413323.0346215,2919503,worker_3,W008,RescaleIntensity,pattern_group,running,100.0,1,1
cp_tutorial_3d_monolayer,4,12,1791413323.0347857,2919503,worker_3,W008,RescaleIntensity,step_completed,success,80.64516129032258,25,31
cp_tutorial_3d_monolayer,4,12,1791413323.035149,2919503,worker_3,W008,OverlayObjects,step_started,started,80.64516129032258,25,31
cp_tutorial_3d_monolayer,4,12,1791413323.029192,2919499,worker_1,W006,SaveImages,step_completed,success,96.7741935483871,30,31
cp_tutorial_3d_monolayer,4,12,1791413323.0374382,2919499,worker_1,W006,pipeline,axis_completed,success,96.7741935483871,30,31
cp_tutorial_3d_monolayer,4,12,1791413323.0375402,2919499,worker_1,W010,pipeline,axis_started,started,0.0,0,31
cp_tutorial_3d_monolayer,4,12,1791413323.041154,2919499,worker_1,W010,RescaleIntensity,step_started,started,0.0,0,31
cp_tutorial_3d_monolayer,4,12,1791413323.0429552,2919497,worker_0,W005,ConvertObjectsToImage,pattern_group,running,100.0,1,1
cp_tutorial_3d_monolayer,4,12,1791413323.0432558,2919497,worker_0,W005,ConvertObjectsToImage,step_completed,success,93.54838709677419,29,31
cp_tutorial_3d_monolayer,4,12,1791413323.0440185,2919497,worker_0,W005,SaveImages,step_started,started,93.54838709677419,29,31
cp_tutorial_3d_monolayer,4,12,1791413323.0550454,2919503,worker_3,W008,OverlayObjects,pattern_group,running,100.0,1,1
cp_tutorial_3d_monolayer,4,12,1791413323.0551584,2919503,worker_3,W008,OverlayObjects,step_completed,success,83.87096774193549,26,31
cp_tutorial_3d_monolayer,4,12,1791413323.0557575,2919503,worker_3,W008,ConvertObjectsToImage,step_started,started,83.87096774193549,26,31
cp_tutorial_3d_monolayer,4,12,1791413323.0583546,2919501,worker_2,W007,ConvertObjectsToImage,pattern_group,running,100.0,1,1
cp_tutorial_3d_monolayer,4,12,1791413323.0585303,2919501,worker_2,W007,ConvertObjectsToImage,step_completed,success,87.09677419354838,27,31
cp_tutorial_3d_monolayer,4,12,1791413323.0595734,2919501,worker_2,W007,SaveImages,step_started,started,87.09677419354838,27,31
cp_tutorial_3d_monolayer,4,12,1791413323.0894136,2919503,worker_3,W008,ConvertObjectsToImage,pattern_group,running,100.0,1,1
cp_tutorial_3d_monolayer,4,12,1791413323.0895722,2919503,worker_3,W008,ConvertObjectsToImage,step_completed,success,87.09677419354838,27,31
cp_tutorial_3d_monolayer,4,12,1791413323.0901575,2919503,worker_3,W008,SaveImages,step_started,started,87.09677419354838,27,31
cp_tutorial_3d_monolayer,4,12,1791413323.0960817,2919497,worker_0,W005,SaveImages,pattern_group,running,100.0,1,1
cp_tutorial_3d_monolayer,4,12,1791413323.102247,2919497,worker_0,W005,SaveImages,step_completed,success,96.7741935483871,30,31
cp_tutorial_3d_monolayer,4,12,1791413323.1091661,2919497,worker_0,W005,pipeline,axis_completed,success,96.7741935483871,30,31
cp_tutorial_3d_monolayer,4,12,1791413323.1092641,2919497,worker_0,W009,pipeline,axis_started,started,0.0,0,31
cp_tutorial_3d_monolayer,4,12,1791413323.1123602,2919497,worker_0,W009,RescaleIntensity,step_started,started,0.0,0,31
cp_tutorial_3d_monolayer,4,12,1791413323.1135423,2919501,worker_2,W007,SaveImages,pattern_group,running,100.0,1,1
cp_tutorial_3d_monolayer,4,12,1791413323.1202633,2919501,worker_2,W007,SaveImages,step_completed,success,90.32258064516128,28,31
cp_tutorial_3d_monolayer,4,12,1791413323.1208754,2919501,worker_2,W007,ConvertObjectsToImage,step_started,started,90.32258064516128,28,31
cp_tutorial_3d_monolayer,4,12,1791413323.137988,2919503,worker_3,W008,SaveImages,pattern_group,running,100.0,1,1
cp_tutorial_3d_monolayer,4,12,1791413323.144442,2919503,worker_3,W008,SaveImages,step_completed,success,90.32258064516128,28,31
cp_tutorial_3d_monolayer,4,12,1791413323.1450722,2919503,worker_3,W008,ConvertObjectsToImage,step_started,started,90.32258064516128,28,31
cp_tutorial_3d_monolayer,4,12,1791413323.1559315,2919501,worker_2,W007,ConvertObjectsToImage,pattern_group,running,100.0,1,1
cp_tutorial_3d_monolayer,4,12,1791413323.156136,2919501,worker_2,W007,ConvertObjectsToImage,step_completed,success,93.54838709677419,29,31
cp_tutorial_3d_monolayer,4,12,1791413323.1567478,2919501,worker_2,W007,SaveImages,step_started,started,93.54838709677419,29,31
cp_tutorial_3d_monolayer,4,12,1791413323.1772182,2919503,worker_3,W008,ConvertObjectsToImage,pattern_group,running,100.0,1,1
cp_tutorial_3d_monolayer,4,12,1791413323.1774142,2919503,worker_3,W008,ConvertObjectsToImage,step_completed,success,93.54838709677419,29,31
cp_tutorial_3d_monolayer,4,12,1791413323.1780124,2919503,worker_3,W008,SaveImages,step_started,started,93.54838709677419,29,31
cp_tutorial_3d_monolayer,4,12,1791413323.2079473,2919501,worker_2,W007,SaveImages,pattern_group,running,100.0,1,1
cp_tutorial_3d_monolayer,4,12,1791413323.2141693,2919501,worker_2,W007,SaveImages,step_completed,success,96.7741935483871,30,31
cp_tutorial_3d_monolayer,4,12,1791413323.221861,2919501,worker_2,W007,pipeline,axis_completed,success,96.7741935483871,30,31
cp_tutorial_3d_monolayer,4,12,1791413323.2219634,2919501,worker_2,W011,pipeline,axis_started,started,0.0,0,31
cp_tutorial_3d_monolayer,4,12,1791413323.2250059,2919501,worker_2,W011,RescaleIntensity,step_started,started,0.0,0,31
cp_tutorial_3d_monolayer,4,12,1791413323.2259018,2919503,worker_3,W008,SaveImages,pattern_group,running,100.0,1,1
cp_tutorial_3d_monolayer,4,12,1791413323.232613,2919503,worker_3,W008,SaveImages,step_completed,success,96.7741935483871,30,31
cp_tutorial_3d_monolayer,4,12,1791413323.2391233,2919503,worker_3,W008,pipeline,axis_completed,success,96.7741935483871,30,31
cp_tutorial_3d_monolayer,4,12,1791413323.2392259,2919503,worker_3,W012,pipeline,axis_started,started,0.0,0,31
cp_tutorial_3d_monolayer,4,12,1791413323.242336,2919503,worker_3,W012,RescaleIntensity,step_started,started,0.0,0,31
cp_tutorial_3d_monolayer,4,12,1791413323.378075,2919499,worker_1,W010,RescaleIntensity,pattern_group,running,100.0,1,1
cp_tutorial_3d_monolayer,4,12,1791413323.3782248,2919499,worker_1,W010,RescaleIntensity,step_completed,success,3.225806451612903,1,31
cp_tutorial_3d_monolayer,4,12,1791413323.3785229,2919499,worker_1,W010,Resize,step_started,started,3.225806451612903,1,31
cp_tutorial_3d_monolayer,4,12,1791413323.4376612,2919499,worker_1,W010,Resize,pattern_group,running,100.0,1,1
cp_tutorial_3d_monolayer,4,12,1791413323.437816,2919499,worker_1,W010,Resize,step_completed,success,6.451612903225806,2,31
cp_tutorial_3d_monolayer,4,12,1791413323.4381058,2919499,worker_1,W010,MedianFilter,step_started,started,6.451612903225806,2,31
cp_tutorial_3d_monolayer,4,12,1791413323.4461563,2919497,worker_0,W009,RescaleIntensity,pattern_group,running,100.0,1,1
cp_tutorial_3d_monolayer,4,12,1791413323.4463258,2919497,worker_0,W009,RescaleIntensity,step_completed,success,3.225806451612903,1,31
cp_tutorial_3d_monolayer,4,12,1791413323.446621,2919497,worker_0,W009,Resize,step_started,started,3.225806451612903,1,31
cp_tutorial_3d_monolayer,4,12,1791413323.5026693,2919497,worker_0,W009,Resize,pattern_group,running,100.0,1,1
cp_tutorial_3d_monolayer,4,12,1791413323.5029798,2919497,worker_0,W009,Resize,step_completed,success,6.451612903225806,2,31
cp_tutorial_3d_monolayer,4,12,1791413323.503355,2919497,worker_0,W009,MedianFilter,step_started,started,6.451612903225806,2,31
cp_tutorial_3d_monolayer,4,12,1791413323.57139,2919503,worker_3,W012,RescaleIntensity,pattern_group,running,100.0,1,1
cp_tutorial_3d_monolayer,4,12,1791413323.571558,2919503,worker_3,W012,RescaleIntensity,step_completed,success,3.225806451612903,1,31
cp_tutorial_3d_monolayer,4,12,1791413323.5718565,2919503,worker_3,W012,Resize,step_started,started,3.225806451612903,1,31
cp_tutorial_3d_monolayer,4,12,1791413323.5786583,2919501,worker_2,W011,RescaleIntensity,pattern_group,running,100.0,1,1
cp_tutorial_3d_monolayer,4,12,1791413323.5788653,2919501,worker_2,W011,RescaleIntensity,step_completed,success,3.225806451612903,1,31
cp_tutorial_3d_monolayer,4,12,1791413323.5792115,2919501,worker_2,W011,Resize,step_started,started,3.225806451612903,1,31
cp_tutorial_3d_monolayer,4,12,1791413323.606952,2919499,worker_1,W010,MedianFilter,pattern_group,running,100.0,1,1
cp_tutorial_3d_monolayer,4,12,1791413323.6071272,2919499,worker_1,W010,MedianFilter,step_completed,success,9.67741935483871,3,31
cp_tutorial_3d_monolayer,4,12,1791413323.6075006,2919499,worker_1,W010,Threshold,step_started,started,9.67741935483871,3,31
cp_tutorial_3d_monolayer,4,12,1791413323.6300423,2919503,worker_3,W012,Resize,pattern_group,running,100.0,1,1
cp_tutorial_3d_monolayer,4,12,1791413323.6302216,2919503,worker_3,W012,Resize,step_completed,success,6.451612903225806,2,31
cp_tutorial_3d_monolayer,4,12,1791413323.6305335,2919503,worker_3,W012,MedianFilter,step_started,started,6.451612903225806,2,31
cp_tutorial_3d_monolayer,4,12,1791413323.6392634,2919501,worker_2,W011,Resize,pattern_group,running,100.0,1,1
cp_tutorial_3d_monolayer,4,12,1791413323.6394134,2919501,worker_2,W011,Resize,step_completed,success,6.451612903225806,2,31
cp_tutorial_3d_monolayer,4,12,1791413323.6396976,2919501,worker_2,W011,MedianFilter,step_started,started,6.451612903225806,2,31
cp_tutorial_3d_monolayer,4,12,1791413323.6484718,2919499,worker_1,W010,Threshold,pattern_group,running,100.0,1,1
cp_tutorial_3d_monolayer,4,12,1791413323.6487157,2919499,worker_1,W010,Threshold,step_completed,success,12.903225806451612,4,31
cp_tutorial_3d_monolayer,4,12,1791413323.649083,2919499,worker_1,W010,RemoveHoles,step_started,started,12.903225806451612,4,31
cp_tutorial_3d_monolayer,4,12,1791413323.665475,2919499,worker_1,W010,RemoveHoles,pattern_group,running,100.0,1,1
cp_tutorial_3d_monolayer,4,12,1791413323.6656146,2919499,worker_1,W010,RemoveHoles,step_completed,success,16.129032258064516,5,31
cp_tutorial_3d_monolayer,4,12,1791413323.6659873,2919499,worker_1,W010,Watershed,step_started,started,16.129032258064516,5,31
cp_tutorial_3d_monolayer,4,12,1791413323.670234,2919497,worker_0,W009,MedianFilter,pattern_group,running,100.0,1,1
cp_tutorial_3d_monolayer,4,12,1791413323.6703856,2919497,worker_0,W009,MedianFilter,step_completed,success,9.67741935483871,3,31
cp_tutorial_3d_monolayer,4,12,1791413323.6707327,2919497,worker_0,W009,Threshold,step_started,started,9.67741935483871,3,31
cp_tutorial_3d_monolayer,4,12,1791413323.708307,2919497,worker_0,W009,Threshold,pattern_group,running,100.0,1,1
cp_tutorial_3d_monolayer,4,12,1791413323.7085526,2919497,worker_0,W009,Threshold,step_completed,success,12.903225806451612,4,31
cp_tutorial_3d_monolayer,4,12,1791413323.7089164,2919497,worker_0,W009,RemoveHoles,step_started,started,12.903225806451612,4,31
cp_tutorial_3d_monolayer,4,12,1791413323.725257,2919497,worker_0,W009,RemoveHoles,pattern_group,running,100.0,1,1
cp_tutorial_3d_monolayer,4,12,1791413323.7254071,2919497,worker_0,W009,RemoveHoles,step_completed,success,16.129032258064516,5,31
cp_tutorial_3d_monolayer,4,12,1791413323.7257738,2919497,worker_0,W009,Watershed,step_started,started,16.129032258064516,5,31
cp_tutorial_3d_monolayer,4,12,1791413323.7569523,2919499,worker_1,W010,Watershed,pattern_group,running,100.0,1,1
cp_tutorial_3d_monolayer,4,12,1791413323.7573404,2919499,worker_1,W010,Watershed,step_completed,success,19.35483870967742,6,31
cp_tutorial_3d_monolayer,4,12,1791413323.757735,2919499,worker_1,W010,ResizeObjects,step_started,started,19.35483870967742,6,31
cp_tutorial_3d_monolayer,4,12,1791413323.7880301,2919499,worker_1,W010,ResizeObjects,pattern_group,running,100.0,1,1
cp_tutorial_3d_monolayer,4,12,1791413323.7887242,2919499,worker_1,W010,ResizeObjects,step_completed,success,22.58064516129032,7,31
cp_tutorial_3d_monolayer,4,12,1791413323.7894506,2919499,worker_1,W010,ErodeObjects,step_started,started,22.58064516129032,7,31
cp_tutorial_3d_monolayer,4,12,1791413323.7927368,2919503,worker_3,W012,MedianFilter,pattern_group,running,100.0,1,1
cp_tutorial_3d_monolayer,4,12,1791413323.7929254,2919503,worker_3,W012,MedianFilter,step_completed,success,9.67741935483871,3,31
cp_tutorial_3d_monolayer,4,12,1791413323.7933104,2919503,worker_3,W012,Threshold,step_started,started,9.67741935483871,3,31
cp_tutorial_3d_monolayer,4,12,1791413323.8090317,2919501,worker_2,W011,MedianFilter,pattern_group,running,100.0,1,1
cp_tutorial_3d_monolayer,4,12,1791413323.8091934,2919501,worker_2,W011,MedianFilter,step_completed,success,9.67741935483871,3,31
cp_tutorial_3d_monolayer,4,12,1791413323.8095732,2919501,worker_2,W011,Threshold,step_started,started,9.67741935483871,3,31
cp_tutorial_3d_monolayer,4,12,1791413323.8194673,2919497,worker_0,W009,Watershed,pattern_group,running,100.0,1,1
cp_tutorial_3d_monolayer,4,12,1791413323.819879,2919497,worker_0,W009,Watershed,step_completed,success,19.35483870967742,6,31
cp_tutorial_3d_monolayer,4,12,1791413323.820293,2919497,worker_0,W009,ResizeObjects,step_started,started,19.35483870967742,6,31
cp_tutorial_3d_monolayer,4,12,1791413323.8339686,2919503,worker_3,W012,Threshold,pattern_group,running,100.0,1,1
cp_tutorial_3d_monolayer,4,12,1791413323.8343823,2919503,worker_3,W012,Threshold,step_completed,success,12.903225806451612,4,31
cp_tutorial_3d_monolayer,4,12,1791413323.8349888,2919503,worker_3,W012,RemoveHoles,step_started,started,12.903225806451612,4,31
cp_tutorial_3d_monolayer,4,12,1791413323.8493733,2919499,worker_1,W010,ErodeObjects,pattern_group,running,100.0,1,1
cp_tutorial_3d_monolayer,4,12,1791413323.8498764,2919499,worker_1,W010,ErodeObjects,step_completed,success,25.806451612903224,8,31
cp_tutorial_3d_monolayer,4,12,1791413323.8503811,2919499,worker_1,W010,ResizeObjects,step_started,started,25.806451612903224,8,31
cp_tutorial_3d_monolayer,4,12,1791413323.8522253,2919501,worker_2,W011,Threshold,pattern_group,running,100.0,1,1
cp_tutorial_3d_monolayer,4,12,1791413323.8524897,2919501,worker_2,W011,Threshold,step_completed,success,12.903225806451612,4,31
cp_tutorial_3d_monolayer,4,12,1791413323.852874,2919501,worker_2,W011,RemoveHoles,step_started,started,12.903225806451612,4,31
cp_tutorial_3d_monolayer,4,12,1791413323.8534005,2919503,worker_3,W012,RemoveHoles,pattern_group,running,100.0,1,1
cp_tutorial_3d_monolayer,4,12,1791413323.8535836,2919503,worker_3,W012,RemoveHoles,step_completed,success,16.129032258064516,5,31
cp_tutorial_3d_monolayer,4,12,1791413323.8544343,2919503,worker_3,W012,Watershed,step_started,started,16.129032258064516,5,31
cp_tutorial_3d_monolayer,4,12,1791413323.8531163,2919497,worker_0,W009,ResizeObjects,pattern_group,running,100.0,1,1
cp_tutorial_3d_monolayer,4,12,1791413323.853752,2919497,worker_0,W009,ResizeObjects,step_completed,success,22.58064516129032,7,31
cp_tutorial_3d_monolayer,4,12,1791413323.8543174,2919497,worker_0,W009,ErodeObjects,step_started,started,22.58064516129032,7,31
cp_tutorial_3d_monolayer,4,12,1791413323.8742452,2919501,worker_2,W011,RemoveHoles,pattern_group,running,100.0,1,1
cp_tutorial_3d_monolayer,4,12,1791413323.8744226,2919501,worker_2,W011,RemoveHoles,step_completed,success,16.129032258064516,5,31
cp_tutorial_3d_monolayer,4,12,1791413323.8748178,2919501,worker_2,W011,Watershed,step_started,started,16.129032258064516,5,31
cp_tutorial_3d_monolayer,4,12,1791413323.8785357,2919499,worker_1,W010,ResizeObjects,pattern_group,running,100.0,1,1
cp_tutorial_3d_monolayer,4,12,1791413323.8790138,2919499,worker_1,W010,ResizeObjects,step_completed,success,29.03225806451613,9,31
cp_tutorial_3d_monolayer,4,12,1791413323.8795352,2919499,worker_1,W010,ConvertObjectsToImage,step_started,started,29.03225806451613,9,31
cp_tutorial_3d_monolayer,4,12,1791413323.8981583,2919499,worker_1,W010,ConvertObjectsToImage,pattern_group,running,100.0,1,1
cp_tutorial_3d_monolayer,4,12,1791413323.8983757,2919499,worker_1,W010,ConvertObjectsToImage,step_completed,success,32.25806451612903,10,31
cp_tutorial_3d_monolayer,4,12,1791413323.898901,2919499,worker_1,W010,Threshold,step_started,started,32.25806451612903,10,31
cp_tutorial_3d_monolayer,4,12,1791413323.917698,2919497,worker_0,W009,ErodeObjects,pattern_group,running,100.0,1,1
cp_tutorial_3d_monolayer,4,12,1791413323.9181654,2919497,worker_0,W009,ErodeObjects,step_completed,success,25.806451612903224,8,31
cp_tutorial_3d_monolayer,4,12,1791413323.9186447,2919497,worker_0,W009,ResizeObjects,step_started,started,25.806451612903224,8,31
cp_tutorial_3d_monolayer,4,12,1791413323.9457018,2919497,worker_0,W009,ResizeObjects,pattern_group,running,100.0,1,1
cp_tutorial_3d_monolayer,4,12,1791413323.9462528,2919497,worker_0,W009,ResizeObjects,step_completed,success,29.03225806451613,9,31
cp_tutorial_3d_monolayer,4,12,1791413323.9468095,2919497,worker_0,W009,ConvertObjectsToImage,step_started,started,29.03225806451613,9,31
cp_tutorial_3d_monolayer,4,12,1791413323.9562232,2919503,worker_3,W012,Watershed,pattern_group,running,100.0,1,1
cp_tutorial_3d_monolayer,4,12,1791413323.9567661,2919503,worker_3,W012,Watershed,step_completed,success,19.35483870967742,6,31
cp_tutorial_3d_monolayer,4,12,1791413323.9573126,2919503,worker_3,W012,ResizeObjects,step_started,started,19.35483870967742,6,31
cp_tutorial_3d_monolayer,4,12,1791413323.9705508,2919497,worker_0,W009,ConvertObjectsToImage,pattern_group,running,100.0,1,1
cp_tutorial_3d_monolayer,4,12,1791413323.970775,2919497,worker_0,W009,ConvertObjectsToImage,step_completed,success,32.25806451612903,10,31
cp_tutorial_3d_monolayer,4,12,1791413323.9712555,2919497,worker_0,W009,Threshold,step_started,started,32.25806451612903,10,31
cp_tutorial_3d_monolayer,4,12,1791413323.9798446,2919501,worker_2,W011,Watershed,pattern_group,running,100.0,1,1
cp_tutorial_3d_monolayer,4,12,1791413323.9802544,2919501,worker_2,W011,Watershed,step_completed,success,19.35483870967742,6,31
cp_tutorial_3d_monolayer,4,12,1791413323.9806948,2919501,worker_2,W011,ResizeObjects,step_started,started,19.35483870967742,6,31
cp_tutorial_3d_monolayer,4,12,1791413323.9914632,2919503,worker_3,W012,ResizeObjects,pattern_group,running,100.0,1,1
cp_tutorial_3d_monolayer,4,12,1791413323.9919746,2919503,worker_3,W012,ResizeObjects,step_completed,success,22.58064516129032,7,31
cp_tutorial_3d_monolayer,4,12,1791413323.9924433,2919503,worker_3,W012,ErodeObjects,step_started,started,22.58064516129032,7,31
cp_tutorial_3d_monolayer,4,12,1791413324.0346012,2919501,worker_2,W011,ResizeObjects,pattern_group,running,100.0,1,1
cp_tutorial_3d_monolayer,4,12,1791413324.0351744,2919501,worker_2,W011,ResizeObjects,step_completed,success,22.58064516129032,7,31
cp_tutorial_3d_monolayer,4,12,1791413324.0356662,2919501,worker_2,W011,ErodeObjects,step_started,started,22.58064516129032,7,31
cp_tutorial_3d_monolayer,4,12,1791413324.0505943,2919503,worker_3,W012,ErodeObjects,pattern_group,running,100.0,1,1
cp_tutorial_3d_monolayer,4,12,1791413324.0510738,2919503,worker_3,W012,ErodeObjects,step_completed,success,25.806451612903224,8,31
cp_tutorial_3d_monolayer,4,12,1791413324.051579,2919503,worker_3,W012,ResizeObjects,step_started,started,25.806451612903224,8,31
cp_tutorial_3d_monolayer,4,12,1791413324.0946202,2919501,worker_2,W011,ErodeObjects,pattern_group,running,100.0,1,1
cp_tutorial_3d_monolayer,4,12,1791413324.095232,2919501,worker_2,W011,ErodeObjects,step_completed,success,25.806451612903224,8,31
cp_tutorial_3d_monolayer,4,12,1791413324.095805,2919501,worker_2,W011,ResizeObjects,step_started,started,25.806451612903224,8,31
cp_tutorial_3d_monolayer,4,12,1791413324.0989869,2919499,worker_1,W010,Threshold,pattern_group,running,100.0,1,1
cp_tutorial_3d_monolayer,4,12,1791413324.0994117,2919499,worker_1,W010,Threshold,step_completed,success,35.483870967741936,11,31
cp_tutorial_3d_monolayer,4,12,1791413324.0998323,2919499,worker_1,W010,ImageMath,step_started,started,35.483870967741936,11,31
cp_tutorial_3d_monolayer,4,12,1791413324.1105287,2919503,worker_3,W012,ResizeObjects,pattern_group,running,100.0,1,1
cp_tutorial_3d_monolayer,4,12,1791413324.1110775,2919503,worker_3,W012,ResizeObjects,step_completed,success,29.03225806451613,9,31
cp_tutorial_3d_monolayer,4,12,1791413324.1118755,2919503,worker_3,W012,ConvertObjectsToImage,step_started,started,29.03225806451613,9,31
cp_tutorial_3d_monolayer,4,12,1791413324.1347466,2919503,worker_3,W012,ConvertObjectsToImage,pattern_group,running,100.0,1,1
cp_tutorial_3d_monolayer,4,12,1791413324.1350262,2919503,worker_3,W012,ConvertObjectsToImage,step_completed,success,32.25806451612903,10,31
cp_tutorial_3d_monolayer,4,12,1791413324.135627,2919503,worker_3,W012,Threshold,step_started,started,32.25806451612903,10,31
cp_tutorial_3d_monolayer,4,12,1791413324.1420352,2919499,worker_1,W010,ImageMath,pattern_group,running,100.0,1,1
cp_tutorial_3d_monolayer,4,12,1791413324.1422029,2919499,worker_1,W010,ImageMath,step_completed,success,38.70967741935484,12,31
cp_tutorial_3d_monolayer,4,12,1791413324.1429179,2919499,worker_1,W010,RemoveHoles,step_started,started,38.70967741935484,12,31
cp_tutorial_3d_monolayer,4,12,1791413324.160815,2919501,worker_2,W011,ResizeObjects,pattern_group,running,100.0,1,1
cp_tutorial_3d_monolayer,4,12,1791413324.1613145,2919501,worker_2,W011,ResizeObjects,step_completed,success,29.03225806451613,9,31
cp_tutorial_3d_monolayer,4,12,1791413324.1618323,2919501,worker_2,W011,ConvertObjectsToImage,step_started,started,29.03225806451613,9,31
cp_tutorial_3d_monolayer,4,12,1791413324.1749618,2919497,worker_0,W009,Threshold,pattern_group,running,100.0,1,1
cp_tutorial_3d_monolayer,4,12,1791413324.175333,2919497,worker_0,W009,Threshold,step_completed,success,35.483870967741936,11,31
cp_tutorial_3d_monolayer,4,12,1791413324.1758037,2919497,worker_0,W009,ImageMath,step_started,started,35.483870967741936,11,31
cp_tutorial_3d_monolayer,4,12,1791413324.1857052,2919501,worker_2,W011,ConvertObjectsToImage,pattern_group,running,100.0,1,1
cp_tutorial_3d_monolayer,4,12,1791413324.1858888,2919501,worker_2,W011,ConvertObjectsToImage,step_completed,success,32.25806451612903,10,31
cp_tutorial_3d_monolayer,4,12,1791413324.1863768,2919501,worker_2,W011,Threshold,step_started,started,32.25806451612903,10,31
cp_tutorial_3d_monolayer,4,12,1791413324.2095194,2919497,worker_0,W009,ImageMath,pattern_group,running,100.0,1,1
cp_tutorial_3d_monolayer,4,12,1791413324.2096925,2919497,worker_0,W009,ImageMath,step_completed,success,38.70967741935484,12,31
cp_tutorial_3d_monolayer,4,12,1791413324.2101998,2919497,worker_0,W009,RemoveHoles,step_started,started,38.70967741935484,12,31
cp_tutorial_3d_monolayer,4,12,1791413324.2134485,2919499,worker_1,W010,RemoveHoles,pattern_group,running,100.0,1,1
cp_tutorial_3d_monolayer,4,12,1791413324.2136009,2919499,worker_1,W010,RemoveHoles,step_completed,success,41.935483870967744,13,31
cp_tutorial_3d_monolayer,4,12,1791413324.2141368,2919499,worker_1,W010,ImageMath,step_started,started,41.935483870967744,13,31
cp_tutorial_3d_monolayer,4,12,1791413324.2904081,2919497,worker_0,W009,RemoveHoles,pattern_group,running,100.0,1,1
cp_tutorial_3d_monolayer,4,12,1791413324.290575,2919497,worker_0,W009,RemoveHoles,step_completed,success,41.935483870967744,13,31
cp_tutorial_3d_monolayer,4,12,1791413324.2910712,2919497,worker_0,W009,ImageMath,step_started,started,41.935483870967744,13,31
cp_tutorial_3d_monolayer,4,12,1791413324.3352046,2919503,worker_3,W012,Threshold,pattern_group,running,100.0,1,1
cp_tutorial_3d_monolayer,4,12,1791413324.3354802,2919503,worker_3,W012,Threshold,step_completed,success,35.483870967741936,11,31
cp_tutorial_3d_monolayer,4,12,1791413324.3358333,2919503,worker_3,W012,ImageMath,step_started,started,35.483870967741936,11,31
cp_tutorial_3d_monolayer,4,12,1791413324.3680074,2919503,worker_3,W012,ImageMath,pattern_group,running,100.0,1,1
cp_tutorial_3d_monolayer,4,12,1791413324.368227,2919503,worker_3,W012,ImageMath,step_completed,success,38.70967741935484,12,31
cp_tutorial_3d_monolayer,4,12,1791413324.3688197,2919503,worker_3,W012,RemoveHoles,step_started,started,38.70967741935484,12,31
cp_tutorial_3d_monolayer,4,12,1791413324.3849394,2919501,worker_2,W011,Threshold,pattern_group,running,100.0,1,1
cp_tutorial_3d_monolayer,4,12,1791413324.3852046,2919501,worker_2,W011,Threshold,step_completed,success,35.483870967741936,11,31
cp_tutorial_3d_monolayer,4,12,1791413324.3855495,2919501,worker_2,W011,ImageMath,step_started,started,35.483870967741936,11,31
cp_tutorial_3d_monolayer,4,12,1791413324.420847,2919501,worker_2,W011,ImageMath,pattern_group,running,100.0,1,1
cp_tutorial_3d_monolayer,4,12,1791413324.4210145,2919501,worker_2,W011,ImageMath,step_completed,success,38.70967741935484,12,31
cp_tutorial_3d_monolayer,4,12,1791413324.4215307,2919501,worker_2,W011,RemoveHoles,step_started,started,38.70967741935484,12,31
cp_tutorial_3d_monolayer,4,12,1791413324.4397533,2919503,worker_3,W012,RemoveHoles,pattern_group,running,100.0,1,1
cp_tutorial_3d_monolayer,4,12,1791413324.439927,2919503,worker_3,W012,RemoveHoles,step_completed,success,41.935483870967744,13,31
cp_tutorial_3d_monolayer,4,12,1791413324.4404533,2919503,worker_3,W012,ImageMath,step_started,started,41.935483870967744,13,31
cp_tutorial_3d_monolayer,4,12,1791413324.523602,2919501,worker_2,W011,RemoveHoles,pattern_group,running,100.0,1,1
cp_tutorial_3d_monolayer,4,12,1791413324.5237792,2919501,worker_2,W011,RemoveHoles,step_completed,success,41.935483870967744,13,31
cp_tutorial_3d_monolayer,4,12,1791413324.5242884,2919501,worker_2,W011,ImageMath,step_started,started,41.935483870967744,13,31
cp_tutorial_3d_monolayer,4,12,1791413324.5446174,2919499,worker_1,W010,ImageMath,pattern_group,running,100.0,1,1
cp_tutorial_3d_monolayer,4,12,1791413324.5448043,2919499,worker_1,W010,ImageMath,step_completed,success,45.16129032258064,14,31
cp_tutorial_3d_monolayer,4,12,1791413324.5451922,2919499,worker_1,W010,Resize,step_started,started,45.16129032258064,14,31
cp_tutorial_3d_monolayer,4,12,1791413324.6094549,2919497,worker_0,W009,ImageMath,pattern_group,running,100.0,1,1
cp_tutorial_3d_monolayer,4,12,1791413324.6096358,2919497,worker_0,W009,ImageMath,step_completed,success,45.16129032258064,14,31
cp_tutorial_3d_monolayer,4,12,1791413324.6100063,2919497,worker_0,W009,Resize,step_started,started,45.16129032258064,14,31
cp_tutorial_3d_monolayer,4,12,1791413324.6079075,2919499,worker_1,W010,Resize,pattern_group,running,100.0,1,1
cp_tutorial_3d_monolayer,4,12,1791413324.608057,2919499,worker_1,W010,Resize,step_completed,success,48.38709677419355,15,31
cp_tutorial_3d_monolayer,4,12,1791413324.6129546,2919499,worker_1,W010,Closing,step_started,started,48.38709677419355,15,31
cp_tutorial_3d_monolayer,4,12,1791413324.674555,2919497,worker_0,W009,Resize,pattern_group,running,100.0,1,1
cp_tutorial_3d_monolayer,4,12,1791413324.6747124,2919497,worker_0,W009,Resize,step_completed,success,48.38709677419355,15,31
cp_tutorial_3d_monolayer,4,12,1791413324.6786616,2919497,worker_0,W009,Closing,step_started,started,48.38709677419355,15,31
cp_tutorial_3d_monolayer,4,12,1791413324.6998906,2919499,worker_1,W010,Closing,pattern_group,running,100.0,1,1
cp_tutorial_3d_monolayer,4,12,1791413324.7000456,2919499,worker_1,W010,Closing,step_completed,success,51.61290322580645,16,31
cp_tutorial_3d_monolayer,4,12,1791413324.700563,2919499,worker_1,W010,Resize,step_started,started,51.61290322580645,16,31
cp_tutorial_3d_monolayer,4,12,1791413324.7516794,2919499,worker_1,W010,Resize,pattern_group,running,100.0,1,1
cp_tutorial_3d_monolayer,4,12,1791413324.7518451,2919499,worker_1,W010,Resize,step_completed,success,54.83870967741935,17,31
cp_tutorial_3d_monolayer,4,12,1791413324.7523568,2919499,worker_1,W010,Threshold,step_started,started,54.83870967741935,17,31
cp_tutorial_3d_monolayer,4,12,1791413324.7535949,2919503,worker_3,W012,ImageMath,pattern_group,running,100.0,1,1
cp_tutorial_3d_monolayer,4,12,1791413324.7537796,2919503,worker_3,W012,ImageMath,step_completed,success,45.16129032258064,14,31
cp_tutorial_3d_monolayer,4,12,1791413324.7541685,2919503,worker_3,W012,Resize,step_started,started,45.16129032258064,14,31
cp_tutorial_3d_monolayer,4,12,1791413324.7644122,2919497,worker_0,W009,Closing,pattern_group,running,100.0,1,1
cp_tutorial_3d_monolayer,4,12,1791413324.7646575,2919497,worker_0,W009,Closing,step_completed,success,51.61290322580645,16,31
cp_tutorial_3d_monolayer,4,12,1791413324.7652504,2919497,worker_0,W009,Resize,step_started,started,51.61290322580645,16,31
cp_tutorial_3d_monolayer,4,12,1791413324.8167667,2919497,worker_0,W009,Resize,pattern_group,running,100.0,1,1
cp_tutorial_3d_monolayer,4,12,1791413324.8169158,2919497,worker_0,W009,Resize,step_completed,success,54.83870967741935,17,31
cp_tutorial_3d_monolayer,4,12,1791413324.8174393,2919497,worker_0,W009,Threshold,step_started,started,54.83870967741935,17,31
cp_tutorial_3d_monolayer,4,12,1791413324.8187704,2919503,worker_3,W012,Resize,pattern_group,running,100.0,1,1
cp_tutorial_3d_monolayer,4,12,1791413324.8189378,2919503,worker_3,W012,Resize,step_completed,success,48.38709677419355,15,31
cp_tutorial_3d_monolayer,4,12,1791413324.8232381,2919503,worker_3,W012,Closing,step_started,started,48.38709677419355,15,31
cp_tutorial_3d_monolayer,4,12,1791413324.8523622,2919501,worker_2,W011,ImageMath,pattern_group,running,100.0,1,1
cp_tutorial_3d_monolayer,4,12,1791413324.8525412,2919501,worker_2,W011,ImageMath,step_completed,success,45.16129032258064,14,31
cp_tutorial_3d_monolayer,4,12,1791413324.8529687,2919501,worker_2,W011,Resize,step_started,started,45.16129032258064,14,31
cp_tutorial_3d_monolayer,4,12,1791413324.8939059,2919499,worker_1,W010,Threshold,pattern_group,running,100.0,1,1
cp_tutorial_3d_monolayer,4,12,1791413324.8941963,2919499,worker_1,W010,Threshold,step_completed,success,58.06451612903226,18,31
cp_tutorial_3d_monolayer,4,12,1791413324.894778,2919499,worker_1,W010,MaskImage,step_started,started,58.06451612903226,18,31
cp_tutorial_3d_monolayer,4,12,1791413324.908238,2919503,worker_3,W012,Closing,pattern_group,running,100.0,1,1
cp_tutorial_3d_monolayer,4,12,1791413324.908416,2919503,worker_3,W012,Closing,step_completed,success,51.61290322580645,16,31
cp_tutorial_3d_monolayer,4,12,1791413324.9089527,2919503,worker_3,W012,Resize,step_started,started,51.61290322580645,16,31
cp_tutorial_3d_monolayer,4,12,1791413324.9195738,2919501,worker_2,W011,Resize,pattern_group,running,100.0,1,1
cp_tutorial_3d_monolayer,4,12,1791413324.9197202,2919501,worker_2,W011,Resize,step_completed,success,48.38709677419355,15,31
cp_tutorial_3d_monolayer,4,12,1791413324.9240026,2919501,worker_2,W011,Closing,step_started,started,48.38709677419355,15,31
cp_tutorial_3d_monolayer,4,12,1791413324.9489367,2919499,worker_1,W010,MaskImage,pattern_group,running,100.0,1,1
cp_tutorial_3d_monolayer,4,12,1791413324.9491339,2919499,worker_1,W010,MaskImage,step_completed,success,61.29032258064516,19,31
cp_tutorial_3d_monolayer,4,12,1791413324.9498274,2919499,worker_1,W010,ErodeImage,step_started,started,61.29032258064516,19,31
cp_tutorial_3d_monolayer,4,12,1791413324.956037,2919497,worker_0,W009,Threshold,pattern_group,running,100.0,1,1
cp_tutorial_3d_monolayer,4,12,1791413324.956314,2919497,worker_0,W009,Threshold,step_completed,success,58.06451612903226,18,31
cp_tutorial_3d_monolayer,4,12,1791413324.9568615,2919497,worker_0,W009,MaskImage,step_started,started,58.06451612903226,18,31
cp_tutorial_3d_monolayer,4,12,1791413324.9610212,2919503,worker_3,W012,Resize,pattern_group,running,100.0,1,1
cp_tutorial_3d_monolayer,4,12,1791413324.961194,2919503,worker_3,W012,Resize,step_completed,success,54.83870967741935,17,31
cp_tutorial_3d_monolayer,4,12,1791413324.9617388,2919503,worker_3,W012,Threshold,step_started,started,54.83870967741935,17,31
cp_tutorial_3d_monolayer,4,12,1791413324.9861648,2919499,worker_1,W010,ErodeImage,pattern_group,running,100.0,1,1
cp_tutorial_3d_monolayer,4,12,1791413324.9864523,2919499,worker_1,W010,ErodeImage,step_completed,success,64.51612903225806,20,31
cp_tutorial_3d_monolayer,4,12,1791413324.9871106,2919499,worker_1,W010,Watershed,step_started,started,64.51612903225806,20,31
cp_tutorial_3d_monolayer,4,12,1791413325.009678,2919497,worker_0,W009,MaskImage,pattern_group,running,100.0,1,1
cp_tutorial_3d_monolayer,4,12,1791413325.0099306,2919497,worker_0,W009,MaskImage,step_completed,success,61.29032258064516,19,31
cp_tutorial_3d_monolayer,4,12,1791413325.0106788,2919497,worker_0,W009,ErodeImage,step_started,started,61.29032258064516,19,31
cp_tutorial_3d_monolayer,4,12,1791413325.0216196,2919501,worker_2,W011,Closing,pattern_group,running,100.0,1,1
cp_tutorial_3d_monolayer,4,12,1791413325.0218508,2919501,worker_2,W011,Closing,step_completed,success,51.61290322580645,16,31
cp_tutorial_3d_monolayer,4,12,1791413325.022462,2919501,worker_2,W011,Resize,step_started,started,51.61290322580645,16,31
cp_tutorial_3d_monolayer,4,12,1791413325.0444887,2919497,worker_0,W009,ErodeImage,pattern_group,running,100.0,1,1
cp_tutorial_3d_monolayer,4,12,1791413325.044653,2919497,worker_0,W009,ErodeImage,step_completed,success,64.51612903225806,20,31
cp_tutorial_3d_monolayer,4,12,1791413325.0451782,2919497,worker_0,W009,Watershed,step_started,started,64.51612903225806,20,31
cp_tutorial_3d_monolayer,4,12,1791413325.0760827,2919501,worker_2,W011,Resize,pattern_group,running,100.0,1,1
cp_tutorial_3d_monolayer,4,12,1791413325.0762846,2919501,worker_2,W011,Resize,step_completed,success,54.83870967741935,17,31
cp_tutorial_3d_monolayer,4,12,1791413325.0768354,2919501,worker_2,W011,Threshold,step_started,started,54.83870967741935,17,31
cp_tutorial_3d_monolayer,4,12,1791413325.1064968,2919503,worker_3,W012,Threshold,pattern_group,running,100.0,1,1
cp_tutorial_3d_monolayer,4,12,1791413325.1068308,2919503,worker_3,W012,Threshold,step_completed,success,58.06451612903226,18,31
cp_tutorial_3d_monolayer,4,12,1791413325.1074648,2919503,worker_3,W012,MaskImage,step_started,started,58.06451612903226,18,31
cp_tutorial_3d_monolayer,4,12,1791413325.1430433,2919499,worker_1,W010,Watershed,pattern_group,running,100.0,1,1
cp_tutorial_3d_monolayer,4,12,1791413325.143507,2919499,worker_1,W010,Watershed,step_completed,success,67.74193548387096,21,31
cp_tutorial_3d_monolayer,4,12,1791413325.1441708,2919499,worker_1,W010,MeasureObjectIntensity,step_started,started,67.74193548387096,21,31
cp_tutorial_3d_monolayer,4,12,1791413325.1560457,2919503,worker_3,W012,MaskImage,pattern_group,running,100.0,1,1
cp_tutorial_3d_monolayer,4,12,1791413325.1562119,2919503,worker_3,W012,MaskImage,step_completed,success,61.29032258064516,19,31
cp_tutorial_3d_monolayer,4,12,1791413325.156843,2919503,worker_3,W012,ErodeImage,step_started,started,61.29032258064516,19,31
cp_tutorial_3d_monolayer,4,12,1791413325.1871357,2919497,worker_0,W009,Watershed,pattern_group,running,100.0,1,1
cp_tutorial_3d_monolayer,4,12,1791413325.1875582,2919497,worker_0,W009,Watershed,step_completed,success,67.74193548387096,21,31
cp_tutorial_3d_monolayer,4,12,1791413325.1881473,2919497,worker_0,W009,MeasureObjectIntensity,step_started,started,67.74193548387096,21,31
cp_tutorial_3d_monolayer,4,12,1791413325.1916926,2919503,worker_3,W012,ErodeImage,pattern_group,running,100.0,1,1
cp_tutorial_3d_monolayer,4,12,1791413325.1918428,2919503,worker_3,W012,ErodeImage,step_completed,success,64.51612903225806,20,31
cp_tutorial_3d_monolayer,4,12,1791413325.192372,2919503,worker_3,W012,Watershed,step_started,started,64.51612903225806,20,31
cp_tutorial_3d_monolayer,4,12,1791413325.224554,2919501,worker_2,W011,Threshold,pattern_group,running,100.0,1,1
cp_tutorial_3d_monolayer,4,12,1791413325.2248676,2919501,worker_2,W011,Threshold,step_completed,success,58.06451612903226,18,31
cp_tutorial_3d_monolayer,4,12,1791413325.2254548,2919501,worker_2,W011,MaskImage,step_started,started,58.06451612903226,18,31
cp_tutorial_3d_monolayer,4,12,1791413325.2728324,2919501,worker_2,W011,MaskImage,pattern_group,running,100.0,1,1
cp_tutorial_3d_monolayer,4,12,1791413325.2730265,2919501,worker_2,W011,MaskImage,step_completed,success,61.29032258064516,19,31
cp_tutorial_3d_monolayer,4,12,1791413325.2737968,2919501,worker_2,W011,ErodeImage,step_started,started,61.29032258064516,19,31
cp_tutorial_3d_monolayer,4,12,1791413325.3071833,2919501,worker_2,W011,ErodeImage,pattern_group,running,100.0,1,1
cp_tutorial_3d_monolayer,4,12,1791413325.3073492,2919501,worker_2,W011,ErodeImage,step_completed,success,64.51612903225806,20,31
cp_tutorial_3d_monolayer,4,12,1791413325.3078868,2919501,worker_2,W011,Watershed,step_started,started,64.51612903225806,20,31
cp_tutorial_3d_monolayer,4,12,1791413325.3204808,2919503,worker_3,W012,Watershed,pattern_group,running,100.0,1,1
cp_tutorial_3d_monolayer,4,12,1791413325.3212404,2919503,worker_3,W012,Watershed,step_completed,success,67.74193548387096,21,31
cp_tutorial_3d_monolayer,4,12,1791413325.322051,2919503,worker_3,W012,MeasureObjectIntensity,step_started,started,67.74193548387096,21,31
cp_tutorial_3d_monolayer,4,12,1791413325.42768,2919501,worker_2,W011,Watershed,pattern_group,running,100.0,1,1
cp_tutorial_3d_monolayer,4,12,1791413325.4281166,2919501,worker_2,W011,Watershed,step_completed,success,67.74193548387096,21,31
cp_tutorial_3d_monolayer,4,12,1791413325.4289196,2919501,worker_2,W011,MeasureObjectIntensity,step_started,started,67.74193548387096,21,31
cp_tutorial_3d_monolayer,4,12,1791413325.434796,2919499,worker_1,W010,MeasureObjectIntensity,pattern_group,running,50.0,1,2
cp_tutorial_3d_monolayer,4,12,1791413325.4635804,2919497,worker_0,W009,MeasureObjectIntensity,pattern_group,running,50.0,1,2
cp_tutorial_3d_monolayer,4,12,1791413325.595596,2919503,worker_3,W012,MeasureObjectIntensity,pattern_group,running,50.0,1,2
cp_tutorial_3d_monolayer,4,12,1791413325.7095397,2919501,worker_2,W011,MeasureObjectIntensity,pattern_group,running,50.0,1,2
cp_tutorial_3d_monolayer,4,12,1791413325.7482681,2919499,worker_1,W010,MeasureObjectIntensity,pattern_group,running,100.0,2,2
cp_tutorial_3d_monolayer,4,12,1791413325.7505746,2919499,worker_1,W010,MeasureObjectIntensity,step_completed,success,70.96774193548387,22,31
cp_tutorial_3d_monolayer,4,12,1791413325.7509568,2919499,worker_1,W010,MeasureObjectSizeShape,step_started,started,70.96774193548387,22,31
cp_tutorial_3d_monolayer,4,12,1791413325.8023107,2919497,worker_0,W009,MeasureObjectIntensity,pattern_group,running,100.0,2,2
cp_tutorial_3d_monolayer,4,12,1791413325.8045483,2919497,worker_0,W009,MeasureObjectIntensity,step_completed,success,70.96774193548387,22,31
cp_tutorial_3d_monolayer,4,12,1791413325.8049443,2919497,worker_0,W009,MeasureObjectSizeShape,step_started,started,70.96774193548387,22,31
cp_tutorial_3d_monolayer,4,12,1791413325.8466408,2919499,worker_1,W010,MeasureObjectSizeShape,pattern_group,running,50.0,1,2
cp_tutorial_3d_monolayer,4,12,1791413325.899449,2919497,worker_0,W009,MeasureObjectSizeShape,pattern_group,running,50.0,1,2
cp_tutorial_3d_monolayer,4,12,1791413325.9287148,2919503,worker_3,W012,MeasureObjectIntensity,pattern_group,running,100.0,2,2
cp_tutorial_3d_monolayer,4,12,1791413325.9312458,2919503,worker_3,W012,MeasureObjectIntensity,step_completed,success,70.96774193548387,22,31
cp_tutorial_3d_monolayer,4,12,1791413325.9316828,2919503,worker_3,W012,MeasureObjectSizeShape,step_started,started,70.96774193548387,22,31
cp_tutorial_3d_monolayer,4,12,1791413325.94831,2919499,worker_1,W010,MeasureObjectSizeShape,pattern_group,running,100.0,2,2
cp_tutorial_3d_monolayer,4,12,1791413325.9490223,2919499,worker_1,W010,MeasureObjectSizeShape,step_completed,success,74.19354838709677,23,31
cp_tutorial_3d_monolayer,4,12,1791413325.9494483,2919499,worker_1,W010,OverlayObjects,step_started,started,74.19354838709677,23,31
cp_tutorial_3d_monolayer,4,12,1791413325.970208,2919499,worker_1,W010,OverlayObjects,pattern_group,running,100.0,1,1
cp_tutorial_3d_monolayer,4,12,1791413325.970338,2919499,worker_1,W010,OverlayObjects,step_completed,success,77.41935483870968,24,31
cp_tutorial_3d_monolayer,4,12,1791413325.9709332,2919499,worker_1,W010,RescaleIntensity,step_started,started,77.41935483870968,24,31
cp_tutorial_3d_monolayer,4,12,1791413326.0047145,2919497,worker_0,W009,MeasureObjectSizeShape,pattern_group,running,100.0,2,2
cp_tutorial_3d_monolayer,4,12,1791413326.005609,2919497,worker_0,W009,MeasureObjectSizeShape,step_completed,success,74.19354838709677,23,31
cp_tutorial_3d_monolayer,4,12,1791413326.0061064,2919497,worker_0,W009,OverlayObjects,step_started,started,74.19354838709677,23,31
cp_tutorial_3d_monolayer,4,12,1791413326.027733,2919497,worker_0,W009,OverlayObjects,pattern_group,running,100.0,1,1
cp_tutorial_3d_monolayer,4,12,1791413326.0278609,2919497,worker_0,W009,OverlayObjects,step_completed,success,77.41935483870968,24,31
cp_tutorial_3d_monolayer,4,12,1791413326.0284746,2919497,worker_0,W009,RescaleIntensity,step_started,started,77.41935483870968,24,31
cp_tutorial_3d_monolayer,4,12,1791413326.0291245,2919503,worker_3,W012,MeasureObjectSizeShape,pattern_group,running,50.0,1,2
cp_tutorial_3d_monolayer,4,12,1791413326.0414393,2919501,worker_2,W011,MeasureObjectIntensity,pattern_group,running,100.0,2,2
cp_tutorial_3d_monolayer,4,12,1791413326.0437086,2919501,worker_2,W011,MeasureObjectIntensity,step_completed,success,70.96774193548387,22,31
cp_tutorial_3d_monolayer,4,12,1791413326.0441298,2919501,worker_2,W011,MeasureObjectSizeShape,step_started,started,70.96774193548387,22,31
cp_tutorial_3d_monolayer,4,12,1791413326.081516,2919499,worker_1,W010,RescaleIntensity,pattern_group,running,100.0,1,1
cp_tutorial_3d_monolayer,4,12,1791413326.0816615,2919499,worker_1,W010,RescaleIntensity,step_completed,success,80.64516129032258,25,31
cp_tutorial_3d_monolayer,4,12,1791413326.082018,2919499,worker_1,W010,OverlayObjects,step_started,started,80.64516129032258,25,31
cp_tutorial_3d_monolayer,4,12,1791413326.1008189,2919499,worker_1,W010,OverlayObjects,pattern_group,running,100.0,1,1
cp_tutorial_3d_monolayer,4,12,1791413326.1009312,2919499,worker_1,W010,OverlayObjects,step_completed,success,83.87096774193549,26,31
cp_tutorial_3d_monolayer,4,12,1791413326.1015372,2919499,worker_1,W010,ConvertObjectsToImage,step_started,started,83.87096774193549,26,31
cp_tutorial_3d_monolayer,4,12,1791413326.127298,2919503,worker_3,W012,MeasureObjectSizeShape,pattern_group,running,100.0,2,2
cp_tutorial_3d_monolayer,4,12,1791413326.1278775,2919503,worker_3,W012,MeasureObjectSizeShape,step_completed,success,74.19354838709677,23,31
cp_tutorial_3d_monolayer,4,12,1791413326.1282494,2919503,worker_3,W012,OverlayObjects,step_started,started,74.19354838709677,23,31
cp_tutorial_3d_monolayer,4,12,1791413326.1319497,2919497,worker_0,W009,RescaleIntensity,pattern_group,running,100.0,1,1
cp_tutorial_3d_monolayer,4,12,1791413326.132107,2919497,worker_0,W009,RescaleIntensity,step_completed,success,80.64516129032258,25,31
cp_tutorial_3d_monolayer,4,12,1791413326.1325128,2919497,worker_0,W009,OverlayObjects,step_started,started,80.64516129032258,25,31
cp_tutorial_3d_monolayer,4,12,1791413326.135044,2919501,worker_2,W011,MeasureObjectSizeShape,pattern_group,running,50.0,1,2
cp_tutorial_3d_monolayer,4,12,1791413326.1376047,2919499,worker_1,W010,ConvertObjectsToImage,pattern_group,running,100.0,1,1
cp_tutorial_3d_monolayer,4,12,1791413326.1390378,2919499,worker_1,W010,ConvertObjectsToImage,step_completed,success,87.09677419354838,27,31
cp_tutorial_3d_monolayer,4,12,1791413326.1399517,2919499,worker_1,W010,SaveImages,step_started,started,87.09677419354838,27,31
cp_tutorial_3d_monolayer,4,12,1791413326.1504724,2919503,worker_3,W012,OverlayObjects,pattern_group,running,100.0,1,1
cp_tutorial_3d_monolayer,4,12,1791413326.1512902,2919503,worker_3,W012,OverlayObjects,step_completed,success,77.41935483870968,24,31
cp_tutorial_3d_monolayer,4,12,1791413326.1519864,2919503,worker_3,W012,RescaleIntensity,step_started,started,77.41935483870968,24,31
cp_tutorial_3d_monolayer,4,12,1791413326.157416,2919497,worker_0,W009,OverlayObjects,pattern_group,running,100.0,1,1
cp_tutorial_3d_monolayer,4,12,1791413326.1575332,2919497,worker_0,W009,OverlayObjects,step_completed,success,83.87096774193549,26,31
cp_tutorial_3d_monolayer,4,12,1791413326.1581311,2919497,worker_0,W009,ConvertObjectsToImage,step_started,started,83.87096774193549,26,31
cp_tutorial_3d_monolayer,4,12,1791413326.1941278,2919497,worker_0,W009,ConvertObjectsToImage,pattern_group,running,100.0,1,1
cp_tutorial_3d_monolayer,4,12,1791413326.1942947,2919497,worker_0,W009,ConvertObjectsToImage,step_completed,success,87.09677419354838,27,31
cp_tutorial_3d_monolayer,4,12,1791413326.1948864,2919497,worker_0,W009,SaveImages,step_started,started,87.09677419354838,27,31
cp_tutorial_3d_monolayer,4,12,1791413326.2047074,2919499,worker_1,W010,SaveImages,pattern_group,running,100.0,1,1
cp_tutorial_3d_monolayer,4,12,1791413326.211489,2919499,worker_1,W010,SaveImages,step_completed,success,90.32258064516128,28,31
cp_tutorial_3d_monolayer,4,12,1791413326.2122858,2919499,worker_1,W010,ConvertObjectsToImage,step_started,started,90.32258064516128,28,31
cp_tutorial_3d_monolayer,4,12,1791413326.2398083,2919501,worker_2,W011,MeasureObjectSizeShape,pattern_group,running,100.0,2,2
cp_tutorial_3d_monolayer,4,12,1791413326.2406013,2919501,worker_2,W011,MeasureObjectSizeShape,step_completed,success,74.19354838709677,23,31
cp_tutorial_3d_monolayer,4,12,1791413326.2411108,2919501,worker_2,W011,OverlayObjects,step_started,started,74.19354838709677,23,31
cp_tutorial_3d_monolayer,4,12,1791413326.2467659,2919497,worker_0,W009,SaveImages,pattern_group,running,100.0,1,1
cp_tutorial_3d_monolayer,4,12,1791413326.251091,2919499,worker_1,W010,ConvertObjectsToImage,pattern_group,running,100.0,1,1
cp_tutorial_3d_monolayer,4,12,1791413326.251367,2919499,worker_1,W010,ConvertObjectsToImage,step_completed,success,93.54838709677419,29,31
cp_tutorial_3d_monolayer,4,12,1791413326.2520912,2919499,worker_1,W010,SaveImages,step_started,started,93.54838709677419,29,31
cp_tutorial_3d_monolayer,4,12,1791413326.2540836,2919503,worker_3,W012,RescaleIntensity,pattern_group,running,100.0,1,1
cp_tutorial_3d_monolayer,4,12,1791413326.2543294,2919503,worker_3,W012,RescaleIntensity,step_completed,success,80.64516129032258,25,31
cp_tutorial_3d_monolayer,4,12,1791413326.2547507,2919503,worker_3,W012,OverlayObjects,step_started,started,80.64516129032258,25,31
cp_tutorial_3d_monolayer,4,12,1791413326.2559867,2919497,worker_0,W009,SaveImages,step_completed,success,90.32258064516128,28,31
cp_tutorial_3d_monolayer,4,12,1791413326.256787,2919497,worker_0,W009,ConvertObjectsToImage,step_started,started,90.32258064516128,28,31
cp_tutorial_3d_monolayer,4,12,1791413326.2617743,2919501,worker_2,W011,OverlayObjects,pattern_group,running,100.0,1,1
cp_tutorial_3d_monolayer,4,12,1791413326.262089,2919501,worker_2,W011,OverlayObjects,step_completed,success,77.41935483870968,24,31
cp_tutorial_3d_monolayer,4,12,1791413326.2629342,2919501,worker_2,W011,RescaleIntensity,step_started,started,77.41935483870968,24,31
cp_tutorial_3d_monolayer,4,12,1791413326.2772577,2919503,worker_3,W012,OverlayObjects,pattern_group,running,100.0,1,1
cp_tutorial_3d_monolayer,4,12,1791413326.277392,2919503,worker_3,W012,OverlayObjects,step_completed,success,83.87096774193549,26,31
cp_tutorial_3d_monolayer,4,12,1791413326.2780035,2919503,worker_3,W012,ConvertObjectsToImage,step_started,started,83.87096774193549,26,31
cp_tutorial_3d_monolayer,4,12,1791413326.2955444,2919497,worker_0,W009,ConvertObjectsToImage,pattern_group,running,100.0,1,1
cp_tutorial_3d_monolayer,4,12,1791413326.2957284,2919497,worker_0,W009,ConvertObjectsToImage,step_completed,success,93.54838709677419,29,31
cp_tutorial_3d_monolayer,4,12,1791413326.2963228,2919497,worker_0,W009,SaveImages,step_started,started,93.54838709677419,29,31
cp_tutorial_3d_monolayer,4,12,1791413326.3116236,2919503,worker_3,W012,ConvertObjectsToImage,pattern_group,running,100.0,1,1
cp_tutorial_3d_monolayer,4,12,1791413326.3117695,2919503,worker_3,W012,ConvertObjectsToImage,step_completed,success,87.09677419354838,27,31
cp_tutorial_3d_monolayer,4,12,1791413326.3123765,2919503,worker_3,W012,SaveImages,step_started,started,87.09677419354838,27,31
cp_tutorial_3d_monolayer,4,12,1791413326.3119361,2919499,worker_1,W010,SaveImages,pattern_group,running,100.0,1,1
cp_tutorial_3d_monolayer,4,12,1791413326.3198614,2919499,worker_1,W010,SaveImages,step_completed,success,96.7741935483871,30,31
cp_tutorial_3d_monolayer,4,12,1791413326.3275018,2919499,worker_1,W010,pipeline,axis_completed,success,96.7741935483871,30,31
cp_tutorial_3d_monolayer,4,12,1791413326.3465798,2919497,worker_0,W009,SaveImages,pattern_group,running,100.0,1,1
cp_tutorial_3d_monolayer,4,12,1791413326.355482,2919497,worker_0,W009,SaveImages,step_completed,success,96.7741935483871,30,31
cp_tutorial_3d_monolayer,4,12,1791413326.361893,2919497,worker_0,W009,pipeline,axis_completed,success,96.7741935483871,30,31
cp_tutorial_3d_monolayer,4,12,1791413326.3619123,2919503,worker_3,W012,SaveImages,pattern_group,running,100.0,1,1
cp_tutorial_3d_monolayer,4,12,1791413326.363598,2919501,worker_2,W011,RescaleIntensity,pattern_group,running,100.0,1,1
cp_tutorial_3d_monolayer,4,12,1791413326.3637328,2919501,worker_2,W011,RescaleIntensity,step_completed,success,80.64516129032258,25,31
cp_tutorial_3d_monolayer,4,12,1791413326.3687506,2919503,worker_3,W012,SaveImages,step_completed,success,90.32258064516128,28,31
cp_tutorial_3d_monolayer,4,12,1791413326.369487,2919503,worker_3,W012,ConvertObjectsToImage,step_started,started,90.32258064516128,28,31
cp_tutorial_3d_monolayer,4,12,1791413326.3640916,2919501,worker_2,W011,OverlayObjects,step_started,started,80.64516129032258,25,31
cp_tutorial_3d_monolayer,4,12,1791413326.3844516,2919501,worker_2,W011,OverlayObjects,pattern_group,running,100.0,1,1
cp_tutorial_3d_monolayer,4,12,1791413326.3845494,2919501,worker_2,W011,OverlayObjects,step_completed,success,83.87096774193549,26,31
cp_tutorial_3d_monolayer,4,12,1791413326.3851497,2919501,worker_2,W011,ConvertObjectsToImage,step_started,started,83.87096774193549,26,31
cp_tutorial_3d_monolayer,4,12,1791413326.4089735,2919503,worker_3,W012,ConvertObjectsToImage,pattern_group,running,100.0,1,1
cp_tutorial_3d_monolayer,4,12,1791413326.4091525,2919503,worker_3,W012,ConvertObjectsToImage,step_completed,success,93.54838709677419,29,31
cp_tutorial_3d_monolayer,4,12,1791413326.4097774,2919503,worker_3,W012,SaveImages,step_started,started,93.54838709677419,29,31
cp_tutorial_3d_monolayer,4,12,1791413326.4181085,2919501,worker_2,W011,ConvertObjectsToImage,pattern_group,running,100.0,1,1
cp_tutorial_3d_monolayer,4,12,1791413326.4182575,2919501,worker_2,W011,ConvertObjectsToImage,step_completed,success,87.09677419354838,27,31
cp_tutorial_3d_monolayer,4,12,1791413326.418852,2919501,worker_2,W011,SaveImages,step_started,started,87.09677419354838,27,31
cp_tutorial_3d_monolayer,4,12,1791413326.4597971,2919503,worker_3,W012,SaveImages,pattern_group,running,100.0,1,1
cp_tutorial_3d_monolayer,4,12,1791413326.466916,2919501,worker_2,W011,SaveImages,pattern_group,running,100.0,1,1
cp_tutorial_3d_monolayer,4,12,1791413326.466327,2919503,worker_3,W012,SaveImages,step_completed,success,96.7741935483871,30,31
cp_tutorial_3d_monolayer,4,12,1791413326.4731703,2919501,worker_2,W011,SaveImages,step_completed,success,90.32258064516128,28,31
cp_tutorial_3d_monolayer,4,12,1791413326.4738162,2919501,worker_2,W011,ConvertObjectsToImage,step_started,started,90.32258064516128,28,31
cp_tutorial_3d_monolayer,4,12,1791413326.4739618,2919503,worker_3,W012,pipeline,axis_completed,success,96.7741935483871,30,31
cp_tutorial_3d_monolayer,4,12,1791413326.5069306,2919501,worker_2,W011,ConvertObjectsToImage,pattern_group,running,100.0,1,1
cp_tutorial_3d_monolayer,4,12,1791413326.5071032,2919501,worker_2,W011,ConvertObjectsToImage,step_completed,success,93.54838709677419,29,31
cp_tutorial_3d_monolayer,4,12,1791413326.5077384,2919501,worker_2,W011,SaveImages,step_started,started,93.54838709677419,29,31
cp_tutorial_3d_monolayer,4,12,1791413326.555378,2919501,worker_2,W011,SaveImages,pattern_group,running,100.0,1,1
cp_tutorial_3d_monolayer,4,12,1791413326.5614405,2919501,worker_2,W011,SaveImages,step_completed,success,96.7741935483871,30,31
cp_tutorial_3d_monolayer,4,12,1791413326.569508,2919501,worker_2,W011,pipeline,axis_completed,success,96.7741935483871,30,31
cp_tutorial_3d_monolayer,4,12,1791413326.668647,2913443,,,ExportToSpreadsheet,step_started,started,96.7741935483871,30,31
cp_tutorial_3d_monolayer,4,12,1791413326.854789,2913443,,,ExportToSpreadsheet,step_completed,success,100.0,31,31
cp_tutorial_3d_monolayer,4,12,1791413327.1336348,2913443,,,pipeline,success,success,100.0,31,31
